[2024-11-11T02:24:38.632+0000] {processor.py:186} INFO - Started process (PID=76) to work on /home/airflow/.local/lib/python3.12/site-packages/airflow/example_dags/example_workday_timetable.py
[2024-11-11T02:24:38.633+0000] {processor.py:914} INFO - Processing file /home/airflow/.local/lib/python3.12/site-packages/airflow/example_dags/example_workday_timetable.py for tasks to queue
[2024-11-11T02:24:38.634+0000] {logging_mixin.py:190} INFO - [2024-11-11T02:24:38.634+0000] {dagbag.py:588} INFO - Filling up the DagBag from /home/airflow/.local/lib/python3.12/site-packages/airflow/example_dags/example_workday_timetable.py
[2024-11-11T02:24:38.638+0000] {processor.py:925} INFO - DAG(s) 'example_workday_timetable' retrieved from /home/airflow/.local/lib/python3.12/site-packages/airflow/example_dags/example_workday_timetable.py
[2024-11-11T02:24:38.688+0000] {logging_mixin.py:190} INFO - [2024-11-11T02:24:38.688+0000] {override.py:1911} INFO - Created Permission View: can edit on DAG:example_workday_timetable
[2024-11-11T02:24:38.693+0000] {logging_mixin.py:190} INFO - [2024-11-11T02:24:38.693+0000] {override.py:1911} INFO - Created Permission View: can read on DAG:example_workday_timetable
[2024-11-11T02:24:38.696+0000] {logging_mixin.py:190} INFO - [2024-11-11T02:24:38.696+0000] {override.py:1911} INFO - Created Permission View: can delete on DAG:example_workday_timetable
[2024-11-11T02:24:38.698+0000] {logging_mixin.py:190} INFO - [2024-11-11T02:24:38.698+0000] {override.py:1911} INFO - Created Permission View: can read on DAG Run:example_workday_timetable
[2024-11-11T02:24:38.701+0000] {logging_mixin.py:190} INFO - [2024-11-11T02:24:38.701+0000] {override.py:1911} INFO - Created Permission View: can create on DAG Run:example_workday_timetable
[2024-11-11T02:24:38.703+0000] {logging_mixin.py:190} INFO - [2024-11-11T02:24:38.703+0000] {override.py:1911} INFO - Created Permission View: can delete on DAG Run:example_workday_timetable
[2024-11-11T02:24:38.706+0000] {logging_mixin.py:190} INFO - [2024-11-11T02:24:38.706+0000] {override.py:1911} INFO - Created Permission View: menu access on DAG Run:example_workday_timetable
[2024-11-11T02:24:38.707+0000] {logging_mixin.py:190} INFO - [2024-11-11T02:24:38.707+0000] {dag.py:3239} INFO - Sync 1 DAGs
[2024-11-11T02:24:38.713+0000] {logging_mixin.py:190} INFO - [2024-11-11T02:24:38.713+0000] {dag.py:3262} INFO - Creating ORM DAG for example_workday_timetable
[2024-11-11T02:24:38.735+0000] {logging_mixin.py:190} INFO - [2024-11-11T02:24:38.735+0000] {dag.py:4180} INFO - Setting next_dagrun for example_workday_timetable to 2021-01-04 00:00:00+00:00, run_after=2021-01-05 00:00:00+00:00
[2024-11-11T02:24:38.743+0000] {processor.py:208} INFO - Processing /home/airflow/.local/lib/python3.12/site-packages/airflow/example_dags/example_workday_timetable.py took 0.115 seconds
[2024-11-11T02:25:08.909+0000] {processor.py:186} INFO - Started process (PID=139) to work on /home/airflow/.local/lib/python3.12/site-packages/airflow/example_dags/example_workday_timetable.py
[2024-11-11T02:25:08.910+0000] {processor.py:914} INFO - Processing file /home/airflow/.local/lib/python3.12/site-packages/airflow/example_dags/example_workday_timetable.py for tasks to queue
[2024-11-11T02:25:08.912+0000] {logging_mixin.py:190} INFO - [2024-11-11T02:25:08.911+0000] {dagbag.py:588} INFO - Filling up the DagBag from /home/airflow/.local/lib/python3.12/site-packages/airflow/example_dags/example_workday_timetable.py
[2024-11-11T02:25:08.915+0000] {processor.py:925} INFO - DAG(s) 'example_workday_timetable' retrieved from /home/airflow/.local/lib/python3.12/site-packages/airflow/example_dags/example_workday_timetable.py
[2024-11-11T02:25:08.925+0000] {logging_mixin.py:190} INFO - [2024-11-11T02:25:08.925+0000] {dag.py:3239} INFO - Sync 1 DAGs
[2024-11-11T02:25:08.952+0000] {logging_mixin.py:190} INFO - [2024-11-11T02:25:08.951+0000] {dag.py:4180} INFO - Setting next_dagrun for example_workday_timetable to 2021-01-04 00:00:00+00:00, run_after=2021-01-05 00:00:00+00:00
[2024-11-11T02:25:08.961+0000] {processor.py:208} INFO - Processing /home/airflow/.local/lib/python3.12/site-packages/airflow/example_dags/example_workday_timetable.py took 0.055 seconds
[2024-11-11T02:25:39.667+0000] {processor.py:186} INFO - Started process (PID=202) to work on /home/airflow/.local/lib/python3.12/site-packages/airflow/example_dags/example_workday_timetable.py
[2024-11-11T02:25:39.668+0000] {processor.py:914} INFO - Processing file /home/airflow/.local/lib/python3.12/site-packages/airflow/example_dags/example_workday_timetable.py for tasks to queue
[2024-11-11T02:25:39.670+0000] {logging_mixin.py:190} INFO - [2024-11-11T02:25:39.669+0000] {dagbag.py:588} INFO - Filling up the DagBag from /home/airflow/.local/lib/python3.12/site-packages/airflow/example_dags/example_workday_timetable.py
[2024-11-11T02:25:39.673+0000] {processor.py:925} INFO - DAG(s) 'example_workday_timetable' retrieved from /home/airflow/.local/lib/python3.12/site-packages/airflow/example_dags/example_workday_timetable.py
[2024-11-11T02:25:39.683+0000] {logging_mixin.py:190} INFO - [2024-11-11T02:25:39.683+0000] {dag.py:3239} INFO - Sync 1 DAGs
[2024-11-11T02:25:39.712+0000] {logging_mixin.py:190} INFO - [2024-11-11T02:25:39.712+0000] {dag.py:4180} INFO - Setting next_dagrun for example_workday_timetable to 2021-01-04 00:00:00+00:00, run_after=2021-01-05 00:00:00+00:00
[2024-11-11T02:25:39.721+0000] {processor.py:208} INFO - Processing /home/airflow/.local/lib/python3.12/site-packages/airflow/example_dags/example_workday_timetable.py took 0.058 seconds
[2024-11-11T02:26:10.315+0000] {processor.py:186} INFO - Started process (PID=265) to work on /home/airflow/.local/lib/python3.12/site-packages/airflow/example_dags/example_workday_timetable.py
[2024-11-11T02:26:10.315+0000] {processor.py:914} INFO - Processing file /home/airflow/.local/lib/python3.12/site-packages/airflow/example_dags/example_workday_timetable.py for tasks to queue
[2024-11-11T02:26:10.317+0000] {logging_mixin.py:190} INFO - [2024-11-11T02:26:10.317+0000] {dagbag.py:588} INFO - Filling up the DagBag from /home/airflow/.local/lib/python3.12/site-packages/airflow/example_dags/example_workday_timetable.py
[2024-11-11T02:26:10.320+0000] {processor.py:925} INFO - DAG(s) 'example_workday_timetable' retrieved from /home/airflow/.local/lib/python3.12/site-packages/airflow/example_dags/example_workday_timetable.py
[2024-11-11T02:26:10.330+0000] {logging_mixin.py:190} INFO - [2024-11-11T02:26:10.330+0000] {dag.py:3239} INFO - Sync 1 DAGs
[2024-11-11T02:26:10.357+0000] {logging_mixin.py:190} INFO - [2024-11-11T02:26:10.357+0000] {dag.py:4180} INFO - Setting next_dagrun for example_workday_timetable to 2021-01-04 00:00:00+00:00, run_after=2021-01-05 00:00:00+00:00
[2024-11-11T02:26:10.366+0000] {processor.py:208} INFO - Processing /home/airflow/.local/lib/python3.12/site-packages/airflow/example_dags/example_workday_timetable.py took 0.054 seconds
[2024-11-11T02:26:40.929+0000] {processor.py:186} INFO - Started process (PID=328) to work on /home/airflow/.local/lib/python3.12/site-packages/airflow/example_dags/example_workday_timetable.py
[2024-11-11T02:26:40.930+0000] {processor.py:914} INFO - Processing file /home/airflow/.local/lib/python3.12/site-packages/airflow/example_dags/example_workday_timetable.py for tasks to queue
[2024-11-11T02:26:40.931+0000] {logging_mixin.py:190} INFO - [2024-11-11T02:26:40.931+0000] {dagbag.py:588} INFO - Filling up the DagBag from /home/airflow/.local/lib/python3.12/site-packages/airflow/example_dags/example_workday_timetable.py
[2024-11-11T02:26:40.935+0000] {processor.py:925} INFO - DAG(s) 'example_workday_timetable' retrieved from /home/airflow/.local/lib/python3.12/site-packages/airflow/example_dags/example_workday_timetable.py
[2024-11-11T02:26:40.945+0000] {logging_mixin.py:190} INFO - [2024-11-11T02:26:40.945+0000] {dag.py:3239} INFO - Sync 1 DAGs
[2024-11-11T02:26:40.972+0000] {logging_mixin.py:190} INFO - [2024-11-11T02:26:40.971+0000] {dag.py:4180} INFO - Setting next_dagrun for example_workday_timetable to 2021-01-04 00:00:00+00:00, run_after=2021-01-05 00:00:00+00:00
[2024-11-11T02:26:40.980+0000] {processor.py:208} INFO - Processing /home/airflow/.local/lib/python3.12/site-packages/airflow/example_dags/example_workday_timetable.py took 0.055 seconds
[2024-11-11T02:27:11.523+0000] {processor.py:186} INFO - Started process (PID=391) to work on /home/airflow/.local/lib/python3.12/site-packages/airflow/example_dags/example_workday_timetable.py
[2024-11-11T02:27:11.523+0000] {processor.py:914} INFO - Processing file /home/airflow/.local/lib/python3.12/site-packages/airflow/example_dags/example_workday_timetable.py for tasks to queue
[2024-11-11T02:27:11.525+0000] {logging_mixin.py:190} INFO - [2024-11-11T02:27:11.524+0000] {dagbag.py:588} INFO - Filling up the DagBag from /home/airflow/.local/lib/python3.12/site-packages/airflow/example_dags/example_workday_timetable.py
[2024-11-11T02:27:11.528+0000] {processor.py:925} INFO - DAG(s) 'example_workday_timetable' retrieved from /home/airflow/.local/lib/python3.12/site-packages/airflow/example_dags/example_workday_timetable.py
[2024-11-11T02:27:11.538+0000] {logging_mixin.py:190} INFO - [2024-11-11T02:27:11.538+0000] {dag.py:3239} INFO - Sync 1 DAGs
[2024-11-11T02:27:11.565+0000] {logging_mixin.py:190} INFO - [2024-11-11T02:27:11.565+0000] {dag.py:4180} INFO - Setting next_dagrun for example_workday_timetable to 2021-01-04 00:00:00+00:00, run_after=2021-01-05 00:00:00+00:00
[2024-11-11T02:27:11.574+0000] {processor.py:208} INFO - Processing /home/airflow/.local/lib/python3.12/site-packages/airflow/example_dags/example_workday_timetable.py took 0.055 seconds
[2024-11-11T02:27:42.125+0000] {processor.py:186} INFO - Started process (PID=454) to work on /home/airflow/.local/lib/python3.12/site-packages/airflow/example_dags/example_workday_timetable.py
[2024-11-11T02:27:42.125+0000] {processor.py:914} INFO - Processing file /home/airflow/.local/lib/python3.12/site-packages/airflow/example_dags/example_workday_timetable.py for tasks to queue
[2024-11-11T02:27:42.127+0000] {logging_mixin.py:190} INFO - [2024-11-11T02:27:42.126+0000] {dagbag.py:588} INFO - Filling up the DagBag from /home/airflow/.local/lib/python3.12/site-packages/airflow/example_dags/example_workday_timetable.py
[2024-11-11T02:27:42.130+0000] {processor.py:925} INFO - DAG(s) 'example_workday_timetable' retrieved from /home/airflow/.local/lib/python3.12/site-packages/airflow/example_dags/example_workday_timetable.py
[2024-11-11T02:27:42.140+0000] {logging_mixin.py:190} INFO - [2024-11-11T02:27:42.140+0000] {dag.py:3239} INFO - Sync 1 DAGs
[2024-11-11T02:27:42.167+0000] {logging_mixin.py:190} INFO - [2024-11-11T02:27:42.166+0000] {dag.py:4180} INFO - Setting next_dagrun for example_workday_timetable to 2021-01-04 00:00:00+00:00, run_after=2021-01-05 00:00:00+00:00
[2024-11-11T02:27:42.175+0000] {processor.py:208} INFO - Processing /home/airflow/.local/lib/python3.12/site-packages/airflow/example_dags/example_workday_timetable.py took 0.054 seconds
[2024-11-11T02:28:12.809+0000] {processor.py:186} INFO - Started process (PID=517) to work on /home/airflow/.local/lib/python3.12/site-packages/airflow/example_dags/example_workday_timetable.py
[2024-11-11T02:28:12.810+0000] {processor.py:914} INFO - Processing file /home/airflow/.local/lib/python3.12/site-packages/airflow/example_dags/example_workday_timetable.py for tasks to queue
[2024-11-11T02:28:12.811+0000] {logging_mixin.py:190} INFO - [2024-11-11T02:28:12.811+0000] {dagbag.py:588} INFO - Filling up the DagBag from /home/airflow/.local/lib/python3.12/site-packages/airflow/example_dags/example_workday_timetable.py
[2024-11-11T02:28:12.815+0000] {processor.py:925} INFO - DAG(s) 'example_workday_timetable' retrieved from /home/airflow/.local/lib/python3.12/site-packages/airflow/example_dags/example_workday_timetable.py
[2024-11-11T02:28:12.824+0000] {logging_mixin.py:190} INFO - [2024-11-11T02:28:12.824+0000] {dag.py:3239} INFO - Sync 1 DAGs
[2024-11-11T02:28:12.851+0000] {logging_mixin.py:190} INFO - [2024-11-11T02:28:12.851+0000] {dag.py:4180} INFO - Setting next_dagrun for example_workday_timetable to 2021-01-04 00:00:00+00:00, run_after=2021-01-05 00:00:00+00:00
[2024-11-11T02:28:12.860+0000] {processor.py:208} INFO - Processing /home/airflow/.local/lib/python3.12/site-packages/airflow/example_dags/example_workday_timetable.py took 0.054 seconds
[2024-11-11T02:28:43.434+0000] {processor.py:186} INFO - Started process (PID=580) to work on /home/airflow/.local/lib/python3.12/site-packages/airflow/example_dags/example_workday_timetable.py
[2024-11-11T02:28:43.435+0000] {processor.py:914} INFO - Processing file /home/airflow/.local/lib/python3.12/site-packages/airflow/example_dags/example_workday_timetable.py for tasks to queue
[2024-11-11T02:28:43.436+0000] {logging_mixin.py:190} INFO - [2024-11-11T02:28:43.436+0000] {dagbag.py:588} INFO - Filling up the DagBag from /home/airflow/.local/lib/python3.12/site-packages/airflow/example_dags/example_workday_timetable.py
[2024-11-11T02:28:43.440+0000] {processor.py:925} INFO - DAG(s) 'example_workday_timetable' retrieved from /home/airflow/.local/lib/python3.12/site-packages/airflow/example_dags/example_workday_timetable.py
[2024-11-11T02:28:43.448+0000] {logging_mixin.py:190} INFO - [2024-11-11T02:28:43.448+0000] {dag.py:3239} INFO - Sync 1 DAGs
[2024-11-11T02:28:43.475+0000] {logging_mixin.py:190} INFO - [2024-11-11T02:28:43.475+0000] {dag.py:4180} INFO - Setting next_dagrun for example_workday_timetable to 2021-01-04 00:00:00+00:00, run_after=2021-01-05 00:00:00+00:00
[2024-11-11T02:28:43.484+0000] {processor.py:208} INFO - Processing /home/airflow/.local/lib/python3.12/site-packages/airflow/example_dags/example_workday_timetable.py took 0.052 seconds
[2024-11-11T02:29:14.088+0000] {processor.py:186} INFO - Started process (PID=643) to work on /home/airflow/.local/lib/python3.12/site-packages/airflow/example_dags/example_workday_timetable.py
[2024-11-11T02:29:14.089+0000] {processor.py:914} INFO - Processing file /home/airflow/.local/lib/python3.12/site-packages/airflow/example_dags/example_workday_timetable.py for tasks to queue
[2024-11-11T02:29:14.090+0000] {logging_mixin.py:190} INFO - [2024-11-11T02:29:14.090+0000] {dagbag.py:588} INFO - Filling up the DagBag from /home/airflow/.local/lib/python3.12/site-packages/airflow/example_dags/example_workday_timetable.py
[2024-11-11T02:29:14.094+0000] {processor.py:925} INFO - DAG(s) 'example_workday_timetable' retrieved from /home/airflow/.local/lib/python3.12/site-packages/airflow/example_dags/example_workday_timetable.py
[2024-11-11T02:29:14.105+0000] {logging_mixin.py:190} INFO - [2024-11-11T02:29:14.105+0000] {dag.py:3239} INFO - Sync 1 DAGs
[2024-11-11T02:29:14.132+0000] {logging_mixin.py:190} INFO - [2024-11-11T02:29:14.132+0000] {dag.py:4180} INFO - Setting next_dagrun for example_workday_timetable to 2021-01-04 00:00:00+00:00, run_after=2021-01-05 00:00:00+00:00
[2024-11-11T02:29:14.141+0000] {processor.py:208} INFO - Processing /home/airflow/.local/lib/python3.12/site-packages/airflow/example_dags/example_workday_timetable.py took 0.056 seconds
[2024-11-11T02:29:44.882+0000] {processor.py:186} INFO - Started process (PID=706) to work on /home/airflow/.local/lib/python3.12/site-packages/airflow/example_dags/example_workday_timetable.py
[2024-11-11T02:29:44.882+0000] {processor.py:914} INFO - Processing file /home/airflow/.local/lib/python3.12/site-packages/airflow/example_dags/example_workday_timetable.py for tasks to queue
[2024-11-11T02:29:44.884+0000] {logging_mixin.py:190} INFO - [2024-11-11T02:29:44.883+0000] {dagbag.py:588} INFO - Filling up the DagBag from /home/airflow/.local/lib/python3.12/site-packages/airflow/example_dags/example_workday_timetable.py
[2024-11-11T02:29:44.888+0000] {processor.py:925} INFO - DAG(s) 'example_workday_timetable' retrieved from /home/airflow/.local/lib/python3.12/site-packages/airflow/example_dags/example_workday_timetable.py
[2024-11-11T02:29:44.897+0000] {logging_mixin.py:190} INFO - [2024-11-11T02:29:44.897+0000] {dag.py:3239} INFO - Sync 1 DAGs
[2024-11-11T02:29:44.927+0000] {logging_mixin.py:190} INFO - [2024-11-11T02:29:44.927+0000] {dag.py:4180} INFO - Setting next_dagrun for example_workday_timetable to 2021-01-04 00:00:00+00:00, run_after=2021-01-05 00:00:00+00:00
[2024-11-11T02:29:44.937+0000] {processor.py:208} INFO - Processing /home/airflow/.local/lib/python3.12/site-packages/airflow/example_dags/example_workday_timetable.py took 0.059 seconds
[2024-11-11T02:30:15.451+0000] {processor.py:186} INFO - Started process (PID=768) to work on /home/airflow/.local/lib/python3.12/site-packages/airflow/example_dags/example_workday_timetable.py
[2024-11-11T02:30:15.452+0000] {processor.py:914} INFO - Processing file /home/airflow/.local/lib/python3.12/site-packages/airflow/example_dags/example_workday_timetable.py for tasks to queue
[2024-11-11T02:30:15.453+0000] {logging_mixin.py:190} INFO - [2024-11-11T02:30:15.453+0000] {dagbag.py:588} INFO - Filling up the DagBag from /home/airflow/.local/lib/python3.12/site-packages/airflow/example_dags/example_workday_timetable.py
[2024-11-11T02:30:15.457+0000] {processor.py:925} INFO - DAG(s) 'example_workday_timetable' retrieved from /home/airflow/.local/lib/python3.12/site-packages/airflow/example_dags/example_workday_timetable.py
[2024-11-11T02:30:15.467+0000] {logging_mixin.py:190} INFO - [2024-11-11T02:30:15.467+0000] {dag.py:3239} INFO - Sync 1 DAGs
[2024-11-11T02:30:15.493+0000] {logging_mixin.py:190} INFO - [2024-11-11T02:30:15.493+0000] {dag.py:4180} INFO - Setting next_dagrun for example_workday_timetable to 2021-01-04 00:00:00+00:00, run_after=2021-01-05 00:00:00+00:00
[2024-11-11T02:30:15.502+0000] {processor.py:208} INFO - Processing /home/airflow/.local/lib/python3.12/site-packages/airflow/example_dags/example_workday_timetable.py took 0.054 seconds
[2024-11-11T02:30:46.255+0000] {processor.py:186} INFO - Started process (PID=831) to work on /home/airflow/.local/lib/python3.12/site-packages/airflow/example_dags/example_workday_timetable.py
[2024-11-11T02:30:46.256+0000] {processor.py:914} INFO - Processing file /home/airflow/.local/lib/python3.12/site-packages/airflow/example_dags/example_workday_timetable.py for tasks to queue
[2024-11-11T02:30:46.258+0000] {logging_mixin.py:190} INFO - [2024-11-11T02:30:46.257+0000] {dagbag.py:588} INFO - Filling up the DagBag from /home/airflow/.local/lib/python3.12/site-packages/airflow/example_dags/example_workday_timetable.py
[2024-11-11T02:30:46.262+0000] {processor.py:925} INFO - DAG(s) 'example_workday_timetable' retrieved from /home/airflow/.local/lib/python3.12/site-packages/airflow/example_dags/example_workday_timetable.py
[2024-11-11T02:30:46.272+0000] {logging_mixin.py:190} INFO - [2024-11-11T02:30:46.272+0000] {dag.py:3239} INFO - Sync 1 DAGs
[2024-11-11T02:30:46.299+0000] {logging_mixin.py:190} INFO - [2024-11-11T02:30:46.299+0000] {dag.py:4180} INFO - Setting next_dagrun for example_workday_timetable to 2021-01-04 00:00:00+00:00, run_after=2021-01-05 00:00:00+00:00
[2024-11-11T02:30:46.308+0000] {processor.py:208} INFO - Processing /home/airflow/.local/lib/python3.12/site-packages/airflow/example_dags/example_workday_timetable.py took 0.056 seconds
[2024-11-11T02:31:16.682+0000] {processor.py:186} INFO - Started process (PID=903) to work on /home/airflow/.local/lib/python3.12/site-packages/airflow/example_dags/example_workday_timetable.py
[2024-11-11T02:31:16.682+0000] {processor.py:914} INFO - Processing file /home/airflow/.local/lib/python3.12/site-packages/airflow/example_dags/example_workday_timetable.py for tasks to queue
[2024-11-11T02:31:16.684+0000] {logging_mixin.py:190} INFO - [2024-11-11T02:31:16.684+0000] {dagbag.py:588} INFO - Filling up the DagBag from /home/airflow/.local/lib/python3.12/site-packages/airflow/example_dags/example_workday_timetable.py
[2024-11-11T02:31:16.687+0000] {processor.py:925} INFO - DAG(s) 'example_workday_timetable' retrieved from /home/airflow/.local/lib/python3.12/site-packages/airflow/example_dags/example_workday_timetable.py
[2024-11-11T02:31:16.696+0000] {logging_mixin.py:190} INFO - [2024-11-11T02:31:16.696+0000] {dag.py:3239} INFO - Sync 1 DAGs
[2024-11-11T02:31:16.723+0000] {logging_mixin.py:190} INFO - [2024-11-11T02:31:16.723+0000] {dag.py:4180} INFO - Setting next_dagrun for example_workday_timetable to 2021-01-04 00:00:00+00:00, run_after=2021-01-05 00:00:00+00:00
[2024-11-11T02:31:16.731+0000] {processor.py:208} INFO - Processing /home/airflow/.local/lib/python3.12/site-packages/airflow/example_dags/example_workday_timetable.py took 0.053 seconds
[2024-11-11T02:31:47.440+0000] {processor.py:186} INFO - Started process (PID=966) to work on /home/airflow/.local/lib/python3.12/site-packages/airflow/example_dags/example_workday_timetable.py
[2024-11-11T02:31:47.440+0000] {processor.py:914} INFO - Processing file /home/airflow/.local/lib/python3.12/site-packages/airflow/example_dags/example_workday_timetable.py for tasks to queue
[2024-11-11T02:31:47.442+0000] {logging_mixin.py:190} INFO - [2024-11-11T02:31:47.441+0000] {dagbag.py:588} INFO - Filling up the DagBag from /home/airflow/.local/lib/python3.12/site-packages/airflow/example_dags/example_workday_timetable.py
[2024-11-11T02:31:47.445+0000] {processor.py:925} INFO - DAG(s) 'example_workday_timetable' retrieved from /home/airflow/.local/lib/python3.12/site-packages/airflow/example_dags/example_workday_timetable.py
[2024-11-11T02:31:47.454+0000] {logging_mixin.py:190} INFO - [2024-11-11T02:31:47.454+0000] {dag.py:3239} INFO - Sync 1 DAGs
[2024-11-11T02:31:47.481+0000] {logging_mixin.py:190} INFO - [2024-11-11T02:31:47.481+0000] {dag.py:4180} INFO - Setting next_dagrun for example_workday_timetable to 2021-01-04 00:00:00+00:00, run_after=2021-01-05 00:00:00+00:00
[2024-11-11T02:31:47.490+0000] {processor.py:208} INFO - Processing /home/airflow/.local/lib/python3.12/site-packages/airflow/example_dags/example_workday_timetable.py took 0.054 seconds
[2024-11-11T02:32:18.006+0000] {processor.py:186} INFO - Started process (PID=1028) to work on /home/airflow/.local/lib/python3.12/site-packages/airflow/example_dags/example_workday_timetable.py
[2024-11-11T02:32:18.007+0000] {processor.py:914} INFO - Processing file /home/airflow/.local/lib/python3.12/site-packages/airflow/example_dags/example_workday_timetable.py for tasks to queue
[2024-11-11T02:32:18.009+0000] {logging_mixin.py:190} INFO - [2024-11-11T02:32:18.008+0000] {dagbag.py:588} INFO - Filling up the DagBag from /home/airflow/.local/lib/python3.12/site-packages/airflow/example_dags/example_workday_timetable.py
[2024-11-11T02:32:18.012+0000] {processor.py:925} INFO - DAG(s) 'example_workday_timetable' retrieved from /home/airflow/.local/lib/python3.12/site-packages/airflow/example_dags/example_workday_timetable.py
[2024-11-11T02:32:18.021+0000] {logging_mixin.py:190} INFO - [2024-11-11T02:32:18.021+0000] {dag.py:3239} INFO - Sync 1 DAGs
[2024-11-11T02:32:18.047+0000] {logging_mixin.py:190} INFO - [2024-11-11T02:32:18.047+0000] {dag.py:4180} INFO - Setting next_dagrun for example_workday_timetable to 2021-01-04 00:00:00+00:00, run_after=2021-01-05 00:00:00+00:00
[2024-11-11T02:32:18.056+0000] {processor.py:208} INFO - Processing /home/airflow/.local/lib/python3.12/site-packages/airflow/example_dags/example_workday_timetable.py took 0.053 seconds
[2024-11-11T02:32:48.719+0000] {processor.py:186} INFO - Started process (PID=1090) to work on /home/airflow/.local/lib/python3.12/site-packages/airflow/example_dags/example_workday_timetable.py
[2024-11-11T02:32:48.720+0000] {processor.py:914} INFO - Processing file /home/airflow/.local/lib/python3.12/site-packages/airflow/example_dags/example_workday_timetable.py for tasks to queue
[2024-11-11T02:32:48.721+0000] {logging_mixin.py:190} INFO - [2024-11-11T02:32:48.721+0000] {dagbag.py:588} INFO - Filling up the DagBag from /home/airflow/.local/lib/python3.12/site-packages/airflow/example_dags/example_workday_timetable.py
[2024-11-11T02:32:48.725+0000] {processor.py:925} INFO - DAG(s) 'example_workday_timetable' retrieved from /home/airflow/.local/lib/python3.12/site-packages/airflow/example_dags/example_workday_timetable.py
[2024-11-11T02:32:48.735+0000] {logging_mixin.py:190} INFO - [2024-11-11T02:32:48.735+0000] {dag.py:3239} INFO - Sync 1 DAGs
[2024-11-11T02:32:48.761+0000] {logging_mixin.py:190} INFO - [2024-11-11T02:32:48.761+0000] {dag.py:4180} INFO - Setting next_dagrun for example_workday_timetable to 2021-01-04 00:00:00+00:00, run_after=2021-01-05 00:00:00+00:00
[2024-11-11T02:32:48.769+0000] {processor.py:208} INFO - Processing /home/airflow/.local/lib/python3.12/site-packages/airflow/example_dags/example_workday_timetable.py took 0.054 seconds
[2024-11-11T02:33:19.383+0000] {processor.py:186} INFO - Started process (PID=1153) to work on /home/airflow/.local/lib/python3.12/site-packages/airflow/example_dags/example_workday_timetable.py
[2024-11-11T02:33:19.383+0000] {processor.py:914} INFO - Processing file /home/airflow/.local/lib/python3.12/site-packages/airflow/example_dags/example_workday_timetable.py for tasks to queue
[2024-11-11T02:33:19.385+0000] {logging_mixin.py:190} INFO - [2024-11-11T02:33:19.385+0000] {dagbag.py:588} INFO - Filling up the DagBag from /home/airflow/.local/lib/python3.12/site-packages/airflow/example_dags/example_workday_timetable.py
[2024-11-11T02:33:19.389+0000] {processor.py:925} INFO - DAG(s) 'example_workday_timetable' retrieved from /home/airflow/.local/lib/python3.12/site-packages/airflow/example_dags/example_workday_timetable.py
[2024-11-11T02:33:19.405+0000] {logging_mixin.py:190} INFO - [2024-11-11T02:33:19.404+0000] {dag.py:3239} INFO - Sync 1 DAGs
[2024-11-11T02:33:19.433+0000] {logging_mixin.py:190} INFO - [2024-11-11T02:33:19.433+0000] {dag.py:4180} INFO - Setting next_dagrun for example_workday_timetable to 2021-01-04 00:00:00+00:00, run_after=2021-01-05 00:00:00+00:00
[2024-11-11T02:33:19.442+0000] {processor.py:208} INFO - Processing /home/airflow/.local/lib/python3.12/site-packages/airflow/example_dags/example_workday_timetable.py took 0.063 seconds
[2024-11-11T02:33:50.133+0000] {processor.py:186} INFO - Started process (PID=1216) to work on /home/airflow/.local/lib/python3.12/site-packages/airflow/example_dags/example_workday_timetable.py
[2024-11-11T02:33:50.134+0000] {processor.py:914} INFO - Processing file /home/airflow/.local/lib/python3.12/site-packages/airflow/example_dags/example_workday_timetable.py for tasks to queue
[2024-11-11T02:33:50.135+0000] {logging_mixin.py:190} INFO - [2024-11-11T02:33:50.135+0000] {dagbag.py:588} INFO - Filling up the DagBag from /home/airflow/.local/lib/python3.12/site-packages/airflow/example_dags/example_workday_timetable.py
[2024-11-11T02:33:50.139+0000] {processor.py:925} INFO - DAG(s) 'example_workday_timetable' retrieved from /home/airflow/.local/lib/python3.12/site-packages/airflow/example_dags/example_workday_timetable.py
[2024-11-11T02:33:50.149+0000] {logging_mixin.py:190} INFO - [2024-11-11T02:33:50.149+0000] {dag.py:3239} INFO - Sync 1 DAGs
[2024-11-11T02:33:50.176+0000] {logging_mixin.py:190} INFO - [2024-11-11T02:33:50.176+0000] {dag.py:4180} INFO - Setting next_dagrun for example_workday_timetable to 2021-01-04 00:00:00+00:00, run_after=2021-01-05 00:00:00+00:00
[2024-11-11T02:33:50.185+0000] {processor.py:208} INFO - Processing /home/airflow/.local/lib/python3.12/site-packages/airflow/example_dags/example_workday_timetable.py took 0.056 seconds
[2024-11-11T02:34:20.678+0000] {processor.py:186} INFO - Started process (PID=1279) to work on /home/airflow/.local/lib/python3.12/site-packages/airflow/example_dags/example_workday_timetable.py
[2024-11-11T02:34:20.678+0000] {processor.py:914} INFO - Processing file /home/airflow/.local/lib/python3.12/site-packages/airflow/example_dags/example_workday_timetable.py for tasks to queue
[2024-11-11T02:34:20.679+0000] {logging_mixin.py:190} INFO - [2024-11-11T02:34:20.679+0000] {dagbag.py:588} INFO - Filling up the DagBag from /home/airflow/.local/lib/python3.12/site-packages/airflow/example_dags/example_workday_timetable.py
[2024-11-11T02:34:20.683+0000] {processor.py:925} INFO - DAG(s) 'example_workday_timetable' retrieved from /home/airflow/.local/lib/python3.12/site-packages/airflow/example_dags/example_workday_timetable.py
[2024-11-11T02:34:20.692+0000] {logging_mixin.py:190} INFO - [2024-11-11T02:34:20.692+0000] {dag.py:3239} INFO - Sync 1 DAGs
[2024-11-11T02:34:20.722+0000] {logging_mixin.py:190} INFO - [2024-11-11T02:34:20.722+0000] {dag.py:4180} INFO - Setting next_dagrun for example_workday_timetable to 2021-01-04 00:00:00+00:00, run_after=2021-01-05 00:00:00+00:00
[2024-11-11T02:34:20.733+0000] {processor.py:208} INFO - Processing /home/airflow/.local/lib/python3.12/site-packages/airflow/example_dags/example_workday_timetable.py took 0.059 seconds
[2024-11-11T02:34:51.571+0000] {processor.py:186} INFO - Started process (PID=1342) to work on /home/airflow/.local/lib/python3.12/site-packages/airflow/example_dags/example_workday_timetable.py
[2024-11-11T02:34:51.571+0000] {processor.py:914} INFO - Processing file /home/airflow/.local/lib/python3.12/site-packages/airflow/example_dags/example_workday_timetable.py for tasks to queue
[2024-11-11T02:34:51.573+0000] {logging_mixin.py:190} INFO - [2024-11-11T02:34:51.573+0000] {dagbag.py:588} INFO - Filling up the DagBag from /home/airflow/.local/lib/python3.12/site-packages/airflow/example_dags/example_workday_timetable.py
[2024-11-11T02:34:51.577+0000] {processor.py:925} INFO - DAG(s) 'example_workday_timetable' retrieved from /home/airflow/.local/lib/python3.12/site-packages/airflow/example_dags/example_workday_timetable.py
[2024-11-11T02:34:51.589+0000] {logging_mixin.py:190} INFO - [2024-11-11T02:34:51.589+0000] {dag.py:3239} INFO - Sync 1 DAGs
[2024-11-11T02:34:51.620+0000] {logging_mixin.py:190} INFO - [2024-11-11T02:34:51.620+0000] {dag.py:4180} INFO - Setting next_dagrun for example_workday_timetable to 2021-01-04 00:00:00+00:00, run_after=2021-01-05 00:00:00+00:00
[2024-11-11T02:34:51.631+0000] {processor.py:208} INFO - Processing /home/airflow/.local/lib/python3.12/site-packages/airflow/example_dags/example_workday_timetable.py took 0.065 seconds
[2024-11-11T02:35:22.456+0000] {processor.py:186} INFO - Started process (PID=1405) to work on /home/airflow/.local/lib/python3.12/site-packages/airflow/example_dags/example_workday_timetable.py
[2024-11-11T02:35:22.457+0000] {processor.py:914} INFO - Processing file /home/airflow/.local/lib/python3.12/site-packages/airflow/example_dags/example_workday_timetable.py for tasks to queue
[2024-11-11T02:35:22.458+0000] {logging_mixin.py:190} INFO - [2024-11-11T02:35:22.458+0000] {dagbag.py:588} INFO - Filling up the DagBag from /home/airflow/.local/lib/python3.12/site-packages/airflow/example_dags/example_workday_timetable.py
[2024-11-11T02:35:22.462+0000] {processor.py:925} INFO - DAG(s) 'example_workday_timetable' retrieved from /home/airflow/.local/lib/python3.12/site-packages/airflow/example_dags/example_workday_timetable.py
[2024-11-11T02:35:22.472+0000] {logging_mixin.py:190} INFO - [2024-11-11T02:35:22.472+0000] {dag.py:3239} INFO - Sync 1 DAGs
[2024-11-11T02:35:22.499+0000] {logging_mixin.py:190} INFO - [2024-11-11T02:35:22.499+0000] {dag.py:4180} INFO - Setting next_dagrun for example_workday_timetable to 2021-01-04 00:00:00+00:00, run_after=2021-01-05 00:00:00+00:00
[2024-11-11T02:35:22.507+0000] {processor.py:208} INFO - Processing /home/airflow/.local/lib/python3.12/site-packages/airflow/example_dags/example_workday_timetable.py took 0.055 seconds
[2024-11-11T02:35:53.116+0000] {processor.py:186} INFO - Started process (PID=1468) to work on /home/airflow/.local/lib/python3.12/site-packages/airflow/example_dags/example_workday_timetable.py
[2024-11-11T02:35:53.117+0000] {processor.py:914} INFO - Processing file /home/airflow/.local/lib/python3.12/site-packages/airflow/example_dags/example_workday_timetable.py for tasks to queue
[2024-11-11T02:35:53.119+0000] {logging_mixin.py:190} INFO - [2024-11-11T02:35:53.118+0000] {dagbag.py:588} INFO - Filling up the DagBag from /home/airflow/.local/lib/python3.12/site-packages/airflow/example_dags/example_workday_timetable.py
[2024-11-11T02:35:53.123+0000] {processor.py:925} INFO - DAG(s) 'example_workday_timetable' retrieved from /home/airflow/.local/lib/python3.12/site-packages/airflow/example_dags/example_workday_timetable.py
[2024-11-11T02:35:53.133+0000] {logging_mixin.py:190} INFO - [2024-11-11T02:35:53.133+0000] {dag.py:3239} INFO - Sync 1 DAGs
[2024-11-11T02:35:53.161+0000] {logging_mixin.py:190} INFO - [2024-11-11T02:35:53.161+0000] {dag.py:4180} INFO - Setting next_dagrun for example_workday_timetable to 2021-01-04 00:00:00+00:00, run_after=2021-01-05 00:00:00+00:00
[2024-11-11T02:35:53.170+0000] {processor.py:208} INFO - Processing /home/airflow/.local/lib/python3.12/site-packages/airflow/example_dags/example_workday_timetable.py took 0.058 seconds
[2024-11-11T02:36:23.798+0000] {processor.py:186} INFO - Started process (PID=1538) to work on /home/airflow/.local/lib/python3.12/site-packages/airflow/example_dags/example_workday_timetable.py
[2024-11-11T02:36:23.798+0000] {processor.py:914} INFO - Processing file /home/airflow/.local/lib/python3.12/site-packages/airflow/example_dags/example_workday_timetable.py for tasks to queue
[2024-11-11T02:36:23.800+0000] {logging_mixin.py:190} INFO - [2024-11-11T02:36:23.800+0000] {dagbag.py:588} INFO - Filling up the DagBag from /home/airflow/.local/lib/python3.12/site-packages/airflow/example_dags/example_workday_timetable.py
[2024-11-11T02:36:23.803+0000] {processor.py:925} INFO - DAG(s) 'example_workday_timetable' retrieved from /home/airflow/.local/lib/python3.12/site-packages/airflow/example_dags/example_workday_timetable.py
[2024-11-11T02:36:23.813+0000] {logging_mixin.py:190} INFO - [2024-11-11T02:36:23.813+0000] {dag.py:3239} INFO - Sync 1 DAGs
[2024-11-11T02:36:23.841+0000] {logging_mixin.py:190} INFO - [2024-11-11T02:36:23.840+0000] {dag.py:4180} INFO - Setting next_dagrun for example_workday_timetable to 2021-01-04 00:00:00+00:00, run_after=2021-01-05 00:00:00+00:00
[2024-11-11T02:36:23.850+0000] {processor.py:208} INFO - Processing /home/airflow/.local/lib/python3.12/site-packages/airflow/example_dags/example_workday_timetable.py took 0.056 seconds
[2024-11-11T02:36:54.484+0000] {processor.py:186} INFO - Started process (PID=1600) to work on /home/airflow/.local/lib/python3.12/site-packages/airflow/example_dags/example_workday_timetable.py
[2024-11-11T02:36:54.484+0000] {processor.py:914} INFO - Processing file /home/airflow/.local/lib/python3.12/site-packages/airflow/example_dags/example_workday_timetable.py for tasks to queue
[2024-11-11T02:36:54.486+0000] {logging_mixin.py:190} INFO - [2024-11-11T02:36:54.486+0000] {dagbag.py:588} INFO - Filling up the DagBag from /home/airflow/.local/lib/python3.12/site-packages/airflow/example_dags/example_workday_timetable.py
[2024-11-11T02:36:54.490+0000] {processor.py:925} INFO - DAG(s) 'example_workday_timetable' retrieved from /home/airflow/.local/lib/python3.12/site-packages/airflow/example_dags/example_workday_timetable.py
[2024-11-11T02:36:54.500+0000] {logging_mixin.py:190} INFO - [2024-11-11T02:36:54.499+0000] {dag.py:3239} INFO - Sync 1 DAGs
[2024-11-11T02:36:54.526+0000] {logging_mixin.py:190} INFO - [2024-11-11T02:36:54.526+0000] {dag.py:4180} INFO - Setting next_dagrun for example_workday_timetable to 2021-01-04 00:00:00+00:00, run_after=2021-01-05 00:00:00+00:00
[2024-11-11T02:36:54.534+0000] {processor.py:208} INFO - Processing /home/airflow/.local/lib/python3.12/site-packages/airflow/example_dags/example_workday_timetable.py took 0.054 seconds
[2024-11-11T02:37:25.123+0000] {processor.py:186} INFO - Started process (PID=1663) to work on /home/airflow/.local/lib/python3.12/site-packages/airflow/example_dags/example_workday_timetable.py
[2024-11-11T02:37:25.124+0000] {processor.py:914} INFO - Processing file /home/airflow/.local/lib/python3.12/site-packages/airflow/example_dags/example_workday_timetable.py for tasks to queue
[2024-11-11T02:37:25.126+0000] {logging_mixin.py:190} INFO - [2024-11-11T02:37:25.125+0000] {dagbag.py:588} INFO - Filling up the DagBag from /home/airflow/.local/lib/python3.12/site-packages/airflow/example_dags/example_workday_timetable.py
[2024-11-11T02:37:25.129+0000] {processor.py:925} INFO - DAG(s) 'example_workday_timetable' retrieved from /home/airflow/.local/lib/python3.12/site-packages/airflow/example_dags/example_workday_timetable.py
[2024-11-11T02:37:25.139+0000] {logging_mixin.py:190} INFO - [2024-11-11T02:37:25.139+0000] {dag.py:3239} INFO - Sync 1 DAGs
[2024-11-11T02:37:25.167+0000] {logging_mixin.py:190} INFO - [2024-11-11T02:37:25.167+0000] {dag.py:4180} INFO - Setting next_dagrun for example_workday_timetable to 2021-01-04 00:00:00+00:00, run_after=2021-01-05 00:00:00+00:00
[2024-11-11T02:37:25.188+0000] {processor.py:208} INFO - Processing /home/airflow/.local/lib/python3.12/site-packages/airflow/example_dags/example_workday_timetable.py took 0.069 seconds
[2024-11-11T02:37:55.777+0000] {processor.py:186} INFO - Started process (PID=1727) to work on /home/airflow/.local/lib/python3.12/site-packages/airflow/example_dags/example_workday_timetable.py
[2024-11-11T02:37:55.777+0000] {processor.py:914} INFO - Processing file /home/airflow/.local/lib/python3.12/site-packages/airflow/example_dags/example_workday_timetable.py for tasks to queue
[2024-11-11T02:37:55.779+0000] {logging_mixin.py:190} INFO - [2024-11-11T02:37:55.779+0000] {dagbag.py:588} INFO - Filling up the DagBag from /home/airflow/.local/lib/python3.12/site-packages/airflow/example_dags/example_workday_timetable.py
[2024-11-11T02:37:55.782+0000] {processor.py:925} INFO - DAG(s) 'example_workday_timetable' retrieved from /home/airflow/.local/lib/python3.12/site-packages/airflow/example_dags/example_workday_timetable.py
[2024-11-11T02:37:55.792+0000] {logging_mixin.py:190} INFO - [2024-11-11T02:37:55.792+0000] {dag.py:3239} INFO - Sync 1 DAGs
[2024-11-11T02:37:55.820+0000] {logging_mixin.py:190} INFO - [2024-11-11T02:37:55.819+0000] {dag.py:4180} INFO - Setting next_dagrun for example_workday_timetable to 2021-01-04 00:00:00+00:00, run_after=2021-01-05 00:00:00+00:00
[2024-11-11T02:37:55.828+0000] {processor.py:208} INFO - Processing /home/airflow/.local/lib/python3.12/site-packages/airflow/example_dags/example_workday_timetable.py took 0.055 seconds
[2024-11-11T02:38:26.792+0000] {processor.py:186} INFO - Started process (PID=1789) to work on /home/airflow/.local/lib/python3.12/site-packages/airflow/example_dags/example_workday_timetable.py
[2024-11-11T02:38:26.793+0000] {processor.py:914} INFO - Processing file /home/airflow/.local/lib/python3.12/site-packages/airflow/example_dags/example_workday_timetable.py for tasks to queue
[2024-11-11T02:38:26.794+0000] {logging_mixin.py:190} INFO - [2024-11-11T02:38:26.794+0000] {dagbag.py:588} INFO - Filling up the DagBag from /home/airflow/.local/lib/python3.12/site-packages/airflow/example_dags/example_workday_timetable.py
[2024-11-11T02:38:26.798+0000] {processor.py:925} INFO - DAG(s) 'example_workday_timetable' retrieved from /home/airflow/.local/lib/python3.12/site-packages/airflow/example_dags/example_workday_timetable.py
[2024-11-11T02:38:26.807+0000] {logging_mixin.py:190} INFO - [2024-11-11T02:38:26.807+0000] {dag.py:3239} INFO - Sync 1 DAGs
[2024-11-11T02:38:26.838+0000] {logging_mixin.py:190} INFO - [2024-11-11T02:38:26.838+0000] {dag.py:4180} INFO - Setting next_dagrun for example_workday_timetable to 2021-01-04 00:00:00+00:00, run_after=2021-01-05 00:00:00+00:00
[2024-11-11T02:38:26.849+0000] {processor.py:208} INFO - Processing /home/airflow/.local/lib/python3.12/site-packages/airflow/example_dags/example_workday_timetable.py took 0.060 seconds
[2024-11-11T02:38:57.405+0000] {processor.py:186} INFO - Started process (PID=1852) to work on /home/airflow/.local/lib/python3.12/site-packages/airflow/example_dags/example_workday_timetable.py
[2024-11-11T02:38:57.406+0000] {processor.py:914} INFO - Processing file /home/airflow/.local/lib/python3.12/site-packages/airflow/example_dags/example_workday_timetable.py for tasks to queue
[2024-11-11T02:38:57.408+0000] {logging_mixin.py:190} INFO - [2024-11-11T02:38:57.407+0000] {dagbag.py:588} INFO - Filling up the DagBag from /home/airflow/.local/lib/python3.12/site-packages/airflow/example_dags/example_workday_timetable.py
[2024-11-11T02:38:57.411+0000] {processor.py:925} INFO - DAG(s) 'example_workday_timetable' retrieved from /home/airflow/.local/lib/python3.12/site-packages/airflow/example_dags/example_workday_timetable.py
[2024-11-11T02:38:57.421+0000] {logging_mixin.py:190} INFO - [2024-11-11T02:38:57.421+0000] {dag.py:3239} INFO - Sync 1 DAGs
[2024-11-11T02:38:57.450+0000] {logging_mixin.py:190} INFO - [2024-11-11T02:38:57.450+0000] {dag.py:4180} INFO - Setting next_dagrun for example_workday_timetable to 2021-01-04 00:00:00+00:00, run_after=2021-01-05 00:00:00+00:00
[2024-11-11T02:38:57.461+0000] {processor.py:208} INFO - Processing /home/airflow/.local/lib/python3.12/site-packages/airflow/example_dags/example_workday_timetable.py took 0.059 seconds
[2024-11-11T02:39:28.079+0000] {processor.py:186} INFO - Started process (PID=1915) to work on /home/airflow/.local/lib/python3.12/site-packages/airflow/example_dags/example_workday_timetable.py
[2024-11-11T02:39:28.079+0000] {processor.py:914} INFO - Processing file /home/airflow/.local/lib/python3.12/site-packages/airflow/example_dags/example_workday_timetable.py for tasks to queue
[2024-11-11T02:39:28.081+0000] {logging_mixin.py:190} INFO - [2024-11-11T02:39:28.080+0000] {dagbag.py:588} INFO - Filling up the DagBag from /home/airflow/.local/lib/python3.12/site-packages/airflow/example_dags/example_workday_timetable.py
[2024-11-11T02:39:28.084+0000] {processor.py:925} INFO - DAG(s) 'example_workday_timetable' retrieved from /home/airflow/.local/lib/python3.12/site-packages/airflow/example_dags/example_workday_timetable.py
[2024-11-11T02:39:28.094+0000] {logging_mixin.py:190} INFO - [2024-11-11T02:39:28.094+0000] {dag.py:3239} INFO - Sync 1 DAGs
[2024-11-11T02:39:28.121+0000] {logging_mixin.py:190} INFO - [2024-11-11T02:39:28.121+0000] {dag.py:4180} INFO - Setting next_dagrun for example_workday_timetable to 2021-01-04 00:00:00+00:00, run_after=2021-01-05 00:00:00+00:00
[2024-11-11T02:39:28.130+0000] {processor.py:208} INFO - Processing /home/airflow/.local/lib/python3.12/site-packages/airflow/example_dags/example_workday_timetable.py took 0.055 seconds
[2024-11-11T02:39:58.909+0000] {processor.py:186} INFO - Started process (PID=1978) to work on /home/airflow/.local/lib/python3.12/site-packages/airflow/example_dags/example_workday_timetable.py
[2024-11-11T02:39:58.910+0000] {processor.py:914} INFO - Processing file /home/airflow/.local/lib/python3.12/site-packages/airflow/example_dags/example_workday_timetable.py for tasks to queue
[2024-11-11T02:39:58.911+0000] {logging_mixin.py:190} INFO - [2024-11-11T02:39:58.911+0000] {dagbag.py:588} INFO - Filling up the DagBag from /home/airflow/.local/lib/python3.12/site-packages/airflow/example_dags/example_workday_timetable.py
[2024-11-11T02:39:58.915+0000] {processor.py:925} INFO - DAG(s) 'example_workday_timetable' retrieved from /home/airflow/.local/lib/python3.12/site-packages/airflow/example_dags/example_workday_timetable.py
[2024-11-11T02:39:58.924+0000] {logging_mixin.py:190} INFO - [2024-11-11T02:39:58.924+0000] {dag.py:3239} INFO - Sync 1 DAGs
[2024-11-11T02:39:58.951+0000] {logging_mixin.py:190} INFO - [2024-11-11T02:39:58.951+0000] {dag.py:4180} INFO - Setting next_dagrun for example_workday_timetable to 2021-01-04 00:00:00+00:00, run_after=2021-01-05 00:00:00+00:00
[2024-11-11T02:39:58.961+0000] {processor.py:208} INFO - Processing /home/airflow/.local/lib/python3.12/site-packages/airflow/example_dags/example_workday_timetable.py took 0.055 seconds
[2024-11-11T02:40:29.081+0000] {processor.py:186} INFO - Started process (PID=2041) to work on /home/airflow/.local/lib/python3.12/site-packages/airflow/example_dags/example_workday_timetable.py
[2024-11-11T02:40:29.082+0000] {processor.py:914} INFO - Processing file /home/airflow/.local/lib/python3.12/site-packages/airflow/example_dags/example_workday_timetable.py for tasks to queue
[2024-11-11T02:40:29.084+0000] {logging_mixin.py:190} INFO - [2024-11-11T02:40:29.084+0000] {dagbag.py:588} INFO - Filling up the DagBag from /home/airflow/.local/lib/python3.12/site-packages/airflow/example_dags/example_workday_timetable.py
[2024-11-11T02:40:29.089+0000] {processor.py:925} INFO - DAG(s) 'example_workday_timetable' retrieved from /home/airflow/.local/lib/python3.12/site-packages/airflow/example_dags/example_workday_timetable.py
[2024-11-11T02:40:29.099+0000] {logging_mixin.py:190} INFO - [2024-11-11T02:40:29.099+0000] {dag.py:3239} INFO - Sync 1 DAGs
[2024-11-11T02:40:29.130+0000] {logging_mixin.py:190} INFO - [2024-11-11T02:40:29.129+0000] {dag.py:4180} INFO - Setting next_dagrun for example_workday_timetable to 2021-01-04 00:00:00+00:00, run_after=2021-01-05 00:00:00+00:00
[2024-11-11T02:40:29.140+0000] {processor.py:208} INFO - Processing /home/airflow/.local/lib/python3.12/site-packages/airflow/example_dags/example_workday_timetable.py took 0.064 seconds
[2024-11-11T02:40:59.814+0000] {processor.py:186} INFO - Started process (PID=2104) to work on /home/airflow/.local/lib/python3.12/site-packages/airflow/example_dags/example_workday_timetable.py
[2024-11-11T02:40:59.814+0000] {processor.py:914} INFO - Processing file /home/airflow/.local/lib/python3.12/site-packages/airflow/example_dags/example_workday_timetable.py for tasks to queue
[2024-11-11T02:40:59.816+0000] {logging_mixin.py:190} INFO - [2024-11-11T02:40:59.816+0000] {dagbag.py:588} INFO - Filling up the DagBag from /home/airflow/.local/lib/python3.12/site-packages/airflow/example_dags/example_workday_timetable.py
[2024-11-11T02:40:59.820+0000] {processor.py:925} INFO - DAG(s) 'example_workday_timetable' retrieved from /home/airflow/.local/lib/python3.12/site-packages/airflow/example_dags/example_workday_timetable.py
[2024-11-11T02:40:59.831+0000] {logging_mixin.py:190} INFO - [2024-11-11T02:40:59.830+0000] {dag.py:3239} INFO - Sync 1 DAGs
[2024-11-11T02:40:59.859+0000] {logging_mixin.py:190} INFO - [2024-11-11T02:40:59.859+0000] {dag.py:4180} INFO - Setting next_dagrun for example_workday_timetable to 2021-01-04 00:00:00+00:00, run_after=2021-01-05 00:00:00+00:00
[2024-11-11T02:40:59.867+0000] {processor.py:208} INFO - Processing /home/airflow/.local/lib/python3.12/site-packages/airflow/example_dags/example_workday_timetable.py took 0.057 seconds
[2024-11-11T02:41:30.595+0000] {processor.py:186} INFO - Started process (PID=2167) to work on /home/airflow/.local/lib/python3.12/site-packages/airflow/example_dags/example_workday_timetable.py
[2024-11-11T02:41:30.595+0000] {processor.py:914} INFO - Processing file /home/airflow/.local/lib/python3.12/site-packages/airflow/example_dags/example_workday_timetable.py for tasks to queue
[2024-11-11T02:41:30.597+0000] {logging_mixin.py:190} INFO - [2024-11-11T02:41:30.597+0000] {dagbag.py:588} INFO - Filling up the DagBag from /home/airflow/.local/lib/python3.12/site-packages/airflow/example_dags/example_workday_timetable.py
[2024-11-11T02:41:30.600+0000] {processor.py:925} INFO - DAG(s) 'example_workday_timetable' retrieved from /home/airflow/.local/lib/python3.12/site-packages/airflow/example_dags/example_workday_timetable.py
[2024-11-11T02:41:30.612+0000] {logging_mixin.py:190} INFO - [2024-11-11T02:41:30.612+0000] {dag.py:3239} INFO - Sync 1 DAGs
[2024-11-11T02:41:30.643+0000] {logging_mixin.py:190} INFO - [2024-11-11T02:41:30.643+0000] {dag.py:4180} INFO - Setting next_dagrun for example_workday_timetable to 2021-01-04 00:00:00+00:00, run_after=2021-01-05 00:00:00+00:00
[2024-11-11T02:41:30.652+0000] {processor.py:208} INFO - Processing /home/airflow/.local/lib/python3.12/site-packages/airflow/example_dags/example_workday_timetable.py took 0.061 seconds
[2024-11-11T02:42:01.273+0000] {processor.py:186} INFO - Started process (PID=2230) to work on /home/airflow/.local/lib/python3.12/site-packages/airflow/example_dags/example_workday_timetable.py
[2024-11-11T02:42:01.274+0000] {processor.py:914} INFO - Processing file /home/airflow/.local/lib/python3.12/site-packages/airflow/example_dags/example_workday_timetable.py for tasks to queue
[2024-11-11T02:42:01.275+0000] {logging_mixin.py:190} INFO - [2024-11-11T02:42:01.275+0000] {dagbag.py:588} INFO - Filling up the DagBag from /home/airflow/.local/lib/python3.12/site-packages/airflow/example_dags/example_workday_timetable.py
[2024-11-11T02:42:01.279+0000] {processor.py:925} INFO - DAG(s) 'example_workday_timetable' retrieved from /home/airflow/.local/lib/python3.12/site-packages/airflow/example_dags/example_workday_timetable.py
[2024-11-11T02:42:01.290+0000] {logging_mixin.py:190} INFO - [2024-11-11T02:42:01.290+0000] {dag.py:3239} INFO - Sync 1 DAGs
[2024-11-11T02:42:01.317+0000] {logging_mixin.py:190} INFO - [2024-11-11T02:42:01.317+0000] {dag.py:4180} INFO - Setting next_dagrun for example_workday_timetable to 2021-01-04 00:00:00+00:00, run_after=2021-01-05 00:00:00+00:00
[2024-11-11T02:42:01.326+0000] {processor.py:208} INFO - Processing /home/airflow/.local/lib/python3.12/site-packages/airflow/example_dags/example_workday_timetable.py took 0.057 seconds
[2024-11-11T02:42:31.966+0000] {processor.py:186} INFO - Started process (PID=2293) to work on /home/airflow/.local/lib/python3.12/site-packages/airflow/example_dags/example_workday_timetable.py
[2024-11-11T02:42:31.967+0000] {processor.py:914} INFO - Processing file /home/airflow/.local/lib/python3.12/site-packages/airflow/example_dags/example_workday_timetable.py for tasks to queue
[2024-11-11T02:42:31.968+0000] {logging_mixin.py:190} INFO - [2024-11-11T02:42:31.968+0000] {dagbag.py:588} INFO - Filling up the DagBag from /home/airflow/.local/lib/python3.12/site-packages/airflow/example_dags/example_workday_timetable.py
[2024-11-11T02:42:31.972+0000] {processor.py:925} INFO - DAG(s) 'example_workday_timetable' retrieved from /home/airflow/.local/lib/python3.12/site-packages/airflow/example_dags/example_workday_timetable.py
[2024-11-11T02:42:31.982+0000] {logging_mixin.py:190} INFO - [2024-11-11T02:42:31.982+0000] {dag.py:3239} INFO - Sync 1 DAGs
[2024-11-11T02:42:32.011+0000] {logging_mixin.py:190} INFO - [2024-11-11T02:42:32.011+0000] {dag.py:4180} INFO - Setting next_dagrun for example_workday_timetable to 2021-01-04 00:00:00+00:00, run_after=2021-01-05 00:00:00+00:00
[2024-11-11T02:42:32.021+0000] {processor.py:208} INFO - Processing /home/airflow/.local/lib/python3.12/site-packages/airflow/example_dags/example_workday_timetable.py took 0.058 seconds
[2024-11-11T02:43:02.625+0000] {processor.py:186} INFO - Started process (PID=2356) to work on /home/airflow/.local/lib/python3.12/site-packages/airflow/example_dags/example_workday_timetable.py
[2024-11-11T02:43:02.625+0000] {processor.py:914} INFO - Processing file /home/airflow/.local/lib/python3.12/site-packages/airflow/example_dags/example_workday_timetable.py for tasks to queue
[2024-11-11T02:43:02.627+0000] {logging_mixin.py:190} INFO - [2024-11-11T02:43:02.627+0000] {dagbag.py:588} INFO - Filling up the DagBag from /home/airflow/.local/lib/python3.12/site-packages/airflow/example_dags/example_workday_timetable.py
[2024-11-11T02:43:02.631+0000] {processor.py:925} INFO - DAG(s) 'example_workday_timetable' retrieved from /home/airflow/.local/lib/python3.12/site-packages/airflow/example_dags/example_workday_timetable.py
[2024-11-11T02:43:02.640+0000] {logging_mixin.py:190} INFO - [2024-11-11T02:43:02.640+0000] {dag.py:3239} INFO - Sync 1 DAGs
[2024-11-11T02:43:02.667+0000] {logging_mixin.py:190} INFO - [2024-11-11T02:43:02.667+0000] {dag.py:4180} INFO - Setting next_dagrun for example_workday_timetable to 2021-01-04 00:00:00+00:00, run_after=2021-01-05 00:00:00+00:00
[2024-11-11T02:43:02.676+0000] {processor.py:208} INFO - Processing /home/airflow/.local/lib/python3.12/site-packages/airflow/example_dags/example_workday_timetable.py took 0.054 seconds
[2024-11-11T02:43:33.400+0000] {processor.py:186} INFO - Started process (PID=2419) to work on /home/airflow/.local/lib/python3.12/site-packages/airflow/example_dags/example_workday_timetable.py
[2024-11-11T02:43:33.401+0000] {processor.py:914} INFO - Processing file /home/airflow/.local/lib/python3.12/site-packages/airflow/example_dags/example_workday_timetable.py for tasks to queue
[2024-11-11T02:43:33.402+0000] {logging_mixin.py:190} INFO - [2024-11-11T02:43:33.402+0000] {dagbag.py:588} INFO - Filling up the DagBag from /home/airflow/.local/lib/python3.12/site-packages/airflow/example_dags/example_workday_timetable.py
[2024-11-11T02:43:33.406+0000] {processor.py:925} INFO - DAG(s) 'example_workday_timetable' retrieved from /home/airflow/.local/lib/python3.12/site-packages/airflow/example_dags/example_workday_timetable.py
[2024-11-11T02:43:33.424+0000] {logging_mixin.py:190} INFO - [2024-11-11T02:43:33.424+0000] {dag.py:3239} INFO - Sync 1 DAGs
[2024-11-11T02:43:33.462+0000] {logging_mixin.py:190} INFO - [2024-11-11T02:43:33.462+0000] {dag.py:4180} INFO - Setting next_dagrun for example_workday_timetable to 2021-01-04 00:00:00+00:00, run_after=2021-01-05 00:00:00+00:00
[2024-11-11T02:43:33.475+0000] {processor.py:208} INFO - Processing /home/airflow/.local/lib/python3.12/site-packages/airflow/example_dags/example_workday_timetable.py took 0.080 seconds
[2024-11-11T02:44:04.164+0000] {processor.py:186} INFO - Started process (PID=2482) to work on /home/airflow/.local/lib/python3.12/site-packages/airflow/example_dags/example_workday_timetable.py
[2024-11-11T02:44:04.165+0000] {processor.py:914} INFO - Processing file /home/airflow/.local/lib/python3.12/site-packages/airflow/example_dags/example_workday_timetable.py for tasks to queue
[2024-11-11T02:44:04.166+0000] {logging_mixin.py:190} INFO - [2024-11-11T02:44:04.166+0000] {dagbag.py:588} INFO - Filling up the DagBag from /home/airflow/.local/lib/python3.12/site-packages/airflow/example_dags/example_workday_timetable.py
[2024-11-11T02:44:04.170+0000] {processor.py:925} INFO - DAG(s) 'example_workday_timetable' retrieved from /home/airflow/.local/lib/python3.12/site-packages/airflow/example_dags/example_workday_timetable.py
[2024-11-11T02:44:04.180+0000] {logging_mixin.py:190} INFO - [2024-11-11T02:44:04.180+0000] {dag.py:3239} INFO - Sync 1 DAGs
[2024-11-11T02:44:04.207+0000] {logging_mixin.py:190} INFO - [2024-11-11T02:44:04.207+0000] {dag.py:4180} INFO - Setting next_dagrun for example_workday_timetable to 2021-01-04 00:00:00+00:00, run_after=2021-01-05 00:00:00+00:00
[2024-11-11T02:44:04.214+0000] {processor.py:208} INFO - Processing /home/airflow/.local/lib/python3.12/site-packages/airflow/example_dags/example_workday_timetable.py took 0.054 seconds
[2024-11-11T02:44:34.838+0000] {processor.py:186} INFO - Started process (PID=2545) to work on /home/airflow/.local/lib/python3.12/site-packages/airflow/example_dags/example_workday_timetable.py
[2024-11-11T02:44:34.839+0000] {processor.py:914} INFO - Processing file /home/airflow/.local/lib/python3.12/site-packages/airflow/example_dags/example_workday_timetable.py for tasks to queue
[2024-11-11T02:44:34.840+0000] {logging_mixin.py:190} INFO - [2024-11-11T02:44:34.840+0000] {dagbag.py:588} INFO - Filling up the DagBag from /home/airflow/.local/lib/python3.12/site-packages/airflow/example_dags/example_workday_timetable.py
[2024-11-11T02:44:34.844+0000] {processor.py:925} INFO - DAG(s) 'example_workday_timetable' retrieved from /home/airflow/.local/lib/python3.12/site-packages/airflow/example_dags/example_workday_timetable.py
[2024-11-11T02:44:34.853+0000] {logging_mixin.py:190} INFO - [2024-11-11T02:44:34.853+0000] {dag.py:3239} INFO - Sync 1 DAGs
[2024-11-11T02:44:34.881+0000] {logging_mixin.py:190} INFO - [2024-11-11T02:44:34.881+0000] {dag.py:4180} INFO - Setting next_dagrun for example_workday_timetable to 2021-01-04 00:00:00+00:00, run_after=2021-01-05 00:00:00+00:00
[2024-11-11T02:44:34.890+0000] {processor.py:208} INFO - Processing /home/airflow/.local/lib/python3.12/site-packages/airflow/example_dags/example_workday_timetable.py took 0.055 seconds
[2024-11-11T02:45:05.412+0000] {processor.py:186} INFO - Started process (PID=2608) to work on /home/airflow/.local/lib/python3.12/site-packages/airflow/example_dags/example_workday_timetable.py
[2024-11-11T02:45:05.412+0000] {processor.py:914} INFO - Processing file /home/airflow/.local/lib/python3.12/site-packages/airflow/example_dags/example_workday_timetable.py for tasks to queue
[2024-11-11T02:45:05.414+0000] {logging_mixin.py:190} INFO - [2024-11-11T02:45:05.414+0000] {dagbag.py:588} INFO - Filling up the DagBag from /home/airflow/.local/lib/python3.12/site-packages/airflow/example_dags/example_workday_timetable.py
[2024-11-11T02:45:05.417+0000] {processor.py:925} INFO - DAG(s) 'example_workday_timetable' retrieved from /home/airflow/.local/lib/python3.12/site-packages/airflow/example_dags/example_workday_timetable.py
[2024-11-11T02:45:05.427+0000] {logging_mixin.py:190} INFO - [2024-11-11T02:45:05.427+0000] {dag.py:3239} INFO - Sync 1 DAGs
[2024-11-11T02:45:05.455+0000] {logging_mixin.py:190} INFO - [2024-11-11T02:45:05.455+0000] {dag.py:4180} INFO - Setting next_dagrun for example_workday_timetable to 2021-01-04 00:00:00+00:00, run_after=2021-01-05 00:00:00+00:00
[2024-11-11T02:45:05.464+0000] {processor.py:208} INFO - Processing /home/airflow/.local/lib/python3.12/site-packages/airflow/example_dags/example_workday_timetable.py took 0.055 seconds
[2024-11-11T02:45:36.099+0000] {processor.py:186} INFO - Started process (PID=2671) to work on /home/airflow/.local/lib/python3.12/site-packages/airflow/example_dags/example_workday_timetable.py
[2024-11-11T02:45:36.099+0000] {processor.py:914} INFO - Processing file /home/airflow/.local/lib/python3.12/site-packages/airflow/example_dags/example_workday_timetable.py for tasks to queue
[2024-11-11T02:45:36.101+0000] {logging_mixin.py:190} INFO - [2024-11-11T02:45:36.101+0000] {dagbag.py:588} INFO - Filling up the DagBag from /home/airflow/.local/lib/python3.12/site-packages/airflow/example_dags/example_workday_timetable.py
[2024-11-11T02:45:36.105+0000] {processor.py:925} INFO - DAG(s) 'example_workday_timetable' retrieved from /home/airflow/.local/lib/python3.12/site-packages/airflow/example_dags/example_workday_timetable.py
[2024-11-11T02:45:36.115+0000] {logging_mixin.py:190} INFO - [2024-11-11T02:45:36.115+0000] {dag.py:3239} INFO - Sync 1 DAGs
[2024-11-11T02:45:36.144+0000] {logging_mixin.py:190} INFO - [2024-11-11T02:45:36.143+0000] {dag.py:4180} INFO - Setting next_dagrun for example_workday_timetable to 2021-01-04 00:00:00+00:00, run_after=2021-01-05 00:00:00+00:00
[2024-11-11T02:45:36.152+0000] {processor.py:208} INFO - Processing /home/airflow/.local/lib/python3.12/site-packages/airflow/example_dags/example_workday_timetable.py took 0.057 seconds
[2024-11-11T02:46:06.735+0000] {processor.py:186} INFO - Started process (PID=2733) to work on /home/airflow/.local/lib/python3.12/site-packages/airflow/example_dags/example_workday_timetable.py
[2024-11-11T02:46:06.736+0000] {processor.py:914} INFO - Processing file /home/airflow/.local/lib/python3.12/site-packages/airflow/example_dags/example_workday_timetable.py for tasks to queue
[2024-11-11T02:46:06.738+0000] {logging_mixin.py:190} INFO - [2024-11-11T02:46:06.738+0000] {dagbag.py:588} INFO - Filling up the DagBag from /home/airflow/.local/lib/python3.12/site-packages/airflow/example_dags/example_workday_timetable.py
[2024-11-11T02:46:06.742+0000] {processor.py:925} INFO - DAG(s) 'example_workday_timetable' retrieved from /home/airflow/.local/lib/python3.12/site-packages/airflow/example_dags/example_workday_timetable.py
[2024-11-11T02:46:06.753+0000] {logging_mixin.py:190} INFO - [2024-11-11T02:46:06.753+0000] {dag.py:3239} INFO - Sync 1 DAGs
[2024-11-11T02:46:06.781+0000] {logging_mixin.py:190} INFO - [2024-11-11T02:46:06.781+0000] {dag.py:4180} INFO - Setting next_dagrun for example_workday_timetable to 2021-01-04 00:00:00+00:00, run_after=2021-01-05 00:00:00+00:00
[2024-11-11T02:46:06.789+0000] {processor.py:208} INFO - Processing /home/airflow/.local/lib/python3.12/site-packages/airflow/example_dags/example_workday_timetable.py took 0.057 seconds
[2024-11-11T02:46:37.478+0000] {processor.py:186} INFO - Started process (PID=2796) to work on /home/airflow/.local/lib/python3.12/site-packages/airflow/example_dags/example_workday_timetable.py
[2024-11-11T02:46:37.479+0000] {processor.py:914} INFO - Processing file /home/airflow/.local/lib/python3.12/site-packages/airflow/example_dags/example_workday_timetable.py for tasks to queue
[2024-11-11T02:46:37.480+0000] {logging_mixin.py:190} INFO - [2024-11-11T02:46:37.480+0000] {dagbag.py:588} INFO - Filling up the DagBag from /home/airflow/.local/lib/python3.12/site-packages/airflow/example_dags/example_workday_timetable.py
[2024-11-11T02:46:37.484+0000] {processor.py:925} INFO - DAG(s) 'example_workday_timetable' retrieved from /home/airflow/.local/lib/python3.12/site-packages/airflow/example_dags/example_workday_timetable.py
[2024-11-11T02:46:37.494+0000] {logging_mixin.py:190} INFO - [2024-11-11T02:46:37.493+0000] {dag.py:3239} INFO - Sync 1 DAGs
[2024-11-11T02:46:37.520+0000] {logging_mixin.py:190} INFO - [2024-11-11T02:46:37.520+0000] {dag.py:4180} INFO - Setting next_dagrun for example_workday_timetable to 2021-01-04 00:00:00+00:00, run_after=2021-01-05 00:00:00+00:00
[2024-11-11T02:46:37.529+0000] {processor.py:208} INFO - Processing /home/airflow/.local/lib/python3.12/site-packages/airflow/example_dags/example_workday_timetable.py took 0.055 seconds
[2024-11-11T02:47:08.064+0000] {processor.py:186} INFO - Started process (PID=2859) to work on /home/airflow/.local/lib/python3.12/site-packages/airflow/example_dags/example_workday_timetable.py
[2024-11-11T02:47:08.065+0000] {processor.py:914} INFO - Processing file /home/airflow/.local/lib/python3.12/site-packages/airflow/example_dags/example_workday_timetable.py for tasks to queue
[2024-11-11T02:47:08.067+0000] {logging_mixin.py:190} INFO - [2024-11-11T02:47:08.066+0000] {dagbag.py:588} INFO - Filling up the DagBag from /home/airflow/.local/lib/python3.12/site-packages/airflow/example_dags/example_workday_timetable.py
[2024-11-11T02:47:08.070+0000] {processor.py:925} INFO - DAG(s) 'example_workday_timetable' retrieved from /home/airflow/.local/lib/python3.12/site-packages/airflow/example_dags/example_workday_timetable.py
[2024-11-11T02:47:08.080+0000] {logging_mixin.py:190} INFO - [2024-11-11T02:47:08.080+0000] {dag.py:3239} INFO - Sync 1 DAGs
[2024-11-11T02:47:08.108+0000] {logging_mixin.py:190} INFO - [2024-11-11T02:47:08.108+0000] {dag.py:4180} INFO - Setting next_dagrun for example_workday_timetable to 2021-01-04 00:00:00+00:00, run_after=2021-01-05 00:00:00+00:00
[2024-11-11T02:47:08.116+0000] {processor.py:208} INFO - Processing /home/airflow/.local/lib/python3.12/site-packages/airflow/example_dags/example_workday_timetable.py took 0.055 seconds
[2024-11-11T02:47:38.631+0000] {processor.py:186} INFO - Started process (PID=2922) to work on /home/airflow/.local/lib/python3.12/site-packages/airflow/example_dags/example_workday_timetable.py
[2024-11-11T02:47:38.631+0000] {processor.py:914} INFO - Processing file /home/airflow/.local/lib/python3.12/site-packages/airflow/example_dags/example_workday_timetable.py for tasks to queue
[2024-11-11T02:47:38.633+0000] {logging_mixin.py:190} INFO - [2024-11-11T02:47:38.633+0000] {dagbag.py:588} INFO - Filling up the DagBag from /home/airflow/.local/lib/python3.12/site-packages/airflow/example_dags/example_workday_timetable.py
[2024-11-11T02:47:38.636+0000] {processor.py:925} INFO - DAG(s) 'example_workday_timetable' retrieved from /home/airflow/.local/lib/python3.12/site-packages/airflow/example_dags/example_workday_timetable.py
[2024-11-11T02:47:38.647+0000] {logging_mixin.py:190} INFO - [2024-11-11T02:47:38.647+0000] {dag.py:3239} INFO - Sync 1 DAGs
[2024-11-11T02:47:38.674+0000] {logging_mixin.py:190} INFO - [2024-11-11T02:47:38.674+0000] {dag.py:4180} INFO - Setting next_dagrun for example_workday_timetable to 2021-01-04 00:00:00+00:00, run_after=2021-01-05 00:00:00+00:00
[2024-11-11T02:47:38.682+0000] {processor.py:208} INFO - Processing /home/airflow/.local/lib/python3.12/site-packages/airflow/example_dags/example_workday_timetable.py took 0.055 seconds
[2024-11-11T02:48:09.251+0000] {processor.py:186} INFO - Started process (PID=2985) to work on /home/airflow/.local/lib/python3.12/site-packages/airflow/example_dags/example_workday_timetable.py
[2024-11-11T02:48:09.252+0000] {processor.py:914} INFO - Processing file /home/airflow/.local/lib/python3.12/site-packages/airflow/example_dags/example_workday_timetable.py for tasks to queue
[2024-11-11T02:48:09.254+0000] {logging_mixin.py:190} INFO - [2024-11-11T02:48:09.254+0000] {dagbag.py:588} INFO - Filling up the DagBag from /home/airflow/.local/lib/python3.12/site-packages/airflow/example_dags/example_workday_timetable.py
[2024-11-11T02:48:09.258+0000] {processor.py:925} INFO - DAG(s) 'example_workday_timetable' retrieved from /home/airflow/.local/lib/python3.12/site-packages/airflow/example_dags/example_workday_timetable.py
[2024-11-11T02:48:09.268+0000] {logging_mixin.py:190} INFO - [2024-11-11T02:48:09.268+0000] {dag.py:3239} INFO - Sync 1 DAGs
[2024-11-11T02:48:09.294+0000] {logging_mixin.py:190} INFO - [2024-11-11T02:48:09.294+0000] {dag.py:4180} INFO - Setting next_dagrun for example_workday_timetable to 2021-01-04 00:00:00+00:00, run_after=2021-01-05 00:00:00+00:00
[2024-11-11T02:48:09.303+0000] {processor.py:208} INFO - Processing /home/airflow/.local/lib/python3.12/site-packages/airflow/example_dags/example_workday_timetable.py took 0.055 seconds
[2024-11-11T02:48:39.841+0000] {processor.py:186} INFO - Started process (PID=3048) to work on /home/airflow/.local/lib/python3.12/site-packages/airflow/example_dags/example_workday_timetable.py
[2024-11-11T02:48:39.842+0000] {processor.py:914} INFO - Processing file /home/airflow/.local/lib/python3.12/site-packages/airflow/example_dags/example_workday_timetable.py for tasks to queue
[2024-11-11T02:48:39.843+0000] {logging_mixin.py:190} INFO - [2024-11-11T02:48:39.843+0000] {dagbag.py:588} INFO - Filling up the DagBag from /home/airflow/.local/lib/python3.12/site-packages/airflow/example_dags/example_workday_timetable.py
[2024-11-11T02:48:39.847+0000] {processor.py:925} INFO - DAG(s) 'example_workday_timetable' retrieved from /home/airflow/.local/lib/python3.12/site-packages/airflow/example_dags/example_workday_timetable.py
[2024-11-11T02:48:39.857+0000] {logging_mixin.py:190} INFO - [2024-11-11T02:48:39.857+0000] {dag.py:3239} INFO - Sync 1 DAGs
[2024-11-11T02:48:39.885+0000] {logging_mixin.py:190} INFO - [2024-11-11T02:48:39.885+0000] {dag.py:4180} INFO - Setting next_dagrun for example_workday_timetable to 2021-01-04 00:00:00+00:00, run_after=2021-01-05 00:00:00+00:00
[2024-11-11T02:48:39.893+0000] {processor.py:208} INFO - Processing /home/airflow/.local/lib/python3.12/site-packages/airflow/example_dags/example_workday_timetable.py took 0.056 seconds
[2024-11-11T02:49:10.403+0000] {processor.py:186} INFO - Started process (PID=3111) to work on /home/airflow/.local/lib/python3.12/site-packages/airflow/example_dags/example_workday_timetable.py
[2024-11-11T02:49:10.403+0000] {processor.py:914} INFO - Processing file /home/airflow/.local/lib/python3.12/site-packages/airflow/example_dags/example_workday_timetable.py for tasks to queue
[2024-11-11T02:49:10.405+0000] {logging_mixin.py:190} INFO - [2024-11-11T02:49:10.404+0000] {dagbag.py:588} INFO - Filling up the DagBag from /home/airflow/.local/lib/python3.12/site-packages/airflow/example_dags/example_workday_timetable.py
[2024-11-11T02:49:10.408+0000] {processor.py:925} INFO - DAG(s) 'example_workday_timetable' retrieved from /home/airflow/.local/lib/python3.12/site-packages/airflow/example_dags/example_workday_timetable.py
[2024-11-11T02:49:10.418+0000] {logging_mixin.py:190} INFO - [2024-11-11T02:49:10.418+0000] {dag.py:3239} INFO - Sync 1 DAGs
[2024-11-11T02:49:10.446+0000] {logging_mixin.py:190} INFO - [2024-11-11T02:49:10.445+0000] {dag.py:4180} INFO - Setting next_dagrun for example_workday_timetable to 2021-01-04 00:00:00+00:00, run_after=2021-01-05 00:00:00+00:00
[2024-11-11T02:49:10.457+0000] {processor.py:208} INFO - Processing /home/airflow/.local/lib/python3.12/site-packages/airflow/example_dags/example_workday_timetable.py took 0.058 seconds
[2024-11-11T02:49:41.248+0000] {processor.py:186} INFO - Started process (PID=3174) to work on /home/airflow/.local/lib/python3.12/site-packages/airflow/example_dags/example_workday_timetable.py
[2024-11-11T02:49:41.249+0000] {processor.py:914} INFO - Processing file /home/airflow/.local/lib/python3.12/site-packages/airflow/example_dags/example_workday_timetable.py for tasks to queue
[2024-11-11T02:49:41.250+0000] {logging_mixin.py:190} INFO - [2024-11-11T02:49:41.250+0000] {dagbag.py:588} INFO - Filling up the DagBag from /home/airflow/.local/lib/python3.12/site-packages/airflow/example_dags/example_workday_timetable.py
[2024-11-11T02:49:41.254+0000] {processor.py:925} INFO - DAG(s) 'example_workday_timetable' retrieved from /home/airflow/.local/lib/python3.12/site-packages/airflow/example_dags/example_workday_timetable.py
[2024-11-11T02:49:41.266+0000] {logging_mixin.py:190} INFO - [2024-11-11T02:49:41.265+0000] {dag.py:3239} INFO - Sync 1 DAGs
[2024-11-11T02:49:41.295+0000] {logging_mixin.py:190} INFO - [2024-11-11T02:49:41.295+0000] {dag.py:4180} INFO - Setting next_dagrun for example_workday_timetable to 2021-01-04 00:00:00+00:00, run_after=2021-01-05 00:00:00+00:00
[2024-11-11T02:49:41.304+0000] {processor.py:208} INFO - Processing /home/airflow/.local/lib/python3.12/site-packages/airflow/example_dags/example_workday_timetable.py took 0.059 seconds
[2024-11-11T02:50:12.156+0000] {processor.py:186} INFO - Started process (PID=3237) to work on /home/airflow/.local/lib/python3.12/site-packages/airflow/example_dags/example_workday_timetable.py
[2024-11-11T02:50:12.156+0000] {processor.py:914} INFO - Processing file /home/airflow/.local/lib/python3.12/site-packages/airflow/example_dags/example_workday_timetable.py for tasks to queue
[2024-11-11T02:50:12.158+0000] {logging_mixin.py:190} INFO - [2024-11-11T02:50:12.158+0000] {dagbag.py:588} INFO - Filling up the DagBag from /home/airflow/.local/lib/python3.12/site-packages/airflow/example_dags/example_workday_timetable.py
[2024-11-11T02:50:12.162+0000] {processor.py:925} INFO - DAG(s) 'example_workday_timetable' retrieved from /home/airflow/.local/lib/python3.12/site-packages/airflow/example_dags/example_workday_timetable.py
[2024-11-11T02:50:12.172+0000] {logging_mixin.py:190} INFO - [2024-11-11T02:50:12.172+0000] {dag.py:3239} INFO - Sync 1 DAGs
[2024-11-11T02:50:12.199+0000] {logging_mixin.py:190} INFO - [2024-11-11T02:50:12.199+0000] {dag.py:4180} INFO - Setting next_dagrun for example_workday_timetable to 2021-01-04 00:00:00+00:00, run_after=2021-01-05 00:00:00+00:00
[2024-11-11T02:50:12.207+0000] {processor.py:208} INFO - Processing /home/airflow/.local/lib/python3.12/site-packages/airflow/example_dags/example_workday_timetable.py took 0.055 seconds
[2024-11-11T02:50:43.604+0000] {processor.py:186} INFO - Started process (PID=3300) to work on /home/airflow/.local/lib/python3.12/site-packages/airflow/example_dags/example_workday_timetable.py
[2024-11-11T02:50:43.605+0000] {processor.py:914} INFO - Processing file /home/airflow/.local/lib/python3.12/site-packages/airflow/example_dags/example_workday_timetable.py for tasks to queue
[2024-11-11T02:50:43.606+0000] {logging_mixin.py:190} INFO - [2024-11-11T02:50:43.606+0000] {dagbag.py:588} INFO - Filling up the DagBag from /home/airflow/.local/lib/python3.12/site-packages/airflow/example_dags/example_workday_timetable.py
[2024-11-11T02:50:43.610+0000] {processor.py:925} INFO - DAG(s) 'example_workday_timetable' retrieved from /home/airflow/.local/lib/python3.12/site-packages/airflow/example_dags/example_workday_timetable.py
[2024-11-11T02:50:43.621+0000] {logging_mixin.py:190} INFO - [2024-11-11T02:50:43.621+0000] {dag.py:3239} INFO - Sync 1 DAGs
[2024-11-11T02:50:43.652+0000] {logging_mixin.py:190} INFO - [2024-11-11T02:50:43.652+0000] {dag.py:4180} INFO - Setting next_dagrun for example_workday_timetable to 2021-01-04 00:00:00+00:00, run_after=2021-01-05 00:00:00+00:00
[2024-11-11T02:50:43.766+0000] {processor.py:208} INFO - Processing /home/airflow/.local/lib/python3.12/site-packages/airflow/example_dags/example_workday_timetable.py took 0.166 seconds
[2024-11-11T02:51:14.571+0000] {processor.py:186} INFO - Started process (PID=3363) to work on /home/airflow/.local/lib/python3.12/site-packages/airflow/example_dags/example_workday_timetable.py
[2024-11-11T02:51:14.573+0000] {processor.py:914} INFO - Processing file /home/airflow/.local/lib/python3.12/site-packages/airflow/example_dags/example_workday_timetable.py for tasks to queue
[2024-11-11T02:51:14.576+0000] {logging_mixin.py:190} INFO - [2024-11-11T02:51:14.575+0000] {dagbag.py:588} INFO - Filling up the DagBag from /home/airflow/.local/lib/python3.12/site-packages/airflow/example_dags/example_workday_timetable.py
[2024-11-11T02:51:14.584+0000] {processor.py:925} INFO - DAG(s) 'example_workday_timetable' retrieved from /home/airflow/.local/lib/python3.12/site-packages/airflow/example_dags/example_workday_timetable.py
[2024-11-11T02:51:14.599+0000] {logging_mixin.py:190} INFO - [2024-11-11T02:51:14.599+0000] {dag.py:3239} INFO - Sync 1 DAGs
[2024-11-11T02:51:14.630+0000] {logging_mixin.py:190} INFO - [2024-11-11T02:51:14.630+0000] {dag.py:4180} INFO - Setting next_dagrun for example_workday_timetable to 2021-01-04 00:00:00+00:00, run_after=2021-01-05 00:00:00+00:00
[2024-11-11T02:51:14.639+0000] {processor.py:208} INFO - Processing /home/airflow/.local/lib/python3.12/site-packages/airflow/example_dags/example_workday_timetable.py took 0.076 seconds
[2024-11-11T02:51:44.695+0000] {processor.py:186} INFO - Started process (PID=3426) to work on /home/airflow/.local/lib/python3.12/site-packages/airflow/example_dags/example_workday_timetable.py
[2024-11-11T02:51:44.696+0000] {processor.py:914} INFO - Processing file /home/airflow/.local/lib/python3.12/site-packages/airflow/example_dags/example_workday_timetable.py for tasks to queue
[2024-11-11T02:51:44.697+0000] {logging_mixin.py:190} INFO - [2024-11-11T02:51:44.697+0000] {dagbag.py:588} INFO - Filling up the DagBag from /home/airflow/.local/lib/python3.12/site-packages/airflow/example_dags/example_workday_timetable.py
[2024-11-11T02:51:44.701+0000] {processor.py:925} INFO - DAG(s) 'example_workday_timetable' retrieved from /home/airflow/.local/lib/python3.12/site-packages/airflow/example_dags/example_workday_timetable.py
[2024-11-11T02:51:44.711+0000] {logging_mixin.py:190} INFO - [2024-11-11T02:51:44.711+0000] {dag.py:3239} INFO - Sync 1 DAGs
[2024-11-11T02:51:44.738+0000] {logging_mixin.py:190} INFO - [2024-11-11T02:51:44.738+0000] {dag.py:4180} INFO - Setting next_dagrun for example_workday_timetable to 2021-01-04 00:00:00+00:00, run_after=2021-01-05 00:00:00+00:00
[2024-11-11T02:51:44.747+0000] {processor.py:208} INFO - Processing /home/airflow/.local/lib/python3.12/site-packages/airflow/example_dags/example_workday_timetable.py took 0.055 seconds
[2024-11-11T02:52:17.435+0000] {processor.py:186} INFO - Started process (PID=3489) to work on /home/airflow/.local/lib/python3.12/site-packages/airflow/example_dags/example_workday_timetable.py
[2024-11-11T02:52:17.436+0000] {processor.py:914} INFO - Processing file /home/airflow/.local/lib/python3.12/site-packages/airflow/example_dags/example_workday_timetable.py for tasks to queue
[2024-11-11T02:52:17.437+0000] {logging_mixin.py:190} INFO - [2024-11-11T02:52:17.437+0000] {dagbag.py:588} INFO - Filling up the DagBag from /home/airflow/.local/lib/python3.12/site-packages/airflow/example_dags/example_workday_timetable.py
[2024-11-11T02:52:17.441+0000] {processor.py:925} INFO - DAG(s) 'example_workday_timetable' retrieved from /home/airflow/.local/lib/python3.12/site-packages/airflow/example_dags/example_workday_timetable.py
[2024-11-11T02:52:17.451+0000] {logging_mixin.py:190} INFO - [2024-11-11T02:52:17.451+0000] {dag.py:3239} INFO - Sync 1 DAGs
[2024-11-11T02:52:17.579+0000] {logging_mixin.py:190} INFO - [2024-11-11T02:52:17.579+0000] {dag.py:4180} INFO - Setting next_dagrun for example_workday_timetable to 2021-01-04 00:00:00+00:00, run_after=2021-01-05 00:00:00+00:00
[2024-11-11T02:52:17.587+0000] {processor.py:208} INFO - Processing /home/airflow/.local/lib/python3.12/site-packages/airflow/example_dags/example_workday_timetable.py took 0.155 seconds
[2024-11-11T02:52:47.626+0000] {processor.py:186} INFO - Started process (PID=3552) to work on /home/airflow/.local/lib/python3.12/site-packages/airflow/example_dags/example_workday_timetable.py
[2024-11-11T02:52:47.627+0000] {processor.py:914} INFO - Processing file /home/airflow/.local/lib/python3.12/site-packages/airflow/example_dags/example_workday_timetable.py for tasks to queue
[2024-11-11T02:52:47.628+0000] {logging_mixin.py:190} INFO - [2024-11-11T02:52:47.628+0000] {dagbag.py:588} INFO - Filling up the DagBag from /home/airflow/.local/lib/python3.12/site-packages/airflow/example_dags/example_workday_timetable.py
[2024-11-11T02:52:47.632+0000] {processor.py:925} INFO - DAG(s) 'example_workday_timetable' retrieved from /home/airflow/.local/lib/python3.12/site-packages/airflow/example_dags/example_workday_timetable.py
[2024-11-11T02:52:47.641+0000] {logging_mixin.py:190} INFO - [2024-11-11T02:52:47.641+0000] {dag.py:3239} INFO - Sync 1 DAGs
[2024-11-11T02:52:47.765+0000] {logging_mixin.py:190} INFO - [2024-11-11T02:52:47.765+0000] {dag.py:4180} INFO - Setting next_dagrun for example_workday_timetable to 2021-01-04 00:00:00+00:00, run_after=2021-01-05 00:00:00+00:00
[2024-11-11T02:52:47.773+0000] {processor.py:208} INFO - Processing /home/airflow/.local/lib/python3.12/site-packages/airflow/example_dags/example_workday_timetable.py took 0.149 seconds
[2024-11-11T02:53:18.414+0000] {processor.py:186} INFO - Started process (PID=3615) to work on /home/airflow/.local/lib/python3.12/site-packages/airflow/example_dags/example_workday_timetable.py
[2024-11-11T02:53:18.415+0000] {processor.py:914} INFO - Processing file /home/airflow/.local/lib/python3.12/site-packages/airflow/example_dags/example_workday_timetable.py for tasks to queue
[2024-11-11T02:53:18.417+0000] {logging_mixin.py:190} INFO - [2024-11-11T02:53:18.416+0000] {dagbag.py:588} INFO - Filling up the DagBag from /home/airflow/.local/lib/python3.12/site-packages/airflow/example_dags/example_workday_timetable.py
[2024-11-11T02:53:18.420+0000] {processor.py:925} INFO - DAG(s) 'example_workday_timetable' retrieved from /home/airflow/.local/lib/python3.12/site-packages/airflow/example_dags/example_workday_timetable.py
[2024-11-11T02:53:18.430+0000] {logging_mixin.py:190} INFO - [2024-11-11T02:53:18.430+0000] {dag.py:3239} INFO - Sync 1 DAGs
[2024-11-11T02:53:18.458+0000] {logging_mixin.py:190} INFO - [2024-11-11T02:53:18.458+0000] {dag.py:4180} INFO - Setting next_dagrun for example_workday_timetable to 2021-01-04 00:00:00+00:00, run_after=2021-01-05 00:00:00+00:00
[2024-11-11T02:53:18.572+0000] {processor.py:208} INFO - Processing /home/airflow/.local/lib/python3.12/site-packages/airflow/example_dags/example_workday_timetable.py took 0.161 seconds
[2024-11-11T02:53:48.704+0000] {processor.py:186} INFO - Started process (PID=3678) to work on /home/airflow/.local/lib/python3.12/site-packages/airflow/example_dags/example_workday_timetable.py
[2024-11-11T02:53:48.704+0000] {processor.py:914} INFO - Processing file /home/airflow/.local/lib/python3.12/site-packages/airflow/example_dags/example_workday_timetable.py for tasks to queue
[2024-11-11T02:53:48.706+0000] {logging_mixin.py:190} INFO - [2024-11-11T02:53:48.706+0000] {dagbag.py:588} INFO - Filling up the DagBag from /home/airflow/.local/lib/python3.12/site-packages/airflow/example_dags/example_workday_timetable.py
[2024-11-11T02:53:48.709+0000] {processor.py:925} INFO - DAG(s) 'example_workday_timetable' retrieved from /home/airflow/.local/lib/python3.12/site-packages/airflow/example_dags/example_workday_timetable.py
[2024-11-11T02:53:48.719+0000] {logging_mixin.py:190} INFO - [2024-11-11T02:53:48.719+0000] {dag.py:3239} INFO - Sync 1 DAGs
[2024-11-11T02:53:48.746+0000] {logging_mixin.py:190} INFO - [2024-11-11T02:53:48.746+0000] {dag.py:4180} INFO - Setting next_dagrun for example_workday_timetable to 2021-01-04 00:00:00+00:00, run_after=2021-01-05 00:00:00+00:00
[2024-11-11T02:53:48.755+0000] {processor.py:208} INFO - Processing /home/airflow/.local/lib/python3.12/site-packages/airflow/example_dags/example_workday_timetable.py took 0.055 seconds
[2024-11-11T02:54:19.215+0000] {processor.py:186} INFO - Started process (PID=3741) to work on /home/airflow/.local/lib/python3.12/site-packages/airflow/example_dags/example_workday_timetable.py
[2024-11-11T02:54:19.216+0000] {processor.py:914} INFO - Processing file /home/airflow/.local/lib/python3.12/site-packages/airflow/example_dags/example_workday_timetable.py for tasks to queue
[2024-11-11T02:54:19.217+0000] {logging_mixin.py:190} INFO - [2024-11-11T02:54:19.217+0000] {dagbag.py:588} INFO - Filling up the DagBag from /home/airflow/.local/lib/python3.12/site-packages/airflow/example_dags/example_workday_timetable.py
[2024-11-11T02:54:19.220+0000] {processor.py:925} INFO - DAG(s) 'example_workday_timetable' retrieved from /home/airflow/.local/lib/python3.12/site-packages/airflow/example_dags/example_workday_timetable.py
[2024-11-11T02:54:19.229+0000] {logging_mixin.py:190} INFO - [2024-11-11T02:54:19.229+0000] {dag.py:3239} INFO - Sync 1 DAGs
[2024-11-11T02:54:19.255+0000] {logging_mixin.py:190} INFO - [2024-11-11T02:54:19.255+0000] {dag.py:4180} INFO - Setting next_dagrun for example_workday_timetable to 2021-01-04 00:00:00+00:00, run_after=2021-01-05 00:00:00+00:00
[2024-11-11T02:54:19.264+0000] {processor.py:208} INFO - Processing /home/airflow/.local/lib/python3.12/site-packages/airflow/example_dags/example_workday_timetable.py took 0.052 seconds
[2024-11-11T02:54:49.745+0000] {processor.py:186} INFO - Started process (PID=3804) to work on /home/airflow/.local/lib/python3.12/site-packages/airflow/example_dags/example_workday_timetable.py
[2024-11-11T02:54:49.746+0000] {processor.py:914} INFO - Processing file /home/airflow/.local/lib/python3.12/site-packages/airflow/example_dags/example_workday_timetable.py for tasks to queue
[2024-11-11T02:54:49.747+0000] {logging_mixin.py:190} INFO - [2024-11-11T02:54:49.747+0000] {dagbag.py:588} INFO - Filling up the DagBag from /home/airflow/.local/lib/python3.12/site-packages/airflow/example_dags/example_workday_timetable.py
[2024-11-11T02:54:49.751+0000] {processor.py:925} INFO - DAG(s) 'example_workday_timetable' retrieved from /home/airflow/.local/lib/python3.12/site-packages/airflow/example_dags/example_workday_timetable.py
[2024-11-11T02:54:49.762+0000] {logging_mixin.py:190} INFO - [2024-11-11T02:54:49.762+0000] {dag.py:3239} INFO - Sync 1 DAGs
[2024-11-11T02:54:49.790+0000] {logging_mixin.py:190} INFO - [2024-11-11T02:54:49.790+0000] {dag.py:4180} INFO - Setting next_dagrun for example_workday_timetable to 2021-01-04 00:00:00+00:00, run_after=2021-01-05 00:00:00+00:00
[2024-11-11T02:54:49.800+0000] {processor.py:208} INFO - Processing /home/airflow/.local/lib/python3.12/site-packages/airflow/example_dags/example_workday_timetable.py took 0.058 seconds
[2024-11-11T02:55:20.197+0000] {processor.py:186} INFO - Started process (PID=3867) to work on /home/airflow/.local/lib/python3.12/site-packages/airflow/example_dags/example_workday_timetable.py
[2024-11-11T02:55:20.198+0000] {processor.py:914} INFO - Processing file /home/airflow/.local/lib/python3.12/site-packages/airflow/example_dags/example_workday_timetable.py for tasks to queue
[2024-11-11T02:55:20.199+0000] {logging_mixin.py:190} INFO - [2024-11-11T02:55:20.199+0000] {dagbag.py:588} INFO - Filling up the DagBag from /home/airflow/.local/lib/python3.12/site-packages/airflow/example_dags/example_workday_timetable.py
[2024-11-11T02:55:20.203+0000] {processor.py:925} INFO - DAG(s) 'example_workday_timetable' retrieved from /home/airflow/.local/lib/python3.12/site-packages/airflow/example_dags/example_workday_timetable.py
[2024-11-11T02:55:20.213+0000] {logging_mixin.py:190} INFO - [2024-11-11T02:55:20.213+0000] {dag.py:3239} INFO - Sync 1 DAGs
[2024-11-11T02:55:20.241+0000] {logging_mixin.py:190} INFO - [2024-11-11T02:55:20.241+0000] {dag.py:4180} INFO - Setting next_dagrun for example_workday_timetable to 2021-01-04 00:00:00+00:00, run_after=2021-01-05 00:00:00+00:00
[2024-11-11T02:55:20.250+0000] {processor.py:208} INFO - Processing /home/airflow/.local/lib/python3.12/site-packages/airflow/example_dags/example_workday_timetable.py took 0.056 seconds
[2024-11-11T02:55:50.677+0000] {processor.py:186} INFO - Started process (PID=3930) to work on /home/airflow/.local/lib/python3.12/site-packages/airflow/example_dags/example_workday_timetable.py
[2024-11-11T02:55:50.678+0000] {processor.py:914} INFO - Processing file /home/airflow/.local/lib/python3.12/site-packages/airflow/example_dags/example_workday_timetable.py for tasks to queue
[2024-11-11T02:55:50.679+0000] {logging_mixin.py:190} INFO - [2024-11-11T02:55:50.679+0000] {dagbag.py:588} INFO - Filling up the DagBag from /home/airflow/.local/lib/python3.12/site-packages/airflow/example_dags/example_workday_timetable.py
[2024-11-11T02:55:50.683+0000] {processor.py:925} INFO - DAG(s) 'example_workday_timetable' retrieved from /home/airflow/.local/lib/python3.12/site-packages/airflow/example_dags/example_workday_timetable.py
[2024-11-11T02:55:50.693+0000] {logging_mixin.py:190} INFO - [2024-11-11T02:55:50.693+0000] {dag.py:3239} INFO - Sync 1 DAGs
[2024-11-11T02:55:50.720+0000] {logging_mixin.py:190} INFO - [2024-11-11T02:55:50.719+0000] {dag.py:4180} INFO - Setting next_dagrun for example_workday_timetable to 2021-01-04 00:00:00+00:00, run_after=2021-01-05 00:00:00+00:00
[2024-11-11T02:55:50.729+0000] {processor.py:208} INFO - Processing /home/airflow/.local/lib/python3.12/site-packages/airflow/example_dags/example_workday_timetable.py took 0.056 seconds
[2024-11-11T02:56:21.221+0000] {processor.py:186} INFO - Started process (PID=3993) to work on /home/airflow/.local/lib/python3.12/site-packages/airflow/example_dags/example_workday_timetable.py
[2024-11-11T02:56:21.222+0000] {processor.py:914} INFO - Processing file /home/airflow/.local/lib/python3.12/site-packages/airflow/example_dags/example_workday_timetable.py for tasks to queue
[2024-11-11T02:56:21.223+0000] {logging_mixin.py:190} INFO - [2024-11-11T02:56:21.223+0000] {dagbag.py:588} INFO - Filling up the DagBag from /home/airflow/.local/lib/python3.12/site-packages/airflow/example_dags/example_workday_timetable.py
[2024-11-11T02:56:21.227+0000] {processor.py:925} INFO - DAG(s) 'example_workday_timetable' retrieved from /home/airflow/.local/lib/python3.12/site-packages/airflow/example_dags/example_workday_timetable.py
[2024-11-11T02:56:21.236+0000] {logging_mixin.py:190} INFO - [2024-11-11T02:56:21.236+0000] {dag.py:3239} INFO - Sync 1 DAGs
[2024-11-11T02:56:21.263+0000] {logging_mixin.py:190} INFO - [2024-11-11T02:56:21.263+0000] {dag.py:4180} INFO - Setting next_dagrun for example_workday_timetable to 2021-01-04 00:00:00+00:00, run_after=2021-01-05 00:00:00+00:00
[2024-11-11T02:56:21.272+0000] {processor.py:208} INFO - Processing /home/airflow/.local/lib/python3.12/site-packages/airflow/example_dags/example_workday_timetable.py took 0.054 seconds
[2024-11-11T02:56:51.753+0000] {processor.py:186} INFO - Started process (PID=4056) to work on /home/airflow/.local/lib/python3.12/site-packages/airflow/example_dags/example_workday_timetable.py
[2024-11-11T02:56:51.753+0000] {processor.py:914} INFO - Processing file /home/airflow/.local/lib/python3.12/site-packages/airflow/example_dags/example_workday_timetable.py for tasks to queue
[2024-11-11T02:56:51.755+0000] {logging_mixin.py:190} INFO - [2024-11-11T02:56:51.755+0000] {dagbag.py:588} INFO - Filling up the DagBag from /home/airflow/.local/lib/python3.12/site-packages/airflow/example_dags/example_workday_timetable.py
[2024-11-11T02:56:51.758+0000] {processor.py:925} INFO - DAG(s) 'example_workday_timetable' retrieved from /home/airflow/.local/lib/python3.12/site-packages/airflow/example_dags/example_workday_timetable.py
[2024-11-11T02:56:51.768+0000] {logging_mixin.py:190} INFO - [2024-11-11T02:56:51.768+0000] {dag.py:3239} INFO - Sync 1 DAGs
[2024-11-11T02:56:51.795+0000] {logging_mixin.py:190} INFO - [2024-11-11T02:56:51.795+0000] {dag.py:4180} INFO - Setting next_dagrun for example_workday_timetable to 2021-01-04 00:00:00+00:00, run_after=2021-01-05 00:00:00+00:00
[2024-11-11T02:56:51.804+0000] {processor.py:208} INFO - Processing /home/airflow/.local/lib/python3.12/site-packages/airflow/example_dags/example_workday_timetable.py took 0.055 seconds
[2024-11-11T02:57:22.282+0000] {processor.py:186} INFO - Started process (PID=4119) to work on /home/airflow/.local/lib/python3.12/site-packages/airflow/example_dags/example_workday_timetable.py
[2024-11-11T02:57:22.283+0000] {processor.py:914} INFO - Processing file /home/airflow/.local/lib/python3.12/site-packages/airflow/example_dags/example_workday_timetable.py for tasks to queue
[2024-11-11T02:57:22.284+0000] {logging_mixin.py:190} INFO - [2024-11-11T02:57:22.284+0000] {dagbag.py:588} INFO - Filling up the DagBag from /home/airflow/.local/lib/python3.12/site-packages/airflow/example_dags/example_workday_timetable.py
[2024-11-11T02:57:22.288+0000] {processor.py:925} INFO - DAG(s) 'example_workday_timetable' retrieved from /home/airflow/.local/lib/python3.12/site-packages/airflow/example_dags/example_workday_timetable.py
[2024-11-11T02:57:22.298+0000] {logging_mixin.py:190} INFO - [2024-11-11T02:57:22.298+0000] {dag.py:3239} INFO - Sync 1 DAGs
[2024-11-11T02:57:22.325+0000] {logging_mixin.py:190} INFO - [2024-11-11T02:57:22.325+0000] {dag.py:4180} INFO - Setting next_dagrun for example_workday_timetable to 2021-01-04 00:00:00+00:00, run_after=2021-01-05 00:00:00+00:00
[2024-11-11T02:57:22.333+0000] {processor.py:208} INFO - Processing /home/airflow/.local/lib/python3.12/site-packages/airflow/example_dags/example_workday_timetable.py took 0.054 seconds
[2024-11-11T02:57:52.766+0000] {processor.py:186} INFO - Started process (PID=4182) to work on /home/airflow/.local/lib/python3.12/site-packages/airflow/example_dags/example_workday_timetable.py
[2024-11-11T02:57:52.767+0000] {processor.py:914} INFO - Processing file /home/airflow/.local/lib/python3.12/site-packages/airflow/example_dags/example_workday_timetable.py for tasks to queue
[2024-11-11T02:57:52.768+0000] {logging_mixin.py:190} INFO - [2024-11-11T02:57:52.768+0000] {dagbag.py:588} INFO - Filling up the DagBag from /home/airflow/.local/lib/python3.12/site-packages/airflow/example_dags/example_workday_timetable.py
[2024-11-11T02:57:52.772+0000] {processor.py:925} INFO - DAG(s) 'example_workday_timetable' retrieved from /home/airflow/.local/lib/python3.12/site-packages/airflow/example_dags/example_workday_timetable.py
[2024-11-11T02:57:52.781+0000] {logging_mixin.py:190} INFO - [2024-11-11T02:57:52.781+0000] {dag.py:3239} INFO - Sync 1 DAGs
[2024-11-11T02:57:52.806+0000] {logging_mixin.py:190} INFO - [2024-11-11T02:57:52.806+0000] {dag.py:4180} INFO - Setting next_dagrun for example_workday_timetable to 2021-01-04 00:00:00+00:00, run_after=2021-01-05 00:00:00+00:00
[2024-11-11T02:57:52.814+0000] {processor.py:208} INFO - Processing /home/airflow/.local/lib/python3.12/site-packages/airflow/example_dags/example_workday_timetable.py took 0.050 seconds
[2024-11-11T02:58:23.200+0000] {processor.py:186} INFO - Started process (PID=4245) to work on /home/airflow/.local/lib/python3.12/site-packages/airflow/example_dags/example_workday_timetable.py
[2024-11-11T02:58:23.201+0000] {processor.py:914} INFO - Processing file /home/airflow/.local/lib/python3.12/site-packages/airflow/example_dags/example_workday_timetable.py for tasks to queue
[2024-11-11T02:58:23.202+0000] {logging_mixin.py:190} INFO - [2024-11-11T02:58:23.202+0000] {dagbag.py:588} INFO - Filling up the DagBag from /home/airflow/.local/lib/python3.12/site-packages/airflow/example_dags/example_workday_timetable.py
[2024-11-11T02:58:23.206+0000] {processor.py:925} INFO - DAG(s) 'example_workday_timetable' retrieved from /home/airflow/.local/lib/python3.12/site-packages/airflow/example_dags/example_workday_timetable.py
[2024-11-11T02:58:23.216+0000] {logging_mixin.py:190} INFO - [2024-11-11T02:58:23.216+0000] {dag.py:3239} INFO - Sync 1 DAGs
[2024-11-11T02:58:23.242+0000] {logging_mixin.py:190} INFO - [2024-11-11T02:58:23.242+0000] {dag.py:4180} INFO - Setting next_dagrun for example_workday_timetable to 2021-01-04 00:00:00+00:00, run_after=2021-01-05 00:00:00+00:00
[2024-11-11T02:58:23.251+0000] {processor.py:208} INFO - Processing /home/airflow/.local/lib/python3.12/site-packages/airflow/example_dags/example_workday_timetable.py took 0.054 seconds
[2024-11-11T02:58:53.647+0000] {processor.py:186} INFO - Started process (PID=4308) to work on /home/airflow/.local/lib/python3.12/site-packages/airflow/example_dags/example_workday_timetable.py
[2024-11-11T02:58:53.648+0000] {processor.py:914} INFO - Processing file /home/airflow/.local/lib/python3.12/site-packages/airflow/example_dags/example_workday_timetable.py for tasks to queue
[2024-11-11T02:58:53.649+0000] {logging_mixin.py:190} INFO - [2024-11-11T02:58:53.649+0000] {dagbag.py:588} INFO - Filling up the DagBag from /home/airflow/.local/lib/python3.12/site-packages/airflow/example_dags/example_workday_timetable.py
[2024-11-11T02:58:53.653+0000] {processor.py:925} INFO - DAG(s) 'example_workday_timetable' retrieved from /home/airflow/.local/lib/python3.12/site-packages/airflow/example_dags/example_workday_timetable.py
[2024-11-11T02:58:53.663+0000] {logging_mixin.py:190} INFO - [2024-11-11T02:58:53.663+0000] {dag.py:3239} INFO - Sync 1 DAGs
[2024-11-11T02:58:53.690+0000] {logging_mixin.py:190} INFO - [2024-11-11T02:58:53.690+0000] {dag.py:4180} INFO - Setting next_dagrun for example_workday_timetable to 2021-01-04 00:00:00+00:00, run_after=2021-01-05 00:00:00+00:00
[2024-11-11T02:58:53.700+0000] {processor.py:208} INFO - Processing /home/airflow/.local/lib/python3.12/site-packages/airflow/example_dags/example_workday_timetable.py took 0.057 seconds
[2024-11-11T02:59:24.121+0000] {processor.py:186} INFO - Started process (PID=4371) to work on /home/airflow/.local/lib/python3.12/site-packages/airflow/example_dags/example_workday_timetable.py
[2024-11-11T02:59:24.122+0000] {processor.py:914} INFO - Processing file /home/airflow/.local/lib/python3.12/site-packages/airflow/example_dags/example_workday_timetable.py for tasks to queue
[2024-11-11T02:59:24.124+0000] {logging_mixin.py:190} INFO - [2024-11-11T02:59:24.124+0000] {dagbag.py:588} INFO - Filling up the DagBag from /home/airflow/.local/lib/python3.12/site-packages/airflow/example_dags/example_workday_timetable.py
[2024-11-11T02:59:24.127+0000] {processor.py:925} INFO - DAG(s) 'example_workday_timetable' retrieved from /home/airflow/.local/lib/python3.12/site-packages/airflow/example_dags/example_workday_timetable.py
[2024-11-11T02:59:24.137+0000] {logging_mixin.py:190} INFO - [2024-11-11T02:59:24.137+0000] {dag.py:3239} INFO - Sync 1 DAGs
[2024-11-11T02:59:24.166+0000] {logging_mixin.py:190} INFO - [2024-11-11T02:59:24.166+0000] {dag.py:4180} INFO - Setting next_dagrun for example_workday_timetable to 2021-01-04 00:00:00+00:00, run_after=2021-01-05 00:00:00+00:00
[2024-11-11T02:59:24.174+0000] {processor.py:208} INFO - Processing /home/airflow/.local/lib/python3.12/site-packages/airflow/example_dags/example_workday_timetable.py took 0.056 seconds
[2024-11-11T02:59:54.627+0000] {processor.py:186} INFO - Started process (PID=4434) to work on /home/airflow/.local/lib/python3.12/site-packages/airflow/example_dags/example_workday_timetable.py
[2024-11-11T02:59:54.628+0000] {processor.py:914} INFO - Processing file /home/airflow/.local/lib/python3.12/site-packages/airflow/example_dags/example_workday_timetable.py for tasks to queue
[2024-11-11T02:59:54.629+0000] {logging_mixin.py:190} INFO - [2024-11-11T02:59:54.629+0000] {dagbag.py:588} INFO - Filling up the DagBag from /home/airflow/.local/lib/python3.12/site-packages/airflow/example_dags/example_workday_timetable.py
[2024-11-11T02:59:54.633+0000] {processor.py:925} INFO - DAG(s) 'example_workday_timetable' retrieved from /home/airflow/.local/lib/python3.12/site-packages/airflow/example_dags/example_workday_timetable.py
[2024-11-11T02:59:54.644+0000] {logging_mixin.py:190} INFO - [2024-11-11T02:59:54.644+0000] {dag.py:3239} INFO - Sync 1 DAGs
[2024-11-11T02:59:54.672+0000] {logging_mixin.py:190} INFO - [2024-11-11T02:59:54.672+0000] {dag.py:4180} INFO - Setting next_dagrun for example_workday_timetable to 2021-01-04 00:00:00+00:00, run_after=2021-01-05 00:00:00+00:00
[2024-11-11T02:59:54.680+0000] {processor.py:208} INFO - Processing /home/airflow/.local/lib/python3.12/site-packages/airflow/example_dags/example_workday_timetable.py took 0.056 seconds
[2024-11-11T03:00:25.139+0000] {processor.py:186} INFO - Started process (PID=4497) to work on /home/airflow/.local/lib/python3.12/site-packages/airflow/example_dags/example_workday_timetable.py
[2024-11-11T03:00:25.140+0000] {processor.py:914} INFO - Processing file /home/airflow/.local/lib/python3.12/site-packages/airflow/example_dags/example_workday_timetable.py for tasks to queue
[2024-11-11T03:00:25.141+0000] {logging_mixin.py:190} INFO - [2024-11-11T03:00:25.141+0000] {dagbag.py:588} INFO - Filling up the DagBag from /home/airflow/.local/lib/python3.12/site-packages/airflow/example_dags/example_workday_timetable.py
[2024-11-11T03:00:25.145+0000] {processor.py:925} INFO - DAG(s) 'example_workday_timetable' retrieved from /home/airflow/.local/lib/python3.12/site-packages/airflow/example_dags/example_workday_timetable.py
[2024-11-11T03:00:25.154+0000] {logging_mixin.py:190} INFO - [2024-11-11T03:00:25.154+0000] {dag.py:3239} INFO - Sync 1 DAGs
[2024-11-11T03:00:25.181+0000] {logging_mixin.py:190} INFO - [2024-11-11T03:00:25.181+0000] {dag.py:4180} INFO - Setting next_dagrun for example_workday_timetable to 2021-01-04 00:00:00+00:00, run_after=2021-01-05 00:00:00+00:00
[2024-11-11T03:00:25.190+0000] {processor.py:208} INFO - Processing /home/airflow/.local/lib/python3.12/site-packages/airflow/example_dags/example_workday_timetable.py took 0.054 seconds
[2024-11-11T03:00:55.618+0000] {processor.py:186} INFO - Started process (PID=4560) to work on /home/airflow/.local/lib/python3.12/site-packages/airflow/example_dags/example_workday_timetable.py
[2024-11-11T03:00:55.618+0000] {processor.py:914} INFO - Processing file /home/airflow/.local/lib/python3.12/site-packages/airflow/example_dags/example_workday_timetable.py for tasks to queue
[2024-11-11T03:00:55.619+0000] {logging_mixin.py:190} INFO - [2024-11-11T03:00:55.619+0000] {dagbag.py:588} INFO - Filling up the DagBag from /home/airflow/.local/lib/python3.12/site-packages/airflow/example_dags/example_workday_timetable.py
[2024-11-11T03:00:55.623+0000] {processor.py:925} INFO - DAG(s) 'example_workday_timetable' retrieved from /home/airflow/.local/lib/python3.12/site-packages/airflow/example_dags/example_workday_timetable.py
[2024-11-11T03:00:55.633+0000] {logging_mixin.py:190} INFO - [2024-11-11T03:00:55.633+0000] {dag.py:3239} INFO - Sync 1 DAGs
[2024-11-11T03:00:55.660+0000] {logging_mixin.py:190} INFO - [2024-11-11T03:00:55.660+0000] {dag.py:4180} INFO - Setting next_dagrun for example_workday_timetable to 2021-01-04 00:00:00+00:00, run_after=2021-01-05 00:00:00+00:00
[2024-11-11T03:00:55.668+0000] {processor.py:208} INFO - Processing /home/airflow/.local/lib/python3.12/site-packages/airflow/example_dags/example_workday_timetable.py took 0.054 seconds
[2024-11-11T03:01:26.113+0000] {processor.py:186} INFO - Started process (PID=4623) to work on /home/airflow/.local/lib/python3.12/site-packages/airflow/example_dags/example_workday_timetable.py
[2024-11-11T03:01:26.114+0000] {processor.py:914} INFO - Processing file /home/airflow/.local/lib/python3.12/site-packages/airflow/example_dags/example_workday_timetable.py for tasks to queue
[2024-11-11T03:01:26.115+0000] {logging_mixin.py:190} INFO - [2024-11-11T03:01:26.115+0000] {dagbag.py:588} INFO - Filling up the DagBag from /home/airflow/.local/lib/python3.12/site-packages/airflow/example_dags/example_workday_timetable.py
[2024-11-11T03:01:26.119+0000] {processor.py:925} INFO - DAG(s) 'example_workday_timetable' retrieved from /home/airflow/.local/lib/python3.12/site-packages/airflow/example_dags/example_workday_timetable.py
[2024-11-11T03:01:26.128+0000] {logging_mixin.py:190} INFO - [2024-11-11T03:01:26.128+0000] {dag.py:3239} INFO - Sync 1 DAGs
[2024-11-11T03:01:26.153+0000] {logging_mixin.py:190} INFO - [2024-11-11T03:01:26.153+0000] {dag.py:4180} INFO - Setting next_dagrun for example_workday_timetable to 2021-01-04 00:00:00+00:00, run_after=2021-01-05 00:00:00+00:00
[2024-11-11T03:01:26.161+0000] {processor.py:208} INFO - Processing /home/airflow/.local/lib/python3.12/site-packages/airflow/example_dags/example_workday_timetable.py took 0.050 seconds
[2024-11-11T03:01:56.851+0000] {processor.py:186} INFO - Started process (PID=4692) to work on /home/airflow/.local/lib/python3.12/site-packages/airflow/example_dags/example_workday_timetable.py
[2024-11-11T03:01:56.851+0000] {processor.py:914} INFO - Processing file /home/airflow/.local/lib/python3.12/site-packages/airflow/example_dags/example_workday_timetable.py for tasks to queue
[2024-11-11T03:01:56.853+0000] {logging_mixin.py:190} INFO - [2024-11-11T03:01:56.853+0000] {dagbag.py:588} INFO - Filling up the DagBag from /home/airflow/.local/lib/python3.12/site-packages/airflow/example_dags/example_workday_timetable.py
[2024-11-11T03:01:56.857+0000] {processor.py:925} INFO - DAG(s) 'example_workday_timetable' retrieved from /home/airflow/.local/lib/python3.12/site-packages/airflow/example_dags/example_workday_timetable.py
[2024-11-11T03:01:56.867+0000] {logging_mixin.py:190} INFO - [2024-11-11T03:01:56.867+0000] {dag.py:3239} INFO - Sync 1 DAGs
[2024-11-11T03:01:56.894+0000] {logging_mixin.py:190} INFO - [2024-11-11T03:01:56.894+0000] {dag.py:4180} INFO - Setting next_dagrun for example_workday_timetable to 2021-01-04 00:00:00+00:00, run_after=2021-01-05 00:00:00+00:00
[2024-11-11T03:01:56.902+0000] {processor.py:208} INFO - Processing /home/airflow/.local/lib/python3.12/site-packages/airflow/example_dags/example_workday_timetable.py took 0.055 seconds
[2024-11-11T03:03:16.477+0000] {processor.py:186} INFO - Started process (PID=4749) to work on /home/airflow/.local/lib/python3.12/site-packages/airflow/example_dags/example_workday_timetable.py
[2024-11-11T03:03:16.478+0000] {processor.py:914} INFO - Processing file /home/airflow/.local/lib/python3.12/site-packages/airflow/example_dags/example_workday_timetable.py for tasks to queue
[2024-11-11T03:03:16.479+0000] {logging_mixin.py:190} INFO - [2024-11-11T03:03:16.479+0000] {dagbag.py:588} INFO - Filling up the DagBag from /home/airflow/.local/lib/python3.12/site-packages/airflow/example_dags/example_workday_timetable.py
[2024-11-11T03:03:16.483+0000] {processor.py:925} INFO - DAG(s) 'example_workday_timetable' retrieved from /home/airflow/.local/lib/python3.12/site-packages/airflow/example_dags/example_workday_timetable.py
[2024-11-11T03:03:16.493+0000] {logging_mixin.py:190} INFO - [2024-11-11T03:03:16.493+0000] {dag.py:3239} INFO - Sync 1 DAGs
[2024-11-11T03:03:16.520+0000] {logging_mixin.py:190} INFO - [2024-11-11T03:03:16.520+0000] {dag.py:4180} INFO - Setting next_dagrun for example_workday_timetable to 2021-01-04 00:00:00+00:00, run_after=2021-01-05 00:00:00+00:00
[2024-11-11T03:03:16.528+0000] {processor.py:208} INFO - Processing /home/airflow/.local/lib/python3.12/site-packages/airflow/example_dags/example_workday_timetable.py took 0.055 seconds
[2024-11-11T03:03:46.855+0000] {processor.py:186} INFO - Started process (PID=4812) to work on /home/airflow/.local/lib/python3.12/site-packages/airflow/example_dags/example_workday_timetable.py
[2024-11-11T03:03:46.855+0000] {processor.py:914} INFO - Processing file /home/airflow/.local/lib/python3.12/site-packages/airflow/example_dags/example_workday_timetable.py for tasks to queue
[2024-11-11T03:03:46.857+0000] {logging_mixin.py:190} INFO - [2024-11-11T03:03:46.857+0000] {dagbag.py:588} INFO - Filling up the DagBag from /home/airflow/.local/lib/python3.12/site-packages/airflow/example_dags/example_workday_timetable.py
[2024-11-11T03:03:46.861+0000] {processor.py:925} INFO - DAG(s) 'example_workday_timetable' retrieved from /home/airflow/.local/lib/python3.12/site-packages/airflow/example_dags/example_workday_timetable.py
[2024-11-11T03:03:46.871+0000] {logging_mixin.py:190} INFO - [2024-11-11T03:03:46.871+0000] {dag.py:3239} INFO - Sync 1 DAGs
[2024-11-11T03:03:46.899+0000] {logging_mixin.py:190} INFO - [2024-11-11T03:03:46.898+0000] {dag.py:4180} INFO - Setting next_dagrun for example_workday_timetable to 2021-01-04 00:00:00+00:00, run_after=2021-01-05 00:00:00+00:00
[2024-11-11T03:03:46.907+0000] {processor.py:208} INFO - Processing /home/airflow/.local/lib/python3.12/site-packages/airflow/example_dags/example_workday_timetable.py took 0.055 seconds
[2024-11-11T03:04:17.378+0000] {processor.py:186} INFO - Started process (PID=4875) to work on /home/airflow/.local/lib/python3.12/site-packages/airflow/example_dags/example_workday_timetable.py
[2024-11-11T03:04:17.379+0000] {processor.py:914} INFO - Processing file /home/airflow/.local/lib/python3.12/site-packages/airflow/example_dags/example_workday_timetable.py for tasks to queue
[2024-11-11T03:04:17.380+0000] {logging_mixin.py:190} INFO - [2024-11-11T03:04:17.380+0000] {dagbag.py:588} INFO - Filling up the DagBag from /home/airflow/.local/lib/python3.12/site-packages/airflow/example_dags/example_workday_timetable.py
[2024-11-11T03:04:17.384+0000] {processor.py:925} INFO - DAG(s) 'example_workday_timetable' retrieved from /home/airflow/.local/lib/python3.12/site-packages/airflow/example_dags/example_workday_timetable.py
[2024-11-11T03:04:17.395+0000] {logging_mixin.py:190} INFO - [2024-11-11T03:04:17.395+0000] {dag.py:3239} INFO - Sync 1 DAGs
[2024-11-11T03:04:17.424+0000] {logging_mixin.py:190} INFO - [2024-11-11T03:04:17.423+0000] {dag.py:4180} INFO - Setting next_dagrun for example_workday_timetable to 2021-01-04 00:00:00+00:00, run_after=2021-01-05 00:00:00+00:00
[2024-11-11T03:04:17.433+0000] {processor.py:208} INFO - Processing /home/airflow/.local/lib/python3.12/site-packages/airflow/example_dags/example_workday_timetable.py took 0.059 seconds
[2024-11-11T03:04:47.908+0000] {processor.py:186} INFO - Started process (PID=4938) to work on /home/airflow/.local/lib/python3.12/site-packages/airflow/example_dags/example_workday_timetable.py
[2024-11-11T03:04:47.909+0000] {processor.py:914} INFO - Processing file /home/airflow/.local/lib/python3.12/site-packages/airflow/example_dags/example_workday_timetable.py for tasks to queue
[2024-11-11T03:04:47.910+0000] {logging_mixin.py:190} INFO - [2024-11-11T03:04:47.910+0000] {dagbag.py:588} INFO - Filling up the DagBag from /home/airflow/.local/lib/python3.12/site-packages/airflow/example_dags/example_workday_timetable.py
[2024-11-11T03:04:47.914+0000] {processor.py:925} INFO - DAG(s) 'example_workday_timetable' retrieved from /home/airflow/.local/lib/python3.12/site-packages/airflow/example_dags/example_workday_timetable.py
[2024-11-11T03:04:47.924+0000] {logging_mixin.py:190} INFO - [2024-11-11T03:04:47.924+0000] {dag.py:3239} INFO - Sync 1 DAGs
[2024-11-11T03:04:47.951+0000] {logging_mixin.py:190} INFO - [2024-11-11T03:04:47.951+0000] {dag.py:4180} INFO - Setting next_dagrun for example_workday_timetable to 2021-01-04 00:00:00+00:00, run_after=2021-01-05 00:00:00+00:00
[2024-11-11T03:04:47.960+0000] {processor.py:208} INFO - Processing /home/airflow/.local/lib/python3.12/site-packages/airflow/example_dags/example_workday_timetable.py took 0.055 seconds
[2024-11-11T03:05:18.310+0000] {processor.py:186} INFO - Started process (PID=5001) to work on /home/airflow/.local/lib/python3.12/site-packages/airflow/example_dags/example_workday_timetable.py
[2024-11-11T03:05:18.311+0000] {processor.py:914} INFO - Processing file /home/airflow/.local/lib/python3.12/site-packages/airflow/example_dags/example_workday_timetable.py for tasks to queue
[2024-11-11T03:05:18.312+0000] {logging_mixin.py:190} INFO - [2024-11-11T03:05:18.312+0000] {dagbag.py:588} INFO - Filling up the DagBag from /home/airflow/.local/lib/python3.12/site-packages/airflow/example_dags/example_workday_timetable.py
[2024-11-11T03:05:18.316+0000] {processor.py:925} INFO - DAG(s) 'example_workday_timetable' retrieved from /home/airflow/.local/lib/python3.12/site-packages/airflow/example_dags/example_workday_timetable.py
[2024-11-11T03:05:18.326+0000] {logging_mixin.py:190} INFO - [2024-11-11T03:05:18.326+0000] {dag.py:3239} INFO - Sync 1 DAGs
[2024-11-11T03:05:18.353+0000] {logging_mixin.py:190} INFO - [2024-11-11T03:05:18.353+0000] {dag.py:4180} INFO - Setting next_dagrun for example_workday_timetable to 2021-01-04 00:00:00+00:00, run_after=2021-01-05 00:00:00+00:00
[2024-11-11T03:05:18.361+0000] {processor.py:208} INFO - Processing /home/airflow/.local/lib/python3.12/site-packages/airflow/example_dags/example_workday_timetable.py took 0.055 seconds
[2024-11-11T03:05:48.646+0000] {processor.py:186} INFO - Started process (PID=5064) to work on /home/airflow/.local/lib/python3.12/site-packages/airflow/example_dags/example_workday_timetable.py
[2024-11-11T03:05:48.647+0000] {processor.py:914} INFO - Processing file /home/airflow/.local/lib/python3.12/site-packages/airflow/example_dags/example_workday_timetable.py for tasks to queue
[2024-11-11T03:05:48.649+0000] {logging_mixin.py:190} INFO - [2024-11-11T03:05:48.648+0000] {dagbag.py:588} INFO - Filling up the DagBag from /home/airflow/.local/lib/python3.12/site-packages/airflow/example_dags/example_workday_timetable.py
[2024-11-11T03:05:48.653+0000] {processor.py:925} INFO - DAG(s) 'example_workday_timetable' retrieved from /home/airflow/.local/lib/python3.12/site-packages/airflow/example_dags/example_workday_timetable.py
[2024-11-11T03:05:48.663+0000] {logging_mixin.py:190} INFO - [2024-11-11T03:05:48.663+0000] {dag.py:3239} INFO - Sync 1 DAGs
[2024-11-11T03:05:48.690+0000] {logging_mixin.py:190} INFO - [2024-11-11T03:05:48.690+0000] {dag.py:4180} INFO - Setting next_dagrun for example_workday_timetable to 2021-01-04 00:00:00+00:00, run_after=2021-01-05 00:00:00+00:00
[2024-11-11T03:05:48.699+0000] {processor.py:208} INFO - Processing /home/airflow/.local/lib/python3.12/site-packages/airflow/example_dags/example_workday_timetable.py took 0.056 seconds
[2024-11-11T03:06:18.992+0000] {processor.py:186} INFO - Started process (PID=5127) to work on /home/airflow/.local/lib/python3.12/site-packages/airflow/example_dags/example_workday_timetable.py
[2024-11-11T03:06:18.997+0000] {processor.py:914} INFO - Processing file /home/airflow/.local/lib/python3.12/site-packages/airflow/example_dags/example_workday_timetable.py for tasks to queue
[2024-11-11T03:06:19.004+0000] {logging_mixin.py:190} INFO - [2024-11-11T03:06:19.003+0000] {dagbag.py:588} INFO - Filling up the DagBag from /home/airflow/.local/lib/python3.12/site-packages/airflow/example_dags/example_workday_timetable.py
[2024-11-11T03:06:19.008+0000] {processor.py:925} INFO - DAG(s) 'example_workday_timetable' retrieved from /home/airflow/.local/lib/python3.12/site-packages/airflow/example_dags/example_workday_timetable.py
[2024-11-11T03:06:19.019+0000] {logging_mixin.py:190} INFO - [2024-11-11T03:06:19.019+0000] {dag.py:3239} INFO - Sync 1 DAGs
[2024-11-11T03:06:19.045+0000] {logging_mixin.py:190} INFO - [2024-11-11T03:06:19.045+0000] {dag.py:4180} INFO - Setting next_dagrun for example_workday_timetable to 2021-01-04 00:00:00+00:00, run_after=2021-01-05 00:00:00+00:00
[2024-11-11T03:06:19.054+0000] {processor.py:208} INFO - Processing /home/airflow/.local/lib/python3.12/site-packages/airflow/example_dags/example_workday_timetable.py took 0.065 seconds
[2024-11-11T03:06:49.496+0000] {processor.py:186} INFO - Started process (PID=5190) to work on /home/airflow/.local/lib/python3.12/site-packages/airflow/example_dags/example_workday_timetable.py
[2024-11-11T03:06:49.497+0000] {processor.py:914} INFO - Processing file /home/airflow/.local/lib/python3.12/site-packages/airflow/example_dags/example_workday_timetable.py for tasks to queue
[2024-11-11T03:06:49.498+0000] {logging_mixin.py:190} INFO - [2024-11-11T03:06:49.498+0000] {dagbag.py:588} INFO - Filling up the DagBag from /home/airflow/.local/lib/python3.12/site-packages/airflow/example_dags/example_workday_timetable.py
[2024-11-11T03:06:49.501+0000] {processor.py:925} INFO - DAG(s) 'example_workday_timetable' retrieved from /home/airflow/.local/lib/python3.12/site-packages/airflow/example_dags/example_workday_timetable.py
[2024-11-11T03:06:49.510+0000] {logging_mixin.py:190} INFO - [2024-11-11T03:06:49.509+0000] {dag.py:3239} INFO - Sync 1 DAGs
[2024-11-11T03:06:49.536+0000] {logging_mixin.py:190} INFO - [2024-11-11T03:06:49.536+0000] {dag.py:4180} INFO - Setting next_dagrun for example_workday_timetable to 2021-01-04 00:00:00+00:00, run_after=2021-01-05 00:00:00+00:00
[2024-11-11T03:06:49.545+0000] {processor.py:208} INFO - Processing /home/airflow/.local/lib/python3.12/site-packages/airflow/example_dags/example_workday_timetable.py took 0.052 seconds
[2024-11-11T03:07:19.983+0000] {processor.py:186} INFO - Started process (PID=5254) to work on /home/airflow/.local/lib/python3.12/site-packages/airflow/example_dags/example_workday_timetable.py
[2024-11-11T03:07:19.984+0000] {processor.py:914} INFO - Processing file /home/airflow/.local/lib/python3.12/site-packages/airflow/example_dags/example_workday_timetable.py for tasks to queue
[2024-11-11T03:07:19.985+0000] {logging_mixin.py:190} INFO - [2024-11-11T03:07:19.985+0000] {dagbag.py:588} INFO - Filling up the DagBag from /home/airflow/.local/lib/python3.12/site-packages/airflow/example_dags/example_workday_timetable.py
[2024-11-11T03:07:19.989+0000] {processor.py:925} INFO - DAG(s) 'example_workday_timetable' retrieved from /home/airflow/.local/lib/python3.12/site-packages/airflow/example_dags/example_workday_timetable.py
[2024-11-11T03:07:19.999+0000] {logging_mixin.py:190} INFO - [2024-11-11T03:07:19.999+0000] {dag.py:3239} INFO - Sync 1 DAGs
[2024-11-11T03:07:20.027+0000] {logging_mixin.py:190} INFO - [2024-11-11T03:07:20.027+0000] {dag.py:4180} INFO - Setting next_dagrun for example_workday_timetable to 2021-01-04 00:00:00+00:00, run_after=2021-01-05 00:00:00+00:00
[2024-11-11T03:07:20.035+0000] {processor.py:208} INFO - Processing /home/airflow/.local/lib/python3.12/site-packages/airflow/example_dags/example_workday_timetable.py took 0.056 seconds
[2024-11-11T03:07:50.807+0000] {processor.py:186} INFO - Started process (PID=5317) to work on /home/airflow/.local/lib/python3.12/site-packages/airflow/example_dags/example_workday_timetable.py
[2024-11-11T03:07:50.808+0000] {processor.py:914} INFO - Processing file /home/airflow/.local/lib/python3.12/site-packages/airflow/example_dags/example_workday_timetable.py for tasks to queue
[2024-11-11T03:07:50.809+0000] {logging_mixin.py:190} INFO - [2024-11-11T03:07:50.809+0000] {dagbag.py:588} INFO - Filling up the DagBag from /home/airflow/.local/lib/python3.12/site-packages/airflow/example_dags/example_workday_timetable.py
[2024-11-11T03:07:50.813+0000] {processor.py:925} INFO - DAG(s) 'example_workday_timetable' retrieved from /home/airflow/.local/lib/python3.12/site-packages/airflow/example_dags/example_workday_timetable.py
[2024-11-11T03:07:50.823+0000] {logging_mixin.py:190} INFO - [2024-11-11T03:07:50.823+0000] {dag.py:3239} INFO - Sync 1 DAGs
[2024-11-11T03:07:50.851+0000] {logging_mixin.py:190} INFO - [2024-11-11T03:07:50.851+0000] {dag.py:4180} INFO - Setting next_dagrun for example_workday_timetable to 2021-01-04 00:00:00+00:00, run_after=2021-01-05 00:00:00+00:00
[2024-11-11T03:07:50.860+0000] {processor.py:208} INFO - Processing /home/airflow/.local/lib/python3.12/site-packages/airflow/example_dags/example_workday_timetable.py took 0.057 seconds
[2024-11-11T03:08:21.335+0000] {processor.py:186} INFO - Started process (PID=5380) to work on /home/airflow/.local/lib/python3.12/site-packages/airflow/example_dags/example_workday_timetable.py
[2024-11-11T03:08:21.336+0000] {processor.py:914} INFO - Processing file /home/airflow/.local/lib/python3.12/site-packages/airflow/example_dags/example_workday_timetable.py for tasks to queue
[2024-11-11T03:08:21.337+0000] {logging_mixin.py:190} INFO - [2024-11-11T03:08:21.337+0000] {dagbag.py:588} INFO - Filling up the DagBag from /home/airflow/.local/lib/python3.12/site-packages/airflow/example_dags/example_workday_timetable.py
[2024-11-11T03:08:21.342+0000] {processor.py:925} INFO - DAG(s) 'example_workday_timetable' retrieved from /home/airflow/.local/lib/python3.12/site-packages/airflow/example_dags/example_workday_timetable.py
[2024-11-11T03:08:21.352+0000] {logging_mixin.py:190} INFO - [2024-11-11T03:08:21.352+0000] {dag.py:3239} INFO - Sync 1 DAGs
[2024-11-11T03:08:21.381+0000] {logging_mixin.py:190} INFO - [2024-11-11T03:08:21.381+0000] {dag.py:4180} INFO - Setting next_dagrun for example_workday_timetable to 2021-01-04 00:00:00+00:00, run_after=2021-01-05 00:00:00+00:00
[2024-11-11T03:08:21.389+0000] {processor.py:208} INFO - Processing /home/airflow/.local/lib/python3.12/site-packages/airflow/example_dags/example_workday_timetable.py took 0.057 seconds
[2024-11-11T03:08:51.860+0000] {processor.py:186} INFO - Started process (PID=5443) to work on /home/airflow/.local/lib/python3.12/site-packages/airflow/example_dags/example_workday_timetable.py
[2024-11-11T03:08:51.861+0000] {processor.py:914} INFO - Processing file /home/airflow/.local/lib/python3.12/site-packages/airflow/example_dags/example_workday_timetable.py for tasks to queue
[2024-11-11T03:08:51.862+0000] {logging_mixin.py:190} INFO - [2024-11-11T03:08:51.862+0000] {dagbag.py:588} INFO - Filling up the DagBag from /home/airflow/.local/lib/python3.12/site-packages/airflow/example_dags/example_workday_timetable.py
[2024-11-11T03:08:51.866+0000] {processor.py:925} INFO - DAG(s) 'example_workday_timetable' retrieved from /home/airflow/.local/lib/python3.12/site-packages/airflow/example_dags/example_workday_timetable.py
[2024-11-11T03:08:51.876+0000] {logging_mixin.py:190} INFO - [2024-11-11T03:08:51.876+0000] {dag.py:3239} INFO - Sync 1 DAGs
[2024-11-11T03:08:51.904+0000] {logging_mixin.py:190} INFO - [2024-11-11T03:08:51.904+0000] {dag.py:4180} INFO - Setting next_dagrun for example_workday_timetable to 2021-01-04 00:00:00+00:00, run_after=2021-01-05 00:00:00+00:00
[2024-11-11T03:08:51.912+0000] {processor.py:208} INFO - Processing /home/airflow/.local/lib/python3.12/site-packages/airflow/example_dags/example_workday_timetable.py took 0.055 seconds
[2024-11-11T03:09:22.336+0000] {processor.py:186} INFO - Started process (PID=5506) to work on /home/airflow/.local/lib/python3.12/site-packages/airflow/example_dags/example_workday_timetable.py
[2024-11-11T03:09:22.337+0000] {processor.py:914} INFO - Processing file /home/airflow/.local/lib/python3.12/site-packages/airflow/example_dags/example_workday_timetable.py for tasks to queue
[2024-11-11T03:09:22.338+0000] {logging_mixin.py:190} INFO - [2024-11-11T03:09:22.338+0000] {dagbag.py:588} INFO - Filling up the DagBag from /home/airflow/.local/lib/python3.12/site-packages/airflow/example_dags/example_workday_timetable.py
[2024-11-11T03:09:22.342+0000] {processor.py:925} INFO - DAG(s) 'example_workday_timetable' retrieved from /home/airflow/.local/lib/python3.12/site-packages/airflow/example_dags/example_workday_timetable.py
[2024-11-11T03:09:22.352+0000] {logging_mixin.py:190} INFO - [2024-11-11T03:09:22.352+0000] {dag.py:3239} INFO - Sync 1 DAGs
[2024-11-11T03:09:22.380+0000] {logging_mixin.py:190} INFO - [2024-11-11T03:09:22.380+0000] {dag.py:4180} INFO - Setting next_dagrun for example_workday_timetable to 2021-01-04 00:00:00+00:00, run_after=2021-01-05 00:00:00+00:00
[2024-11-11T03:09:22.388+0000] {processor.py:208} INFO - Processing /home/airflow/.local/lib/python3.12/site-packages/airflow/example_dags/example_workday_timetable.py took 0.055 seconds
[2024-11-11T03:09:53.047+0000] {processor.py:186} INFO - Started process (PID=5569) to work on /home/airflow/.local/lib/python3.12/site-packages/airflow/example_dags/example_workday_timetable.py
[2024-11-11T03:09:53.048+0000] {processor.py:914} INFO - Processing file /home/airflow/.local/lib/python3.12/site-packages/airflow/example_dags/example_workday_timetable.py for tasks to queue
[2024-11-11T03:09:53.050+0000] {logging_mixin.py:190} INFO - [2024-11-11T03:09:53.049+0000] {dagbag.py:588} INFO - Filling up the DagBag from /home/airflow/.local/lib/python3.12/site-packages/airflow/example_dags/example_workday_timetable.py
[2024-11-11T03:09:53.053+0000] {processor.py:925} INFO - DAG(s) 'example_workday_timetable' retrieved from /home/airflow/.local/lib/python3.12/site-packages/airflow/example_dags/example_workday_timetable.py
[2024-11-11T03:09:53.063+0000] {logging_mixin.py:190} INFO - [2024-11-11T03:09:53.063+0000] {dag.py:3239} INFO - Sync 1 DAGs
[2024-11-11T03:09:53.091+0000] {logging_mixin.py:190} INFO - [2024-11-11T03:09:53.091+0000] {dag.py:4180} INFO - Setting next_dagrun for example_workday_timetable to 2021-01-04 00:00:00+00:00, run_after=2021-01-05 00:00:00+00:00
[2024-11-11T03:09:53.099+0000] {processor.py:208} INFO - Processing /home/airflow/.local/lib/python3.12/site-packages/airflow/example_dags/example_workday_timetable.py took 0.055 seconds
[2024-11-11T03:10:23.717+0000] {processor.py:186} INFO - Started process (PID=5632) to work on /home/airflow/.local/lib/python3.12/site-packages/airflow/example_dags/example_workday_timetable.py
[2024-11-11T03:10:23.718+0000] {processor.py:914} INFO - Processing file /home/airflow/.local/lib/python3.12/site-packages/airflow/example_dags/example_workday_timetable.py for tasks to queue
[2024-11-11T03:10:23.719+0000] {logging_mixin.py:190} INFO - [2024-11-11T03:10:23.719+0000] {dagbag.py:588} INFO - Filling up the DagBag from /home/airflow/.local/lib/python3.12/site-packages/airflow/example_dags/example_workday_timetable.py
[2024-11-11T03:10:23.723+0000] {processor.py:925} INFO - DAG(s) 'example_workday_timetable' retrieved from /home/airflow/.local/lib/python3.12/site-packages/airflow/example_dags/example_workday_timetable.py
[2024-11-11T03:10:23.733+0000] {logging_mixin.py:190} INFO - [2024-11-11T03:10:23.733+0000] {dag.py:3239} INFO - Sync 1 DAGs
[2024-11-11T03:10:23.761+0000] {logging_mixin.py:190} INFO - [2024-11-11T03:10:23.761+0000] {dag.py:4180} INFO - Setting next_dagrun for example_workday_timetable to 2021-01-04 00:00:00+00:00, run_after=2021-01-05 00:00:00+00:00
[2024-11-11T03:10:23.769+0000] {processor.py:208} INFO - Processing /home/airflow/.local/lib/python3.12/site-packages/airflow/example_dags/example_workday_timetable.py took 0.055 seconds
[2024-11-11T03:10:54.714+0000] {processor.py:186} INFO - Started process (PID=5695) to work on /home/airflow/.local/lib/python3.12/site-packages/airflow/example_dags/example_workday_timetable.py
[2024-11-11T03:10:54.715+0000] {processor.py:914} INFO - Processing file /home/airflow/.local/lib/python3.12/site-packages/airflow/example_dags/example_workday_timetable.py for tasks to queue
[2024-11-11T03:10:54.716+0000] {logging_mixin.py:190} INFO - [2024-11-11T03:10:54.716+0000] {dagbag.py:588} INFO - Filling up the DagBag from /home/airflow/.local/lib/python3.12/site-packages/airflow/example_dags/example_workday_timetable.py
[2024-11-11T03:10:54.720+0000] {processor.py:925} INFO - DAG(s) 'example_workday_timetable' retrieved from /home/airflow/.local/lib/python3.12/site-packages/airflow/example_dags/example_workday_timetable.py
[2024-11-11T03:10:54.730+0000] {logging_mixin.py:190} INFO - [2024-11-11T03:10:54.730+0000] {dag.py:3239} INFO - Sync 1 DAGs
[2024-11-11T03:10:54.758+0000] {logging_mixin.py:190} INFO - [2024-11-11T03:10:54.758+0000] {dag.py:4180} INFO - Setting next_dagrun for example_workday_timetable to 2021-01-04 00:00:00+00:00, run_after=2021-01-05 00:00:00+00:00
[2024-11-11T03:10:54.766+0000] {processor.py:208} INFO - Processing /home/airflow/.local/lib/python3.12/site-packages/airflow/example_dags/example_workday_timetable.py took 0.056 seconds
[2024-11-11T03:22:06.325+0000] {processor.py:186} INFO - Started process (PID=5758) to work on /home/airflow/.local/lib/python3.12/site-packages/airflow/example_dags/example_workday_timetable.py
[2024-11-11T03:22:06.325+0000] {processor.py:914} INFO - Processing file /home/airflow/.local/lib/python3.12/site-packages/airflow/example_dags/example_workday_timetable.py for tasks to queue
[2024-11-11T03:22:06.326+0000] {logging_mixin.py:190} INFO - [2024-11-11T03:22:06.326+0000] {dagbag.py:588} INFO - Filling up the DagBag from /home/airflow/.local/lib/python3.12/site-packages/airflow/example_dags/example_workday_timetable.py
[2024-11-11T03:22:06.330+0000] {processor.py:925} INFO - DAG(s) 'example_workday_timetable' retrieved from /home/airflow/.local/lib/python3.12/site-packages/airflow/example_dags/example_workday_timetable.py
[2024-11-11T03:22:06.338+0000] {logging_mixin.py:190} INFO - [2024-11-11T03:22:06.338+0000] {dag.py:3239} INFO - Sync 1 DAGs
[2024-11-11T03:22:06.365+0000] {logging_mixin.py:190} INFO - [2024-11-11T03:22:06.365+0000] {dag.py:4180} INFO - Setting next_dagrun for example_workday_timetable to 2021-01-04 00:00:00+00:00, run_after=2021-01-05 00:00:00+00:00
[2024-11-11T03:22:06.374+0000] {processor.py:208} INFO - Processing /home/airflow/.local/lib/python3.12/site-packages/airflow/example_dags/example_workday_timetable.py took 0.052 seconds
[2024-11-11T03:22:37.254+0000] {processor.py:186} INFO - Started process (PID=5821) to work on /home/airflow/.local/lib/python3.12/site-packages/airflow/example_dags/example_workday_timetable.py
[2024-11-11T03:22:37.254+0000] {processor.py:914} INFO - Processing file /home/airflow/.local/lib/python3.12/site-packages/airflow/example_dags/example_workday_timetable.py for tasks to queue
[2024-11-11T03:22:37.256+0000] {logging_mixin.py:190} INFO - [2024-11-11T03:22:37.256+0000] {dagbag.py:588} INFO - Filling up the DagBag from /home/airflow/.local/lib/python3.12/site-packages/airflow/example_dags/example_workday_timetable.py
[2024-11-11T03:22:37.261+0000] {processor.py:925} INFO - DAG(s) 'example_workday_timetable' retrieved from /home/airflow/.local/lib/python3.12/site-packages/airflow/example_dags/example_workday_timetable.py
[2024-11-11T03:22:37.277+0000] {logging_mixin.py:190} INFO - [2024-11-11T03:22:37.277+0000] {dag.py:3239} INFO - Sync 1 DAGs
[2024-11-11T03:22:37.308+0000] {logging_mixin.py:190} INFO - [2024-11-11T03:22:37.308+0000] {dag.py:4180} INFO - Setting next_dagrun for example_workday_timetable to 2021-01-04 00:00:00+00:00, run_after=2021-01-05 00:00:00+00:00
[2024-11-11T03:22:37.318+0000] {processor.py:208} INFO - Processing /home/airflow/.local/lib/python3.12/site-packages/airflow/example_dags/example_workday_timetable.py took 0.069 seconds
[2024-11-11T03:23:08.370+0000] {processor.py:186} INFO - Started process (PID=5884) to work on /home/airflow/.local/lib/python3.12/site-packages/airflow/example_dags/example_workday_timetable.py
[2024-11-11T03:23:08.370+0000] {processor.py:914} INFO - Processing file /home/airflow/.local/lib/python3.12/site-packages/airflow/example_dags/example_workday_timetable.py for tasks to queue
[2024-11-11T03:23:08.372+0000] {logging_mixin.py:190} INFO - [2024-11-11T03:23:08.371+0000] {dagbag.py:588} INFO - Filling up the DagBag from /home/airflow/.local/lib/python3.12/site-packages/airflow/example_dags/example_workday_timetable.py
[2024-11-11T03:23:08.375+0000] {processor.py:925} INFO - DAG(s) 'example_workday_timetable' retrieved from /home/airflow/.local/lib/python3.12/site-packages/airflow/example_dags/example_workday_timetable.py
[2024-11-11T03:23:08.386+0000] {logging_mixin.py:190} INFO - [2024-11-11T03:23:08.386+0000] {dag.py:3239} INFO - Sync 1 DAGs
[2024-11-11T03:23:08.414+0000] {logging_mixin.py:190} INFO - [2024-11-11T03:23:08.414+0000] {dag.py:4180} INFO - Setting next_dagrun for example_workday_timetable to 2021-01-04 00:00:00+00:00, run_after=2021-01-05 00:00:00+00:00
[2024-11-11T03:23:08.423+0000] {processor.py:208} INFO - Processing /home/airflow/.local/lib/python3.12/site-packages/airflow/example_dags/example_workday_timetable.py took 0.057 seconds
[2024-11-11T03:23:39.145+0000] {processor.py:186} INFO - Started process (PID=5947) to work on /home/airflow/.local/lib/python3.12/site-packages/airflow/example_dags/example_workday_timetable.py
[2024-11-11T03:23:39.145+0000] {processor.py:914} INFO - Processing file /home/airflow/.local/lib/python3.12/site-packages/airflow/example_dags/example_workday_timetable.py for tasks to queue
[2024-11-11T03:23:39.146+0000] {logging_mixin.py:190} INFO - [2024-11-11T03:23:39.146+0000] {dagbag.py:588} INFO - Filling up the DagBag from /home/airflow/.local/lib/python3.12/site-packages/airflow/example_dags/example_workday_timetable.py
[2024-11-11T03:23:39.150+0000] {processor.py:925} INFO - DAG(s) 'example_workday_timetable' retrieved from /home/airflow/.local/lib/python3.12/site-packages/airflow/example_dags/example_workday_timetable.py
[2024-11-11T03:23:39.162+0000] {logging_mixin.py:190} INFO - [2024-11-11T03:23:39.162+0000] {dag.py:3239} INFO - Sync 1 DAGs
[2024-11-11T03:23:39.191+0000] {logging_mixin.py:190} INFO - [2024-11-11T03:23:39.190+0000] {dag.py:4180} INFO - Setting next_dagrun for example_workday_timetable to 2021-01-04 00:00:00+00:00, run_after=2021-01-05 00:00:00+00:00
[2024-11-11T03:23:39.201+0000] {processor.py:208} INFO - Processing /home/airflow/.local/lib/python3.12/site-packages/airflow/example_dags/example_workday_timetable.py took 0.060 seconds
[2024-11-11T03:24:10.107+0000] {processor.py:186} INFO - Started process (PID=6010) to work on /home/airflow/.local/lib/python3.12/site-packages/airflow/example_dags/example_workday_timetable.py
[2024-11-11T03:24:10.108+0000] {processor.py:914} INFO - Processing file /home/airflow/.local/lib/python3.12/site-packages/airflow/example_dags/example_workday_timetable.py for tasks to queue
[2024-11-11T03:24:10.110+0000] {logging_mixin.py:190} INFO - [2024-11-11T03:24:10.110+0000] {dagbag.py:588} INFO - Filling up the DagBag from /home/airflow/.local/lib/python3.12/site-packages/airflow/example_dags/example_workday_timetable.py
[2024-11-11T03:24:10.114+0000] {processor.py:925} INFO - DAG(s) 'example_workday_timetable' retrieved from /home/airflow/.local/lib/python3.12/site-packages/airflow/example_dags/example_workday_timetable.py
[2024-11-11T03:24:10.124+0000] {logging_mixin.py:190} INFO - [2024-11-11T03:24:10.124+0000] {dag.py:3239} INFO - Sync 1 DAGs
[2024-11-11T03:24:10.152+0000] {logging_mixin.py:190} INFO - [2024-11-11T03:24:10.152+0000] {dag.py:4180} INFO - Setting next_dagrun for example_workday_timetable to 2021-01-04 00:00:00+00:00, run_after=2021-01-05 00:00:00+00:00
[2024-11-11T03:24:10.160+0000] {processor.py:208} INFO - Processing /home/airflow/.local/lib/python3.12/site-packages/airflow/example_dags/example_workday_timetable.py took 0.056 seconds
[2024-11-11T03:24:40.988+0000] {processor.py:186} INFO - Started process (PID=6072) to work on /home/airflow/.local/lib/python3.12/site-packages/airflow/example_dags/example_workday_timetable.py
[2024-11-11T03:24:40.989+0000] {processor.py:914} INFO - Processing file /home/airflow/.local/lib/python3.12/site-packages/airflow/example_dags/example_workday_timetable.py for tasks to queue
[2024-11-11T03:24:40.990+0000] {logging_mixin.py:190} INFO - [2024-11-11T03:24:40.990+0000] {dagbag.py:588} INFO - Filling up the DagBag from /home/airflow/.local/lib/python3.12/site-packages/airflow/example_dags/example_workday_timetable.py
[2024-11-11T03:24:40.994+0000] {processor.py:925} INFO - DAG(s) 'example_workday_timetable' retrieved from /home/airflow/.local/lib/python3.12/site-packages/airflow/example_dags/example_workday_timetable.py
[2024-11-11T03:24:41.005+0000] {logging_mixin.py:190} INFO - [2024-11-11T03:24:41.005+0000] {dag.py:3239} INFO - Sync 1 DAGs
[2024-11-11T03:24:41.035+0000] {logging_mixin.py:190} INFO - [2024-11-11T03:24:41.034+0000] {dag.py:4180} INFO - Setting next_dagrun for example_workday_timetable to 2021-01-04 00:00:00+00:00, run_after=2021-01-05 00:00:00+00:00
[2024-11-11T03:24:41.043+0000] {processor.py:208} INFO - Processing /home/airflow/.local/lib/python3.12/site-packages/airflow/example_dags/example_workday_timetable.py took 0.058 seconds
[2024-11-11T03:25:11.687+0000] {processor.py:186} INFO - Started process (PID=6135) to work on /home/airflow/.local/lib/python3.12/site-packages/airflow/example_dags/example_workday_timetable.py
[2024-11-11T03:25:11.687+0000] {processor.py:914} INFO - Processing file /home/airflow/.local/lib/python3.12/site-packages/airflow/example_dags/example_workday_timetable.py for tasks to queue
[2024-11-11T03:25:11.689+0000] {logging_mixin.py:190} INFO - [2024-11-11T03:25:11.689+0000] {dagbag.py:588} INFO - Filling up the DagBag from /home/airflow/.local/lib/python3.12/site-packages/airflow/example_dags/example_workday_timetable.py
[2024-11-11T03:25:11.693+0000] {processor.py:925} INFO - DAG(s) 'example_workday_timetable' retrieved from /home/airflow/.local/lib/python3.12/site-packages/airflow/example_dags/example_workday_timetable.py
[2024-11-11T03:25:11.704+0000] {logging_mixin.py:190} INFO - [2024-11-11T03:25:11.703+0000] {dag.py:3239} INFO - Sync 1 DAGs
[2024-11-11T03:25:11.731+0000] {logging_mixin.py:190} INFO - [2024-11-11T03:25:11.731+0000] {dag.py:4180} INFO - Setting next_dagrun for example_workday_timetable to 2021-01-04 00:00:00+00:00, run_after=2021-01-05 00:00:00+00:00
[2024-11-11T03:25:11.740+0000] {processor.py:208} INFO - Processing /home/airflow/.local/lib/python3.12/site-packages/airflow/example_dags/example_workday_timetable.py took 0.056 seconds
[2024-11-11T03:25:42.780+0000] {processor.py:186} INFO - Started process (PID=6198) to work on /home/airflow/.local/lib/python3.12/site-packages/airflow/example_dags/example_workday_timetable.py
[2024-11-11T03:25:42.781+0000] {processor.py:914} INFO - Processing file /home/airflow/.local/lib/python3.12/site-packages/airflow/example_dags/example_workday_timetable.py for tasks to queue
[2024-11-11T03:25:42.782+0000] {logging_mixin.py:190} INFO - [2024-11-11T03:25:42.782+0000] {dagbag.py:588} INFO - Filling up the DagBag from /home/airflow/.local/lib/python3.12/site-packages/airflow/example_dags/example_workday_timetable.py
[2024-11-11T03:25:42.786+0000] {processor.py:925} INFO - DAG(s) 'example_workday_timetable' retrieved from /home/airflow/.local/lib/python3.12/site-packages/airflow/example_dags/example_workday_timetable.py
[2024-11-11T03:25:42.796+0000] {logging_mixin.py:190} INFO - [2024-11-11T03:25:42.796+0000] {dag.py:3239} INFO - Sync 1 DAGs
[2024-11-11T03:25:42.824+0000] {logging_mixin.py:190} INFO - [2024-11-11T03:25:42.824+0000] {dag.py:4180} INFO - Setting next_dagrun for example_workday_timetable to 2021-01-04 00:00:00+00:00, run_after=2021-01-05 00:00:00+00:00
[2024-11-11T03:25:42.833+0000] {processor.py:208} INFO - Processing /home/airflow/.local/lib/python3.12/site-packages/airflow/example_dags/example_workday_timetable.py took 0.056 seconds
[2024-11-11T03:26:13.512+0000] {processor.py:186} INFO - Started process (PID=6261) to work on /home/airflow/.local/lib/python3.12/site-packages/airflow/example_dags/example_workday_timetable.py
[2024-11-11T03:26:13.513+0000] {processor.py:914} INFO - Processing file /home/airflow/.local/lib/python3.12/site-packages/airflow/example_dags/example_workday_timetable.py for tasks to queue
[2024-11-11T03:26:13.514+0000] {logging_mixin.py:190} INFO - [2024-11-11T03:26:13.514+0000] {dagbag.py:588} INFO - Filling up the DagBag from /home/airflow/.local/lib/python3.12/site-packages/airflow/example_dags/example_workday_timetable.py
[2024-11-11T03:26:13.518+0000] {processor.py:925} INFO - DAG(s) 'example_workday_timetable' retrieved from /home/airflow/.local/lib/python3.12/site-packages/airflow/example_dags/example_workday_timetable.py
[2024-11-11T03:26:13.528+0000] {logging_mixin.py:190} INFO - [2024-11-11T03:26:13.528+0000] {dag.py:3239} INFO - Sync 1 DAGs
[2024-11-11T03:26:13.557+0000] {logging_mixin.py:190} INFO - [2024-11-11T03:26:13.557+0000] {dag.py:4180} INFO - Setting next_dagrun for example_workday_timetable to 2021-01-04 00:00:00+00:00, run_after=2021-01-05 00:00:00+00:00
[2024-11-11T03:26:13.566+0000] {processor.py:208} INFO - Processing /home/airflow/.local/lib/python3.12/site-packages/airflow/example_dags/example_workday_timetable.py took 0.057 seconds
[2024-11-11T03:26:44.238+0000] {processor.py:186} INFO - Started process (PID=6324) to work on /home/airflow/.local/lib/python3.12/site-packages/airflow/example_dags/example_workday_timetable.py
[2024-11-11T03:26:44.239+0000] {processor.py:914} INFO - Processing file /home/airflow/.local/lib/python3.12/site-packages/airflow/example_dags/example_workday_timetable.py for tasks to queue
[2024-11-11T03:26:44.240+0000] {logging_mixin.py:190} INFO - [2024-11-11T03:26:44.240+0000] {dagbag.py:588} INFO - Filling up the DagBag from /home/airflow/.local/lib/python3.12/site-packages/airflow/example_dags/example_workday_timetable.py
[2024-11-11T03:26:44.245+0000] {processor.py:925} INFO - DAG(s) 'example_workday_timetable' retrieved from /home/airflow/.local/lib/python3.12/site-packages/airflow/example_dags/example_workday_timetable.py
[2024-11-11T03:26:44.255+0000] {logging_mixin.py:190} INFO - [2024-11-11T03:26:44.255+0000] {dag.py:3239} INFO - Sync 1 DAGs
[2024-11-11T03:26:44.285+0000] {logging_mixin.py:190} INFO - [2024-11-11T03:26:44.285+0000] {dag.py:4180} INFO - Setting next_dagrun for example_workday_timetable to 2021-01-04 00:00:00+00:00, run_after=2021-01-05 00:00:00+00:00
[2024-11-11T03:26:44.294+0000] {processor.py:208} INFO - Processing /home/airflow/.local/lib/python3.12/site-packages/airflow/example_dags/example_workday_timetable.py took 0.060 seconds
[2024-11-11T03:27:15.145+0000] {processor.py:186} INFO - Started process (PID=6387) to work on /home/airflow/.local/lib/python3.12/site-packages/airflow/example_dags/example_workday_timetable.py
[2024-11-11T03:27:15.146+0000] {processor.py:914} INFO - Processing file /home/airflow/.local/lib/python3.12/site-packages/airflow/example_dags/example_workday_timetable.py for tasks to queue
[2024-11-11T03:27:15.147+0000] {logging_mixin.py:190} INFO - [2024-11-11T03:27:15.147+0000] {dagbag.py:588} INFO - Filling up the DagBag from /home/airflow/.local/lib/python3.12/site-packages/airflow/example_dags/example_workday_timetable.py
[2024-11-11T03:27:15.152+0000] {processor.py:925} INFO - DAG(s) 'example_workday_timetable' retrieved from /home/airflow/.local/lib/python3.12/site-packages/airflow/example_dags/example_workday_timetable.py
[2024-11-11T03:27:15.162+0000] {logging_mixin.py:190} INFO - [2024-11-11T03:27:15.162+0000] {dag.py:3239} INFO - Sync 1 DAGs
[2024-11-11T03:27:15.190+0000] {logging_mixin.py:190} INFO - [2024-11-11T03:27:15.190+0000] {dag.py:4180} INFO - Setting next_dagrun for example_workday_timetable to 2021-01-04 00:00:00+00:00, run_after=2021-01-05 00:00:00+00:00
[2024-11-11T03:27:15.199+0000] {processor.py:208} INFO - Processing /home/airflow/.local/lib/python3.12/site-packages/airflow/example_dags/example_workday_timetable.py took 0.057 seconds
[2024-11-11T03:27:45.932+0000] {processor.py:186} INFO - Started process (PID=6450) to work on /home/airflow/.local/lib/python3.12/site-packages/airflow/example_dags/example_workday_timetable.py
[2024-11-11T03:27:45.934+0000] {processor.py:914} INFO - Processing file /home/airflow/.local/lib/python3.12/site-packages/airflow/example_dags/example_workday_timetable.py for tasks to queue
[2024-11-11T03:27:45.936+0000] {logging_mixin.py:190} INFO - [2024-11-11T03:27:45.936+0000] {dagbag.py:588} INFO - Filling up the DagBag from /home/airflow/.local/lib/python3.12/site-packages/airflow/example_dags/example_workday_timetable.py
[2024-11-11T03:27:45.941+0000] {processor.py:925} INFO - DAG(s) 'example_workday_timetable' retrieved from /home/airflow/.local/lib/python3.12/site-packages/airflow/example_dags/example_workday_timetable.py
[2024-11-11T03:27:45.953+0000] {logging_mixin.py:190} INFO - [2024-11-11T03:27:45.953+0000] {dag.py:3239} INFO - Sync 1 DAGs
[2024-11-11T03:27:45.985+0000] {logging_mixin.py:190} INFO - [2024-11-11T03:27:45.985+0000] {dag.py:4180} INFO - Setting next_dagrun for example_workday_timetable to 2021-01-04 00:00:00+00:00, run_after=2021-01-05 00:00:00+00:00
[2024-11-11T03:27:45.995+0000] {processor.py:208} INFO - Processing /home/airflow/.local/lib/python3.12/site-packages/airflow/example_dags/example_workday_timetable.py took 0.067 seconds
[2024-11-11T03:28:16.687+0000] {processor.py:186} INFO - Started process (PID=6513) to work on /home/airflow/.local/lib/python3.12/site-packages/airflow/example_dags/example_workday_timetable.py
[2024-11-11T03:28:16.688+0000] {processor.py:914} INFO - Processing file /home/airflow/.local/lib/python3.12/site-packages/airflow/example_dags/example_workday_timetable.py for tasks to queue
[2024-11-11T03:28:16.690+0000] {logging_mixin.py:190} INFO - [2024-11-11T03:28:16.690+0000] {dagbag.py:588} INFO - Filling up the DagBag from /home/airflow/.local/lib/python3.12/site-packages/airflow/example_dags/example_workday_timetable.py
[2024-11-11T03:28:16.695+0000] {processor.py:925} INFO - DAG(s) 'example_workday_timetable' retrieved from /home/airflow/.local/lib/python3.12/site-packages/airflow/example_dags/example_workday_timetable.py
[2024-11-11T03:28:16.706+0000] {logging_mixin.py:190} INFO - [2024-11-11T03:28:16.706+0000] {dag.py:3239} INFO - Sync 1 DAGs
[2024-11-11T03:28:16.736+0000] {logging_mixin.py:190} INFO - [2024-11-11T03:28:16.735+0000] {dag.py:4180} INFO - Setting next_dagrun for example_workday_timetable to 2021-01-04 00:00:00+00:00, run_after=2021-01-05 00:00:00+00:00
[2024-11-11T03:28:16.745+0000] {processor.py:208} INFO - Processing /home/airflow/.local/lib/python3.12/site-packages/airflow/example_dags/example_workday_timetable.py took 0.061 seconds
[2024-11-11T03:28:47.535+0000] {processor.py:186} INFO - Started process (PID=6576) to work on /home/airflow/.local/lib/python3.12/site-packages/airflow/example_dags/example_workday_timetable.py
[2024-11-11T03:28:47.535+0000] {processor.py:914} INFO - Processing file /home/airflow/.local/lib/python3.12/site-packages/airflow/example_dags/example_workday_timetable.py for tasks to queue
[2024-11-11T03:28:47.537+0000] {logging_mixin.py:190} INFO - [2024-11-11T03:28:47.536+0000] {dagbag.py:588} INFO - Filling up the DagBag from /home/airflow/.local/lib/python3.12/site-packages/airflow/example_dags/example_workday_timetable.py
[2024-11-11T03:28:47.540+0000] {processor.py:925} INFO - DAG(s) 'example_workday_timetable' retrieved from /home/airflow/.local/lib/python3.12/site-packages/airflow/example_dags/example_workday_timetable.py
[2024-11-11T03:28:47.550+0000] {logging_mixin.py:190} INFO - [2024-11-11T03:28:47.550+0000] {dag.py:3239} INFO - Sync 1 DAGs
[2024-11-11T03:28:47.574+0000] {logging_mixin.py:190} INFO - [2024-11-11T03:28:47.574+0000] {dag.py:4180} INFO - Setting next_dagrun for example_workday_timetable to 2021-01-04 00:00:00+00:00, run_after=2021-01-05 00:00:00+00:00
[2024-11-11T03:28:47.582+0000] {processor.py:208} INFO - Processing /home/airflow/.local/lib/python3.12/site-packages/airflow/example_dags/example_workday_timetable.py took 0.050 seconds
[2024-11-11T03:29:18.298+0000] {processor.py:186} INFO - Started process (PID=6639) to work on /home/airflow/.local/lib/python3.12/site-packages/airflow/example_dags/example_workday_timetable.py
[2024-11-11T03:29:18.298+0000] {processor.py:914} INFO - Processing file /home/airflow/.local/lib/python3.12/site-packages/airflow/example_dags/example_workday_timetable.py for tasks to queue
[2024-11-11T03:29:18.300+0000] {logging_mixin.py:190} INFO - [2024-11-11T03:29:18.300+0000] {dagbag.py:588} INFO - Filling up the DagBag from /home/airflow/.local/lib/python3.12/site-packages/airflow/example_dags/example_workday_timetable.py
[2024-11-11T03:29:18.304+0000] {processor.py:925} INFO - DAG(s) 'example_workday_timetable' retrieved from /home/airflow/.local/lib/python3.12/site-packages/airflow/example_dags/example_workday_timetable.py
[2024-11-11T03:29:18.317+0000] {logging_mixin.py:190} INFO - [2024-11-11T03:29:18.316+0000] {dag.py:3239} INFO - Sync 1 DAGs
[2024-11-11T03:29:18.348+0000] {logging_mixin.py:190} INFO - [2024-11-11T03:29:18.348+0000] {dag.py:4180} INFO - Setting next_dagrun for example_workday_timetable to 2021-01-04 00:00:00+00:00, run_after=2021-01-05 00:00:00+00:00
[2024-11-11T03:29:18.357+0000] {processor.py:208} INFO - Processing /home/airflow/.local/lib/python3.12/site-packages/airflow/example_dags/example_workday_timetable.py took 0.063 seconds
[2024-11-11T03:29:49.187+0000] {processor.py:186} INFO - Started process (PID=6701) to work on /home/airflow/.local/lib/python3.12/site-packages/airflow/example_dags/example_workday_timetable.py
[2024-11-11T03:29:49.188+0000] {processor.py:914} INFO - Processing file /home/airflow/.local/lib/python3.12/site-packages/airflow/example_dags/example_workday_timetable.py for tasks to queue
[2024-11-11T03:29:49.190+0000] {logging_mixin.py:190} INFO - [2024-11-11T03:29:49.190+0000] {dagbag.py:588} INFO - Filling up the DagBag from /home/airflow/.local/lib/python3.12/site-packages/airflow/example_dags/example_workday_timetable.py
[2024-11-11T03:29:49.196+0000] {processor.py:925} INFO - DAG(s) 'example_workday_timetable' retrieved from /home/airflow/.local/lib/python3.12/site-packages/airflow/example_dags/example_workday_timetable.py
[2024-11-11T03:29:49.255+0000] {logging_mixin.py:190} INFO - [2024-11-11T03:29:49.255+0000] {dag.py:3239} INFO - Sync 1 DAGs
[2024-11-11T03:29:49.309+0000] {logging_mixin.py:190} INFO - [2024-11-11T03:29:49.309+0000] {dag.py:4180} INFO - Setting next_dagrun for example_workday_timetable to 2021-01-04 00:00:00+00:00, run_after=2021-01-05 00:00:00+00:00
[2024-11-11T03:29:49.326+0000] {processor.py:208} INFO - Processing /home/airflow/.local/lib/python3.12/site-packages/airflow/example_dags/example_workday_timetable.py took 0.143 seconds
[2024-11-11T03:30:20.294+0000] {processor.py:186} INFO - Started process (PID=6764) to work on /home/airflow/.local/lib/python3.12/site-packages/airflow/example_dags/example_workday_timetable.py
[2024-11-11T03:30:20.295+0000] {processor.py:914} INFO - Processing file /home/airflow/.local/lib/python3.12/site-packages/airflow/example_dags/example_workday_timetable.py for tasks to queue
[2024-11-11T03:30:20.296+0000] {logging_mixin.py:190} INFO - [2024-11-11T03:30:20.296+0000] {dagbag.py:588} INFO - Filling up the DagBag from /home/airflow/.local/lib/python3.12/site-packages/airflow/example_dags/example_workday_timetable.py
[2024-11-11T03:30:20.301+0000] {processor.py:925} INFO - DAG(s) 'example_workday_timetable' retrieved from /home/airflow/.local/lib/python3.12/site-packages/airflow/example_dags/example_workday_timetable.py
[2024-11-11T03:30:20.314+0000] {logging_mixin.py:190} INFO - [2024-11-11T03:30:20.314+0000] {dag.py:3239} INFO - Sync 1 DAGs
[2024-11-11T03:30:20.359+0000] {logging_mixin.py:190} INFO - [2024-11-11T03:30:20.359+0000] {dag.py:4180} INFO - Setting next_dagrun for example_workday_timetable to 2021-01-04 00:00:00+00:00, run_after=2021-01-05 00:00:00+00:00
[2024-11-11T03:30:20.376+0000] {processor.py:208} INFO - Processing /home/airflow/.local/lib/python3.12/site-packages/airflow/example_dags/example_workday_timetable.py took 0.087 seconds
[2024-11-11T03:30:51.367+0000] {processor.py:186} INFO - Started process (PID=6827) to work on /home/airflow/.local/lib/python3.12/site-packages/airflow/example_dags/example_workday_timetable.py
[2024-11-11T03:30:51.367+0000] {processor.py:914} INFO - Processing file /home/airflow/.local/lib/python3.12/site-packages/airflow/example_dags/example_workday_timetable.py for tasks to queue
[2024-11-11T03:30:51.369+0000] {logging_mixin.py:190} INFO - [2024-11-11T03:30:51.368+0000] {dagbag.py:588} INFO - Filling up the DagBag from /home/airflow/.local/lib/python3.12/site-packages/airflow/example_dags/example_workday_timetable.py
[2024-11-11T03:30:51.372+0000] {processor.py:925} INFO - DAG(s) 'example_workday_timetable' retrieved from /home/airflow/.local/lib/python3.12/site-packages/airflow/example_dags/example_workday_timetable.py
[2024-11-11T03:30:51.383+0000] {logging_mixin.py:190} INFO - [2024-11-11T03:30:51.383+0000] {dag.py:3239} INFO - Sync 1 DAGs
[2024-11-11T03:30:51.412+0000] {logging_mixin.py:190} INFO - [2024-11-11T03:30:51.411+0000] {dag.py:4180} INFO - Setting next_dagrun for example_workday_timetable to 2021-01-04 00:00:00+00:00, run_after=2021-01-05 00:00:00+00:00
[2024-11-11T03:30:51.421+0000] {processor.py:208} INFO - Processing /home/airflow/.local/lib/python3.12/site-packages/airflow/example_dags/example_workday_timetable.py took 0.058 seconds
[2024-11-11T03:31:22.323+0000] {processor.py:186} INFO - Started process (PID=6890) to work on /home/airflow/.local/lib/python3.12/site-packages/airflow/example_dags/example_workday_timetable.py
[2024-11-11T03:31:22.324+0000] {processor.py:914} INFO - Processing file /home/airflow/.local/lib/python3.12/site-packages/airflow/example_dags/example_workday_timetable.py for tasks to queue
[2024-11-11T03:31:22.326+0000] {logging_mixin.py:190} INFO - [2024-11-11T03:31:22.325+0000] {dagbag.py:588} INFO - Filling up the DagBag from /home/airflow/.local/lib/python3.12/site-packages/airflow/example_dags/example_workday_timetable.py
[2024-11-11T03:31:22.330+0000] {processor.py:925} INFO - DAG(s) 'example_workday_timetable' retrieved from /home/airflow/.local/lib/python3.12/site-packages/airflow/example_dags/example_workday_timetable.py
[2024-11-11T03:31:22.341+0000] {logging_mixin.py:190} INFO - [2024-11-11T03:31:22.341+0000] {dag.py:3239} INFO - Sync 1 DAGs
[2024-11-11T03:31:22.369+0000] {logging_mixin.py:190} INFO - [2024-11-11T03:31:22.368+0000] {dag.py:4180} INFO - Setting next_dagrun for example_workday_timetable to 2021-01-04 00:00:00+00:00, run_after=2021-01-05 00:00:00+00:00
[2024-11-11T03:31:22.378+0000] {processor.py:208} INFO - Processing /home/airflow/.local/lib/python3.12/site-packages/airflow/example_dags/example_workday_timetable.py took 0.058 seconds
[2024-11-11T03:31:53.327+0000] {processor.py:186} INFO - Started process (PID=6953) to work on /home/airflow/.local/lib/python3.12/site-packages/airflow/example_dags/example_workday_timetable.py
[2024-11-11T03:31:53.328+0000] {processor.py:914} INFO - Processing file /home/airflow/.local/lib/python3.12/site-packages/airflow/example_dags/example_workday_timetable.py for tasks to queue
[2024-11-11T03:31:53.330+0000] {logging_mixin.py:190} INFO - [2024-11-11T03:31:53.330+0000] {dagbag.py:588} INFO - Filling up the DagBag from /home/airflow/.local/lib/python3.12/site-packages/airflow/example_dags/example_workday_timetable.py
[2024-11-11T03:31:53.335+0000] {processor.py:925} INFO - DAG(s) 'example_workday_timetable' retrieved from /home/airflow/.local/lib/python3.12/site-packages/airflow/example_dags/example_workday_timetable.py
[2024-11-11T03:31:53.349+0000] {logging_mixin.py:190} INFO - [2024-11-11T03:31:53.349+0000] {dag.py:3239} INFO - Sync 1 DAGs
[2024-11-11T03:31:53.384+0000] {logging_mixin.py:190} INFO - [2024-11-11T03:31:53.384+0000] {dag.py:4180} INFO - Setting next_dagrun for example_workday_timetable to 2021-01-04 00:00:00+00:00, run_after=2021-01-05 00:00:00+00:00
[2024-11-11T03:31:53.397+0000] {processor.py:208} INFO - Processing /home/airflow/.local/lib/python3.12/site-packages/airflow/example_dags/example_workday_timetable.py took 0.078 seconds
[2024-11-11T03:32:24.663+0000] {processor.py:186} INFO - Started process (PID=7016) to work on /home/airflow/.local/lib/python3.12/site-packages/airflow/example_dags/example_workday_timetable.py
[2024-11-11T03:32:24.664+0000] {processor.py:914} INFO - Processing file /home/airflow/.local/lib/python3.12/site-packages/airflow/example_dags/example_workday_timetable.py for tasks to queue
[2024-11-11T03:32:24.665+0000] {logging_mixin.py:190} INFO - [2024-11-11T03:32:24.665+0000] {dagbag.py:588} INFO - Filling up the DagBag from /home/airflow/.local/lib/python3.12/site-packages/airflow/example_dags/example_workday_timetable.py
[2024-11-11T03:32:24.670+0000] {processor.py:925} INFO - DAG(s) 'example_workday_timetable' retrieved from /home/airflow/.local/lib/python3.12/site-packages/airflow/example_dags/example_workday_timetable.py
[2024-11-11T03:32:24.681+0000] {logging_mixin.py:190} INFO - [2024-11-11T03:32:24.681+0000] {dag.py:3239} INFO - Sync 1 DAGs
[2024-11-11T03:32:24.715+0000] {logging_mixin.py:190} INFO - [2024-11-11T03:32:24.715+0000] {dag.py:4180} INFO - Setting next_dagrun for example_workday_timetable to 2021-01-04 00:00:00+00:00, run_after=2021-01-05 00:00:00+00:00
[2024-11-11T03:32:24.724+0000] {processor.py:208} INFO - Processing /home/airflow/.local/lib/python3.12/site-packages/airflow/example_dags/example_workday_timetable.py took 0.065 seconds
[2024-11-11T03:32:55.609+0000] {processor.py:186} INFO - Started process (PID=7080) to work on /home/airflow/.local/lib/python3.12/site-packages/airflow/example_dags/example_workday_timetable.py
[2024-11-11T03:32:55.610+0000] {processor.py:914} INFO - Processing file /home/airflow/.local/lib/python3.12/site-packages/airflow/example_dags/example_workday_timetable.py for tasks to queue
[2024-11-11T03:32:55.611+0000] {logging_mixin.py:190} INFO - [2024-11-11T03:32:55.611+0000] {dagbag.py:588} INFO - Filling up the DagBag from /home/airflow/.local/lib/python3.12/site-packages/airflow/example_dags/example_workday_timetable.py
[2024-11-11T03:32:55.615+0000] {processor.py:925} INFO - DAG(s) 'example_workday_timetable' retrieved from /home/airflow/.local/lib/python3.12/site-packages/airflow/example_dags/example_workday_timetable.py
[2024-11-11T03:32:55.626+0000] {logging_mixin.py:190} INFO - [2024-11-11T03:32:55.626+0000] {dag.py:3239} INFO - Sync 1 DAGs
[2024-11-11T03:32:55.656+0000] {logging_mixin.py:190} INFO - [2024-11-11T03:32:55.656+0000] {dag.py:4180} INFO - Setting next_dagrun for example_workday_timetable to 2021-01-04 00:00:00+00:00, run_after=2021-01-05 00:00:00+00:00
[2024-11-11T03:32:55.667+0000] {processor.py:208} INFO - Processing /home/airflow/.local/lib/python3.12/site-packages/airflow/example_dags/example_workday_timetable.py took 0.062 seconds
[2024-11-11T03:33:26.357+0000] {processor.py:186} INFO - Started process (PID=7143) to work on /home/airflow/.local/lib/python3.12/site-packages/airflow/example_dags/example_workday_timetable.py
[2024-11-11T03:33:26.358+0000] {processor.py:914} INFO - Processing file /home/airflow/.local/lib/python3.12/site-packages/airflow/example_dags/example_workday_timetable.py for tasks to queue
[2024-11-11T03:33:26.360+0000] {logging_mixin.py:190} INFO - [2024-11-11T03:33:26.359+0000] {dagbag.py:588} INFO - Filling up the DagBag from /home/airflow/.local/lib/python3.12/site-packages/airflow/example_dags/example_workday_timetable.py
[2024-11-11T03:33:26.364+0000] {processor.py:925} INFO - DAG(s) 'example_workday_timetable' retrieved from /home/airflow/.local/lib/python3.12/site-packages/airflow/example_dags/example_workday_timetable.py
[2024-11-11T03:33:26.374+0000] {logging_mixin.py:190} INFO - [2024-11-11T03:33:26.374+0000] {dag.py:3239} INFO - Sync 1 DAGs
[2024-11-11T03:33:26.402+0000] {logging_mixin.py:190} INFO - [2024-11-11T03:33:26.402+0000] {dag.py:4180} INFO - Setting next_dagrun for example_workday_timetable to 2021-01-04 00:00:00+00:00, run_after=2021-01-05 00:00:00+00:00
[2024-11-11T03:33:26.411+0000] {processor.py:208} INFO - Processing /home/airflow/.local/lib/python3.12/site-packages/airflow/example_dags/example_workday_timetable.py took 0.057 seconds
[2024-11-11T03:33:57.054+0000] {processor.py:186} INFO - Started process (PID=7206) to work on /home/airflow/.local/lib/python3.12/site-packages/airflow/example_dags/example_workday_timetable.py
[2024-11-11T03:33:57.055+0000] {processor.py:914} INFO - Processing file /home/airflow/.local/lib/python3.12/site-packages/airflow/example_dags/example_workday_timetable.py for tasks to queue
[2024-11-11T03:33:57.057+0000] {logging_mixin.py:190} INFO - [2024-11-11T03:33:57.056+0000] {dagbag.py:588} INFO - Filling up the DagBag from /home/airflow/.local/lib/python3.12/site-packages/airflow/example_dags/example_workday_timetable.py
[2024-11-11T03:33:57.061+0000] {processor.py:925} INFO - DAG(s) 'example_workday_timetable' retrieved from /home/airflow/.local/lib/python3.12/site-packages/airflow/example_dags/example_workday_timetable.py
[2024-11-11T03:33:57.071+0000] {logging_mixin.py:190} INFO - [2024-11-11T03:33:57.071+0000] {dag.py:3239} INFO - Sync 1 DAGs
[2024-11-11T03:33:57.101+0000] {logging_mixin.py:190} INFO - [2024-11-11T03:33:57.101+0000] {dag.py:4180} INFO - Setting next_dagrun for example_workday_timetable to 2021-01-04 00:00:00+00:00, run_after=2021-01-05 00:00:00+00:00
[2024-11-11T03:33:57.111+0000] {processor.py:208} INFO - Processing /home/airflow/.local/lib/python3.12/site-packages/airflow/example_dags/example_workday_timetable.py took 0.060 seconds
[2024-11-11T03:34:27.836+0000] {processor.py:186} INFO - Started process (PID=7268) to work on /home/airflow/.local/lib/python3.12/site-packages/airflow/example_dags/example_workday_timetable.py
[2024-11-11T03:34:27.837+0000] {processor.py:914} INFO - Processing file /home/airflow/.local/lib/python3.12/site-packages/airflow/example_dags/example_workday_timetable.py for tasks to queue
[2024-11-11T03:34:27.838+0000] {logging_mixin.py:190} INFO - [2024-11-11T03:34:27.838+0000] {dagbag.py:588} INFO - Filling up the DagBag from /home/airflow/.local/lib/python3.12/site-packages/airflow/example_dags/example_workday_timetable.py
[2024-11-11T03:34:27.842+0000] {processor.py:925} INFO - DAG(s) 'example_workday_timetable' retrieved from /home/airflow/.local/lib/python3.12/site-packages/airflow/example_dags/example_workday_timetable.py
[2024-11-11T03:34:27.852+0000] {logging_mixin.py:190} INFO - [2024-11-11T03:34:27.852+0000] {dag.py:3239} INFO - Sync 1 DAGs
[2024-11-11T03:34:27.880+0000] {logging_mixin.py:190} INFO - [2024-11-11T03:34:27.880+0000] {dag.py:4180} INFO - Setting next_dagrun for example_workday_timetable to 2021-01-04 00:00:00+00:00, run_after=2021-01-05 00:00:00+00:00
[2024-11-11T03:34:27.889+0000] {processor.py:208} INFO - Processing /home/airflow/.local/lib/python3.12/site-packages/airflow/example_dags/example_workday_timetable.py took 0.057 seconds
[2024-11-11T03:34:58.620+0000] {processor.py:186} INFO - Started process (PID=7331) to work on /home/airflow/.local/lib/python3.12/site-packages/airflow/example_dags/example_workday_timetable.py
[2024-11-11T03:34:58.620+0000] {processor.py:914} INFO - Processing file /home/airflow/.local/lib/python3.12/site-packages/airflow/example_dags/example_workday_timetable.py for tasks to queue
[2024-11-11T03:34:58.622+0000] {logging_mixin.py:190} INFO - [2024-11-11T03:34:58.622+0000] {dagbag.py:588} INFO - Filling up the DagBag from /home/airflow/.local/lib/python3.12/site-packages/airflow/example_dags/example_workday_timetable.py
[2024-11-11T03:34:58.626+0000] {processor.py:925} INFO - DAG(s) 'example_workday_timetable' retrieved from /home/airflow/.local/lib/python3.12/site-packages/airflow/example_dags/example_workday_timetable.py
[2024-11-11T03:34:58.636+0000] {logging_mixin.py:190} INFO - [2024-11-11T03:34:58.636+0000] {dag.py:3239} INFO - Sync 1 DAGs
[2024-11-11T03:34:58.663+0000] {logging_mixin.py:190} INFO - [2024-11-11T03:34:58.663+0000] {dag.py:4180} INFO - Setting next_dagrun for example_workday_timetable to 2021-01-04 00:00:00+00:00, run_after=2021-01-05 00:00:00+00:00
[2024-11-11T03:34:58.672+0000] {processor.py:208} INFO - Processing /home/airflow/.local/lib/python3.12/site-packages/airflow/example_dags/example_workday_timetable.py took 0.055 seconds
[2024-11-11T03:35:29.343+0000] {processor.py:186} INFO - Started process (PID=7394) to work on /home/airflow/.local/lib/python3.12/site-packages/airflow/example_dags/example_workday_timetable.py
[2024-11-11T03:35:29.344+0000] {processor.py:914} INFO - Processing file /home/airflow/.local/lib/python3.12/site-packages/airflow/example_dags/example_workday_timetable.py for tasks to queue
[2024-11-11T03:35:29.345+0000] {logging_mixin.py:190} INFO - [2024-11-11T03:35:29.345+0000] {dagbag.py:588} INFO - Filling up the DagBag from /home/airflow/.local/lib/python3.12/site-packages/airflow/example_dags/example_workday_timetable.py
[2024-11-11T03:35:29.349+0000] {processor.py:925} INFO - DAG(s) 'example_workday_timetable' retrieved from /home/airflow/.local/lib/python3.12/site-packages/airflow/example_dags/example_workday_timetable.py
[2024-11-11T03:35:29.359+0000] {logging_mixin.py:190} INFO - [2024-11-11T03:35:29.359+0000] {dag.py:3239} INFO - Sync 1 DAGs
[2024-11-11T03:35:29.387+0000] {logging_mixin.py:190} INFO - [2024-11-11T03:35:29.387+0000] {dag.py:4180} INFO - Setting next_dagrun for example_workday_timetable to 2021-01-04 00:00:00+00:00, run_after=2021-01-05 00:00:00+00:00
[2024-11-11T03:35:29.396+0000] {processor.py:208} INFO - Processing /home/airflow/.local/lib/python3.12/site-packages/airflow/example_dags/example_workday_timetable.py took 0.056 seconds
[2024-11-11T03:35:59.979+0000] {processor.py:186} INFO - Started process (PID=7456) to work on /home/airflow/.local/lib/python3.12/site-packages/airflow/example_dags/example_workday_timetable.py
[2024-11-11T03:35:59.980+0000] {processor.py:914} INFO - Processing file /home/airflow/.local/lib/python3.12/site-packages/airflow/example_dags/example_workday_timetable.py for tasks to queue
[2024-11-11T03:35:59.981+0000] {logging_mixin.py:190} INFO - [2024-11-11T03:35:59.981+0000] {dagbag.py:588} INFO - Filling up the DagBag from /home/airflow/.local/lib/python3.12/site-packages/airflow/example_dags/example_workday_timetable.py
[2024-11-11T03:35:59.985+0000] {processor.py:925} INFO - DAG(s) 'example_workday_timetable' retrieved from /home/airflow/.local/lib/python3.12/site-packages/airflow/example_dags/example_workday_timetable.py
[2024-11-11T03:35:59.995+0000] {logging_mixin.py:190} INFO - [2024-11-11T03:35:59.995+0000] {dag.py:3239} INFO - Sync 1 DAGs
[2024-11-11T03:36:00.023+0000] {logging_mixin.py:190} INFO - [2024-11-11T03:36:00.023+0000] {dag.py:4180} INFO - Setting next_dagrun for example_workday_timetable to 2021-01-04 00:00:00+00:00, run_after=2021-01-05 00:00:00+00:00
[2024-11-11T03:36:00.032+0000] {processor.py:208} INFO - Processing /home/airflow/.local/lib/python3.12/site-packages/airflow/example_dags/example_workday_timetable.py took 0.056 seconds
[2024-11-11T03:36:30.600+0000] {processor.py:186} INFO - Started process (PID=7519) to work on /home/airflow/.local/lib/python3.12/site-packages/airflow/example_dags/example_workday_timetable.py
[2024-11-11T03:36:30.600+0000] {processor.py:914} INFO - Processing file /home/airflow/.local/lib/python3.12/site-packages/airflow/example_dags/example_workday_timetable.py for tasks to queue
[2024-11-11T03:36:30.602+0000] {logging_mixin.py:190} INFO - [2024-11-11T03:36:30.602+0000] {dagbag.py:588} INFO - Filling up the DagBag from /home/airflow/.local/lib/python3.12/site-packages/airflow/example_dags/example_workday_timetable.py
[2024-11-11T03:36:30.606+0000] {processor.py:925} INFO - DAG(s) 'example_workday_timetable' retrieved from /home/airflow/.local/lib/python3.12/site-packages/airflow/example_dags/example_workday_timetable.py
[2024-11-11T03:36:30.616+0000] {logging_mixin.py:190} INFO - [2024-11-11T03:36:30.616+0000] {dag.py:3239} INFO - Sync 1 DAGs
[2024-11-11T03:36:30.644+0000] {logging_mixin.py:190} INFO - [2024-11-11T03:36:30.644+0000] {dag.py:4180} INFO - Setting next_dagrun for example_workday_timetable to 2021-01-04 00:00:00+00:00, run_after=2021-01-05 00:00:00+00:00
[2024-11-11T03:36:30.652+0000] {processor.py:208} INFO - Processing /home/airflow/.local/lib/python3.12/site-packages/airflow/example_dags/example_workday_timetable.py took 0.055 seconds
[2024-11-11T03:37:01.433+0000] {processor.py:186} INFO - Started process (PID=7588) to work on /home/airflow/.local/lib/python3.12/site-packages/airflow/example_dags/example_workday_timetable.py
[2024-11-11T03:37:01.433+0000] {processor.py:914} INFO - Processing file /home/airflow/.local/lib/python3.12/site-packages/airflow/example_dags/example_workday_timetable.py for tasks to queue
[2024-11-11T03:37:01.435+0000] {logging_mixin.py:190} INFO - [2024-11-11T03:37:01.435+0000] {dagbag.py:588} INFO - Filling up the DagBag from /home/airflow/.local/lib/python3.12/site-packages/airflow/example_dags/example_workday_timetable.py
[2024-11-11T03:37:01.439+0000] {processor.py:925} INFO - DAG(s) 'example_workday_timetable' retrieved from /home/airflow/.local/lib/python3.12/site-packages/airflow/example_dags/example_workday_timetable.py
[2024-11-11T03:37:01.449+0000] {logging_mixin.py:190} INFO - [2024-11-11T03:37:01.449+0000] {dag.py:3239} INFO - Sync 1 DAGs
[2024-11-11T03:37:01.478+0000] {logging_mixin.py:190} INFO - [2024-11-11T03:37:01.478+0000] {dag.py:4180} INFO - Setting next_dagrun for example_workday_timetable to 2021-01-04 00:00:00+00:00, run_after=2021-01-05 00:00:00+00:00
[2024-11-11T03:37:01.487+0000] {processor.py:208} INFO - Processing /home/airflow/.local/lib/python3.12/site-packages/airflow/example_dags/example_workday_timetable.py took 0.058 seconds
[2024-11-11T03:37:31.953+0000] {processor.py:186} INFO - Started process (PID=7650) to work on /home/airflow/.local/lib/python3.12/site-packages/airflow/example_dags/example_workday_timetable.py
[2024-11-11T03:37:31.953+0000] {processor.py:914} INFO - Processing file /home/airflow/.local/lib/python3.12/site-packages/airflow/example_dags/example_workday_timetable.py for tasks to queue
[2024-11-11T03:37:31.955+0000] {logging_mixin.py:190} INFO - [2024-11-11T03:37:31.955+0000] {dagbag.py:588} INFO - Filling up the DagBag from /home/airflow/.local/lib/python3.12/site-packages/airflow/example_dags/example_workday_timetable.py
[2024-11-11T03:37:31.959+0000] {processor.py:925} INFO - DAG(s) 'example_workday_timetable' retrieved from /home/airflow/.local/lib/python3.12/site-packages/airflow/example_dags/example_workday_timetable.py
[2024-11-11T03:37:31.969+0000] {logging_mixin.py:190} INFO - [2024-11-11T03:37:31.969+0000] {dag.py:3239} INFO - Sync 1 DAGs
[2024-11-11T03:37:31.997+0000] {logging_mixin.py:190} INFO - [2024-11-11T03:37:31.996+0000] {dag.py:4180} INFO - Setting next_dagrun for example_workday_timetable to 2021-01-04 00:00:00+00:00, run_after=2021-01-05 00:00:00+00:00
[2024-11-11T03:37:32.005+0000] {processor.py:208} INFO - Processing /home/airflow/.local/lib/python3.12/site-packages/airflow/example_dags/example_workday_timetable.py took 0.056 seconds
[2024-11-11T03:38:02.637+0000] {processor.py:186} INFO - Started process (PID=7712) to work on /home/airflow/.local/lib/python3.12/site-packages/airflow/example_dags/example_workday_timetable.py
[2024-11-11T03:38:02.638+0000] {processor.py:914} INFO - Processing file /home/airflow/.local/lib/python3.12/site-packages/airflow/example_dags/example_workday_timetable.py for tasks to queue
[2024-11-11T03:38:02.639+0000] {logging_mixin.py:190} INFO - [2024-11-11T03:38:02.639+0000] {dagbag.py:588} INFO - Filling up the DagBag from /home/airflow/.local/lib/python3.12/site-packages/airflow/example_dags/example_workday_timetable.py
[2024-11-11T03:38:02.643+0000] {processor.py:925} INFO - DAG(s) 'example_workday_timetable' retrieved from /home/airflow/.local/lib/python3.12/site-packages/airflow/example_dags/example_workday_timetable.py
[2024-11-11T03:38:02.653+0000] {logging_mixin.py:190} INFO - [2024-11-11T03:38:02.653+0000] {dag.py:3239} INFO - Sync 1 DAGs
[2024-11-11T03:38:02.681+0000] {logging_mixin.py:190} INFO - [2024-11-11T03:38:02.680+0000] {dag.py:4180} INFO - Setting next_dagrun for example_workday_timetable to 2021-01-04 00:00:00+00:00, run_after=2021-01-05 00:00:00+00:00
[2024-11-11T03:38:02.689+0000] {processor.py:208} INFO - Processing /home/airflow/.local/lib/python3.12/site-packages/airflow/example_dags/example_workday_timetable.py took 0.056 seconds
[2024-11-11T03:38:33.202+0000] {processor.py:186} INFO - Started process (PID=7775) to work on /home/airflow/.local/lib/python3.12/site-packages/airflow/example_dags/example_workday_timetable.py
[2024-11-11T03:38:33.202+0000] {processor.py:914} INFO - Processing file /home/airflow/.local/lib/python3.12/site-packages/airflow/example_dags/example_workday_timetable.py for tasks to queue
[2024-11-11T03:38:33.204+0000] {logging_mixin.py:190} INFO - [2024-11-11T03:38:33.203+0000] {dagbag.py:588} INFO - Filling up the DagBag from /home/airflow/.local/lib/python3.12/site-packages/airflow/example_dags/example_workday_timetable.py
[2024-11-11T03:38:33.208+0000] {processor.py:925} INFO - DAG(s) 'example_workday_timetable' retrieved from /home/airflow/.local/lib/python3.12/site-packages/airflow/example_dags/example_workday_timetable.py
[2024-11-11T03:38:33.218+0000] {logging_mixin.py:190} INFO - [2024-11-11T03:38:33.218+0000] {dag.py:3239} INFO - Sync 1 DAGs
[2024-11-11T03:38:33.245+0000] {logging_mixin.py:190} INFO - [2024-11-11T03:38:33.245+0000] {dag.py:4180} INFO - Setting next_dagrun for example_workday_timetable to 2021-01-04 00:00:00+00:00, run_after=2021-01-05 00:00:00+00:00
[2024-11-11T03:38:33.252+0000] {processor.py:208} INFO - Processing /home/airflow/.local/lib/python3.12/site-packages/airflow/example_dags/example_workday_timetable.py took 0.054 seconds
[2024-11-11T03:39:03.886+0000] {processor.py:186} INFO - Started process (PID=7838) to work on /home/airflow/.local/lib/python3.12/site-packages/airflow/example_dags/example_workday_timetable.py
[2024-11-11T03:39:03.886+0000] {processor.py:914} INFO - Processing file /home/airflow/.local/lib/python3.12/site-packages/airflow/example_dags/example_workday_timetable.py for tasks to queue
[2024-11-11T03:39:03.889+0000] {logging_mixin.py:190} INFO - [2024-11-11T03:39:03.888+0000] {dagbag.py:588} INFO - Filling up the DagBag from /home/airflow/.local/lib/python3.12/site-packages/airflow/example_dags/example_workday_timetable.py
[2024-11-11T03:39:03.894+0000] {processor.py:925} INFO - DAG(s) 'example_workday_timetable' retrieved from /home/airflow/.local/lib/python3.12/site-packages/airflow/example_dags/example_workday_timetable.py
[2024-11-11T03:39:03.905+0000] {logging_mixin.py:190} INFO - [2024-11-11T03:39:03.905+0000] {dag.py:3239} INFO - Sync 1 DAGs
[2024-11-11T03:39:03.932+0000] {logging_mixin.py:190} INFO - [2024-11-11T03:39:03.932+0000] {dag.py:4180} INFO - Setting next_dagrun for example_workday_timetable to 2021-01-04 00:00:00+00:00, run_after=2021-01-05 00:00:00+00:00
[2024-11-11T03:39:03.940+0000] {processor.py:208} INFO - Processing /home/airflow/.local/lib/python3.12/site-packages/airflow/example_dags/example_workday_timetable.py took 0.058 seconds
[2024-11-11T03:39:34.597+0000] {processor.py:186} INFO - Started process (PID=7901) to work on /home/airflow/.local/lib/python3.12/site-packages/airflow/example_dags/example_workday_timetable.py
[2024-11-11T03:39:34.598+0000] {processor.py:914} INFO - Processing file /home/airflow/.local/lib/python3.12/site-packages/airflow/example_dags/example_workday_timetable.py for tasks to queue
[2024-11-11T03:39:34.599+0000] {logging_mixin.py:190} INFO - [2024-11-11T03:39:34.599+0000] {dagbag.py:588} INFO - Filling up the DagBag from /home/airflow/.local/lib/python3.12/site-packages/airflow/example_dags/example_workday_timetable.py
[2024-11-11T03:39:34.603+0000] {processor.py:925} INFO - DAG(s) 'example_workday_timetable' retrieved from /home/airflow/.local/lib/python3.12/site-packages/airflow/example_dags/example_workday_timetable.py
[2024-11-11T03:39:34.613+0000] {logging_mixin.py:190} INFO - [2024-11-11T03:39:34.613+0000] {dag.py:3239} INFO - Sync 1 DAGs
[2024-11-11T03:39:34.640+0000] {logging_mixin.py:190} INFO - [2024-11-11T03:39:34.640+0000] {dag.py:4180} INFO - Setting next_dagrun for example_workday_timetable to 2021-01-04 00:00:00+00:00, run_after=2021-01-05 00:00:00+00:00
[2024-11-11T03:39:34.649+0000] {processor.py:208} INFO - Processing /home/airflow/.local/lib/python3.12/site-packages/airflow/example_dags/example_workday_timetable.py took 0.055 seconds
[2024-11-11T03:40:05.223+0000] {processor.py:186} INFO - Started process (PID=7964) to work on /home/airflow/.local/lib/python3.12/site-packages/airflow/example_dags/example_workday_timetable.py
[2024-11-11T03:40:05.224+0000] {processor.py:914} INFO - Processing file /home/airflow/.local/lib/python3.12/site-packages/airflow/example_dags/example_workday_timetable.py for tasks to queue
[2024-11-11T03:40:05.225+0000] {logging_mixin.py:190} INFO - [2024-11-11T03:40:05.225+0000] {dagbag.py:588} INFO - Filling up the DagBag from /home/airflow/.local/lib/python3.12/site-packages/airflow/example_dags/example_workday_timetable.py
[2024-11-11T03:40:05.229+0000] {processor.py:925} INFO - DAG(s) 'example_workday_timetable' retrieved from /home/airflow/.local/lib/python3.12/site-packages/airflow/example_dags/example_workday_timetable.py
[2024-11-11T03:40:05.240+0000] {logging_mixin.py:190} INFO - [2024-11-11T03:40:05.240+0000] {dag.py:3239} INFO - Sync 1 DAGs
[2024-11-11T03:40:05.268+0000] {logging_mixin.py:190} INFO - [2024-11-11T03:40:05.268+0000] {dag.py:4180} INFO - Setting next_dagrun for example_workday_timetable to 2021-01-04 00:00:00+00:00, run_after=2021-01-05 00:00:00+00:00
[2024-11-11T03:40:05.276+0000] {processor.py:208} INFO - Processing /home/airflow/.local/lib/python3.12/site-packages/airflow/example_dags/example_workday_timetable.py took 0.057 seconds
[2024-11-11T03:40:36.159+0000] {processor.py:186} INFO - Started process (PID=8027) to work on /home/airflow/.local/lib/python3.12/site-packages/airflow/example_dags/example_workday_timetable.py
[2024-11-11T03:40:36.160+0000] {processor.py:914} INFO - Processing file /home/airflow/.local/lib/python3.12/site-packages/airflow/example_dags/example_workday_timetable.py for tasks to queue
[2024-11-11T03:40:36.161+0000] {logging_mixin.py:190} INFO - [2024-11-11T03:40:36.161+0000] {dagbag.py:588} INFO - Filling up the DagBag from /home/airflow/.local/lib/python3.12/site-packages/airflow/example_dags/example_workday_timetable.py
[2024-11-11T03:40:36.165+0000] {processor.py:925} INFO - DAG(s) 'example_workday_timetable' retrieved from /home/airflow/.local/lib/python3.12/site-packages/airflow/example_dags/example_workday_timetable.py
[2024-11-11T03:40:36.176+0000] {logging_mixin.py:190} INFO - [2024-11-11T03:40:36.176+0000] {dag.py:3239} INFO - Sync 1 DAGs
[2024-11-11T03:40:36.203+0000] {logging_mixin.py:190} INFO - [2024-11-11T03:40:36.203+0000] {dag.py:4180} INFO - Setting next_dagrun for example_workday_timetable to 2021-01-04 00:00:00+00:00, run_after=2021-01-05 00:00:00+00:00
[2024-11-11T03:40:36.213+0000] {processor.py:208} INFO - Processing /home/airflow/.local/lib/python3.12/site-packages/airflow/example_dags/example_workday_timetable.py took 0.057 seconds
[2024-11-11T03:41:06.975+0000] {processor.py:186} INFO - Started process (PID=8090) to work on /home/airflow/.local/lib/python3.12/site-packages/airflow/example_dags/example_workday_timetable.py
[2024-11-11T03:41:06.975+0000] {processor.py:914} INFO - Processing file /home/airflow/.local/lib/python3.12/site-packages/airflow/example_dags/example_workday_timetable.py for tasks to queue
[2024-11-11T03:41:06.977+0000] {logging_mixin.py:190} INFO - [2024-11-11T03:41:06.977+0000] {dagbag.py:588} INFO - Filling up the DagBag from /home/airflow/.local/lib/python3.12/site-packages/airflow/example_dags/example_workday_timetable.py
[2024-11-11T03:41:06.981+0000] {processor.py:925} INFO - DAG(s) 'example_workday_timetable' retrieved from /home/airflow/.local/lib/python3.12/site-packages/airflow/example_dags/example_workday_timetable.py
[2024-11-11T03:41:06.990+0000] {logging_mixin.py:190} INFO - [2024-11-11T03:41:06.990+0000] {dag.py:3239} INFO - Sync 1 DAGs
[2024-11-11T03:41:07.018+0000] {logging_mixin.py:190} INFO - [2024-11-11T03:41:07.018+0000] {dag.py:4180} INFO - Setting next_dagrun for example_workday_timetable to 2021-01-04 00:00:00+00:00, run_after=2021-01-05 00:00:00+00:00
[2024-11-11T03:41:07.027+0000] {processor.py:208} INFO - Processing /home/airflow/.local/lib/python3.12/site-packages/airflow/example_dags/example_workday_timetable.py took 0.056 seconds
[2024-11-11T03:41:37.709+0000] {processor.py:186} INFO - Started process (PID=8152) to work on /home/airflow/.local/lib/python3.12/site-packages/airflow/example_dags/example_workday_timetable.py
[2024-11-11T03:41:37.709+0000] {processor.py:914} INFO - Processing file /home/airflow/.local/lib/python3.12/site-packages/airflow/example_dags/example_workday_timetable.py for tasks to queue
[2024-11-11T03:41:37.712+0000] {logging_mixin.py:190} INFO - [2024-11-11T03:41:37.711+0000] {dagbag.py:588} INFO - Filling up the DagBag from /home/airflow/.local/lib/python3.12/site-packages/airflow/example_dags/example_workday_timetable.py
[2024-11-11T03:41:37.717+0000] {processor.py:925} INFO - DAG(s) 'example_workday_timetable' retrieved from /home/airflow/.local/lib/python3.12/site-packages/airflow/example_dags/example_workday_timetable.py
[2024-11-11T03:41:37.728+0000] {logging_mixin.py:190} INFO - [2024-11-11T03:41:37.728+0000] {dag.py:3239} INFO - Sync 1 DAGs
[2024-11-11T03:41:37.757+0000] {logging_mixin.py:190} INFO - [2024-11-11T03:41:37.757+0000] {dag.py:4180} INFO - Setting next_dagrun for example_workday_timetable to 2021-01-04 00:00:00+00:00, run_after=2021-01-05 00:00:00+00:00
[2024-11-11T03:41:37.766+0000] {processor.py:208} INFO - Processing /home/airflow/.local/lib/python3.12/site-packages/airflow/example_dags/example_workday_timetable.py took 0.060 seconds
[2024-11-11T03:42:08.629+0000] {processor.py:186} INFO - Started process (PID=8215) to work on /home/airflow/.local/lib/python3.12/site-packages/airflow/example_dags/example_workday_timetable.py
[2024-11-11T03:42:08.629+0000] {processor.py:914} INFO - Processing file /home/airflow/.local/lib/python3.12/site-packages/airflow/example_dags/example_workday_timetable.py for tasks to queue
[2024-11-11T03:42:08.631+0000] {logging_mixin.py:190} INFO - [2024-11-11T03:42:08.630+0000] {dagbag.py:588} INFO - Filling up the DagBag from /home/airflow/.local/lib/python3.12/site-packages/airflow/example_dags/example_workday_timetable.py
[2024-11-11T03:42:08.635+0000] {processor.py:925} INFO - DAG(s) 'example_workday_timetable' retrieved from /home/airflow/.local/lib/python3.12/site-packages/airflow/example_dags/example_workday_timetable.py
[2024-11-11T03:42:08.645+0000] {logging_mixin.py:190} INFO - [2024-11-11T03:42:08.645+0000] {dag.py:3239} INFO - Sync 1 DAGs
[2024-11-11T03:42:08.673+0000] {logging_mixin.py:190} INFO - [2024-11-11T03:42:08.673+0000] {dag.py:4180} INFO - Setting next_dagrun for example_workday_timetable to 2021-01-04 00:00:00+00:00, run_after=2021-01-05 00:00:00+00:00
[2024-11-11T03:42:08.682+0000] {processor.py:208} INFO - Processing /home/airflow/.local/lib/python3.12/site-packages/airflow/example_dags/example_workday_timetable.py took 0.057 seconds
[2024-11-11T03:42:39.213+0000] {processor.py:186} INFO - Started process (PID=8278) to work on /home/airflow/.local/lib/python3.12/site-packages/airflow/example_dags/example_workday_timetable.py
[2024-11-11T03:42:39.214+0000] {processor.py:914} INFO - Processing file /home/airflow/.local/lib/python3.12/site-packages/airflow/example_dags/example_workday_timetable.py for tasks to queue
[2024-11-11T03:42:39.216+0000] {logging_mixin.py:190} INFO - [2024-11-11T03:42:39.216+0000] {dagbag.py:588} INFO - Filling up the DagBag from /home/airflow/.local/lib/python3.12/site-packages/airflow/example_dags/example_workday_timetable.py
[2024-11-11T03:42:39.220+0000] {processor.py:925} INFO - DAG(s) 'example_workday_timetable' retrieved from /home/airflow/.local/lib/python3.12/site-packages/airflow/example_dags/example_workday_timetable.py
[2024-11-11T03:42:39.231+0000] {logging_mixin.py:190} INFO - [2024-11-11T03:42:39.231+0000] {dag.py:3239} INFO - Sync 1 DAGs
[2024-11-11T03:42:39.260+0000] {logging_mixin.py:190} INFO - [2024-11-11T03:42:39.260+0000] {dag.py:4180} INFO - Setting next_dagrun for example_workday_timetable to 2021-01-04 00:00:00+00:00, run_after=2021-01-05 00:00:00+00:00
[2024-11-11T03:42:39.268+0000] {processor.py:208} INFO - Processing /home/airflow/.local/lib/python3.12/site-packages/airflow/example_dags/example_workday_timetable.py took 0.059 seconds
[2024-11-11T03:43:09.932+0000] {processor.py:186} INFO - Started process (PID=8341) to work on /home/airflow/.local/lib/python3.12/site-packages/airflow/example_dags/example_workday_timetable.py
[2024-11-11T03:43:09.933+0000] {processor.py:914} INFO - Processing file /home/airflow/.local/lib/python3.12/site-packages/airflow/example_dags/example_workday_timetable.py for tasks to queue
[2024-11-11T03:43:09.934+0000] {logging_mixin.py:190} INFO - [2024-11-11T03:43:09.934+0000] {dagbag.py:588} INFO - Filling up the DagBag from /home/airflow/.local/lib/python3.12/site-packages/airflow/example_dags/example_workday_timetable.py
[2024-11-11T03:43:09.938+0000] {processor.py:925} INFO - DAG(s) 'example_workday_timetable' retrieved from /home/airflow/.local/lib/python3.12/site-packages/airflow/example_dags/example_workday_timetable.py
[2024-11-11T03:43:09.949+0000] {logging_mixin.py:190} INFO - [2024-11-11T03:43:09.948+0000] {dag.py:3239} INFO - Sync 1 DAGs
[2024-11-11T03:43:09.976+0000] {logging_mixin.py:190} INFO - [2024-11-11T03:43:09.976+0000] {dag.py:4180} INFO - Setting next_dagrun for example_workday_timetable to 2021-01-04 00:00:00+00:00, run_after=2021-01-05 00:00:00+00:00
[2024-11-11T03:43:09.985+0000] {processor.py:208} INFO - Processing /home/airflow/.local/lib/python3.12/site-packages/airflow/example_dags/example_workday_timetable.py took 0.056 seconds
[2024-11-11T03:43:40.468+0000] {processor.py:186} INFO - Started process (PID=8404) to work on /home/airflow/.local/lib/python3.12/site-packages/airflow/example_dags/example_workday_timetable.py
[2024-11-11T03:43:40.469+0000] {processor.py:914} INFO - Processing file /home/airflow/.local/lib/python3.12/site-packages/airflow/example_dags/example_workday_timetable.py for tasks to queue
[2024-11-11T03:43:40.470+0000] {logging_mixin.py:190} INFO - [2024-11-11T03:43:40.470+0000] {dagbag.py:588} INFO - Filling up the DagBag from /home/airflow/.local/lib/python3.12/site-packages/airflow/example_dags/example_workday_timetable.py
[2024-11-11T03:43:40.474+0000] {processor.py:925} INFO - DAG(s) 'example_workday_timetable' retrieved from /home/airflow/.local/lib/python3.12/site-packages/airflow/example_dags/example_workday_timetable.py
[2024-11-11T03:43:40.484+0000] {logging_mixin.py:190} INFO - [2024-11-11T03:43:40.484+0000] {dag.py:3239} INFO - Sync 1 DAGs
[2024-11-11T03:43:40.512+0000] {logging_mixin.py:190} INFO - [2024-11-11T03:43:40.512+0000] {dag.py:4180} INFO - Setting next_dagrun for example_workday_timetable to 2021-01-04 00:00:00+00:00, run_after=2021-01-05 00:00:00+00:00
[2024-11-11T03:43:40.521+0000] {processor.py:208} INFO - Processing /home/airflow/.local/lib/python3.12/site-packages/airflow/example_dags/example_workday_timetable.py took 0.056 seconds
[2024-11-11T03:44:11.170+0000] {processor.py:186} INFO - Started process (PID=8467) to work on /home/airflow/.local/lib/python3.12/site-packages/airflow/example_dags/example_workday_timetable.py
[2024-11-11T03:44:11.171+0000] {processor.py:914} INFO - Processing file /home/airflow/.local/lib/python3.12/site-packages/airflow/example_dags/example_workday_timetable.py for tasks to queue
[2024-11-11T03:44:11.172+0000] {logging_mixin.py:190} INFO - [2024-11-11T03:44:11.172+0000] {dagbag.py:588} INFO - Filling up the DagBag from /home/airflow/.local/lib/python3.12/site-packages/airflow/example_dags/example_workday_timetable.py
[2024-11-11T03:44:11.176+0000] {processor.py:925} INFO - DAG(s) 'example_workday_timetable' retrieved from /home/airflow/.local/lib/python3.12/site-packages/airflow/example_dags/example_workday_timetable.py
[2024-11-11T03:44:11.187+0000] {logging_mixin.py:190} INFO - [2024-11-11T03:44:11.187+0000] {dag.py:3239} INFO - Sync 1 DAGs
[2024-11-11T03:44:11.214+0000] {logging_mixin.py:190} INFO - [2024-11-11T03:44:11.214+0000] {dag.py:4180} INFO - Setting next_dagrun for example_workday_timetable to 2021-01-04 00:00:00+00:00, run_after=2021-01-05 00:00:00+00:00
[2024-11-11T03:44:11.223+0000] {processor.py:208} INFO - Processing /home/airflow/.local/lib/python3.12/site-packages/airflow/example_dags/example_workday_timetable.py took 0.056 seconds
[2024-11-11T03:44:41.863+0000] {processor.py:186} INFO - Started process (PID=8530) to work on /home/airflow/.local/lib/python3.12/site-packages/airflow/example_dags/example_workday_timetable.py
[2024-11-11T03:44:41.863+0000] {processor.py:914} INFO - Processing file /home/airflow/.local/lib/python3.12/site-packages/airflow/example_dags/example_workday_timetable.py for tasks to queue
[2024-11-11T03:44:41.865+0000] {logging_mixin.py:190} INFO - [2024-11-11T03:44:41.865+0000] {dagbag.py:588} INFO - Filling up the DagBag from /home/airflow/.local/lib/python3.12/site-packages/airflow/example_dags/example_workday_timetable.py
[2024-11-11T03:44:41.869+0000] {processor.py:925} INFO - DAG(s) 'example_workday_timetable' retrieved from /home/airflow/.local/lib/python3.12/site-packages/airflow/example_dags/example_workday_timetable.py
[2024-11-11T03:44:41.879+0000] {logging_mixin.py:190} INFO - [2024-11-11T03:44:41.879+0000] {dag.py:3239} INFO - Sync 1 DAGs
[2024-11-11T03:44:41.908+0000] {logging_mixin.py:190} INFO - [2024-11-11T03:44:41.908+0000] {dag.py:4180} INFO - Setting next_dagrun for example_workday_timetable to 2021-01-04 00:00:00+00:00, run_after=2021-01-05 00:00:00+00:00
[2024-11-11T03:44:41.917+0000] {processor.py:208} INFO - Processing /home/airflow/.local/lib/python3.12/site-packages/airflow/example_dags/example_workday_timetable.py took 0.057 seconds
[2024-11-11T03:45:12.728+0000] {processor.py:186} INFO - Started process (PID=8593) to work on /home/airflow/.local/lib/python3.12/site-packages/airflow/example_dags/example_workday_timetable.py
[2024-11-11T03:45:12.729+0000] {processor.py:914} INFO - Processing file /home/airflow/.local/lib/python3.12/site-packages/airflow/example_dags/example_workday_timetable.py for tasks to queue
[2024-11-11T03:45:12.731+0000] {logging_mixin.py:190} INFO - [2024-11-11T03:45:12.730+0000] {dagbag.py:588} INFO - Filling up the DagBag from /home/airflow/.local/lib/python3.12/site-packages/airflow/example_dags/example_workday_timetable.py
[2024-11-11T03:45:12.734+0000] {processor.py:925} INFO - DAG(s) 'example_workday_timetable' retrieved from /home/airflow/.local/lib/python3.12/site-packages/airflow/example_dags/example_workday_timetable.py
[2024-11-11T03:45:12.745+0000] {logging_mixin.py:190} INFO - [2024-11-11T03:45:12.745+0000] {dag.py:3239} INFO - Sync 1 DAGs
[2024-11-11T03:45:12.773+0000] {logging_mixin.py:190} INFO - [2024-11-11T03:45:12.773+0000] {dag.py:4180} INFO - Setting next_dagrun for example_workday_timetable to 2021-01-04 00:00:00+00:00, run_after=2021-01-05 00:00:00+00:00
[2024-11-11T03:45:12.782+0000] {processor.py:208} INFO - Processing /home/airflow/.local/lib/python3.12/site-packages/airflow/example_dags/example_workday_timetable.py took 0.057 seconds
[2024-11-11T03:45:43.193+0000] {processor.py:186} INFO - Started process (PID=8656) to work on /home/airflow/.local/lib/python3.12/site-packages/airflow/example_dags/example_workday_timetable.py
[2024-11-11T03:45:43.193+0000] {processor.py:914} INFO - Processing file /home/airflow/.local/lib/python3.12/site-packages/airflow/example_dags/example_workday_timetable.py for tasks to queue
[2024-11-11T03:45:43.195+0000] {logging_mixin.py:190} INFO - [2024-11-11T03:45:43.195+0000] {dagbag.py:588} INFO - Filling up the DagBag from /home/airflow/.local/lib/python3.12/site-packages/airflow/example_dags/example_workday_timetable.py
[2024-11-11T03:45:43.199+0000] {processor.py:925} INFO - DAG(s) 'example_workday_timetable' retrieved from /home/airflow/.local/lib/python3.12/site-packages/airflow/example_dags/example_workday_timetable.py
[2024-11-11T03:45:43.211+0000] {logging_mixin.py:190} INFO - [2024-11-11T03:45:43.211+0000] {dag.py:3239} INFO - Sync 1 DAGs
[2024-11-11T03:45:43.242+0000] {logging_mixin.py:190} INFO - [2024-11-11T03:45:43.242+0000] {dag.py:4180} INFO - Setting next_dagrun for example_workday_timetable to 2021-01-04 00:00:00+00:00, run_after=2021-01-05 00:00:00+00:00
[2024-11-11T03:45:43.252+0000] {processor.py:208} INFO - Processing /home/airflow/.local/lib/python3.12/site-packages/airflow/example_dags/example_workday_timetable.py took 0.063 seconds
[2024-11-11T03:46:13.969+0000] {processor.py:186} INFO - Started process (PID=8719) to work on /home/airflow/.local/lib/python3.12/site-packages/airflow/example_dags/example_workday_timetable.py
[2024-11-11T03:46:13.969+0000] {processor.py:914} INFO - Processing file /home/airflow/.local/lib/python3.12/site-packages/airflow/example_dags/example_workday_timetable.py for tasks to queue
[2024-11-11T03:46:13.971+0000] {logging_mixin.py:190} INFO - [2024-11-11T03:46:13.970+0000] {dagbag.py:588} INFO - Filling up the DagBag from /home/airflow/.local/lib/python3.12/site-packages/airflow/example_dags/example_workday_timetable.py
[2024-11-11T03:46:13.974+0000] {processor.py:925} INFO - DAG(s) 'example_workday_timetable' retrieved from /home/airflow/.local/lib/python3.12/site-packages/airflow/example_dags/example_workday_timetable.py
[2024-11-11T03:46:13.983+0000] {logging_mixin.py:190} INFO - [2024-11-11T03:46:13.983+0000] {dag.py:3239} INFO - Sync 1 DAGs
[2024-11-11T03:46:14.009+0000] {logging_mixin.py:190} INFO - [2024-11-11T03:46:14.009+0000] {dag.py:4180} INFO - Setting next_dagrun for example_workday_timetable to 2021-01-04 00:00:00+00:00, run_after=2021-01-05 00:00:00+00:00
[2024-11-11T03:46:14.018+0000] {processor.py:208} INFO - Processing /home/airflow/.local/lib/python3.12/site-packages/airflow/example_dags/example_workday_timetable.py took 0.053 seconds
[2024-11-11T03:46:44.460+0000] {processor.py:186} INFO - Started process (PID=8782) to work on /home/airflow/.local/lib/python3.12/site-packages/airflow/example_dags/example_workday_timetable.py
[2024-11-11T03:46:44.460+0000] {processor.py:914} INFO - Processing file /home/airflow/.local/lib/python3.12/site-packages/airflow/example_dags/example_workday_timetable.py for tasks to queue
[2024-11-11T03:46:44.462+0000] {logging_mixin.py:190} INFO - [2024-11-11T03:46:44.462+0000] {dagbag.py:588} INFO - Filling up the DagBag from /home/airflow/.local/lib/python3.12/site-packages/airflow/example_dags/example_workday_timetable.py
[2024-11-11T03:46:44.466+0000] {processor.py:925} INFO - DAG(s) 'example_workday_timetable' retrieved from /home/airflow/.local/lib/python3.12/site-packages/airflow/example_dags/example_workday_timetable.py
[2024-11-11T03:46:44.476+0000] {logging_mixin.py:190} INFO - [2024-11-11T03:46:44.476+0000] {dag.py:3239} INFO - Sync 1 DAGs
[2024-11-11T03:46:44.505+0000] {logging_mixin.py:190} INFO - [2024-11-11T03:46:44.505+0000] {dag.py:4180} INFO - Setting next_dagrun for example_workday_timetable to 2021-01-04 00:00:00+00:00, run_after=2021-01-05 00:00:00+00:00
[2024-11-11T03:46:44.514+0000] {processor.py:208} INFO - Processing /home/airflow/.local/lib/python3.12/site-packages/airflow/example_dags/example_workday_timetable.py took 0.057 seconds
[2024-11-11T03:47:14.990+0000] {processor.py:186} INFO - Started process (PID=8845) to work on /home/airflow/.local/lib/python3.12/site-packages/airflow/example_dags/example_workday_timetable.py
[2024-11-11T03:47:14.990+0000] {processor.py:914} INFO - Processing file /home/airflow/.local/lib/python3.12/site-packages/airflow/example_dags/example_workday_timetable.py for tasks to queue
[2024-11-11T03:47:14.992+0000] {logging_mixin.py:190} INFO - [2024-11-11T03:47:14.992+0000] {dagbag.py:588} INFO - Filling up the DagBag from /home/airflow/.local/lib/python3.12/site-packages/airflow/example_dags/example_workday_timetable.py
[2024-11-11T03:47:14.995+0000] {processor.py:925} INFO - DAG(s) 'example_workday_timetable' retrieved from /home/airflow/.local/lib/python3.12/site-packages/airflow/example_dags/example_workday_timetable.py
[2024-11-11T03:47:15.004+0000] {logging_mixin.py:190} INFO - [2024-11-11T03:47:15.004+0000] {dag.py:3239} INFO - Sync 1 DAGs
[2024-11-11T03:47:15.031+0000] {logging_mixin.py:190} INFO - [2024-11-11T03:47:15.031+0000] {dag.py:4180} INFO - Setting next_dagrun for example_workday_timetable to 2021-01-04 00:00:00+00:00, run_after=2021-01-05 00:00:00+00:00
[2024-11-11T03:47:15.039+0000] {processor.py:208} INFO - Processing /home/airflow/.local/lib/python3.12/site-packages/airflow/example_dags/example_workday_timetable.py took 0.053 seconds
[2024-11-11T03:47:45.519+0000] {processor.py:186} INFO - Started process (PID=8908) to work on /home/airflow/.local/lib/python3.12/site-packages/airflow/example_dags/example_workday_timetable.py
[2024-11-11T03:47:45.520+0000] {processor.py:914} INFO - Processing file /home/airflow/.local/lib/python3.12/site-packages/airflow/example_dags/example_workday_timetable.py for tasks to queue
[2024-11-11T03:47:45.522+0000] {logging_mixin.py:190} INFO - [2024-11-11T03:47:45.521+0000] {dagbag.py:588} INFO - Filling up the DagBag from /home/airflow/.local/lib/python3.12/site-packages/airflow/example_dags/example_workday_timetable.py
[2024-11-11T03:47:45.526+0000] {processor.py:925} INFO - DAG(s) 'example_workday_timetable' retrieved from /home/airflow/.local/lib/python3.12/site-packages/airflow/example_dags/example_workday_timetable.py
[2024-11-11T03:47:45.536+0000] {logging_mixin.py:190} INFO - [2024-11-11T03:47:45.536+0000] {dag.py:3239} INFO - Sync 1 DAGs
[2024-11-11T03:47:45.562+0000] {logging_mixin.py:190} INFO - [2024-11-11T03:47:45.562+0000] {dag.py:4180} INFO - Setting next_dagrun for example_workday_timetable to 2021-01-04 00:00:00+00:00, run_after=2021-01-05 00:00:00+00:00
[2024-11-11T03:47:45.570+0000] {processor.py:208} INFO - Processing /home/airflow/.local/lib/python3.12/site-packages/airflow/example_dags/example_workday_timetable.py took 0.054 seconds
[2024-11-11T03:48:16.141+0000] {processor.py:186} INFO - Started process (PID=8971) to work on /home/airflow/.local/lib/python3.12/site-packages/airflow/example_dags/example_workday_timetable.py
[2024-11-11T03:48:16.142+0000] {processor.py:914} INFO - Processing file /home/airflow/.local/lib/python3.12/site-packages/airflow/example_dags/example_workday_timetable.py for tasks to queue
[2024-11-11T03:48:16.143+0000] {logging_mixin.py:190} INFO - [2024-11-11T03:48:16.143+0000] {dagbag.py:588} INFO - Filling up the DagBag from /home/airflow/.local/lib/python3.12/site-packages/airflow/example_dags/example_workday_timetable.py
[2024-11-11T03:48:16.147+0000] {processor.py:925} INFO - DAG(s) 'example_workday_timetable' retrieved from /home/airflow/.local/lib/python3.12/site-packages/airflow/example_dags/example_workday_timetable.py
[2024-11-11T03:48:16.157+0000] {logging_mixin.py:190} INFO - [2024-11-11T03:48:16.157+0000] {dag.py:3239} INFO - Sync 1 DAGs
[2024-11-11T03:48:16.184+0000] {logging_mixin.py:190} INFO - [2024-11-11T03:48:16.184+0000] {dag.py:4180} INFO - Setting next_dagrun for example_workday_timetable to 2021-01-04 00:00:00+00:00, run_after=2021-01-05 00:00:00+00:00
[2024-11-11T03:48:16.193+0000] {processor.py:208} INFO - Processing /home/airflow/.local/lib/python3.12/site-packages/airflow/example_dags/example_workday_timetable.py took 0.055 seconds
[2024-11-11T03:48:46.964+0000] {processor.py:186} INFO - Started process (PID=9034) to work on /home/airflow/.local/lib/python3.12/site-packages/airflow/example_dags/example_workday_timetable.py
[2024-11-11T03:48:46.964+0000] {processor.py:914} INFO - Processing file /home/airflow/.local/lib/python3.12/site-packages/airflow/example_dags/example_workday_timetable.py for tasks to queue
[2024-11-11T03:48:46.966+0000] {logging_mixin.py:190} INFO - [2024-11-11T03:48:46.965+0000] {dagbag.py:588} INFO - Filling up the DagBag from /home/airflow/.local/lib/python3.12/site-packages/airflow/example_dags/example_workday_timetable.py
[2024-11-11T03:48:46.969+0000] {processor.py:925} INFO - DAG(s) 'example_workday_timetable' retrieved from /home/airflow/.local/lib/python3.12/site-packages/airflow/example_dags/example_workday_timetable.py
[2024-11-11T03:48:46.979+0000] {logging_mixin.py:190} INFO - [2024-11-11T03:48:46.979+0000] {dag.py:3239} INFO - Sync 1 DAGs
[2024-11-11T03:48:47.006+0000] {logging_mixin.py:190} INFO - [2024-11-11T03:48:47.006+0000] {dag.py:4180} INFO - Setting next_dagrun for example_workday_timetable to 2021-01-04 00:00:00+00:00, run_after=2021-01-05 00:00:00+00:00
[2024-11-11T03:48:47.015+0000] {processor.py:208} INFO - Processing /home/airflow/.local/lib/python3.12/site-packages/airflow/example_dags/example_workday_timetable.py took 0.055 seconds
[2024-11-11T03:49:17.599+0000] {processor.py:186} INFO - Started process (PID=9097) to work on /home/airflow/.local/lib/python3.12/site-packages/airflow/example_dags/example_workday_timetable.py
[2024-11-11T03:49:17.600+0000] {processor.py:914} INFO - Processing file /home/airflow/.local/lib/python3.12/site-packages/airflow/example_dags/example_workday_timetable.py for tasks to queue
[2024-11-11T03:49:17.602+0000] {logging_mixin.py:190} INFO - [2024-11-11T03:49:17.601+0000] {dagbag.py:588} INFO - Filling up the DagBag from /home/airflow/.local/lib/python3.12/site-packages/airflow/example_dags/example_workday_timetable.py
[2024-11-11T03:49:17.605+0000] {processor.py:925} INFO - DAG(s) 'example_workday_timetable' retrieved from /home/airflow/.local/lib/python3.12/site-packages/airflow/example_dags/example_workday_timetable.py
[2024-11-11T03:49:17.616+0000] {logging_mixin.py:190} INFO - [2024-11-11T03:49:17.616+0000] {dag.py:3239} INFO - Sync 1 DAGs
[2024-11-11T03:49:17.644+0000] {logging_mixin.py:190} INFO - [2024-11-11T03:49:17.644+0000] {dag.py:4180} INFO - Setting next_dagrun for example_workday_timetable to 2021-01-04 00:00:00+00:00, run_after=2021-01-05 00:00:00+00:00
[2024-11-11T03:49:17.652+0000] {processor.py:208} INFO - Processing /home/airflow/.local/lib/python3.12/site-packages/airflow/example_dags/example_workday_timetable.py took 0.056 seconds
[2024-11-11T03:59:43.209+0000] {processor.py:186} INFO - Started process (PID=9160) to work on /home/airflow/.local/lib/python3.12/site-packages/airflow/example_dags/example_workday_timetable.py
[2024-11-11T03:59:43.210+0000] {processor.py:914} INFO - Processing file /home/airflow/.local/lib/python3.12/site-packages/airflow/example_dags/example_workday_timetable.py for tasks to queue
[2024-11-11T03:59:43.211+0000] {logging_mixin.py:190} INFO - [2024-11-11T03:59:43.211+0000] {dagbag.py:588} INFO - Filling up the DagBag from /home/airflow/.local/lib/python3.12/site-packages/airflow/example_dags/example_workday_timetable.py
[2024-11-11T03:59:43.215+0000] {processor.py:925} INFO - DAG(s) 'example_workday_timetable' retrieved from /home/airflow/.local/lib/python3.12/site-packages/airflow/example_dags/example_workday_timetable.py
[2024-11-11T03:59:43.223+0000] {logging_mixin.py:190} INFO - [2024-11-11T03:59:43.223+0000] {dag.py:3239} INFO - Sync 1 DAGs
[2024-11-11T03:59:43.250+0000] {logging_mixin.py:190} INFO - [2024-11-11T03:59:43.250+0000] {dag.py:4180} INFO - Setting next_dagrun for example_workday_timetable to 2021-01-04 00:00:00+00:00, run_after=2021-01-05 00:00:00+00:00
[2024-11-11T03:59:43.259+0000] {processor.py:208} INFO - Processing /home/airflow/.local/lib/python3.12/site-packages/airflow/example_dags/example_workday_timetable.py took 0.053 seconds
[2024-11-11T04:00:13.831+0000] {processor.py:186} INFO - Started process (PID=9223) to work on /home/airflow/.local/lib/python3.12/site-packages/airflow/example_dags/example_workday_timetable.py
[2024-11-11T04:00:13.831+0000] {processor.py:914} INFO - Processing file /home/airflow/.local/lib/python3.12/site-packages/airflow/example_dags/example_workday_timetable.py for tasks to queue
[2024-11-11T04:00:13.833+0000] {logging_mixin.py:190} INFO - [2024-11-11T04:00:13.833+0000] {dagbag.py:588} INFO - Filling up the DagBag from /home/airflow/.local/lib/python3.12/site-packages/airflow/example_dags/example_workday_timetable.py
[2024-11-11T04:00:13.837+0000] {processor.py:925} INFO - DAG(s) 'example_workday_timetable' retrieved from /home/airflow/.local/lib/python3.12/site-packages/airflow/example_dags/example_workday_timetable.py
[2024-11-11T04:00:13.847+0000] {logging_mixin.py:190} INFO - [2024-11-11T04:00:13.847+0000] {dag.py:3239} INFO - Sync 1 DAGs
[2024-11-11T04:00:13.875+0000] {logging_mixin.py:190} INFO - [2024-11-11T04:00:13.875+0000] {dag.py:4180} INFO - Setting next_dagrun for example_workday_timetable to 2021-01-04 00:00:00+00:00, run_after=2021-01-05 00:00:00+00:00
[2024-11-11T04:00:13.883+0000] {processor.py:208} INFO - Processing /home/airflow/.local/lib/python3.12/site-packages/airflow/example_dags/example_workday_timetable.py took 0.055 seconds
[2024-11-11T04:00:44.693+0000] {processor.py:186} INFO - Started process (PID=9286) to work on /home/airflow/.local/lib/python3.12/site-packages/airflow/example_dags/example_workday_timetable.py
[2024-11-11T04:00:44.694+0000] {processor.py:914} INFO - Processing file /home/airflow/.local/lib/python3.12/site-packages/airflow/example_dags/example_workday_timetable.py for tasks to queue
[2024-11-11T04:00:44.696+0000] {logging_mixin.py:190} INFO - [2024-11-11T04:00:44.695+0000] {dagbag.py:588} INFO - Filling up the DagBag from /home/airflow/.local/lib/python3.12/site-packages/airflow/example_dags/example_workday_timetable.py
[2024-11-11T04:00:44.699+0000] {processor.py:925} INFO - DAG(s) 'example_workday_timetable' retrieved from /home/airflow/.local/lib/python3.12/site-packages/airflow/example_dags/example_workday_timetable.py
[2024-11-11T04:00:44.710+0000] {logging_mixin.py:190} INFO - [2024-11-11T04:00:44.709+0000] {dag.py:3239} INFO - Sync 1 DAGs
[2024-11-11T04:00:44.737+0000] {logging_mixin.py:190} INFO - [2024-11-11T04:00:44.737+0000] {dag.py:4180} INFO - Setting next_dagrun for example_workday_timetable to 2021-01-04 00:00:00+00:00, run_after=2021-01-05 00:00:00+00:00
[2024-11-11T04:00:44.745+0000] {processor.py:208} INFO - Processing /home/airflow/.local/lib/python3.12/site-packages/airflow/example_dags/example_workday_timetable.py took 0.055 seconds
[2024-11-11T04:01:15.318+0000] {processor.py:186} INFO - Started process (PID=9349) to work on /home/airflow/.local/lib/python3.12/site-packages/airflow/example_dags/example_workday_timetable.py
[2024-11-11T04:01:15.319+0000] {processor.py:914} INFO - Processing file /home/airflow/.local/lib/python3.12/site-packages/airflow/example_dags/example_workday_timetable.py for tasks to queue
[2024-11-11T04:01:15.320+0000] {logging_mixin.py:190} INFO - [2024-11-11T04:01:15.320+0000] {dagbag.py:588} INFO - Filling up the DagBag from /home/airflow/.local/lib/python3.12/site-packages/airflow/example_dags/example_workday_timetable.py
[2024-11-11T04:01:15.324+0000] {processor.py:925} INFO - DAG(s) 'example_workday_timetable' retrieved from /home/airflow/.local/lib/python3.12/site-packages/airflow/example_dags/example_workday_timetable.py
[2024-11-11T04:01:15.334+0000] {logging_mixin.py:190} INFO - [2024-11-11T04:01:15.334+0000] {dag.py:3239} INFO - Sync 1 DAGs
[2024-11-11T04:01:15.362+0000] {logging_mixin.py:190} INFO - [2024-11-11T04:01:15.362+0000] {dag.py:4180} INFO - Setting next_dagrun for example_workday_timetable to 2021-01-04 00:00:00+00:00, run_after=2021-01-05 00:00:00+00:00
[2024-11-11T04:01:15.370+0000] {processor.py:208} INFO - Processing /home/airflow/.local/lib/python3.12/site-packages/airflow/example_dags/example_workday_timetable.py took 0.056 seconds
[2024-11-11T04:01:46.207+0000] {processor.py:186} INFO - Started process (PID=9412) to work on /home/airflow/.local/lib/python3.12/site-packages/airflow/example_dags/example_workday_timetable.py
[2024-11-11T04:01:46.209+0000] {processor.py:914} INFO - Processing file /home/airflow/.local/lib/python3.12/site-packages/airflow/example_dags/example_workday_timetable.py for tasks to queue
[2024-11-11T04:01:46.212+0000] {logging_mixin.py:190} INFO - [2024-11-11T04:01:46.211+0000] {dagbag.py:588} INFO - Filling up the DagBag from /home/airflow/.local/lib/python3.12/site-packages/airflow/example_dags/example_workday_timetable.py
[2024-11-11T04:01:46.220+0000] {processor.py:925} INFO - DAG(s) 'example_workday_timetable' retrieved from /home/airflow/.local/lib/python3.12/site-packages/airflow/example_dags/example_workday_timetable.py
[2024-11-11T04:01:46.238+0000] {logging_mixin.py:190} INFO - [2024-11-11T04:01:46.238+0000] {dag.py:3239} INFO - Sync 1 DAGs
[2024-11-11T04:01:46.276+0000] {logging_mixin.py:190} INFO - [2024-11-11T04:01:46.276+0000] {dag.py:4180} INFO - Setting next_dagrun for example_workday_timetable to 2021-01-04 00:00:00+00:00, run_after=2021-01-05 00:00:00+00:00
[2024-11-11T04:01:46.289+0000] {processor.py:208} INFO - Processing /home/airflow/.local/lib/python3.12/site-packages/airflow/example_dags/example_workday_timetable.py took 0.089 seconds
[2024-11-11T04:02:17.077+0000] {processor.py:186} INFO - Started process (PID=9475) to work on /home/airflow/.local/lib/python3.12/site-packages/airflow/example_dags/example_workday_timetable.py
[2024-11-11T04:02:17.078+0000] {processor.py:914} INFO - Processing file /home/airflow/.local/lib/python3.12/site-packages/airflow/example_dags/example_workday_timetable.py for tasks to queue
[2024-11-11T04:02:17.079+0000] {logging_mixin.py:190} INFO - [2024-11-11T04:02:17.079+0000] {dagbag.py:588} INFO - Filling up the DagBag from /home/airflow/.local/lib/python3.12/site-packages/airflow/example_dags/example_workday_timetable.py
[2024-11-11T04:02:17.083+0000] {processor.py:925} INFO - DAG(s) 'example_workday_timetable' retrieved from /home/airflow/.local/lib/python3.12/site-packages/airflow/example_dags/example_workday_timetable.py
[2024-11-11T04:02:17.094+0000] {logging_mixin.py:190} INFO - [2024-11-11T04:02:17.094+0000] {dag.py:3239} INFO - Sync 1 DAGs
[2024-11-11T04:02:17.123+0000] {logging_mixin.py:190} INFO - [2024-11-11T04:02:17.122+0000] {dag.py:4180} INFO - Setting next_dagrun for example_workday_timetable to 2021-01-04 00:00:00+00:00, run_after=2021-01-05 00:00:00+00:00
[2024-11-11T04:02:17.131+0000] {processor.py:208} INFO - Processing /home/airflow/.local/lib/python3.12/site-packages/airflow/example_dags/example_workday_timetable.py took 0.057 seconds
[2024-11-11T04:02:47.747+0000] {processor.py:186} INFO - Started process (PID=9538) to work on /home/airflow/.local/lib/python3.12/site-packages/airflow/example_dags/example_workday_timetable.py
[2024-11-11T04:02:47.747+0000] {processor.py:914} INFO - Processing file /home/airflow/.local/lib/python3.12/site-packages/airflow/example_dags/example_workday_timetable.py for tasks to queue
[2024-11-11T04:02:47.749+0000] {logging_mixin.py:190} INFO - [2024-11-11T04:02:47.748+0000] {dagbag.py:588} INFO - Filling up the DagBag from /home/airflow/.local/lib/python3.12/site-packages/airflow/example_dags/example_workday_timetable.py
[2024-11-11T04:02:47.752+0000] {processor.py:925} INFO - DAG(s) 'example_workday_timetable' retrieved from /home/airflow/.local/lib/python3.12/site-packages/airflow/example_dags/example_workday_timetable.py
[2024-11-11T04:02:47.763+0000] {logging_mixin.py:190} INFO - [2024-11-11T04:02:47.762+0000] {dag.py:3239} INFO - Sync 1 DAGs
[2024-11-11T04:02:47.790+0000] {logging_mixin.py:190} INFO - [2024-11-11T04:02:47.790+0000] {dag.py:4180} INFO - Setting next_dagrun for example_workday_timetable to 2021-01-04 00:00:00+00:00, run_after=2021-01-05 00:00:00+00:00
[2024-11-11T04:02:47.799+0000] {processor.py:208} INFO - Processing /home/airflow/.local/lib/python3.12/site-packages/airflow/example_dags/example_workday_timetable.py took 0.056 seconds
[2024-11-11T04:03:18.416+0000] {processor.py:186} INFO - Started process (PID=9601) to work on /home/airflow/.local/lib/python3.12/site-packages/airflow/example_dags/example_workday_timetable.py
[2024-11-11T04:03:18.417+0000] {processor.py:914} INFO - Processing file /home/airflow/.local/lib/python3.12/site-packages/airflow/example_dags/example_workday_timetable.py for tasks to queue
[2024-11-11T04:03:18.418+0000] {logging_mixin.py:190} INFO - [2024-11-11T04:03:18.418+0000] {dagbag.py:588} INFO - Filling up the DagBag from /home/airflow/.local/lib/python3.12/site-packages/airflow/example_dags/example_workday_timetable.py
[2024-11-11T04:03:18.422+0000] {processor.py:925} INFO - DAG(s) 'example_workday_timetable' retrieved from /home/airflow/.local/lib/python3.12/site-packages/airflow/example_dags/example_workday_timetable.py
[2024-11-11T04:03:18.433+0000] {logging_mixin.py:190} INFO - [2024-11-11T04:03:18.433+0000] {dag.py:3239} INFO - Sync 1 DAGs
[2024-11-11T04:03:18.461+0000] {logging_mixin.py:190} INFO - [2024-11-11T04:03:18.461+0000] {dag.py:4180} INFO - Setting next_dagrun for example_workday_timetable to 2021-01-04 00:00:00+00:00, run_after=2021-01-05 00:00:00+00:00
[2024-11-11T04:03:18.469+0000] {processor.py:208} INFO - Processing /home/airflow/.local/lib/python3.12/site-packages/airflow/example_dags/example_workday_timetable.py took 0.057 seconds
[2024-11-11T04:03:49.349+0000] {processor.py:186} INFO - Started process (PID=9664) to work on /home/airflow/.local/lib/python3.12/site-packages/airflow/example_dags/example_workday_timetable.py
[2024-11-11T04:03:49.350+0000] {processor.py:914} INFO - Processing file /home/airflow/.local/lib/python3.12/site-packages/airflow/example_dags/example_workday_timetable.py for tasks to queue
[2024-11-11T04:03:49.351+0000] {logging_mixin.py:190} INFO - [2024-11-11T04:03:49.351+0000] {dagbag.py:588} INFO - Filling up the DagBag from /home/airflow/.local/lib/python3.12/site-packages/airflow/example_dags/example_workday_timetable.py
[2024-11-11T04:03:49.355+0000] {processor.py:925} INFO - DAG(s) 'example_workday_timetable' retrieved from /home/airflow/.local/lib/python3.12/site-packages/airflow/example_dags/example_workday_timetable.py
[2024-11-11T04:03:49.366+0000] {logging_mixin.py:190} INFO - [2024-11-11T04:03:49.366+0000] {dag.py:3239} INFO - Sync 1 DAGs
[2024-11-11T04:03:49.393+0000] {logging_mixin.py:190} INFO - [2024-11-11T04:03:49.393+0000] {dag.py:4180} INFO - Setting next_dagrun for example_workday_timetable to 2021-01-04 00:00:00+00:00, run_after=2021-01-05 00:00:00+00:00
[2024-11-11T04:03:49.402+0000] {processor.py:208} INFO - Processing /home/airflow/.local/lib/python3.12/site-packages/airflow/example_dags/example_workday_timetable.py took 0.056 seconds
[2024-11-11T04:04:20.344+0000] {processor.py:186} INFO - Started process (PID=9727) to work on /home/airflow/.local/lib/python3.12/site-packages/airflow/example_dags/example_workday_timetable.py
[2024-11-11T04:04:20.344+0000] {processor.py:914} INFO - Processing file /home/airflow/.local/lib/python3.12/site-packages/airflow/example_dags/example_workday_timetable.py for tasks to queue
[2024-11-11T04:04:20.346+0000] {logging_mixin.py:190} INFO - [2024-11-11T04:04:20.345+0000] {dagbag.py:588} INFO - Filling up the DagBag from /home/airflow/.local/lib/python3.12/site-packages/airflow/example_dags/example_workday_timetable.py
[2024-11-11T04:04:20.350+0000] {processor.py:925} INFO - DAG(s) 'example_workday_timetable' retrieved from /home/airflow/.local/lib/python3.12/site-packages/airflow/example_dags/example_workday_timetable.py
[2024-11-11T04:04:20.360+0000] {logging_mixin.py:190} INFO - [2024-11-11T04:04:20.360+0000] {dag.py:3239} INFO - Sync 1 DAGs
[2024-11-11T04:04:20.389+0000] {logging_mixin.py:190} INFO - [2024-11-11T04:04:20.389+0000] {dag.py:4180} INFO - Setting next_dagrun for example_workday_timetable to 2021-01-04 00:00:00+00:00, run_after=2021-01-05 00:00:00+00:00
[2024-11-11T04:04:20.397+0000] {processor.py:208} INFO - Processing /home/airflow/.local/lib/python3.12/site-packages/airflow/example_dags/example_workday_timetable.py took 0.057 seconds
[2024-11-11T04:04:51.283+0000] {processor.py:186} INFO - Started process (PID=9790) to work on /home/airflow/.local/lib/python3.12/site-packages/airflow/example_dags/example_workday_timetable.py
[2024-11-11T04:04:51.284+0000] {processor.py:914} INFO - Processing file /home/airflow/.local/lib/python3.12/site-packages/airflow/example_dags/example_workday_timetable.py for tasks to queue
[2024-11-11T04:04:51.286+0000] {logging_mixin.py:190} INFO - [2024-11-11T04:04:51.286+0000] {dagbag.py:588} INFO - Filling up the DagBag from /home/airflow/.local/lib/python3.12/site-packages/airflow/example_dags/example_workday_timetable.py
[2024-11-11T04:04:51.291+0000] {processor.py:925} INFO - DAG(s) 'example_workday_timetable' retrieved from /home/airflow/.local/lib/python3.12/site-packages/airflow/example_dags/example_workday_timetable.py
[2024-11-11T04:04:51.306+0000] {logging_mixin.py:190} INFO - [2024-11-11T04:04:51.306+0000] {dag.py:3239} INFO - Sync 1 DAGs
[2024-11-11T04:04:51.338+0000] {logging_mixin.py:190} INFO - [2024-11-11T04:04:51.338+0000] {dag.py:4180} INFO - Setting next_dagrun for example_workday_timetable to 2021-01-04 00:00:00+00:00, run_after=2021-01-05 00:00:00+00:00
[2024-11-11T04:04:51.348+0000] {processor.py:208} INFO - Processing /home/airflow/.local/lib/python3.12/site-packages/airflow/example_dags/example_workday_timetable.py took 0.070 seconds
[2024-11-11T04:05:21.983+0000] {processor.py:186} INFO - Started process (PID=9853) to work on /home/airflow/.local/lib/python3.12/site-packages/airflow/example_dags/example_workday_timetable.py
[2024-11-11T04:05:21.984+0000] {processor.py:914} INFO - Processing file /home/airflow/.local/lib/python3.12/site-packages/airflow/example_dags/example_workday_timetable.py for tasks to queue
[2024-11-11T04:05:21.985+0000] {logging_mixin.py:190} INFO - [2024-11-11T04:05:21.985+0000] {dagbag.py:588} INFO - Filling up the DagBag from /home/airflow/.local/lib/python3.12/site-packages/airflow/example_dags/example_workday_timetable.py
[2024-11-11T04:05:21.989+0000] {processor.py:925} INFO - DAG(s) 'example_workday_timetable' retrieved from /home/airflow/.local/lib/python3.12/site-packages/airflow/example_dags/example_workday_timetable.py
[2024-11-11T04:05:21.999+0000] {logging_mixin.py:190} INFO - [2024-11-11T04:05:21.999+0000] {dag.py:3239} INFO - Sync 1 DAGs
[2024-11-11T04:05:22.027+0000] {logging_mixin.py:190} INFO - [2024-11-11T04:05:22.027+0000] {dag.py:4180} INFO - Setting next_dagrun for example_workday_timetable to 2021-01-04 00:00:00+00:00, run_after=2021-01-05 00:00:00+00:00
[2024-11-11T04:05:22.035+0000] {processor.py:208} INFO - Processing /home/airflow/.local/lib/python3.12/site-packages/airflow/example_dags/example_workday_timetable.py took 0.055 seconds
[2024-11-11T04:05:52.614+0000] {processor.py:186} INFO - Started process (PID=9916) to work on /home/airflow/.local/lib/python3.12/site-packages/airflow/example_dags/example_workday_timetable.py
[2024-11-11T04:05:52.615+0000] {processor.py:914} INFO - Processing file /home/airflow/.local/lib/python3.12/site-packages/airflow/example_dags/example_workday_timetable.py for tasks to queue
[2024-11-11T04:05:52.616+0000] {logging_mixin.py:190} INFO - [2024-11-11T04:05:52.616+0000] {dagbag.py:588} INFO - Filling up the DagBag from /home/airflow/.local/lib/python3.12/site-packages/airflow/example_dags/example_workday_timetable.py
[2024-11-11T04:05:52.620+0000] {processor.py:925} INFO - DAG(s) 'example_workday_timetable' retrieved from /home/airflow/.local/lib/python3.12/site-packages/airflow/example_dags/example_workday_timetable.py
[2024-11-11T04:05:52.630+0000] {logging_mixin.py:190} INFO - [2024-11-11T04:05:52.630+0000] {dag.py:3239} INFO - Sync 1 DAGs
[2024-11-11T04:05:52.657+0000] {logging_mixin.py:190} INFO - [2024-11-11T04:05:52.657+0000] {dag.py:4180} INFO - Setting next_dagrun for example_workday_timetable to 2021-01-04 00:00:00+00:00, run_after=2021-01-05 00:00:00+00:00
[2024-11-11T04:05:52.666+0000] {processor.py:208} INFO - Processing /home/airflow/.local/lib/python3.12/site-packages/airflow/example_dags/example_workday_timetable.py took 0.055 seconds
[2024-11-11T04:06:23.391+0000] {processor.py:186} INFO - Started process (PID=9979) to work on /home/airflow/.local/lib/python3.12/site-packages/airflow/example_dags/example_workday_timetable.py
[2024-11-11T04:06:23.392+0000] {processor.py:914} INFO - Processing file /home/airflow/.local/lib/python3.12/site-packages/airflow/example_dags/example_workday_timetable.py for tasks to queue
[2024-11-11T04:06:23.393+0000] {logging_mixin.py:190} INFO - [2024-11-11T04:06:23.393+0000] {dagbag.py:588} INFO - Filling up the DagBag from /home/airflow/.local/lib/python3.12/site-packages/airflow/example_dags/example_workday_timetable.py
[2024-11-11T04:06:23.397+0000] {processor.py:925} INFO - DAG(s) 'example_workday_timetable' retrieved from /home/airflow/.local/lib/python3.12/site-packages/airflow/example_dags/example_workday_timetable.py
[2024-11-11T04:06:23.407+0000] {logging_mixin.py:190} INFO - [2024-11-11T04:06:23.407+0000] {dag.py:3239} INFO - Sync 1 DAGs
[2024-11-11T04:06:23.436+0000] {logging_mixin.py:190} INFO - [2024-11-11T04:06:23.436+0000] {dag.py:4180} INFO - Setting next_dagrun for example_workday_timetable to 2021-01-04 00:00:00+00:00, run_after=2021-01-05 00:00:00+00:00
[2024-11-11T04:06:23.445+0000] {processor.py:208} INFO - Processing /home/airflow/.local/lib/python3.12/site-packages/airflow/example_dags/example_workday_timetable.py took 0.057 seconds
[2024-11-11T04:06:54.229+0000] {processor.py:186} INFO - Started process (PID=10042) to work on /home/airflow/.local/lib/python3.12/site-packages/airflow/example_dags/example_workday_timetable.py
[2024-11-11T04:06:54.230+0000] {processor.py:914} INFO - Processing file /home/airflow/.local/lib/python3.12/site-packages/airflow/example_dags/example_workday_timetable.py for tasks to queue
[2024-11-11T04:06:54.231+0000] {logging_mixin.py:190} INFO - [2024-11-11T04:06:54.231+0000] {dagbag.py:588} INFO - Filling up the DagBag from /home/airflow/.local/lib/python3.12/site-packages/airflow/example_dags/example_workday_timetable.py
[2024-11-11T04:06:54.235+0000] {processor.py:925} INFO - DAG(s) 'example_workday_timetable' retrieved from /home/airflow/.local/lib/python3.12/site-packages/airflow/example_dags/example_workday_timetable.py
[2024-11-11T04:06:54.248+0000] {logging_mixin.py:190} INFO - [2024-11-11T04:06:54.248+0000] {dag.py:3239} INFO - Sync 1 DAGs
[2024-11-11T04:06:54.280+0000] {logging_mixin.py:190} INFO - [2024-11-11T04:06:54.280+0000] {dag.py:4180} INFO - Setting next_dagrun for example_workday_timetable to 2021-01-04 00:00:00+00:00, run_after=2021-01-05 00:00:00+00:00
[2024-11-11T04:06:54.292+0000] {processor.py:208} INFO - Processing /home/airflow/.local/lib/python3.12/site-packages/airflow/example_dags/example_workday_timetable.py took 0.066 seconds
[2024-11-11T04:07:24.979+0000] {processor.py:186} INFO - Started process (PID=10105) to work on /home/airflow/.local/lib/python3.12/site-packages/airflow/example_dags/example_workday_timetable.py
[2024-11-11T04:07:24.980+0000] {processor.py:914} INFO - Processing file /home/airflow/.local/lib/python3.12/site-packages/airflow/example_dags/example_workday_timetable.py for tasks to queue
[2024-11-11T04:07:24.981+0000] {logging_mixin.py:190} INFO - [2024-11-11T04:07:24.981+0000] {dagbag.py:588} INFO - Filling up the DagBag from /home/airflow/.local/lib/python3.12/site-packages/airflow/example_dags/example_workday_timetable.py
[2024-11-11T04:07:24.985+0000] {processor.py:925} INFO - DAG(s) 'example_workday_timetable' retrieved from /home/airflow/.local/lib/python3.12/site-packages/airflow/example_dags/example_workday_timetable.py
[2024-11-11T04:07:24.995+0000] {logging_mixin.py:190} INFO - [2024-11-11T04:07:24.995+0000] {dag.py:3239} INFO - Sync 1 DAGs
[2024-11-11T04:07:25.024+0000] {logging_mixin.py:190} INFO - [2024-11-11T04:07:25.024+0000] {dag.py:4180} INFO - Setting next_dagrun for example_workday_timetable to 2021-01-04 00:00:00+00:00, run_after=2021-01-05 00:00:00+00:00
[2024-11-11T04:07:25.048+0000] {processor.py:208} INFO - Processing /home/airflow/.local/lib/python3.12/site-packages/airflow/example_dags/example_workday_timetable.py took 0.073 seconds
[2024-11-11T04:07:55.805+0000] {processor.py:186} INFO - Started process (PID=10168) to work on /home/airflow/.local/lib/python3.12/site-packages/airflow/example_dags/example_workday_timetable.py
[2024-11-11T04:07:55.805+0000] {processor.py:914} INFO - Processing file /home/airflow/.local/lib/python3.12/site-packages/airflow/example_dags/example_workday_timetable.py for tasks to queue
[2024-11-11T04:07:55.807+0000] {logging_mixin.py:190} INFO - [2024-11-11T04:07:55.807+0000] {dagbag.py:588} INFO - Filling up the DagBag from /home/airflow/.local/lib/python3.12/site-packages/airflow/example_dags/example_workday_timetable.py
[2024-11-11T04:07:55.810+0000] {processor.py:925} INFO - DAG(s) 'example_workday_timetable' retrieved from /home/airflow/.local/lib/python3.12/site-packages/airflow/example_dags/example_workday_timetable.py
[2024-11-11T04:07:55.820+0000] {logging_mixin.py:190} INFO - [2024-11-11T04:07:55.820+0000] {dag.py:3239} INFO - Sync 1 DAGs
[2024-11-11T04:07:55.849+0000] {logging_mixin.py:190} INFO - [2024-11-11T04:07:55.849+0000] {dag.py:4180} INFO - Setting next_dagrun for example_workday_timetable to 2021-01-04 00:00:00+00:00, run_after=2021-01-05 00:00:00+00:00
[2024-11-11T04:07:55.857+0000] {processor.py:208} INFO - Processing /home/airflow/.local/lib/python3.12/site-packages/airflow/example_dags/example_workday_timetable.py took 0.056 seconds
[2024-11-11T04:08:26.640+0000] {processor.py:186} INFO - Started process (PID=10231) to work on /home/airflow/.local/lib/python3.12/site-packages/airflow/example_dags/example_workday_timetable.py
[2024-11-11T04:08:26.641+0000] {processor.py:914} INFO - Processing file /home/airflow/.local/lib/python3.12/site-packages/airflow/example_dags/example_workday_timetable.py for tasks to queue
[2024-11-11T04:08:26.642+0000] {logging_mixin.py:190} INFO - [2024-11-11T04:08:26.642+0000] {dagbag.py:588} INFO - Filling up the DagBag from /home/airflow/.local/lib/python3.12/site-packages/airflow/example_dags/example_workday_timetable.py
[2024-11-11T04:08:26.646+0000] {processor.py:925} INFO - DAG(s) 'example_workday_timetable' retrieved from /home/airflow/.local/lib/python3.12/site-packages/airflow/example_dags/example_workday_timetable.py
[2024-11-11T04:08:26.656+0000] {logging_mixin.py:190} INFO - [2024-11-11T04:08:26.656+0000] {dag.py:3239} INFO - Sync 1 DAGs
[2024-11-11T04:08:26.682+0000] {logging_mixin.py:190} INFO - [2024-11-11T04:08:26.682+0000] {dag.py:4180} INFO - Setting next_dagrun for example_workday_timetable to 2021-01-04 00:00:00+00:00, run_after=2021-01-05 00:00:00+00:00
[2024-11-11T04:08:26.691+0000] {processor.py:208} INFO - Processing /home/airflow/.local/lib/python3.12/site-packages/airflow/example_dags/example_workday_timetable.py took 0.054 seconds
[2024-11-11T04:08:57.256+0000] {processor.py:186} INFO - Started process (PID=10294) to work on /home/airflow/.local/lib/python3.12/site-packages/airflow/example_dags/example_workday_timetable.py
[2024-11-11T04:08:57.257+0000] {processor.py:914} INFO - Processing file /home/airflow/.local/lib/python3.12/site-packages/airflow/example_dags/example_workday_timetable.py for tasks to queue
[2024-11-11T04:08:57.259+0000] {logging_mixin.py:190} INFO - [2024-11-11T04:08:57.258+0000] {dagbag.py:588} INFO - Filling up the DagBag from /home/airflow/.local/lib/python3.12/site-packages/airflow/example_dags/example_workday_timetable.py
[2024-11-11T04:08:57.263+0000] {processor.py:925} INFO - DAG(s) 'example_workday_timetable' retrieved from /home/airflow/.local/lib/python3.12/site-packages/airflow/example_dags/example_workday_timetable.py
[2024-11-11T04:08:57.273+0000] {logging_mixin.py:190} INFO - [2024-11-11T04:08:57.273+0000] {dag.py:3239} INFO - Sync 1 DAGs
[2024-11-11T04:08:57.300+0000] {logging_mixin.py:190} INFO - [2024-11-11T04:08:57.300+0000] {dag.py:4180} INFO - Setting next_dagrun for example_workday_timetable to 2021-01-04 00:00:00+00:00, run_after=2021-01-05 00:00:00+00:00
[2024-11-11T04:08:57.308+0000] {processor.py:208} INFO - Processing /home/airflow/.local/lib/python3.12/site-packages/airflow/example_dags/example_workday_timetable.py took 0.055 seconds
[2024-11-11T04:09:27.838+0000] {processor.py:186} INFO - Started process (PID=10358) to work on /home/airflow/.local/lib/python3.12/site-packages/airflow/example_dags/example_workday_timetable.py
[2024-11-11T04:09:27.839+0000] {processor.py:914} INFO - Processing file /home/airflow/.local/lib/python3.12/site-packages/airflow/example_dags/example_workday_timetable.py for tasks to queue
[2024-11-11T04:09:27.840+0000] {logging_mixin.py:190} INFO - [2024-11-11T04:09:27.840+0000] {dagbag.py:588} INFO - Filling up the DagBag from /home/airflow/.local/lib/python3.12/site-packages/airflow/example_dags/example_workday_timetable.py
[2024-11-11T04:09:27.844+0000] {processor.py:925} INFO - DAG(s) 'example_workday_timetable' retrieved from /home/airflow/.local/lib/python3.12/site-packages/airflow/example_dags/example_workday_timetable.py
[2024-11-11T04:09:27.855+0000] {logging_mixin.py:190} INFO - [2024-11-11T04:09:27.855+0000] {dag.py:3239} INFO - Sync 1 DAGs
[2024-11-11T04:09:27.882+0000] {logging_mixin.py:190} INFO - [2024-11-11T04:09:27.882+0000] {dag.py:4180} INFO - Setting next_dagrun for example_workday_timetable to 2021-01-04 00:00:00+00:00, run_after=2021-01-05 00:00:00+00:00
[2024-11-11T04:09:27.891+0000] {processor.py:208} INFO - Processing /home/airflow/.local/lib/python3.12/site-packages/airflow/example_dags/example_workday_timetable.py took 0.056 seconds
[2024-11-11T04:09:59.315+0000] {processor.py:186} INFO - Started process (PID=10420) to work on /home/airflow/.local/lib/python3.12/site-packages/airflow/example_dags/example_workday_timetable.py
[2024-11-11T04:09:59.316+0000] {processor.py:914} INFO - Processing file /home/airflow/.local/lib/python3.12/site-packages/airflow/example_dags/example_workday_timetable.py for tasks to queue
[2024-11-11T04:09:59.317+0000] {logging_mixin.py:190} INFO - [2024-11-11T04:09:59.317+0000] {dagbag.py:588} INFO - Filling up the DagBag from /home/airflow/.local/lib/python3.12/site-packages/airflow/example_dags/example_workday_timetable.py
[2024-11-11T04:09:59.321+0000] {processor.py:925} INFO - DAG(s) 'example_workday_timetable' retrieved from /home/airflow/.local/lib/python3.12/site-packages/airflow/example_dags/example_workday_timetable.py
[2024-11-11T04:09:59.331+0000] {logging_mixin.py:190} INFO - [2024-11-11T04:09:59.331+0000] {dag.py:3239} INFO - Sync 1 DAGs
[2024-11-11T04:09:59.359+0000] {logging_mixin.py:190} INFO - [2024-11-11T04:09:59.359+0000] {dag.py:4180} INFO - Setting next_dagrun for example_workday_timetable to 2021-01-04 00:00:00+00:00, run_after=2021-01-05 00:00:00+00:00
[2024-11-11T04:09:59.368+0000] {processor.py:208} INFO - Processing /home/airflow/.local/lib/python3.12/site-packages/airflow/example_dags/example_workday_timetable.py took 0.056 seconds
[2024-11-11T04:10:31.569+0000] {processor.py:186} INFO - Started process (PID=10483) to work on /home/airflow/.local/lib/python3.12/site-packages/airflow/example_dags/example_workday_timetable.py
[2024-11-11T04:10:31.570+0000] {processor.py:914} INFO - Processing file /home/airflow/.local/lib/python3.12/site-packages/airflow/example_dags/example_workday_timetable.py for tasks to queue
[2024-11-11T04:10:31.571+0000] {logging_mixin.py:190} INFO - [2024-11-11T04:10:31.571+0000] {dagbag.py:588} INFO - Filling up the DagBag from /home/airflow/.local/lib/python3.12/site-packages/airflow/example_dags/example_workday_timetable.py
[2024-11-11T04:10:31.575+0000] {processor.py:925} INFO - DAG(s) 'example_workday_timetable' retrieved from /home/airflow/.local/lib/python3.12/site-packages/airflow/example_dags/example_workday_timetable.py
[2024-11-11T04:10:31.586+0000] {logging_mixin.py:190} INFO - [2024-11-11T04:10:31.585+0000] {dag.py:3239} INFO - Sync 1 DAGs
[2024-11-11T04:10:31.723+0000] {logging_mixin.py:190} INFO - [2024-11-11T04:10:31.723+0000] {dag.py:4180} INFO - Setting next_dagrun for example_workday_timetable to 2021-01-04 00:00:00+00:00, run_after=2021-01-05 00:00:00+00:00
[2024-11-11T04:10:31.736+0000] {processor.py:208} INFO - Processing /home/airflow/.local/lib/python3.12/site-packages/airflow/example_dags/example_workday_timetable.py took 0.170 seconds
[2024-11-11T04:11:02.214+0000] {processor.py:186} INFO - Started process (PID=10546) to work on /home/airflow/.local/lib/python3.12/site-packages/airflow/example_dags/example_workday_timetable.py
[2024-11-11T04:11:02.214+0000] {processor.py:914} INFO - Processing file /home/airflow/.local/lib/python3.12/site-packages/airflow/example_dags/example_workday_timetable.py for tasks to queue
[2024-11-11T04:11:02.216+0000] {logging_mixin.py:190} INFO - [2024-11-11T04:11:02.215+0000] {dagbag.py:588} INFO - Filling up the DagBag from /home/airflow/.local/lib/python3.12/site-packages/airflow/example_dags/example_workday_timetable.py
[2024-11-11T04:11:02.219+0000] {processor.py:925} INFO - DAG(s) 'example_workday_timetable' retrieved from /home/airflow/.local/lib/python3.12/site-packages/airflow/example_dags/example_workday_timetable.py
[2024-11-11T04:11:02.228+0000] {logging_mixin.py:190} INFO - [2024-11-11T04:11:02.228+0000] {dag.py:3239} INFO - Sync 1 DAGs
[2024-11-11T04:11:02.255+0000] {logging_mixin.py:190} INFO - [2024-11-11T04:11:02.254+0000] {dag.py:4180} INFO - Setting next_dagrun for example_workday_timetable to 2021-01-04 00:00:00+00:00, run_after=2021-01-05 00:00:00+00:00
[2024-11-11T04:11:02.264+0000] {processor.py:208} INFO - Processing /home/airflow/.local/lib/python3.12/site-packages/airflow/example_dags/example_workday_timetable.py took 0.054 seconds
[2024-11-11T04:11:32.800+0000] {processor.py:186} INFO - Started process (PID=10609) to work on /home/airflow/.local/lib/python3.12/site-packages/airflow/example_dags/example_workday_timetable.py
[2024-11-11T04:11:32.800+0000] {processor.py:914} INFO - Processing file /home/airflow/.local/lib/python3.12/site-packages/airflow/example_dags/example_workday_timetable.py for tasks to queue
[2024-11-11T04:11:32.802+0000] {logging_mixin.py:190} INFO - [2024-11-11T04:11:32.802+0000] {dagbag.py:588} INFO - Filling up the DagBag from /home/airflow/.local/lib/python3.12/site-packages/airflow/example_dags/example_workday_timetable.py
[2024-11-11T04:11:32.806+0000] {processor.py:925} INFO - DAG(s) 'example_workday_timetable' retrieved from /home/airflow/.local/lib/python3.12/site-packages/airflow/example_dags/example_workday_timetable.py
[2024-11-11T04:11:32.817+0000] {logging_mixin.py:190} INFO - [2024-11-11T04:11:32.816+0000] {dag.py:3239} INFO - Sync 1 DAGs
[2024-11-11T04:11:32.844+0000] {logging_mixin.py:190} INFO - [2024-11-11T04:11:32.843+0000] {dag.py:4180} INFO - Setting next_dagrun for example_workday_timetable to 2021-01-04 00:00:00+00:00, run_after=2021-01-05 00:00:00+00:00
[2024-11-11T04:11:32.853+0000] {processor.py:208} INFO - Processing /home/airflow/.local/lib/python3.12/site-packages/airflow/example_dags/example_workday_timetable.py took 0.057 seconds
[2024-11-11T04:12:03.754+0000] {processor.py:186} INFO - Started process (PID=10672) to work on /home/airflow/.local/lib/python3.12/site-packages/airflow/example_dags/example_workday_timetable.py
[2024-11-11T04:12:03.755+0000] {processor.py:914} INFO - Processing file /home/airflow/.local/lib/python3.12/site-packages/airflow/example_dags/example_workday_timetable.py for tasks to queue
[2024-11-11T04:12:03.756+0000] {logging_mixin.py:190} INFO - [2024-11-11T04:12:03.756+0000] {dagbag.py:588} INFO - Filling up the DagBag from /home/airflow/.local/lib/python3.12/site-packages/airflow/example_dags/example_workday_timetable.py
[2024-11-11T04:12:03.760+0000] {processor.py:925} INFO - DAG(s) 'example_workday_timetable' retrieved from /home/airflow/.local/lib/python3.12/site-packages/airflow/example_dags/example_workday_timetable.py
[2024-11-11T04:12:03.769+0000] {logging_mixin.py:190} INFO - [2024-11-11T04:12:03.769+0000] {dag.py:3239} INFO - Sync 1 DAGs
[2024-11-11T04:12:03.898+0000] {logging_mixin.py:190} INFO - [2024-11-11T04:12:03.897+0000] {dag.py:4180} INFO - Setting next_dagrun for example_workday_timetable to 2021-01-04 00:00:00+00:00, run_after=2021-01-05 00:00:00+00:00
[2024-11-11T04:12:03.906+0000] {processor.py:208} INFO - Processing /home/airflow/.local/lib/python3.12/site-packages/airflow/example_dags/example_workday_timetable.py took 0.155 seconds
[2024-11-11T04:12:33.941+0000] {processor.py:186} INFO - Started process (PID=10735) to work on /home/airflow/.local/lib/python3.12/site-packages/airflow/example_dags/example_workday_timetable.py
[2024-11-11T04:12:33.942+0000] {processor.py:914} INFO - Processing file /home/airflow/.local/lib/python3.12/site-packages/airflow/example_dags/example_workday_timetable.py for tasks to queue
[2024-11-11T04:12:33.944+0000] {logging_mixin.py:190} INFO - [2024-11-11T04:12:33.944+0000] {dagbag.py:588} INFO - Filling up the DagBag from /home/airflow/.local/lib/python3.12/site-packages/airflow/example_dags/example_workday_timetable.py
[2024-11-11T04:12:33.947+0000] {processor.py:925} INFO - DAG(s) 'example_workday_timetable' retrieved from /home/airflow/.local/lib/python3.12/site-packages/airflow/example_dags/example_workday_timetable.py
[2024-11-11T04:12:33.958+0000] {logging_mixin.py:190} INFO - [2024-11-11T04:12:33.957+0000] {dag.py:3239} INFO - Sync 1 DAGs
[2024-11-11T04:12:33.984+0000] {logging_mixin.py:190} INFO - [2024-11-11T04:12:33.984+0000] {dag.py:4180} INFO - Setting next_dagrun for example_workday_timetable to 2021-01-04 00:00:00+00:00, run_after=2021-01-05 00:00:00+00:00
[2024-11-11T04:12:33.992+0000] {processor.py:208} INFO - Processing /home/airflow/.local/lib/python3.12/site-packages/airflow/example_dags/example_workday_timetable.py took 0.055 seconds
[2024-11-11T04:13:04.431+0000] {processor.py:186} INFO - Started process (PID=10798) to work on /home/airflow/.local/lib/python3.12/site-packages/airflow/example_dags/example_workday_timetable.py
[2024-11-11T04:13:04.431+0000] {processor.py:914} INFO - Processing file /home/airflow/.local/lib/python3.12/site-packages/airflow/example_dags/example_workday_timetable.py for tasks to queue
[2024-11-11T04:13:04.433+0000] {logging_mixin.py:190} INFO - [2024-11-11T04:13:04.432+0000] {dagbag.py:588} INFO - Filling up the DagBag from /home/airflow/.local/lib/python3.12/site-packages/airflow/example_dags/example_workday_timetable.py
[2024-11-11T04:13:04.436+0000] {processor.py:925} INFO - DAG(s) 'example_workday_timetable' retrieved from /home/airflow/.local/lib/python3.12/site-packages/airflow/example_dags/example_workday_timetable.py
[2024-11-11T04:13:04.445+0000] {logging_mixin.py:190} INFO - [2024-11-11T04:13:04.445+0000] {dag.py:3239} INFO - Sync 1 DAGs
[2024-11-11T04:13:04.472+0000] {logging_mixin.py:190} INFO - [2024-11-11T04:13:04.472+0000] {dag.py:4180} INFO - Setting next_dagrun for example_workday_timetable to 2021-01-04 00:00:00+00:00, run_after=2021-01-05 00:00:00+00:00
[2024-11-11T04:13:04.480+0000] {processor.py:208} INFO - Processing /home/airflow/.local/lib/python3.12/site-packages/airflow/example_dags/example_workday_timetable.py took 0.053 seconds
[2024-11-11T04:13:35.288+0000] {processor.py:186} INFO - Started process (PID=10861) to work on /home/airflow/.local/lib/python3.12/site-packages/airflow/example_dags/example_workday_timetable.py
[2024-11-11T04:13:35.288+0000] {processor.py:914} INFO - Processing file /home/airflow/.local/lib/python3.12/site-packages/airflow/example_dags/example_workday_timetable.py for tasks to queue
[2024-11-11T04:13:35.290+0000] {logging_mixin.py:190} INFO - [2024-11-11T04:13:35.289+0000] {dagbag.py:588} INFO - Filling up the DagBag from /home/airflow/.local/lib/python3.12/site-packages/airflow/example_dags/example_workday_timetable.py
[2024-11-11T04:13:35.293+0000] {processor.py:925} INFO - DAG(s) 'example_workday_timetable' retrieved from /home/airflow/.local/lib/python3.12/site-packages/airflow/example_dags/example_workday_timetable.py
[2024-11-11T04:13:35.302+0000] {logging_mixin.py:190} INFO - [2024-11-11T04:13:35.302+0000] {dag.py:3239} INFO - Sync 1 DAGs
[2024-11-11T04:13:35.329+0000] {logging_mixin.py:190} INFO - [2024-11-11T04:13:35.329+0000] {dag.py:4180} INFO - Setting next_dagrun for example_workday_timetable to 2021-01-04 00:00:00+00:00, run_after=2021-01-05 00:00:00+00:00
[2024-11-11T04:13:35.337+0000] {processor.py:208} INFO - Processing /home/airflow/.local/lib/python3.12/site-packages/airflow/example_dags/example_workday_timetable.py took 0.053 seconds
[2024-11-11T04:47:36.708+0000] {processor.py:186} INFO - Started process (PID=10924) to work on /home/airflow/.local/lib/python3.12/site-packages/airflow/example_dags/example_workday_timetable.py
[2024-11-11T04:47:36.708+0000] {processor.py:914} INFO - Processing file /home/airflow/.local/lib/python3.12/site-packages/airflow/example_dags/example_workday_timetable.py for tasks to queue
[2024-11-11T04:47:36.710+0000] {logging_mixin.py:190} INFO - [2024-11-11T04:47:36.710+0000] {dagbag.py:588} INFO - Filling up the DagBag from /home/airflow/.local/lib/python3.12/site-packages/airflow/example_dags/example_workday_timetable.py
[2024-11-11T04:47:36.714+0000] {processor.py:925} INFO - DAG(s) 'example_workday_timetable' retrieved from /home/airflow/.local/lib/python3.12/site-packages/airflow/example_dags/example_workday_timetable.py
[2024-11-11T04:47:36.724+0000] {logging_mixin.py:190} INFO - [2024-11-11T04:47:36.724+0000] {dag.py:3239} INFO - Sync 1 DAGs
[2024-11-11T04:47:36.754+0000] {logging_mixin.py:190} INFO - [2024-11-11T04:47:36.753+0000] {dag.py:4180} INFO - Setting next_dagrun for example_workday_timetable to 2021-01-04 00:00:00+00:00, run_after=2021-01-05 00:00:00+00:00
[2024-11-11T04:47:36.763+0000] {processor.py:208} INFO - Processing /home/airflow/.local/lib/python3.12/site-packages/airflow/example_dags/example_workday_timetable.py took 0.059 seconds
[2024-11-11T05:54:20.957+0000] {processor.py:186} INFO - Started process (PID=10986) to work on /home/airflow/.local/lib/python3.12/site-packages/airflow/example_dags/example_workday_timetable.py
[2024-11-11T05:54:20.958+0000] {processor.py:914} INFO - Processing file /home/airflow/.local/lib/python3.12/site-packages/airflow/example_dags/example_workday_timetable.py for tasks to queue
[2024-11-11T05:54:20.959+0000] {logging_mixin.py:190} INFO - [2024-11-11T05:54:20.959+0000] {dagbag.py:588} INFO - Filling up the DagBag from /home/airflow/.local/lib/python3.12/site-packages/airflow/example_dags/example_workday_timetable.py
[2024-11-11T05:54:20.963+0000] {processor.py:925} INFO - DAG(s) 'example_workday_timetable' retrieved from /home/airflow/.local/lib/python3.12/site-packages/airflow/example_dags/example_workday_timetable.py
[2024-11-11T05:54:20.973+0000] {logging_mixin.py:190} INFO - [2024-11-11T05:54:20.973+0000] {dag.py:3239} INFO - Sync 1 DAGs
[2024-11-11T05:54:21.000+0000] {logging_mixin.py:190} INFO - [2024-11-11T05:54:21.000+0000] {dag.py:4180} INFO - Setting next_dagrun for example_workday_timetable to 2021-01-04 00:00:00+00:00, run_after=2021-01-05 00:00:00+00:00
[2024-11-11T05:54:21.009+0000] {processor.py:208} INFO - Processing /home/airflow/.local/lib/python3.12/site-packages/airflow/example_dags/example_workday_timetable.py took 0.055 seconds
[2024-11-11T05:54:51.311+0000] {processor.py:186} INFO - Started process (PID=11049) to work on /home/airflow/.local/lib/python3.12/site-packages/airflow/example_dags/example_workday_timetable.py
[2024-11-11T05:54:51.312+0000] {processor.py:914} INFO - Processing file /home/airflow/.local/lib/python3.12/site-packages/airflow/example_dags/example_workday_timetable.py for tasks to queue
[2024-11-11T05:54:51.314+0000] {logging_mixin.py:190} INFO - [2024-11-11T05:54:51.314+0000] {dagbag.py:588} INFO - Filling up the DagBag from /home/airflow/.local/lib/python3.12/site-packages/airflow/example_dags/example_workday_timetable.py
[2024-11-11T05:54:51.318+0000] {processor.py:925} INFO - DAG(s) 'example_workday_timetable' retrieved from /home/airflow/.local/lib/python3.12/site-packages/airflow/example_dags/example_workday_timetable.py
[2024-11-11T05:54:51.330+0000] {logging_mixin.py:190} INFO - [2024-11-11T05:54:51.330+0000] {dag.py:3239} INFO - Sync 1 DAGs
[2024-11-11T05:54:51.366+0000] {logging_mixin.py:190} INFO - [2024-11-11T05:54:51.365+0000] {dag.py:4180} INFO - Setting next_dagrun for example_workday_timetable to 2021-01-04 00:00:00+00:00, run_after=2021-01-05 00:00:00+00:00
[2024-11-11T05:54:51.377+0000] {processor.py:208} INFO - Processing /home/airflow/.local/lib/python3.12/site-packages/airflow/example_dags/example_workday_timetable.py took 0.070 seconds
[2024-11-11T05:55:21.708+0000] {processor.py:186} INFO - Started process (PID=11112) to work on /home/airflow/.local/lib/python3.12/site-packages/airflow/example_dags/example_workday_timetable.py
[2024-11-11T05:55:21.708+0000] {processor.py:914} INFO - Processing file /home/airflow/.local/lib/python3.12/site-packages/airflow/example_dags/example_workday_timetable.py for tasks to queue
[2024-11-11T05:55:21.710+0000] {logging_mixin.py:190} INFO - [2024-11-11T05:55:21.710+0000] {dagbag.py:588} INFO - Filling up the DagBag from /home/airflow/.local/lib/python3.12/site-packages/airflow/example_dags/example_workday_timetable.py
[2024-11-11T05:55:21.714+0000] {processor.py:925} INFO - DAG(s) 'example_workday_timetable' retrieved from /home/airflow/.local/lib/python3.12/site-packages/airflow/example_dags/example_workday_timetable.py
[2024-11-11T05:55:21.724+0000] {logging_mixin.py:190} INFO - [2024-11-11T05:55:21.724+0000] {dag.py:3239} INFO - Sync 1 DAGs
[2024-11-11T05:55:21.752+0000] {logging_mixin.py:190} INFO - [2024-11-11T05:55:21.752+0000] {dag.py:4180} INFO - Setting next_dagrun for example_workday_timetable to 2021-01-04 00:00:00+00:00, run_after=2021-01-05 00:00:00+00:00
[2024-11-11T05:55:21.760+0000] {processor.py:208} INFO - Processing /home/airflow/.local/lib/python3.12/site-packages/airflow/example_dags/example_workday_timetable.py took 0.055 seconds
[2024-11-11T05:55:52.364+0000] {processor.py:186} INFO - Started process (PID=11175) to work on /home/airflow/.local/lib/python3.12/site-packages/airflow/example_dags/example_workday_timetable.py
[2024-11-11T05:55:52.365+0000] {processor.py:914} INFO - Processing file /home/airflow/.local/lib/python3.12/site-packages/airflow/example_dags/example_workday_timetable.py for tasks to queue
[2024-11-11T05:55:52.366+0000] {logging_mixin.py:190} INFO - [2024-11-11T05:55:52.366+0000] {dagbag.py:588} INFO - Filling up the DagBag from /home/airflow/.local/lib/python3.12/site-packages/airflow/example_dags/example_workday_timetable.py
[2024-11-11T05:55:52.370+0000] {processor.py:925} INFO - DAG(s) 'example_workday_timetable' retrieved from /home/airflow/.local/lib/python3.12/site-packages/airflow/example_dags/example_workday_timetable.py
[2024-11-11T05:55:52.381+0000] {logging_mixin.py:190} INFO - [2024-11-11T05:55:52.381+0000] {dag.py:3239} INFO - Sync 1 DAGs
[2024-11-11T05:55:52.409+0000] {logging_mixin.py:190} INFO - [2024-11-11T05:55:52.408+0000] {dag.py:4180} INFO - Setting next_dagrun for example_workday_timetable to 2021-01-04 00:00:00+00:00, run_after=2021-01-05 00:00:00+00:00
[2024-11-11T05:55:52.418+0000] {processor.py:208} INFO - Processing /home/airflow/.local/lib/python3.12/site-packages/airflow/example_dags/example_workday_timetable.py took 0.058 seconds
[2024-11-11T05:56:22.797+0000] {processor.py:186} INFO - Started process (PID=11238) to work on /home/airflow/.local/lib/python3.12/site-packages/airflow/example_dags/example_workday_timetable.py
[2024-11-11T05:56:22.798+0000] {processor.py:914} INFO - Processing file /home/airflow/.local/lib/python3.12/site-packages/airflow/example_dags/example_workday_timetable.py for tasks to queue
[2024-11-11T05:56:22.800+0000] {logging_mixin.py:190} INFO - [2024-11-11T05:56:22.800+0000] {dagbag.py:588} INFO - Filling up the DagBag from /home/airflow/.local/lib/python3.12/site-packages/airflow/example_dags/example_workday_timetable.py
[2024-11-11T05:56:22.804+0000] {processor.py:925} INFO - DAG(s) 'example_workday_timetable' retrieved from /home/airflow/.local/lib/python3.12/site-packages/airflow/example_dags/example_workday_timetable.py
[2024-11-11T05:56:22.815+0000] {logging_mixin.py:190} INFO - [2024-11-11T05:56:22.815+0000] {dag.py:3239} INFO - Sync 1 DAGs
[2024-11-11T05:56:22.842+0000] {logging_mixin.py:190} INFO - [2024-11-11T05:56:22.842+0000] {dag.py:4180} INFO - Setting next_dagrun for example_workday_timetable to 2021-01-04 00:00:00+00:00, run_after=2021-01-05 00:00:00+00:00
[2024-11-11T05:56:22.850+0000] {processor.py:208} INFO - Processing /home/airflow/.local/lib/python3.12/site-packages/airflow/example_dags/example_workday_timetable.py took 0.057 seconds
[2024-11-11T05:56:53.085+0000] {processor.py:186} INFO - Started process (PID=11301) to work on /home/airflow/.local/lib/python3.12/site-packages/airflow/example_dags/example_workday_timetable.py
[2024-11-11T05:56:53.085+0000] {processor.py:914} INFO - Processing file /home/airflow/.local/lib/python3.12/site-packages/airflow/example_dags/example_workday_timetable.py for tasks to queue
[2024-11-11T05:56:53.087+0000] {logging_mixin.py:190} INFO - [2024-11-11T05:56:53.087+0000] {dagbag.py:588} INFO - Filling up the DagBag from /home/airflow/.local/lib/python3.12/site-packages/airflow/example_dags/example_workday_timetable.py
[2024-11-11T05:56:53.091+0000] {processor.py:925} INFO - DAG(s) 'example_workday_timetable' retrieved from /home/airflow/.local/lib/python3.12/site-packages/airflow/example_dags/example_workday_timetable.py
[2024-11-11T05:56:53.101+0000] {logging_mixin.py:190} INFO - [2024-11-11T05:56:53.101+0000] {dag.py:3239} INFO - Sync 1 DAGs
[2024-11-11T05:56:53.129+0000] {logging_mixin.py:190} INFO - [2024-11-11T05:56:53.129+0000] {dag.py:4180} INFO - Setting next_dagrun for example_workday_timetable to 2021-01-04 00:00:00+00:00, run_after=2021-01-05 00:00:00+00:00
[2024-11-11T05:56:53.137+0000] {processor.py:208} INFO - Processing /home/airflow/.local/lib/python3.12/site-packages/airflow/example_dags/example_workday_timetable.py took 0.056 seconds
