[2024-11-11T02:24:36.868+0000] {processor.py:186} INFO - Started process (PID=48) to work on /home/airflow/.local/lib/python3.12/site-packages/airflow/example_dags/example_params_ui_tutorial.py
[2024-11-11T02:24:36.869+0000] {processor.py:914} INFO - Processing file /home/airflow/.local/lib/python3.12/site-packages/airflow/example_dags/example_params_ui_tutorial.py for tasks to queue
[2024-11-11T02:24:36.872+0000] {logging_mixin.py:190} INFO - [2024-11-11T02:24:36.872+0000] {dagbag.py:588} INFO - Filling up the DagBag from /home/airflow/.local/lib/python3.12/site-packages/airflow/example_dags/example_params_ui_tutorial.py
[2024-11-11T02:24:36.879+0000] {processor.py:925} INFO - DAG(s) 'example_params_ui_tutorial' retrieved from /home/airflow/.local/lib/python3.12/site-packages/airflow/example_dags/example_params_ui_tutorial.py
[2024-11-11T02:24:36.949+0000] {logging_mixin.py:190} INFO - [2024-11-11T02:24:36.949+0000] {override.py:1911} INFO - Created Permission View: can edit on DAG:example_params_ui_tutorial
[2024-11-11T02:24:36.955+0000] {logging_mixin.py:190} INFO - [2024-11-11T02:24:36.955+0000] {override.py:1911} INFO - Created Permission View: can read on DAG:example_params_ui_tutorial
[2024-11-11T02:24:36.958+0000] {logging_mixin.py:190} INFO - [2024-11-11T02:24:36.958+0000] {override.py:1911} INFO - Created Permission View: can delete on DAG:example_params_ui_tutorial
[2024-11-11T02:24:36.960+0000] {logging_mixin.py:190} INFO - [2024-11-11T02:24:36.960+0000] {override.py:1911} INFO - Created Permission View: can read on DAG Run:example_params_ui_tutorial
[2024-11-11T02:24:36.963+0000] {logging_mixin.py:190} INFO - [2024-11-11T02:24:36.963+0000] {override.py:1911} INFO - Created Permission View: can create on DAG Run:example_params_ui_tutorial
[2024-11-11T02:24:36.965+0000] {logging_mixin.py:190} INFO - [2024-11-11T02:24:36.965+0000] {override.py:1911} INFO - Created Permission View: can delete on DAG Run:example_params_ui_tutorial
[2024-11-11T02:24:36.969+0000] {logging_mixin.py:190} INFO - [2024-11-11T02:24:36.968+0000] {override.py:1911} INFO - Created Permission View: menu access on DAG Run:example_params_ui_tutorial
[2024-11-11T02:24:36.969+0000] {logging_mixin.py:190} INFO - [2024-11-11T02:24:36.969+0000] {dag.py:3239} INFO - Sync 1 DAGs
[2024-11-11T02:24:36.976+0000] {logging_mixin.py:190} INFO - [2024-11-11T02:24:36.975+0000] {dag.py:3262} INFO - Creating ORM DAG for example_params_ui_tutorial
[2024-11-11T02:24:36.976+0000] {logging_mixin.py:190} INFO - [2024-11-11T02:24:36.976+0000] {dag.py:4180} INFO - Setting next_dagrun for example_params_ui_tutorial to None, run_after=None
[2024-11-11T02:24:36.988+0000] {processor.py:208} INFO - Processing /home/airflow/.local/lib/python3.12/site-packages/airflow/example_dags/example_params_ui_tutorial.py took 0.123 seconds
[2024-11-11T02:25:07.047+0000] {processor.py:186} INFO - Started process (PID=111) to work on /home/airflow/.local/lib/python3.12/site-packages/airflow/example_dags/example_params_ui_tutorial.py
[2024-11-11T02:25:07.048+0000] {processor.py:914} INFO - Processing file /home/airflow/.local/lib/python3.12/site-packages/airflow/example_dags/example_params_ui_tutorial.py for tasks to queue
[2024-11-11T02:25:07.050+0000] {logging_mixin.py:190} INFO - [2024-11-11T02:25:07.049+0000] {dagbag.py:588} INFO - Filling up the DagBag from /home/airflow/.local/lib/python3.12/site-packages/airflow/example_dags/example_params_ui_tutorial.py
[2024-11-11T02:25:07.055+0000] {processor.py:925} INFO - DAG(s) 'example_params_ui_tutorial' retrieved from /home/airflow/.local/lib/python3.12/site-packages/airflow/example_dags/example_params_ui_tutorial.py
[2024-11-11T02:25:07.074+0000] {logging_mixin.py:190} INFO - [2024-11-11T02:25:07.074+0000] {dag.py:3239} INFO - Sync 1 DAGs
[2024-11-11T02:25:07.081+0000] {logging_mixin.py:190} INFO - [2024-11-11T02:25:07.080+0000] {dag.py:4180} INFO - Setting next_dagrun for example_params_ui_tutorial to None, run_after=None
[2024-11-11T02:25:07.089+0000] {processor.py:208} INFO - Processing /home/airflow/.local/lib/python3.12/site-packages/airflow/example_dags/example_params_ui_tutorial.py took 0.044 seconds
[2024-11-11T02:25:37.772+0000] {processor.py:186} INFO - Started process (PID=174) to work on /home/airflow/.local/lib/python3.12/site-packages/airflow/example_dags/example_params_ui_tutorial.py
[2024-11-11T02:25:37.772+0000] {processor.py:914} INFO - Processing file /home/airflow/.local/lib/python3.12/site-packages/airflow/example_dags/example_params_ui_tutorial.py for tasks to queue
[2024-11-11T02:25:37.774+0000] {logging_mixin.py:190} INFO - [2024-11-11T02:25:37.774+0000] {dagbag.py:588} INFO - Filling up the DagBag from /home/airflow/.local/lib/python3.12/site-packages/airflow/example_dags/example_params_ui_tutorial.py
[2024-11-11T02:25:37.779+0000] {processor.py:925} INFO - DAG(s) 'example_params_ui_tutorial' retrieved from /home/airflow/.local/lib/python3.12/site-packages/airflow/example_dags/example_params_ui_tutorial.py
[2024-11-11T02:25:37.799+0000] {logging_mixin.py:190} INFO - [2024-11-11T02:25:37.799+0000] {dag.py:3239} INFO - Sync 1 DAGs
[2024-11-11T02:25:37.807+0000] {logging_mixin.py:190} INFO - [2024-11-11T02:25:37.806+0000] {dag.py:4180} INFO - Setting next_dagrun for example_params_ui_tutorial to None, run_after=None
[2024-11-11T02:25:37.816+0000] {processor.py:208} INFO - Processing /home/airflow/.local/lib/python3.12/site-packages/airflow/example_dags/example_params_ui_tutorial.py took 0.047 seconds
[2024-11-11T02:26:08.391+0000] {processor.py:186} INFO - Started process (PID=237) to work on /home/airflow/.local/lib/python3.12/site-packages/airflow/example_dags/example_params_ui_tutorial.py
[2024-11-11T02:26:08.392+0000] {processor.py:914} INFO - Processing file /home/airflow/.local/lib/python3.12/site-packages/airflow/example_dags/example_params_ui_tutorial.py for tasks to queue
[2024-11-11T02:26:08.393+0000] {logging_mixin.py:190} INFO - [2024-11-11T02:26:08.393+0000] {dagbag.py:588} INFO - Filling up the DagBag from /home/airflow/.local/lib/python3.12/site-packages/airflow/example_dags/example_params_ui_tutorial.py
[2024-11-11T02:26:08.398+0000] {processor.py:925} INFO - DAG(s) 'example_params_ui_tutorial' retrieved from /home/airflow/.local/lib/python3.12/site-packages/airflow/example_dags/example_params_ui_tutorial.py
[2024-11-11T02:26:08.416+0000] {logging_mixin.py:190} INFO - [2024-11-11T02:26:08.416+0000] {dag.py:3239} INFO - Sync 1 DAGs
[2024-11-11T02:26:08.423+0000] {logging_mixin.py:190} INFO - [2024-11-11T02:26:08.423+0000] {dag.py:4180} INFO - Setting next_dagrun for example_params_ui_tutorial to None, run_after=None
[2024-11-11T02:26:08.431+0000] {processor.py:208} INFO - Processing /home/airflow/.local/lib/python3.12/site-packages/airflow/example_dags/example_params_ui_tutorial.py took 0.044 seconds
[2024-11-11T02:26:38.996+0000] {processor.py:186} INFO - Started process (PID=300) to work on /home/airflow/.local/lib/python3.12/site-packages/airflow/example_dags/example_params_ui_tutorial.py
[2024-11-11T02:26:38.996+0000] {processor.py:914} INFO - Processing file /home/airflow/.local/lib/python3.12/site-packages/airflow/example_dags/example_params_ui_tutorial.py for tasks to queue
[2024-11-11T02:26:38.998+0000] {logging_mixin.py:190} INFO - [2024-11-11T02:26:38.997+0000] {dagbag.py:588} INFO - Filling up the DagBag from /home/airflow/.local/lib/python3.12/site-packages/airflow/example_dags/example_params_ui_tutorial.py
[2024-11-11T02:26:39.002+0000] {processor.py:925} INFO - DAG(s) 'example_params_ui_tutorial' retrieved from /home/airflow/.local/lib/python3.12/site-packages/airflow/example_dags/example_params_ui_tutorial.py
[2024-11-11T02:26:39.021+0000] {logging_mixin.py:190} INFO - [2024-11-11T02:26:39.021+0000] {dag.py:3239} INFO - Sync 1 DAGs
[2024-11-11T02:26:39.028+0000] {logging_mixin.py:190} INFO - [2024-11-11T02:26:39.028+0000] {dag.py:4180} INFO - Setting next_dagrun for example_params_ui_tutorial to None, run_after=None
[2024-11-11T02:26:39.037+0000] {processor.py:208} INFO - Processing /home/airflow/.local/lib/python3.12/site-packages/airflow/example_dags/example_params_ui_tutorial.py took 0.045 seconds
[2024-11-11T02:27:09.586+0000] {processor.py:186} INFO - Started process (PID=363) to work on /home/airflow/.local/lib/python3.12/site-packages/airflow/example_dags/example_params_ui_tutorial.py
[2024-11-11T02:27:09.587+0000] {processor.py:914} INFO - Processing file /home/airflow/.local/lib/python3.12/site-packages/airflow/example_dags/example_params_ui_tutorial.py for tasks to queue
[2024-11-11T02:27:09.588+0000] {logging_mixin.py:190} INFO - [2024-11-11T02:27:09.588+0000] {dagbag.py:588} INFO - Filling up the DagBag from /home/airflow/.local/lib/python3.12/site-packages/airflow/example_dags/example_params_ui_tutorial.py
[2024-11-11T02:27:09.593+0000] {processor.py:925} INFO - DAG(s) 'example_params_ui_tutorial' retrieved from /home/airflow/.local/lib/python3.12/site-packages/airflow/example_dags/example_params_ui_tutorial.py
[2024-11-11T02:27:09.612+0000] {logging_mixin.py:190} INFO - [2024-11-11T02:27:09.612+0000] {dag.py:3239} INFO - Sync 1 DAGs
[2024-11-11T02:27:09.619+0000] {logging_mixin.py:190} INFO - [2024-11-11T02:27:09.619+0000] {dag.py:4180} INFO - Setting next_dagrun for example_params_ui_tutorial to None, run_after=None
[2024-11-11T02:27:09.627+0000] {processor.py:208} INFO - Processing /home/airflow/.local/lib/python3.12/site-packages/airflow/example_dags/example_params_ui_tutorial.py took 0.044 seconds
[2024-11-11T02:27:40.212+0000] {processor.py:186} INFO - Started process (PID=426) to work on /home/airflow/.local/lib/python3.12/site-packages/airflow/example_dags/example_params_ui_tutorial.py
[2024-11-11T02:27:40.213+0000] {processor.py:914} INFO - Processing file /home/airflow/.local/lib/python3.12/site-packages/airflow/example_dags/example_params_ui_tutorial.py for tasks to queue
[2024-11-11T02:27:40.214+0000] {logging_mixin.py:190} INFO - [2024-11-11T02:27:40.214+0000] {dagbag.py:588} INFO - Filling up the DagBag from /home/airflow/.local/lib/python3.12/site-packages/airflow/example_dags/example_params_ui_tutorial.py
[2024-11-11T02:27:40.219+0000] {processor.py:925} INFO - DAG(s) 'example_params_ui_tutorial' retrieved from /home/airflow/.local/lib/python3.12/site-packages/airflow/example_dags/example_params_ui_tutorial.py
[2024-11-11T02:27:40.238+0000] {logging_mixin.py:190} INFO - [2024-11-11T02:27:40.238+0000] {dag.py:3239} INFO - Sync 1 DAGs
[2024-11-11T02:27:40.244+0000] {logging_mixin.py:190} INFO - [2024-11-11T02:27:40.244+0000] {dag.py:4180} INFO - Setting next_dagrun for example_params_ui_tutorial to None, run_after=None
[2024-11-11T02:27:40.253+0000] {processor.py:208} INFO - Processing /home/airflow/.local/lib/python3.12/site-packages/airflow/example_dags/example_params_ui_tutorial.py took 0.044 seconds
[2024-11-11T02:28:10.829+0000] {processor.py:186} INFO - Started process (PID=489) to work on /home/airflow/.local/lib/python3.12/site-packages/airflow/example_dags/example_params_ui_tutorial.py
[2024-11-11T02:28:10.830+0000] {processor.py:914} INFO - Processing file /home/airflow/.local/lib/python3.12/site-packages/airflow/example_dags/example_params_ui_tutorial.py for tasks to queue
[2024-11-11T02:28:10.831+0000] {logging_mixin.py:190} INFO - [2024-11-11T02:28:10.831+0000] {dagbag.py:588} INFO - Filling up the DagBag from /home/airflow/.local/lib/python3.12/site-packages/airflow/example_dags/example_params_ui_tutorial.py
[2024-11-11T02:28:10.837+0000] {processor.py:925} INFO - DAG(s) 'example_params_ui_tutorial' retrieved from /home/airflow/.local/lib/python3.12/site-packages/airflow/example_dags/example_params_ui_tutorial.py
[2024-11-11T02:28:10.858+0000] {logging_mixin.py:190} INFO - [2024-11-11T02:28:10.858+0000] {dag.py:3239} INFO - Sync 1 DAGs
[2024-11-11T02:28:10.867+0000] {logging_mixin.py:190} INFO - [2024-11-11T02:28:10.867+0000] {dag.py:4180} INFO - Setting next_dagrun for example_params_ui_tutorial to None, run_after=None
[2024-11-11T02:28:10.877+0000] {processor.py:208} INFO - Processing /home/airflow/.local/lib/python3.12/site-packages/airflow/example_dags/example_params_ui_tutorial.py took 0.051 seconds
[2024-11-11T02:28:41.472+0000] {processor.py:186} INFO - Started process (PID=552) to work on /home/airflow/.local/lib/python3.12/site-packages/airflow/example_dags/example_params_ui_tutorial.py
[2024-11-11T02:28:41.472+0000] {processor.py:914} INFO - Processing file /home/airflow/.local/lib/python3.12/site-packages/airflow/example_dags/example_params_ui_tutorial.py for tasks to queue
[2024-11-11T02:28:41.474+0000] {logging_mixin.py:190} INFO - [2024-11-11T02:28:41.474+0000] {dagbag.py:588} INFO - Filling up the DagBag from /home/airflow/.local/lib/python3.12/site-packages/airflow/example_dags/example_params_ui_tutorial.py
[2024-11-11T02:28:41.478+0000] {processor.py:925} INFO - DAG(s) 'example_params_ui_tutorial' retrieved from /home/airflow/.local/lib/python3.12/site-packages/airflow/example_dags/example_params_ui_tutorial.py
[2024-11-11T02:28:41.497+0000] {logging_mixin.py:190} INFO - [2024-11-11T02:28:41.497+0000] {dag.py:3239} INFO - Sync 1 DAGs
[2024-11-11T02:28:41.504+0000] {logging_mixin.py:190} INFO - [2024-11-11T02:28:41.504+0000] {dag.py:4180} INFO - Setting next_dagrun for example_params_ui_tutorial to None, run_after=None
[2024-11-11T02:28:41.513+0000] {processor.py:208} INFO - Processing /home/airflow/.local/lib/python3.12/site-packages/airflow/example_dags/example_params_ui_tutorial.py took 0.044 seconds
[2024-11-11T02:29:12.162+0000] {processor.py:186} INFO - Started process (PID=614) to work on /home/airflow/.local/lib/python3.12/site-packages/airflow/example_dags/example_params_ui_tutorial.py
[2024-11-11T02:29:12.163+0000] {processor.py:914} INFO - Processing file /home/airflow/.local/lib/python3.12/site-packages/airflow/example_dags/example_params_ui_tutorial.py for tasks to queue
[2024-11-11T02:29:12.164+0000] {logging_mixin.py:190} INFO - [2024-11-11T02:29:12.164+0000] {dagbag.py:588} INFO - Filling up the DagBag from /home/airflow/.local/lib/python3.12/site-packages/airflow/example_dags/example_params_ui_tutorial.py
[2024-11-11T02:29:12.169+0000] {processor.py:925} INFO - DAG(s) 'example_params_ui_tutorial' retrieved from /home/airflow/.local/lib/python3.12/site-packages/airflow/example_dags/example_params_ui_tutorial.py
[2024-11-11T02:29:12.189+0000] {logging_mixin.py:190} INFO - [2024-11-11T02:29:12.189+0000] {dag.py:3239} INFO - Sync 1 DAGs
[2024-11-11T02:29:12.196+0000] {logging_mixin.py:190} INFO - [2024-11-11T02:29:12.196+0000] {dag.py:4180} INFO - Setting next_dagrun for example_params_ui_tutorial to None, run_after=None
[2024-11-11T02:29:12.204+0000] {processor.py:208} INFO - Processing /home/airflow/.local/lib/python3.12/site-packages/airflow/example_dags/example_params_ui_tutorial.py took 0.045 seconds
[2024-11-11T02:29:42.816+0000] {processor.py:186} INFO - Started process (PID=678) to work on /home/airflow/.local/lib/python3.12/site-packages/airflow/example_dags/example_params_ui_tutorial.py
[2024-11-11T02:29:42.817+0000] {processor.py:914} INFO - Processing file /home/airflow/.local/lib/python3.12/site-packages/airflow/example_dags/example_params_ui_tutorial.py for tasks to queue
[2024-11-11T02:29:42.818+0000] {logging_mixin.py:190} INFO - [2024-11-11T02:29:42.818+0000] {dagbag.py:588} INFO - Filling up the DagBag from /home/airflow/.local/lib/python3.12/site-packages/airflow/example_dags/example_params_ui_tutorial.py
[2024-11-11T02:29:42.823+0000] {processor.py:925} INFO - DAG(s) 'example_params_ui_tutorial' retrieved from /home/airflow/.local/lib/python3.12/site-packages/airflow/example_dags/example_params_ui_tutorial.py
[2024-11-11T02:29:42.842+0000] {logging_mixin.py:190} INFO - [2024-11-11T02:29:42.842+0000] {dag.py:3239} INFO - Sync 1 DAGs
[2024-11-11T02:29:42.849+0000] {logging_mixin.py:190} INFO - [2024-11-11T02:29:42.849+0000] {dag.py:4180} INFO - Setting next_dagrun for example_params_ui_tutorial to None, run_after=None
[2024-11-11T02:29:42.857+0000] {processor.py:208} INFO - Processing /home/airflow/.local/lib/python3.12/site-packages/airflow/example_dags/example_params_ui_tutorial.py took 0.044 seconds
[2024-11-11T02:30:13.569+0000] {processor.py:186} INFO - Started process (PID=739) to work on /home/airflow/.local/lib/python3.12/site-packages/airflow/example_dags/example_params_ui_tutorial.py
[2024-11-11T02:30:13.570+0000] {processor.py:914} INFO - Processing file /home/airflow/.local/lib/python3.12/site-packages/airflow/example_dags/example_params_ui_tutorial.py for tasks to queue
[2024-11-11T02:30:13.571+0000] {logging_mixin.py:190} INFO - [2024-11-11T02:30:13.571+0000] {dagbag.py:588} INFO - Filling up the DagBag from /home/airflow/.local/lib/python3.12/site-packages/airflow/example_dags/example_params_ui_tutorial.py
[2024-11-11T02:30:13.576+0000] {processor.py:925} INFO - DAG(s) 'example_params_ui_tutorial' retrieved from /home/airflow/.local/lib/python3.12/site-packages/airflow/example_dags/example_params_ui_tutorial.py
[2024-11-11T02:30:13.596+0000] {logging_mixin.py:190} INFO - [2024-11-11T02:30:13.596+0000] {dag.py:3239} INFO - Sync 1 DAGs
[2024-11-11T02:30:13.603+0000] {logging_mixin.py:190} INFO - [2024-11-11T02:30:13.603+0000] {dag.py:4180} INFO - Setting next_dagrun for example_params_ui_tutorial to None, run_after=None
[2024-11-11T02:30:13.612+0000] {processor.py:208} INFO - Processing /home/airflow/.local/lib/python3.12/site-packages/airflow/example_dags/example_params_ui_tutorial.py took 0.046 seconds
[2024-11-11T02:30:44.238+0000] {processor.py:186} INFO - Started process (PID=803) to work on /home/airflow/.local/lib/python3.12/site-packages/airflow/example_dags/example_params_ui_tutorial.py
[2024-11-11T02:30:44.239+0000] {processor.py:914} INFO - Processing file /home/airflow/.local/lib/python3.12/site-packages/airflow/example_dags/example_params_ui_tutorial.py for tasks to queue
[2024-11-11T02:30:44.241+0000] {logging_mixin.py:190} INFO - [2024-11-11T02:30:44.240+0000] {dagbag.py:588} INFO - Filling up the DagBag from /home/airflow/.local/lib/python3.12/site-packages/airflow/example_dags/example_params_ui_tutorial.py
[2024-11-11T02:30:44.247+0000] {processor.py:925} INFO - DAG(s) 'example_params_ui_tutorial' retrieved from /home/airflow/.local/lib/python3.12/site-packages/airflow/example_dags/example_params_ui_tutorial.py
[2024-11-11T02:30:44.269+0000] {logging_mixin.py:190} INFO - [2024-11-11T02:30:44.269+0000] {dag.py:3239} INFO - Sync 1 DAGs
[2024-11-11T02:30:44.276+0000] {logging_mixin.py:190} INFO - [2024-11-11T02:30:44.276+0000] {dag.py:4180} INFO - Setting next_dagrun for example_params_ui_tutorial to None, run_after=None
[2024-11-11T02:30:44.284+0000] {processor.py:208} INFO - Processing /home/airflow/.local/lib/python3.12/site-packages/airflow/example_dags/example_params_ui_tutorial.py took 0.050 seconds
[2024-11-11T02:31:14.825+0000] {processor.py:186} INFO - Started process (PID=875) to work on /home/airflow/.local/lib/python3.12/site-packages/airflow/example_dags/example_params_ui_tutorial.py
[2024-11-11T02:31:14.825+0000] {processor.py:914} INFO - Processing file /home/airflow/.local/lib/python3.12/site-packages/airflow/example_dags/example_params_ui_tutorial.py for tasks to queue
[2024-11-11T02:31:14.827+0000] {logging_mixin.py:190} INFO - [2024-11-11T02:31:14.826+0000] {dagbag.py:588} INFO - Filling up the DagBag from /home/airflow/.local/lib/python3.12/site-packages/airflow/example_dags/example_params_ui_tutorial.py
[2024-11-11T02:31:14.832+0000] {processor.py:925} INFO - DAG(s) 'example_params_ui_tutorial' retrieved from /home/airflow/.local/lib/python3.12/site-packages/airflow/example_dags/example_params_ui_tutorial.py
[2024-11-11T02:31:14.850+0000] {logging_mixin.py:190} INFO - [2024-11-11T02:31:14.850+0000] {dag.py:3239} INFO - Sync 1 DAGs
[2024-11-11T02:31:14.857+0000] {logging_mixin.py:190} INFO - [2024-11-11T02:31:14.857+0000] {dag.py:4180} INFO - Setting next_dagrun for example_params_ui_tutorial to None, run_after=None
[2024-11-11T02:31:14.866+0000] {processor.py:208} INFO - Processing /home/airflow/.local/lib/python3.12/site-packages/airflow/example_dags/example_params_ui_tutorial.py took 0.044 seconds
[2024-11-11T02:31:45.461+0000] {processor.py:186} INFO - Started process (PID=938) to work on /home/airflow/.local/lib/python3.12/site-packages/airflow/example_dags/example_params_ui_tutorial.py
[2024-11-11T02:31:45.463+0000] {processor.py:914} INFO - Processing file /home/airflow/.local/lib/python3.12/site-packages/airflow/example_dags/example_params_ui_tutorial.py for tasks to queue
[2024-11-11T02:31:45.465+0000] {logging_mixin.py:190} INFO - [2024-11-11T02:31:45.465+0000] {dagbag.py:588} INFO - Filling up the DagBag from /home/airflow/.local/lib/python3.12/site-packages/airflow/example_dags/example_params_ui_tutorial.py
[2024-11-11T02:31:45.470+0000] {processor.py:925} INFO - DAG(s) 'example_params_ui_tutorial' retrieved from /home/airflow/.local/lib/python3.12/site-packages/airflow/example_dags/example_params_ui_tutorial.py
[2024-11-11T02:31:45.489+0000] {logging_mixin.py:190} INFO - [2024-11-11T02:31:45.489+0000] {dag.py:3239} INFO - Sync 1 DAGs
[2024-11-11T02:31:45.495+0000] {logging_mixin.py:190} INFO - [2024-11-11T02:31:45.495+0000] {dag.py:4180} INFO - Setting next_dagrun for example_params_ui_tutorial to None, run_after=None
[2024-11-11T02:31:45.503+0000] {processor.py:208} INFO - Processing /home/airflow/.local/lib/python3.12/site-packages/airflow/example_dags/example_params_ui_tutorial.py took 0.046 seconds
[2024-11-11T02:32:16.134+0000] {processor.py:186} INFO - Started process (PID=999) to work on /home/airflow/.local/lib/python3.12/site-packages/airflow/example_dags/example_params_ui_tutorial.py
[2024-11-11T02:32:16.134+0000] {processor.py:914} INFO - Processing file /home/airflow/.local/lib/python3.12/site-packages/airflow/example_dags/example_params_ui_tutorial.py for tasks to queue
[2024-11-11T02:32:16.136+0000] {logging_mixin.py:190} INFO - [2024-11-11T02:32:16.135+0000] {dagbag.py:588} INFO - Filling up the DagBag from /home/airflow/.local/lib/python3.12/site-packages/airflow/example_dags/example_params_ui_tutorial.py
[2024-11-11T02:32:16.141+0000] {processor.py:925} INFO - DAG(s) 'example_params_ui_tutorial' retrieved from /home/airflow/.local/lib/python3.12/site-packages/airflow/example_dags/example_params_ui_tutorial.py
[2024-11-11T02:32:16.161+0000] {logging_mixin.py:190} INFO - [2024-11-11T02:32:16.160+0000] {dag.py:3239} INFO - Sync 1 DAGs
[2024-11-11T02:32:16.167+0000] {logging_mixin.py:190} INFO - [2024-11-11T02:32:16.167+0000] {dag.py:4180} INFO - Setting next_dagrun for example_params_ui_tutorial to None, run_after=None
[2024-11-11T02:32:16.175+0000] {processor.py:208} INFO - Processing /home/airflow/.local/lib/python3.12/site-packages/airflow/example_dags/example_params_ui_tutorial.py took 0.045 seconds
[2024-11-11T02:32:46.844+0000] {processor.py:186} INFO - Started process (PID=1062) to work on /home/airflow/.local/lib/python3.12/site-packages/airflow/example_dags/example_params_ui_tutorial.py
[2024-11-11T02:32:46.844+0000] {processor.py:914} INFO - Processing file /home/airflow/.local/lib/python3.12/site-packages/airflow/example_dags/example_params_ui_tutorial.py for tasks to queue
[2024-11-11T02:32:46.846+0000] {logging_mixin.py:190} INFO - [2024-11-11T02:32:46.846+0000] {dagbag.py:588} INFO - Filling up the DagBag from /home/airflow/.local/lib/python3.12/site-packages/airflow/example_dags/example_params_ui_tutorial.py
[2024-11-11T02:32:46.855+0000] {processor.py:925} INFO - DAG(s) 'example_params_ui_tutorial' retrieved from /home/airflow/.local/lib/python3.12/site-packages/airflow/example_dags/example_params_ui_tutorial.py
[2024-11-11T02:32:46.875+0000] {logging_mixin.py:190} INFO - [2024-11-11T02:32:46.875+0000] {dag.py:3239} INFO - Sync 1 DAGs
[2024-11-11T02:32:46.882+0000] {logging_mixin.py:190} INFO - [2024-11-11T02:32:46.882+0000] {dag.py:4180} INFO - Setting next_dagrun for example_params_ui_tutorial to None, run_after=None
[2024-11-11T02:32:46.890+0000] {processor.py:208} INFO - Processing /home/airflow/.local/lib/python3.12/site-packages/airflow/example_dags/example_params_ui_tutorial.py took 0.051 seconds
[2024-11-11T02:33:17.455+0000] {processor.py:186} INFO - Started process (PID=1125) to work on /home/airflow/.local/lib/python3.12/site-packages/airflow/example_dags/example_params_ui_tutorial.py
[2024-11-11T02:33:17.456+0000] {processor.py:914} INFO - Processing file /home/airflow/.local/lib/python3.12/site-packages/airflow/example_dags/example_params_ui_tutorial.py for tasks to queue
[2024-11-11T02:33:17.458+0000] {logging_mixin.py:190} INFO - [2024-11-11T02:33:17.458+0000] {dagbag.py:588} INFO - Filling up the DagBag from /home/airflow/.local/lib/python3.12/site-packages/airflow/example_dags/example_params_ui_tutorial.py
[2024-11-11T02:33:17.463+0000] {processor.py:925} INFO - DAG(s) 'example_params_ui_tutorial' retrieved from /home/airflow/.local/lib/python3.12/site-packages/airflow/example_dags/example_params_ui_tutorial.py
[2024-11-11T02:33:17.484+0000] {logging_mixin.py:190} INFO - [2024-11-11T02:33:17.484+0000] {dag.py:3239} INFO - Sync 1 DAGs
[2024-11-11T02:33:17.492+0000] {logging_mixin.py:190} INFO - [2024-11-11T02:33:17.492+0000] {dag.py:4180} INFO - Setting next_dagrun for example_params_ui_tutorial to None, run_after=None
[2024-11-11T02:33:17.502+0000] {processor.py:208} INFO - Processing /home/airflow/.local/lib/python3.12/site-packages/airflow/example_dags/example_params_ui_tutorial.py took 0.050 seconds
[2024-11-11T02:33:48.179+0000] {processor.py:186} INFO - Started process (PID=1187) to work on /home/airflow/.local/lib/python3.12/site-packages/airflow/example_dags/example_params_ui_tutorial.py
[2024-11-11T02:33:48.179+0000] {processor.py:914} INFO - Processing file /home/airflow/.local/lib/python3.12/site-packages/airflow/example_dags/example_params_ui_tutorial.py for tasks to queue
[2024-11-11T02:33:48.181+0000] {logging_mixin.py:190} INFO - [2024-11-11T02:33:48.181+0000] {dagbag.py:588} INFO - Filling up the DagBag from /home/airflow/.local/lib/python3.12/site-packages/airflow/example_dags/example_params_ui_tutorial.py
[2024-11-11T02:33:48.186+0000] {processor.py:925} INFO - DAG(s) 'example_params_ui_tutorial' retrieved from /home/airflow/.local/lib/python3.12/site-packages/airflow/example_dags/example_params_ui_tutorial.py
[2024-11-11T02:33:48.205+0000] {logging_mixin.py:190} INFO - [2024-11-11T02:33:48.205+0000] {dag.py:3239} INFO - Sync 1 DAGs
[2024-11-11T02:33:48.212+0000] {logging_mixin.py:190} INFO - [2024-11-11T02:33:48.212+0000] {dag.py:4180} INFO - Setting next_dagrun for example_params_ui_tutorial to None, run_after=None
[2024-11-11T02:33:48.221+0000] {processor.py:208} INFO - Processing /home/airflow/.local/lib/python3.12/site-packages/airflow/example_dags/example_params_ui_tutorial.py took 0.045 seconds
[2024-11-11T02:34:18.802+0000] {processor.py:186} INFO - Started process (PID=1251) to work on /home/airflow/.local/lib/python3.12/site-packages/airflow/example_dags/example_params_ui_tutorial.py
[2024-11-11T02:34:18.803+0000] {processor.py:914} INFO - Processing file /home/airflow/.local/lib/python3.12/site-packages/airflow/example_dags/example_params_ui_tutorial.py for tasks to queue
[2024-11-11T02:34:18.804+0000] {logging_mixin.py:190} INFO - [2024-11-11T02:34:18.804+0000] {dagbag.py:588} INFO - Filling up the DagBag from /home/airflow/.local/lib/python3.12/site-packages/airflow/example_dags/example_params_ui_tutorial.py
[2024-11-11T02:34:18.809+0000] {processor.py:925} INFO - DAG(s) 'example_params_ui_tutorial' retrieved from /home/airflow/.local/lib/python3.12/site-packages/airflow/example_dags/example_params_ui_tutorial.py
[2024-11-11T02:34:18.829+0000] {logging_mixin.py:190} INFO - [2024-11-11T02:34:18.829+0000] {dag.py:3239} INFO - Sync 1 DAGs
[2024-11-11T02:34:18.837+0000] {logging_mixin.py:190} INFO - [2024-11-11T02:34:18.836+0000] {dag.py:4180} INFO - Setting next_dagrun for example_params_ui_tutorial to None, run_after=None
[2024-11-11T02:34:18.846+0000] {processor.py:208} INFO - Processing /home/airflow/.local/lib/python3.12/site-packages/airflow/example_dags/example_params_ui_tutorial.py took 0.047 seconds
[2024-11-11T02:34:49.478+0000] {processor.py:186} INFO - Started process (PID=1314) to work on /home/airflow/.local/lib/python3.12/site-packages/airflow/example_dags/example_params_ui_tutorial.py
[2024-11-11T02:34:49.479+0000] {processor.py:914} INFO - Processing file /home/airflow/.local/lib/python3.12/site-packages/airflow/example_dags/example_params_ui_tutorial.py for tasks to queue
[2024-11-11T02:34:49.480+0000] {logging_mixin.py:190} INFO - [2024-11-11T02:34:49.480+0000] {dagbag.py:588} INFO - Filling up the DagBag from /home/airflow/.local/lib/python3.12/site-packages/airflow/example_dags/example_params_ui_tutorial.py
[2024-11-11T02:34:49.486+0000] {processor.py:925} INFO - DAG(s) 'example_params_ui_tutorial' retrieved from /home/airflow/.local/lib/python3.12/site-packages/airflow/example_dags/example_params_ui_tutorial.py
[2024-11-11T02:34:49.505+0000] {logging_mixin.py:190} INFO - [2024-11-11T02:34:49.505+0000] {dag.py:3239} INFO - Sync 1 DAGs
[2024-11-11T02:34:49.513+0000] {logging_mixin.py:190} INFO - [2024-11-11T02:34:49.512+0000] {dag.py:4180} INFO - Setting next_dagrun for example_params_ui_tutorial to None, run_after=None
[2024-11-11T02:34:49.521+0000] {processor.py:208} INFO - Processing /home/airflow/.local/lib/python3.12/site-packages/airflow/example_dags/example_params_ui_tutorial.py took 0.047 seconds
[2024-11-11T02:35:20.332+0000] {processor.py:186} INFO - Started process (PID=1376) to work on /home/airflow/.local/lib/python3.12/site-packages/airflow/example_dags/example_params_ui_tutorial.py
[2024-11-11T02:35:20.333+0000] {processor.py:914} INFO - Processing file /home/airflow/.local/lib/python3.12/site-packages/airflow/example_dags/example_params_ui_tutorial.py for tasks to queue
[2024-11-11T02:35:20.334+0000] {logging_mixin.py:190} INFO - [2024-11-11T02:35:20.334+0000] {dagbag.py:588} INFO - Filling up the DagBag from /home/airflow/.local/lib/python3.12/site-packages/airflow/example_dags/example_params_ui_tutorial.py
[2024-11-11T02:35:20.339+0000] {processor.py:925} INFO - DAG(s) 'example_params_ui_tutorial' retrieved from /home/airflow/.local/lib/python3.12/site-packages/airflow/example_dags/example_params_ui_tutorial.py
[2024-11-11T02:35:20.359+0000] {logging_mixin.py:190} INFO - [2024-11-11T02:35:20.359+0000] {dag.py:3239} INFO - Sync 1 DAGs
[2024-11-11T02:35:20.366+0000] {logging_mixin.py:190} INFO - [2024-11-11T02:35:20.366+0000] {dag.py:4180} INFO - Setting next_dagrun for example_params_ui_tutorial to None, run_after=None
[2024-11-11T02:35:20.375+0000] {processor.py:208} INFO - Processing /home/airflow/.local/lib/python3.12/site-packages/airflow/example_dags/example_params_ui_tutorial.py took 0.046 seconds
[2024-11-11T02:35:51.147+0000] {processor.py:186} INFO - Started process (PID=1439) to work on /home/airflow/.local/lib/python3.12/site-packages/airflow/example_dags/example_params_ui_tutorial.py
[2024-11-11T02:35:51.148+0000] {processor.py:914} INFO - Processing file /home/airflow/.local/lib/python3.12/site-packages/airflow/example_dags/example_params_ui_tutorial.py for tasks to queue
[2024-11-11T02:35:51.149+0000] {logging_mixin.py:190} INFO - [2024-11-11T02:35:51.149+0000] {dagbag.py:588} INFO - Filling up the DagBag from /home/airflow/.local/lib/python3.12/site-packages/airflow/example_dags/example_params_ui_tutorial.py
[2024-11-11T02:35:51.154+0000] {processor.py:925} INFO - DAG(s) 'example_params_ui_tutorial' retrieved from /home/airflow/.local/lib/python3.12/site-packages/airflow/example_dags/example_params_ui_tutorial.py
[2024-11-11T02:35:51.174+0000] {logging_mixin.py:190} INFO - [2024-11-11T02:35:51.173+0000] {dag.py:3239} INFO - Sync 1 DAGs
[2024-11-11T02:35:51.181+0000] {logging_mixin.py:190} INFO - [2024-11-11T02:35:51.181+0000] {dag.py:4180} INFO - Setting next_dagrun for example_params_ui_tutorial to None, run_after=None
[2024-11-11T02:35:51.189+0000] {processor.py:208} INFO - Processing /home/airflow/.local/lib/python3.12/site-packages/airflow/example_dags/example_params_ui_tutorial.py took 0.045 seconds
[2024-11-11T02:36:21.789+0000] {processor.py:186} INFO - Started process (PID=1503) to work on /home/airflow/.local/lib/python3.12/site-packages/airflow/example_dags/example_params_ui_tutorial.py
[2024-11-11T02:36:21.790+0000] {processor.py:914} INFO - Processing file /home/airflow/.local/lib/python3.12/site-packages/airflow/example_dags/example_params_ui_tutorial.py for tasks to queue
[2024-11-11T02:36:21.791+0000] {logging_mixin.py:190} INFO - [2024-11-11T02:36:21.791+0000] {dagbag.py:588} INFO - Filling up the DagBag from /home/airflow/.local/lib/python3.12/site-packages/airflow/example_dags/example_params_ui_tutorial.py
[2024-11-11T02:36:21.796+0000] {processor.py:925} INFO - DAG(s) 'example_params_ui_tutorial' retrieved from /home/airflow/.local/lib/python3.12/site-packages/airflow/example_dags/example_params_ui_tutorial.py
[2024-11-11T02:36:21.815+0000] {logging_mixin.py:190} INFO - [2024-11-11T02:36:21.815+0000] {dag.py:3239} INFO - Sync 1 DAGs
[2024-11-11T02:36:21.830+0000] {logging_mixin.py:190} INFO - [2024-11-11T02:36:21.829+0000] {dag.py:4180} INFO - Setting next_dagrun for example_params_ui_tutorial to None, run_after=None
[2024-11-11T02:36:21.870+0000] {processor.py:208} INFO - Processing /home/airflow/.local/lib/python3.12/site-packages/airflow/example_dags/example_params_ui_tutorial.py took 0.084 seconds
[2024-11-11T02:36:52.571+0000] {processor.py:186} INFO - Started process (PID=1565) to work on /home/airflow/.local/lib/python3.12/site-packages/airflow/example_dags/example_params_ui_tutorial.py
[2024-11-11T02:36:52.572+0000] {processor.py:914} INFO - Processing file /home/airflow/.local/lib/python3.12/site-packages/airflow/example_dags/example_params_ui_tutorial.py for tasks to queue
[2024-11-11T02:36:52.573+0000] {logging_mixin.py:190} INFO - [2024-11-11T02:36:52.573+0000] {dagbag.py:588} INFO - Filling up the DagBag from /home/airflow/.local/lib/python3.12/site-packages/airflow/example_dags/example_params_ui_tutorial.py
[2024-11-11T02:36:52.579+0000] {processor.py:925} INFO - DAG(s) 'example_params_ui_tutorial' retrieved from /home/airflow/.local/lib/python3.12/site-packages/airflow/example_dags/example_params_ui_tutorial.py
[2024-11-11T02:36:52.598+0000] {logging_mixin.py:190} INFO - [2024-11-11T02:36:52.598+0000] {dag.py:3239} INFO - Sync 1 DAGs
[2024-11-11T02:36:52.606+0000] {logging_mixin.py:190} INFO - [2024-11-11T02:36:52.606+0000] {dag.py:4180} INFO - Setting next_dagrun for example_params_ui_tutorial to None, run_after=None
[2024-11-11T02:36:52.614+0000] {processor.py:208} INFO - Processing /home/airflow/.local/lib/python3.12/site-packages/airflow/example_dags/example_params_ui_tutorial.py took 0.047 seconds
[2024-11-11T02:37:23.213+0000] {processor.py:186} INFO - Started process (PID=1629) to work on /home/airflow/.local/lib/python3.12/site-packages/airflow/example_dags/example_params_ui_tutorial.py
[2024-11-11T02:37:23.213+0000] {processor.py:914} INFO - Processing file /home/airflow/.local/lib/python3.12/site-packages/airflow/example_dags/example_params_ui_tutorial.py for tasks to queue
[2024-11-11T02:37:23.215+0000] {logging_mixin.py:190} INFO - [2024-11-11T02:37:23.214+0000] {dagbag.py:588} INFO - Filling up the DagBag from /home/airflow/.local/lib/python3.12/site-packages/airflow/example_dags/example_params_ui_tutorial.py
[2024-11-11T02:37:23.219+0000] {processor.py:925} INFO - DAG(s) 'example_params_ui_tutorial' retrieved from /home/airflow/.local/lib/python3.12/site-packages/airflow/example_dags/example_params_ui_tutorial.py
[2024-11-11T02:37:23.239+0000] {logging_mixin.py:190} INFO - [2024-11-11T02:37:23.239+0000] {dag.py:3239} INFO - Sync 1 DAGs
[2024-11-11T02:37:23.247+0000] {logging_mixin.py:190} INFO - [2024-11-11T02:37:23.246+0000] {dag.py:4180} INFO - Setting next_dagrun for example_params_ui_tutorial to None, run_after=None
[2024-11-11T02:37:23.256+0000] {processor.py:208} INFO - Processing /home/airflow/.local/lib/python3.12/site-packages/airflow/example_dags/example_params_ui_tutorial.py took 0.047 seconds
[2024-11-11T02:37:53.837+0000] {processor.py:186} INFO - Started process (PID=1698) to work on /home/airflow/.local/lib/python3.12/site-packages/airflow/example_dags/example_params_ui_tutorial.py
[2024-11-11T02:37:53.837+0000] {processor.py:914} INFO - Processing file /home/airflow/.local/lib/python3.12/site-packages/airflow/example_dags/example_params_ui_tutorial.py for tasks to queue
[2024-11-11T02:37:53.839+0000] {logging_mixin.py:190} INFO - [2024-11-11T02:37:53.839+0000] {dagbag.py:588} INFO - Filling up the DagBag from /home/airflow/.local/lib/python3.12/site-packages/airflow/example_dags/example_params_ui_tutorial.py
[2024-11-11T02:37:53.844+0000] {processor.py:925} INFO - DAG(s) 'example_params_ui_tutorial' retrieved from /home/airflow/.local/lib/python3.12/site-packages/airflow/example_dags/example_params_ui_tutorial.py
[2024-11-11T02:37:53.863+0000] {logging_mixin.py:190} INFO - [2024-11-11T02:37:53.863+0000] {dag.py:3239} INFO - Sync 1 DAGs
[2024-11-11T02:37:53.870+0000] {logging_mixin.py:190} INFO - [2024-11-11T02:37:53.870+0000] {dag.py:4180} INFO - Setting next_dagrun for example_params_ui_tutorial to None, run_after=None
[2024-11-11T02:37:53.878+0000] {processor.py:208} INFO - Processing /home/airflow/.local/lib/python3.12/site-packages/airflow/example_dags/example_params_ui_tutorial.py took 0.045 seconds
[2024-11-11T02:38:24.570+0000] {processor.py:186} INFO - Started process (PID=1761) to work on /home/airflow/.local/lib/python3.12/site-packages/airflow/example_dags/example_params_ui_tutorial.py
[2024-11-11T02:38:24.571+0000] {processor.py:914} INFO - Processing file /home/airflow/.local/lib/python3.12/site-packages/airflow/example_dags/example_params_ui_tutorial.py for tasks to queue
[2024-11-11T02:38:24.572+0000] {logging_mixin.py:190} INFO - [2024-11-11T02:38:24.572+0000] {dagbag.py:588} INFO - Filling up the DagBag from /home/airflow/.local/lib/python3.12/site-packages/airflow/example_dags/example_params_ui_tutorial.py
[2024-11-11T02:38:24.578+0000] {processor.py:925} INFO - DAG(s) 'example_params_ui_tutorial' retrieved from /home/airflow/.local/lib/python3.12/site-packages/airflow/example_dags/example_params_ui_tutorial.py
[2024-11-11T02:38:24.604+0000] {logging_mixin.py:190} INFO - [2024-11-11T02:38:24.604+0000] {dag.py:3239} INFO - Sync 1 DAGs
[2024-11-11T02:38:24.612+0000] {logging_mixin.py:190} INFO - [2024-11-11T02:38:24.612+0000] {dag.py:4180} INFO - Setting next_dagrun for example_params_ui_tutorial to None, run_after=None
[2024-11-11T02:38:24.624+0000] {processor.py:208} INFO - Processing /home/airflow/.local/lib/python3.12/site-packages/airflow/example_dags/example_params_ui_tutorial.py took 0.059 seconds
[2024-11-11T02:38:55.473+0000] {processor.py:186} INFO - Started process (PID=1823) to work on /home/airflow/.local/lib/python3.12/site-packages/airflow/example_dags/example_params_ui_tutorial.py
[2024-11-11T02:38:55.474+0000] {processor.py:914} INFO - Processing file /home/airflow/.local/lib/python3.12/site-packages/airflow/example_dags/example_params_ui_tutorial.py for tasks to queue
[2024-11-11T02:38:55.475+0000] {logging_mixin.py:190} INFO - [2024-11-11T02:38:55.475+0000] {dagbag.py:588} INFO - Filling up the DagBag from /home/airflow/.local/lib/python3.12/site-packages/airflow/example_dags/example_params_ui_tutorial.py
[2024-11-11T02:38:55.480+0000] {processor.py:925} INFO - DAG(s) 'example_params_ui_tutorial' retrieved from /home/airflow/.local/lib/python3.12/site-packages/airflow/example_dags/example_params_ui_tutorial.py
[2024-11-11T02:38:55.500+0000] {logging_mixin.py:190} INFO - [2024-11-11T02:38:55.500+0000] {dag.py:3239} INFO - Sync 1 DAGs
[2024-11-11T02:38:55.507+0000] {logging_mixin.py:190} INFO - [2024-11-11T02:38:55.507+0000] {dag.py:4180} INFO - Setting next_dagrun for example_params_ui_tutorial to None, run_after=None
[2024-11-11T02:38:55.516+0000] {processor.py:208} INFO - Processing /home/airflow/.local/lib/python3.12/site-packages/airflow/example_dags/example_params_ui_tutorial.py took 0.046 seconds
[2024-11-11T02:39:26.116+0000] {processor.py:186} INFO - Started process (PID=1887) to work on /home/airflow/.local/lib/python3.12/site-packages/airflow/example_dags/example_params_ui_tutorial.py
[2024-11-11T02:39:26.116+0000] {processor.py:914} INFO - Processing file /home/airflow/.local/lib/python3.12/site-packages/airflow/example_dags/example_params_ui_tutorial.py for tasks to queue
[2024-11-11T02:39:26.118+0000] {logging_mixin.py:190} INFO - [2024-11-11T02:39:26.117+0000] {dagbag.py:588} INFO - Filling up the DagBag from /home/airflow/.local/lib/python3.12/site-packages/airflow/example_dags/example_params_ui_tutorial.py
[2024-11-11T02:39:26.123+0000] {processor.py:925} INFO - DAG(s) 'example_params_ui_tutorial' retrieved from /home/airflow/.local/lib/python3.12/site-packages/airflow/example_dags/example_params_ui_tutorial.py
[2024-11-11T02:39:26.143+0000] {logging_mixin.py:190} INFO - [2024-11-11T02:39:26.143+0000] {dag.py:3239} INFO - Sync 1 DAGs
[2024-11-11T02:39:26.150+0000] {logging_mixin.py:190} INFO - [2024-11-11T02:39:26.150+0000] {dag.py:4180} INFO - Setting next_dagrun for example_params_ui_tutorial to None, run_after=None
[2024-11-11T02:39:26.159+0000] {processor.py:208} INFO - Processing /home/airflow/.local/lib/python3.12/site-packages/airflow/example_dags/example_params_ui_tutorial.py took 0.047 seconds
[2024-11-11T02:39:56.756+0000] {processor.py:186} INFO - Started process (PID=1949) to work on /home/airflow/.local/lib/python3.12/site-packages/airflow/example_dags/example_params_ui_tutorial.py
[2024-11-11T02:39:56.757+0000] {processor.py:914} INFO - Processing file /home/airflow/.local/lib/python3.12/site-packages/airflow/example_dags/example_params_ui_tutorial.py for tasks to queue
[2024-11-11T02:39:56.758+0000] {logging_mixin.py:190} INFO - [2024-11-11T02:39:56.758+0000] {dagbag.py:588} INFO - Filling up the DagBag from /home/airflow/.local/lib/python3.12/site-packages/airflow/example_dags/example_params_ui_tutorial.py
[2024-11-11T02:39:56.764+0000] {processor.py:925} INFO - DAG(s) 'example_params_ui_tutorial' retrieved from /home/airflow/.local/lib/python3.12/site-packages/airflow/example_dags/example_params_ui_tutorial.py
[2024-11-11T02:39:56.783+0000] {logging_mixin.py:190} INFO - [2024-11-11T02:39:56.783+0000] {dag.py:3239} INFO - Sync 1 DAGs
[2024-11-11T02:39:56.791+0000] {logging_mixin.py:190} INFO - [2024-11-11T02:39:56.791+0000] {dag.py:4180} INFO - Setting next_dagrun for example_params_ui_tutorial to None, run_after=None
[2024-11-11T02:39:56.799+0000] {processor.py:208} INFO - Processing /home/airflow/.local/lib/python3.12/site-packages/airflow/example_dags/example_params_ui_tutorial.py took 0.047 seconds
[2024-11-11T02:40:27.783+0000] {processor.py:186} INFO - Started process (PID=2012) to work on /home/airflow/.local/lib/python3.12/site-packages/airflow/example_dags/example_params_ui_tutorial.py
[2024-11-11T02:40:27.784+0000] {processor.py:914} INFO - Processing file /home/airflow/.local/lib/python3.12/site-packages/airflow/example_dags/example_params_ui_tutorial.py for tasks to queue
[2024-11-11T02:40:27.786+0000] {logging_mixin.py:190} INFO - [2024-11-11T02:40:27.786+0000] {dagbag.py:588} INFO - Filling up the DagBag from /home/airflow/.local/lib/python3.12/site-packages/airflow/example_dags/example_params_ui_tutorial.py
[2024-11-11T02:40:27.792+0000] {processor.py:925} INFO - DAG(s) 'example_params_ui_tutorial' retrieved from /home/airflow/.local/lib/python3.12/site-packages/airflow/example_dags/example_params_ui_tutorial.py
[2024-11-11T02:40:27.815+0000] {logging_mixin.py:190} INFO - [2024-11-11T02:40:27.814+0000] {dag.py:3239} INFO - Sync 1 DAGs
[2024-11-11T02:40:27.824+0000] {logging_mixin.py:190} INFO - [2024-11-11T02:40:27.823+0000] {dag.py:4180} INFO - Setting next_dagrun for example_params_ui_tutorial to None, run_after=None
[2024-11-11T02:40:27.833+0000] {processor.py:208} INFO - Processing /home/airflow/.local/lib/python3.12/site-packages/airflow/example_dags/example_params_ui_tutorial.py took 0.053 seconds
[2024-11-11T02:40:58.826+0000] {processor.py:186} INFO - Started process (PID=2075) to work on /home/airflow/.local/lib/python3.12/site-packages/airflow/example_dags/example_params_ui_tutorial.py
[2024-11-11T02:40:58.827+0000] {processor.py:914} INFO - Processing file /home/airflow/.local/lib/python3.12/site-packages/airflow/example_dags/example_params_ui_tutorial.py for tasks to queue
[2024-11-11T02:40:58.828+0000] {logging_mixin.py:190} INFO - [2024-11-11T02:40:58.828+0000] {dagbag.py:588} INFO - Filling up the DagBag from /home/airflow/.local/lib/python3.12/site-packages/airflow/example_dags/example_params_ui_tutorial.py
[2024-11-11T02:40:58.834+0000] {processor.py:925} INFO - DAG(s) 'example_params_ui_tutorial' retrieved from /home/airflow/.local/lib/python3.12/site-packages/airflow/example_dags/example_params_ui_tutorial.py
[2024-11-11T02:40:58.853+0000] {logging_mixin.py:190} INFO - [2024-11-11T02:40:58.853+0000] {dag.py:3239} INFO - Sync 1 DAGs
[2024-11-11T02:40:58.861+0000] {logging_mixin.py:190} INFO - [2024-11-11T02:40:58.861+0000] {dag.py:4180} INFO - Setting next_dagrun for example_params_ui_tutorial to None, run_after=None
[2024-11-11T02:40:58.870+0000] {processor.py:208} INFO - Processing /home/airflow/.local/lib/python3.12/site-packages/airflow/example_dags/example_params_ui_tutorial.py took 0.047 seconds
[2024-11-11T02:41:29.530+0000] {processor.py:186} INFO - Started process (PID=2138) to work on /home/airflow/.local/lib/python3.12/site-packages/airflow/example_dags/example_params_ui_tutorial.py
[2024-11-11T02:41:29.531+0000] {processor.py:914} INFO - Processing file /home/airflow/.local/lib/python3.12/site-packages/airflow/example_dags/example_params_ui_tutorial.py for tasks to queue
[2024-11-11T02:41:29.532+0000] {logging_mixin.py:190} INFO - [2024-11-11T02:41:29.532+0000] {dagbag.py:588} INFO - Filling up the DagBag from /home/airflow/.local/lib/python3.12/site-packages/airflow/example_dags/example_params_ui_tutorial.py
[2024-11-11T02:41:29.539+0000] {processor.py:925} INFO - DAG(s) 'example_params_ui_tutorial' retrieved from /home/airflow/.local/lib/python3.12/site-packages/airflow/example_dags/example_params_ui_tutorial.py
[2024-11-11T02:41:29.559+0000] {logging_mixin.py:190} INFO - [2024-11-11T02:41:29.559+0000] {dag.py:3239} INFO - Sync 1 DAGs
[2024-11-11T02:41:29.567+0000] {logging_mixin.py:190} INFO - [2024-11-11T02:41:29.567+0000] {dag.py:4180} INFO - Setting next_dagrun for example_params_ui_tutorial to None, run_after=None
[2024-11-11T02:41:29.577+0000] {processor.py:208} INFO - Processing /home/airflow/.local/lib/python3.12/site-packages/airflow/example_dags/example_params_ui_tutorial.py took 0.051 seconds
[2024-11-11T02:42:00.221+0000] {processor.py:186} INFO - Started process (PID=2201) to work on /home/airflow/.local/lib/python3.12/site-packages/airflow/example_dags/example_params_ui_tutorial.py
[2024-11-11T02:42:00.222+0000] {processor.py:914} INFO - Processing file /home/airflow/.local/lib/python3.12/site-packages/airflow/example_dags/example_params_ui_tutorial.py for tasks to queue
[2024-11-11T02:42:00.223+0000] {logging_mixin.py:190} INFO - [2024-11-11T02:42:00.223+0000] {dagbag.py:588} INFO - Filling up the DagBag from /home/airflow/.local/lib/python3.12/site-packages/airflow/example_dags/example_params_ui_tutorial.py
[2024-11-11T02:42:00.229+0000] {processor.py:925} INFO - DAG(s) 'example_params_ui_tutorial' retrieved from /home/airflow/.local/lib/python3.12/site-packages/airflow/example_dags/example_params_ui_tutorial.py
[2024-11-11T02:42:00.248+0000] {logging_mixin.py:190} INFO - [2024-11-11T02:42:00.248+0000] {dag.py:3239} INFO - Sync 1 DAGs
[2024-11-11T02:42:00.256+0000] {logging_mixin.py:190} INFO - [2024-11-11T02:42:00.255+0000] {dag.py:4180} INFO - Setting next_dagrun for example_params_ui_tutorial to None, run_after=None
[2024-11-11T02:42:00.264+0000] {processor.py:208} INFO - Processing /home/airflow/.local/lib/python3.12/site-packages/airflow/example_dags/example_params_ui_tutorial.py took 0.046 seconds
[2024-11-11T02:42:30.983+0000] {processor.py:186} INFO - Started process (PID=2264) to work on /home/airflow/.local/lib/python3.12/site-packages/airflow/example_dags/example_params_ui_tutorial.py
[2024-11-11T02:42:30.983+0000] {processor.py:914} INFO - Processing file /home/airflow/.local/lib/python3.12/site-packages/airflow/example_dags/example_params_ui_tutorial.py for tasks to queue
[2024-11-11T02:42:30.985+0000] {logging_mixin.py:190} INFO - [2024-11-11T02:42:30.985+0000] {dagbag.py:588} INFO - Filling up the DagBag from /home/airflow/.local/lib/python3.12/site-packages/airflow/example_dags/example_params_ui_tutorial.py
[2024-11-11T02:42:30.990+0000] {processor.py:925} INFO - DAG(s) 'example_params_ui_tutorial' retrieved from /home/airflow/.local/lib/python3.12/site-packages/airflow/example_dags/example_params_ui_tutorial.py
[2024-11-11T02:42:31.010+0000] {logging_mixin.py:190} INFO - [2024-11-11T02:42:31.010+0000] {dag.py:3239} INFO - Sync 1 DAGs
[2024-11-11T02:42:31.017+0000] {logging_mixin.py:190} INFO - [2024-11-11T02:42:31.017+0000] {dag.py:4180} INFO - Setting next_dagrun for example_params_ui_tutorial to None, run_after=None
[2024-11-11T02:42:31.025+0000] {processor.py:208} INFO - Processing /home/airflow/.local/lib/python3.12/site-packages/airflow/example_dags/example_params_ui_tutorial.py took 0.046 seconds
[2024-11-11T02:43:01.711+0000] {processor.py:186} INFO - Started process (PID=2327) to work on /home/airflow/.local/lib/python3.12/site-packages/airflow/example_dags/example_params_ui_tutorial.py
[2024-11-11T02:43:01.712+0000] {processor.py:914} INFO - Processing file /home/airflow/.local/lib/python3.12/site-packages/airflow/example_dags/example_params_ui_tutorial.py for tasks to queue
[2024-11-11T02:43:01.713+0000] {logging_mixin.py:190} INFO - [2024-11-11T02:43:01.713+0000] {dagbag.py:588} INFO - Filling up the DagBag from /home/airflow/.local/lib/python3.12/site-packages/airflow/example_dags/example_params_ui_tutorial.py
[2024-11-11T02:43:01.718+0000] {processor.py:925} INFO - DAG(s) 'example_params_ui_tutorial' retrieved from /home/airflow/.local/lib/python3.12/site-packages/airflow/example_dags/example_params_ui_tutorial.py
[2024-11-11T02:43:01.738+0000] {logging_mixin.py:190} INFO - [2024-11-11T02:43:01.738+0000] {dag.py:3239} INFO - Sync 1 DAGs
[2024-11-11T02:43:01.745+0000] {logging_mixin.py:190} INFO - [2024-11-11T02:43:01.745+0000] {dag.py:4180} INFO - Setting next_dagrun for example_params_ui_tutorial to None, run_after=None
[2024-11-11T02:43:01.754+0000] {processor.py:208} INFO - Processing /home/airflow/.local/lib/python3.12/site-packages/airflow/example_dags/example_params_ui_tutorial.py took 0.046 seconds
[2024-11-11T02:43:32.377+0000] {processor.py:186} INFO - Started process (PID=2391) to work on /home/airflow/.local/lib/python3.12/site-packages/airflow/example_dags/example_params_ui_tutorial.py
[2024-11-11T02:43:32.377+0000] {processor.py:914} INFO - Processing file /home/airflow/.local/lib/python3.12/site-packages/airflow/example_dags/example_params_ui_tutorial.py for tasks to queue
[2024-11-11T02:43:32.379+0000] {logging_mixin.py:190} INFO - [2024-11-11T02:43:32.379+0000] {dagbag.py:588} INFO - Filling up the DagBag from /home/airflow/.local/lib/python3.12/site-packages/airflow/example_dags/example_params_ui_tutorial.py
[2024-11-11T02:43:32.384+0000] {processor.py:925} INFO - DAG(s) 'example_params_ui_tutorial' retrieved from /home/airflow/.local/lib/python3.12/site-packages/airflow/example_dags/example_params_ui_tutorial.py
[2024-11-11T02:43:32.403+0000] {logging_mixin.py:190} INFO - [2024-11-11T02:43:32.402+0000] {dag.py:3239} INFO - Sync 1 DAGs
[2024-11-11T02:43:32.411+0000] {logging_mixin.py:190} INFO - [2024-11-11T02:43:32.410+0000] {dag.py:4180} INFO - Setting next_dagrun for example_params_ui_tutorial to None, run_after=None
[2024-11-11T02:43:32.420+0000] {processor.py:208} INFO - Processing /home/airflow/.local/lib/python3.12/site-packages/airflow/example_dags/example_params_ui_tutorial.py took 0.047 seconds
[2024-11-11T02:44:03.408+0000] {processor.py:186} INFO - Started process (PID=2454) to work on /home/airflow/.local/lib/python3.12/site-packages/airflow/example_dags/example_params_ui_tutorial.py
[2024-11-11T02:44:03.409+0000] {processor.py:914} INFO - Processing file /home/airflow/.local/lib/python3.12/site-packages/airflow/example_dags/example_params_ui_tutorial.py for tasks to queue
[2024-11-11T02:44:03.410+0000] {logging_mixin.py:190} INFO - [2024-11-11T02:44:03.410+0000] {dagbag.py:588} INFO - Filling up the DagBag from /home/airflow/.local/lib/python3.12/site-packages/airflow/example_dags/example_params_ui_tutorial.py
[2024-11-11T02:44:03.415+0000] {processor.py:925} INFO - DAG(s) 'example_params_ui_tutorial' retrieved from /home/airflow/.local/lib/python3.12/site-packages/airflow/example_dags/example_params_ui_tutorial.py
[2024-11-11T02:44:03.435+0000] {logging_mixin.py:190} INFO - [2024-11-11T02:44:03.435+0000] {dag.py:3239} INFO - Sync 1 DAGs
[2024-11-11T02:44:03.442+0000] {logging_mixin.py:190} INFO - [2024-11-11T02:44:03.442+0000] {dag.py:4180} INFO - Setting next_dagrun for example_params_ui_tutorial to None, run_after=None
[2024-11-11T02:44:03.451+0000] {processor.py:208} INFO - Processing /home/airflow/.local/lib/python3.12/site-packages/airflow/example_dags/example_params_ui_tutorial.py took 0.046 seconds
[2024-11-11T02:44:33.966+0000] {processor.py:186} INFO - Started process (PID=2517) to work on /home/airflow/.local/lib/python3.12/site-packages/airflow/example_dags/example_params_ui_tutorial.py
[2024-11-11T02:44:33.966+0000] {processor.py:914} INFO - Processing file /home/airflow/.local/lib/python3.12/site-packages/airflow/example_dags/example_params_ui_tutorial.py for tasks to queue
[2024-11-11T02:44:33.968+0000] {logging_mixin.py:190} INFO - [2024-11-11T02:44:33.968+0000] {dagbag.py:588} INFO - Filling up the DagBag from /home/airflow/.local/lib/python3.12/site-packages/airflow/example_dags/example_params_ui_tutorial.py
[2024-11-11T02:44:33.973+0000] {processor.py:925} INFO - DAG(s) 'example_params_ui_tutorial' retrieved from /home/airflow/.local/lib/python3.12/site-packages/airflow/example_dags/example_params_ui_tutorial.py
[2024-11-11T02:44:33.991+0000] {logging_mixin.py:190} INFO - [2024-11-11T02:44:33.991+0000] {dag.py:3239} INFO - Sync 1 DAGs
[2024-11-11T02:44:33.998+0000] {logging_mixin.py:190} INFO - [2024-11-11T02:44:33.998+0000] {dag.py:4180} INFO - Setting next_dagrun for example_params_ui_tutorial to None, run_after=None
[2024-11-11T02:44:34.006+0000] {processor.py:208} INFO - Processing /home/airflow/.local/lib/python3.12/site-packages/airflow/example_dags/example_params_ui_tutorial.py took 0.044 seconds
[2024-11-11T02:45:04.550+0000] {processor.py:186} INFO - Started process (PID=2580) to work on /home/airflow/.local/lib/python3.12/site-packages/airflow/example_dags/example_params_ui_tutorial.py
[2024-11-11T02:45:04.550+0000] {processor.py:914} INFO - Processing file /home/airflow/.local/lib/python3.12/site-packages/airflow/example_dags/example_params_ui_tutorial.py for tasks to queue
[2024-11-11T02:45:04.552+0000] {logging_mixin.py:190} INFO - [2024-11-11T02:45:04.552+0000] {dagbag.py:588} INFO - Filling up the DagBag from /home/airflow/.local/lib/python3.12/site-packages/airflow/example_dags/example_params_ui_tutorial.py
[2024-11-11T02:45:04.557+0000] {processor.py:925} INFO - DAG(s) 'example_params_ui_tutorial' retrieved from /home/airflow/.local/lib/python3.12/site-packages/airflow/example_dags/example_params_ui_tutorial.py
[2024-11-11T02:45:04.577+0000] {logging_mixin.py:190} INFO - [2024-11-11T02:45:04.577+0000] {dag.py:3239} INFO - Sync 1 DAGs
[2024-11-11T02:45:04.585+0000] {logging_mixin.py:190} INFO - [2024-11-11T02:45:04.585+0000] {dag.py:4180} INFO - Setting next_dagrun for example_params_ui_tutorial to None, run_after=None
[2024-11-11T02:45:04.595+0000] {processor.py:208} INFO - Processing /home/airflow/.local/lib/python3.12/site-packages/airflow/example_dags/example_params_ui_tutorial.py took 0.048 seconds
[2024-11-11T02:45:35.182+0000] {processor.py:186} INFO - Started process (PID=2643) to work on /home/airflow/.local/lib/python3.12/site-packages/airflow/example_dags/example_params_ui_tutorial.py
[2024-11-11T02:45:35.183+0000] {processor.py:914} INFO - Processing file /home/airflow/.local/lib/python3.12/site-packages/airflow/example_dags/example_params_ui_tutorial.py for tasks to queue
[2024-11-11T02:45:35.185+0000] {logging_mixin.py:190} INFO - [2024-11-11T02:45:35.184+0000] {dagbag.py:588} INFO - Filling up the DagBag from /home/airflow/.local/lib/python3.12/site-packages/airflow/example_dags/example_params_ui_tutorial.py
[2024-11-11T02:45:35.190+0000] {processor.py:925} INFO - DAG(s) 'example_params_ui_tutorial' retrieved from /home/airflow/.local/lib/python3.12/site-packages/airflow/example_dags/example_params_ui_tutorial.py
[2024-11-11T02:45:35.208+0000] {logging_mixin.py:190} INFO - [2024-11-11T02:45:35.208+0000] {dag.py:3239} INFO - Sync 1 DAGs
[2024-11-11T02:45:35.215+0000] {logging_mixin.py:190} INFO - [2024-11-11T02:45:35.215+0000] {dag.py:4180} INFO - Setting next_dagrun for example_params_ui_tutorial to None, run_after=None
[2024-11-11T02:45:35.224+0000] {processor.py:208} INFO - Processing /home/airflow/.local/lib/python3.12/site-packages/airflow/example_dags/example_params_ui_tutorial.py took 0.045 seconds
[2024-11-11T02:46:05.820+0000] {processor.py:186} INFO - Started process (PID=2705) to work on /home/airflow/.local/lib/python3.12/site-packages/airflow/example_dags/example_params_ui_tutorial.py
[2024-11-11T02:46:05.821+0000] {processor.py:914} INFO - Processing file /home/airflow/.local/lib/python3.12/site-packages/airflow/example_dags/example_params_ui_tutorial.py for tasks to queue
[2024-11-11T02:46:05.822+0000] {logging_mixin.py:190} INFO - [2024-11-11T02:46:05.822+0000] {dagbag.py:588} INFO - Filling up the DagBag from /home/airflow/.local/lib/python3.12/site-packages/airflow/example_dags/example_params_ui_tutorial.py
[2024-11-11T02:46:05.827+0000] {processor.py:925} INFO - DAG(s) 'example_params_ui_tutorial' retrieved from /home/airflow/.local/lib/python3.12/site-packages/airflow/example_dags/example_params_ui_tutorial.py
[2024-11-11T02:46:05.846+0000] {logging_mixin.py:190} INFO - [2024-11-11T02:46:05.846+0000] {dag.py:3239} INFO - Sync 1 DAGs
[2024-11-11T02:46:05.853+0000] {logging_mixin.py:190} INFO - [2024-11-11T02:46:05.853+0000] {dag.py:4180} INFO - Setting next_dagrun for example_params_ui_tutorial to None, run_after=None
[2024-11-11T02:46:05.862+0000] {processor.py:208} INFO - Processing /home/airflow/.local/lib/python3.12/site-packages/airflow/example_dags/example_params_ui_tutorial.py took 0.045 seconds
[2024-11-11T02:46:36.472+0000] {processor.py:186} INFO - Started process (PID=2767) to work on /home/airflow/.local/lib/python3.12/site-packages/airflow/example_dags/example_params_ui_tutorial.py
[2024-11-11T02:46:36.473+0000] {processor.py:914} INFO - Processing file /home/airflow/.local/lib/python3.12/site-packages/airflow/example_dags/example_params_ui_tutorial.py for tasks to queue
[2024-11-11T02:46:36.474+0000] {logging_mixin.py:190} INFO - [2024-11-11T02:46:36.474+0000] {dagbag.py:588} INFO - Filling up the DagBag from /home/airflow/.local/lib/python3.12/site-packages/airflow/example_dags/example_params_ui_tutorial.py
[2024-11-11T02:46:36.479+0000] {processor.py:925} INFO - DAG(s) 'example_params_ui_tutorial' retrieved from /home/airflow/.local/lib/python3.12/site-packages/airflow/example_dags/example_params_ui_tutorial.py
[2024-11-11T02:46:36.498+0000] {logging_mixin.py:190} INFO - [2024-11-11T02:46:36.498+0000] {dag.py:3239} INFO - Sync 1 DAGs
[2024-11-11T02:46:36.506+0000] {logging_mixin.py:190} INFO - [2024-11-11T02:46:36.506+0000] {dag.py:4180} INFO - Setting next_dagrun for example_params_ui_tutorial to None, run_after=None
[2024-11-11T02:46:36.514+0000] {processor.py:208} INFO - Processing /home/airflow/.local/lib/python3.12/site-packages/airflow/example_dags/example_params_ui_tutorial.py took 0.046 seconds
[2024-11-11T02:47:07.132+0000] {processor.py:186} INFO - Started process (PID=2830) to work on /home/airflow/.local/lib/python3.12/site-packages/airflow/example_dags/example_params_ui_tutorial.py
[2024-11-11T02:47:07.132+0000] {processor.py:914} INFO - Processing file /home/airflow/.local/lib/python3.12/site-packages/airflow/example_dags/example_params_ui_tutorial.py for tasks to queue
[2024-11-11T02:47:07.134+0000] {logging_mixin.py:190} INFO - [2024-11-11T02:47:07.134+0000] {dagbag.py:588} INFO - Filling up the DagBag from /home/airflow/.local/lib/python3.12/site-packages/airflow/example_dags/example_params_ui_tutorial.py
[2024-11-11T02:47:07.139+0000] {processor.py:925} INFO - DAG(s) 'example_params_ui_tutorial' retrieved from /home/airflow/.local/lib/python3.12/site-packages/airflow/example_dags/example_params_ui_tutorial.py
[2024-11-11T02:47:07.159+0000] {logging_mixin.py:190} INFO - [2024-11-11T02:47:07.159+0000] {dag.py:3239} INFO - Sync 1 DAGs
[2024-11-11T02:47:07.166+0000] {logging_mixin.py:190} INFO - [2024-11-11T02:47:07.166+0000] {dag.py:4180} INFO - Setting next_dagrun for example_params_ui_tutorial to None, run_after=None
[2024-11-11T02:47:07.174+0000] {processor.py:208} INFO - Processing /home/airflow/.local/lib/python3.12/site-packages/airflow/example_dags/example_params_ui_tutorial.py took 0.046 seconds
[2024-11-11T02:47:37.747+0000] {processor.py:186} INFO - Started process (PID=2894) to work on /home/airflow/.local/lib/python3.12/site-packages/airflow/example_dags/example_params_ui_tutorial.py
[2024-11-11T02:47:37.748+0000] {processor.py:914} INFO - Processing file /home/airflow/.local/lib/python3.12/site-packages/airflow/example_dags/example_params_ui_tutorial.py for tasks to queue
[2024-11-11T02:47:37.749+0000] {logging_mixin.py:190} INFO - [2024-11-11T02:47:37.749+0000] {dagbag.py:588} INFO - Filling up the DagBag from /home/airflow/.local/lib/python3.12/site-packages/airflow/example_dags/example_params_ui_tutorial.py
[2024-11-11T02:47:37.754+0000] {processor.py:925} INFO - DAG(s) 'example_params_ui_tutorial' retrieved from /home/airflow/.local/lib/python3.12/site-packages/airflow/example_dags/example_params_ui_tutorial.py
[2024-11-11T02:47:37.773+0000] {logging_mixin.py:190} INFO - [2024-11-11T02:47:37.773+0000] {dag.py:3239} INFO - Sync 1 DAGs
[2024-11-11T02:47:37.781+0000] {logging_mixin.py:190} INFO - [2024-11-11T02:47:37.780+0000] {dag.py:4180} INFO - Setting next_dagrun for example_params_ui_tutorial to None, run_after=None
[2024-11-11T02:47:37.790+0000] {processor.py:208} INFO - Processing /home/airflow/.local/lib/python3.12/site-packages/airflow/example_dags/example_params_ui_tutorial.py took 0.046 seconds
[2024-11-11T02:48:08.356+0000] {processor.py:186} INFO - Started process (PID=2957) to work on /home/airflow/.local/lib/python3.12/site-packages/airflow/example_dags/example_params_ui_tutorial.py
[2024-11-11T02:48:08.357+0000] {processor.py:914} INFO - Processing file /home/airflow/.local/lib/python3.12/site-packages/airflow/example_dags/example_params_ui_tutorial.py for tasks to queue
[2024-11-11T02:48:08.358+0000] {logging_mixin.py:190} INFO - [2024-11-11T02:48:08.358+0000] {dagbag.py:588} INFO - Filling up the DagBag from /home/airflow/.local/lib/python3.12/site-packages/airflow/example_dags/example_params_ui_tutorial.py
[2024-11-11T02:48:08.363+0000] {processor.py:925} INFO - DAG(s) 'example_params_ui_tutorial' retrieved from /home/airflow/.local/lib/python3.12/site-packages/airflow/example_dags/example_params_ui_tutorial.py
[2024-11-11T02:48:08.382+0000] {logging_mixin.py:190} INFO - [2024-11-11T02:48:08.382+0000] {dag.py:3239} INFO - Sync 1 DAGs
[2024-11-11T02:48:08.389+0000] {logging_mixin.py:190} INFO - [2024-11-11T02:48:08.389+0000] {dag.py:4180} INFO - Setting next_dagrun for example_params_ui_tutorial to None, run_after=None
[2024-11-11T02:48:08.398+0000] {processor.py:208} INFO - Processing /home/airflow/.local/lib/python3.12/site-packages/airflow/example_dags/example_params_ui_tutorial.py took 0.046 seconds
[2024-11-11T02:48:38.978+0000] {processor.py:186} INFO - Started process (PID=3020) to work on /home/airflow/.local/lib/python3.12/site-packages/airflow/example_dags/example_params_ui_tutorial.py
[2024-11-11T02:48:38.979+0000] {processor.py:914} INFO - Processing file /home/airflow/.local/lib/python3.12/site-packages/airflow/example_dags/example_params_ui_tutorial.py for tasks to queue
[2024-11-11T02:48:38.980+0000] {logging_mixin.py:190} INFO - [2024-11-11T02:48:38.980+0000] {dagbag.py:588} INFO - Filling up the DagBag from /home/airflow/.local/lib/python3.12/site-packages/airflow/example_dags/example_params_ui_tutorial.py
[2024-11-11T02:48:38.986+0000] {processor.py:925} INFO - DAG(s) 'example_params_ui_tutorial' retrieved from /home/airflow/.local/lib/python3.12/site-packages/airflow/example_dags/example_params_ui_tutorial.py
[2024-11-11T02:48:39.006+0000] {logging_mixin.py:190} INFO - [2024-11-11T02:48:39.006+0000] {dag.py:3239} INFO - Sync 1 DAGs
[2024-11-11T02:48:39.014+0000] {logging_mixin.py:190} INFO - [2024-11-11T02:48:39.014+0000] {dag.py:4180} INFO - Setting next_dagrun for example_params_ui_tutorial to None, run_after=None
[2024-11-11T02:48:39.025+0000] {processor.py:208} INFO - Processing /home/airflow/.local/lib/python3.12/site-packages/airflow/example_dags/example_params_ui_tutorial.py took 0.051 seconds
[2024-11-11T02:49:09.546+0000] {processor.py:186} INFO - Started process (PID=3083) to work on /home/airflow/.local/lib/python3.12/site-packages/airflow/example_dags/example_params_ui_tutorial.py
[2024-11-11T02:49:09.547+0000] {processor.py:914} INFO - Processing file /home/airflow/.local/lib/python3.12/site-packages/airflow/example_dags/example_params_ui_tutorial.py for tasks to queue
[2024-11-11T02:49:09.548+0000] {logging_mixin.py:190} INFO - [2024-11-11T02:49:09.548+0000] {dagbag.py:588} INFO - Filling up the DagBag from /home/airflow/.local/lib/python3.12/site-packages/airflow/example_dags/example_params_ui_tutorial.py
[2024-11-11T02:49:09.554+0000] {processor.py:925} INFO - DAG(s) 'example_params_ui_tutorial' retrieved from /home/airflow/.local/lib/python3.12/site-packages/airflow/example_dags/example_params_ui_tutorial.py
[2024-11-11T02:49:09.574+0000] {logging_mixin.py:190} INFO - [2024-11-11T02:49:09.574+0000] {dag.py:3239} INFO - Sync 1 DAGs
[2024-11-11T02:49:09.582+0000] {logging_mixin.py:190} INFO - [2024-11-11T02:49:09.582+0000] {dag.py:4180} INFO - Setting next_dagrun for example_params_ui_tutorial to None, run_after=None
[2024-11-11T02:49:09.592+0000] {processor.py:208} INFO - Processing /home/airflow/.local/lib/python3.12/site-packages/airflow/example_dags/example_params_ui_tutorial.py took 0.050 seconds
[2024-11-11T02:49:40.350+0000] {processor.py:186} INFO - Started process (PID=3146) to work on /home/airflow/.local/lib/python3.12/site-packages/airflow/example_dags/example_params_ui_tutorial.py
[2024-11-11T02:49:40.351+0000] {processor.py:914} INFO - Processing file /home/airflow/.local/lib/python3.12/site-packages/airflow/example_dags/example_params_ui_tutorial.py for tasks to queue
[2024-11-11T02:49:40.353+0000] {logging_mixin.py:190} INFO - [2024-11-11T02:49:40.352+0000] {dagbag.py:588} INFO - Filling up the DagBag from /home/airflow/.local/lib/python3.12/site-packages/airflow/example_dags/example_params_ui_tutorial.py
[2024-11-11T02:49:40.358+0000] {processor.py:925} INFO - DAG(s) 'example_params_ui_tutorial' retrieved from /home/airflow/.local/lib/python3.12/site-packages/airflow/example_dags/example_params_ui_tutorial.py
[2024-11-11T02:49:40.378+0000] {logging_mixin.py:190} INFO - [2024-11-11T02:49:40.378+0000] {dag.py:3239} INFO - Sync 1 DAGs
[2024-11-11T02:49:40.386+0000] {logging_mixin.py:190} INFO - [2024-11-11T02:49:40.386+0000] {dag.py:4180} INFO - Setting next_dagrun for example_params_ui_tutorial to None, run_after=None
[2024-11-11T02:49:40.395+0000] {processor.py:208} INFO - Processing /home/airflow/.local/lib/python3.12/site-packages/airflow/example_dags/example_params_ui_tutorial.py took 0.048 seconds
[2024-11-11T02:50:10.971+0000] {processor.py:186} INFO - Started process (PID=3209) to work on /home/airflow/.local/lib/python3.12/site-packages/airflow/example_dags/example_params_ui_tutorial.py
[2024-11-11T02:50:10.972+0000] {processor.py:914} INFO - Processing file /home/airflow/.local/lib/python3.12/site-packages/airflow/example_dags/example_params_ui_tutorial.py for tasks to queue
[2024-11-11T02:50:10.973+0000] {logging_mixin.py:190} INFO - [2024-11-11T02:50:10.973+0000] {dagbag.py:588} INFO - Filling up the DagBag from /home/airflow/.local/lib/python3.12/site-packages/airflow/example_dags/example_params_ui_tutorial.py
[2024-11-11T02:50:10.978+0000] {processor.py:925} INFO - DAG(s) 'example_params_ui_tutorial' retrieved from /home/airflow/.local/lib/python3.12/site-packages/airflow/example_dags/example_params_ui_tutorial.py
[2024-11-11T02:50:10.999+0000] {logging_mixin.py:190} INFO - [2024-11-11T02:50:10.999+0000] {dag.py:3239} INFO - Sync 1 DAGs
[2024-11-11T02:50:11.006+0000] {logging_mixin.py:190} INFO - [2024-11-11T02:50:11.006+0000] {dag.py:4180} INFO - Setting next_dagrun for example_params_ui_tutorial to None, run_after=None
[2024-11-11T02:50:11.016+0000] {processor.py:208} INFO - Processing /home/airflow/.local/lib/python3.12/site-packages/airflow/example_dags/example_params_ui_tutorial.py took 0.048 seconds
[2024-11-11T02:50:41.825+0000] {processor.py:186} INFO - Started process (PID=3271) to work on /home/airflow/.local/lib/python3.12/site-packages/airflow/example_dags/example_params_ui_tutorial.py
[2024-11-11T02:50:41.826+0000] {processor.py:914} INFO - Processing file /home/airflow/.local/lib/python3.12/site-packages/airflow/example_dags/example_params_ui_tutorial.py for tasks to queue
[2024-11-11T02:50:41.827+0000] {logging_mixin.py:190} INFO - [2024-11-11T02:50:41.827+0000] {dagbag.py:588} INFO - Filling up the DagBag from /home/airflow/.local/lib/python3.12/site-packages/airflow/example_dags/example_params_ui_tutorial.py
[2024-11-11T02:50:41.832+0000] {processor.py:925} INFO - DAG(s) 'example_params_ui_tutorial' retrieved from /home/airflow/.local/lib/python3.12/site-packages/airflow/example_dags/example_params_ui_tutorial.py
[2024-11-11T02:50:41.852+0000] {logging_mixin.py:190} INFO - [2024-11-11T02:50:41.852+0000] {dag.py:3239} INFO - Sync 1 DAGs
[2024-11-11T02:50:41.859+0000] {logging_mixin.py:190} INFO - [2024-11-11T02:50:41.859+0000] {dag.py:4180} INFO - Setting next_dagrun for example_params_ui_tutorial to None, run_after=None
[2024-11-11T02:50:41.868+0000] {processor.py:208} INFO - Processing /home/airflow/.local/lib/python3.12/site-packages/airflow/example_dags/example_params_ui_tutorial.py took 0.046 seconds
[2024-11-11T02:51:12.579+0000] {processor.py:186} INFO - Started process (PID=3334) to work on /home/airflow/.local/lib/python3.12/site-packages/airflow/example_dags/example_params_ui_tutorial.py
[2024-11-11T02:51:12.580+0000] {processor.py:914} INFO - Processing file /home/airflow/.local/lib/python3.12/site-packages/airflow/example_dags/example_params_ui_tutorial.py for tasks to queue
[2024-11-11T02:51:12.581+0000] {logging_mixin.py:190} INFO - [2024-11-11T02:51:12.581+0000] {dagbag.py:588} INFO - Filling up the DagBag from /home/airflow/.local/lib/python3.12/site-packages/airflow/example_dags/example_params_ui_tutorial.py
[2024-11-11T02:51:12.586+0000] {processor.py:925} INFO - DAG(s) 'example_params_ui_tutorial' retrieved from /home/airflow/.local/lib/python3.12/site-packages/airflow/example_dags/example_params_ui_tutorial.py
[2024-11-11T02:51:12.606+0000] {logging_mixin.py:190} INFO - [2024-11-11T02:51:12.605+0000] {dag.py:3239} INFO - Sync 1 DAGs
[2024-11-11T02:51:12.613+0000] {logging_mixin.py:190} INFO - [2024-11-11T02:51:12.613+0000] {dag.py:4180} INFO - Setting next_dagrun for example_params_ui_tutorial to None, run_after=None
[2024-11-11T02:51:12.621+0000] {processor.py:208} INFO - Processing /home/airflow/.local/lib/python3.12/site-packages/airflow/example_dags/example_params_ui_tutorial.py took 0.046 seconds
[2024-11-11T02:51:43.796+0000] {processor.py:186} INFO - Started process (PID=3397) to work on /home/airflow/.local/lib/python3.12/site-packages/airflow/example_dags/example_params_ui_tutorial.py
[2024-11-11T02:51:43.797+0000] {processor.py:914} INFO - Processing file /home/airflow/.local/lib/python3.12/site-packages/airflow/example_dags/example_params_ui_tutorial.py for tasks to queue
[2024-11-11T02:51:43.798+0000] {logging_mixin.py:190} INFO - [2024-11-11T02:51:43.798+0000] {dagbag.py:588} INFO - Filling up the DagBag from /home/airflow/.local/lib/python3.12/site-packages/airflow/example_dags/example_params_ui_tutorial.py
[2024-11-11T02:51:43.804+0000] {processor.py:925} INFO - DAG(s) 'example_params_ui_tutorial' retrieved from /home/airflow/.local/lib/python3.12/site-packages/airflow/example_dags/example_params_ui_tutorial.py
[2024-11-11T02:51:43.823+0000] {logging_mixin.py:190} INFO - [2024-11-11T02:51:43.823+0000] {dag.py:3239} INFO - Sync 1 DAGs
[2024-11-11T02:51:43.830+0000] {logging_mixin.py:190} INFO - [2024-11-11T02:51:43.830+0000] {dag.py:4180} INFO - Setting next_dagrun for example_params_ui_tutorial to None, run_after=None
[2024-11-11T02:51:43.838+0000] {processor.py:208} INFO - Processing /home/airflow/.local/lib/python3.12/site-packages/airflow/example_dags/example_params_ui_tutorial.py took 0.045 seconds
[2024-11-11T02:52:14.814+0000] {processor.py:186} INFO - Started process (PID=3461) to work on /home/airflow/.local/lib/python3.12/site-packages/airflow/example_dags/example_params_ui_tutorial.py
[2024-11-11T02:52:14.815+0000] {processor.py:914} INFO - Processing file /home/airflow/.local/lib/python3.12/site-packages/airflow/example_dags/example_params_ui_tutorial.py for tasks to queue
[2024-11-11T02:52:14.817+0000] {logging_mixin.py:190} INFO - [2024-11-11T02:52:14.816+0000] {dagbag.py:588} INFO - Filling up the DagBag from /home/airflow/.local/lib/python3.12/site-packages/airflow/example_dags/example_params_ui_tutorial.py
[2024-11-11T02:52:14.822+0000] {processor.py:925} INFO - DAG(s) 'example_params_ui_tutorial' retrieved from /home/airflow/.local/lib/python3.12/site-packages/airflow/example_dags/example_params_ui_tutorial.py
[2024-11-11T02:52:14.840+0000] {logging_mixin.py:190} INFO - [2024-11-11T02:52:14.840+0000] {dag.py:3239} INFO - Sync 1 DAGs
[2024-11-11T02:52:14.948+0000] {logging_mixin.py:190} INFO - [2024-11-11T02:52:14.948+0000] {dag.py:4180} INFO - Setting next_dagrun for example_params_ui_tutorial to None, run_after=None
[2024-11-11T02:52:14.956+0000] {processor.py:208} INFO - Processing /home/airflow/.local/lib/python3.12/site-packages/airflow/example_dags/example_params_ui_tutorial.py took 0.145 seconds
[2024-11-11T02:52:45.602+0000] {processor.py:186} INFO - Started process (PID=3524) to work on /home/airflow/.local/lib/python3.12/site-packages/airflow/example_dags/example_params_ui_tutorial.py
[2024-11-11T02:52:45.603+0000] {processor.py:914} INFO - Processing file /home/airflow/.local/lib/python3.12/site-packages/airflow/example_dags/example_params_ui_tutorial.py for tasks to queue
[2024-11-11T02:52:45.604+0000] {logging_mixin.py:190} INFO - [2024-11-11T02:52:45.604+0000] {dagbag.py:588} INFO - Filling up the DagBag from /home/airflow/.local/lib/python3.12/site-packages/airflow/example_dags/example_params_ui_tutorial.py
[2024-11-11T02:52:45.609+0000] {processor.py:925} INFO - DAG(s) 'example_params_ui_tutorial' retrieved from /home/airflow/.local/lib/python3.12/site-packages/airflow/example_dags/example_params_ui_tutorial.py
[2024-11-11T02:52:45.629+0000] {logging_mixin.py:190} INFO - [2024-11-11T02:52:45.628+0000] {dag.py:3239} INFO - Sync 1 DAGs
[2024-11-11T02:52:45.636+0000] {logging_mixin.py:190} INFO - [2024-11-11T02:52:45.636+0000] {dag.py:4180} INFO - Setting next_dagrun for example_params_ui_tutorial to None, run_after=None
[2024-11-11T02:52:45.644+0000] {processor.py:208} INFO - Processing /home/airflow/.local/lib/python3.12/site-packages/airflow/example_dags/example_params_ui_tutorial.py took 0.046 seconds
[2024-11-11T02:53:16.067+0000] {processor.py:186} INFO - Started process (PID=3587) to work on /home/airflow/.local/lib/python3.12/site-packages/airflow/example_dags/example_params_ui_tutorial.py
[2024-11-11T02:53:16.068+0000] {processor.py:914} INFO - Processing file /home/airflow/.local/lib/python3.12/site-packages/airflow/example_dags/example_params_ui_tutorial.py for tasks to queue
[2024-11-11T02:53:16.069+0000] {logging_mixin.py:190} INFO - [2024-11-11T02:53:16.069+0000] {dagbag.py:588} INFO - Filling up the DagBag from /home/airflow/.local/lib/python3.12/site-packages/airflow/example_dags/example_params_ui_tutorial.py
[2024-11-11T02:53:16.075+0000] {processor.py:925} INFO - DAG(s) 'example_params_ui_tutorial' retrieved from /home/airflow/.local/lib/python3.12/site-packages/airflow/example_dags/example_params_ui_tutorial.py
[2024-11-11T02:53:16.094+0000] {logging_mixin.py:190} INFO - [2024-11-11T02:53:16.093+0000] {dag.py:3239} INFO - Sync 1 DAGs
[2024-11-11T02:53:16.101+0000] {logging_mixin.py:190} INFO - [2024-11-11T02:53:16.100+0000] {dag.py:4180} INFO - Setting next_dagrun for example_params_ui_tutorial to None, run_after=None
[2024-11-11T02:53:16.109+0000] {processor.py:208} INFO - Processing /home/airflow/.local/lib/python3.12/site-packages/airflow/example_dags/example_params_ui_tutorial.py took 0.045 seconds
[2024-11-11T02:53:47.381+0000] {processor.py:186} INFO - Started process (PID=3650) to work on /home/airflow/.local/lib/python3.12/site-packages/airflow/example_dags/example_params_ui_tutorial.py
[2024-11-11T02:53:47.382+0000] {processor.py:914} INFO - Processing file /home/airflow/.local/lib/python3.12/site-packages/airflow/example_dags/example_params_ui_tutorial.py for tasks to queue
[2024-11-11T02:53:47.383+0000] {logging_mixin.py:190} INFO - [2024-11-11T02:53:47.383+0000] {dagbag.py:588} INFO - Filling up the DagBag from /home/airflow/.local/lib/python3.12/site-packages/airflow/example_dags/example_params_ui_tutorial.py
[2024-11-11T02:53:47.499+0000] {processor.py:925} INFO - DAG(s) 'example_params_ui_tutorial' retrieved from /home/airflow/.local/lib/python3.12/site-packages/airflow/example_dags/example_params_ui_tutorial.py
[2024-11-11T02:53:47.517+0000] {logging_mixin.py:190} INFO - [2024-11-11T02:53:47.516+0000] {dag.py:3239} INFO - Sync 1 DAGs
[2024-11-11T02:53:47.523+0000] {logging_mixin.py:190} INFO - [2024-11-11T02:53:47.523+0000] {dag.py:4180} INFO - Setting next_dagrun for example_params_ui_tutorial to None, run_after=None
[2024-11-11T02:53:47.532+0000] {processor.py:208} INFO - Processing /home/airflow/.local/lib/python3.12/site-packages/airflow/example_dags/example_params_ui_tutorial.py took 0.154 seconds
[2024-11-11T02:54:18.367+0000] {processor.py:186} INFO - Started process (PID=3713) to work on /home/airflow/.local/lib/python3.12/site-packages/airflow/example_dags/example_params_ui_tutorial.py
[2024-11-11T02:54:18.367+0000] {processor.py:914} INFO - Processing file /home/airflow/.local/lib/python3.12/site-packages/airflow/example_dags/example_params_ui_tutorial.py for tasks to queue
[2024-11-11T02:54:18.369+0000] {logging_mixin.py:190} INFO - [2024-11-11T02:54:18.369+0000] {dagbag.py:588} INFO - Filling up the DagBag from /home/airflow/.local/lib/python3.12/site-packages/airflow/example_dags/example_params_ui_tutorial.py
[2024-11-11T02:54:18.375+0000] {processor.py:925} INFO - DAG(s) 'example_params_ui_tutorial' retrieved from /home/airflow/.local/lib/python3.12/site-packages/airflow/example_dags/example_params_ui_tutorial.py
[2024-11-11T02:54:18.395+0000] {logging_mixin.py:190} INFO - [2024-11-11T02:54:18.395+0000] {dag.py:3239} INFO - Sync 1 DAGs
[2024-11-11T02:54:18.402+0000] {logging_mixin.py:190} INFO - [2024-11-11T02:54:18.402+0000] {dag.py:4180} INFO - Setting next_dagrun for example_params_ui_tutorial to None, run_after=None
[2024-11-11T02:54:18.410+0000] {processor.py:208} INFO - Processing /home/airflow/.local/lib/python3.12/site-packages/airflow/example_dags/example_params_ui_tutorial.py took 0.047 seconds
[2024-11-11T02:54:48.874+0000] {processor.py:186} INFO - Started process (PID=3776) to work on /home/airflow/.local/lib/python3.12/site-packages/airflow/example_dags/example_params_ui_tutorial.py
[2024-11-11T02:54:48.875+0000] {processor.py:914} INFO - Processing file /home/airflow/.local/lib/python3.12/site-packages/airflow/example_dags/example_params_ui_tutorial.py for tasks to queue
[2024-11-11T02:54:48.876+0000] {logging_mixin.py:190} INFO - [2024-11-11T02:54:48.876+0000] {dagbag.py:588} INFO - Filling up the DagBag from /home/airflow/.local/lib/python3.12/site-packages/airflow/example_dags/example_params_ui_tutorial.py
[2024-11-11T02:54:48.882+0000] {processor.py:925} INFO - DAG(s) 'example_params_ui_tutorial' retrieved from /home/airflow/.local/lib/python3.12/site-packages/airflow/example_dags/example_params_ui_tutorial.py
[2024-11-11T02:54:48.903+0000] {logging_mixin.py:190} INFO - [2024-11-11T02:54:48.902+0000] {dag.py:3239} INFO - Sync 1 DAGs
[2024-11-11T02:54:48.910+0000] {logging_mixin.py:190} INFO - [2024-11-11T02:54:48.910+0000] {dag.py:4180} INFO - Setting next_dagrun for example_params_ui_tutorial to None, run_after=None
[2024-11-11T02:54:48.918+0000] {processor.py:208} INFO - Processing /home/airflow/.local/lib/python3.12/site-packages/airflow/example_dags/example_params_ui_tutorial.py took 0.047 seconds
[2024-11-11T02:55:19.296+0000] {processor.py:186} INFO - Started process (PID=3839) to work on /home/airflow/.local/lib/python3.12/site-packages/airflow/example_dags/example_params_ui_tutorial.py
[2024-11-11T02:55:19.297+0000] {processor.py:914} INFO - Processing file /home/airflow/.local/lib/python3.12/site-packages/airflow/example_dags/example_params_ui_tutorial.py for tasks to queue
[2024-11-11T02:55:19.299+0000] {logging_mixin.py:190} INFO - [2024-11-11T02:55:19.298+0000] {dagbag.py:588} INFO - Filling up the DagBag from /home/airflow/.local/lib/python3.12/site-packages/airflow/example_dags/example_params_ui_tutorial.py
[2024-11-11T02:55:19.304+0000] {processor.py:925} INFO - DAG(s) 'example_params_ui_tutorial' retrieved from /home/airflow/.local/lib/python3.12/site-packages/airflow/example_dags/example_params_ui_tutorial.py
[2024-11-11T02:55:19.323+0000] {logging_mixin.py:190} INFO - [2024-11-11T02:55:19.323+0000] {dag.py:3239} INFO - Sync 1 DAGs
[2024-11-11T02:55:19.329+0000] {logging_mixin.py:190} INFO - [2024-11-11T02:55:19.329+0000] {dag.py:4180} INFO - Setting next_dagrun for example_params_ui_tutorial to None, run_after=None
[2024-11-11T02:55:19.337+0000] {processor.py:208} INFO - Processing /home/airflow/.local/lib/python3.12/site-packages/airflow/example_dags/example_params_ui_tutorial.py took 0.045 seconds
[2024-11-11T02:55:49.780+0000] {processor.py:186} INFO - Started process (PID=3902) to work on /home/airflow/.local/lib/python3.12/site-packages/airflow/example_dags/example_params_ui_tutorial.py
[2024-11-11T02:55:49.781+0000] {processor.py:914} INFO - Processing file /home/airflow/.local/lib/python3.12/site-packages/airflow/example_dags/example_params_ui_tutorial.py for tasks to queue
[2024-11-11T02:55:49.782+0000] {logging_mixin.py:190} INFO - [2024-11-11T02:55:49.782+0000] {dagbag.py:588} INFO - Filling up the DagBag from /home/airflow/.local/lib/python3.12/site-packages/airflow/example_dags/example_params_ui_tutorial.py
[2024-11-11T02:55:49.788+0000] {processor.py:925} INFO - DAG(s) 'example_params_ui_tutorial' retrieved from /home/airflow/.local/lib/python3.12/site-packages/airflow/example_dags/example_params_ui_tutorial.py
[2024-11-11T02:55:49.807+0000] {logging_mixin.py:190} INFO - [2024-11-11T02:55:49.806+0000] {dag.py:3239} INFO - Sync 1 DAGs
[2024-11-11T02:55:49.813+0000] {logging_mixin.py:190} INFO - [2024-11-11T02:55:49.813+0000] {dag.py:4180} INFO - Setting next_dagrun for example_params_ui_tutorial to None, run_after=None
[2024-11-11T02:55:49.821+0000] {processor.py:208} INFO - Processing /home/airflow/.local/lib/python3.12/site-packages/airflow/example_dags/example_params_ui_tutorial.py took 0.044 seconds
[2024-11-11T02:56:20.356+0000] {processor.py:186} INFO - Started process (PID=3965) to work on /home/airflow/.local/lib/python3.12/site-packages/airflow/example_dags/example_params_ui_tutorial.py
[2024-11-11T02:56:20.356+0000] {processor.py:914} INFO - Processing file /home/airflow/.local/lib/python3.12/site-packages/airflow/example_dags/example_params_ui_tutorial.py for tasks to queue
[2024-11-11T02:56:20.358+0000] {logging_mixin.py:190} INFO - [2024-11-11T02:56:20.358+0000] {dagbag.py:588} INFO - Filling up the DagBag from /home/airflow/.local/lib/python3.12/site-packages/airflow/example_dags/example_params_ui_tutorial.py
[2024-11-11T02:56:20.363+0000] {processor.py:925} INFO - DAG(s) 'example_params_ui_tutorial' retrieved from /home/airflow/.local/lib/python3.12/site-packages/airflow/example_dags/example_params_ui_tutorial.py
[2024-11-11T02:56:20.383+0000] {logging_mixin.py:190} INFO - [2024-11-11T02:56:20.382+0000] {dag.py:3239} INFO - Sync 1 DAGs
[2024-11-11T02:56:20.389+0000] {logging_mixin.py:190} INFO - [2024-11-11T02:56:20.389+0000] {dag.py:4180} INFO - Setting next_dagrun for example_params_ui_tutorial to None, run_after=None
[2024-11-11T02:56:20.397+0000] {processor.py:208} INFO - Processing /home/airflow/.local/lib/python3.12/site-packages/airflow/example_dags/example_params_ui_tutorial.py took 0.045 seconds
[2024-11-11T02:56:50.882+0000] {processor.py:186} INFO - Started process (PID=4028) to work on /home/airflow/.local/lib/python3.12/site-packages/airflow/example_dags/example_params_ui_tutorial.py
[2024-11-11T02:56:50.883+0000] {processor.py:914} INFO - Processing file /home/airflow/.local/lib/python3.12/site-packages/airflow/example_dags/example_params_ui_tutorial.py for tasks to queue
[2024-11-11T02:56:50.884+0000] {logging_mixin.py:190} INFO - [2024-11-11T02:56:50.884+0000] {dagbag.py:588} INFO - Filling up the DagBag from /home/airflow/.local/lib/python3.12/site-packages/airflow/example_dags/example_params_ui_tutorial.py
[2024-11-11T02:56:50.890+0000] {processor.py:925} INFO - DAG(s) 'example_params_ui_tutorial' retrieved from /home/airflow/.local/lib/python3.12/site-packages/airflow/example_dags/example_params_ui_tutorial.py
[2024-11-11T02:56:50.909+0000] {logging_mixin.py:190} INFO - [2024-11-11T02:56:50.909+0000] {dag.py:3239} INFO - Sync 1 DAGs
[2024-11-11T02:56:50.916+0000] {logging_mixin.py:190} INFO - [2024-11-11T02:56:50.916+0000] {dag.py:4180} INFO - Setting next_dagrun for example_params_ui_tutorial to None, run_after=None
[2024-11-11T02:56:50.924+0000] {processor.py:208} INFO - Processing /home/airflow/.local/lib/python3.12/site-packages/airflow/example_dags/example_params_ui_tutorial.py took 0.045 seconds
[2024-11-11T02:57:21.407+0000] {processor.py:186} INFO - Started process (PID=4091) to work on /home/airflow/.local/lib/python3.12/site-packages/airflow/example_dags/example_params_ui_tutorial.py
[2024-11-11T02:57:21.408+0000] {processor.py:914} INFO - Processing file /home/airflow/.local/lib/python3.12/site-packages/airflow/example_dags/example_params_ui_tutorial.py for tasks to queue
[2024-11-11T02:57:21.409+0000] {logging_mixin.py:190} INFO - [2024-11-11T02:57:21.409+0000] {dagbag.py:588} INFO - Filling up the DagBag from /home/airflow/.local/lib/python3.12/site-packages/airflow/example_dags/example_params_ui_tutorial.py
[2024-11-11T02:57:21.415+0000] {processor.py:925} INFO - DAG(s) 'example_params_ui_tutorial' retrieved from /home/airflow/.local/lib/python3.12/site-packages/airflow/example_dags/example_params_ui_tutorial.py
[2024-11-11T02:57:21.434+0000] {logging_mixin.py:190} INFO - [2024-11-11T02:57:21.434+0000] {dag.py:3239} INFO - Sync 1 DAGs
[2024-11-11T02:57:21.440+0000] {logging_mixin.py:190} INFO - [2024-11-11T02:57:21.440+0000] {dag.py:4180} INFO - Setting next_dagrun for example_params_ui_tutorial to None, run_after=None
[2024-11-11T02:57:21.449+0000] {processor.py:208} INFO - Processing /home/airflow/.local/lib/python3.12/site-packages/airflow/example_dags/example_params_ui_tutorial.py took 0.045 seconds
[2024-11-11T02:57:51.864+0000] {processor.py:186} INFO - Started process (PID=4154) to work on /home/airflow/.local/lib/python3.12/site-packages/airflow/example_dags/example_params_ui_tutorial.py
[2024-11-11T02:57:51.865+0000] {processor.py:914} INFO - Processing file /home/airflow/.local/lib/python3.12/site-packages/airflow/example_dags/example_params_ui_tutorial.py for tasks to queue
[2024-11-11T02:57:51.867+0000] {logging_mixin.py:190} INFO - [2024-11-11T02:57:51.867+0000] {dagbag.py:588} INFO - Filling up the DagBag from /home/airflow/.local/lib/python3.12/site-packages/airflow/example_dags/example_params_ui_tutorial.py
[2024-11-11T02:57:51.872+0000] {processor.py:925} INFO - DAG(s) 'example_params_ui_tutorial' retrieved from /home/airflow/.local/lib/python3.12/site-packages/airflow/example_dags/example_params_ui_tutorial.py
[2024-11-11T02:57:51.891+0000] {logging_mixin.py:190} INFO - [2024-11-11T02:57:51.891+0000] {dag.py:3239} INFO - Sync 1 DAGs
[2024-11-11T02:57:51.898+0000] {logging_mixin.py:190} INFO - [2024-11-11T02:57:51.898+0000] {dag.py:4180} INFO - Setting next_dagrun for example_params_ui_tutorial to None, run_after=None
[2024-11-11T02:57:51.906+0000] {processor.py:208} INFO - Processing /home/airflow/.local/lib/python3.12/site-packages/airflow/example_dags/example_params_ui_tutorial.py took 0.045 seconds
[2024-11-11T02:58:22.292+0000] {processor.py:186} INFO - Started process (PID=4217) to work on /home/airflow/.local/lib/python3.12/site-packages/airflow/example_dags/example_params_ui_tutorial.py
[2024-11-11T02:58:22.293+0000] {processor.py:914} INFO - Processing file /home/airflow/.local/lib/python3.12/site-packages/airflow/example_dags/example_params_ui_tutorial.py for tasks to queue
[2024-11-11T02:58:22.295+0000] {logging_mixin.py:190} INFO - [2024-11-11T02:58:22.295+0000] {dagbag.py:588} INFO - Filling up the DagBag from /home/airflow/.local/lib/python3.12/site-packages/airflow/example_dags/example_params_ui_tutorial.py
[2024-11-11T02:58:22.300+0000] {processor.py:925} INFO - DAG(s) 'example_params_ui_tutorial' retrieved from /home/airflow/.local/lib/python3.12/site-packages/airflow/example_dags/example_params_ui_tutorial.py
[2024-11-11T02:58:22.320+0000] {logging_mixin.py:190} INFO - [2024-11-11T02:58:22.320+0000] {dag.py:3239} INFO - Sync 1 DAGs
[2024-11-11T02:58:22.327+0000] {logging_mixin.py:190} INFO - [2024-11-11T02:58:22.326+0000] {dag.py:4180} INFO - Setting next_dagrun for example_params_ui_tutorial to None, run_after=None
[2024-11-11T02:58:22.335+0000] {processor.py:208} INFO - Processing /home/airflow/.local/lib/python3.12/site-packages/airflow/example_dags/example_params_ui_tutorial.py took 0.046 seconds
[2024-11-11T02:58:52.813+0000] {processor.py:186} INFO - Started process (PID=4280) to work on /home/airflow/.local/lib/python3.12/site-packages/airflow/example_dags/example_params_ui_tutorial.py
[2024-11-11T02:58:52.813+0000] {processor.py:914} INFO - Processing file /home/airflow/.local/lib/python3.12/site-packages/airflow/example_dags/example_params_ui_tutorial.py for tasks to queue
[2024-11-11T02:58:52.815+0000] {logging_mixin.py:190} INFO - [2024-11-11T02:58:52.815+0000] {dagbag.py:588} INFO - Filling up the DagBag from /home/airflow/.local/lib/python3.12/site-packages/airflow/example_dags/example_params_ui_tutorial.py
[2024-11-11T02:58:52.820+0000] {processor.py:925} INFO - DAG(s) 'example_params_ui_tutorial' retrieved from /home/airflow/.local/lib/python3.12/site-packages/airflow/example_dags/example_params_ui_tutorial.py
[2024-11-11T02:58:52.840+0000] {logging_mixin.py:190} INFO - [2024-11-11T02:58:52.840+0000] {dag.py:3239} INFO - Sync 1 DAGs
[2024-11-11T02:58:52.847+0000] {logging_mixin.py:190} INFO - [2024-11-11T02:58:52.847+0000] {dag.py:4180} INFO - Setting next_dagrun for example_params_ui_tutorial to None, run_after=None
[2024-11-11T02:58:52.855+0000] {processor.py:208} INFO - Processing /home/airflow/.local/lib/python3.12/site-packages/airflow/example_dags/example_params_ui_tutorial.py took 0.046 seconds
[2024-11-11T02:59:23.267+0000] {processor.py:186} INFO - Started process (PID=4343) to work on /home/airflow/.local/lib/python3.12/site-packages/airflow/example_dags/example_params_ui_tutorial.py
[2024-11-11T02:59:23.268+0000] {processor.py:914} INFO - Processing file /home/airflow/.local/lib/python3.12/site-packages/airflow/example_dags/example_params_ui_tutorial.py for tasks to queue
[2024-11-11T02:59:23.270+0000] {logging_mixin.py:190} INFO - [2024-11-11T02:59:23.269+0000] {dagbag.py:588} INFO - Filling up the DagBag from /home/airflow/.local/lib/python3.12/site-packages/airflow/example_dags/example_params_ui_tutorial.py
[2024-11-11T02:59:23.275+0000] {processor.py:925} INFO - DAG(s) 'example_params_ui_tutorial' retrieved from /home/airflow/.local/lib/python3.12/site-packages/airflow/example_dags/example_params_ui_tutorial.py
[2024-11-11T02:59:23.294+0000] {logging_mixin.py:190} INFO - [2024-11-11T02:59:23.294+0000] {dag.py:3239} INFO - Sync 1 DAGs
[2024-11-11T02:59:23.300+0000] {logging_mixin.py:190} INFO - [2024-11-11T02:59:23.300+0000] {dag.py:4180} INFO - Setting next_dagrun for example_params_ui_tutorial to None, run_after=None
[2024-11-11T02:59:23.309+0000] {processor.py:208} INFO - Processing /home/airflow/.local/lib/python3.12/site-packages/airflow/example_dags/example_params_ui_tutorial.py took 0.045 seconds
[2024-11-11T02:59:53.747+0000] {processor.py:186} INFO - Started process (PID=4406) to work on /home/airflow/.local/lib/python3.12/site-packages/airflow/example_dags/example_params_ui_tutorial.py
[2024-11-11T02:59:53.748+0000] {processor.py:914} INFO - Processing file /home/airflow/.local/lib/python3.12/site-packages/airflow/example_dags/example_params_ui_tutorial.py for tasks to queue
[2024-11-11T02:59:53.750+0000] {logging_mixin.py:190} INFO - [2024-11-11T02:59:53.749+0000] {dagbag.py:588} INFO - Filling up the DagBag from /home/airflow/.local/lib/python3.12/site-packages/airflow/example_dags/example_params_ui_tutorial.py
[2024-11-11T02:59:53.755+0000] {processor.py:925} INFO - DAG(s) 'example_params_ui_tutorial' retrieved from /home/airflow/.local/lib/python3.12/site-packages/airflow/example_dags/example_params_ui_tutorial.py
[2024-11-11T02:59:53.774+0000] {logging_mixin.py:190} INFO - [2024-11-11T02:59:53.774+0000] {dag.py:3239} INFO - Sync 1 DAGs
[2024-11-11T02:59:53.780+0000] {logging_mixin.py:190} INFO - [2024-11-11T02:59:53.780+0000] {dag.py:4180} INFO - Setting next_dagrun for example_params_ui_tutorial to None, run_after=None
[2024-11-11T02:59:53.788+0000] {processor.py:208} INFO - Processing /home/airflow/.local/lib/python3.12/site-packages/airflow/example_dags/example_params_ui_tutorial.py took 0.045 seconds
[2024-11-11T03:00:24.268+0000] {processor.py:186} INFO - Started process (PID=4469) to work on /home/airflow/.local/lib/python3.12/site-packages/airflow/example_dags/example_params_ui_tutorial.py
[2024-11-11T03:00:24.269+0000] {processor.py:914} INFO - Processing file /home/airflow/.local/lib/python3.12/site-packages/airflow/example_dags/example_params_ui_tutorial.py for tasks to queue
[2024-11-11T03:00:24.270+0000] {logging_mixin.py:190} INFO - [2024-11-11T03:00:24.270+0000] {dagbag.py:588} INFO - Filling up the DagBag from /home/airflow/.local/lib/python3.12/site-packages/airflow/example_dags/example_params_ui_tutorial.py
[2024-11-11T03:00:24.276+0000] {processor.py:925} INFO - DAG(s) 'example_params_ui_tutorial' retrieved from /home/airflow/.local/lib/python3.12/site-packages/airflow/example_dags/example_params_ui_tutorial.py
[2024-11-11T03:00:24.294+0000] {logging_mixin.py:190} INFO - [2024-11-11T03:00:24.294+0000] {dag.py:3239} INFO - Sync 1 DAGs
[2024-11-11T03:00:24.301+0000] {logging_mixin.py:190} INFO - [2024-11-11T03:00:24.301+0000] {dag.py:4180} INFO - Setting next_dagrun for example_params_ui_tutorial to None, run_after=None
[2024-11-11T03:00:24.309+0000] {processor.py:208} INFO - Processing /home/airflow/.local/lib/python3.12/site-packages/airflow/example_dags/example_params_ui_tutorial.py took 0.044 seconds
[2024-11-11T03:00:54.743+0000] {processor.py:186} INFO - Started process (PID=4532) to work on /home/airflow/.local/lib/python3.12/site-packages/airflow/example_dags/example_params_ui_tutorial.py
[2024-11-11T03:00:54.744+0000] {processor.py:914} INFO - Processing file /home/airflow/.local/lib/python3.12/site-packages/airflow/example_dags/example_params_ui_tutorial.py for tasks to queue
[2024-11-11T03:00:54.745+0000] {logging_mixin.py:190} INFO - [2024-11-11T03:00:54.745+0000] {dagbag.py:588} INFO - Filling up the DagBag from /home/airflow/.local/lib/python3.12/site-packages/airflow/example_dags/example_params_ui_tutorial.py
[2024-11-11T03:00:54.751+0000] {processor.py:925} INFO - DAG(s) 'example_params_ui_tutorial' retrieved from /home/airflow/.local/lib/python3.12/site-packages/airflow/example_dags/example_params_ui_tutorial.py
[2024-11-11T03:00:54.770+0000] {logging_mixin.py:190} INFO - [2024-11-11T03:00:54.770+0000] {dag.py:3239} INFO - Sync 1 DAGs
[2024-11-11T03:00:54.777+0000] {logging_mixin.py:190} INFO - [2024-11-11T03:00:54.776+0000] {dag.py:4180} INFO - Setting next_dagrun for example_params_ui_tutorial to None, run_after=None
[2024-11-11T03:00:54.785+0000] {processor.py:208} INFO - Processing /home/airflow/.local/lib/python3.12/site-packages/airflow/example_dags/example_params_ui_tutorial.py took 0.045 seconds
[2024-11-11T03:01:25.203+0000] {processor.py:186} INFO - Started process (PID=4595) to work on /home/airflow/.local/lib/python3.12/site-packages/airflow/example_dags/example_params_ui_tutorial.py
[2024-11-11T03:01:25.204+0000] {processor.py:914} INFO - Processing file /home/airflow/.local/lib/python3.12/site-packages/airflow/example_dags/example_params_ui_tutorial.py for tasks to queue
[2024-11-11T03:01:25.206+0000] {logging_mixin.py:190} INFO - [2024-11-11T03:01:25.206+0000] {dagbag.py:588} INFO - Filling up the DagBag from /home/airflow/.local/lib/python3.12/site-packages/airflow/example_dags/example_params_ui_tutorial.py
[2024-11-11T03:01:25.211+0000] {processor.py:925} INFO - DAG(s) 'example_params_ui_tutorial' retrieved from /home/airflow/.local/lib/python3.12/site-packages/airflow/example_dags/example_params_ui_tutorial.py
[2024-11-11T03:01:25.230+0000] {logging_mixin.py:190} INFO - [2024-11-11T03:01:25.230+0000] {dag.py:3239} INFO - Sync 1 DAGs
[2024-11-11T03:01:25.237+0000] {logging_mixin.py:190} INFO - [2024-11-11T03:01:25.237+0000] {dag.py:4180} INFO - Setting next_dagrun for example_params_ui_tutorial to None, run_after=None
[2024-11-11T03:01:25.245+0000] {processor.py:208} INFO - Processing /home/airflow/.local/lib/python3.12/site-packages/airflow/example_dags/example_params_ui_tutorial.py took 0.045 seconds
[2024-11-11T03:01:56.022+0000] {processor.py:186} INFO - Started process (PID=4658) to work on /home/airflow/.local/lib/python3.12/site-packages/airflow/example_dags/example_params_ui_tutorial.py
[2024-11-11T03:01:56.023+0000] {processor.py:914} INFO - Processing file /home/airflow/.local/lib/python3.12/site-packages/airflow/example_dags/example_params_ui_tutorial.py for tasks to queue
[2024-11-11T03:01:56.025+0000] {logging_mixin.py:190} INFO - [2024-11-11T03:01:56.025+0000] {dagbag.py:588} INFO - Filling up the DagBag from /home/airflow/.local/lib/python3.12/site-packages/airflow/example_dags/example_params_ui_tutorial.py
[2024-11-11T03:01:56.030+0000] {processor.py:925} INFO - DAG(s) 'example_params_ui_tutorial' retrieved from /home/airflow/.local/lib/python3.12/site-packages/airflow/example_dags/example_params_ui_tutorial.py
[2024-11-11T03:01:56.049+0000] {logging_mixin.py:190} INFO - [2024-11-11T03:01:56.049+0000] {dag.py:3239} INFO - Sync 1 DAGs
[2024-11-11T03:01:56.056+0000] {logging_mixin.py:190} INFO - [2024-11-11T03:01:56.056+0000] {dag.py:4180} INFO - Setting next_dagrun for example_params_ui_tutorial to None, run_after=None
[2024-11-11T03:01:56.064+0000] {processor.py:208} INFO - Processing /home/airflow/.local/lib/python3.12/site-packages/airflow/example_dags/example_params_ui_tutorial.py took 0.046 seconds
[2024-11-11T03:03:15.568+0000] {processor.py:186} INFO - Started process (PID=4721) to work on /home/airflow/.local/lib/python3.12/site-packages/airflow/example_dags/example_params_ui_tutorial.py
[2024-11-11T03:03:15.569+0000] {processor.py:914} INFO - Processing file /home/airflow/.local/lib/python3.12/site-packages/airflow/example_dags/example_params_ui_tutorial.py for tasks to queue
[2024-11-11T03:03:15.570+0000] {logging_mixin.py:190} INFO - [2024-11-11T03:03:15.570+0000] {dagbag.py:588} INFO - Filling up the DagBag from /home/airflow/.local/lib/python3.12/site-packages/airflow/example_dags/example_params_ui_tutorial.py
[2024-11-11T03:03:15.576+0000] {processor.py:925} INFO - DAG(s) 'example_params_ui_tutorial' retrieved from /home/airflow/.local/lib/python3.12/site-packages/airflow/example_dags/example_params_ui_tutorial.py
[2024-11-11T03:03:15.595+0000] {logging_mixin.py:190} INFO - [2024-11-11T03:03:15.595+0000] {dag.py:3239} INFO - Sync 1 DAGs
[2024-11-11T03:03:15.601+0000] {logging_mixin.py:190} INFO - [2024-11-11T03:03:15.601+0000] {dag.py:4180} INFO - Setting next_dagrun for example_params_ui_tutorial to None, run_after=None
[2024-11-11T03:03:15.609+0000] {processor.py:208} INFO - Processing /home/airflow/.local/lib/python3.12/site-packages/airflow/example_dags/example_params_ui_tutorial.py took 0.045 seconds
[2024-11-11T03:03:45.997+0000] {processor.py:186} INFO - Started process (PID=4784) to work on /home/airflow/.local/lib/python3.12/site-packages/airflow/example_dags/example_params_ui_tutorial.py
[2024-11-11T03:03:45.997+0000] {processor.py:914} INFO - Processing file /home/airflow/.local/lib/python3.12/site-packages/airflow/example_dags/example_params_ui_tutorial.py for tasks to queue
[2024-11-11T03:03:45.999+0000] {logging_mixin.py:190} INFO - [2024-11-11T03:03:45.999+0000] {dagbag.py:588} INFO - Filling up the DagBag from /home/airflow/.local/lib/python3.12/site-packages/airflow/example_dags/example_params_ui_tutorial.py
[2024-11-11T03:03:46.004+0000] {processor.py:925} INFO - DAG(s) 'example_params_ui_tutorial' retrieved from /home/airflow/.local/lib/python3.12/site-packages/airflow/example_dags/example_params_ui_tutorial.py
[2024-11-11T03:03:46.025+0000] {logging_mixin.py:190} INFO - [2024-11-11T03:03:46.025+0000] {dag.py:3239} INFO - Sync 1 DAGs
[2024-11-11T03:03:46.033+0000] {logging_mixin.py:190} INFO - [2024-11-11T03:03:46.032+0000] {dag.py:4180} INFO - Setting next_dagrun for example_params_ui_tutorial to None, run_after=None
[2024-11-11T03:03:46.042+0000] {processor.py:208} INFO - Processing /home/airflow/.local/lib/python3.12/site-packages/airflow/example_dags/example_params_ui_tutorial.py took 0.048 seconds
[2024-11-11T03:04:16.540+0000] {processor.py:186} INFO - Started process (PID=4847) to work on /home/airflow/.local/lib/python3.12/site-packages/airflow/example_dags/example_params_ui_tutorial.py
[2024-11-11T03:04:16.542+0000] {processor.py:914} INFO - Processing file /home/airflow/.local/lib/python3.12/site-packages/airflow/example_dags/example_params_ui_tutorial.py for tasks to queue
[2024-11-11T03:04:16.545+0000] {logging_mixin.py:190} INFO - [2024-11-11T03:04:16.545+0000] {dagbag.py:588} INFO - Filling up the DagBag from /home/airflow/.local/lib/python3.12/site-packages/airflow/example_dags/example_params_ui_tutorial.py
[2024-11-11T03:04:16.552+0000] {processor.py:925} INFO - DAG(s) 'example_params_ui_tutorial' retrieved from /home/airflow/.local/lib/python3.12/site-packages/airflow/example_dags/example_params_ui_tutorial.py
[2024-11-11T03:04:16.572+0000] {logging_mixin.py:190} INFO - [2024-11-11T03:04:16.572+0000] {dag.py:3239} INFO - Sync 1 DAGs
[2024-11-11T03:04:16.579+0000] {logging_mixin.py:190} INFO - [2024-11-11T03:04:16.579+0000] {dag.py:4180} INFO - Setting next_dagrun for example_params_ui_tutorial to None, run_after=None
[2024-11-11T03:04:16.588+0000] {processor.py:208} INFO - Processing /home/airflow/.local/lib/python3.12/site-packages/airflow/example_dags/example_params_ui_tutorial.py took 0.051 seconds
[2024-11-11T03:04:47.013+0000] {processor.py:186} INFO - Started process (PID=4910) to work on /home/airflow/.local/lib/python3.12/site-packages/airflow/example_dags/example_params_ui_tutorial.py
[2024-11-11T03:04:47.014+0000] {processor.py:914} INFO - Processing file /home/airflow/.local/lib/python3.12/site-packages/airflow/example_dags/example_params_ui_tutorial.py for tasks to queue
[2024-11-11T03:04:47.015+0000] {logging_mixin.py:190} INFO - [2024-11-11T03:04:47.015+0000] {dagbag.py:588} INFO - Filling up the DagBag from /home/airflow/.local/lib/python3.12/site-packages/airflow/example_dags/example_params_ui_tutorial.py
[2024-11-11T03:04:47.020+0000] {processor.py:925} INFO - DAG(s) 'example_params_ui_tutorial' retrieved from /home/airflow/.local/lib/python3.12/site-packages/airflow/example_dags/example_params_ui_tutorial.py
[2024-11-11T03:04:47.039+0000] {logging_mixin.py:190} INFO - [2024-11-11T03:04:47.039+0000] {dag.py:3239} INFO - Sync 1 DAGs
[2024-11-11T03:04:47.045+0000] {logging_mixin.py:190} INFO - [2024-11-11T03:04:47.045+0000] {dag.py:4180} INFO - Setting next_dagrun for example_params_ui_tutorial to None, run_after=None
[2024-11-11T03:04:47.053+0000] {processor.py:208} INFO - Processing /home/airflow/.local/lib/python3.12/site-packages/airflow/example_dags/example_params_ui_tutorial.py took 0.043 seconds
[2024-11-11T03:05:17.547+0000] {processor.py:186} INFO - Started process (PID=4973) to work on /home/airflow/.local/lib/python3.12/site-packages/airflow/example_dags/example_params_ui_tutorial.py
[2024-11-11T03:05:17.547+0000] {processor.py:914} INFO - Processing file /home/airflow/.local/lib/python3.12/site-packages/airflow/example_dags/example_params_ui_tutorial.py for tasks to queue
[2024-11-11T03:05:17.549+0000] {logging_mixin.py:190} INFO - [2024-11-11T03:05:17.549+0000] {dagbag.py:588} INFO - Filling up the DagBag from /home/airflow/.local/lib/python3.12/site-packages/airflow/example_dags/example_params_ui_tutorial.py
[2024-11-11T03:05:17.554+0000] {processor.py:925} INFO - DAG(s) 'example_params_ui_tutorial' retrieved from /home/airflow/.local/lib/python3.12/site-packages/airflow/example_dags/example_params_ui_tutorial.py
[2024-11-11T03:05:17.573+0000] {logging_mixin.py:190} INFO - [2024-11-11T03:05:17.573+0000] {dag.py:3239} INFO - Sync 1 DAGs
[2024-11-11T03:05:17.579+0000] {logging_mixin.py:190} INFO - [2024-11-11T03:05:17.579+0000] {dag.py:4180} INFO - Setting next_dagrun for example_params_ui_tutorial to None, run_after=None
[2024-11-11T03:05:17.588+0000] {processor.py:208} INFO - Processing /home/airflow/.local/lib/python3.12/site-packages/airflow/example_dags/example_params_ui_tutorial.py took 0.044 seconds
[2024-11-11T03:05:47.889+0000] {processor.py:186} INFO - Started process (PID=5036) to work on /home/airflow/.local/lib/python3.12/site-packages/airflow/example_dags/example_params_ui_tutorial.py
[2024-11-11T03:05:47.890+0000] {processor.py:914} INFO - Processing file /home/airflow/.local/lib/python3.12/site-packages/airflow/example_dags/example_params_ui_tutorial.py for tasks to queue
[2024-11-11T03:05:47.891+0000] {logging_mixin.py:190} INFO - [2024-11-11T03:05:47.891+0000] {dagbag.py:588} INFO - Filling up the DagBag from /home/airflow/.local/lib/python3.12/site-packages/airflow/example_dags/example_params_ui_tutorial.py
[2024-11-11T03:05:47.897+0000] {processor.py:925} INFO - DAG(s) 'example_params_ui_tutorial' retrieved from /home/airflow/.local/lib/python3.12/site-packages/airflow/example_dags/example_params_ui_tutorial.py
[2024-11-11T03:05:47.916+0000] {logging_mixin.py:190} INFO - [2024-11-11T03:05:47.916+0000] {dag.py:3239} INFO - Sync 1 DAGs
[2024-11-11T03:05:47.923+0000] {logging_mixin.py:190} INFO - [2024-11-11T03:05:47.923+0000] {dag.py:4180} INFO - Setting next_dagrun for example_params_ui_tutorial to None, run_after=None
[2024-11-11T03:05:47.931+0000] {processor.py:208} INFO - Processing /home/airflow/.local/lib/python3.12/site-packages/airflow/example_dags/example_params_ui_tutorial.py took 0.045 seconds
[2024-11-11T03:06:18.168+0000] {processor.py:186} INFO - Started process (PID=5099) to work on /home/airflow/.local/lib/python3.12/site-packages/airflow/example_dags/example_params_ui_tutorial.py
[2024-11-11T03:06:18.169+0000] {processor.py:914} INFO - Processing file /home/airflow/.local/lib/python3.12/site-packages/airflow/example_dags/example_params_ui_tutorial.py for tasks to queue
[2024-11-11T03:06:18.170+0000] {logging_mixin.py:190} INFO - [2024-11-11T03:06:18.170+0000] {dagbag.py:588} INFO - Filling up the DagBag from /home/airflow/.local/lib/python3.12/site-packages/airflow/example_dags/example_params_ui_tutorial.py
[2024-11-11T03:06:18.175+0000] {processor.py:925} INFO - DAG(s) 'example_params_ui_tutorial' retrieved from /home/airflow/.local/lib/python3.12/site-packages/airflow/example_dags/example_params_ui_tutorial.py
[2024-11-11T03:06:18.194+0000] {logging_mixin.py:190} INFO - [2024-11-11T03:06:18.194+0000] {dag.py:3239} INFO - Sync 1 DAGs
[2024-11-11T03:06:18.201+0000] {logging_mixin.py:190} INFO - [2024-11-11T03:06:18.201+0000] {dag.py:4180} INFO - Setting next_dagrun for example_params_ui_tutorial to None, run_after=None
[2024-11-11T03:06:18.209+0000] {processor.py:208} INFO - Processing /home/airflow/.local/lib/python3.12/site-packages/airflow/example_dags/example_params_ui_tutorial.py took 0.044 seconds
[2024-11-11T03:06:48.495+0000] {processor.py:186} INFO - Started process (PID=5162) to work on /home/airflow/.local/lib/python3.12/site-packages/airflow/example_dags/example_params_ui_tutorial.py
[2024-11-11T03:06:48.495+0000] {processor.py:914} INFO - Processing file /home/airflow/.local/lib/python3.12/site-packages/airflow/example_dags/example_params_ui_tutorial.py for tasks to queue
[2024-11-11T03:06:48.497+0000] {logging_mixin.py:190} INFO - [2024-11-11T03:06:48.497+0000] {dagbag.py:588} INFO - Filling up the DagBag from /home/airflow/.local/lib/python3.12/site-packages/airflow/example_dags/example_params_ui_tutorial.py
[2024-11-11T03:06:48.502+0000] {processor.py:925} INFO - DAG(s) 'example_params_ui_tutorial' retrieved from /home/airflow/.local/lib/python3.12/site-packages/airflow/example_dags/example_params_ui_tutorial.py
[2024-11-11T03:06:48.521+0000] {logging_mixin.py:190} INFO - [2024-11-11T03:06:48.520+0000] {dag.py:3239} INFO - Sync 1 DAGs
[2024-11-11T03:06:48.528+0000] {logging_mixin.py:190} INFO - [2024-11-11T03:06:48.528+0000] {dag.py:4180} INFO - Setting next_dagrun for example_params_ui_tutorial to None, run_after=None
[2024-11-11T03:06:48.536+0000] {processor.py:208} INFO - Processing /home/airflow/.local/lib/python3.12/site-packages/airflow/example_dags/example_params_ui_tutorial.py took 0.045 seconds
[2024-11-11T03:07:19.044+0000] {processor.py:186} INFO - Started process (PID=5226) to work on /home/airflow/.local/lib/python3.12/site-packages/airflow/example_dags/example_params_ui_tutorial.py
[2024-11-11T03:07:19.044+0000] {processor.py:914} INFO - Processing file /home/airflow/.local/lib/python3.12/site-packages/airflow/example_dags/example_params_ui_tutorial.py for tasks to queue
[2024-11-11T03:07:19.046+0000] {logging_mixin.py:190} INFO - [2024-11-11T03:07:19.046+0000] {dagbag.py:588} INFO - Filling up the DagBag from /home/airflow/.local/lib/python3.12/site-packages/airflow/example_dags/example_params_ui_tutorial.py
[2024-11-11T03:07:19.051+0000] {processor.py:925} INFO - DAG(s) 'example_params_ui_tutorial' retrieved from /home/airflow/.local/lib/python3.12/site-packages/airflow/example_dags/example_params_ui_tutorial.py
[2024-11-11T03:07:19.070+0000] {logging_mixin.py:190} INFO - [2024-11-11T03:07:19.070+0000] {dag.py:3239} INFO - Sync 1 DAGs
[2024-11-11T03:07:19.077+0000] {logging_mixin.py:190} INFO - [2024-11-11T03:07:19.077+0000] {dag.py:4180} INFO - Setting next_dagrun for example_params_ui_tutorial to None, run_after=None
[2024-11-11T03:07:19.086+0000] {processor.py:208} INFO - Processing /home/airflow/.local/lib/python3.12/site-packages/airflow/example_dags/example_params_ui_tutorial.py took 0.045 seconds
[2024-11-11T03:07:49.818+0000] {processor.py:186} INFO - Started process (PID=5289) to work on /home/airflow/.local/lib/python3.12/site-packages/airflow/example_dags/example_params_ui_tutorial.py
[2024-11-11T03:07:49.819+0000] {processor.py:914} INFO - Processing file /home/airflow/.local/lib/python3.12/site-packages/airflow/example_dags/example_params_ui_tutorial.py for tasks to queue
[2024-11-11T03:07:49.820+0000] {logging_mixin.py:190} INFO - [2024-11-11T03:07:49.820+0000] {dagbag.py:588} INFO - Filling up the DagBag from /home/airflow/.local/lib/python3.12/site-packages/airflow/example_dags/example_params_ui_tutorial.py
[2024-11-11T03:07:49.826+0000] {processor.py:925} INFO - DAG(s) 'example_params_ui_tutorial' retrieved from /home/airflow/.local/lib/python3.12/site-packages/airflow/example_dags/example_params_ui_tutorial.py
[2024-11-11T03:07:49.846+0000] {logging_mixin.py:190} INFO - [2024-11-11T03:07:49.845+0000] {dag.py:3239} INFO - Sync 1 DAGs
[2024-11-11T03:07:49.854+0000] {logging_mixin.py:190} INFO - [2024-11-11T03:07:49.854+0000] {dag.py:4180} INFO - Setting next_dagrun for example_params_ui_tutorial to None, run_after=None
[2024-11-11T03:07:49.864+0000] {processor.py:208} INFO - Processing /home/airflow/.local/lib/python3.12/site-packages/airflow/example_dags/example_params_ui_tutorial.py took 0.049 seconds
[2024-11-11T03:08:20.484+0000] {processor.py:186} INFO - Started process (PID=5352) to work on /home/airflow/.local/lib/python3.12/site-packages/airflow/example_dags/example_params_ui_tutorial.py
[2024-11-11T03:08:20.485+0000] {processor.py:914} INFO - Processing file /home/airflow/.local/lib/python3.12/site-packages/airflow/example_dags/example_params_ui_tutorial.py for tasks to queue
[2024-11-11T03:08:20.487+0000] {logging_mixin.py:190} INFO - [2024-11-11T03:08:20.486+0000] {dagbag.py:588} INFO - Filling up the DagBag from /home/airflow/.local/lib/python3.12/site-packages/airflow/example_dags/example_params_ui_tutorial.py
[2024-11-11T03:08:20.492+0000] {processor.py:925} INFO - DAG(s) 'example_params_ui_tutorial' retrieved from /home/airflow/.local/lib/python3.12/site-packages/airflow/example_dags/example_params_ui_tutorial.py
[2024-11-11T03:08:20.511+0000] {logging_mixin.py:190} INFO - [2024-11-11T03:08:20.511+0000] {dag.py:3239} INFO - Sync 1 DAGs
[2024-11-11T03:08:20.518+0000] {logging_mixin.py:190} INFO - [2024-11-11T03:08:20.517+0000] {dag.py:4180} INFO - Setting next_dagrun for example_params_ui_tutorial to None, run_after=None
[2024-11-11T03:08:20.526+0000] {processor.py:208} INFO - Processing /home/airflow/.local/lib/python3.12/site-packages/airflow/example_dags/example_params_ui_tutorial.py took 0.045 seconds
[2024-11-11T03:08:51.078+0000] {processor.py:186} INFO - Started process (PID=5415) to work on /home/airflow/.local/lib/python3.12/site-packages/airflow/example_dags/example_params_ui_tutorial.py
[2024-11-11T03:08:51.079+0000] {processor.py:914} INFO - Processing file /home/airflow/.local/lib/python3.12/site-packages/airflow/example_dags/example_params_ui_tutorial.py for tasks to queue
[2024-11-11T03:08:51.080+0000] {logging_mixin.py:190} INFO - [2024-11-11T03:08:51.080+0000] {dagbag.py:588} INFO - Filling up the DagBag from /home/airflow/.local/lib/python3.12/site-packages/airflow/example_dags/example_params_ui_tutorial.py
[2024-11-11T03:08:51.085+0000] {processor.py:925} INFO - DAG(s) 'example_params_ui_tutorial' retrieved from /home/airflow/.local/lib/python3.12/site-packages/airflow/example_dags/example_params_ui_tutorial.py
[2024-11-11T03:08:51.104+0000] {logging_mixin.py:190} INFO - [2024-11-11T03:08:51.104+0000] {dag.py:3239} INFO - Sync 1 DAGs
[2024-11-11T03:08:51.111+0000] {logging_mixin.py:190} INFO - [2024-11-11T03:08:51.111+0000] {dag.py:4180} INFO - Setting next_dagrun for example_params_ui_tutorial to None, run_after=None
[2024-11-11T03:08:51.119+0000] {processor.py:208} INFO - Processing /home/airflow/.local/lib/python3.12/site-packages/airflow/example_dags/example_params_ui_tutorial.py took 0.044 seconds
[2024-11-11T03:09:21.574+0000] {processor.py:186} INFO - Started process (PID=5478) to work on /home/airflow/.local/lib/python3.12/site-packages/airflow/example_dags/example_params_ui_tutorial.py
[2024-11-11T03:09:21.575+0000] {processor.py:914} INFO - Processing file /home/airflow/.local/lib/python3.12/site-packages/airflow/example_dags/example_params_ui_tutorial.py for tasks to queue
[2024-11-11T03:09:21.576+0000] {logging_mixin.py:190} INFO - [2024-11-11T03:09:21.576+0000] {dagbag.py:588} INFO - Filling up the DagBag from /home/airflow/.local/lib/python3.12/site-packages/airflow/example_dags/example_params_ui_tutorial.py
[2024-11-11T03:09:21.581+0000] {processor.py:925} INFO - DAG(s) 'example_params_ui_tutorial' retrieved from /home/airflow/.local/lib/python3.12/site-packages/airflow/example_dags/example_params_ui_tutorial.py
[2024-11-11T03:09:21.601+0000] {logging_mixin.py:190} INFO - [2024-11-11T03:09:21.601+0000] {dag.py:3239} INFO - Sync 1 DAGs
[2024-11-11T03:09:21.608+0000] {logging_mixin.py:190} INFO - [2024-11-11T03:09:21.608+0000] {dag.py:4180} INFO - Setting next_dagrun for example_params_ui_tutorial to None, run_after=None
[2024-11-11T03:09:21.617+0000] {processor.py:208} INFO - Processing /home/airflow/.local/lib/python3.12/site-packages/airflow/example_dags/example_params_ui_tutorial.py took 0.046 seconds
[2024-11-11T03:09:52.207+0000] {processor.py:186} INFO - Started process (PID=5541) to work on /home/airflow/.local/lib/python3.12/site-packages/airflow/example_dags/example_params_ui_tutorial.py
[2024-11-11T03:09:52.207+0000] {processor.py:914} INFO - Processing file /home/airflow/.local/lib/python3.12/site-packages/airflow/example_dags/example_params_ui_tutorial.py for tasks to queue
[2024-11-11T03:09:52.209+0000] {logging_mixin.py:190} INFO - [2024-11-11T03:09:52.209+0000] {dagbag.py:588} INFO - Filling up the DagBag from /home/airflow/.local/lib/python3.12/site-packages/airflow/example_dags/example_params_ui_tutorial.py
[2024-11-11T03:09:52.214+0000] {processor.py:925} INFO - DAG(s) 'example_params_ui_tutorial' retrieved from /home/airflow/.local/lib/python3.12/site-packages/airflow/example_dags/example_params_ui_tutorial.py
[2024-11-11T03:09:52.233+0000] {logging_mixin.py:190} INFO - [2024-11-11T03:09:52.233+0000] {dag.py:3239} INFO - Sync 1 DAGs
[2024-11-11T03:09:52.240+0000] {logging_mixin.py:190} INFO - [2024-11-11T03:09:52.240+0000] {dag.py:4180} INFO - Setting next_dagrun for example_params_ui_tutorial to None, run_after=None
[2024-11-11T03:09:52.249+0000] {processor.py:208} INFO - Processing /home/airflow/.local/lib/python3.12/site-packages/airflow/example_dags/example_params_ui_tutorial.py took 0.045 seconds
[2024-11-11T03:10:22.863+0000] {processor.py:186} INFO - Started process (PID=5604) to work on /home/airflow/.local/lib/python3.12/site-packages/airflow/example_dags/example_params_ui_tutorial.py
[2024-11-11T03:10:22.864+0000] {processor.py:914} INFO - Processing file /home/airflow/.local/lib/python3.12/site-packages/airflow/example_dags/example_params_ui_tutorial.py for tasks to queue
[2024-11-11T03:10:22.865+0000] {logging_mixin.py:190} INFO - [2024-11-11T03:10:22.865+0000] {dagbag.py:588} INFO - Filling up the DagBag from /home/airflow/.local/lib/python3.12/site-packages/airflow/example_dags/example_params_ui_tutorial.py
[2024-11-11T03:10:22.870+0000] {processor.py:925} INFO - DAG(s) 'example_params_ui_tutorial' retrieved from /home/airflow/.local/lib/python3.12/site-packages/airflow/example_dags/example_params_ui_tutorial.py
[2024-11-11T03:10:22.889+0000] {logging_mixin.py:190} INFO - [2024-11-11T03:10:22.889+0000] {dag.py:3239} INFO - Sync 1 DAGs
[2024-11-11T03:10:22.896+0000] {logging_mixin.py:190} INFO - [2024-11-11T03:10:22.896+0000] {dag.py:4180} INFO - Setting next_dagrun for example_params_ui_tutorial to None, run_after=None
[2024-11-11T03:10:22.904+0000] {processor.py:208} INFO - Processing /home/airflow/.local/lib/python3.12/site-packages/airflow/example_dags/example_params_ui_tutorial.py took 0.044 seconds
[2024-11-11T03:10:53.953+0000] {processor.py:186} INFO - Started process (PID=5667) to work on /home/airflow/.local/lib/python3.12/site-packages/airflow/example_dags/example_params_ui_tutorial.py
[2024-11-11T03:10:53.953+0000] {processor.py:914} INFO - Processing file /home/airflow/.local/lib/python3.12/site-packages/airflow/example_dags/example_params_ui_tutorial.py for tasks to queue
[2024-11-11T03:10:53.955+0000] {logging_mixin.py:190} INFO - [2024-11-11T03:10:53.954+0000] {dagbag.py:588} INFO - Filling up the DagBag from /home/airflow/.local/lib/python3.12/site-packages/airflow/example_dags/example_params_ui_tutorial.py
[2024-11-11T03:10:53.960+0000] {processor.py:925} INFO - DAG(s) 'example_params_ui_tutorial' retrieved from /home/airflow/.local/lib/python3.12/site-packages/airflow/example_dags/example_params_ui_tutorial.py
[2024-11-11T03:10:53.978+0000] {logging_mixin.py:190} INFO - [2024-11-11T03:10:53.978+0000] {dag.py:3239} INFO - Sync 1 DAGs
[2024-11-11T03:10:53.985+0000] {logging_mixin.py:190} INFO - [2024-11-11T03:10:53.984+0000] {dag.py:4180} INFO - Setting next_dagrun for example_params_ui_tutorial to None, run_after=None
[2024-11-11T03:10:53.993+0000] {processor.py:208} INFO - Processing /home/airflow/.local/lib/python3.12/site-packages/airflow/example_dags/example_params_ui_tutorial.py took 0.044 seconds
[2024-11-11T03:22:05.416+0000] {processor.py:186} INFO - Started process (PID=5730) to work on /home/airflow/.local/lib/python3.12/site-packages/airflow/example_dags/example_params_ui_tutorial.py
[2024-11-11T03:22:05.417+0000] {processor.py:914} INFO - Processing file /home/airflow/.local/lib/python3.12/site-packages/airflow/example_dags/example_params_ui_tutorial.py for tasks to queue
[2024-11-11T03:22:05.420+0000] {logging_mixin.py:190} INFO - [2024-11-11T03:22:05.419+0000] {dagbag.py:588} INFO - Filling up the DagBag from /home/airflow/.local/lib/python3.12/site-packages/airflow/example_dags/example_params_ui_tutorial.py
[2024-11-11T03:22:05.427+0000] {processor.py:925} INFO - DAG(s) 'example_params_ui_tutorial' retrieved from /home/airflow/.local/lib/python3.12/site-packages/airflow/example_dags/example_params_ui_tutorial.py
[2024-11-11T03:22:05.449+0000] {logging_mixin.py:190} INFO - [2024-11-11T03:22:05.449+0000] {dag.py:3239} INFO - Sync 1 DAGs
[2024-11-11T03:22:05.457+0000] {logging_mixin.py:190} INFO - [2024-11-11T03:22:05.457+0000] {dag.py:4180} INFO - Setting next_dagrun for example_params_ui_tutorial to None, run_after=None
[2024-11-11T03:22:05.468+0000] {processor.py:208} INFO - Processing /home/airflow/.local/lib/python3.12/site-packages/airflow/example_dags/example_params_ui_tutorial.py took 0.060 seconds
[2024-11-11T03:22:36.362+0000] {processor.py:186} INFO - Started process (PID=5793) to work on /home/airflow/.local/lib/python3.12/site-packages/airflow/example_dags/example_params_ui_tutorial.py
[2024-11-11T03:22:36.362+0000] {processor.py:914} INFO - Processing file /home/airflow/.local/lib/python3.12/site-packages/airflow/example_dags/example_params_ui_tutorial.py for tasks to queue
[2024-11-11T03:22:36.364+0000] {logging_mixin.py:190} INFO - [2024-11-11T03:22:36.364+0000] {dagbag.py:588} INFO - Filling up the DagBag from /home/airflow/.local/lib/python3.12/site-packages/airflow/example_dags/example_params_ui_tutorial.py
[2024-11-11T03:22:36.369+0000] {processor.py:925} INFO - DAG(s) 'example_params_ui_tutorial' retrieved from /home/airflow/.local/lib/python3.12/site-packages/airflow/example_dags/example_params_ui_tutorial.py
[2024-11-11T03:22:36.390+0000] {logging_mixin.py:190} INFO - [2024-11-11T03:22:36.390+0000] {dag.py:3239} INFO - Sync 1 DAGs
[2024-11-11T03:22:36.397+0000] {logging_mixin.py:190} INFO - [2024-11-11T03:22:36.397+0000] {dag.py:4180} INFO - Setting next_dagrun for example_params_ui_tutorial to None, run_after=None
[2024-11-11T03:22:36.406+0000] {processor.py:208} INFO - Processing /home/airflow/.local/lib/python3.12/site-packages/airflow/example_dags/example_params_ui_tutorial.py took 0.048 seconds
[2024-11-11T03:23:07.467+0000] {processor.py:186} INFO - Started process (PID=5856) to work on /home/airflow/.local/lib/python3.12/site-packages/airflow/example_dags/example_params_ui_tutorial.py
[2024-11-11T03:23:07.468+0000] {processor.py:914} INFO - Processing file /home/airflow/.local/lib/python3.12/site-packages/airflow/example_dags/example_params_ui_tutorial.py for tasks to queue
[2024-11-11T03:23:07.469+0000] {logging_mixin.py:190} INFO - [2024-11-11T03:23:07.469+0000] {dagbag.py:588} INFO - Filling up the DagBag from /home/airflow/.local/lib/python3.12/site-packages/airflow/example_dags/example_params_ui_tutorial.py
[2024-11-11T03:23:07.474+0000] {processor.py:925} INFO - DAG(s) 'example_params_ui_tutorial' retrieved from /home/airflow/.local/lib/python3.12/site-packages/airflow/example_dags/example_params_ui_tutorial.py
[2024-11-11T03:23:07.495+0000] {logging_mixin.py:190} INFO - [2024-11-11T03:23:07.495+0000] {dag.py:3239} INFO - Sync 1 DAGs
[2024-11-11T03:23:07.502+0000] {logging_mixin.py:190} INFO - [2024-11-11T03:23:07.502+0000] {dag.py:4180} INFO - Setting next_dagrun for example_params_ui_tutorial to None, run_after=None
[2024-11-11T03:23:07.512+0000] {processor.py:208} INFO - Processing /home/airflow/.local/lib/python3.12/site-packages/airflow/example_dags/example_params_ui_tutorial.py took 0.049 seconds
[2024-11-11T03:23:38.357+0000] {processor.py:186} INFO - Started process (PID=5919) to work on /home/airflow/.local/lib/python3.12/site-packages/airflow/example_dags/example_params_ui_tutorial.py
[2024-11-11T03:23:38.357+0000] {processor.py:914} INFO - Processing file /home/airflow/.local/lib/python3.12/site-packages/airflow/example_dags/example_params_ui_tutorial.py for tasks to queue
[2024-11-11T03:23:38.359+0000] {logging_mixin.py:190} INFO - [2024-11-11T03:23:38.359+0000] {dagbag.py:588} INFO - Filling up the DagBag from /home/airflow/.local/lib/python3.12/site-packages/airflow/example_dags/example_params_ui_tutorial.py
[2024-11-11T03:23:38.365+0000] {processor.py:925} INFO - DAG(s) 'example_params_ui_tutorial' retrieved from /home/airflow/.local/lib/python3.12/site-packages/airflow/example_dags/example_params_ui_tutorial.py
[2024-11-11T03:23:38.384+0000] {logging_mixin.py:190} INFO - [2024-11-11T03:23:38.384+0000] {dag.py:3239} INFO - Sync 1 DAGs
[2024-11-11T03:23:38.392+0000] {logging_mixin.py:190} INFO - [2024-11-11T03:23:38.392+0000] {dag.py:4180} INFO - Setting next_dagrun for example_params_ui_tutorial to None, run_after=None
[2024-11-11T03:23:38.401+0000] {processor.py:208} INFO - Processing /home/airflow/.local/lib/python3.12/site-packages/airflow/example_dags/example_params_ui_tutorial.py took 0.048 seconds
[2024-11-11T03:24:09.337+0000] {processor.py:186} INFO - Started process (PID=5982) to work on /home/airflow/.local/lib/python3.12/site-packages/airflow/example_dags/example_params_ui_tutorial.py
[2024-11-11T03:24:09.338+0000] {processor.py:914} INFO - Processing file /home/airflow/.local/lib/python3.12/site-packages/airflow/example_dags/example_params_ui_tutorial.py for tasks to queue
[2024-11-11T03:24:09.339+0000] {logging_mixin.py:190} INFO - [2024-11-11T03:24:09.339+0000] {dagbag.py:588} INFO - Filling up the DagBag from /home/airflow/.local/lib/python3.12/site-packages/airflow/example_dags/example_params_ui_tutorial.py
[2024-11-11T03:24:09.344+0000] {processor.py:925} INFO - DAG(s) 'example_params_ui_tutorial' retrieved from /home/airflow/.local/lib/python3.12/site-packages/airflow/example_dags/example_params_ui_tutorial.py
[2024-11-11T03:24:09.364+0000] {logging_mixin.py:190} INFO - [2024-11-11T03:24:09.364+0000] {dag.py:3239} INFO - Sync 1 DAGs
[2024-11-11T03:24:09.371+0000] {logging_mixin.py:190} INFO - [2024-11-11T03:24:09.371+0000] {dag.py:4180} INFO - Setting next_dagrun for example_params_ui_tutorial to None, run_after=None
[2024-11-11T03:24:09.380+0000] {processor.py:208} INFO - Processing /home/airflow/.local/lib/python3.12/site-packages/airflow/example_dags/example_params_ui_tutorial.py took 0.046 seconds
[2024-11-11T03:24:40.057+0000] {processor.py:186} INFO - Started process (PID=6044) to work on /home/airflow/.local/lib/python3.12/site-packages/airflow/example_dags/example_params_ui_tutorial.py
[2024-11-11T03:24:40.058+0000] {processor.py:914} INFO - Processing file /home/airflow/.local/lib/python3.12/site-packages/airflow/example_dags/example_params_ui_tutorial.py for tasks to queue
[2024-11-11T03:24:40.060+0000] {logging_mixin.py:190} INFO - [2024-11-11T03:24:40.059+0000] {dagbag.py:588} INFO - Filling up the DagBag from /home/airflow/.local/lib/python3.12/site-packages/airflow/example_dags/example_params_ui_tutorial.py
[2024-11-11T03:24:40.065+0000] {processor.py:925} INFO - DAG(s) 'example_params_ui_tutorial' retrieved from /home/airflow/.local/lib/python3.12/site-packages/airflow/example_dags/example_params_ui_tutorial.py
[2024-11-11T03:24:40.087+0000] {logging_mixin.py:190} INFO - [2024-11-11T03:24:40.086+0000] {dag.py:3239} INFO - Sync 1 DAGs
[2024-11-11T03:24:40.095+0000] {logging_mixin.py:190} INFO - [2024-11-11T03:24:40.094+0000] {dag.py:4180} INFO - Setting next_dagrun for example_params_ui_tutorial to None, run_after=None
[2024-11-11T03:24:40.105+0000] {processor.py:208} INFO - Processing /home/airflow/.local/lib/python3.12/site-packages/airflow/example_dags/example_params_ui_tutorial.py took 0.052 seconds
[2024-11-11T03:25:10.749+0000] {processor.py:186} INFO - Started process (PID=6107) to work on /home/airflow/.local/lib/python3.12/site-packages/airflow/example_dags/example_params_ui_tutorial.py
[2024-11-11T03:25:10.750+0000] {processor.py:914} INFO - Processing file /home/airflow/.local/lib/python3.12/site-packages/airflow/example_dags/example_params_ui_tutorial.py for tasks to queue
[2024-11-11T03:25:10.751+0000] {logging_mixin.py:190} INFO - [2024-11-11T03:25:10.751+0000] {dagbag.py:588} INFO - Filling up the DagBag from /home/airflow/.local/lib/python3.12/site-packages/airflow/example_dags/example_params_ui_tutorial.py
[2024-11-11T03:25:10.756+0000] {processor.py:925} INFO - DAG(s) 'example_params_ui_tutorial' retrieved from /home/airflow/.local/lib/python3.12/site-packages/airflow/example_dags/example_params_ui_tutorial.py
[2024-11-11T03:25:10.776+0000] {logging_mixin.py:190} INFO - [2024-11-11T03:25:10.776+0000] {dag.py:3239} INFO - Sync 1 DAGs
[2024-11-11T03:25:10.783+0000] {logging_mixin.py:190} INFO - [2024-11-11T03:25:10.783+0000] {dag.py:4180} INFO - Setting next_dagrun for example_params_ui_tutorial to None, run_after=None
[2024-11-11T03:25:10.792+0000] {processor.py:208} INFO - Processing /home/airflow/.local/lib/python3.12/site-packages/airflow/example_dags/example_params_ui_tutorial.py took 0.047 seconds
[2024-11-11T03:25:41.649+0000] {processor.py:186} INFO - Started process (PID=6169) to work on /home/airflow/.local/lib/python3.12/site-packages/airflow/example_dags/example_params_ui_tutorial.py
[2024-11-11T03:25:41.650+0000] {processor.py:914} INFO - Processing file /home/airflow/.local/lib/python3.12/site-packages/airflow/example_dags/example_params_ui_tutorial.py for tasks to queue
[2024-11-11T03:25:41.651+0000] {logging_mixin.py:190} INFO - [2024-11-11T03:25:41.651+0000] {dagbag.py:588} INFO - Filling up the DagBag from /home/airflow/.local/lib/python3.12/site-packages/airflow/example_dags/example_params_ui_tutorial.py
[2024-11-11T03:25:41.657+0000] {processor.py:925} INFO - DAG(s) 'example_params_ui_tutorial' retrieved from /home/airflow/.local/lib/python3.12/site-packages/airflow/example_dags/example_params_ui_tutorial.py
[2024-11-11T03:25:41.676+0000] {logging_mixin.py:190} INFO - [2024-11-11T03:25:41.676+0000] {dag.py:3239} INFO - Sync 1 DAGs
[2024-11-11T03:25:41.683+0000] {logging_mixin.py:190} INFO - [2024-11-11T03:25:41.683+0000] {dag.py:4180} INFO - Setting next_dagrun for example_params_ui_tutorial to None, run_after=None
[2024-11-11T03:25:41.693+0000] {processor.py:208} INFO - Processing /home/airflow/.local/lib/python3.12/site-packages/airflow/example_dags/example_params_ui_tutorial.py took 0.047 seconds
[2024-11-11T03:26:12.552+0000] {processor.py:186} INFO - Started process (PID=6232) to work on /home/airflow/.local/lib/python3.12/site-packages/airflow/example_dags/example_params_ui_tutorial.py
[2024-11-11T03:26:12.553+0000] {processor.py:914} INFO - Processing file /home/airflow/.local/lib/python3.12/site-packages/airflow/example_dags/example_params_ui_tutorial.py for tasks to queue
[2024-11-11T03:26:12.554+0000] {logging_mixin.py:190} INFO - [2024-11-11T03:26:12.554+0000] {dagbag.py:588} INFO - Filling up the DagBag from /home/airflow/.local/lib/python3.12/site-packages/airflow/example_dags/example_params_ui_tutorial.py
[2024-11-11T03:26:12.559+0000] {processor.py:925} INFO - DAG(s) 'example_params_ui_tutorial' retrieved from /home/airflow/.local/lib/python3.12/site-packages/airflow/example_dags/example_params_ui_tutorial.py
[2024-11-11T03:26:12.579+0000] {logging_mixin.py:190} INFO - [2024-11-11T03:26:12.579+0000] {dag.py:3239} INFO - Sync 1 DAGs
[2024-11-11T03:26:12.586+0000] {logging_mixin.py:190} INFO - [2024-11-11T03:26:12.586+0000] {dag.py:4180} INFO - Setting next_dagrun for example_params_ui_tutorial to None, run_after=None
[2024-11-11T03:26:12.595+0000] {processor.py:208} INFO - Processing /home/airflow/.local/lib/python3.12/site-packages/airflow/example_dags/example_params_ui_tutorial.py took 0.046 seconds
[2024-11-11T03:26:43.249+0000] {processor.py:186} INFO - Started process (PID=6296) to work on /home/airflow/.local/lib/python3.12/site-packages/airflow/example_dags/example_params_ui_tutorial.py
[2024-11-11T03:26:43.249+0000] {processor.py:914} INFO - Processing file /home/airflow/.local/lib/python3.12/site-packages/airflow/example_dags/example_params_ui_tutorial.py for tasks to queue
[2024-11-11T03:26:43.251+0000] {logging_mixin.py:190} INFO - [2024-11-11T03:26:43.250+0000] {dagbag.py:588} INFO - Filling up the DagBag from /home/airflow/.local/lib/python3.12/site-packages/airflow/example_dags/example_params_ui_tutorial.py
[2024-11-11T03:26:43.256+0000] {processor.py:925} INFO - DAG(s) 'example_params_ui_tutorial' retrieved from /home/airflow/.local/lib/python3.12/site-packages/airflow/example_dags/example_params_ui_tutorial.py
[2024-11-11T03:26:43.277+0000] {logging_mixin.py:190} INFO - [2024-11-11T03:26:43.277+0000] {dag.py:3239} INFO - Sync 1 DAGs
[2024-11-11T03:26:43.285+0000] {logging_mixin.py:190} INFO - [2024-11-11T03:26:43.285+0000] {dag.py:4180} INFO - Setting next_dagrun for example_params_ui_tutorial to None, run_after=None
[2024-11-11T03:26:43.295+0000] {processor.py:208} INFO - Processing /home/airflow/.local/lib/python3.12/site-packages/airflow/example_dags/example_params_ui_tutorial.py took 0.050 seconds
[2024-11-11T03:27:14.064+0000] {processor.py:186} INFO - Started process (PID=6358) to work on /home/airflow/.local/lib/python3.12/site-packages/airflow/example_dags/example_params_ui_tutorial.py
[2024-11-11T03:27:14.065+0000] {processor.py:914} INFO - Processing file /home/airflow/.local/lib/python3.12/site-packages/airflow/example_dags/example_params_ui_tutorial.py for tasks to queue
[2024-11-11T03:27:14.067+0000] {logging_mixin.py:190} INFO - [2024-11-11T03:27:14.066+0000] {dagbag.py:588} INFO - Filling up the DagBag from /home/airflow/.local/lib/python3.12/site-packages/airflow/example_dags/example_params_ui_tutorial.py
[2024-11-11T03:27:14.072+0000] {processor.py:925} INFO - DAG(s) 'example_params_ui_tutorial' retrieved from /home/airflow/.local/lib/python3.12/site-packages/airflow/example_dags/example_params_ui_tutorial.py
[2024-11-11T03:27:14.092+0000] {logging_mixin.py:190} INFO - [2024-11-11T03:27:14.092+0000] {dag.py:3239} INFO - Sync 1 DAGs
[2024-11-11T03:27:14.099+0000] {logging_mixin.py:190} INFO - [2024-11-11T03:27:14.099+0000] {dag.py:4180} INFO - Setting next_dagrun for example_params_ui_tutorial to None, run_after=None
[2024-11-11T03:27:14.108+0000] {processor.py:208} INFO - Processing /home/airflow/.local/lib/python3.12/site-packages/airflow/example_dags/example_params_ui_tutorial.py took 0.047 seconds
[2024-11-11T03:27:44.874+0000] {processor.py:186} INFO - Started process (PID=6421) to work on /home/airflow/.local/lib/python3.12/site-packages/airflow/example_dags/example_params_ui_tutorial.py
[2024-11-11T03:27:44.875+0000] {processor.py:914} INFO - Processing file /home/airflow/.local/lib/python3.12/site-packages/airflow/example_dags/example_params_ui_tutorial.py for tasks to queue
[2024-11-11T03:27:44.877+0000] {logging_mixin.py:190} INFO - [2024-11-11T03:27:44.877+0000] {dagbag.py:588} INFO - Filling up the DagBag from /home/airflow/.local/lib/python3.12/site-packages/airflow/example_dags/example_params_ui_tutorial.py
[2024-11-11T03:27:44.883+0000] {processor.py:925} INFO - DAG(s) 'example_params_ui_tutorial' retrieved from /home/airflow/.local/lib/python3.12/site-packages/airflow/example_dags/example_params_ui_tutorial.py
[2024-11-11T03:27:44.904+0000] {logging_mixin.py:190} INFO - [2024-11-11T03:27:44.904+0000] {dag.py:3239} INFO - Sync 1 DAGs
[2024-11-11T03:27:44.912+0000] {logging_mixin.py:190} INFO - [2024-11-11T03:27:44.912+0000] {dag.py:4180} INFO - Setting next_dagrun for example_params_ui_tutorial to None, run_after=None
[2024-11-11T03:27:44.921+0000] {processor.py:208} INFO - Processing /home/airflow/.local/lib/python3.12/site-packages/airflow/example_dags/example_params_ui_tutorial.py took 0.051 seconds
[2024-11-11T03:28:15.660+0000] {processor.py:186} INFO - Started process (PID=6484) to work on /home/airflow/.local/lib/python3.12/site-packages/airflow/example_dags/example_params_ui_tutorial.py
[2024-11-11T03:28:15.660+0000] {processor.py:914} INFO - Processing file /home/airflow/.local/lib/python3.12/site-packages/airflow/example_dags/example_params_ui_tutorial.py for tasks to queue
[2024-11-11T03:28:15.662+0000] {logging_mixin.py:190} INFO - [2024-11-11T03:28:15.661+0000] {dagbag.py:588} INFO - Filling up the DagBag from /home/airflow/.local/lib/python3.12/site-packages/airflow/example_dags/example_params_ui_tutorial.py
[2024-11-11T03:28:15.667+0000] {processor.py:925} INFO - DAG(s) 'example_params_ui_tutorial' retrieved from /home/airflow/.local/lib/python3.12/site-packages/airflow/example_dags/example_params_ui_tutorial.py
[2024-11-11T03:28:15.688+0000] {logging_mixin.py:190} INFO - [2024-11-11T03:28:15.687+0000] {dag.py:3239} INFO - Sync 1 DAGs
[2024-11-11T03:28:15.696+0000] {logging_mixin.py:190} INFO - [2024-11-11T03:28:15.696+0000] {dag.py:4180} INFO - Setting next_dagrun for example_params_ui_tutorial to None, run_after=None
[2024-11-11T03:28:15.705+0000] {processor.py:208} INFO - Processing /home/airflow/.local/lib/python3.12/site-packages/airflow/example_dags/example_params_ui_tutorial.py took 0.049 seconds
[2024-11-11T03:28:46.465+0000] {processor.py:186} INFO - Started process (PID=6547) to work on /home/airflow/.local/lib/python3.12/site-packages/airflow/example_dags/example_params_ui_tutorial.py
[2024-11-11T03:28:46.466+0000] {processor.py:914} INFO - Processing file /home/airflow/.local/lib/python3.12/site-packages/airflow/example_dags/example_params_ui_tutorial.py for tasks to queue
[2024-11-11T03:28:46.467+0000] {logging_mixin.py:190} INFO - [2024-11-11T03:28:46.467+0000] {dagbag.py:588} INFO - Filling up the DagBag from /home/airflow/.local/lib/python3.12/site-packages/airflow/example_dags/example_params_ui_tutorial.py
[2024-11-11T03:28:46.473+0000] {processor.py:925} INFO - DAG(s) 'example_params_ui_tutorial' retrieved from /home/airflow/.local/lib/python3.12/site-packages/airflow/example_dags/example_params_ui_tutorial.py
[2024-11-11T03:28:46.492+0000] {logging_mixin.py:190} INFO - [2024-11-11T03:28:46.492+0000] {dag.py:3239} INFO - Sync 1 DAGs
[2024-11-11T03:28:46.500+0000] {logging_mixin.py:190} INFO - [2024-11-11T03:28:46.499+0000] {dag.py:4180} INFO - Setting next_dagrun for example_params_ui_tutorial to None, run_after=None
[2024-11-11T03:28:46.509+0000] {processor.py:208} INFO - Processing /home/airflow/.local/lib/python3.12/site-packages/airflow/example_dags/example_params_ui_tutorial.py took 0.047 seconds
[2024-11-11T03:29:17.180+0000] {processor.py:186} INFO - Started process (PID=6611) to work on /home/airflow/.local/lib/python3.12/site-packages/airflow/example_dags/example_params_ui_tutorial.py
[2024-11-11T03:29:17.180+0000] {processor.py:914} INFO - Processing file /home/airflow/.local/lib/python3.12/site-packages/airflow/example_dags/example_params_ui_tutorial.py for tasks to queue
[2024-11-11T03:29:17.182+0000] {logging_mixin.py:190} INFO - [2024-11-11T03:29:17.181+0000] {dagbag.py:588} INFO - Filling up the DagBag from /home/airflow/.local/lib/python3.12/site-packages/airflow/example_dags/example_params_ui_tutorial.py
[2024-11-11T03:29:17.187+0000] {processor.py:925} INFO - DAG(s) 'example_params_ui_tutorial' retrieved from /home/airflow/.local/lib/python3.12/site-packages/airflow/example_dags/example_params_ui_tutorial.py
[2024-11-11T03:29:17.208+0000] {logging_mixin.py:190} INFO - [2024-11-11T03:29:17.208+0000] {dag.py:3239} INFO - Sync 1 DAGs
[2024-11-11T03:29:17.216+0000] {logging_mixin.py:190} INFO - [2024-11-11T03:29:17.216+0000] {dag.py:4180} INFO - Setting next_dagrun for example_params_ui_tutorial to None, run_after=None
[2024-11-11T03:29:17.226+0000] {processor.py:208} INFO - Processing /home/airflow/.local/lib/python3.12/site-packages/airflow/example_dags/example_params_ui_tutorial.py took 0.050 seconds
[2024-11-11T03:29:48.090+0000] {processor.py:186} INFO - Started process (PID=6672) to work on /home/airflow/.local/lib/python3.12/site-packages/airflow/example_dags/example_params_ui_tutorial.py
[2024-11-11T03:29:48.090+0000] {processor.py:914} INFO - Processing file /home/airflow/.local/lib/python3.12/site-packages/airflow/example_dags/example_params_ui_tutorial.py for tasks to queue
[2024-11-11T03:29:48.092+0000] {logging_mixin.py:190} INFO - [2024-11-11T03:29:48.092+0000] {dagbag.py:588} INFO - Filling up the DagBag from /home/airflow/.local/lib/python3.12/site-packages/airflow/example_dags/example_params_ui_tutorial.py
[2024-11-11T03:29:48.098+0000] {processor.py:925} INFO - DAG(s) 'example_params_ui_tutorial' retrieved from /home/airflow/.local/lib/python3.12/site-packages/airflow/example_dags/example_params_ui_tutorial.py
[2024-11-11T03:29:48.118+0000] {logging_mixin.py:190} INFO - [2024-11-11T03:29:48.118+0000] {dag.py:3239} INFO - Sync 1 DAGs
[2024-11-11T03:29:48.127+0000] {logging_mixin.py:190} INFO - [2024-11-11T03:29:48.126+0000] {dag.py:4180} INFO - Setting next_dagrun for example_params_ui_tutorial to None, run_after=None
[2024-11-11T03:29:48.136+0000] {processor.py:208} INFO - Processing /home/airflow/.local/lib/python3.12/site-packages/airflow/example_dags/example_params_ui_tutorial.py took 0.050 seconds
[2024-11-11T03:30:19.134+0000] {processor.py:186} INFO - Started process (PID=6735) to work on /home/airflow/.local/lib/python3.12/site-packages/airflow/example_dags/example_params_ui_tutorial.py
[2024-11-11T03:30:19.134+0000] {processor.py:914} INFO - Processing file /home/airflow/.local/lib/python3.12/site-packages/airflow/example_dags/example_params_ui_tutorial.py for tasks to queue
[2024-11-11T03:30:19.136+0000] {logging_mixin.py:190} INFO - [2024-11-11T03:30:19.136+0000] {dagbag.py:588} INFO - Filling up the DagBag from /home/airflow/.local/lib/python3.12/site-packages/airflow/example_dags/example_params_ui_tutorial.py
[2024-11-11T03:30:19.141+0000] {processor.py:925} INFO - DAG(s) 'example_params_ui_tutorial' retrieved from /home/airflow/.local/lib/python3.12/site-packages/airflow/example_dags/example_params_ui_tutorial.py
[2024-11-11T03:30:19.163+0000] {logging_mixin.py:190} INFO - [2024-11-11T03:30:19.163+0000] {dag.py:3239} INFO - Sync 1 DAGs
[2024-11-11T03:30:19.171+0000] {logging_mixin.py:190} INFO - [2024-11-11T03:30:19.171+0000] {dag.py:4180} INFO - Setting next_dagrun for example_params_ui_tutorial to None, run_after=None
[2024-11-11T03:30:19.181+0000] {processor.py:208} INFO - Processing /home/airflow/.local/lib/python3.12/site-packages/airflow/example_dags/example_params_ui_tutorial.py took 0.051 seconds
[2024-11-11T03:30:50.204+0000] {processor.py:186} INFO - Started process (PID=6798) to work on /home/airflow/.local/lib/python3.12/site-packages/airflow/example_dags/example_params_ui_tutorial.py
[2024-11-11T03:30:50.205+0000] {processor.py:914} INFO - Processing file /home/airflow/.local/lib/python3.12/site-packages/airflow/example_dags/example_params_ui_tutorial.py for tasks to queue
[2024-11-11T03:30:50.207+0000] {logging_mixin.py:190} INFO - [2024-11-11T03:30:50.207+0000] {dagbag.py:588} INFO - Filling up the DagBag from /home/airflow/.local/lib/python3.12/site-packages/airflow/example_dags/example_params_ui_tutorial.py
[2024-11-11T03:30:50.214+0000] {processor.py:925} INFO - DAG(s) 'example_params_ui_tutorial' retrieved from /home/airflow/.local/lib/python3.12/site-packages/airflow/example_dags/example_params_ui_tutorial.py
[2024-11-11T03:30:50.244+0000] {logging_mixin.py:190} INFO - [2024-11-11T03:30:50.244+0000] {dag.py:3239} INFO - Sync 1 DAGs
[2024-11-11T03:30:50.254+0000] {logging_mixin.py:190} INFO - [2024-11-11T03:30:50.254+0000] {dag.py:4180} INFO - Setting next_dagrun for example_params_ui_tutorial to None, run_after=None
[2024-11-11T03:30:50.275+0000] {processor.py:208} INFO - Processing /home/airflow/.local/lib/python3.12/site-packages/airflow/example_dags/example_params_ui_tutorial.py took 0.076 seconds
[2024-11-11T03:31:21.104+0000] {processor.py:186} INFO - Started process (PID=6861) to work on /home/airflow/.local/lib/python3.12/site-packages/airflow/example_dags/example_params_ui_tutorial.py
[2024-11-11T03:31:21.105+0000] {processor.py:914} INFO - Processing file /home/airflow/.local/lib/python3.12/site-packages/airflow/example_dags/example_params_ui_tutorial.py for tasks to queue
[2024-11-11T03:31:21.109+0000] {logging_mixin.py:190} INFO - [2024-11-11T03:31:21.109+0000] {dagbag.py:588} INFO - Filling up the DagBag from /home/airflow/.local/lib/python3.12/site-packages/airflow/example_dags/example_params_ui_tutorial.py
[2024-11-11T03:31:21.115+0000] {processor.py:925} INFO - DAG(s) 'example_params_ui_tutorial' retrieved from /home/airflow/.local/lib/python3.12/site-packages/airflow/example_dags/example_params_ui_tutorial.py
[2024-11-11T03:31:21.137+0000] {logging_mixin.py:190} INFO - [2024-11-11T03:31:21.137+0000] {dag.py:3239} INFO - Sync 1 DAGs
[2024-11-11T03:31:21.147+0000] {logging_mixin.py:190} INFO - [2024-11-11T03:31:21.146+0000] {dag.py:4180} INFO - Setting next_dagrun for example_params_ui_tutorial to None, run_after=None
[2024-11-11T03:31:21.157+0000] {processor.py:208} INFO - Processing /home/airflow/.local/lib/python3.12/site-packages/airflow/example_dags/example_params_ui_tutorial.py took 0.057 seconds
[2024-11-11T03:31:52.044+0000] {processor.py:186} INFO - Started process (PID=6924) to work on /home/airflow/.local/lib/python3.12/site-packages/airflow/example_dags/example_params_ui_tutorial.py
[2024-11-11T03:31:52.045+0000] {processor.py:914} INFO - Processing file /home/airflow/.local/lib/python3.12/site-packages/airflow/example_dags/example_params_ui_tutorial.py for tasks to queue
[2024-11-11T03:31:52.046+0000] {logging_mixin.py:190} INFO - [2024-11-11T03:31:52.046+0000] {dagbag.py:588} INFO - Filling up the DagBag from /home/airflow/.local/lib/python3.12/site-packages/airflow/example_dags/example_params_ui_tutorial.py
[2024-11-11T03:31:52.052+0000] {processor.py:925} INFO - DAG(s) 'example_params_ui_tutorial' retrieved from /home/airflow/.local/lib/python3.12/site-packages/airflow/example_dags/example_params_ui_tutorial.py
[2024-11-11T03:31:52.073+0000] {logging_mixin.py:190} INFO - [2024-11-11T03:31:52.073+0000] {dag.py:3239} INFO - Sync 1 DAGs
[2024-11-11T03:31:52.081+0000] {logging_mixin.py:190} INFO - [2024-11-11T03:31:52.081+0000] {dag.py:4180} INFO - Setting next_dagrun for example_params_ui_tutorial to None, run_after=None
[2024-11-11T03:31:52.091+0000] {processor.py:208} INFO - Processing /home/airflow/.local/lib/python3.12/site-packages/airflow/example_dags/example_params_ui_tutorial.py took 0.052 seconds
[2024-11-11T03:32:23.488+0000] {processor.py:186} INFO - Started process (PID=6987) to work on /home/airflow/.local/lib/python3.12/site-packages/airflow/example_dags/example_params_ui_tutorial.py
[2024-11-11T03:32:23.489+0000] {processor.py:914} INFO - Processing file /home/airflow/.local/lib/python3.12/site-packages/airflow/example_dags/example_params_ui_tutorial.py for tasks to queue
[2024-11-11T03:32:23.490+0000] {logging_mixin.py:190} INFO - [2024-11-11T03:32:23.490+0000] {dagbag.py:588} INFO - Filling up the DagBag from /home/airflow/.local/lib/python3.12/site-packages/airflow/example_dags/example_params_ui_tutorial.py
[2024-11-11T03:32:23.495+0000] {processor.py:925} INFO - DAG(s) 'example_params_ui_tutorial' retrieved from /home/airflow/.local/lib/python3.12/site-packages/airflow/example_dags/example_params_ui_tutorial.py
[2024-11-11T03:32:23.516+0000] {logging_mixin.py:190} INFO - [2024-11-11T03:32:23.516+0000] {dag.py:3239} INFO - Sync 1 DAGs
[2024-11-11T03:32:23.523+0000] {logging_mixin.py:190} INFO - [2024-11-11T03:32:23.523+0000] {dag.py:4180} INFO - Setting next_dagrun for example_params_ui_tutorial to None, run_after=None
[2024-11-11T03:32:23.531+0000] {processor.py:208} INFO - Processing /home/airflow/.local/lib/python3.12/site-packages/airflow/example_dags/example_params_ui_tutorial.py took 0.047 seconds
[2024-11-11T03:32:54.551+0000] {processor.py:186} INFO - Started process (PID=7051) to work on /home/airflow/.local/lib/python3.12/site-packages/airflow/example_dags/example_params_ui_tutorial.py
[2024-11-11T03:32:54.551+0000] {processor.py:914} INFO - Processing file /home/airflow/.local/lib/python3.12/site-packages/airflow/example_dags/example_params_ui_tutorial.py for tasks to queue
[2024-11-11T03:32:54.553+0000] {logging_mixin.py:190} INFO - [2024-11-11T03:32:54.553+0000] {dagbag.py:588} INFO - Filling up the DagBag from /home/airflow/.local/lib/python3.12/site-packages/airflow/example_dags/example_params_ui_tutorial.py
[2024-11-11T03:32:54.559+0000] {processor.py:925} INFO - DAG(s) 'example_params_ui_tutorial' retrieved from /home/airflow/.local/lib/python3.12/site-packages/airflow/example_dags/example_params_ui_tutorial.py
[2024-11-11T03:32:54.580+0000] {logging_mixin.py:190} INFO - [2024-11-11T03:32:54.580+0000] {dag.py:3239} INFO - Sync 1 DAGs
[2024-11-11T03:32:54.588+0000] {logging_mixin.py:190} INFO - [2024-11-11T03:32:54.588+0000] {dag.py:4180} INFO - Setting next_dagrun for example_params_ui_tutorial to None, run_after=None
[2024-11-11T03:32:54.599+0000] {processor.py:208} INFO - Processing /home/airflow/.local/lib/python3.12/site-packages/airflow/example_dags/example_params_ui_tutorial.py took 0.052 seconds
[2024-11-11T03:33:25.366+0000] {processor.py:186} INFO - Started process (PID=7114) to work on /home/airflow/.local/lib/python3.12/site-packages/airflow/example_dags/example_params_ui_tutorial.py
[2024-11-11T03:33:25.366+0000] {processor.py:914} INFO - Processing file /home/airflow/.local/lib/python3.12/site-packages/airflow/example_dags/example_params_ui_tutorial.py for tasks to queue
[2024-11-11T03:33:25.368+0000] {logging_mixin.py:190} INFO - [2024-11-11T03:33:25.368+0000] {dagbag.py:588} INFO - Filling up the DagBag from /home/airflow/.local/lib/python3.12/site-packages/airflow/example_dags/example_params_ui_tutorial.py
[2024-11-11T03:33:25.374+0000] {processor.py:925} INFO - DAG(s) 'example_params_ui_tutorial' retrieved from /home/airflow/.local/lib/python3.12/site-packages/airflow/example_dags/example_params_ui_tutorial.py
[2024-11-11T03:33:25.393+0000] {logging_mixin.py:190} INFO - [2024-11-11T03:33:25.393+0000] {dag.py:3239} INFO - Sync 1 DAGs
[2024-11-11T03:33:25.400+0000] {logging_mixin.py:190} INFO - [2024-11-11T03:33:25.400+0000] {dag.py:4180} INFO - Setting next_dagrun for example_params_ui_tutorial to None, run_after=None
[2024-11-11T03:33:25.409+0000] {processor.py:208} INFO - Processing /home/airflow/.local/lib/python3.12/site-packages/airflow/example_dags/example_params_ui_tutorial.py took 0.047 seconds
[2024-11-11T03:33:56.042+0000] {processor.py:186} INFO - Started process (PID=7178) to work on /home/airflow/.local/lib/python3.12/site-packages/airflow/example_dags/example_params_ui_tutorial.py
[2024-11-11T03:33:56.042+0000] {processor.py:914} INFO - Processing file /home/airflow/.local/lib/python3.12/site-packages/airflow/example_dags/example_params_ui_tutorial.py for tasks to queue
[2024-11-11T03:33:56.043+0000] {logging_mixin.py:190} INFO - [2024-11-11T03:33:56.043+0000] {dagbag.py:588} INFO - Filling up the DagBag from /home/airflow/.local/lib/python3.12/site-packages/airflow/example_dags/example_params_ui_tutorial.py
[2024-11-11T03:33:56.049+0000] {processor.py:925} INFO - DAG(s) 'example_params_ui_tutorial' retrieved from /home/airflow/.local/lib/python3.12/site-packages/airflow/example_dags/example_params_ui_tutorial.py
[2024-11-11T03:33:56.068+0000] {logging_mixin.py:190} INFO - [2024-11-11T03:33:56.068+0000] {dag.py:3239} INFO - Sync 1 DAGs
[2024-11-11T03:33:56.075+0000] {logging_mixin.py:190} INFO - [2024-11-11T03:33:56.075+0000] {dag.py:4180} INFO - Setting next_dagrun for example_params_ui_tutorial to None, run_after=None
[2024-11-11T03:33:56.084+0000] {processor.py:208} INFO - Processing /home/airflow/.local/lib/python3.12/site-packages/airflow/example_dags/example_params_ui_tutorial.py took 0.046 seconds
[2024-11-11T03:34:26.791+0000] {processor.py:186} INFO - Started process (PID=7239) to work on /home/airflow/.local/lib/python3.12/site-packages/airflow/example_dags/example_params_ui_tutorial.py
[2024-11-11T03:34:26.791+0000] {processor.py:914} INFO - Processing file /home/airflow/.local/lib/python3.12/site-packages/airflow/example_dags/example_params_ui_tutorial.py for tasks to queue
[2024-11-11T03:34:26.793+0000] {logging_mixin.py:190} INFO - [2024-11-11T03:34:26.793+0000] {dagbag.py:588} INFO - Filling up the DagBag from /home/airflow/.local/lib/python3.12/site-packages/airflow/example_dags/example_params_ui_tutorial.py
[2024-11-11T03:34:26.798+0000] {processor.py:925} INFO - DAG(s) 'example_params_ui_tutorial' retrieved from /home/airflow/.local/lib/python3.12/site-packages/airflow/example_dags/example_params_ui_tutorial.py
[2024-11-11T03:34:26.818+0000] {logging_mixin.py:190} INFO - [2024-11-11T03:34:26.818+0000] {dag.py:3239} INFO - Sync 1 DAGs
[2024-11-11T03:34:26.825+0000] {logging_mixin.py:190} INFO - [2024-11-11T03:34:26.825+0000] {dag.py:4180} INFO - Setting next_dagrun for example_params_ui_tutorial to None, run_after=None
[2024-11-11T03:34:26.834+0000] {processor.py:208} INFO - Processing /home/airflow/.local/lib/python3.12/site-packages/airflow/example_dags/example_params_ui_tutorial.py took 0.046 seconds
[2024-11-11T03:34:57.628+0000] {processor.py:186} INFO - Started process (PID=7302) to work on /home/airflow/.local/lib/python3.12/site-packages/airflow/example_dags/example_params_ui_tutorial.py
[2024-11-11T03:34:57.628+0000] {processor.py:914} INFO - Processing file /home/airflow/.local/lib/python3.12/site-packages/airflow/example_dags/example_params_ui_tutorial.py for tasks to queue
[2024-11-11T03:34:57.630+0000] {logging_mixin.py:190} INFO - [2024-11-11T03:34:57.629+0000] {dagbag.py:588} INFO - Filling up the DagBag from /home/airflow/.local/lib/python3.12/site-packages/airflow/example_dags/example_params_ui_tutorial.py
[2024-11-11T03:34:57.635+0000] {processor.py:925} INFO - DAG(s) 'example_params_ui_tutorial' retrieved from /home/airflow/.local/lib/python3.12/site-packages/airflow/example_dags/example_params_ui_tutorial.py
[2024-11-11T03:34:57.655+0000] {logging_mixin.py:190} INFO - [2024-11-11T03:34:57.655+0000] {dag.py:3239} INFO - Sync 1 DAGs
[2024-11-11T03:34:57.662+0000] {logging_mixin.py:190} INFO - [2024-11-11T03:34:57.662+0000] {dag.py:4180} INFO - Setting next_dagrun for example_params_ui_tutorial to None, run_after=None
[2024-11-11T03:34:57.670+0000] {processor.py:208} INFO - Processing /home/airflow/.local/lib/python3.12/site-packages/airflow/example_dags/example_params_ui_tutorial.py took 0.047 seconds
[2024-11-11T03:35:28.310+0000] {processor.py:186} INFO - Started process (PID=7365) to work on /home/airflow/.local/lib/python3.12/site-packages/airflow/example_dags/example_params_ui_tutorial.py
[2024-11-11T03:35:28.311+0000] {processor.py:914} INFO - Processing file /home/airflow/.local/lib/python3.12/site-packages/airflow/example_dags/example_params_ui_tutorial.py for tasks to queue
[2024-11-11T03:35:28.312+0000] {logging_mixin.py:190} INFO - [2024-11-11T03:35:28.312+0000] {dagbag.py:588} INFO - Filling up the DagBag from /home/airflow/.local/lib/python3.12/site-packages/airflow/example_dags/example_params_ui_tutorial.py
[2024-11-11T03:35:28.317+0000] {processor.py:925} INFO - DAG(s) 'example_params_ui_tutorial' retrieved from /home/airflow/.local/lib/python3.12/site-packages/airflow/example_dags/example_params_ui_tutorial.py
[2024-11-11T03:35:28.337+0000] {logging_mixin.py:190} INFO - [2024-11-11T03:35:28.337+0000] {dag.py:3239} INFO - Sync 1 DAGs
[2024-11-11T03:35:28.344+0000] {logging_mixin.py:190} INFO - [2024-11-11T03:35:28.344+0000] {dag.py:4180} INFO - Setting next_dagrun for example_params_ui_tutorial to None, run_after=None
[2024-11-11T03:35:28.353+0000] {processor.py:208} INFO - Processing /home/airflow/.local/lib/python3.12/site-packages/airflow/example_dags/example_params_ui_tutorial.py took 0.047 seconds
[2024-11-11T03:35:59.048+0000] {processor.py:186} INFO - Started process (PID=7427) to work on /home/airflow/.local/lib/python3.12/site-packages/airflow/example_dags/example_params_ui_tutorial.py
[2024-11-11T03:35:59.049+0000] {processor.py:914} INFO - Processing file /home/airflow/.local/lib/python3.12/site-packages/airflow/example_dags/example_params_ui_tutorial.py for tasks to queue
[2024-11-11T03:35:59.050+0000] {logging_mixin.py:190} INFO - [2024-11-11T03:35:59.050+0000] {dagbag.py:588} INFO - Filling up the DagBag from /home/airflow/.local/lib/python3.12/site-packages/airflow/example_dags/example_params_ui_tutorial.py
[2024-11-11T03:35:59.055+0000] {processor.py:925} INFO - DAG(s) 'example_params_ui_tutorial' retrieved from /home/airflow/.local/lib/python3.12/site-packages/airflow/example_dags/example_params_ui_tutorial.py
[2024-11-11T03:35:59.075+0000] {logging_mixin.py:190} INFO - [2024-11-11T03:35:59.075+0000] {dag.py:3239} INFO - Sync 1 DAGs
[2024-11-11T03:35:59.082+0000] {logging_mixin.py:190} INFO - [2024-11-11T03:35:59.082+0000] {dag.py:4180} INFO - Setting next_dagrun for example_params_ui_tutorial to None, run_after=None
[2024-11-11T03:35:59.091+0000] {processor.py:208} INFO - Processing /home/airflow/.local/lib/python3.12/site-packages/airflow/example_dags/example_params_ui_tutorial.py took 0.046 seconds
[2024-11-11T03:36:29.695+0000] {processor.py:186} INFO - Started process (PID=7491) to work on /home/airflow/.local/lib/python3.12/site-packages/airflow/example_dags/example_params_ui_tutorial.py
[2024-11-11T03:36:29.696+0000] {processor.py:914} INFO - Processing file /home/airflow/.local/lib/python3.12/site-packages/airflow/example_dags/example_params_ui_tutorial.py for tasks to queue
[2024-11-11T03:36:29.697+0000] {logging_mixin.py:190} INFO - [2024-11-11T03:36:29.697+0000] {dagbag.py:588} INFO - Filling up the DagBag from /home/airflow/.local/lib/python3.12/site-packages/airflow/example_dags/example_params_ui_tutorial.py
[2024-11-11T03:36:29.702+0000] {processor.py:925} INFO - DAG(s) 'example_params_ui_tutorial' retrieved from /home/airflow/.local/lib/python3.12/site-packages/airflow/example_dags/example_params_ui_tutorial.py
[2024-11-11T03:36:29.722+0000] {logging_mixin.py:190} INFO - [2024-11-11T03:36:29.722+0000] {dag.py:3239} INFO - Sync 1 DAGs
[2024-11-11T03:36:29.729+0000] {logging_mixin.py:190} INFO - [2024-11-11T03:36:29.729+0000] {dag.py:4180} INFO - Setting next_dagrun for example_params_ui_tutorial to None, run_after=None
[2024-11-11T03:36:29.737+0000] {processor.py:208} INFO - Processing /home/airflow/.local/lib/python3.12/site-packages/airflow/example_dags/example_params_ui_tutorial.py took 0.045 seconds
[2024-11-11T03:37:00.474+0000] {processor.py:186} INFO - Started process (PID=7553) to work on /home/airflow/.local/lib/python3.12/site-packages/airflow/example_dags/example_params_ui_tutorial.py
[2024-11-11T03:37:00.475+0000] {processor.py:914} INFO - Processing file /home/airflow/.local/lib/python3.12/site-packages/airflow/example_dags/example_params_ui_tutorial.py for tasks to queue
[2024-11-11T03:37:00.476+0000] {logging_mixin.py:190} INFO - [2024-11-11T03:37:00.476+0000] {dagbag.py:588} INFO - Filling up the DagBag from /home/airflow/.local/lib/python3.12/site-packages/airflow/example_dags/example_params_ui_tutorial.py
[2024-11-11T03:37:00.481+0000] {processor.py:925} INFO - DAG(s) 'example_params_ui_tutorial' retrieved from /home/airflow/.local/lib/python3.12/site-packages/airflow/example_dags/example_params_ui_tutorial.py
[2024-11-11T03:37:00.501+0000] {logging_mixin.py:190} INFO - [2024-11-11T03:37:00.501+0000] {dag.py:3239} INFO - Sync 1 DAGs
[2024-11-11T03:37:00.509+0000] {logging_mixin.py:190} INFO - [2024-11-11T03:37:00.509+0000] {dag.py:4180} INFO - Setting next_dagrun for example_params_ui_tutorial to None, run_after=None
[2024-11-11T03:37:00.518+0000] {processor.py:208} INFO - Processing /home/airflow/.local/lib/python3.12/site-packages/airflow/example_dags/example_params_ui_tutorial.py took 0.048 seconds
[2024-11-11T03:37:31.101+0000] {processor.py:186} INFO - Started process (PID=7617) to work on /home/airflow/.local/lib/python3.12/site-packages/airflow/example_dags/example_params_ui_tutorial.py
[2024-11-11T03:37:31.102+0000] {processor.py:914} INFO - Processing file /home/airflow/.local/lib/python3.12/site-packages/airflow/example_dags/example_params_ui_tutorial.py for tasks to queue
[2024-11-11T03:37:31.103+0000] {logging_mixin.py:190} INFO - [2024-11-11T03:37:31.103+0000] {dagbag.py:588} INFO - Filling up the DagBag from /home/airflow/.local/lib/python3.12/site-packages/airflow/example_dags/example_params_ui_tutorial.py
[2024-11-11T03:37:31.109+0000] {processor.py:925} INFO - DAG(s) 'example_params_ui_tutorial' retrieved from /home/airflow/.local/lib/python3.12/site-packages/airflow/example_dags/example_params_ui_tutorial.py
[2024-11-11T03:37:31.132+0000] {logging_mixin.py:190} INFO - [2024-11-11T03:37:31.131+0000] {dag.py:3239} INFO - Sync 1 DAGs
[2024-11-11T03:37:31.141+0000] {logging_mixin.py:190} INFO - [2024-11-11T03:37:31.141+0000] {dag.py:4180} INFO - Setting next_dagrun for example_params_ui_tutorial to None, run_after=None
[2024-11-11T03:37:31.151+0000] {processor.py:208} INFO - Processing /home/airflow/.local/lib/python3.12/site-packages/airflow/example_dags/example_params_ui_tutorial.py took 0.054 seconds
[2024-11-11T03:38:01.675+0000] {processor.py:186} INFO - Started process (PID=7684) to work on /home/airflow/.local/lib/python3.12/site-packages/airflow/example_dags/example_params_ui_tutorial.py
[2024-11-11T03:38:01.675+0000] {processor.py:914} INFO - Processing file /home/airflow/.local/lib/python3.12/site-packages/airflow/example_dags/example_params_ui_tutorial.py for tasks to queue
[2024-11-11T03:38:01.677+0000] {logging_mixin.py:190} INFO - [2024-11-11T03:38:01.677+0000] {dagbag.py:588} INFO - Filling up the DagBag from /home/airflow/.local/lib/python3.12/site-packages/airflow/example_dags/example_params_ui_tutorial.py
[2024-11-11T03:38:01.682+0000] {processor.py:925} INFO - DAG(s) 'example_params_ui_tutorial' retrieved from /home/airflow/.local/lib/python3.12/site-packages/airflow/example_dags/example_params_ui_tutorial.py
[2024-11-11T03:38:01.703+0000] {logging_mixin.py:190} INFO - [2024-11-11T03:38:01.703+0000] {dag.py:3239} INFO - Sync 1 DAGs
[2024-11-11T03:38:01.710+0000] {logging_mixin.py:190} INFO - [2024-11-11T03:38:01.710+0000] {dag.py:4180} INFO - Setting next_dagrun for example_params_ui_tutorial to None, run_after=None
[2024-11-11T03:38:01.719+0000] {processor.py:208} INFO - Processing /home/airflow/.local/lib/python3.12/site-packages/airflow/example_dags/example_params_ui_tutorial.py took 0.048 seconds
[2024-11-11T03:38:32.272+0000] {processor.py:186} INFO - Started process (PID=7747) to work on /home/airflow/.local/lib/python3.12/site-packages/airflow/example_dags/example_params_ui_tutorial.py
[2024-11-11T03:38:32.272+0000] {processor.py:914} INFO - Processing file /home/airflow/.local/lib/python3.12/site-packages/airflow/example_dags/example_params_ui_tutorial.py for tasks to queue
[2024-11-11T03:38:32.274+0000] {logging_mixin.py:190} INFO - [2024-11-11T03:38:32.274+0000] {dagbag.py:588} INFO - Filling up the DagBag from /home/airflow/.local/lib/python3.12/site-packages/airflow/example_dags/example_params_ui_tutorial.py
[2024-11-11T03:38:32.279+0000] {processor.py:925} INFO - DAG(s) 'example_params_ui_tutorial' retrieved from /home/airflow/.local/lib/python3.12/site-packages/airflow/example_dags/example_params_ui_tutorial.py
[2024-11-11T03:38:32.298+0000] {logging_mixin.py:190} INFO - [2024-11-11T03:38:32.298+0000] {dag.py:3239} INFO - Sync 1 DAGs
[2024-11-11T03:38:32.305+0000] {logging_mixin.py:190} INFO - [2024-11-11T03:38:32.305+0000] {dag.py:4180} INFO - Setting next_dagrun for example_params_ui_tutorial to None, run_after=None
[2024-11-11T03:38:32.314+0000] {processor.py:208} INFO - Processing /home/airflow/.local/lib/python3.12/site-packages/airflow/example_dags/example_params_ui_tutorial.py took 0.045 seconds
[2024-11-11T03:39:02.957+0000] {processor.py:186} INFO - Started process (PID=7810) to work on /home/airflow/.local/lib/python3.12/site-packages/airflow/example_dags/example_params_ui_tutorial.py
[2024-11-11T03:39:02.958+0000] {processor.py:914} INFO - Processing file /home/airflow/.local/lib/python3.12/site-packages/airflow/example_dags/example_params_ui_tutorial.py for tasks to queue
[2024-11-11T03:39:02.959+0000] {logging_mixin.py:190} INFO - [2024-11-11T03:39:02.959+0000] {dagbag.py:588} INFO - Filling up the DagBag from /home/airflow/.local/lib/python3.12/site-packages/airflow/example_dags/example_params_ui_tutorial.py
[2024-11-11T03:39:02.964+0000] {processor.py:925} INFO - DAG(s) 'example_params_ui_tutorial' retrieved from /home/airflow/.local/lib/python3.12/site-packages/airflow/example_dags/example_params_ui_tutorial.py
[2024-11-11T03:39:02.984+0000] {logging_mixin.py:190} INFO - [2024-11-11T03:39:02.984+0000] {dag.py:3239} INFO - Sync 1 DAGs
[2024-11-11T03:39:02.991+0000] {logging_mixin.py:190} INFO - [2024-11-11T03:39:02.991+0000] {dag.py:4180} INFO - Setting next_dagrun for example_params_ui_tutorial to None, run_after=None
[2024-11-11T03:39:02.999+0000] {processor.py:208} INFO - Processing /home/airflow/.local/lib/python3.12/site-packages/airflow/example_dags/example_params_ui_tutorial.py took 0.046 seconds
[2024-11-11T03:39:33.660+0000] {processor.py:186} INFO - Started process (PID=7872) to work on /home/airflow/.local/lib/python3.12/site-packages/airflow/example_dags/example_params_ui_tutorial.py
[2024-11-11T03:39:33.660+0000] {processor.py:914} INFO - Processing file /home/airflow/.local/lib/python3.12/site-packages/airflow/example_dags/example_params_ui_tutorial.py for tasks to queue
[2024-11-11T03:39:33.662+0000] {logging_mixin.py:190} INFO - [2024-11-11T03:39:33.661+0000] {dagbag.py:588} INFO - Filling up the DagBag from /home/airflow/.local/lib/python3.12/site-packages/airflow/example_dags/example_params_ui_tutorial.py
[2024-11-11T03:39:33.667+0000] {processor.py:925} INFO - DAG(s) 'example_params_ui_tutorial' retrieved from /home/airflow/.local/lib/python3.12/site-packages/airflow/example_dags/example_params_ui_tutorial.py
[2024-11-11T03:39:33.686+0000] {logging_mixin.py:190} INFO - [2024-11-11T03:39:33.686+0000] {dag.py:3239} INFO - Sync 1 DAGs
[2024-11-11T03:39:33.694+0000] {logging_mixin.py:190} INFO - [2024-11-11T03:39:33.694+0000] {dag.py:4180} INFO - Setting next_dagrun for example_params_ui_tutorial to None, run_after=None
[2024-11-11T03:39:33.702+0000] {processor.py:208} INFO - Processing /home/airflow/.local/lib/python3.12/site-packages/airflow/example_dags/example_params_ui_tutorial.py took 0.046 seconds
[2024-11-11T03:40:04.321+0000] {processor.py:186} INFO - Started process (PID=7936) to work on /home/airflow/.local/lib/python3.12/site-packages/airflow/example_dags/example_params_ui_tutorial.py
[2024-11-11T03:40:04.321+0000] {processor.py:914} INFO - Processing file /home/airflow/.local/lib/python3.12/site-packages/airflow/example_dags/example_params_ui_tutorial.py for tasks to queue
[2024-11-11T03:40:04.323+0000] {logging_mixin.py:190} INFO - [2024-11-11T03:40:04.323+0000] {dagbag.py:588} INFO - Filling up the DagBag from /home/airflow/.local/lib/python3.12/site-packages/airflow/example_dags/example_params_ui_tutorial.py
[2024-11-11T03:40:04.328+0000] {processor.py:925} INFO - DAG(s) 'example_params_ui_tutorial' retrieved from /home/airflow/.local/lib/python3.12/site-packages/airflow/example_dags/example_params_ui_tutorial.py
[2024-11-11T03:40:04.347+0000] {logging_mixin.py:190} INFO - [2024-11-11T03:40:04.347+0000] {dag.py:3239} INFO - Sync 1 DAGs
[2024-11-11T03:40:04.355+0000] {logging_mixin.py:190} INFO - [2024-11-11T03:40:04.354+0000] {dag.py:4180} INFO - Setting next_dagrun for example_params_ui_tutorial to None, run_after=None
[2024-11-11T03:40:04.363+0000] {processor.py:208} INFO - Processing /home/airflow/.local/lib/python3.12/site-packages/airflow/example_dags/example_params_ui_tutorial.py took 0.046 seconds
[2024-11-11T03:40:35.094+0000] {processor.py:186} INFO - Started process (PID=7998) to work on /home/airflow/.local/lib/python3.12/site-packages/airflow/example_dags/example_params_ui_tutorial.py
[2024-11-11T03:40:35.095+0000] {processor.py:914} INFO - Processing file /home/airflow/.local/lib/python3.12/site-packages/airflow/example_dags/example_params_ui_tutorial.py for tasks to queue
[2024-11-11T03:40:35.096+0000] {logging_mixin.py:190} INFO - [2024-11-11T03:40:35.096+0000] {dagbag.py:588} INFO - Filling up the DagBag from /home/airflow/.local/lib/python3.12/site-packages/airflow/example_dags/example_params_ui_tutorial.py
[2024-11-11T03:40:35.102+0000] {processor.py:925} INFO - DAG(s) 'example_params_ui_tutorial' retrieved from /home/airflow/.local/lib/python3.12/site-packages/airflow/example_dags/example_params_ui_tutorial.py
[2024-11-11T03:40:35.123+0000] {logging_mixin.py:190} INFO - [2024-11-11T03:40:35.122+0000] {dag.py:3239} INFO - Sync 1 DAGs
[2024-11-11T03:40:35.130+0000] {logging_mixin.py:190} INFO - [2024-11-11T03:40:35.130+0000] {dag.py:4180} INFO - Setting next_dagrun for example_params_ui_tutorial to None, run_after=None
[2024-11-11T03:40:35.138+0000] {processor.py:208} INFO - Processing /home/airflow/.local/lib/python3.12/site-packages/airflow/example_dags/example_params_ui_tutorial.py took 0.049 seconds
[2024-11-11T03:41:06.025+0000] {processor.py:186} INFO - Started process (PID=8061) to work on /home/airflow/.local/lib/python3.12/site-packages/airflow/example_dags/example_params_ui_tutorial.py
[2024-11-11T03:41:06.026+0000] {processor.py:914} INFO - Processing file /home/airflow/.local/lib/python3.12/site-packages/airflow/example_dags/example_params_ui_tutorial.py for tasks to queue
[2024-11-11T03:41:06.027+0000] {logging_mixin.py:190} INFO - [2024-11-11T03:41:06.027+0000] {dagbag.py:588} INFO - Filling up the DagBag from /home/airflow/.local/lib/python3.12/site-packages/airflow/example_dags/example_params_ui_tutorial.py
[2024-11-11T03:41:06.033+0000] {processor.py:925} INFO - DAG(s) 'example_params_ui_tutorial' retrieved from /home/airflow/.local/lib/python3.12/site-packages/airflow/example_dags/example_params_ui_tutorial.py
[2024-11-11T03:41:06.053+0000] {logging_mixin.py:190} INFO - [2024-11-11T03:41:06.052+0000] {dag.py:3239} INFO - Sync 1 DAGs
[2024-11-11T03:41:06.060+0000] {logging_mixin.py:190} INFO - [2024-11-11T03:41:06.060+0000] {dag.py:4180} INFO - Setting next_dagrun for example_params_ui_tutorial to None, run_after=None
[2024-11-11T03:41:06.068+0000] {processor.py:208} INFO - Processing /home/airflow/.local/lib/python3.12/site-packages/airflow/example_dags/example_params_ui_tutorial.py took 0.046 seconds
[2024-11-11T03:41:36.692+0000] {processor.py:186} INFO - Started process (PID=8124) to work on /home/airflow/.local/lib/python3.12/site-packages/airflow/example_dags/example_params_ui_tutorial.py
[2024-11-11T03:41:36.692+0000] {processor.py:914} INFO - Processing file /home/airflow/.local/lib/python3.12/site-packages/airflow/example_dags/example_params_ui_tutorial.py for tasks to queue
[2024-11-11T03:41:36.694+0000] {logging_mixin.py:190} INFO - [2024-11-11T03:41:36.694+0000] {dagbag.py:588} INFO - Filling up the DagBag from /home/airflow/.local/lib/python3.12/site-packages/airflow/example_dags/example_params_ui_tutorial.py
[2024-11-11T03:41:36.699+0000] {processor.py:925} INFO - DAG(s) 'example_params_ui_tutorial' retrieved from /home/airflow/.local/lib/python3.12/site-packages/airflow/example_dags/example_params_ui_tutorial.py
[2024-11-11T03:41:36.724+0000] {logging_mixin.py:190} INFO - [2024-11-11T03:41:36.724+0000] {dag.py:3239} INFO - Sync 1 DAGs
[2024-11-11T03:41:36.732+0000] {logging_mixin.py:190} INFO - [2024-11-11T03:41:36.732+0000] {dag.py:4180} INFO - Setting next_dagrun for example_params_ui_tutorial to None, run_after=None
[2024-11-11T03:41:36.743+0000] {processor.py:208} INFO - Processing /home/airflow/.local/lib/python3.12/site-packages/airflow/example_dags/example_params_ui_tutorial.py took 0.055 seconds
[2024-11-11T03:42:07.514+0000] {processor.py:186} INFO - Started process (PID=8186) to work on /home/airflow/.local/lib/python3.12/site-packages/airflow/example_dags/example_params_ui_tutorial.py
[2024-11-11T03:42:07.515+0000] {processor.py:914} INFO - Processing file /home/airflow/.local/lib/python3.12/site-packages/airflow/example_dags/example_params_ui_tutorial.py for tasks to queue
[2024-11-11T03:42:07.516+0000] {logging_mixin.py:190} INFO - [2024-11-11T03:42:07.516+0000] {dagbag.py:588} INFO - Filling up the DagBag from /home/airflow/.local/lib/python3.12/site-packages/airflow/example_dags/example_params_ui_tutorial.py
[2024-11-11T03:42:07.522+0000] {processor.py:925} INFO - DAG(s) 'example_params_ui_tutorial' retrieved from /home/airflow/.local/lib/python3.12/site-packages/airflow/example_dags/example_params_ui_tutorial.py
[2024-11-11T03:42:07.541+0000] {logging_mixin.py:190} INFO - [2024-11-11T03:42:07.541+0000] {dag.py:3239} INFO - Sync 1 DAGs
[2024-11-11T03:42:07.549+0000] {logging_mixin.py:190} INFO - [2024-11-11T03:42:07.548+0000] {dag.py:4180} INFO - Setting next_dagrun for example_params_ui_tutorial to None, run_after=None
[2024-11-11T03:42:07.557+0000] {processor.py:208} INFO - Processing /home/airflow/.local/lib/python3.12/site-packages/airflow/example_dags/example_params_ui_tutorial.py took 0.046 seconds
[2024-11-11T03:42:38.224+0000] {processor.py:186} INFO - Started process (PID=8249) to work on /home/airflow/.local/lib/python3.12/site-packages/airflow/example_dags/example_params_ui_tutorial.py
[2024-11-11T03:42:38.225+0000] {processor.py:914} INFO - Processing file /home/airflow/.local/lib/python3.12/site-packages/airflow/example_dags/example_params_ui_tutorial.py for tasks to queue
[2024-11-11T03:42:38.226+0000] {logging_mixin.py:190} INFO - [2024-11-11T03:42:38.226+0000] {dagbag.py:588} INFO - Filling up the DagBag from /home/airflow/.local/lib/python3.12/site-packages/airflow/example_dags/example_params_ui_tutorial.py
[2024-11-11T03:42:38.232+0000] {processor.py:925} INFO - DAG(s) 'example_params_ui_tutorial' retrieved from /home/airflow/.local/lib/python3.12/site-packages/airflow/example_dags/example_params_ui_tutorial.py
[2024-11-11T03:42:38.252+0000] {logging_mixin.py:190} INFO - [2024-11-11T03:42:38.252+0000] {dag.py:3239} INFO - Sync 1 DAGs
[2024-11-11T03:42:38.260+0000] {logging_mixin.py:190} INFO - [2024-11-11T03:42:38.260+0000] {dag.py:4180} INFO - Setting next_dagrun for example_params_ui_tutorial to None, run_after=None
[2024-11-11T03:42:38.269+0000] {processor.py:208} INFO - Processing /home/airflow/.local/lib/python3.12/site-packages/airflow/example_dags/example_params_ui_tutorial.py took 0.049 seconds
[2024-11-11T03:43:08.982+0000] {processor.py:186} INFO - Started process (PID=8312) to work on /home/airflow/.local/lib/python3.12/site-packages/airflow/example_dags/example_params_ui_tutorial.py
[2024-11-11T03:43:08.983+0000] {processor.py:914} INFO - Processing file /home/airflow/.local/lib/python3.12/site-packages/airflow/example_dags/example_params_ui_tutorial.py for tasks to queue
[2024-11-11T03:43:08.984+0000] {logging_mixin.py:190} INFO - [2024-11-11T03:43:08.984+0000] {dagbag.py:588} INFO - Filling up the DagBag from /home/airflow/.local/lib/python3.12/site-packages/airflow/example_dags/example_params_ui_tutorial.py
[2024-11-11T03:43:08.989+0000] {processor.py:925} INFO - DAG(s) 'example_params_ui_tutorial' retrieved from /home/airflow/.local/lib/python3.12/site-packages/airflow/example_dags/example_params_ui_tutorial.py
[2024-11-11T03:43:09.009+0000] {logging_mixin.py:190} INFO - [2024-11-11T03:43:09.009+0000] {dag.py:3239} INFO - Sync 1 DAGs
[2024-11-11T03:43:09.016+0000] {logging_mixin.py:190} INFO - [2024-11-11T03:43:09.016+0000] {dag.py:4180} INFO - Setting next_dagrun for example_params_ui_tutorial to None, run_after=None
[2024-11-11T03:43:09.025+0000] {processor.py:208} INFO - Processing /home/airflow/.local/lib/python3.12/site-packages/airflow/example_dags/example_params_ui_tutorial.py took 0.047 seconds
[2024-11-11T03:43:39.572+0000] {processor.py:186} INFO - Started process (PID=8376) to work on /home/airflow/.local/lib/python3.12/site-packages/airflow/example_dags/example_params_ui_tutorial.py
[2024-11-11T03:43:39.573+0000] {processor.py:914} INFO - Processing file /home/airflow/.local/lib/python3.12/site-packages/airflow/example_dags/example_params_ui_tutorial.py for tasks to queue
[2024-11-11T03:43:39.574+0000] {logging_mixin.py:190} INFO - [2024-11-11T03:43:39.574+0000] {dagbag.py:588} INFO - Filling up the DagBag from /home/airflow/.local/lib/python3.12/site-packages/airflow/example_dags/example_params_ui_tutorial.py
[2024-11-11T03:43:39.579+0000] {processor.py:925} INFO - DAG(s) 'example_params_ui_tutorial' retrieved from /home/airflow/.local/lib/python3.12/site-packages/airflow/example_dags/example_params_ui_tutorial.py
[2024-11-11T03:43:39.599+0000] {logging_mixin.py:190} INFO - [2024-11-11T03:43:39.599+0000] {dag.py:3239} INFO - Sync 1 DAGs
[2024-11-11T03:43:39.606+0000] {logging_mixin.py:190} INFO - [2024-11-11T03:43:39.606+0000] {dag.py:4180} INFO - Setting next_dagrun for example_params_ui_tutorial to None, run_after=None
[2024-11-11T03:43:39.615+0000] {processor.py:208} INFO - Processing /home/airflow/.local/lib/python3.12/site-packages/airflow/example_dags/example_params_ui_tutorial.py took 0.047 seconds
[2024-11-11T03:44:10.202+0000] {processor.py:186} INFO - Started process (PID=8439) to work on /home/airflow/.local/lib/python3.12/site-packages/airflow/example_dags/example_params_ui_tutorial.py
[2024-11-11T03:44:10.203+0000] {processor.py:914} INFO - Processing file /home/airflow/.local/lib/python3.12/site-packages/airflow/example_dags/example_params_ui_tutorial.py for tasks to queue
[2024-11-11T03:44:10.204+0000] {logging_mixin.py:190} INFO - [2024-11-11T03:44:10.204+0000] {dagbag.py:588} INFO - Filling up the DagBag from /home/airflow/.local/lib/python3.12/site-packages/airflow/example_dags/example_params_ui_tutorial.py
[2024-11-11T03:44:10.210+0000] {processor.py:925} INFO - DAG(s) 'example_params_ui_tutorial' retrieved from /home/airflow/.local/lib/python3.12/site-packages/airflow/example_dags/example_params_ui_tutorial.py
[2024-11-11T03:44:10.230+0000] {logging_mixin.py:190} INFO - [2024-11-11T03:44:10.230+0000] {dag.py:3239} INFO - Sync 1 DAGs
[2024-11-11T03:44:10.238+0000] {logging_mixin.py:190} INFO - [2024-11-11T03:44:10.238+0000] {dag.py:4180} INFO - Setting next_dagrun for example_params_ui_tutorial to None, run_after=None
[2024-11-11T03:44:10.248+0000] {processor.py:208} INFO - Processing /home/airflow/.local/lib/python3.12/site-packages/airflow/example_dags/example_params_ui_tutorial.py took 0.049 seconds
[2024-11-11T03:44:40.875+0000] {processor.py:186} INFO - Started process (PID=8501) to work on /home/airflow/.local/lib/python3.12/site-packages/airflow/example_dags/example_params_ui_tutorial.py
[2024-11-11T03:44:40.876+0000] {processor.py:914} INFO - Processing file /home/airflow/.local/lib/python3.12/site-packages/airflow/example_dags/example_params_ui_tutorial.py for tasks to queue
[2024-11-11T03:44:40.877+0000] {logging_mixin.py:190} INFO - [2024-11-11T03:44:40.877+0000] {dagbag.py:588} INFO - Filling up the DagBag from /home/airflow/.local/lib/python3.12/site-packages/airflow/example_dags/example_params_ui_tutorial.py
[2024-11-11T03:44:40.883+0000] {processor.py:925} INFO - DAG(s) 'example_params_ui_tutorial' retrieved from /home/airflow/.local/lib/python3.12/site-packages/airflow/example_dags/example_params_ui_tutorial.py
[2024-11-11T03:44:40.904+0000] {logging_mixin.py:190} INFO - [2024-11-11T03:44:40.903+0000] {dag.py:3239} INFO - Sync 1 DAGs
[2024-11-11T03:44:40.911+0000] {logging_mixin.py:190} INFO - [2024-11-11T03:44:40.911+0000] {dag.py:4180} INFO - Setting next_dagrun for example_params_ui_tutorial to None, run_after=None
[2024-11-11T03:44:40.920+0000] {processor.py:208} INFO - Processing /home/airflow/.local/lib/python3.12/site-packages/airflow/example_dags/example_params_ui_tutorial.py took 0.049 seconds
[2024-11-11T03:45:11.725+0000] {processor.py:186} INFO - Started process (PID=8564) to work on /home/airflow/.local/lib/python3.12/site-packages/airflow/example_dags/example_params_ui_tutorial.py
[2024-11-11T03:45:11.726+0000] {processor.py:914} INFO - Processing file /home/airflow/.local/lib/python3.12/site-packages/airflow/example_dags/example_params_ui_tutorial.py for tasks to queue
[2024-11-11T03:45:11.727+0000] {logging_mixin.py:190} INFO - [2024-11-11T03:45:11.727+0000] {dagbag.py:588} INFO - Filling up the DagBag from /home/airflow/.local/lib/python3.12/site-packages/airflow/example_dags/example_params_ui_tutorial.py
[2024-11-11T03:45:11.733+0000] {processor.py:925} INFO - DAG(s) 'example_params_ui_tutorial' retrieved from /home/airflow/.local/lib/python3.12/site-packages/airflow/example_dags/example_params_ui_tutorial.py
[2024-11-11T03:45:11.752+0000] {logging_mixin.py:190} INFO - [2024-11-11T03:45:11.752+0000] {dag.py:3239} INFO - Sync 1 DAGs
[2024-11-11T03:45:11.759+0000] {logging_mixin.py:190} INFO - [2024-11-11T03:45:11.759+0000] {dag.py:4180} INFO - Setting next_dagrun for example_params_ui_tutorial to None, run_after=None
[2024-11-11T03:45:11.768+0000] {processor.py:208} INFO - Processing /home/airflow/.local/lib/python3.12/site-packages/airflow/example_dags/example_params_ui_tutorial.py took 0.046 seconds
[2024-11-11T03:45:42.246+0000] {processor.py:186} INFO - Started process (PID=8627) to work on /home/airflow/.local/lib/python3.12/site-packages/airflow/example_dags/example_params_ui_tutorial.py
[2024-11-11T03:45:42.246+0000] {processor.py:914} INFO - Processing file /home/airflow/.local/lib/python3.12/site-packages/airflow/example_dags/example_params_ui_tutorial.py for tasks to queue
[2024-11-11T03:45:42.248+0000] {logging_mixin.py:190} INFO - [2024-11-11T03:45:42.248+0000] {dagbag.py:588} INFO - Filling up the DagBag from /home/airflow/.local/lib/python3.12/site-packages/airflow/example_dags/example_params_ui_tutorial.py
[2024-11-11T03:45:42.253+0000] {processor.py:925} INFO - DAG(s) 'example_params_ui_tutorial' retrieved from /home/airflow/.local/lib/python3.12/site-packages/airflow/example_dags/example_params_ui_tutorial.py
[2024-11-11T03:45:42.273+0000] {logging_mixin.py:190} INFO - [2024-11-11T03:45:42.273+0000] {dag.py:3239} INFO - Sync 1 DAGs
[2024-11-11T03:45:42.281+0000] {logging_mixin.py:190} INFO - [2024-11-11T03:45:42.281+0000] {dag.py:4180} INFO - Setting next_dagrun for example_params_ui_tutorial to None, run_after=None
[2024-11-11T03:45:42.289+0000] {processor.py:208} INFO - Processing /home/airflow/.local/lib/python3.12/site-packages/airflow/example_dags/example_params_ui_tutorial.py took 0.047 seconds
[2024-11-11T03:46:13.011+0000] {processor.py:186} INFO - Started process (PID=8690) to work on /home/airflow/.local/lib/python3.12/site-packages/airflow/example_dags/example_params_ui_tutorial.py
[2024-11-11T03:46:13.012+0000] {processor.py:914} INFO - Processing file /home/airflow/.local/lib/python3.12/site-packages/airflow/example_dags/example_params_ui_tutorial.py for tasks to queue
[2024-11-11T03:46:13.013+0000] {logging_mixin.py:190} INFO - [2024-11-11T03:46:13.013+0000] {dagbag.py:588} INFO - Filling up the DagBag from /home/airflow/.local/lib/python3.12/site-packages/airflow/example_dags/example_params_ui_tutorial.py
[2024-11-11T03:46:13.019+0000] {processor.py:925} INFO - DAG(s) 'example_params_ui_tutorial' retrieved from /home/airflow/.local/lib/python3.12/site-packages/airflow/example_dags/example_params_ui_tutorial.py
[2024-11-11T03:46:13.038+0000] {logging_mixin.py:190} INFO - [2024-11-11T03:46:13.038+0000] {dag.py:3239} INFO - Sync 1 DAGs
[2024-11-11T03:46:13.045+0000] {logging_mixin.py:190} INFO - [2024-11-11T03:46:13.045+0000] {dag.py:4180} INFO - Setting next_dagrun for example_params_ui_tutorial to None, run_after=None
[2024-11-11T03:46:13.054+0000] {processor.py:208} INFO - Processing /home/airflow/.local/lib/python3.12/site-packages/airflow/example_dags/example_params_ui_tutorial.py took 0.046 seconds
[2024-11-11T03:46:43.518+0000] {processor.py:186} INFO - Started process (PID=8753) to work on /home/airflow/.local/lib/python3.12/site-packages/airflow/example_dags/example_params_ui_tutorial.py
[2024-11-11T03:46:43.519+0000] {processor.py:914} INFO - Processing file /home/airflow/.local/lib/python3.12/site-packages/airflow/example_dags/example_params_ui_tutorial.py for tasks to queue
[2024-11-11T03:46:43.520+0000] {logging_mixin.py:190} INFO - [2024-11-11T03:46:43.520+0000] {dagbag.py:588} INFO - Filling up the DagBag from /home/airflow/.local/lib/python3.12/site-packages/airflow/example_dags/example_params_ui_tutorial.py
[2024-11-11T03:46:43.526+0000] {processor.py:925} INFO - DAG(s) 'example_params_ui_tutorial' retrieved from /home/airflow/.local/lib/python3.12/site-packages/airflow/example_dags/example_params_ui_tutorial.py
[2024-11-11T03:46:43.545+0000] {logging_mixin.py:190} INFO - [2024-11-11T03:46:43.545+0000] {dag.py:3239} INFO - Sync 1 DAGs
[2024-11-11T03:46:43.552+0000] {logging_mixin.py:190} INFO - [2024-11-11T03:46:43.552+0000] {dag.py:4180} INFO - Setting next_dagrun for example_params_ui_tutorial to None, run_after=None
[2024-11-11T03:46:43.561+0000] {processor.py:208} INFO - Processing /home/airflow/.local/lib/python3.12/site-packages/airflow/example_dags/example_params_ui_tutorial.py took 0.046 seconds
[2024-11-11T03:47:14.049+0000] {processor.py:186} INFO - Started process (PID=8816) to work on /home/airflow/.local/lib/python3.12/site-packages/airflow/example_dags/example_params_ui_tutorial.py
[2024-11-11T03:47:14.050+0000] {processor.py:914} INFO - Processing file /home/airflow/.local/lib/python3.12/site-packages/airflow/example_dags/example_params_ui_tutorial.py for tasks to queue
[2024-11-11T03:47:14.051+0000] {logging_mixin.py:190} INFO - [2024-11-11T03:47:14.051+0000] {dagbag.py:588} INFO - Filling up the DagBag from /home/airflow/.local/lib/python3.12/site-packages/airflow/example_dags/example_params_ui_tutorial.py
[2024-11-11T03:47:14.057+0000] {processor.py:925} INFO - DAG(s) 'example_params_ui_tutorial' retrieved from /home/airflow/.local/lib/python3.12/site-packages/airflow/example_dags/example_params_ui_tutorial.py
[2024-11-11T03:47:14.076+0000] {logging_mixin.py:190} INFO - [2024-11-11T03:47:14.076+0000] {dag.py:3239} INFO - Sync 1 DAGs
[2024-11-11T03:47:14.083+0000] {logging_mixin.py:190} INFO - [2024-11-11T03:47:14.083+0000] {dag.py:4180} INFO - Setting next_dagrun for example_params_ui_tutorial to None, run_after=None
[2024-11-11T03:47:14.092+0000] {processor.py:208} INFO - Processing /home/airflow/.local/lib/python3.12/site-packages/airflow/example_dags/example_params_ui_tutorial.py took 0.046 seconds
[2024-11-11T03:47:44.587+0000] {processor.py:186} INFO - Started process (PID=8879) to work on /home/airflow/.local/lib/python3.12/site-packages/airflow/example_dags/example_params_ui_tutorial.py
[2024-11-11T03:47:44.588+0000] {processor.py:914} INFO - Processing file /home/airflow/.local/lib/python3.12/site-packages/airflow/example_dags/example_params_ui_tutorial.py for tasks to queue
[2024-11-11T03:47:44.589+0000] {logging_mixin.py:190} INFO - [2024-11-11T03:47:44.589+0000] {dagbag.py:588} INFO - Filling up the DagBag from /home/airflow/.local/lib/python3.12/site-packages/airflow/example_dags/example_params_ui_tutorial.py
[2024-11-11T03:47:44.594+0000] {processor.py:925} INFO - DAG(s) 'example_params_ui_tutorial' retrieved from /home/airflow/.local/lib/python3.12/site-packages/airflow/example_dags/example_params_ui_tutorial.py
[2024-11-11T03:47:44.615+0000] {logging_mixin.py:190} INFO - [2024-11-11T03:47:44.615+0000] {dag.py:3239} INFO - Sync 1 DAGs
[2024-11-11T03:47:44.622+0000] {logging_mixin.py:190} INFO - [2024-11-11T03:47:44.622+0000] {dag.py:4180} INFO - Setting next_dagrun for example_params_ui_tutorial to None, run_after=None
[2024-11-11T03:47:44.631+0000] {processor.py:208} INFO - Processing /home/airflow/.local/lib/python3.12/site-packages/airflow/example_dags/example_params_ui_tutorial.py took 0.047 seconds
[2024-11-11T03:48:15.214+0000] {processor.py:186} INFO - Started process (PID=8942) to work on /home/airflow/.local/lib/python3.12/site-packages/airflow/example_dags/example_params_ui_tutorial.py
[2024-11-11T03:48:15.215+0000] {processor.py:914} INFO - Processing file /home/airflow/.local/lib/python3.12/site-packages/airflow/example_dags/example_params_ui_tutorial.py for tasks to queue
[2024-11-11T03:48:15.216+0000] {logging_mixin.py:190} INFO - [2024-11-11T03:48:15.216+0000] {dagbag.py:588} INFO - Filling up the DagBag from /home/airflow/.local/lib/python3.12/site-packages/airflow/example_dags/example_params_ui_tutorial.py
[2024-11-11T03:48:15.222+0000] {processor.py:925} INFO - DAG(s) 'example_params_ui_tutorial' retrieved from /home/airflow/.local/lib/python3.12/site-packages/airflow/example_dags/example_params_ui_tutorial.py
[2024-11-11T03:48:15.241+0000] {logging_mixin.py:190} INFO - [2024-11-11T03:48:15.241+0000] {dag.py:3239} INFO - Sync 1 DAGs
[2024-11-11T03:48:15.249+0000] {logging_mixin.py:190} INFO - [2024-11-11T03:48:15.249+0000] {dag.py:4180} INFO - Setting next_dagrun for example_params_ui_tutorial to None, run_after=None
[2024-11-11T03:48:15.257+0000] {processor.py:208} INFO - Processing /home/airflow/.local/lib/python3.12/site-packages/airflow/example_dags/example_params_ui_tutorial.py took 0.046 seconds
[2024-11-11T03:48:45.980+0000] {processor.py:186} INFO - Started process (PID=9005) to work on /home/airflow/.local/lib/python3.12/site-packages/airflow/example_dags/example_params_ui_tutorial.py
[2024-11-11T03:48:45.981+0000] {processor.py:914} INFO - Processing file /home/airflow/.local/lib/python3.12/site-packages/airflow/example_dags/example_params_ui_tutorial.py for tasks to queue
[2024-11-11T03:48:45.982+0000] {logging_mixin.py:190} INFO - [2024-11-11T03:48:45.982+0000] {dagbag.py:588} INFO - Filling up the DagBag from /home/airflow/.local/lib/python3.12/site-packages/airflow/example_dags/example_params_ui_tutorial.py
[2024-11-11T03:48:45.987+0000] {processor.py:925} INFO - DAG(s) 'example_params_ui_tutorial' retrieved from /home/airflow/.local/lib/python3.12/site-packages/airflow/example_dags/example_params_ui_tutorial.py
[2024-11-11T03:48:46.007+0000] {logging_mixin.py:190} INFO - [2024-11-11T03:48:46.007+0000] {dag.py:3239} INFO - Sync 1 DAGs
[2024-11-11T03:48:46.015+0000] {logging_mixin.py:190} INFO - [2024-11-11T03:48:46.015+0000] {dag.py:4180} INFO - Setting next_dagrun for example_params_ui_tutorial to None, run_after=None
[2024-11-11T03:48:46.023+0000] {processor.py:208} INFO - Processing /home/airflow/.local/lib/python3.12/site-packages/airflow/example_dags/example_params_ui_tutorial.py took 0.047 seconds
[2024-11-11T03:49:16.671+0000] {processor.py:186} INFO - Started process (PID=9068) to work on /home/airflow/.local/lib/python3.12/site-packages/airflow/example_dags/example_params_ui_tutorial.py
[2024-11-11T03:49:16.672+0000] {processor.py:914} INFO - Processing file /home/airflow/.local/lib/python3.12/site-packages/airflow/example_dags/example_params_ui_tutorial.py for tasks to queue
[2024-11-11T03:49:16.673+0000] {logging_mixin.py:190} INFO - [2024-11-11T03:49:16.673+0000] {dagbag.py:588} INFO - Filling up the DagBag from /home/airflow/.local/lib/python3.12/site-packages/airflow/example_dags/example_params_ui_tutorial.py
[2024-11-11T03:49:16.679+0000] {processor.py:925} INFO - DAG(s) 'example_params_ui_tutorial' retrieved from /home/airflow/.local/lib/python3.12/site-packages/airflow/example_dags/example_params_ui_tutorial.py
[2024-11-11T03:49:16.698+0000] {logging_mixin.py:190} INFO - [2024-11-11T03:49:16.698+0000] {dag.py:3239} INFO - Sync 1 DAGs
[2024-11-11T03:49:16.705+0000] {logging_mixin.py:190} INFO - [2024-11-11T03:49:16.705+0000] {dag.py:4180} INFO - Setting next_dagrun for example_params_ui_tutorial to None, run_after=None
[2024-11-11T03:49:16.714+0000] {processor.py:208} INFO - Processing /home/airflow/.local/lib/python3.12/site-packages/airflow/example_dags/example_params_ui_tutorial.py took 0.046 seconds
[2024-11-11T03:59:42.314+0000] {processor.py:186} INFO - Started process (PID=9132) to work on /home/airflow/.local/lib/python3.12/site-packages/airflow/example_dags/example_params_ui_tutorial.py
[2024-11-11T03:59:42.315+0000] {processor.py:914} INFO - Processing file /home/airflow/.local/lib/python3.12/site-packages/airflow/example_dags/example_params_ui_tutorial.py for tasks to queue
[2024-11-11T03:59:42.316+0000] {logging_mixin.py:190} INFO - [2024-11-11T03:59:42.316+0000] {dagbag.py:588} INFO - Filling up the DagBag from /home/airflow/.local/lib/python3.12/site-packages/airflow/example_dags/example_params_ui_tutorial.py
[2024-11-11T03:59:42.323+0000] {processor.py:925} INFO - DAG(s) 'example_params_ui_tutorial' retrieved from /home/airflow/.local/lib/python3.12/site-packages/airflow/example_dags/example_params_ui_tutorial.py
[2024-11-11T03:59:42.342+0000] {logging_mixin.py:190} INFO - [2024-11-11T03:59:42.342+0000] {dag.py:3239} INFO - Sync 1 DAGs
[2024-11-11T03:59:42.350+0000] {logging_mixin.py:190} INFO - [2024-11-11T03:59:42.350+0000] {dag.py:4180} INFO - Setting next_dagrun for example_params_ui_tutorial to None, run_after=None
[2024-11-11T03:59:42.360+0000] {processor.py:208} INFO - Processing /home/airflow/.local/lib/python3.12/site-packages/airflow/example_dags/example_params_ui_tutorial.py took 0.050 seconds
[2024-11-11T04:00:12.992+0000] {processor.py:186} INFO - Started process (PID=9195) to work on /home/airflow/.local/lib/python3.12/site-packages/airflow/example_dags/example_params_ui_tutorial.py
[2024-11-11T04:00:12.992+0000] {processor.py:914} INFO - Processing file /home/airflow/.local/lib/python3.12/site-packages/airflow/example_dags/example_params_ui_tutorial.py for tasks to queue
[2024-11-11T04:00:12.994+0000] {logging_mixin.py:190} INFO - [2024-11-11T04:00:12.994+0000] {dagbag.py:588} INFO - Filling up the DagBag from /home/airflow/.local/lib/python3.12/site-packages/airflow/example_dags/example_params_ui_tutorial.py
[2024-11-11T04:00:13.000+0000] {processor.py:925} INFO - DAG(s) 'example_params_ui_tutorial' retrieved from /home/airflow/.local/lib/python3.12/site-packages/airflow/example_dags/example_params_ui_tutorial.py
[2024-11-11T04:00:13.022+0000] {logging_mixin.py:190} INFO - [2024-11-11T04:00:13.022+0000] {dag.py:3239} INFO - Sync 1 DAGs
[2024-11-11T04:00:13.031+0000] {logging_mixin.py:190} INFO - [2024-11-11T04:00:13.031+0000] {dag.py:4180} INFO - Setting next_dagrun for example_params_ui_tutorial to None, run_after=None
[2024-11-11T04:00:13.039+0000] {processor.py:208} INFO - Processing /home/airflow/.local/lib/python3.12/site-packages/airflow/example_dags/example_params_ui_tutorial.py took 0.052 seconds
[2024-11-11T04:00:43.718+0000] {processor.py:186} INFO - Started process (PID=9258) to work on /home/airflow/.local/lib/python3.12/site-packages/airflow/example_dags/example_params_ui_tutorial.py
[2024-11-11T04:00:43.719+0000] {processor.py:914} INFO - Processing file /home/airflow/.local/lib/python3.12/site-packages/airflow/example_dags/example_params_ui_tutorial.py for tasks to queue
[2024-11-11T04:00:43.720+0000] {logging_mixin.py:190} INFO - [2024-11-11T04:00:43.720+0000] {dagbag.py:588} INFO - Filling up the DagBag from /home/airflow/.local/lib/python3.12/site-packages/airflow/example_dags/example_params_ui_tutorial.py
[2024-11-11T04:00:43.726+0000] {processor.py:925} INFO - DAG(s) 'example_params_ui_tutorial' retrieved from /home/airflow/.local/lib/python3.12/site-packages/airflow/example_dags/example_params_ui_tutorial.py
[2024-11-11T04:00:43.749+0000] {logging_mixin.py:190} INFO - [2024-11-11T04:00:43.749+0000] {dag.py:3239} INFO - Sync 1 DAGs
[2024-11-11T04:00:43.764+0000] {logging_mixin.py:190} INFO - [2024-11-11T04:00:43.763+0000] {dag.py:4180} INFO - Setting next_dagrun for example_params_ui_tutorial to None, run_after=None
[2024-11-11T04:00:43.781+0000] {processor.py:208} INFO - Processing /home/airflow/.local/lib/python3.12/site-packages/airflow/example_dags/example_params_ui_tutorial.py took 0.068 seconds
[2024-11-11T04:01:14.392+0000] {processor.py:186} INFO - Started process (PID=9321) to work on /home/airflow/.local/lib/python3.12/site-packages/airflow/example_dags/example_params_ui_tutorial.py
[2024-11-11T04:01:14.394+0000] {processor.py:914} INFO - Processing file /home/airflow/.local/lib/python3.12/site-packages/airflow/example_dags/example_params_ui_tutorial.py for tasks to queue
[2024-11-11T04:01:14.397+0000] {logging_mixin.py:190} INFO - [2024-11-11T04:01:14.396+0000] {dagbag.py:588} INFO - Filling up the DagBag from /home/airflow/.local/lib/python3.12/site-packages/airflow/example_dags/example_params_ui_tutorial.py
[2024-11-11T04:01:14.403+0000] {processor.py:925} INFO - DAG(s) 'example_params_ui_tutorial' retrieved from /home/airflow/.local/lib/python3.12/site-packages/airflow/example_dags/example_params_ui_tutorial.py
[2024-11-11T04:01:14.422+0000] {logging_mixin.py:190} INFO - [2024-11-11T04:01:14.422+0000] {dag.py:3239} INFO - Sync 1 DAGs
[2024-11-11T04:01:14.430+0000] {logging_mixin.py:190} INFO - [2024-11-11T04:01:14.430+0000] {dag.py:4180} INFO - Setting next_dagrun for example_params_ui_tutorial to None, run_after=None
[2024-11-11T04:01:14.439+0000] {processor.py:208} INFO - Processing /home/airflow/.local/lib/python3.12/site-packages/airflow/example_dags/example_params_ui_tutorial.py took 0.051 seconds
[2024-11-11T04:01:45.128+0000] {processor.py:186} INFO - Started process (PID=9383) to work on /home/airflow/.local/lib/python3.12/site-packages/airflow/example_dags/example_params_ui_tutorial.py
[2024-11-11T04:01:45.128+0000] {processor.py:914} INFO - Processing file /home/airflow/.local/lib/python3.12/site-packages/airflow/example_dags/example_params_ui_tutorial.py for tasks to queue
[2024-11-11T04:01:45.130+0000] {logging_mixin.py:190} INFO - [2024-11-11T04:01:45.129+0000] {dagbag.py:588} INFO - Filling up the DagBag from /home/airflow/.local/lib/python3.12/site-packages/airflow/example_dags/example_params_ui_tutorial.py
[2024-11-11T04:01:45.135+0000] {processor.py:925} INFO - DAG(s) 'example_params_ui_tutorial' retrieved from /home/airflow/.local/lib/python3.12/site-packages/airflow/example_dags/example_params_ui_tutorial.py
[2024-11-11T04:01:45.154+0000] {logging_mixin.py:190} INFO - [2024-11-11T04:01:45.154+0000] {dag.py:3239} INFO - Sync 1 DAGs
[2024-11-11T04:01:45.162+0000] {logging_mixin.py:190} INFO - [2024-11-11T04:01:45.162+0000] {dag.py:4180} INFO - Setting next_dagrun for example_params_ui_tutorial to None, run_after=None
[2024-11-11T04:01:45.171+0000] {processor.py:208} INFO - Processing /home/airflow/.local/lib/python3.12/site-packages/airflow/example_dags/example_params_ui_tutorial.py took 0.047 seconds
[2024-11-11T04:02:16.044+0000] {processor.py:186} INFO - Started process (PID=9446) to work on /home/airflow/.local/lib/python3.12/site-packages/airflow/example_dags/example_params_ui_tutorial.py
[2024-11-11T04:02:16.045+0000] {processor.py:914} INFO - Processing file /home/airflow/.local/lib/python3.12/site-packages/airflow/example_dags/example_params_ui_tutorial.py for tasks to queue
[2024-11-11T04:02:16.046+0000] {logging_mixin.py:190} INFO - [2024-11-11T04:02:16.046+0000] {dagbag.py:588} INFO - Filling up the DagBag from /home/airflow/.local/lib/python3.12/site-packages/airflow/example_dags/example_params_ui_tutorial.py
[2024-11-11T04:02:16.051+0000] {processor.py:925} INFO - DAG(s) 'example_params_ui_tutorial' retrieved from /home/airflow/.local/lib/python3.12/site-packages/airflow/example_dags/example_params_ui_tutorial.py
[2024-11-11T04:02:16.070+0000] {logging_mixin.py:190} INFO - [2024-11-11T04:02:16.070+0000] {dag.py:3239} INFO - Sync 1 DAGs
[2024-11-11T04:02:16.078+0000] {logging_mixin.py:190} INFO - [2024-11-11T04:02:16.077+0000] {dag.py:4180} INFO - Setting next_dagrun for example_params_ui_tutorial to None, run_after=None
[2024-11-11T04:02:16.087+0000] {processor.py:208} INFO - Processing /home/airflow/.local/lib/python3.12/site-packages/airflow/example_dags/example_params_ui_tutorial.py took 0.046 seconds
[2024-11-11T04:02:46.771+0000] {processor.py:186} INFO - Started process (PID=9509) to work on /home/airflow/.local/lib/python3.12/site-packages/airflow/example_dags/example_params_ui_tutorial.py
[2024-11-11T04:02:46.772+0000] {processor.py:914} INFO - Processing file /home/airflow/.local/lib/python3.12/site-packages/airflow/example_dags/example_params_ui_tutorial.py for tasks to queue
[2024-11-11T04:02:46.773+0000] {logging_mixin.py:190} INFO - [2024-11-11T04:02:46.773+0000] {dagbag.py:588} INFO - Filling up the DagBag from /home/airflow/.local/lib/python3.12/site-packages/airflow/example_dags/example_params_ui_tutorial.py
[2024-11-11T04:02:46.778+0000] {processor.py:925} INFO - DAG(s) 'example_params_ui_tutorial' retrieved from /home/airflow/.local/lib/python3.12/site-packages/airflow/example_dags/example_params_ui_tutorial.py
[2024-11-11T04:02:46.798+0000] {logging_mixin.py:190} INFO - [2024-11-11T04:02:46.798+0000] {dag.py:3239} INFO - Sync 1 DAGs
[2024-11-11T04:02:46.805+0000] {logging_mixin.py:190} INFO - [2024-11-11T04:02:46.805+0000] {dag.py:4180} INFO - Setting next_dagrun for example_params_ui_tutorial to None, run_after=None
[2024-11-11T04:02:46.815+0000] {processor.py:208} INFO - Processing /home/airflow/.local/lib/python3.12/site-packages/airflow/example_dags/example_params_ui_tutorial.py took 0.047 seconds
[2024-11-11T04:03:17.557+0000] {processor.py:186} INFO - Started process (PID=9573) to work on /home/airflow/.local/lib/python3.12/site-packages/airflow/example_dags/example_params_ui_tutorial.py
[2024-11-11T04:03:17.558+0000] {processor.py:914} INFO - Processing file /home/airflow/.local/lib/python3.12/site-packages/airflow/example_dags/example_params_ui_tutorial.py for tasks to queue
[2024-11-11T04:03:17.559+0000] {logging_mixin.py:190} INFO - [2024-11-11T04:03:17.559+0000] {dagbag.py:588} INFO - Filling up the DagBag from /home/airflow/.local/lib/python3.12/site-packages/airflow/example_dags/example_params_ui_tutorial.py
[2024-11-11T04:03:17.566+0000] {processor.py:925} INFO - DAG(s) 'example_params_ui_tutorial' retrieved from /home/airflow/.local/lib/python3.12/site-packages/airflow/example_dags/example_params_ui_tutorial.py
[2024-11-11T04:03:17.589+0000] {logging_mixin.py:190} INFO - [2024-11-11T04:03:17.589+0000] {dag.py:3239} INFO - Sync 1 DAGs
[2024-11-11T04:03:17.596+0000] {logging_mixin.py:190} INFO - [2024-11-11T04:03:17.596+0000] {dag.py:4180} INFO - Setting next_dagrun for example_params_ui_tutorial to None, run_after=None
[2024-11-11T04:03:17.604+0000] {processor.py:208} INFO - Processing /home/airflow/.local/lib/python3.12/site-packages/airflow/example_dags/example_params_ui_tutorial.py took 0.051 seconds
[2024-11-11T04:03:48.332+0000] {processor.py:186} INFO - Started process (PID=9636) to work on /home/airflow/.local/lib/python3.12/site-packages/airflow/example_dags/example_params_ui_tutorial.py
[2024-11-11T04:03:48.333+0000] {processor.py:914} INFO - Processing file /home/airflow/.local/lib/python3.12/site-packages/airflow/example_dags/example_params_ui_tutorial.py for tasks to queue
[2024-11-11T04:03:48.334+0000] {logging_mixin.py:190} INFO - [2024-11-11T04:03:48.334+0000] {dagbag.py:588} INFO - Filling up the DagBag from /home/airflow/.local/lib/python3.12/site-packages/airflow/example_dags/example_params_ui_tutorial.py
[2024-11-11T04:03:48.340+0000] {processor.py:925} INFO - DAG(s) 'example_params_ui_tutorial' retrieved from /home/airflow/.local/lib/python3.12/site-packages/airflow/example_dags/example_params_ui_tutorial.py
[2024-11-11T04:03:48.360+0000] {logging_mixin.py:190} INFO - [2024-11-11T04:03:48.359+0000] {dag.py:3239} INFO - Sync 1 DAGs
[2024-11-11T04:03:48.367+0000] {logging_mixin.py:190} INFO - [2024-11-11T04:03:48.367+0000] {dag.py:4180} INFO - Setting next_dagrun for example_params_ui_tutorial to None, run_after=None
[2024-11-11T04:03:48.376+0000] {processor.py:208} INFO - Processing /home/airflow/.local/lib/python3.12/site-packages/airflow/example_dags/example_params_ui_tutorial.py took 0.047 seconds
[2024-11-11T04:04:19.497+0000] {processor.py:186} INFO - Started process (PID=9699) to work on /home/airflow/.local/lib/python3.12/site-packages/airflow/example_dags/example_params_ui_tutorial.py
[2024-11-11T04:04:19.497+0000] {processor.py:914} INFO - Processing file /home/airflow/.local/lib/python3.12/site-packages/airflow/example_dags/example_params_ui_tutorial.py for tasks to queue
[2024-11-11T04:04:19.499+0000] {logging_mixin.py:190} INFO - [2024-11-11T04:04:19.499+0000] {dagbag.py:588} INFO - Filling up the DagBag from /home/airflow/.local/lib/python3.12/site-packages/airflow/example_dags/example_params_ui_tutorial.py
[2024-11-11T04:04:19.504+0000] {processor.py:925} INFO - DAG(s) 'example_params_ui_tutorial' retrieved from /home/airflow/.local/lib/python3.12/site-packages/airflow/example_dags/example_params_ui_tutorial.py
[2024-11-11T04:04:19.523+0000] {logging_mixin.py:190} INFO - [2024-11-11T04:04:19.522+0000] {dag.py:3239} INFO - Sync 1 DAGs
[2024-11-11T04:04:19.529+0000] {logging_mixin.py:190} INFO - [2024-11-11T04:04:19.529+0000] {dag.py:4180} INFO - Setting next_dagrun for example_params_ui_tutorial to None, run_after=None
[2024-11-11T04:04:19.539+0000] {processor.py:208} INFO - Processing /home/airflow/.local/lib/python3.12/site-packages/airflow/example_dags/example_params_ui_tutorial.py took 0.046 seconds
[2024-11-11T04:04:50.254+0000] {processor.py:186} INFO - Started process (PID=9762) to work on /home/airflow/.local/lib/python3.12/site-packages/airflow/example_dags/example_params_ui_tutorial.py
[2024-11-11T04:04:50.255+0000] {processor.py:914} INFO - Processing file /home/airflow/.local/lib/python3.12/site-packages/airflow/example_dags/example_params_ui_tutorial.py for tasks to queue
[2024-11-11T04:04:50.256+0000] {logging_mixin.py:190} INFO - [2024-11-11T04:04:50.256+0000] {dagbag.py:588} INFO - Filling up the DagBag from /home/airflow/.local/lib/python3.12/site-packages/airflow/example_dags/example_params_ui_tutorial.py
[2024-11-11T04:04:50.261+0000] {processor.py:925} INFO - DAG(s) 'example_params_ui_tutorial' retrieved from /home/airflow/.local/lib/python3.12/site-packages/airflow/example_dags/example_params_ui_tutorial.py
[2024-11-11T04:04:50.283+0000] {logging_mixin.py:190} INFO - [2024-11-11T04:04:50.282+0000] {dag.py:3239} INFO - Sync 1 DAGs
[2024-11-11T04:04:50.290+0000] {logging_mixin.py:190} INFO - [2024-11-11T04:04:50.290+0000] {dag.py:4180} INFO - Setting next_dagrun for example_params_ui_tutorial to None, run_after=None
[2024-11-11T04:04:50.300+0000] {processor.py:208} INFO - Processing /home/airflow/.local/lib/python3.12/site-packages/airflow/example_dags/example_params_ui_tutorial.py took 0.049 seconds
[2024-11-11T04:05:21.045+0000] {processor.py:186} INFO - Started process (PID=9824) to work on /home/airflow/.local/lib/python3.12/site-packages/airflow/example_dags/example_params_ui_tutorial.py
[2024-11-11T04:05:21.046+0000] {processor.py:914} INFO - Processing file /home/airflow/.local/lib/python3.12/site-packages/airflow/example_dags/example_params_ui_tutorial.py for tasks to queue
[2024-11-11T04:05:21.047+0000] {logging_mixin.py:190} INFO - [2024-11-11T04:05:21.047+0000] {dagbag.py:588} INFO - Filling up the DagBag from /home/airflow/.local/lib/python3.12/site-packages/airflow/example_dags/example_params_ui_tutorial.py
[2024-11-11T04:05:21.052+0000] {processor.py:925} INFO - DAG(s) 'example_params_ui_tutorial' retrieved from /home/airflow/.local/lib/python3.12/site-packages/airflow/example_dags/example_params_ui_tutorial.py
[2024-11-11T04:05:21.070+0000] {logging_mixin.py:190} INFO - [2024-11-11T04:05:21.070+0000] {dag.py:3239} INFO - Sync 1 DAGs
[2024-11-11T04:05:21.077+0000] {logging_mixin.py:190} INFO - [2024-11-11T04:05:21.077+0000] {dag.py:4180} INFO - Setting next_dagrun for example_params_ui_tutorial to None, run_after=None
[2024-11-11T04:05:21.084+0000] {processor.py:208} INFO - Processing /home/airflow/.local/lib/python3.12/site-packages/airflow/example_dags/example_params_ui_tutorial.py took 0.043 seconds
[2024-11-11T04:05:51.715+0000] {processor.py:186} INFO - Started process (PID=9888) to work on /home/airflow/.local/lib/python3.12/site-packages/airflow/example_dags/example_params_ui_tutorial.py
[2024-11-11T04:05:51.715+0000] {processor.py:914} INFO - Processing file /home/airflow/.local/lib/python3.12/site-packages/airflow/example_dags/example_params_ui_tutorial.py for tasks to queue
[2024-11-11T04:05:51.717+0000] {logging_mixin.py:190} INFO - [2024-11-11T04:05:51.716+0000] {dagbag.py:588} INFO - Filling up the DagBag from /home/airflow/.local/lib/python3.12/site-packages/airflow/example_dags/example_params_ui_tutorial.py
[2024-11-11T04:05:51.722+0000] {processor.py:925} INFO - DAG(s) 'example_params_ui_tutorial' retrieved from /home/airflow/.local/lib/python3.12/site-packages/airflow/example_dags/example_params_ui_tutorial.py
[2024-11-11T04:05:51.741+0000] {logging_mixin.py:190} INFO - [2024-11-11T04:05:51.741+0000] {dag.py:3239} INFO - Sync 1 DAGs
[2024-11-11T04:05:51.749+0000] {logging_mixin.py:190} INFO - [2024-11-11T04:05:51.749+0000] {dag.py:4180} INFO - Setting next_dagrun for example_params_ui_tutorial to None, run_after=None
[2024-11-11T04:05:51.758+0000] {processor.py:208} INFO - Processing /home/airflow/.local/lib/python3.12/site-packages/airflow/example_dags/example_params_ui_tutorial.py took 0.047 seconds
[2024-11-11T04:06:22.554+0000] {processor.py:186} INFO - Started process (PID=9951) to work on /home/airflow/.local/lib/python3.12/site-packages/airflow/example_dags/example_params_ui_tutorial.py
[2024-11-11T04:06:22.555+0000] {processor.py:914} INFO - Processing file /home/airflow/.local/lib/python3.12/site-packages/airflow/example_dags/example_params_ui_tutorial.py for tasks to queue
[2024-11-11T04:06:22.556+0000] {logging_mixin.py:190} INFO - [2024-11-11T04:06:22.556+0000] {dagbag.py:588} INFO - Filling up the DagBag from /home/airflow/.local/lib/python3.12/site-packages/airflow/example_dags/example_params_ui_tutorial.py
[2024-11-11T04:06:22.563+0000] {processor.py:925} INFO - DAG(s) 'example_params_ui_tutorial' retrieved from /home/airflow/.local/lib/python3.12/site-packages/airflow/example_dags/example_params_ui_tutorial.py
[2024-11-11T04:06:22.588+0000] {logging_mixin.py:190} INFO - [2024-11-11T04:06:22.588+0000] {dag.py:3239} INFO - Sync 1 DAGs
[2024-11-11T04:06:22.599+0000] {logging_mixin.py:190} INFO - [2024-11-11T04:06:22.599+0000] {dag.py:4180} INFO - Setting next_dagrun for example_params_ui_tutorial to None, run_after=None
[2024-11-11T04:06:22.610+0000] {processor.py:208} INFO - Processing /home/airflow/.local/lib/python3.12/site-packages/airflow/example_dags/example_params_ui_tutorial.py took 0.060 seconds
[2024-11-11T04:06:53.313+0000] {processor.py:186} INFO - Started process (PID=10014) to work on /home/airflow/.local/lib/python3.12/site-packages/airflow/example_dags/example_params_ui_tutorial.py
[2024-11-11T04:06:53.314+0000] {processor.py:914} INFO - Processing file /home/airflow/.local/lib/python3.12/site-packages/airflow/example_dags/example_params_ui_tutorial.py for tasks to queue
[2024-11-11T04:06:53.315+0000] {logging_mixin.py:190} INFO - [2024-11-11T04:06:53.315+0000] {dagbag.py:588} INFO - Filling up the DagBag from /home/airflow/.local/lib/python3.12/site-packages/airflow/example_dags/example_params_ui_tutorial.py
[2024-11-11T04:06:53.321+0000] {processor.py:925} INFO - DAG(s) 'example_params_ui_tutorial' retrieved from /home/airflow/.local/lib/python3.12/site-packages/airflow/example_dags/example_params_ui_tutorial.py
[2024-11-11T04:06:53.341+0000] {logging_mixin.py:190} INFO - [2024-11-11T04:06:53.340+0000] {dag.py:3239} INFO - Sync 1 DAGs
[2024-11-11T04:06:53.348+0000] {logging_mixin.py:190} INFO - [2024-11-11T04:06:53.348+0000] {dag.py:4180} INFO - Setting next_dagrun for example_params_ui_tutorial to None, run_after=None
[2024-11-11T04:06:53.358+0000] {processor.py:208} INFO - Processing /home/airflow/.local/lib/python3.12/site-packages/airflow/example_dags/example_params_ui_tutorial.py took 0.048 seconds
[2024-11-11T04:07:23.983+0000] {processor.py:186} INFO - Started process (PID=10077) to work on /home/airflow/.local/lib/python3.12/site-packages/airflow/example_dags/example_params_ui_tutorial.py
[2024-11-11T04:07:23.984+0000] {processor.py:914} INFO - Processing file /home/airflow/.local/lib/python3.12/site-packages/airflow/example_dags/example_params_ui_tutorial.py for tasks to queue
[2024-11-11T04:07:23.985+0000] {logging_mixin.py:190} INFO - [2024-11-11T04:07:23.985+0000] {dagbag.py:588} INFO - Filling up the DagBag from /home/airflow/.local/lib/python3.12/site-packages/airflow/example_dags/example_params_ui_tutorial.py
[2024-11-11T04:07:23.991+0000] {processor.py:925} INFO - DAG(s) 'example_params_ui_tutorial' retrieved from /home/airflow/.local/lib/python3.12/site-packages/airflow/example_dags/example_params_ui_tutorial.py
[2024-11-11T04:07:24.012+0000] {logging_mixin.py:190} INFO - [2024-11-11T04:07:24.012+0000] {dag.py:3239} INFO - Sync 1 DAGs
[2024-11-11T04:07:24.020+0000] {logging_mixin.py:190} INFO - [2024-11-11T04:07:24.020+0000] {dag.py:4180} INFO - Setting next_dagrun for example_params_ui_tutorial to None, run_after=None
[2024-11-11T04:07:24.032+0000] {processor.py:208} INFO - Processing /home/airflow/.local/lib/python3.12/site-packages/airflow/example_dags/example_params_ui_tutorial.py took 0.053 seconds
[2024-11-11T04:07:54.859+0000] {processor.py:186} INFO - Started process (PID=10139) to work on /home/airflow/.local/lib/python3.12/site-packages/airflow/example_dags/example_params_ui_tutorial.py
[2024-11-11T04:07:54.859+0000] {processor.py:914} INFO - Processing file /home/airflow/.local/lib/python3.12/site-packages/airflow/example_dags/example_params_ui_tutorial.py for tasks to queue
[2024-11-11T04:07:54.861+0000] {logging_mixin.py:190} INFO - [2024-11-11T04:07:54.861+0000] {dagbag.py:588} INFO - Filling up the DagBag from /home/airflow/.local/lib/python3.12/site-packages/airflow/example_dags/example_params_ui_tutorial.py
[2024-11-11T04:07:54.866+0000] {processor.py:925} INFO - DAG(s) 'example_params_ui_tutorial' retrieved from /home/airflow/.local/lib/python3.12/site-packages/airflow/example_dags/example_params_ui_tutorial.py
[2024-11-11T04:07:54.884+0000] {logging_mixin.py:190} INFO - [2024-11-11T04:07:54.884+0000] {dag.py:3239} INFO - Sync 1 DAGs
[2024-11-11T04:07:54.891+0000] {logging_mixin.py:190} INFO - [2024-11-11T04:07:54.891+0000] {dag.py:4180} INFO - Setting next_dagrun for example_params_ui_tutorial to None, run_after=None
[2024-11-11T04:07:54.898+0000] {processor.py:208} INFO - Processing /home/airflow/.local/lib/python3.12/site-packages/airflow/example_dags/example_params_ui_tutorial.py took 0.043 seconds
[2024-11-11T04:08:25.638+0000] {processor.py:186} INFO - Started process (PID=10203) to work on /home/airflow/.local/lib/python3.12/site-packages/airflow/example_dags/example_params_ui_tutorial.py
[2024-11-11T04:08:25.639+0000] {processor.py:914} INFO - Processing file /home/airflow/.local/lib/python3.12/site-packages/airflow/example_dags/example_params_ui_tutorial.py for tasks to queue
[2024-11-11T04:08:25.640+0000] {logging_mixin.py:190} INFO - [2024-11-11T04:08:25.640+0000] {dagbag.py:588} INFO - Filling up the DagBag from /home/airflow/.local/lib/python3.12/site-packages/airflow/example_dags/example_params_ui_tutorial.py
[2024-11-11T04:08:25.645+0000] {processor.py:925} INFO - DAG(s) 'example_params_ui_tutorial' retrieved from /home/airflow/.local/lib/python3.12/site-packages/airflow/example_dags/example_params_ui_tutorial.py
[2024-11-11T04:08:25.666+0000] {logging_mixin.py:190} INFO - [2024-11-11T04:08:25.666+0000] {dag.py:3239} INFO - Sync 1 DAGs
[2024-11-11T04:08:25.673+0000] {logging_mixin.py:190} INFO - [2024-11-11T04:08:25.673+0000] {dag.py:4180} INFO - Setting next_dagrun for example_params_ui_tutorial to None, run_after=None
[2024-11-11T04:08:25.682+0000] {processor.py:208} INFO - Processing /home/airflow/.local/lib/python3.12/site-packages/airflow/example_dags/example_params_ui_tutorial.py took 0.048 seconds
[2024-11-11T04:08:56.345+0000] {processor.py:186} INFO - Started process (PID=10266) to work on /home/airflow/.local/lib/python3.12/site-packages/airflow/example_dags/example_params_ui_tutorial.py
[2024-11-11T04:08:56.346+0000] {processor.py:914} INFO - Processing file /home/airflow/.local/lib/python3.12/site-packages/airflow/example_dags/example_params_ui_tutorial.py for tasks to queue
[2024-11-11T04:08:56.347+0000] {logging_mixin.py:190} INFO - [2024-11-11T04:08:56.347+0000] {dagbag.py:588} INFO - Filling up the DagBag from /home/airflow/.local/lib/python3.12/site-packages/airflow/example_dags/example_params_ui_tutorial.py
[2024-11-11T04:08:56.352+0000] {processor.py:925} INFO - DAG(s) 'example_params_ui_tutorial' retrieved from /home/airflow/.local/lib/python3.12/site-packages/airflow/example_dags/example_params_ui_tutorial.py
[2024-11-11T04:08:56.372+0000] {logging_mixin.py:190} INFO - [2024-11-11T04:08:56.372+0000] {dag.py:3239} INFO - Sync 1 DAGs
[2024-11-11T04:08:56.380+0000] {logging_mixin.py:190} INFO - [2024-11-11T04:08:56.380+0000] {dag.py:4180} INFO - Setting next_dagrun for example_params_ui_tutorial to None, run_after=None
[2024-11-11T04:08:56.389+0000] {processor.py:208} INFO - Processing /home/airflow/.local/lib/python3.12/site-packages/airflow/example_dags/example_params_ui_tutorial.py took 0.048 seconds
[2024-11-11T04:09:27.013+0000] {processor.py:186} INFO - Started process (PID=10329) to work on /home/airflow/.local/lib/python3.12/site-packages/airflow/example_dags/example_params_ui_tutorial.py
[2024-11-11T04:09:27.013+0000] {processor.py:914} INFO - Processing file /home/airflow/.local/lib/python3.12/site-packages/airflow/example_dags/example_params_ui_tutorial.py for tasks to queue
[2024-11-11T04:09:27.015+0000] {logging_mixin.py:190} INFO - [2024-11-11T04:09:27.015+0000] {dagbag.py:588} INFO - Filling up the DagBag from /home/airflow/.local/lib/python3.12/site-packages/airflow/example_dags/example_params_ui_tutorial.py
[2024-11-11T04:09:27.020+0000] {processor.py:925} INFO - DAG(s) 'example_params_ui_tutorial' retrieved from /home/airflow/.local/lib/python3.12/site-packages/airflow/example_dags/example_params_ui_tutorial.py
[2024-11-11T04:09:27.039+0000] {logging_mixin.py:190} INFO - [2024-11-11T04:09:27.039+0000] {dag.py:3239} INFO - Sync 1 DAGs
[2024-11-11T04:09:27.046+0000] {logging_mixin.py:190} INFO - [2024-11-11T04:09:27.046+0000] {dag.py:4180} INFO - Setting next_dagrun for example_params_ui_tutorial to None, run_after=None
[2024-11-11T04:09:27.054+0000] {processor.py:208} INFO - Processing /home/airflow/.local/lib/python3.12/site-packages/airflow/example_dags/example_params_ui_tutorial.py took 0.045 seconds
[2024-11-11T04:09:58.008+0000] {processor.py:186} INFO - Started process (PID=10392) to work on /home/airflow/.local/lib/python3.12/site-packages/airflow/example_dags/example_params_ui_tutorial.py
[2024-11-11T04:09:58.009+0000] {processor.py:914} INFO - Processing file /home/airflow/.local/lib/python3.12/site-packages/airflow/example_dags/example_params_ui_tutorial.py for tasks to queue
[2024-11-11T04:09:58.010+0000] {logging_mixin.py:190} INFO - [2024-11-11T04:09:58.010+0000] {dagbag.py:588} INFO - Filling up the DagBag from /home/airflow/.local/lib/python3.12/site-packages/airflow/example_dags/example_params_ui_tutorial.py
[2024-11-11T04:09:58.016+0000] {processor.py:925} INFO - DAG(s) 'example_params_ui_tutorial' retrieved from /home/airflow/.local/lib/python3.12/site-packages/airflow/example_dags/example_params_ui_tutorial.py
[2024-11-11T04:09:58.036+0000] {logging_mixin.py:190} INFO - [2024-11-11T04:09:58.036+0000] {dag.py:3239} INFO - Sync 1 DAGs
[2024-11-11T04:09:58.156+0000] {logging_mixin.py:190} INFO - [2024-11-11T04:09:58.156+0000] {dag.py:4180} INFO - Setting next_dagrun for example_params_ui_tutorial to None, run_after=None
[2024-11-11T04:09:58.164+0000] {processor.py:208} INFO - Processing /home/airflow/.local/lib/python3.12/site-packages/airflow/example_dags/example_params_ui_tutorial.py took 0.160 seconds
[2024-11-11T04:10:28.218+0000] {processor.py:186} INFO - Started process (PID=10455) to work on /home/airflow/.local/lib/python3.12/site-packages/airflow/example_dags/example_params_ui_tutorial.py
[2024-11-11T04:10:28.219+0000] {processor.py:914} INFO - Processing file /home/airflow/.local/lib/python3.12/site-packages/airflow/example_dags/example_params_ui_tutorial.py for tasks to queue
[2024-11-11T04:10:28.220+0000] {logging_mixin.py:190} INFO - [2024-11-11T04:10:28.220+0000] {dagbag.py:588} INFO - Filling up the DagBag from /home/airflow/.local/lib/python3.12/site-packages/airflow/example_dags/example_params_ui_tutorial.py
[2024-11-11T04:10:28.225+0000] {processor.py:925} INFO - DAG(s) 'example_params_ui_tutorial' retrieved from /home/airflow/.local/lib/python3.12/site-packages/airflow/example_dags/example_params_ui_tutorial.py
[2024-11-11T04:10:28.244+0000] {logging_mixin.py:190} INFO - [2024-11-11T04:10:28.244+0000] {dag.py:3239} INFO - Sync 1 DAGs
[2024-11-11T04:10:28.251+0000] {logging_mixin.py:190} INFO - [2024-11-11T04:10:28.251+0000] {dag.py:4180} INFO - Setting next_dagrun for example_params_ui_tutorial to None, run_after=None
[2024-11-11T04:10:28.260+0000] {processor.py:208} INFO - Processing /home/airflow/.local/lib/python3.12/site-packages/airflow/example_dags/example_params_ui_tutorial.py took 0.045 seconds
[2024-11-11T04:10:59.212+0000] {processor.py:186} INFO - Started process (PID=10518) to work on /home/airflow/.local/lib/python3.12/site-packages/airflow/example_dags/example_params_ui_tutorial.py
[2024-11-11T04:10:59.212+0000] {processor.py:914} INFO - Processing file /home/airflow/.local/lib/python3.12/site-packages/airflow/example_dags/example_params_ui_tutorial.py for tasks to queue
[2024-11-11T04:10:59.214+0000] {logging_mixin.py:190} INFO - [2024-11-11T04:10:59.213+0000] {dagbag.py:588} INFO - Filling up the DagBag from /home/airflow/.local/lib/python3.12/site-packages/airflow/example_dags/example_params_ui_tutorial.py
[2024-11-11T04:10:59.219+0000] {processor.py:925} INFO - DAG(s) 'example_params_ui_tutorial' retrieved from /home/airflow/.local/lib/python3.12/site-packages/airflow/example_dags/example_params_ui_tutorial.py
[2024-11-11T04:10:59.237+0000] {logging_mixin.py:190} INFO - [2024-11-11T04:10:59.237+0000] {dag.py:3239} INFO - Sync 1 DAGs
[2024-11-11T04:10:59.244+0000] {logging_mixin.py:190} INFO - [2024-11-11T04:10:59.244+0000] {dag.py:4180} INFO - Setting next_dagrun for example_params_ui_tutorial to None, run_after=None
[2024-11-11T04:10:59.253+0000] {processor.py:208} INFO - Processing /home/airflow/.local/lib/python3.12/site-packages/airflow/example_dags/example_params_ui_tutorial.py took 0.045 seconds
[2024-11-11T04:11:29.832+0000] {processor.py:186} INFO - Started process (PID=10581) to work on /home/airflow/.local/lib/python3.12/site-packages/airflow/example_dags/example_params_ui_tutorial.py
[2024-11-11T04:11:29.832+0000] {processor.py:914} INFO - Processing file /home/airflow/.local/lib/python3.12/site-packages/airflow/example_dags/example_params_ui_tutorial.py for tasks to queue
[2024-11-11T04:11:29.834+0000] {logging_mixin.py:190} INFO - [2024-11-11T04:11:29.834+0000] {dagbag.py:588} INFO - Filling up the DagBag from /home/airflow/.local/lib/python3.12/site-packages/airflow/example_dags/example_params_ui_tutorial.py
[2024-11-11T04:11:29.839+0000] {processor.py:925} INFO - DAG(s) 'example_params_ui_tutorial' retrieved from /home/airflow/.local/lib/python3.12/site-packages/airflow/example_dags/example_params_ui_tutorial.py
[2024-11-11T04:11:29.860+0000] {logging_mixin.py:190} INFO - [2024-11-11T04:11:29.860+0000] {dag.py:3239} INFO - Sync 1 DAGs
[2024-11-11T04:11:29.868+0000] {logging_mixin.py:190} INFO - [2024-11-11T04:11:29.868+0000] {dag.py:4180} INFO - Setting next_dagrun for example_params_ui_tutorial to None, run_after=None
[2024-11-11T04:11:29.879+0000] {processor.py:208} INFO - Processing /home/airflow/.local/lib/python3.12/site-packages/airflow/example_dags/example_params_ui_tutorial.py took 0.051 seconds
[2024-11-11T04:12:00.227+0000] {processor.py:186} INFO - Started process (PID=10644) to work on /home/airflow/.local/lib/python3.12/site-packages/airflow/example_dags/example_params_ui_tutorial.py
[2024-11-11T04:12:00.227+0000] {processor.py:914} INFO - Processing file /home/airflow/.local/lib/python3.12/site-packages/airflow/example_dags/example_params_ui_tutorial.py for tasks to queue
[2024-11-11T04:12:00.229+0000] {logging_mixin.py:190} INFO - [2024-11-11T04:12:00.228+0000] {dagbag.py:588} INFO - Filling up the DagBag from /home/airflow/.local/lib/python3.12/site-packages/airflow/example_dags/example_params_ui_tutorial.py
[2024-11-11T04:12:00.234+0000] {processor.py:925} INFO - DAG(s) 'example_params_ui_tutorial' retrieved from /home/airflow/.local/lib/python3.12/site-packages/airflow/example_dags/example_params_ui_tutorial.py
[2024-11-11T04:12:00.252+0000] {logging_mixin.py:190} INFO - [2024-11-11T04:12:00.252+0000] {dag.py:3239} INFO - Sync 1 DAGs
[2024-11-11T04:12:00.353+0000] {logging_mixin.py:190} INFO - [2024-11-11T04:12:00.353+0000] {dag.py:4180} INFO - Setting next_dagrun for example_params_ui_tutorial to None, run_after=None
[2024-11-11T04:12:00.360+0000] {processor.py:208} INFO - Processing /home/airflow/.local/lib/python3.12/site-packages/airflow/example_dags/example_params_ui_tutorial.py took 0.137 seconds
[2024-11-11T04:12:31.001+0000] {processor.py:186} INFO - Started process (PID=10707) to work on /home/airflow/.local/lib/python3.12/site-packages/airflow/example_dags/example_params_ui_tutorial.py
[2024-11-11T04:12:31.002+0000] {processor.py:914} INFO - Processing file /home/airflow/.local/lib/python3.12/site-packages/airflow/example_dags/example_params_ui_tutorial.py for tasks to queue
[2024-11-11T04:12:31.004+0000] {logging_mixin.py:190} INFO - [2024-11-11T04:12:31.003+0000] {dagbag.py:588} INFO - Filling up the DagBag from /home/airflow/.local/lib/python3.12/site-packages/airflow/example_dags/example_params_ui_tutorial.py
[2024-11-11T04:12:31.009+0000] {processor.py:925} INFO - DAG(s) 'example_params_ui_tutorial' retrieved from /home/airflow/.local/lib/python3.12/site-packages/airflow/example_dags/example_params_ui_tutorial.py
[2024-11-11T04:12:31.029+0000] {logging_mixin.py:190} INFO - [2024-11-11T04:12:31.029+0000] {dag.py:3239} INFO - Sync 1 DAGs
[2024-11-11T04:12:31.036+0000] {logging_mixin.py:190} INFO - [2024-11-11T04:12:31.036+0000] {dag.py:4180} INFO - Setting next_dagrun for example_params_ui_tutorial to None, run_after=None
[2024-11-11T04:12:31.044+0000] {processor.py:208} INFO - Processing /home/airflow/.local/lib/python3.12/site-packages/airflow/example_dags/example_params_ui_tutorial.py took 0.047 seconds
[2024-11-11T04:13:01.466+0000] {processor.py:186} INFO - Started process (PID=10770) to work on /home/airflow/.local/lib/python3.12/site-packages/airflow/example_dags/example_params_ui_tutorial.py
[2024-11-11T04:13:01.466+0000] {processor.py:914} INFO - Processing file /home/airflow/.local/lib/python3.12/site-packages/airflow/example_dags/example_params_ui_tutorial.py for tasks to queue
[2024-11-11T04:13:01.468+0000] {logging_mixin.py:190} INFO - [2024-11-11T04:13:01.468+0000] {dagbag.py:588} INFO - Filling up the DagBag from /home/airflow/.local/lib/python3.12/site-packages/airflow/example_dags/example_params_ui_tutorial.py
[2024-11-11T04:13:01.473+0000] {processor.py:925} INFO - DAG(s) 'example_params_ui_tutorial' retrieved from /home/airflow/.local/lib/python3.12/site-packages/airflow/example_dags/example_params_ui_tutorial.py
[2024-11-11T04:13:01.492+0000] {logging_mixin.py:190} INFO - [2024-11-11T04:13:01.492+0000] {dag.py:3239} INFO - Sync 1 DAGs
[2024-11-11T04:13:01.499+0000] {logging_mixin.py:190} INFO - [2024-11-11T04:13:01.499+0000] {dag.py:4180} INFO - Setting next_dagrun for example_params_ui_tutorial to None, run_after=None
[2024-11-11T04:13:01.507+0000] {processor.py:208} INFO - Processing /home/airflow/.local/lib/python3.12/site-packages/airflow/example_dags/example_params_ui_tutorial.py took 0.045 seconds
[2024-11-11T04:13:31.991+0000] {processor.py:186} INFO - Started process (PID=10833) to work on /home/airflow/.local/lib/python3.12/site-packages/airflow/example_dags/example_params_ui_tutorial.py
[2024-11-11T04:13:31.991+0000] {processor.py:914} INFO - Processing file /home/airflow/.local/lib/python3.12/site-packages/airflow/example_dags/example_params_ui_tutorial.py for tasks to queue
[2024-11-11T04:13:31.993+0000] {logging_mixin.py:190} INFO - [2024-11-11T04:13:31.993+0000] {dagbag.py:588} INFO - Filling up the DagBag from /home/airflow/.local/lib/python3.12/site-packages/airflow/example_dags/example_params_ui_tutorial.py
[2024-11-11T04:13:31.998+0000] {processor.py:925} INFO - DAG(s) 'example_params_ui_tutorial' retrieved from /home/airflow/.local/lib/python3.12/site-packages/airflow/example_dags/example_params_ui_tutorial.py
[2024-11-11T04:13:32.017+0000] {logging_mixin.py:190} INFO - [2024-11-11T04:13:32.017+0000] {dag.py:3239} INFO - Sync 1 DAGs
[2024-11-11T04:13:32.024+0000] {logging_mixin.py:190} INFO - [2024-11-11T04:13:32.024+0000] {dag.py:4180} INFO - Setting next_dagrun for example_params_ui_tutorial to None, run_after=None
[2024-11-11T04:13:32.032+0000] {processor.py:208} INFO - Processing /home/airflow/.local/lib/python3.12/site-packages/airflow/example_dags/example_params_ui_tutorial.py took 0.044 seconds
[2024-11-11T04:47:35.935+0000] {processor.py:186} INFO - Started process (PID=10896) to work on /home/airflow/.local/lib/python3.12/site-packages/airflow/example_dags/example_params_ui_tutorial.py
[2024-11-11T04:47:35.935+0000] {processor.py:914} INFO - Processing file /home/airflow/.local/lib/python3.12/site-packages/airflow/example_dags/example_params_ui_tutorial.py for tasks to queue
[2024-11-11T04:47:35.937+0000] {logging_mixin.py:190} INFO - [2024-11-11T04:47:35.937+0000] {dagbag.py:588} INFO - Filling up the DagBag from /home/airflow/.local/lib/python3.12/site-packages/airflow/example_dags/example_params_ui_tutorial.py
[2024-11-11T04:47:35.942+0000] {processor.py:925} INFO - DAG(s) 'example_params_ui_tutorial' retrieved from /home/airflow/.local/lib/python3.12/site-packages/airflow/example_dags/example_params_ui_tutorial.py
[2024-11-11T04:47:35.962+0000] {logging_mixin.py:190} INFO - [2024-11-11T04:47:35.961+0000] {dag.py:3239} INFO - Sync 1 DAGs
[2024-11-11T04:47:35.969+0000] {logging_mixin.py:190} INFO - [2024-11-11T04:47:35.969+0000] {dag.py:4180} INFO - Setting next_dagrun for example_params_ui_tutorial to None, run_after=None
[2024-11-11T04:47:35.978+0000] {processor.py:208} INFO - Processing /home/airflow/.local/lib/python3.12/site-packages/airflow/example_dags/example_params_ui_tutorial.py took 0.047 seconds
[2024-11-11T05:54:20.117+0000] {processor.py:186} INFO - Started process (PID=10958) to work on /home/airflow/.local/lib/python3.12/site-packages/airflow/example_dags/example_params_ui_tutorial.py
[2024-11-11T05:54:20.117+0000] {processor.py:914} INFO - Processing file /home/airflow/.local/lib/python3.12/site-packages/airflow/example_dags/example_params_ui_tutorial.py for tasks to queue
[2024-11-11T05:54:20.119+0000] {logging_mixin.py:190} INFO - [2024-11-11T05:54:20.119+0000] {dagbag.py:588} INFO - Filling up the DagBag from /home/airflow/.local/lib/python3.12/site-packages/airflow/example_dags/example_params_ui_tutorial.py
[2024-11-11T05:54:20.124+0000] {processor.py:925} INFO - DAG(s) 'example_params_ui_tutorial' retrieved from /home/airflow/.local/lib/python3.12/site-packages/airflow/example_dags/example_params_ui_tutorial.py
[2024-11-11T05:54:20.144+0000] {logging_mixin.py:190} INFO - [2024-11-11T05:54:20.144+0000] {dag.py:3239} INFO - Sync 1 DAGs
[2024-11-11T05:54:20.151+0000] {logging_mixin.py:190} INFO - [2024-11-11T05:54:20.151+0000] {dag.py:4180} INFO - Setting next_dagrun for example_params_ui_tutorial to None, run_after=None
[2024-11-11T05:54:20.159+0000] {processor.py:208} INFO - Processing /home/airflow/.local/lib/python3.12/site-packages/airflow/example_dags/example_params_ui_tutorial.py took 0.046 seconds
[2024-11-11T05:54:50.474+0000] {processor.py:186} INFO - Started process (PID=11021) to work on /home/airflow/.local/lib/python3.12/site-packages/airflow/example_dags/example_params_ui_tutorial.py
[2024-11-11T05:54:50.475+0000] {processor.py:914} INFO - Processing file /home/airflow/.local/lib/python3.12/site-packages/airflow/example_dags/example_params_ui_tutorial.py for tasks to queue
[2024-11-11T05:54:50.476+0000] {logging_mixin.py:190} INFO - [2024-11-11T05:54:50.476+0000] {dagbag.py:588} INFO - Filling up the DagBag from /home/airflow/.local/lib/python3.12/site-packages/airflow/example_dags/example_params_ui_tutorial.py
[2024-11-11T05:54:50.481+0000] {processor.py:925} INFO - DAG(s) 'example_params_ui_tutorial' retrieved from /home/airflow/.local/lib/python3.12/site-packages/airflow/example_dags/example_params_ui_tutorial.py
[2024-11-11T05:54:50.500+0000] {logging_mixin.py:190} INFO - [2024-11-11T05:54:50.500+0000] {dag.py:3239} INFO - Sync 1 DAGs
[2024-11-11T05:54:50.507+0000] {logging_mixin.py:190} INFO - [2024-11-11T05:54:50.507+0000] {dag.py:4180} INFO - Setting next_dagrun for example_params_ui_tutorial to None, run_after=None
[2024-11-11T05:54:50.516+0000] {processor.py:208} INFO - Processing /home/airflow/.local/lib/python3.12/site-packages/airflow/example_dags/example_params_ui_tutorial.py took 0.046 seconds
[2024-11-11T05:55:20.944+0000] {processor.py:186} INFO - Started process (PID=11084) to work on /home/airflow/.local/lib/python3.12/site-packages/airflow/example_dags/example_params_ui_tutorial.py
[2024-11-11T05:55:20.945+0000] {processor.py:914} INFO - Processing file /home/airflow/.local/lib/python3.12/site-packages/airflow/example_dags/example_params_ui_tutorial.py for tasks to queue
[2024-11-11T05:55:20.946+0000] {logging_mixin.py:190} INFO - [2024-11-11T05:55:20.946+0000] {dagbag.py:588} INFO - Filling up the DagBag from /home/airflow/.local/lib/python3.12/site-packages/airflow/example_dags/example_params_ui_tutorial.py
[2024-11-11T05:55:20.952+0000] {processor.py:925} INFO - DAG(s) 'example_params_ui_tutorial' retrieved from /home/airflow/.local/lib/python3.12/site-packages/airflow/example_dags/example_params_ui_tutorial.py
[2024-11-11T05:55:20.971+0000] {logging_mixin.py:190} INFO - [2024-11-11T05:55:20.971+0000] {dag.py:3239} INFO - Sync 1 DAGs
[2024-11-11T05:55:20.978+0000] {logging_mixin.py:190} INFO - [2024-11-11T05:55:20.978+0000] {dag.py:4180} INFO - Setting next_dagrun for example_params_ui_tutorial to None, run_after=None
[2024-11-11T05:55:20.986+0000] {processor.py:208} INFO - Processing /home/airflow/.local/lib/python3.12/site-packages/airflow/example_dags/example_params_ui_tutorial.py took 0.046 seconds
[2024-11-11T05:55:51.405+0000] {processor.py:186} INFO - Started process (PID=11147) to work on /home/airflow/.local/lib/python3.12/site-packages/airflow/example_dags/example_params_ui_tutorial.py
[2024-11-11T05:55:51.406+0000] {processor.py:914} INFO - Processing file /home/airflow/.local/lib/python3.12/site-packages/airflow/example_dags/example_params_ui_tutorial.py for tasks to queue
[2024-11-11T05:55:51.408+0000] {logging_mixin.py:190} INFO - [2024-11-11T05:55:51.408+0000] {dagbag.py:588} INFO - Filling up the DagBag from /home/airflow/.local/lib/python3.12/site-packages/airflow/example_dags/example_params_ui_tutorial.py
[2024-11-11T05:55:51.416+0000] {processor.py:925} INFO - DAG(s) 'example_params_ui_tutorial' retrieved from /home/airflow/.local/lib/python3.12/site-packages/airflow/example_dags/example_params_ui_tutorial.py
[2024-11-11T05:55:51.436+0000] {logging_mixin.py:190} INFO - [2024-11-11T05:55:51.436+0000] {dag.py:3239} INFO - Sync 1 DAGs
[2024-11-11T05:55:51.443+0000] {logging_mixin.py:190} INFO - [2024-11-11T05:55:51.443+0000] {dag.py:4180} INFO - Setting next_dagrun for example_params_ui_tutorial to None, run_after=None
[2024-11-11T05:55:51.451+0000] {processor.py:208} INFO - Processing /home/airflow/.local/lib/python3.12/site-packages/airflow/example_dags/example_params_ui_tutorial.py took 0.051 seconds
[2024-11-11T05:56:22.005+0000] {processor.py:186} INFO - Started process (PID=11210) to work on /home/airflow/.local/lib/python3.12/site-packages/airflow/example_dags/example_params_ui_tutorial.py
[2024-11-11T05:56:22.006+0000] {processor.py:914} INFO - Processing file /home/airflow/.local/lib/python3.12/site-packages/airflow/example_dags/example_params_ui_tutorial.py for tasks to queue
[2024-11-11T05:56:22.008+0000] {logging_mixin.py:190} INFO - [2024-11-11T05:56:22.008+0000] {dagbag.py:588} INFO - Filling up the DagBag from /home/airflow/.local/lib/python3.12/site-packages/airflow/example_dags/example_params_ui_tutorial.py
[2024-11-11T05:56:22.014+0000] {processor.py:925} INFO - DAG(s) 'example_params_ui_tutorial' retrieved from /home/airflow/.local/lib/python3.12/site-packages/airflow/example_dags/example_params_ui_tutorial.py
[2024-11-11T05:56:22.036+0000] {logging_mixin.py:190} INFO - [2024-11-11T05:56:22.036+0000] {dag.py:3239} INFO - Sync 1 DAGs
[2024-11-11T05:56:22.043+0000] {logging_mixin.py:190} INFO - [2024-11-11T05:56:22.043+0000] {dag.py:4180} INFO - Setting next_dagrun for example_params_ui_tutorial to None, run_after=None
[2024-11-11T05:56:22.051+0000] {processor.py:208} INFO - Processing /home/airflow/.local/lib/python3.12/site-packages/airflow/example_dags/example_params_ui_tutorial.py took 0.050 seconds
[2024-11-11T05:56:52.292+0000] {processor.py:186} INFO - Started process (PID=11273) to work on /home/airflow/.local/lib/python3.12/site-packages/airflow/example_dags/example_params_ui_tutorial.py
[2024-11-11T05:56:52.293+0000] {processor.py:914} INFO - Processing file /home/airflow/.local/lib/python3.12/site-packages/airflow/example_dags/example_params_ui_tutorial.py for tasks to queue
[2024-11-11T05:56:52.295+0000] {logging_mixin.py:190} INFO - [2024-11-11T05:56:52.294+0000] {dagbag.py:588} INFO - Filling up the DagBag from /home/airflow/.local/lib/python3.12/site-packages/airflow/example_dags/example_params_ui_tutorial.py
[2024-11-11T05:56:52.300+0000] {processor.py:925} INFO - DAG(s) 'example_params_ui_tutorial' retrieved from /home/airflow/.local/lib/python3.12/site-packages/airflow/example_dags/example_params_ui_tutorial.py
[2024-11-11T05:56:52.319+0000] {logging_mixin.py:190} INFO - [2024-11-11T05:56:52.319+0000] {dag.py:3239} INFO - Sync 1 DAGs
[2024-11-11T05:56:52.327+0000] {logging_mixin.py:190} INFO - [2024-11-11T05:56:52.327+0000] {dag.py:4180} INFO - Setting next_dagrun for example_params_ui_tutorial to None, run_after=None
[2024-11-11T05:56:52.336+0000] {processor.py:208} INFO - Processing /home/airflow/.local/lib/python3.12/site-packages/airflow/example_dags/example_params_ui_tutorial.py took 0.047 seconds
