[2024-11-11T02:24:34.646+0000] {processor.py:186} INFO - Started process (PID=35) to work on /home/airflow/.local/lib/python3.12/site-packages/airflow/example_dags/example_dag_decorator.py
[2024-11-11T02:24:34.648+0000] {processor.py:914} INFO - Processing file /home/airflow/.local/lib/python3.12/site-packages/airflow/example_dags/example_dag_decorator.py for tasks to queue
[2024-11-11T02:24:34.652+0000] {logging_mixin.py:190} INFO - [2024-11-11T02:24:34.651+0000] {dagbag.py:588} INFO - Filling up the DagBag from /home/airflow/.local/lib/python3.12/site-packages/airflow/example_dags/example_dag_decorator.py
[2024-11-11T02:24:34.674+0000] {processor.py:925} INFO - DAG(s) 'example_dag_decorator' retrieved from /home/airflow/.local/lib/python3.12/site-packages/airflow/example_dags/example_dag_decorator.py
[2024-11-11T02:24:34.839+0000] {logging_mixin.py:190} INFO - [2024-11-11T02:24:34.838+0000] {override.py:1911} INFO - Created Permission View: can edit on DAG:example_dag_decorator
[2024-11-11T02:24:34.845+0000] {logging_mixin.py:190} INFO - [2024-11-11T02:24:34.845+0000] {override.py:1911} INFO - Created Permission View: can read on DAG:example_dag_decorator
[2024-11-11T02:24:34.849+0000] {logging_mixin.py:190} INFO - [2024-11-11T02:24:34.848+0000] {override.py:1911} INFO - Created Permission View: can delete on DAG:example_dag_decorator
[2024-11-11T02:24:34.854+0000] {logging_mixin.py:190} INFO - [2024-11-11T02:24:34.853+0000] {override.py:1911} INFO - Created Permission View: can read on DAG Run:example_dag_decorator
[2024-11-11T02:24:34.858+0000] {logging_mixin.py:190} INFO - [2024-11-11T02:24:34.857+0000] {override.py:1911} INFO - Created Permission View: can create on DAG Run:example_dag_decorator
[2024-11-11T02:24:34.862+0000] {logging_mixin.py:190} INFO - [2024-11-11T02:24:34.861+0000] {override.py:1911} INFO - Created Permission View: can delete on DAG Run:example_dag_decorator
[2024-11-11T02:24:34.865+0000] {logging_mixin.py:190} INFO - [2024-11-11T02:24:34.865+0000] {override.py:1911} INFO - Created Permission View: menu access on DAG Run:example_dag_decorator
[2024-11-11T02:24:34.866+0000] {logging_mixin.py:190} INFO - [2024-11-11T02:24:34.866+0000] {dag.py:3239} INFO - Sync 1 DAGs
[2024-11-11T02:24:34.873+0000] {logging_mixin.py:190} INFO - [2024-11-11T02:24:34.873+0000] {dag.py:3262} INFO - Creating ORM DAG for example_dag_decorator
[2024-11-11T02:24:34.874+0000] {logging_mixin.py:190} INFO - [2024-11-11T02:24:34.874+0000] {dag.py:4180} INFO - Setting next_dagrun for example_dag_decorator to None, run_after=None
[2024-11-11T02:24:34.884+0000] {processor.py:208} INFO - Processing /home/airflow/.local/lib/python3.12/site-packages/airflow/example_dags/example_dag_decorator.py took 0.244 seconds
[2024-11-11T02:25:05.078+0000] {processor.py:186} INFO - Started process (PID=98) to work on /home/airflow/.local/lib/python3.12/site-packages/airflow/example_dags/example_dag_decorator.py
[2024-11-11T02:25:05.079+0000] {processor.py:914} INFO - Processing file /home/airflow/.local/lib/python3.12/site-packages/airflow/example_dags/example_dag_decorator.py for tasks to queue
[2024-11-11T02:25:05.080+0000] {logging_mixin.py:190} INFO - [2024-11-11T02:25:05.080+0000] {dagbag.py:588} INFO - Filling up the DagBag from /home/airflow/.local/lib/python3.12/site-packages/airflow/example_dags/example_dag_decorator.py
[2024-11-11T02:25:05.088+0000] {processor.py:925} INFO - DAG(s) 'example_dag_decorator' retrieved from /home/airflow/.local/lib/python3.12/site-packages/airflow/example_dags/example_dag_decorator.py
[2024-11-11T02:25:05.151+0000] {logging_mixin.py:190} INFO - [2024-11-11T02:25:05.151+0000] {dag.py:3239} INFO - Sync 1 DAGs
[2024-11-11T02:25:05.156+0000] {logging_mixin.py:190} INFO - [2024-11-11T02:25:05.156+0000] {dag.py:4180} INFO - Setting next_dagrun for example_dag_decorator to None, run_after=None
[2024-11-11T02:25:05.163+0000] {processor.py:208} INFO - Processing /home/airflow/.local/lib/python3.12/site-packages/airflow/example_dags/example_dag_decorator.py took 0.092 seconds
[2024-11-11T02:25:35.938+0000] {processor.py:186} INFO - Started process (PID=161) to work on /home/airflow/.local/lib/python3.12/site-packages/airflow/example_dags/example_dag_decorator.py
[2024-11-11T02:25:35.939+0000] {processor.py:914} INFO - Processing file /home/airflow/.local/lib/python3.12/site-packages/airflow/example_dags/example_dag_decorator.py for tasks to queue
[2024-11-11T02:25:35.942+0000] {logging_mixin.py:190} INFO - [2024-11-11T02:25:35.942+0000] {dagbag.py:588} INFO - Filling up the DagBag from /home/airflow/.local/lib/python3.12/site-packages/airflow/example_dags/example_dag_decorator.py
[2024-11-11T02:25:35.955+0000] {processor.py:925} INFO - DAG(s) 'example_dag_decorator' retrieved from /home/airflow/.local/lib/python3.12/site-packages/airflow/example_dags/example_dag_decorator.py
[2024-11-11T02:25:36.016+0000] {logging_mixin.py:190} INFO - [2024-11-11T02:25:36.016+0000] {dag.py:3239} INFO - Sync 1 DAGs
[2024-11-11T02:25:36.022+0000] {logging_mixin.py:190} INFO - [2024-11-11T02:25:36.022+0000] {dag.py:4180} INFO - Setting next_dagrun for example_dag_decorator to None, run_after=None
[2024-11-11T02:25:36.029+0000] {processor.py:208} INFO - Processing /home/airflow/.local/lib/python3.12/site-packages/airflow/example_dags/example_dag_decorator.py took 0.100 seconds
[2024-11-11T02:26:06.680+0000] {processor.py:186} INFO - Started process (PID=224) to work on /home/airflow/.local/lib/python3.12/site-packages/airflow/example_dags/example_dag_decorator.py
[2024-11-11T02:26:06.681+0000] {processor.py:914} INFO - Processing file /home/airflow/.local/lib/python3.12/site-packages/airflow/example_dags/example_dag_decorator.py for tasks to queue
[2024-11-11T02:26:06.684+0000] {logging_mixin.py:190} INFO - [2024-11-11T02:26:06.684+0000] {dagbag.py:588} INFO - Filling up the DagBag from /home/airflow/.local/lib/python3.12/site-packages/airflow/example_dags/example_dag_decorator.py
[2024-11-11T02:26:06.696+0000] {processor.py:925} INFO - DAG(s) 'example_dag_decorator' retrieved from /home/airflow/.local/lib/python3.12/site-packages/airflow/example_dags/example_dag_decorator.py
[2024-11-11T02:26:06.754+0000] {logging_mixin.py:190} INFO - [2024-11-11T02:26:06.754+0000] {dag.py:3239} INFO - Sync 1 DAGs
[2024-11-11T02:26:06.760+0000] {logging_mixin.py:190} INFO - [2024-11-11T02:26:06.760+0000] {dag.py:4180} INFO - Setting next_dagrun for example_dag_decorator to None, run_after=None
[2024-11-11T02:26:06.768+0000] {processor.py:208} INFO - Processing /home/airflow/.local/lib/python3.12/site-packages/airflow/example_dags/example_dag_decorator.py took 0.096 seconds
[2024-11-11T02:26:37.325+0000] {processor.py:186} INFO - Started process (PID=287) to work on /home/airflow/.local/lib/python3.12/site-packages/airflow/example_dags/example_dag_decorator.py
[2024-11-11T02:26:37.326+0000] {processor.py:914} INFO - Processing file /home/airflow/.local/lib/python3.12/site-packages/airflow/example_dags/example_dag_decorator.py for tasks to queue
[2024-11-11T02:26:37.329+0000] {logging_mixin.py:190} INFO - [2024-11-11T02:26:37.329+0000] {dagbag.py:588} INFO - Filling up the DagBag from /home/airflow/.local/lib/python3.12/site-packages/airflow/example_dags/example_dag_decorator.py
[2024-11-11T02:26:37.341+0000] {processor.py:925} INFO - DAG(s) 'example_dag_decorator' retrieved from /home/airflow/.local/lib/python3.12/site-packages/airflow/example_dags/example_dag_decorator.py
[2024-11-11T02:26:37.401+0000] {logging_mixin.py:190} INFO - [2024-11-11T02:26:37.401+0000] {dag.py:3239} INFO - Sync 1 DAGs
[2024-11-11T02:26:37.406+0000] {logging_mixin.py:190} INFO - [2024-11-11T02:26:37.406+0000] {dag.py:4180} INFO - Setting next_dagrun for example_dag_decorator to None, run_after=None
[2024-11-11T02:26:37.414+0000] {processor.py:208} INFO - Processing /home/airflow/.local/lib/python3.12/site-packages/airflow/example_dags/example_dag_decorator.py took 0.097 seconds
[2024-11-11T02:27:07.928+0000] {processor.py:186} INFO - Started process (PID=350) to work on /home/airflow/.local/lib/python3.12/site-packages/airflow/example_dags/example_dag_decorator.py
[2024-11-11T02:27:07.930+0000] {processor.py:914} INFO - Processing file /home/airflow/.local/lib/python3.12/site-packages/airflow/example_dags/example_dag_decorator.py for tasks to queue
[2024-11-11T02:27:07.933+0000] {logging_mixin.py:190} INFO - [2024-11-11T02:27:07.932+0000] {dagbag.py:588} INFO - Filling up the DagBag from /home/airflow/.local/lib/python3.12/site-packages/airflow/example_dags/example_dag_decorator.py
[2024-11-11T02:27:07.945+0000] {processor.py:925} INFO - DAG(s) 'example_dag_decorator' retrieved from /home/airflow/.local/lib/python3.12/site-packages/airflow/example_dags/example_dag_decorator.py
[2024-11-11T02:27:08.006+0000] {logging_mixin.py:190} INFO - [2024-11-11T02:27:08.006+0000] {dag.py:3239} INFO - Sync 1 DAGs
[2024-11-11T02:27:08.012+0000] {logging_mixin.py:190} INFO - [2024-11-11T02:27:08.012+0000] {dag.py:4180} INFO - Setting next_dagrun for example_dag_decorator to None, run_after=None
[2024-11-11T02:27:08.019+0000] {processor.py:208} INFO - Processing /home/airflow/.local/lib/python3.12/site-packages/airflow/example_dags/example_dag_decorator.py took 0.100 seconds
[2024-11-11T02:27:38.585+0000] {processor.py:186} INFO - Started process (PID=413) to work on /home/airflow/.local/lib/python3.12/site-packages/airflow/example_dags/example_dag_decorator.py
[2024-11-11T02:27:38.586+0000] {processor.py:914} INFO - Processing file /home/airflow/.local/lib/python3.12/site-packages/airflow/example_dags/example_dag_decorator.py for tasks to queue
[2024-11-11T02:27:38.589+0000] {logging_mixin.py:190} INFO - [2024-11-11T02:27:38.589+0000] {dagbag.py:588} INFO - Filling up the DagBag from /home/airflow/.local/lib/python3.12/site-packages/airflow/example_dags/example_dag_decorator.py
[2024-11-11T02:27:38.601+0000] {processor.py:925} INFO - DAG(s) 'example_dag_decorator' retrieved from /home/airflow/.local/lib/python3.12/site-packages/airflow/example_dags/example_dag_decorator.py
[2024-11-11T02:27:38.618+0000] {logging_mixin.py:190} INFO - [2024-11-11T02:27:38.617+0000] {dag.py:3239} INFO - Sync 1 DAGs
[2024-11-11T02:27:38.626+0000] {logging_mixin.py:190} INFO - [2024-11-11T02:27:38.626+0000] {dag.py:4180} INFO - Setting next_dagrun for example_dag_decorator to None, run_after=None
[2024-11-11T02:27:38.634+0000] {processor.py:208} INFO - Processing /home/airflow/.local/lib/python3.12/site-packages/airflow/example_dags/example_dag_decorator.py took 0.059 seconds
[2024-11-11T02:28:09.145+0000] {processor.py:186} INFO - Started process (PID=476) to work on /home/airflow/.local/lib/python3.12/site-packages/airflow/example_dags/example_dag_decorator.py
[2024-11-11T02:28:09.146+0000] {processor.py:914} INFO - Processing file /home/airflow/.local/lib/python3.12/site-packages/airflow/example_dags/example_dag_decorator.py for tasks to queue
[2024-11-11T02:28:09.149+0000] {logging_mixin.py:190} INFO - [2024-11-11T02:28:09.149+0000] {dagbag.py:588} INFO - Filling up the DagBag from /home/airflow/.local/lib/python3.12/site-packages/airflow/example_dags/example_dag_decorator.py
[2024-11-11T02:28:09.162+0000] {processor.py:925} INFO - DAG(s) 'example_dag_decorator' retrieved from /home/airflow/.local/lib/python3.12/site-packages/airflow/example_dags/example_dag_decorator.py
[2024-11-11T02:28:09.178+0000] {logging_mixin.py:190} INFO - [2024-11-11T02:28:09.177+0000] {dag.py:3239} INFO - Sync 1 DAGs
[2024-11-11T02:28:09.186+0000] {logging_mixin.py:190} INFO - [2024-11-11T02:28:09.186+0000] {dag.py:4180} INFO - Setting next_dagrun for example_dag_decorator to None, run_after=None
[2024-11-11T02:28:09.195+0000] {processor.py:208} INFO - Processing /home/airflow/.local/lib/python3.12/site-packages/airflow/example_dags/example_dag_decorator.py took 0.059 seconds
[2024-11-11T02:28:39.841+0000] {processor.py:186} INFO - Started process (PID=539) to work on /home/airflow/.local/lib/python3.12/site-packages/airflow/example_dags/example_dag_decorator.py
[2024-11-11T02:28:39.842+0000] {processor.py:914} INFO - Processing file /home/airflow/.local/lib/python3.12/site-packages/airflow/example_dags/example_dag_decorator.py for tasks to queue
[2024-11-11T02:28:39.845+0000] {logging_mixin.py:190} INFO - [2024-11-11T02:28:39.845+0000] {dagbag.py:588} INFO - Filling up the DagBag from /home/airflow/.local/lib/python3.12/site-packages/airflow/example_dags/example_dag_decorator.py
[2024-11-11T02:28:39.858+0000] {processor.py:925} INFO - DAG(s) 'example_dag_decorator' retrieved from /home/airflow/.local/lib/python3.12/site-packages/airflow/example_dags/example_dag_decorator.py
[2024-11-11T02:28:39.874+0000] {logging_mixin.py:190} INFO - [2024-11-11T02:28:39.874+0000] {dag.py:3239} INFO - Sync 1 DAGs
[2024-11-11T02:28:39.882+0000] {logging_mixin.py:190} INFO - [2024-11-11T02:28:39.882+0000] {dag.py:4180} INFO - Setting next_dagrun for example_dag_decorator to None, run_after=None
[2024-11-11T02:28:39.891+0000] {processor.py:208} INFO - Processing /home/airflow/.local/lib/python3.12/site-packages/airflow/example_dags/example_dag_decorator.py took 0.059 seconds
[2024-11-11T02:29:10.497+0000] {processor.py:186} INFO - Started process (PID=602) to work on /home/airflow/.local/lib/python3.12/site-packages/airflow/example_dags/example_dag_decorator.py
[2024-11-11T02:29:10.498+0000] {processor.py:914} INFO - Processing file /home/airflow/.local/lib/python3.12/site-packages/airflow/example_dags/example_dag_decorator.py for tasks to queue
[2024-11-11T02:29:10.501+0000] {logging_mixin.py:190} INFO - [2024-11-11T02:29:10.501+0000] {dagbag.py:588} INFO - Filling up the DagBag from /home/airflow/.local/lib/python3.12/site-packages/airflow/example_dags/example_dag_decorator.py
[2024-11-11T02:29:10.513+0000] {processor.py:925} INFO - DAG(s) 'example_dag_decorator' retrieved from /home/airflow/.local/lib/python3.12/site-packages/airflow/example_dags/example_dag_decorator.py
[2024-11-11T02:29:10.572+0000] {logging_mixin.py:190} INFO - [2024-11-11T02:29:10.572+0000] {dag.py:3239} INFO - Sync 1 DAGs
[2024-11-11T02:29:10.578+0000] {logging_mixin.py:190} INFO - [2024-11-11T02:29:10.578+0000] {dag.py:4180} INFO - Setting next_dagrun for example_dag_decorator to None, run_after=None
[2024-11-11T02:29:10.585+0000] {processor.py:208} INFO - Processing /home/airflow/.local/lib/python3.12/site-packages/airflow/example_dags/example_dag_decorator.py took 0.097 seconds
[2024-11-11T02:29:41.129+0000] {processor.py:186} INFO - Started process (PID=665) to work on /home/airflow/.local/lib/python3.12/site-packages/airflow/example_dags/example_dag_decorator.py
[2024-11-11T02:29:41.131+0000] {processor.py:914} INFO - Processing file /home/airflow/.local/lib/python3.12/site-packages/airflow/example_dags/example_dag_decorator.py for tasks to queue
[2024-11-11T02:29:41.134+0000] {logging_mixin.py:190} INFO - [2024-11-11T02:29:41.134+0000] {dagbag.py:588} INFO - Filling up the DagBag from /home/airflow/.local/lib/python3.12/site-packages/airflow/example_dags/example_dag_decorator.py
[2024-11-11T02:29:41.146+0000] {processor.py:925} INFO - DAG(s) 'example_dag_decorator' retrieved from /home/airflow/.local/lib/python3.12/site-packages/airflow/example_dags/example_dag_decorator.py
[2024-11-11T02:29:41.207+0000] {logging_mixin.py:190} INFO - [2024-11-11T02:29:41.207+0000] {dag.py:3239} INFO - Sync 1 DAGs
[2024-11-11T02:29:41.213+0000] {logging_mixin.py:190} INFO - [2024-11-11T02:29:41.213+0000] {dag.py:4180} INFO - Setting next_dagrun for example_dag_decorator to None, run_after=None
[2024-11-11T02:29:41.220+0000] {processor.py:208} INFO - Processing /home/airflow/.local/lib/python3.12/site-packages/airflow/example_dags/example_dag_decorator.py took 0.100 seconds
[2024-11-11T02:30:11.917+0000] {processor.py:186} INFO - Started process (PID=727) to work on /home/airflow/.local/lib/python3.12/site-packages/airflow/example_dags/example_dag_decorator.py
[2024-11-11T02:30:11.919+0000] {processor.py:914} INFO - Processing file /home/airflow/.local/lib/python3.12/site-packages/airflow/example_dags/example_dag_decorator.py for tasks to queue
[2024-11-11T02:30:11.922+0000] {logging_mixin.py:190} INFO - [2024-11-11T02:30:11.921+0000] {dagbag.py:588} INFO - Filling up the DagBag from /home/airflow/.local/lib/python3.12/site-packages/airflow/example_dags/example_dag_decorator.py
[2024-11-11T02:30:11.934+0000] {processor.py:925} INFO - DAG(s) 'example_dag_decorator' retrieved from /home/airflow/.local/lib/python3.12/site-packages/airflow/example_dags/example_dag_decorator.py
[2024-11-11T02:30:11.994+0000] {logging_mixin.py:190} INFO - [2024-11-11T02:30:11.994+0000] {dag.py:3239} INFO - Sync 1 DAGs
[2024-11-11T02:30:12.001+0000] {logging_mixin.py:190} INFO - [2024-11-11T02:30:12.001+0000] {dag.py:4180} INFO - Setting next_dagrun for example_dag_decorator to None, run_after=None
[2024-11-11T02:30:12.010+0000] {processor.py:208} INFO - Processing /home/airflow/.local/lib/python3.12/site-packages/airflow/example_dags/example_dag_decorator.py took 0.101 seconds
[2024-11-11T02:30:42.450+0000] {processor.py:186} INFO - Started process (PID=790) to work on /home/airflow/.local/lib/python3.12/site-packages/airflow/example_dags/example_dag_decorator.py
[2024-11-11T02:30:42.451+0000] {processor.py:914} INFO - Processing file /home/airflow/.local/lib/python3.12/site-packages/airflow/example_dags/example_dag_decorator.py for tasks to queue
[2024-11-11T02:30:42.454+0000] {logging_mixin.py:190} INFO - [2024-11-11T02:30:42.454+0000] {dagbag.py:588} INFO - Filling up the DagBag from /home/airflow/.local/lib/python3.12/site-packages/airflow/example_dags/example_dag_decorator.py
[2024-11-11T02:30:42.466+0000] {processor.py:925} INFO - DAG(s) 'example_dag_decorator' retrieved from /home/airflow/.local/lib/python3.12/site-packages/airflow/example_dags/example_dag_decorator.py
[2024-11-11T02:30:42.527+0000] {logging_mixin.py:190} INFO - [2024-11-11T02:30:42.527+0000] {dag.py:3239} INFO - Sync 1 DAGs
[2024-11-11T02:30:42.533+0000] {logging_mixin.py:190} INFO - [2024-11-11T02:30:42.533+0000] {dag.py:4180} INFO - Setting next_dagrun for example_dag_decorator to None, run_after=None
[2024-11-11T02:30:42.541+0000] {processor.py:208} INFO - Processing /home/airflow/.local/lib/python3.12/site-packages/airflow/example_dags/example_dag_decorator.py took 0.100 seconds
[2024-11-11T02:31:13.195+0000] {processor.py:186} INFO - Started process (PID=862) to work on /home/airflow/.local/lib/python3.12/site-packages/airflow/example_dags/example_dag_decorator.py
[2024-11-11T02:31:13.196+0000] {processor.py:914} INFO - Processing file /home/airflow/.local/lib/python3.12/site-packages/airflow/example_dags/example_dag_decorator.py for tasks to queue
[2024-11-11T02:31:13.198+0000] {logging_mixin.py:190} INFO - [2024-11-11T02:31:13.198+0000] {dagbag.py:588} INFO - Filling up the DagBag from /home/airflow/.local/lib/python3.12/site-packages/airflow/example_dags/example_dag_decorator.py
[2024-11-11T02:31:13.206+0000] {processor.py:925} INFO - DAG(s) 'example_dag_decorator' retrieved from /home/airflow/.local/lib/python3.12/site-packages/airflow/example_dags/example_dag_decorator.py
[2024-11-11T02:31:13.261+0000] {logging_mixin.py:190} INFO - [2024-11-11T02:31:13.261+0000] {dag.py:3239} INFO - Sync 1 DAGs
[2024-11-11T02:31:13.266+0000] {logging_mixin.py:190} INFO - [2024-11-11T02:31:13.266+0000] {dag.py:4180} INFO - Setting next_dagrun for example_dag_decorator to None, run_after=None
[2024-11-11T02:31:13.274+0000] {processor.py:208} INFO - Processing /home/airflow/.local/lib/python3.12/site-packages/airflow/example_dags/example_dag_decorator.py took 0.084 seconds
[2024-11-11T02:31:43.688+0000] {processor.py:186} INFO - Started process (PID=925) to work on /home/airflow/.local/lib/python3.12/site-packages/airflow/example_dags/example_dag_decorator.py
[2024-11-11T02:31:43.688+0000] {processor.py:914} INFO - Processing file /home/airflow/.local/lib/python3.12/site-packages/airflow/example_dags/example_dag_decorator.py for tasks to queue
[2024-11-11T02:31:43.690+0000] {logging_mixin.py:190} INFO - [2024-11-11T02:31:43.690+0000] {dagbag.py:588} INFO - Filling up the DagBag from /home/airflow/.local/lib/python3.12/site-packages/airflow/example_dags/example_dag_decorator.py
[2024-11-11T02:31:43.697+0000] {processor.py:925} INFO - DAG(s) 'example_dag_decorator' retrieved from /home/airflow/.local/lib/python3.12/site-packages/airflow/example_dags/example_dag_decorator.py
[2024-11-11T02:31:43.749+0000] {logging_mixin.py:190} INFO - [2024-11-11T02:31:43.748+0000] {dag.py:3239} INFO - Sync 1 DAGs
[2024-11-11T02:31:43.754+0000] {logging_mixin.py:190} INFO - [2024-11-11T02:31:43.754+0000] {dag.py:4180} INFO - Setting next_dagrun for example_dag_decorator to None, run_after=None
[2024-11-11T02:31:43.762+0000] {processor.py:208} INFO - Processing /home/airflow/.local/lib/python3.12/site-packages/airflow/example_dags/example_dag_decorator.py took 0.078 seconds
[2024-11-11T02:32:14.478+0000] {processor.py:186} INFO - Started process (PID=987) to work on /home/airflow/.local/lib/python3.12/site-packages/airflow/example_dags/example_dag_decorator.py
[2024-11-11T02:32:14.478+0000] {processor.py:914} INFO - Processing file /home/airflow/.local/lib/python3.12/site-packages/airflow/example_dags/example_dag_decorator.py for tasks to queue
[2024-11-11T02:32:14.480+0000] {logging_mixin.py:190} INFO - [2024-11-11T02:32:14.480+0000] {dagbag.py:588} INFO - Filling up the DagBag from /home/airflow/.local/lib/python3.12/site-packages/airflow/example_dags/example_dag_decorator.py
[2024-11-11T02:32:14.487+0000] {processor.py:925} INFO - DAG(s) 'example_dag_decorator' retrieved from /home/airflow/.local/lib/python3.12/site-packages/airflow/example_dags/example_dag_decorator.py
[2024-11-11T02:32:14.538+0000] {logging_mixin.py:190} INFO - [2024-11-11T02:32:14.537+0000] {dag.py:3239} INFO - Sync 1 DAGs
[2024-11-11T02:32:14.544+0000] {logging_mixin.py:190} INFO - [2024-11-11T02:32:14.544+0000] {dag.py:4180} INFO - Setting next_dagrun for example_dag_decorator to None, run_after=None
[2024-11-11T02:32:14.552+0000] {processor.py:208} INFO - Processing /home/airflow/.local/lib/python3.12/site-packages/airflow/example_dags/example_dag_decorator.py took 0.078 seconds
[2024-11-11T02:32:45.037+0000] {processor.py:186} INFO - Started process (PID=1049) to work on /home/airflow/.local/lib/python3.12/site-packages/airflow/example_dags/example_dag_decorator.py
[2024-11-11T02:32:45.038+0000] {processor.py:914} INFO - Processing file /home/airflow/.local/lib/python3.12/site-packages/airflow/example_dags/example_dag_decorator.py for tasks to queue
[2024-11-11T02:32:45.040+0000] {logging_mixin.py:190} INFO - [2024-11-11T02:32:45.040+0000] {dagbag.py:588} INFO - Filling up the DagBag from /home/airflow/.local/lib/python3.12/site-packages/airflow/example_dags/example_dag_decorator.py
[2024-11-11T02:32:45.050+0000] {processor.py:925} INFO - DAG(s) 'example_dag_decorator' retrieved from /home/airflow/.local/lib/python3.12/site-packages/airflow/example_dags/example_dag_decorator.py
[2024-11-11T02:32:45.116+0000] {logging_mixin.py:190} INFO - [2024-11-11T02:32:45.115+0000] {dag.py:3239} INFO - Sync 1 DAGs
[2024-11-11T02:32:45.122+0000] {logging_mixin.py:190} INFO - [2024-11-11T02:32:45.122+0000] {dag.py:4180} INFO - Setting next_dagrun for example_dag_decorator to None, run_after=None
[2024-11-11T02:32:45.134+0000] {processor.py:208} INFO - Processing /home/airflow/.local/lib/python3.12/site-packages/airflow/example_dags/example_dag_decorator.py took 0.102 seconds
[2024-11-11T02:33:15.734+0000] {processor.py:186} INFO - Started process (PID=1112) to work on /home/airflow/.local/lib/python3.12/site-packages/airflow/example_dags/example_dag_decorator.py
[2024-11-11T02:33:15.735+0000] {processor.py:914} INFO - Processing file /home/airflow/.local/lib/python3.12/site-packages/airflow/example_dags/example_dag_decorator.py for tasks to queue
[2024-11-11T02:33:15.737+0000] {logging_mixin.py:190} INFO - [2024-11-11T02:33:15.736+0000] {dagbag.py:588} INFO - Filling up the DagBag from /home/airflow/.local/lib/python3.12/site-packages/airflow/example_dags/example_dag_decorator.py
[2024-11-11T02:33:15.746+0000] {processor.py:925} INFO - DAG(s) 'example_dag_decorator' retrieved from /home/airflow/.local/lib/python3.12/site-packages/airflow/example_dags/example_dag_decorator.py
[2024-11-11T02:33:15.804+0000] {logging_mixin.py:190} INFO - [2024-11-11T02:33:15.804+0000] {dag.py:3239} INFO - Sync 1 DAGs
[2024-11-11T02:33:15.810+0000] {logging_mixin.py:190} INFO - [2024-11-11T02:33:15.810+0000] {dag.py:4180} INFO - Setting next_dagrun for example_dag_decorator to None, run_after=None
[2024-11-11T02:33:15.819+0000] {processor.py:208} INFO - Processing /home/airflow/.local/lib/python3.12/site-packages/airflow/example_dags/example_dag_decorator.py took 0.090 seconds
[2024-11-11T02:33:46.483+0000] {processor.py:186} INFO - Started process (PID=1175) to work on /home/airflow/.local/lib/python3.12/site-packages/airflow/example_dags/example_dag_decorator.py
[2024-11-11T02:33:46.485+0000] {processor.py:914} INFO - Processing file /home/airflow/.local/lib/python3.12/site-packages/airflow/example_dags/example_dag_decorator.py for tasks to queue
[2024-11-11T02:33:46.487+0000] {logging_mixin.py:190} INFO - [2024-11-11T02:33:46.487+0000] {dagbag.py:588} INFO - Filling up the DagBag from /home/airflow/.local/lib/python3.12/site-packages/airflow/example_dags/example_dag_decorator.py
[2024-11-11T02:33:46.499+0000] {processor.py:925} INFO - DAG(s) 'example_dag_decorator' retrieved from /home/airflow/.local/lib/python3.12/site-packages/airflow/example_dags/example_dag_decorator.py
[2024-11-11T02:33:46.558+0000] {logging_mixin.py:190} INFO - [2024-11-11T02:33:46.557+0000] {dag.py:3239} INFO - Sync 1 DAGs
[2024-11-11T02:33:46.563+0000] {logging_mixin.py:190} INFO - [2024-11-11T02:33:46.563+0000] {dag.py:4180} INFO - Setting next_dagrun for example_dag_decorator to None, run_after=None
[2024-11-11T02:33:46.570+0000] {processor.py:208} INFO - Processing /home/airflow/.local/lib/python3.12/site-packages/airflow/example_dags/example_dag_decorator.py took 0.095 seconds
[2024-11-11T02:34:17.153+0000] {processor.py:186} INFO - Started process (PID=1238) to work on /home/airflow/.local/lib/python3.12/site-packages/airflow/example_dags/example_dag_decorator.py
[2024-11-11T02:34:17.154+0000] {processor.py:914} INFO - Processing file /home/airflow/.local/lib/python3.12/site-packages/airflow/example_dags/example_dag_decorator.py for tasks to queue
[2024-11-11T02:34:17.156+0000] {logging_mixin.py:190} INFO - [2024-11-11T02:34:17.156+0000] {dagbag.py:588} INFO - Filling up the DagBag from /home/airflow/.local/lib/python3.12/site-packages/airflow/example_dags/example_dag_decorator.py
[2024-11-11T02:34:17.167+0000] {processor.py:925} INFO - DAG(s) 'example_dag_decorator' retrieved from /home/airflow/.local/lib/python3.12/site-packages/airflow/example_dags/example_dag_decorator.py
[2024-11-11T02:34:17.224+0000] {logging_mixin.py:190} INFO - [2024-11-11T02:34:17.224+0000] {dag.py:3239} INFO - Sync 1 DAGs
[2024-11-11T02:34:17.230+0000] {logging_mixin.py:190} INFO - [2024-11-11T02:34:17.230+0000] {dag.py:4180} INFO - Setting next_dagrun for example_dag_decorator to None, run_after=None
[2024-11-11T02:34:17.238+0000] {processor.py:208} INFO - Processing /home/airflow/.local/lib/python3.12/site-packages/airflow/example_dags/example_dag_decorator.py took 0.092 seconds
[2024-11-11T02:34:47.778+0000] {processor.py:186} INFO - Started process (PID=1301) to work on /home/airflow/.local/lib/python3.12/site-packages/airflow/example_dags/example_dag_decorator.py
[2024-11-11T02:34:47.780+0000] {processor.py:914} INFO - Processing file /home/airflow/.local/lib/python3.12/site-packages/airflow/example_dags/example_dag_decorator.py for tasks to queue
[2024-11-11T02:34:47.783+0000] {logging_mixin.py:190} INFO - [2024-11-11T02:34:47.782+0000] {dagbag.py:588} INFO - Filling up the DagBag from /home/airflow/.local/lib/python3.12/site-packages/airflow/example_dags/example_dag_decorator.py
[2024-11-11T02:34:47.796+0000] {processor.py:925} INFO - DAG(s) 'example_dag_decorator' retrieved from /home/airflow/.local/lib/python3.12/site-packages/airflow/example_dags/example_dag_decorator.py
[2024-11-11T02:34:47.856+0000] {logging_mixin.py:190} INFO - [2024-11-11T02:34:47.856+0000] {dag.py:3239} INFO - Sync 1 DAGs
[2024-11-11T02:34:47.862+0000] {logging_mixin.py:190} INFO - [2024-11-11T02:34:47.862+0000] {dag.py:4180} INFO - Setting next_dagrun for example_dag_decorator to None, run_after=None
[2024-11-11T02:34:47.870+0000] {processor.py:208} INFO - Processing /home/airflow/.local/lib/python3.12/site-packages/airflow/example_dags/example_dag_decorator.py took 0.102 seconds
[2024-11-11T02:35:18.655+0000] {processor.py:186} INFO - Started process (PID=1364) to work on /home/airflow/.local/lib/python3.12/site-packages/airflow/example_dags/example_dag_decorator.py
[2024-11-11T02:35:18.657+0000] {processor.py:914} INFO - Processing file /home/airflow/.local/lib/python3.12/site-packages/airflow/example_dags/example_dag_decorator.py for tasks to queue
[2024-11-11T02:35:18.661+0000] {logging_mixin.py:190} INFO - [2024-11-11T02:35:18.660+0000] {dagbag.py:588} INFO - Filling up the DagBag from /home/airflow/.local/lib/python3.12/site-packages/airflow/example_dags/example_dag_decorator.py
[2024-11-11T02:35:18.674+0000] {processor.py:925} INFO - DAG(s) 'example_dag_decorator' retrieved from /home/airflow/.local/lib/python3.12/site-packages/airflow/example_dags/example_dag_decorator.py
[2024-11-11T02:35:18.737+0000] {logging_mixin.py:190} INFO - [2024-11-11T02:35:18.737+0000] {dag.py:3239} INFO - Sync 1 DAGs
[2024-11-11T02:35:18.742+0000] {logging_mixin.py:190} INFO - [2024-11-11T02:35:18.742+0000] {dag.py:4180} INFO - Setting next_dagrun for example_dag_decorator to None, run_after=None
[2024-11-11T02:35:18.750+0000] {processor.py:208} INFO - Processing /home/airflow/.local/lib/python3.12/site-packages/airflow/example_dags/example_dag_decorator.py took 0.105 seconds
[2024-11-11T02:35:49.467+0000] {processor.py:186} INFO - Started process (PID=1427) to work on /home/airflow/.local/lib/python3.12/site-packages/airflow/example_dags/example_dag_decorator.py
[2024-11-11T02:35:49.468+0000] {processor.py:914} INFO - Processing file /home/airflow/.local/lib/python3.12/site-packages/airflow/example_dags/example_dag_decorator.py for tasks to queue
[2024-11-11T02:35:49.471+0000] {logging_mixin.py:190} INFO - [2024-11-11T02:35:49.471+0000] {dagbag.py:588} INFO - Filling up the DagBag from /home/airflow/.local/lib/python3.12/site-packages/airflow/example_dags/example_dag_decorator.py
[2024-11-11T02:35:49.483+0000] {processor.py:925} INFO - DAG(s) 'example_dag_decorator' retrieved from /home/airflow/.local/lib/python3.12/site-packages/airflow/example_dags/example_dag_decorator.py
[2024-11-11T02:35:49.543+0000] {logging_mixin.py:190} INFO - [2024-11-11T02:35:49.542+0000] {dag.py:3239} INFO - Sync 1 DAGs
[2024-11-11T02:35:49.548+0000] {logging_mixin.py:190} INFO - [2024-11-11T02:35:49.548+0000] {dag.py:4180} INFO - Setting next_dagrun for example_dag_decorator to None, run_after=None
[2024-11-11T02:35:49.557+0000] {processor.py:208} INFO - Processing /home/airflow/.local/lib/python3.12/site-packages/airflow/example_dags/example_dag_decorator.py took 0.098 seconds
[2024-11-11T02:36:20.117+0000] {processor.py:186} INFO - Started process (PID=1490) to work on /home/airflow/.local/lib/python3.12/site-packages/airflow/example_dags/example_dag_decorator.py
[2024-11-11T02:36:20.118+0000] {processor.py:914} INFO - Processing file /home/airflow/.local/lib/python3.12/site-packages/airflow/example_dags/example_dag_decorator.py for tasks to queue
[2024-11-11T02:36:20.121+0000] {logging_mixin.py:190} INFO - [2024-11-11T02:36:20.121+0000] {dagbag.py:588} INFO - Filling up the DagBag from /home/airflow/.local/lib/python3.12/site-packages/airflow/example_dags/example_dag_decorator.py
[2024-11-11T02:36:20.135+0000] {processor.py:925} INFO - DAG(s) 'example_dag_decorator' retrieved from /home/airflow/.local/lib/python3.12/site-packages/airflow/example_dags/example_dag_decorator.py
[2024-11-11T02:36:20.196+0000] {logging_mixin.py:190} INFO - [2024-11-11T02:36:20.196+0000] {dag.py:3239} INFO - Sync 1 DAGs
[2024-11-11T02:36:20.202+0000] {logging_mixin.py:190} INFO - [2024-11-11T02:36:20.201+0000] {dag.py:4180} INFO - Setting next_dagrun for example_dag_decorator to None, run_after=None
[2024-11-11T02:36:20.209+0000] {processor.py:208} INFO - Processing /home/airflow/.local/lib/python3.12/site-packages/airflow/example_dags/example_dag_decorator.py took 0.102 seconds
[2024-11-11T02:36:50.920+0000] {processor.py:186} INFO - Started process (PID=1553) to work on /home/airflow/.local/lib/python3.12/site-packages/airflow/example_dags/example_dag_decorator.py
[2024-11-11T02:36:50.921+0000] {processor.py:914} INFO - Processing file /home/airflow/.local/lib/python3.12/site-packages/airflow/example_dags/example_dag_decorator.py for tasks to queue
[2024-11-11T02:36:50.924+0000] {logging_mixin.py:190} INFO - [2024-11-11T02:36:50.923+0000] {dagbag.py:588} INFO - Filling up the DagBag from /home/airflow/.local/lib/python3.12/site-packages/airflow/example_dags/example_dag_decorator.py
[2024-11-11T02:36:50.935+0000] {processor.py:925} INFO - DAG(s) 'example_dag_decorator' retrieved from /home/airflow/.local/lib/python3.12/site-packages/airflow/example_dags/example_dag_decorator.py
[2024-11-11T02:36:50.996+0000] {logging_mixin.py:190} INFO - [2024-11-11T02:36:50.996+0000] {dag.py:3239} INFO - Sync 1 DAGs
[2024-11-11T02:36:51.001+0000] {logging_mixin.py:190} INFO - [2024-11-11T02:36:51.001+0000] {dag.py:4180} INFO - Setting next_dagrun for example_dag_decorator to None, run_after=None
[2024-11-11T02:36:51.009+0000] {processor.py:208} INFO - Processing /home/airflow/.local/lib/python3.12/site-packages/airflow/example_dags/example_dag_decorator.py took 0.098 seconds
[2024-11-11T02:37:21.518+0000] {processor.py:186} INFO - Started process (PID=1616) to work on /home/airflow/.local/lib/python3.12/site-packages/airflow/example_dags/example_dag_decorator.py
[2024-11-11T02:37:21.519+0000] {processor.py:914} INFO - Processing file /home/airflow/.local/lib/python3.12/site-packages/airflow/example_dags/example_dag_decorator.py for tasks to queue
[2024-11-11T02:37:21.522+0000] {logging_mixin.py:190} INFO - [2024-11-11T02:37:21.522+0000] {dagbag.py:588} INFO - Filling up the DagBag from /home/airflow/.local/lib/python3.12/site-packages/airflow/example_dags/example_dag_decorator.py
[2024-11-11T02:37:21.534+0000] {processor.py:925} INFO - DAG(s) 'example_dag_decorator' retrieved from /home/airflow/.local/lib/python3.12/site-packages/airflow/example_dags/example_dag_decorator.py
[2024-11-11T02:37:21.592+0000] {logging_mixin.py:190} INFO - [2024-11-11T02:37:21.592+0000] {dag.py:3239} INFO - Sync 1 DAGs
[2024-11-11T02:37:21.599+0000] {logging_mixin.py:190} INFO - [2024-11-11T02:37:21.598+0000] {dag.py:4180} INFO - Setting next_dagrun for example_dag_decorator to None, run_after=None
[2024-11-11T02:37:21.606+0000] {processor.py:208} INFO - Processing /home/airflow/.local/lib/python3.12/site-packages/airflow/example_dags/example_dag_decorator.py took 0.097 seconds
[2024-11-11T02:37:52.152+0000] {processor.py:186} INFO - Started process (PID=1679) to work on /home/airflow/.local/lib/python3.12/site-packages/airflow/example_dags/example_dag_decorator.py
[2024-11-11T02:37:52.153+0000] {processor.py:914} INFO - Processing file /home/airflow/.local/lib/python3.12/site-packages/airflow/example_dags/example_dag_decorator.py for tasks to queue
[2024-11-11T02:37:52.155+0000] {logging_mixin.py:190} INFO - [2024-11-11T02:37:52.155+0000] {dagbag.py:588} INFO - Filling up the DagBag from /home/airflow/.local/lib/python3.12/site-packages/airflow/example_dags/example_dag_decorator.py
[2024-11-11T02:37:52.165+0000] {processor.py:925} INFO - DAG(s) 'example_dag_decorator' retrieved from /home/airflow/.local/lib/python3.12/site-packages/airflow/example_dags/example_dag_decorator.py
[2024-11-11T02:37:52.221+0000] {logging_mixin.py:190} INFO - [2024-11-11T02:37:52.221+0000] {dag.py:3239} INFO - Sync 1 DAGs
[2024-11-11T02:37:52.226+0000] {logging_mixin.py:190} INFO - [2024-11-11T02:37:52.226+0000] {dag.py:4180} INFO - Setting next_dagrun for example_dag_decorator to None, run_after=None
[2024-11-11T02:37:52.235+0000] {processor.py:208} INFO - Processing /home/airflow/.local/lib/python3.12/site-packages/airflow/example_dags/example_dag_decorator.py took 0.089 seconds
[2024-11-11T02:38:22.822+0000] {processor.py:186} INFO - Started process (PID=1742) to work on /home/airflow/.local/lib/python3.12/site-packages/airflow/example_dags/example_dag_decorator.py
[2024-11-11T02:38:22.824+0000] {processor.py:914} INFO - Processing file /home/airflow/.local/lib/python3.12/site-packages/airflow/example_dags/example_dag_decorator.py for tasks to queue
[2024-11-11T02:38:22.826+0000] {logging_mixin.py:190} INFO - [2024-11-11T02:38:22.826+0000] {dagbag.py:588} INFO - Filling up the DagBag from /home/airflow/.local/lib/python3.12/site-packages/airflow/example_dags/example_dag_decorator.py
[2024-11-11T02:38:22.838+0000] {processor.py:925} INFO - DAG(s) 'example_dag_decorator' retrieved from /home/airflow/.local/lib/python3.12/site-packages/airflow/example_dags/example_dag_decorator.py
[2024-11-11T02:38:22.897+0000] {logging_mixin.py:190} INFO - [2024-11-11T02:38:22.897+0000] {dag.py:3239} INFO - Sync 1 DAGs
[2024-11-11T02:38:22.903+0000] {logging_mixin.py:190} INFO - [2024-11-11T02:38:22.903+0000] {dag.py:4180} INFO - Setting next_dagrun for example_dag_decorator to None, run_after=None
[2024-11-11T02:38:22.911+0000] {processor.py:208} INFO - Processing /home/airflow/.local/lib/python3.12/site-packages/airflow/example_dags/example_dag_decorator.py took 0.097 seconds
[2024-11-11T02:38:53.801+0000] {processor.py:186} INFO - Started process (PID=1805) to work on /home/airflow/.local/lib/python3.12/site-packages/airflow/example_dags/example_dag_decorator.py
[2024-11-11T02:38:53.802+0000] {processor.py:914} INFO - Processing file /home/airflow/.local/lib/python3.12/site-packages/airflow/example_dags/example_dag_decorator.py for tasks to queue
[2024-11-11T02:38:53.805+0000] {logging_mixin.py:190} INFO - [2024-11-11T02:38:53.804+0000] {dagbag.py:588} INFO - Filling up the DagBag from /home/airflow/.local/lib/python3.12/site-packages/airflow/example_dags/example_dag_decorator.py
[2024-11-11T02:38:53.818+0000] {processor.py:925} INFO - DAG(s) 'example_dag_decorator' retrieved from /home/airflow/.local/lib/python3.12/site-packages/airflow/example_dags/example_dag_decorator.py
[2024-11-11T02:38:53.894+0000] {logging_mixin.py:190} INFO - [2024-11-11T02:38:53.894+0000] {dag.py:3239} INFO - Sync 1 DAGs
[2024-11-11T02:38:53.900+0000] {logging_mixin.py:190} INFO - [2024-11-11T02:38:53.900+0000] {dag.py:4180} INFO - Setting next_dagrun for example_dag_decorator to None, run_after=None
[2024-11-11T02:38:53.908+0000] {processor.py:208} INFO - Processing /home/airflow/.local/lib/python3.12/site-packages/airflow/example_dags/example_dag_decorator.py took 0.115 seconds
[2024-11-11T02:39:24.419+0000] {processor.py:186} INFO - Started process (PID=1874) to work on /home/airflow/.local/lib/python3.12/site-packages/airflow/example_dags/example_dag_decorator.py
[2024-11-11T02:39:24.421+0000] {processor.py:914} INFO - Processing file /home/airflow/.local/lib/python3.12/site-packages/airflow/example_dags/example_dag_decorator.py for tasks to queue
[2024-11-11T02:39:24.424+0000] {logging_mixin.py:190} INFO - [2024-11-11T02:39:24.423+0000] {dagbag.py:588} INFO - Filling up the DagBag from /home/airflow/.local/lib/python3.12/site-packages/airflow/example_dags/example_dag_decorator.py
[2024-11-11T02:39:24.436+0000] {processor.py:925} INFO - DAG(s) 'example_dag_decorator' retrieved from /home/airflow/.local/lib/python3.12/site-packages/airflow/example_dags/example_dag_decorator.py
[2024-11-11T02:39:24.496+0000] {logging_mixin.py:190} INFO - [2024-11-11T02:39:24.496+0000] {dag.py:3239} INFO - Sync 1 DAGs
[2024-11-11T02:39:24.502+0000] {logging_mixin.py:190} INFO - [2024-11-11T02:39:24.502+0000] {dag.py:4180} INFO - Setting next_dagrun for example_dag_decorator to None, run_after=None
[2024-11-11T02:39:24.510+0000] {processor.py:208} INFO - Processing /home/airflow/.local/lib/python3.12/site-packages/airflow/example_dags/example_dag_decorator.py took 0.099 seconds
[2024-11-11T02:39:55.106+0000] {processor.py:186} INFO - Started process (PID=1937) to work on /home/airflow/.local/lib/python3.12/site-packages/airflow/example_dags/example_dag_decorator.py
[2024-11-11T02:39:55.107+0000] {processor.py:914} INFO - Processing file /home/airflow/.local/lib/python3.12/site-packages/airflow/example_dags/example_dag_decorator.py for tasks to queue
[2024-11-11T02:39:55.111+0000] {logging_mixin.py:190} INFO - [2024-11-11T02:39:55.111+0000] {dagbag.py:588} INFO - Filling up the DagBag from /home/airflow/.local/lib/python3.12/site-packages/airflow/example_dags/example_dag_decorator.py
[2024-11-11T02:39:55.126+0000] {processor.py:925} INFO - DAG(s) 'example_dag_decorator' retrieved from /home/airflow/.local/lib/python3.12/site-packages/airflow/example_dags/example_dag_decorator.py
[2024-11-11T02:39:55.189+0000] {logging_mixin.py:190} INFO - [2024-11-11T02:39:55.188+0000] {dag.py:3239} INFO - Sync 1 DAGs
[2024-11-11T02:39:55.194+0000] {logging_mixin.py:190} INFO - [2024-11-11T02:39:55.194+0000] {dag.py:4180} INFO - Setting next_dagrun for example_dag_decorator to None, run_after=None
[2024-11-11T02:39:55.202+0000] {processor.py:208} INFO - Processing /home/airflow/.local/lib/python3.12/site-packages/airflow/example_dags/example_dag_decorator.py took 0.106 seconds
[2024-11-11T02:40:25.943+0000] {processor.py:186} INFO - Started process (PID=2000) to work on /home/airflow/.local/lib/python3.12/site-packages/airflow/example_dags/example_dag_decorator.py
[2024-11-11T02:40:25.944+0000] {processor.py:914} INFO - Processing file /home/airflow/.local/lib/python3.12/site-packages/airflow/example_dags/example_dag_decorator.py for tasks to queue
[2024-11-11T02:40:25.947+0000] {logging_mixin.py:190} INFO - [2024-11-11T02:40:25.947+0000] {dagbag.py:588} INFO - Filling up the DagBag from /home/airflow/.local/lib/python3.12/site-packages/airflow/example_dags/example_dag_decorator.py
[2024-11-11T02:40:25.960+0000] {processor.py:925} INFO - DAG(s) 'example_dag_decorator' retrieved from /home/airflow/.local/lib/python3.12/site-packages/airflow/example_dags/example_dag_decorator.py
[2024-11-11T02:40:26.029+0000] {logging_mixin.py:190} INFO - [2024-11-11T02:40:26.029+0000] {dag.py:3239} INFO - Sync 1 DAGs
[2024-11-11T02:40:26.036+0000] {logging_mixin.py:190} INFO - [2024-11-11T02:40:26.036+0000] {dag.py:4180} INFO - Setting next_dagrun for example_dag_decorator to None, run_after=None
[2024-11-11T02:40:26.046+0000] {processor.py:208} INFO - Processing /home/airflow/.local/lib/python3.12/site-packages/airflow/example_dags/example_dag_decorator.py took 0.112 seconds
[2024-11-11T02:40:56.132+0000] {processor.py:186} INFO - Started process (PID=2063) to work on /home/airflow/.local/lib/python3.12/site-packages/airflow/example_dags/example_dag_decorator.py
[2024-11-11T02:40:56.133+0000] {processor.py:914} INFO - Processing file /home/airflow/.local/lib/python3.12/site-packages/airflow/example_dags/example_dag_decorator.py for tasks to queue
[2024-11-11T02:40:56.135+0000] {logging_mixin.py:190} INFO - [2024-11-11T02:40:56.135+0000] {dagbag.py:588} INFO - Filling up the DagBag from /home/airflow/.local/lib/python3.12/site-packages/airflow/example_dags/example_dag_decorator.py
[2024-11-11T02:40:56.143+0000] {processor.py:925} INFO - DAG(s) 'example_dag_decorator' retrieved from /home/airflow/.local/lib/python3.12/site-packages/airflow/example_dags/example_dag_decorator.py
[2024-11-11T02:40:56.196+0000] {logging_mixin.py:190} INFO - [2024-11-11T02:40:56.196+0000] {dag.py:3239} INFO - Sync 1 DAGs
[2024-11-11T02:40:56.202+0000] {logging_mixin.py:190} INFO - [2024-11-11T02:40:56.202+0000] {dag.py:4180} INFO - Setting next_dagrun for example_dag_decorator to None, run_after=None
[2024-11-11T02:40:56.210+0000] {processor.py:208} INFO - Processing /home/airflow/.local/lib/python3.12/site-packages/airflow/example_dags/example_dag_decorator.py took 0.082 seconds
[2024-11-11T02:41:26.800+0000] {processor.py:186} INFO - Started process (PID=2126) to work on /home/airflow/.local/lib/python3.12/site-packages/airflow/example_dags/example_dag_decorator.py
[2024-11-11T02:41:26.801+0000] {processor.py:914} INFO - Processing file /home/airflow/.local/lib/python3.12/site-packages/airflow/example_dags/example_dag_decorator.py for tasks to queue
[2024-11-11T02:41:26.805+0000] {logging_mixin.py:190} INFO - [2024-11-11T02:41:26.805+0000] {dagbag.py:588} INFO - Filling up the DagBag from /home/airflow/.local/lib/python3.12/site-packages/airflow/example_dags/example_dag_decorator.py
[2024-11-11T02:41:26.818+0000] {processor.py:925} INFO - DAG(s) 'example_dag_decorator' retrieved from /home/airflow/.local/lib/python3.12/site-packages/airflow/example_dags/example_dag_decorator.py
[2024-11-11T02:41:26.900+0000] {logging_mixin.py:190} INFO - [2024-11-11T02:41:26.900+0000] {dag.py:3239} INFO - Sync 1 DAGs
[2024-11-11T02:41:26.908+0000] {logging_mixin.py:190} INFO - [2024-11-11T02:41:26.908+0000] {dag.py:4180} INFO - Setting next_dagrun for example_dag_decorator to None, run_after=None
[2024-11-11T02:41:26.919+0000] {processor.py:208} INFO - Processing /home/airflow/.local/lib/python3.12/site-packages/airflow/example_dags/example_dag_decorator.py took 0.126 seconds
[2024-11-11T02:41:57.593+0000] {processor.py:186} INFO - Started process (PID=2189) to work on /home/airflow/.local/lib/python3.12/site-packages/airflow/example_dags/example_dag_decorator.py
[2024-11-11T02:41:57.594+0000] {processor.py:914} INFO - Processing file /home/airflow/.local/lib/python3.12/site-packages/airflow/example_dags/example_dag_decorator.py for tasks to queue
[2024-11-11T02:41:57.596+0000] {logging_mixin.py:190} INFO - [2024-11-11T02:41:57.596+0000] {dagbag.py:588} INFO - Filling up the DagBag from /home/airflow/.local/lib/python3.12/site-packages/airflow/example_dags/example_dag_decorator.py
[2024-11-11T02:41:57.606+0000] {processor.py:925} INFO - DAG(s) 'example_dag_decorator' retrieved from /home/airflow/.local/lib/python3.12/site-packages/airflow/example_dags/example_dag_decorator.py
[2024-11-11T02:41:57.622+0000] {logging_mixin.py:190} INFO - [2024-11-11T02:41:57.622+0000] {dag.py:3239} INFO - Sync 1 DAGs
[2024-11-11T02:41:57.631+0000] {logging_mixin.py:190} INFO - [2024-11-11T02:41:57.630+0000] {dag.py:4180} INFO - Setting next_dagrun for example_dag_decorator to None, run_after=None
[2024-11-11T02:41:57.641+0000] {processor.py:208} INFO - Processing /home/airflow/.local/lib/python3.12/site-packages/airflow/example_dags/example_dag_decorator.py took 0.054 seconds
[2024-11-11T02:42:28.268+0000] {processor.py:186} INFO - Started process (PID=2252) to work on /home/airflow/.local/lib/python3.12/site-packages/airflow/example_dags/example_dag_decorator.py
[2024-11-11T02:42:28.270+0000] {processor.py:914} INFO - Processing file /home/airflow/.local/lib/python3.12/site-packages/airflow/example_dags/example_dag_decorator.py for tasks to queue
[2024-11-11T02:42:28.272+0000] {logging_mixin.py:190} INFO - [2024-11-11T02:42:28.272+0000] {dagbag.py:588} INFO - Filling up the DagBag from /home/airflow/.local/lib/python3.12/site-packages/airflow/example_dags/example_dag_decorator.py
[2024-11-11T02:42:28.282+0000] {processor.py:925} INFO - DAG(s) 'example_dag_decorator' retrieved from /home/airflow/.local/lib/python3.12/site-packages/airflow/example_dags/example_dag_decorator.py
[2024-11-11T02:42:28.351+0000] {logging_mixin.py:190} INFO - [2024-11-11T02:42:28.351+0000] {dag.py:3239} INFO - Sync 1 DAGs
[2024-11-11T02:42:28.358+0000] {logging_mixin.py:190} INFO - [2024-11-11T02:42:28.358+0000] {dag.py:4180} INFO - Setting next_dagrun for example_dag_decorator to None, run_after=None
[2024-11-11T02:42:28.367+0000] {processor.py:208} INFO - Processing /home/airflow/.local/lib/python3.12/site-packages/airflow/example_dags/example_dag_decorator.py took 0.107 seconds
[2024-11-11T02:42:59.045+0000] {processor.py:186} INFO - Started process (PID=2315) to work on /home/airflow/.local/lib/python3.12/site-packages/airflow/example_dags/example_dag_decorator.py
[2024-11-11T02:42:59.046+0000] {processor.py:914} INFO - Processing file /home/airflow/.local/lib/python3.12/site-packages/airflow/example_dags/example_dag_decorator.py for tasks to queue
[2024-11-11T02:42:59.049+0000] {logging_mixin.py:190} INFO - [2024-11-11T02:42:59.049+0000] {dagbag.py:588} INFO - Filling up the DagBag from /home/airflow/.local/lib/python3.12/site-packages/airflow/example_dags/example_dag_decorator.py
[2024-11-11T02:42:59.061+0000] {processor.py:925} INFO - DAG(s) 'example_dag_decorator' retrieved from /home/airflow/.local/lib/python3.12/site-packages/airflow/example_dags/example_dag_decorator.py
[2024-11-11T02:42:59.120+0000] {logging_mixin.py:190} INFO - [2024-11-11T02:42:59.120+0000] {dag.py:3239} INFO - Sync 1 DAGs
[2024-11-11T02:42:59.127+0000] {logging_mixin.py:190} INFO - [2024-11-11T02:42:59.126+0000] {dag.py:4180} INFO - Setting next_dagrun for example_dag_decorator to None, run_after=None
[2024-11-11T02:42:59.134+0000] {processor.py:208} INFO - Processing /home/airflow/.local/lib/python3.12/site-packages/airflow/example_dags/example_dag_decorator.py took 0.098 seconds
[2024-11-11T02:43:29.623+0000] {processor.py:186} INFO - Started process (PID=2378) to work on /home/airflow/.local/lib/python3.12/site-packages/airflow/example_dags/example_dag_decorator.py
[2024-11-11T02:43:29.624+0000] {processor.py:914} INFO - Processing file /home/airflow/.local/lib/python3.12/site-packages/airflow/example_dags/example_dag_decorator.py for tasks to queue
[2024-11-11T02:43:29.627+0000] {logging_mixin.py:190} INFO - [2024-11-11T02:43:29.627+0000] {dagbag.py:588} INFO - Filling up the DagBag from /home/airflow/.local/lib/python3.12/site-packages/airflow/example_dags/example_dag_decorator.py
[2024-11-11T02:43:29.639+0000] {processor.py:925} INFO - DAG(s) 'example_dag_decorator' retrieved from /home/airflow/.local/lib/python3.12/site-packages/airflow/example_dags/example_dag_decorator.py
[2024-11-11T02:43:29.655+0000] {logging_mixin.py:190} INFO - [2024-11-11T02:43:29.655+0000] {dag.py:3239} INFO - Sync 1 DAGs
[2024-11-11T02:43:29.663+0000] {logging_mixin.py:190} INFO - [2024-11-11T02:43:29.662+0000] {dag.py:4180} INFO - Setting next_dagrun for example_dag_decorator to None, run_after=None
[2024-11-11T02:43:29.671+0000] {processor.py:208} INFO - Processing /home/airflow/.local/lib/python3.12/site-packages/airflow/example_dags/example_dag_decorator.py took 0.057 seconds
[2024-11-11T02:44:00.533+0000] {processor.py:186} INFO - Started process (PID=2441) to work on /home/airflow/.local/lib/python3.12/site-packages/airflow/example_dags/example_dag_decorator.py
[2024-11-11T02:44:00.535+0000] {processor.py:914} INFO - Processing file /home/airflow/.local/lib/python3.12/site-packages/airflow/example_dags/example_dag_decorator.py for tasks to queue
[2024-11-11T02:44:00.537+0000] {logging_mixin.py:190} INFO - [2024-11-11T02:44:00.537+0000] {dagbag.py:588} INFO - Filling up the DagBag from /home/airflow/.local/lib/python3.12/site-packages/airflow/example_dags/example_dag_decorator.py
[2024-11-11T02:44:00.550+0000] {processor.py:925} INFO - DAG(s) 'example_dag_decorator' retrieved from /home/airflow/.local/lib/python3.12/site-packages/airflow/example_dags/example_dag_decorator.py
[2024-11-11T02:44:00.609+0000] {logging_mixin.py:190} INFO - [2024-11-11T02:44:00.609+0000] {dag.py:3239} INFO - Sync 1 DAGs
[2024-11-11T02:44:00.615+0000] {logging_mixin.py:190} INFO - [2024-11-11T02:44:00.615+0000] {dag.py:4180} INFO - Setting next_dagrun for example_dag_decorator to None, run_after=None
[2024-11-11T02:44:00.623+0000] {processor.py:208} INFO - Processing /home/airflow/.local/lib/python3.12/site-packages/airflow/example_dags/example_dag_decorator.py took 0.099 seconds
[2024-11-11T02:44:31.201+0000] {processor.py:186} INFO - Started process (PID=2504) to work on /home/airflow/.local/lib/python3.12/site-packages/airflow/example_dags/example_dag_decorator.py
[2024-11-11T02:44:31.202+0000] {processor.py:914} INFO - Processing file /home/airflow/.local/lib/python3.12/site-packages/airflow/example_dags/example_dag_decorator.py for tasks to queue
[2024-11-11T02:44:31.205+0000] {logging_mixin.py:190} INFO - [2024-11-11T02:44:31.205+0000] {dagbag.py:588} INFO - Filling up the DagBag from /home/airflow/.local/lib/python3.12/site-packages/airflow/example_dags/example_dag_decorator.py
[2024-11-11T02:44:31.218+0000] {processor.py:925} INFO - DAG(s) 'example_dag_decorator' retrieved from /home/airflow/.local/lib/python3.12/site-packages/airflow/example_dags/example_dag_decorator.py
[2024-11-11T02:44:31.235+0000] {logging_mixin.py:190} INFO - [2024-11-11T02:44:31.235+0000] {dag.py:3239} INFO - Sync 1 DAGs
[2024-11-11T02:44:31.243+0000] {logging_mixin.py:190} INFO - [2024-11-11T02:44:31.243+0000] {dag.py:4180} INFO - Setting next_dagrun for example_dag_decorator to None, run_after=None
[2024-11-11T02:44:31.251+0000] {processor.py:208} INFO - Processing /home/airflow/.local/lib/python3.12/site-packages/airflow/example_dags/example_dag_decorator.py took 0.059 seconds
[2024-11-11T02:45:01.889+0000] {processor.py:186} INFO - Started process (PID=2567) to work on /home/airflow/.local/lib/python3.12/site-packages/airflow/example_dags/example_dag_decorator.py
[2024-11-11T02:45:01.890+0000] {processor.py:914} INFO - Processing file /home/airflow/.local/lib/python3.12/site-packages/airflow/example_dags/example_dag_decorator.py for tasks to queue
[2024-11-11T02:45:01.893+0000] {logging_mixin.py:190} INFO - [2024-11-11T02:45:01.893+0000] {dagbag.py:588} INFO - Filling up the DagBag from /home/airflow/.local/lib/python3.12/site-packages/airflow/example_dags/example_dag_decorator.py
[2024-11-11T02:45:01.904+0000] {processor.py:925} INFO - DAG(s) 'example_dag_decorator' retrieved from /home/airflow/.local/lib/python3.12/site-packages/airflow/example_dags/example_dag_decorator.py
[2024-11-11T02:45:01.921+0000] {logging_mixin.py:190} INFO - [2024-11-11T02:45:01.921+0000] {dag.py:3239} INFO - Sync 1 DAGs
[2024-11-11T02:45:01.929+0000] {logging_mixin.py:190} INFO - [2024-11-11T02:45:01.928+0000] {dag.py:4180} INFO - Setting next_dagrun for example_dag_decorator to None, run_after=None
[2024-11-11T02:45:01.938+0000] {processor.py:208} INFO - Processing /home/airflow/.local/lib/python3.12/site-packages/airflow/example_dags/example_dag_decorator.py took 0.058 seconds
[2024-11-11T02:45:32.503+0000] {processor.py:186} INFO - Started process (PID=2630) to work on /home/airflow/.local/lib/python3.12/site-packages/airflow/example_dags/example_dag_decorator.py
[2024-11-11T02:45:32.504+0000] {processor.py:914} INFO - Processing file /home/airflow/.local/lib/python3.12/site-packages/airflow/example_dags/example_dag_decorator.py for tasks to queue
[2024-11-11T02:45:32.507+0000] {logging_mixin.py:190} INFO - [2024-11-11T02:45:32.506+0000] {dagbag.py:588} INFO - Filling up the DagBag from /home/airflow/.local/lib/python3.12/site-packages/airflow/example_dags/example_dag_decorator.py
[2024-11-11T02:45:32.520+0000] {processor.py:925} INFO - DAG(s) 'example_dag_decorator' retrieved from /home/airflow/.local/lib/python3.12/site-packages/airflow/example_dags/example_dag_decorator.py
[2024-11-11T02:45:32.582+0000] {logging_mixin.py:190} INFO - [2024-11-11T02:45:32.581+0000] {dag.py:3239} INFO - Sync 1 DAGs
[2024-11-11T02:45:32.587+0000] {logging_mixin.py:190} INFO - [2024-11-11T02:45:32.587+0000] {dag.py:4180} INFO - Setting next_dagrun for example_dag_decorator to None, run_after=None
[2024-11-11T02:45:32.595+0000] {processor.py:208} INFO - Processing /home/airflow/.local/lib/python3.12/site-packages/airflow/example_dags/example_dag_decorator.py took 0.101 seconds
[2024-11-11T02:46:03.131+0000] {processor.py:186} INFO - Started process (PID=2692) to work on /home/airflow/.local/lib/python3.12/site-packages/airflow/example_dags/example_dag_decorator.py
[2024-11-11T02:46:03.133+0000] {processor.py:914} INFO - Processing file /home/airflow/.local/lib/python3.12/site-packages/airflow/example_dags/example_dag_decorator.py for tasks to queue
[2024-11-11T02:46:03.136+0000] {logging_mixin.py:190} INFO - [2024-11-11T02:46:03.136+0000] {dagbag.py:588} INFO - Filling up the DagBag from /home/airflow/.local/lib/python3.12/site-packages/airflow/example_dags/example_dag_decorator.py
[2024-11-11T02:46:03.148+0000] {processor.py:925} INFO - DAG(s) 'example_dag_decorator' retrieved from /home/airflow/.local/lib/python3.12/site-packages/airflow/example_dags/example_dag_decorator.py
[2024-11-11T02:46:03.208+0000] {logging_mixin.py:190} INFO - [2024-11-11T02:46:03.208+0000] {dag.py:3239} INFO - Sync 1 DAGs
[2024-11-11T02:46:03.214+0000] {logging_mixin.py:190} INFO - [2024-11-11T02:46:03.214+0000] {dag.py:4180} INFO - Setting next_dagrun for example_dag_decorator to None, run_after=None
[2024-11-11T02:46:03.315+0000] {processor.py:208} INFO - Processing /home/airflow/.local/lib/python3.12/site-packages/airflow/example_dags/example_dag_decorator.py took 0.193 seconds
[2024-11-11T02:46:33.795+0000] {processor.py:186} INFO - Started process (PID=2755) to work on /home/airflow/.local/lib/python3.12/site-packages/airflow/example_dags/example_dag_decorator.py
[2024-11-11T02:46:33.797+0000] {processor.py:914} INFO - Processing file /home/airflow/.local/lib/python3.12/site-packages/airflow/example_dags/example_dag_decorator.py for tasks to queue
[2024-11-11T02:46:33.799+0000] {logging_mixin.py:190} INFO - [2024-11-11T02:46:33.799+0000] {dagbag.py:588} INFO - Filling up the DagBag from /home/airflow/.local/lib/python3.12/site-packages/airflow/example_dags/example_dag_decorator.py
[2024-11-11T02:46:33.811+0000] {processor.py:925} INFO - DAG(s) 'example_dag_decorator' retrieved from /home/airflow/.local/lib/python3.12/site-packages/airflow/example_dags/example_dag_decorator.py
[2024-11-11T02:46:33.870+0000] {logging_mixin.py:190} INFO - [2024-11-11T02:46:33.870+0000] {dag.py:3239} INFO - Sync 1 DAGs
[2024-11-11T02:46:33.875+0000] {logging_mixin.py:190} INFO - [2024-11-11T02:46:33.875+0000] {dag.py:4180} INFO - Setting next_dagrun for example_dag_decorator to None, run_after=None
[2024-11-11T02:46:33.884+0000] {processor.py:208} INFO - Processing /home/airflow/.local/lib/python3.12/site-packages/airflow/example_dags/example_dag_decorator.py took 0.097 seconds
[2024-11-11T02:47:04.507+0000] {processor.py:186} INFO - Started process (PID=2818) to work on /home/airflow/.local/lib/python3.12/site-packages/airflow/example_dags/example_dag_decorator.py
[2024-11-11T02:47:04.508+0000] {processor.py:914} INFO - Processing file /home/airflow/.local/lib/python3.12/site-packages/airflow/example_dags/example_dag_decorator.py for tasks to queue
[2024-11-11T02:47:04.511+0000] {logging_mixin.py:190} INFO - [2024-11-11T02:47:04.511+0000] {dagbag.py:588} INFO - Filling up the DagBag from /home/airflow/.local/lib/python3.12/site-packages/airflow/example_dags/example_dag_decorator.py
[2024-11-11T02:47:04.523+0000] {processor.py:925} INFO - DAG(s) 'example_dag_decorator' retrieved from /home/airflow/.local/lib/python3.12/site-packages/airflow/example_dags/example_dag_decorator.py
[2024-11-11T02:47:04.540+0000] {logging_mixin.py:190} INFO - [2024-11-11T02:47:04.540+0000] {dag.py:3239} INFO - Sync 1 DAGs
[2024-11-11T02:47:04.548+0000] {logging_mixin.py:190} INFO - [2024-11-11T02:47:04.548+0000] {dag.py:4180} INFO - Setting next_dagrun for example_dag_decorator to None, run_after=None
[2024-11-11T02:47:04.557+0000] {processor.py:208} INFO - Processing /home/airflow/.local/lib/python3.12/site-packages/airflow/example_dags/example_dag_decorator.py took 0.059 seconds
[2024-11-11T02:47:35.090+0000] {processor.py:186} INFO - Started process (PID=2881) to work on /home/airflow/.local/lib/python3.12/site-packages/airflow/example_dags/example_dag_decorator.py
[2024-11-11T02:47:35.091+0000] {processor.py:914} INFO - Processing file /home/airflow/.local/lib/python3.12/site-packages/airflow/example_dags/example_dag_decorator.py for tasks to queue
[2024-11-11T02:47:35.094+0000] {logging_mixin.py:190} INFO - [2024-11-11T02:47:35.094+0000] {dagbag.py:588} INFO - Filling up the DagBag from /home/airflow/.local/lib/python3.12/site-packages/airflow/example_dags/example_dag_decorator.py
[2024-11-11T02:47:35.106+0000] {processor.py:925} INFO - DAG(s) 'example_dag_decorator' retrieved from /home/airflow/.local/lib/python3.12/site-packages/airflow/example_dags/example_dag_decorator.py
[2024-11-11T02:47:35.166+0000] {logging_mixin.py:190} INFO - [2024-11-11T02:47:35.166+0000] {dag.py:3239} INFO - Sync 1 DAGs
[2024-11-11T02:47:35.171+0000] {logging_mixin.py:190} INFO - [2024-11-11T02:47:35.171+0000] {dag.py:4180} INFO - Setting next_dagrun for example_dag_decorator to None, run_after=None
[2024-11-11T02:47:35.179+0000] {processor.py:208} INFO - Processing /home/airflow/.local/lib/python3.12/site-packages/airflow/example_dags/example_dag_decorator.py took 0.097 seconds
[2024-11-11T02:48:05.683+0000] {processor.py:186} INFO - Started process (PID=2944) to work on /home/airflow/.local/lib/python3.12/site-packages/airflow/example_dags/example_dag_decorator.py
[2024-11-11T02:48:05.683+0000] {processor.py:914} INFO - Processing file /home/airflow/.local/lib/python3.12/site-packages/airflow/example_dags/example_dag_decorator.py for tasks to queue
[2024-11-11T02:48:05.685+0000] {logging_mixin.py:190} INFO - [2024-11-11T02:48:05.685+0000] {dagbag.py:588} INFO - Filling up the DagBag from /home/airflow/.local/lib/python3.12/site-packages/airflow/example_dags/example_dag_decorator.py
[2024-11-11T02:48:05.694+0000] {processor.py:925} INFO - DAG(s) 'example_dag_decorator' retrieved from /home/airflow/.local/lib/python3.12/site-packages/airflow/example_dags/example_dag_decorator.py
[2024-11-11T02:48:05.846+0000] {logging_mixin.py:190} INFO - [2024-11-11T02:48:05.846+0000] {dag.py:3239} INFO - Sync 1 DAGs
[2024-11-11T02:48:05.851+0000] {logging_mixin.py:190} INFO - [2024-11-11T02:48:05.851+0000] {dag.py:4180} INFO - Setting next_dagrun for example_dag_decorator to None, run_after=None
[2024-11-11T02:48:05.858+0000] {processor.py:208} INFO - Processing /home/airflow/.local/lib/python3.12/site-packages/airflow/example_dags/example_dag_decorator.py took 0.181 seconds
[2024-11-11T02:48:36.268+0000] {processor.py:186} INFO - Started process (PID=3007) to work on /home/airflow/.local/lib/python3.12/site-packages/airflow/example_dags/example_dag_decorator.py
[2024-11-11T02:48:36.269+0000] {processor.py:914} INFO - Processing file /home/airflow/.local/lib/python3.12/site-packages/airflow/example_dags/example_dag_decorator.py for tasks to queue
[2024-11-11T02:48:36.271+0000] {logging_mixin.py:190} INFO - [2024-11-11T02:48:36.271+0000] {dagbag.py:588} INFO - Filling up the DagBag from /home/airflow/.local/lib/python3.12/site-packages/airflow/example_dags/example_dag_decorator.py
[2024-11-11T02:48:36.280+0000] {processor.py:925} INFO - DAG(s) 'example_dag_decorator' retrieved from /home/airflow/.local/lib/python3.12/site-packages/airflow/example_dags/example_dag_decorator.py
[2024-11-11T02:48:36.339+0000] {logging_mixin.py:190} INFO - [2024-11-11T02:48:36.339+0000] {dag.py:3239} INFO - Sync 1 DAGs
[2024-11-11T02:48:36.435+0000] {logging_mixin.py:190} INFO - [2024-11-11T02:48:36.435+0000] {dag.py:4180} INFO - Setting next_dagrun for example_dag_decorator to None, run_after=None
[2024-11-11T02:48:36.442+0000] {processor.py:208} INFO - Processing /home/airflow/.local/lib/python3.12/site-packages/airflow/example_dags/example_dag_decorator.py took 0.179 seconds
[2024-11-11T02:49:06.841+0000] {processor.py:186} INFO - Started process (PID=3070) to work on /home/airflow/.local/lib/python3.12/site-packages/airflow/example_dags/example_dag_decorator.py
[2024-11-11T02:49:06.842+0000] {processor.py:914} INFO - Processing file /home/airflow/.local/lib/python3.12/site-packages/airflow/example_dags/example_dag_decorator.py for tasks to queue
[2024-11-11T02:49:06.845+0000] {logging_mixin.py:190} INFO - [2024-11-11T02:49:06.844+0000] {dagbag.py:588} INFO - Filling up the DagBag from /home/airflow/.local/lib/python3.12/site-packages/airflow/example_dags/example_dag_decorator.py
[2024-11-11T02:49:06.855+0000] {processor.py:925} INFO - DAG(s) 'example_dag_decorator' retrieved from /home/airflow/.local/lib/python3.12/site-packages/airflow/example_dags/example_dag_decorator.py
[2024-11-11T02:49:06.910+0000] {logging_mixin.py:190} INFO - [2024-11-11T02:49:06.910+0000] {dag.py:3239} INFO - Sync 1 DAGs
[2024-11-11T02:49:06.917+0000] {logging_mixin.py:190} INFO - [2024-11-11T02:49:06.916+0000] {dag.py:4180} INFO - Setting next_dagrun for example_dag_decorator to None, run_after=None
[2024-11-11T02:49:07.016+0000] {processor.py:208} INFO - Processing /home/airflow/.local/lib/python3.12/site-packages/airflow/example_dags/example_dag_decorator.py took 0.182 seconds
[2024-11-11T02:49:37.489+0000] {processor.py:186} INFO - Started process (PID=3133) to work on /home/airflow/.local/lib/python3.12/site-packages/airflow/example_dags/example_dag_decorator.py
[2024-11-11T02:49:37.490+0000] {processor.py:914} INFO - Processing file /home/airflow/.local/lib/python3.12/site-packages/airflow/example_dags/example_dag_decorator.py for tasks to queue
[2024-11-11T02:49:37.493+0000] {logging_mixin.py:190} INFO - [2024-11-11T02:49:37.493+0000] {dagbag.py:588} INFO - Filling up the DagBag from /home/airflow/.local/lib/python3.12/site-packages/airflow/example_dags/example_dag_decorator.py
[2024-11-11T02:49:37.505+0000] {processor.py:925} INFO - DAG(s) 'example_dag_decorator' retrieved from /home/airflow/.local/lib/python3.12/site-packages/airflow/example_dags/example_dag_decorator.py
[2024-11-11T02:49:37.565+0000] {logging_mixin.py:190} INFO - [2024-11-11T02:49:37.564+0000] {dag.py:3239} INFO - Sync 1 DAGs
[2024-11-11T02:49:37.570+0000] {logging_mixin.py:190} INFO - [2024-11-11T02:49:37.570+0000] {dag.py:4180} INFO - Setting next_dagrun for example_dag_decorator to None, run_after=None
[2024-11-11T02:49:37.578+0000] {processor.py:208} INFO - Processing /home/airflow/.local/lib/python3.12/site-packages/airflow/example_dags/example_dag_decorator.py took 0.098 seconds
[2024-11-11T02:50:08.289+0000] {processor.py:186} INFO - Started process (PID=3196) to work on /home/airflow/.local/lib/python3.12/site-packages/airflow/example_dags/example_dag_decorator.py
[2024-11-11T02:50:08.290+0000] {processor.py:914} INFO - Processing file /home/airflow/.local/lib/python3.12/site-packages/airflow/example_dags/example_dag_decorator.py for tasks to queue
[2024-11-11T02:50:08.293+0000] {logging_mixin.py:190} INFO - [2024-11-11T02:50:08.293+0000] {dagbag.py:588} INFO - Filling up the DagBag from /home/airflow/.local/lib/python3.12/site-packages/airflow/example_dags/example_dag_decorator.py
[2024-11-11T02:50:08.305+0000] {processor.py:925} INFO - DAG(s) 'example_dag_decorator' retrieved from /home/airflow/.local/lib/python3.12/site-packages/airflow/example_dags/example_dag_decorator.py
[2024-11-11T02:50:08.455+0000] {logging_mixin.py:190} INFO - [2024-11-11T02:50:08.455+0000] {dag.py:3239} INFO - Sync 1 DAGs
[2024-11-11T02:50:08.460+0000] {logging_mixin.py:190} INFO - [2024-11-11T02:50:08.459+0000] {dag.py:4180} INFO - Setting next_dagrun for example_dag_decorator to None, run_after=None
[2024-11-11T02:50:08.467+0000] {processor.py:208} INFO - Processing /home/airflow/.local/lib/python3.12/site-packages/airflow/example_dags/example_dag_decorator.py took 0.186 seconds
[2024-11-11T02:50:39.172+0000] {processor.py:186} INFO - Started process (PID=3259) to work on /home/airflow/.local/lib/python3.12/site-packages/airflow/example_dags/example_dag_decorator.py
[2024-11-11T02:50:39.173+0000] {processor.py:914} INFO - Processing file /home/airflow/.local/lib/python3.12/site-packages/airflow/example_dags/example_dag_decorator.py for tasks to queue
[2024-11-11T02:50:39.176+0000] {logging_mixin.py:190} INFO - [2024-11-11T02:50:39.176+0000] {dagbag.py:588} INFO - Filling up the DagBag from /home/airflow/.local/lib/python3.12/site-packages/airflow/example_dags/example_dag_decorator.py
[2024-11-11T02:50:39.188+0000] {processor.py:925} INFO - DAG(s) 'example_dag_decorator' retrieved from /home/airflow/.local/lib/python3.12/site-packages/airflow/example_dags/example_dag_decorator.py
[2024-11-11T02:50:39.338+0000] {logging_mixin.py:190} INFO - [2024-11-11T02:50:39.338+0000] {dag.py:3239} INFO - Sync 1 DAGs
[2024-11-11T02:50:39.343+0000] {logging_mixin.py:190} INFO - [2024-11-11T02:50:39.343+0000] {dag.py:4180} INFO - Setting next_dagrun for example_dag_decorator to None, run_after=None
[2024-11-11T02:50:39.350+0000] {processor.py:208} INFO - Processing /home/airflow/.local/lib/python3.12/site-packages/airflow/example_dags/example_dag_decorator.py took 0.187 seconds
[2024-11-11T02:51:09.946+0000] {processor.py:186} INFO - Started process (PID=3322) to work on /home/airflow/.local/lib/python3.12/site-packages/airflow/example_dags/example_dag_decorator.py
[2024-11-11T02:51:09.947+0000] {processor.py:914} INFO - Processing file /home/airflow/.local/lib/python3.12/site-packages/airflow/example_dags/example_dag_decorator.py for tasks to queue
[2024-11-11T02:51:09.950+0000] {logging_mixin.py:190} INFO - [2024-11-11T02:51:09.949+0000] {dagbag.py:588} INFO - Filling up the DagBag from /home/airflow/.local/lib/python3.12/site-packages/airflow/example_dags/example_dag_decorator.py
[2024-11-11T02:51:09.961+0000] {processor.py:925} INFO - DAG(s) 'example_dag_decorator' retrieved from /home/airflow/.local/lib/python3.12/site-packages/airflow/example_dags/example_dag_decorator.py
[2024-11-11T02:51:10.111+0000] {logging_mixin.py:190} INFO - [2024-11-11T02:51:10.110+0000] {dag.py:3239} INFO - Sync 1 DAGs
[2024-11-11T02:51:10.115+0000] {logging_mixin.py:190} INFO - [2024-11-11T02:51:10.115+0000] {dag.py:4180} INFO - Setting next_dagrun for example_dag_decorator to None, run_after=None
[2024-11-11T02:51:10.123+0000] {processor.py:208} INFO - Processing /home/airflow/.local/lib/python3.12/site-packages/airflow/example_dags/example_dag_decorator.py took 0.185 seconds
[2024-11-11T02:51:40.582+0000] {processor.py:186} INFO - Started process (PID=3385) to work on /home/airflow/.local/lib/python3.12/site-packages/airflow/example_dags/example_dag_decorator.py
[2024-11-11T02:51:40.582+0000] {processor.py:914} INFO - Processing file /home/airflow/.local/lib/python3.12/site-packages/airflow/example_dags/example_dag_decorator.py for tasks to queue
[2024-11-11T02:51:40.584+0000] {logging_mixin.py:190} INFO - [2024-11-11T02:51:40.584+0000] {dagbag.py:588} INFO - Filling up the DagBag from /home/airflow/.local/lib/python3.12/site-packages/airflow/example_dags/example_dag_decorator.py
[2024-11-11T02:51:40.591+0000] {processor.py:925} INFO - DAG(s) 'example_dag_decorator' retrieved from /home/airflow/.local/lib/python3.12/site-packages/airflow/example_dags/example_dag_decorator.py
[2024-11-11T02:51:40.762+0000] {logging_mixin.py:190} INFO - [2024-11-11T02:51:40.762+0000] {dag.py:3239} INFO - Sync 1 DAGs
[2024-11-11T02:51:40.768+0000] {logging_mixin.py:190} INFO - [2024-11-11T02:51:40.768+0000] {dag.py:4180} INFO - Setting next_dagrun for example_dag_decorator to None, run_after=None
[2024-11-11T02:51:40.777+0000] {processor.py:208} INFO - Processing /home/airflow/.local/lib/python3.12/site-packages/airflow/example_dags/example_dag_decorator.py took 0.199 seconds
[2024-11-11T02:52:11.702+0000] {processor.py:186} INFO - Started process (PID=3448) to work on /home/airflow/.local/lib/python3.12/site-packages/airflow/example_dags/example_dag_decorator.py
[2024-11-11T02:52:11.703+0000] {processor.py:914} INFO - Processing file /home/airflow/.local/lib/python3.12/site-packages/airflow/example_dags/example_dag_decorator.py for tasks to queue
[2024-11-11T02:52:11.704+0000] {logging_mixin.py:190} INFO - [2024-11-11T02:52:11.704+0000] {dagbag.py:588} INFO - Filling up the DagBag from /home/airflow/.local/lib/python3.12/site-packages/airflow/example_dags/example_dag_decorator.py
[2024-11-11T02:52:11.711+0000] {processor.py:925} INFO - DAG(s) 'example_dag_decorator' retrieved from /home/airflow/.local/lib/python3.12/site-packages/airflow/example_dags/example_dag_decorator.py
[2024-11-11T02:52:11.868+0000] {logging_mixin.py:190} INFO - [2024-11-11T02:52:11.868+0000] {dag.py:3239} INFO - Sync 1 DAGs
[2024-11-11T02:52:11.873+0000] {logging_mixin.py:190} INFO - [2024-11-11T02:52:11.873+0000] {dag.py:4180} INFO - Setting next_dagrun for example_dag_decorator to None, run_after=None
[2024-11-11T02:52:11.881+0000] {processor.py:208} INFO - Processing /home/airflow/.local/lib/python3.12/site-packages/airflow/example_dags/example_dag_decorator.py took 0.182 seconds
[2024-11-11T02:52:42.800+0000] {processor.py:186} INFO - Started process (PID=3512) to work on /home/airflow/.local/lib/python3.12/site-packages/airflow/example_dags/example_dag_decorator.py
[2024-11-11T02:52:42.800+0000] {processor.py:914} INFO - Processing file /home/airflow/.local/lib/python3.12/site-packages/airflow/example_dags/example_dag_decorator.py for tasks to queue
[2024-11-11T02:52:42.802+0000] {logging_mixin.py:190} INFO - [2024-11-11T02:52:42.801+0000] {dagbag.py:588} INFO - Filling up the DagBag from /home/airflow/.local/lib/python3.12/site-packages/airflow/example_dags/example_dag_decorator.py
[2024-11-11T02:52:42.808+0000] {processor.py:925} INFO - DAG(s) 'example_dag_decorator' retrieved from /home/airflow/.local/lib/python3.12/site-packages/airflow/example_dags/example_dag_decorator.py
[2024-11-11T02:52:42.954+0000] {logging_mixin.py:190} INFO - [2024-11-11T02:52:42.954+0000] {dag.py:3239} INFO - Sync 1 DAGs
[2024-11-11T02:52:42.959+0000] {logging_mixin.py:190} INFO - [2024-11-11T02:52:42.959+0000] {dag.py:4180} INFO - Setting next_dagrun for example_dag_decorator to None, run_after=None
[2024-11-11T02:52:42.966+0000] {processor.py:208} INFO - Processing /home/airflow/.local/lib/python3.12/site-packages/airflow/example_dags/example_dag_decorator.py took 0.170 seconds
[2024-11-11T02:53:13.219+0000] {processor.py:186} INFO - Started process (PID=3575) to work on /home/airflow/.local/lib/python3.12/site-packages/airflow/example_dags/example_dag_decorator.py
[2024-11-11T02:53:13.221+0000] {processor.py:914} INFO - Processing file /home/airflow/.local/lib/python3.12/site-packages/airflow/example_dags/example_dag_decorator.py for tasks to queue
[2024-11-11T02:53:13.224+0000] {logging_mixin.py:190} INFO - [2024-11-11T02:53:13.223+0000] {dagbag.py:588} INFO - Filling up the DagBag from /home/airflow/.local/lib/python3.12/site-packages/airflow/example_dags/example_dag_decorator.py
[2024-11-11T02:53:13.236+0000] {processor.py:925} INFO - DAG(s) 'example_dag_decorator' retrieved from /home/airflow/.local/lib/python3.12/site-packages/airflow/example_dags/example_dag_decorator.py
[2024-11-11T02:53:13.385+0000] {logging_mixin.py:190} INFO - [2024-11-11T02:53:13.385+0000] {dag.py:3239} INFO - Sync 1 DAGs
[2024-11-11T02:53:13.390+0000] {logging_mixin.py:190} INFO - [2024-11-11T02:53:13.390+0000] {dag.py:4180} INFO - Setting next_dagrun for example_dag_decorator to None, run_after=None
[2024-11-11T02:53:13.397+0000] {processor.py:208} INFO - Processing /home/airflow/.local/lib/python3.12/site-packages/airflow/example_dags/example_dag_decorator.py took 0.187 seconds
[2024-11-11T02:53:43.960+0000] {processor.py:186} INFO - Started process (PID=3638) to work on /home/airflow/.local/lib/python3.12/site-packages/airflow/example_dags/example_dag_decorator.py
[2024-11-11T02:53:43.961+0000] {processor.py:914} INFO - Processing file /home/airflow/.local/lib/python3.12/site-packages/airflow/example_dags/example_dag_decorator.py for tasks to queue
[2024-11-11T02:53:43.963+0000] {logging_mixin.py:190} INFO - [2024-11-11T02:53:43.963+0000] {dagbag.py:588} INFO - Filling up the DagBag from /home/airflow/.local/lib/python3.12/site-packages/airflow/example_dags/example_dag_decorator.py
[2024-11-11T02:53:43.976+0000] {processor.py:925} INFO - DAG(s) 'example_dag_decorator' retrieved from /home/airflow/.local/lib/python3.12/site-packages/airflow/example_dags/example_dag_decorator.py
[2024-11-11T02:53:44.125+0000] {logging_mixin.py:190} INFO - [2024-11-11T02:53:44.124+0000] {dag.py:3239} INFO - Sync 1 DAGs
[2024-11-11T02:53:44.129+0000] {logging_mixin.py:190} INFO - [2024-11-11T02:53:44.129+0000] {dag.py:4180} INFO - Setting next_dagrun for example_dag_decorator to None, run_after=None
[2024-11-11T02:53:44.136+0000] {processor.py:208} INFO - Processing /home/airflow/.local/lib/python3.12/site-packages/airflow/example_dags/example_dag_decorator.py took 0.185 seconds
[2024-11-11T02:54:14.722+0000] {processor.py:186} INFO - Started process (PID=3701) to work on /home/airflow/.local/lib/python3.12/site-packages/airflow/example_dags/example_dag_decorator.py
[2024-11-11T02:54:14.723+0000] {processor.py:914} INFO - Processing file /home/airflow/.local/lib/python3.12/site-packages/airflow/example_dags/example_dag_decorator.py for tasks to queue
[2024-11-11T02:54:14.726+0000] {logging_mixin.py:190} INFO - [2024-11-11T02:54:14.726+0000] {dagbag.py:588} INFO - Filling up the DagBag from /home/airflow/.local/lib/python3.12/site-packages/airflow/example_dags/example_dag_decorator.py
[2024-11-11T02:54:14.739+0000] {processor.py:925} INFO - DAG(s) 'example_dag_decorator' retrieved from /home/airflow/.local/lib/python3.12/site-packages/airflow/example_dags/example_dag_decorator.py
[2024-11-11T02:54:14.797+0000] {logging_mixin.py:190} INFO - [2024-11-11T02:54:14.797+0000] {dag.py:3239} INFO - Sync 1 DAGs
[2024-11-11T02:54:14.802+0000] {logging_mixin.py:190} INFO - [2024-11-11T02:54:14.802+0000] {dag.py:4180} INFO - Setting next_dagrun for example_dag_decorator to None, run_after=None
[2024-11-11T02:54:14.810+0000] {processor.py:208} INFO - Processing /home/airflow/.local/lib/python3.12/site-packages/airflow/example_dags/example_dag_decorator.py took 0.096 seconds
[2024-11-11T02:54:45.220+0000] {processor.py:186} INFO - Started process (PID=3764) to work on /home/airflow/.local/lib/python3.12/site-packages/airflow/example_dags/example_dag_decorator.py
[2024-11-11T02:54:45.221+0000] {processor.py:914} INFO - Processing file /home/airflow/.local/lib/python3.12/site-packages/airflow/example_dags/example_dag_decorator.py for tasks to queue
[2024-11-11T02:54:45.224+0000] {logging_mixin.py:190} INFO - [2024-11-11T02:54:45.223+0000] {dagbag.py:588} INFO - Filling up the DagBag from /home/airflow/.local/lib/python3.12/site-packages/airflow/example_dags/example_dag_decorator.py
[2024-11-11T02:54:45.236+0000] {processor.py:925} INFO - DAG(s) 'example_dag_decorator' retrieved from /home/airflow/.local/lib/python3.12/site-packages/airflow/example_dags/example_dag_decorator.py
[2024-11-11T02:54:45.293+0000] {logging_mixin.py:190} INFO - [2024-11-11T02:54:45.293+0000] {dag.py:3239} INFO - Sync 1 DAGs
[2024-11-11T02:54:45.298+0000] {logging_mixin.py:190} INFO - [2024-11-11T02:54:45.298+0000] {dag.py:4180} INFO - Setting next_dagrun for example_dag_decorator to None, run_after=None
[2024-11-11T02:54:45.306+0000] {processor.py:208} INFO - Processing /home/airflow/.local/lib/python3.12/site-packages/airflow/example_dags/example_dag_decorator.py took 0.095 seconds
[2024-11-11T02:55:15.736+0000] {processor.py:186} INFO - Started process (PID=3827) to work on /home/airflow/.local/lib/python3.12/site-packages/airflow/example_dags/example_dag_decorator.py
[2024-11-11T02:55:15.737+0000] {processor.py:914} INFO - Processing file /home/airflow/.local/lib/python3.12/site-packages/airflow/example_dags/example_dag_decorator.py for tasks to queue
[2024-11-11T02:55:15.740+0000] {logging_mixin.py:190} INFO - [2024-11-11T02:55:15.739+0000] {dagbag.py:588} INFO - Filling up the DagBag from /home/airflow/.local/lib/python3.12/site-packages/airflow/example_dags/example_dag_decorator.py
[2024-11-11T02:55:15.753+0000] {processor.py:925} INFO - DAG(s) 'example_dag_decorator' retrieved from /home/airflow/.local/lib/python3.12/site-packages/airflow/example_dags/example_dag_decorator.py
[2024-11-11T02:55:15.811+0000] {logging_mixin.py:190} INFO - [2024-11-11T02:55:15.811+0000] {dag.py:3239} INFO - Sync 1 DAGs
[2024-11-11T02:55:15.817+0000] {logging_mixin.py:190} INFO - [2024-11-11T02:55:15.816+0000] {dag.py:4180} INFO - Setting next_dagrun for example_dag_decorator to None, run_after=None
[2024-11-11T02:55:15.824+0000] {processor.py:208} INFO - Processing /home/airflow/.local/lib/python3.12/site-packages/airflow/example_dags/example_dag_decorator.py took 0.097 seconds
[2024-11-11T02:55:46.088+0000] {processor.py:186} INFO - Started process (PID=3890) to work on /home/airflow/.local/lib/python3.12/site-packages/airflow/example_dags/example_dag_decorator.py
[2024-11-11T02:55:46.089+0000] {processor.py:914} INFO - Processing file /home/airflow/.local/lib/python3.12/site-packages/airflow/example_dags/example_dag_decorator.py for tasks to queue
[2024-11-11T02:55:46.090+0000] {logging_mixin.py:190} INFO - [2024-11-11T02:55:46.090+0000] {dagbag.py:588} INFO - Filling up the DagBag from /home/airflow/.local/lib/python3.12/site-packages/airflow/example_dags/example_dag_decorator.py
[2024-11-11T02:55:46.097+0000] {processor.py:925} INFO - DAG(s) 'example_dag_decorator' retrieved from /home/airflow/.local/lib/python3.12/site-packages/airflow/example_dags/example_dag_decorator.py
[2024-11-11T02:55:46.145+0000] {logging_mixin.py:190} INFO - [2024-11-11T02:55:46.144+0000] {dag.py:3239} INFO - Sync 1 DAGs
[2024-11-11T02:55:46.150+0000] {logging_mixin.py:190} INFO - [2024-11-11T02:55:46.150+0000] {dag.py:4180} INFO - Setting next_dagrun for example_dag_decorator to None, run_after=None
[2024-11-11T02:55:46.157+0000] {processor.py:208} INFO - Processing /home/airflow/.local/lib/python3.12/site-packages/airflow/example_dags/example_dag_decorator.py took 0.073 seconds
[2024-11-11T02:56:16.641+0000] {processor.py:186} INFO - Started process (PID=3953) to work on /home/airflow/.local/lib/python3.12/site-packages/airflow/example_dags/example_dag_decorator.py
[2024-11-11T02:56:16.641+0000] {processor.py:914} INFO - Processing file /home/airflow/.local/lib/python3.12/site-packages/airflow/example_dags/example_dag_decorator.py for tasks to queue
[2024-11-11T02:56:16.643+0000] {logging_mixin.py:190} INFO - [2024-11-11T02:56:16.643+0000] {dagbag.py:588} INFO - Filling up the DagBag from /home/airflow/.local/lib/python3.12/site-packages/airflow/example_dags/example_dag_decorator.py
[2024-11-11T02:56:16.649+0000] {processor.py:925} INFO - DAG(s) 'example_dag_decorator' retrieved from /home/airflow/.local/lib/python3.12/site-packages/airflow/example_dags/example_dag_decorator.py
[2024-11-11T02:56:16.700+0000] {logging_mixin.py:190} INFO - [2024-11-11T02:56:16.700+0000] {dag.py:3239} INFO - Sync 1 DAGs
[2024-11-11T02:56:16.707+0000] {logging_mixin.py:190} INFO - [2024-11-11T02:56:16.707+0000] {dag.py:4180} INFO - Setting next_dagrun for example_dag_decorator to None, run_after=None
[2024-11-11T02:56:16.714+0000] {processor.py:208} INFO - Processing /home/airflow/.local/lib/python3.12/site-packages/airflow/example_dags/example_dag_decorator.py took 0.077 seconds
[2024-11-11T02:56:47.211+0000] {processor.py:186} INFO - Started process (PID=4016) to work on /home/airflow/.local/lib/python3.12/site-packages/airflow/example_dags/example_dag_decorator.py
[2024-11-11T02:56:47.213+0000] {processor.py:914} INFO - Processing file /home/airflow/.local/lib/python3.12/site-packages/airflow/example_dags/example_dag_decorator.py for tasks to queue
[2024-11-11T02:56:47.216+0000] {logging_mixin.py:190} INFO - [2024-11-11T02:56:47.215+0000] {dagbag.py:588} INFO - Filling up the DagBag from /home/airflow/.local/lib/python3.12/site-packages/airflow/example_dags/example_dag_decorator.py
[2024-11-11T02:56:47.228+0000] {processor.py:925} INFO - DAG(s) 'example_dag_decorator' retrieved from /home/airflow/.local/lib/python3.12/site-packages/airflow/example_dags/example_dag_decorator.py
[2024-11-11T02:56:47.285+0000] {logging_mixin.py:190} INFO - [2024-11-11T02:56:47.285+0000] {dag.py:3239} INFO - Sync 1 DAGs
[2024-11-11T02:56:47.290+0000] {logging_mixin.py:190} INFO - [2024-11-11T02:56:47.290+0000] {dag.py:4180} INFO - Setting next_dagrun for example_dag_decorator to None, run_after=None
[2024-11-11T02:56:47.299+0000] {processor.py:208} INFO - Processing /home/airflow/.local/lib/python3.12/site-packages/airflow/example_dags/example_dag_decorator.py took 0.097 seconds
[2024-11-11T02:57:17.740+0000] {processor.py:186} INFO - Started process (PID=4079) to work on /home/airflow/.local/lib/python3.12/site-packages/airflow/example_dags/example_dag_decorator.py
[2024-11-11T02:57:17.741+0000] {processor.py:914} INFO - Processing file /home/airflow/.local/lib/python3.12/site-packages/airflow/example_dags/example_dag_decorator.py for tasks to queue
[2024-11-11T02:57:17.744+0000] {logging_mixin.py:190} INFO - [2024-11-11T02:57:17.744+0000] {dagbag.py:588} INFO - Filling up the DagBag from /home/airflow/.local/lib/python3.12/site-packages/airflow/example_dags/example_dag_decorator.py
[2024-11-11T02:57:17.758+0000] {processor.py:925} INFO - DAG(s) 'example_dag_decorator' retrieved from /home/airflow/.local/lib/python3.12/site-packages/airflow/example_dags/example_dag_decorator.py
[2024-11-11T02:57:17.817+0000] {logging_mixin.py:190} INFO - [2024-11-11T02:57:17.817+0000] {dag.py:3239} INFO - Sync 1 DAGs
[2024-11-11T02:57:17.823+0000] {logging_mixin.py:190} INFO - [2024-11-11T02:57:17.822+0000] {dag.py:4180} INFO - Setting next_dagrun for example_dag_decorator to None, run_after=None
[2024-11-11T02:57:17.831+0000] {processor.py:208} INFO - Processing /home/airflow/.local/lib/python3.12/site-packages/airflow/example_dags/example_dag_decorator.py took 0.102 seconds
[2024-11-11T02:57:48.237+0000] {processor.py:186} INFO - Started process (PID=4142) to work on /home/airflow/.local/lib/python3.12/site-packages/airflow/example_dags/example_dag_decorator.py
[2024-11-11T02:57:48.239+0000] {processor.py:914} INFO - Processing file /home/airflow/.local/lib/python3.12/site-packages/airflow/example_dags/example_dag_decorator.py for tasks to queue
[2024-11-11T02:57:48.242+0000] {logging_mixin.py:190} INFO - [2024-11-11T02:57:48.241+0000] {dagbag.py:588} INFO - Filling up the DagBag from /home/airflow/.local/lib/python3.12/site-packages/airflow/example_dags/example_dag_decorator.py
[2024-11-11T02:57:48.255+0000] {processor.py:925} INFO - DAG(s) 'example_dag_decorator' retrieved from /home/airflow/.local/lib/python3.12/site-packages/airflow/example_dags/example_dag_decorator.py
[2024-11-11T02:57:48.315+0000] {logging_mixin.py:190} INFO - [2024-11-11T02:57:48.315+0000] {dag.py:3239} INFO - Sync 1 DAGs
[2024-11-11T02:57:48.321+0000] {logging_mixin.py:190} INFO - [2024-11-11T02:57:48.320+0000] {dag.py:4180} INFO - Setting next_dagrun for example_dag_decorator to None, run_after=None
[2024-11-11T02:57:48.328+0000] {processor.py:208} INFO - Processing /home/airflow/.local/lib/python3.12/site-packages/airflow/example_dags/example_dag_decorator.py took 0.101 seconds
[2024-11-11T02:58:18.701+0000] {processor.py:186} INFO - Started process (PID=4205) to work on /home/airflow/.local/lib/python3.12/site-packages/airflow/example_dags/example_dag_decorator.py
[2024-11-11T02:58:18.701+0000] {processor.py:914} INFO - Processing file /home/airflow/.local/lib/python3.12/site-packages/airflow/example_dags/example_dag_decorator.py for tasks to queue
[2024-11-11T02:58:18.703+0000] {logging_mixin.py:190} INFO - [2024-11-11T02:58:18.703+0000] {dagbag.py:588} INFO - Filling up the DagBag from /home/airflow/.local/lib/python3.12/site-packages/airflow/example_dags/example_dag_decorator.py
[2024-11-11T02:58:18.709+0000] {processor.py:925} INFO - DAG(s) 'example_dag_decorator' retrieved from /home/airflow/.local/lib/python3.12/site-packages/airflow/example_dags/example_dag_decorator.py
[2024-11-11T02:58:18.757+0000] {logging_mixin.py:190} INFO - [2024-11-11T02:58:18.756+0000] {dag.py:3239} INFO - Sync 1 DAGs
[2024-11-11T02:58:18.762+0000] {logging_mixin.py:190} INFO - [2024-11-11T02:58:18.762+0000] {dag.py:4180} INFO - Setting next_dagrun for example_dag_decorator to None, run_after=None
[2024-11-11T02:58:18.770+0000] {processor.py:208} INFO - Processing /home/airflow/.local/lib/python3.12/site-packages/airflow/example_dags/example_dag_decorator.py took 0.073 seconds
[2024-11-11T02:58:49.115+0000] {processor.py:186} INFO - Started process (PID=4268) to work on /home/airflow/.local/lib/python3.12/site-packages/airflow/example_dags/example_dag_decorator.py
[2024-11-11T02:58:49.117+0000] {processor.py:914} INFO - Processing file /home/airflow/.local/lib/python3.12/site-packages/airflow/example_dags/example_dag_decorator.py for tasks to queue
[2024-11-11T02:58:49.119+0000] {logging_mixin.py:190} INFO - [2024-11-11T02:58:49.119+0000] {dagbag.py:588} INFO - Filling up the DagBag from /home/airflow/.local/lib/python3.12/site-packages/airflow/example_dags/example_dag_decorator.py
[2024-11-11T02:58:49.130+0000] {processor.py:925} INFO - DAG(s) 'example_dag_decorator' retrieved from /home/airflow/.local/lib/python3.12/site-packages/airflow/example_dags/example_dag_decorator.py
[2024-11-11T02:58:49.184+0000] {logging_mixin.py:190} INFO - [2024-11-11T02:58:49.184+0000] {dag.py:3239} INFO - Sync 1 DAGs
[2024-11-11T02:58:49.189+0000] {logging_mixin.py:190} INFO - [2024-11-11T02:58:49.189+0000] {dag.py:4180} INFO - Setting next_dagrun for example_dag_decorator to None, run_after=None
[2024-11-11T02:58:49.198+0000] {processor.py:208} INFO - Processing /home/airflow/.local/lib/python3.12/site-packages/airflow/example_dags/example_dag_decorator.py took 0.090 seconds
[2024-11-11T02:59:19.628+0000] {processor.py:186} INFO - Started process (PID=4331) to work on /home/airflow/.local/lib/python3.12/site-packages/airflow/example_dags/example_dag_decorator.py
[2024-11-11T02:59:19.629+0000] {processor.py:914} INFO - Processing file /home/airflow/.local/lib/python3.12/site-packages/airflow/example_dags/example_dag_decorator.py for tasks to queue
[2024-11-11T02:59:19.632+0000] {logging_mixin.py:190} INFO - [2024-11-11T02:59:19.632+0000] {dagbag.py:588} INFO - Filling up the DagBag from /home/airflow/.local/lib/python3.12/site-packages/airflow/example_dags/example_dag_decorator.py
[2024-11-11T02:59:19.645+0000] {processor.py:925} INFO - DAG(s) 'example_dag_decorator' retrieved from /home/airflow/.local/lib/python3.12/site-packages/airflow/example_dags/example_dag_decorator.py
[2024-11-11T02:59:19.704+0000] {logging_mixin.py:190} INFO - [2024-11-11T02:59:19.703+0000] {dag.py:3239} INFO - Sync 1 DAGs
[2024-11-11T02:59:19.709+0000] {logging_mixin.py:190} INFO - [2024-11-11T02:59:19.709+0000] {dag.py:4180} INFO - Setting next_dagrun for example_dag_decorator to None, run_after=None
[2024-11-11T02:59:19.716+0000] {processor.py:208} INFO - Processing /home/airflow/.local/lib/python3.12/site-packages/airflow/example_dags/example_dag_decorator.py took 0.097 seconds
[2024-11-11T02:59:50.169+0000] {processor.py:186} INFO - Started process (PID=4394) to work on /home/airflow/.local/lib/python3.12/site-packages/airflow/example_dags/example_dag_decorator.py
[2024-11-11T02:59:50.170+0000] {processor.py:914} INFO - Processing file /home/airflow/.local/lib/python3.12/site-packages/airflow/example_dags/example_dag_decorator.py for tasks to queue
[2024-11-11T02:59:50.173+0000] {logging_mixin.py:190} INFO - [2024-11-11T02:59:50.172+0000] {dagbag.py:588} INFO - Filling up the DagBag from /home/airflow/.local/lib/python3.12/site-packages/airflow/example_dags/example_dag_decorator.py
[2024-11-11T02:59:50.186+0000] {processor.py:925} INFO - DAG(s) 'example_dag_decorator' retrieved from /home/airflow/.local/lib/python3.12/site-packages/airflow/example_dags/example_dag_decorator.py
[2024-11-11T02:59:50.243+0000] {logging_mixin.py:190} INFO - [2024-11-11T02:59:50.243+0000] {dag.py:3239} INFO - Sync 1 DAGs
[2024-11-11T02:59:50.248+0000] {logging_mixin.py:190} INFO - [2024-11-11T02:59:50.248+0000] {dag.py:4180} INFO - Setting next_dagrun for example_dag_decorator to None, run_after=None
[2024-11-11T02:59:50.256+0000] {processor.py:208} INFO - Processing /home/airflow/.local/lib/python3.12/site-packages/airflow/example_dags/example_dag_decorator.py took 0.096 seconds
[2024-11-11T03:00:20.656+0000] {processor.py:186} INFO - Started process (PID=4457) to work on /home/airflow/.local/lib/python3.12/site-packages/airflow/example_dags/example_dag_decorator.py
[2024-11-11T03:00:20.658+0000] {processor.py:914} INFO - Processing file /home/airflow/.local/lib/python3.12/site-packages/airflow/example_dags/example_dag_decorator.py for tasks to queue
[2024-11-11T03:00:20.661+0000] {logging_mixin.py:190} INFO - [2024-11-11T03:00:20.660+0000] {dagbag.py:588} INFO - Filling up the DagBag from /home/airflow/.local/lib/python3.12/site-packages/airflow/example_dags/example_dag_decorator.py
[2024-11-11T03:00:20.674+0000] {processor.py:925} INFO - DAG(s) 'example_dag_decorator' retrieved from /home/airflow/.local/lib/python3.12/site-packages/airflow/example_dags/example_dag_decorator.py
[2024-11-11T03:00:20.731+0000] {logging_mixin.py:190} INFO - [2024-11-11T03:00:20.731+0000] {dag.py:3239} INFO - Sync 1 DAGs
[2024-11-11T03:00:20.736+0000] {logging_mixin.py:190} INFO - [2024-11-11T03:00:20.736+0000] {dag.py:4180} INFO - Setting next_dagrun for example_dag_decorator to None, run_after=None
[2024-11-11T03:00:20.744+0000] {processor.py:208} INFO - Processing /home/airflow/.local/lib/python3.12/site-packages/airflow/example_dags/example_dag_decorator.py took 0.097 seconds
[2024-11-11T03:00:51.067+0000] {processor.py:186} INFO - Started process (PID=4520) to work on /home/airflow/.local/lib/python3.12/site-packages/airflow/example_dags/example_dag_decorator.py
[2024-11-11T03:00:51.069+0000] {processor.py:914} INFO - Processing file /home/airflow/.local/lib/python3.12/site-packages/airflow/example_dags/example_dag_decorator.py for tasks to queue
[2024-11-11T03:00:51.071+0000] {logging_mixin.py:190} INFO - [2024-11-11T03:00:51.071+0000] {dagbag.py:588} INFO - Filling up the DagBag from /home/airflow/.local/lib/python3.12/site-packages/airflow/example_dags/example_dag_decorator.py
[2024-11-11T03:00:51.084+0000] {processor.py:925} INFO - DAG(s) 'example_dag_decorator' retrieved from /home/airflow/.local/lib/python3.12/site-packages/airflow/example_dags/example_dag_decorator.py
[2024-11-11T03:00:51.139+0000] {logging_mixin.py:190} INFO - [2024-11-11T03:00:51.138+0000] {dag.py:3239} INFO - Sync 1 DAGs
[2024-11-11T03:00:51.144+0000] {logging_mixin.py:190} INFO - [2024-11-11T03:00:51.144+0000] {dag.py:4180} INFO - Setting next_dagrun for example_dag_decorator to None, run_after=None
[2024-11-11T03:00:51.152+0000] {processor.py:208} INFO - Processing /home/airflow/.local/lib/python3.12/site-packages/airflow/example_dags/example_dag_decorator.py took 0.093 seconds
[2024-11-11T03:01:21.586+0000] {processor.py:186} INFO - Started process (PID=4583) to work on /home/airflow/.local/lib/python3.12/site-packages/airflow/example_dags/example_dag_decorator.py
[2024-11-11T03:01:21.587+0000] {processor.py:914} INFO - Processing file /home/airflow/.local/lib/python3.12/site-packages/airflow/example_dags/example_dag_decorator.py for tasks to queue
[2024-11-11T03:01:21.590+0000] {logging_mixin.py:190} INFO - [2024-11-11T03:01:21.590+0000] {dagbag.py:588} INFO - Filling up the DagBag from /home/airflow/.local/lib/python3.12/site-packages/airflow/example_dags/example_dag_decorator.py
[2024-11-11T03:01:21.603+0000] {processor.py:925} INFO - DAG(s) 'example_dag_decorator' retrieved from /home/airflow/.local/lib/python3.12/site-packages/airflow/example_dags/example_dag_decorator.py
[2024-11-11T03:01:21.659+0000] {logging_mixin.py:190} INFO - [2024-11-11T03:01:21.659+0000] {dag.py:3239} INFO - Sync 1 DAGs
[2024-11-11T03:01:21.664+0000] {logging_mixin.py:190} INFO - [2024-11-11T03:01:21.664+0000] {dag.py:4180} INFO - Setting next_dagrun for example_dag_decorator to None, run_after=None
[2024-11-11T03:01:21.672+0000] {processor.py:208} INFO - Processing /home/airflow/.local/lib/python3.12/site-packages/airflow/example_dags/example_dag_decorator.py took 0.095 seconds
[2024-11-11T03:01:52.315+0000] {processor.py:186} INFO - Started process (PID=4646) to work on /home/airflow/.local/lib/python3.12/site-packages/airflow/example_dags/example_dag_decorator.py
[2024-11-11T03:01:52.316+0000] {processor.py:914} INFO - Processing file /home/airflow/.local/lib/python3.12/site-packages/airflow/example_dags/example_dag_decorator.py for tasks to queue
[2024-11-11T03:01:52.319+0000] {logging_mixin.py:190} INFO - [2024-11-11T03:01:52.319+0000] {dagbag.py:588} INFO - Filling up the DagBag from /home/airflow/.local/lib/python3.12/site-packages/airflow/example_dags/example_dag_decorator.py
[2024-11-11T03:01:52.331+0000] {processor.py:925} INFO - DAG(s) 'example_dag_decorator' retrieved from /home/airflow/.local/lib/python3.12/site-packages/airflow/example_dags/example_dag_decorator.py
[2024-11-11T03:01:52.390+0000] {logging_mixin.py:190} INFO - [2024-11-11T03:01:52.390+0000] {dag.py:3239} INFO - Sync 1 DAGs
[2024-11-11T03:01:52.395+0000] {logging_mixin.py:190} INFO - [2024-11-11T03:01:52.395+0000] {dag.py:4180} INFO - Setting next_dagrun for example_dag_decorator to None, run_after=None
[2024-11-11T03:01:52.403+0000] {processor.py:208} INFO - Processing /home/airflow/.local/lib/python3.12/site-packages/airflow/example_dags/example_dag_decorator.py took 0.097 seconds
[2024-11-11T03:03:14.883+0000] {processor.py:186} INFO - Started process (PID=4708) to work on /home/airflow/.local/lib/python3.12/site-packages/airflow/example_dags/example_dag_decorator.py
[2024-11-11T03:03:14.884+0000] {processor.py:914} INFO - Processing file /home/airflow/.local/lib/python3.12/site-packages/airflow/example_dags/example_dag_decorator.py for tasks to queue
[2024-11-11T03:03:14.886+0000] {logging_mixin.py:190} INFO - [2024-11-11T03:03:14.886+0000] {dagbag.py:588} INFO - Filling up the DagBag from /home/airflow/.local/lib/python3.12/site-packages/airflow/example_dags/example_dag_decorator.py
[2024-11-11T03:03:14.896+0000] {processor.py:925} INFO - DAG(s) 'example_dag_decorator' retrieved from /home/airflow/.local/lib/python3.12/site-packages/airflow/example_dags/example_dag_decorator.py
[2024-11-11T03:03:14.960+0000] {logging_mixin.py:190} INFO - [2024-11-11T03:03:14.960+0000] {dag.py:3239} INFO - Sync 1 DAGs
[2024-11-11T03:03:14.967+0000] {logging_mixin.py:190} INFO - [2024-11-11T03:03:14.967+0000] {dag.py:4180} INFO - Setting next_dagrun for example_dag_decorator to None, run_after=None
[2024-11-11T03:03:14.977+0000] {processor.py:208} INFO - Processing /home/airflow/.local/lib/python3.12/site-packages/airflow/example_dags/example_dag_decorator.py took 0.100 seconds
[2024-11-11T03:03:45.338+0000] {processor.py:186} INFO - Started process (PID=4771) to work on /home/airflow/.local/lib/python3.12/site-packages/airflow/example_dags/example_dag_decorator.py
[2024-11-11T03:03:45.339+0000] {processor.py:914} INFO - Processing file /home/airflow/.local/lib/python3.12/site-packages/airflow/example_dags/example_dag_decorator.py for tasks to queue
[2024-11-11T03:03:45.341+0000] {logging_mixin.py:190} INFO - [2024-11-11T03:03:45.340+0000] {dagbag.py:588} INFO - Filling up the DagBag from /home/airflow/.local/lib/python3.12/site-packages/airflow/example_dags/example_dag_decorator.py
[2024-11-11T03:03:45.348+0000] {processor.py:925} INFO - DAG(s) 'example_dag_decorator' retrieved from /home/airflow/.local/lib/python3.12/site-packages/airflow/example_dags/example_dag_decorator.py
[2024-11-11T03:03:45.404+0000] {logging_mixin.py:190} INFO - [2024-11-11T03:03:45.404+0000] {dag.py:3239} INFO - Sync 1 DAGs
[2024-11-11T03:03:45.410+0000] {logging_mixin.py:190} INFO - [2024-11-11T03:03:45.410+0000] {dag.py:4180} INFO - Setting next_dagrun for example_dag_decorator to None, run_after=None
[2024-11-11T03:03:45.420+0000] {processor.py:208} INFO - Processing /home/airflow/.local/lib/python3.12/site-packages/airflow/example_dags/example_dag_decorator.py took 0.085 seconds
[2024-11-11T03:04:15.893+0000] {processor.py:186} INFO - Started process (PID=4834) to work on /home/airflow/.local/lib/python3.12/site-packages/airflow/example_dags/example_dag_decorator.py
[2024-11-11T03:04:15.895+0000] {processor.py:914} INFO - Processing file /home/airflow/.local/lib/python3.12/site-packages/airflow/example_dags/example_dag_decorator.py for tasks to queue
[2024-11-11T03:04:15.897+0000] {logging_mixin.py:190} INFO - [2024-11-11T03:04:15.897+0000] {dagbag.py:588} INFO - Filling up the DagBag from /home/airflow/.local/lib/python3.12/site-packages/airflow/example_dags/example_dag_decorator.py
[2024-11-11T03:04:15.908+0000] {processor.py:925} INFO - DAG(s) 'example_dag_decorator' retrieved from /home/airflow/.local/lib/python3.12/site-packages/airflow/example_dags/example_dag_decorator.py
[2024-11-11T03:04:15.970+0000] {logging_mixin.py:190} INFO - [2024-11-11T03:04:15.969+0000] {dag.py:3239} INFO - Sync 1 DAGs
[2024-11-11T03:04:15.975+0000] {logging_mixin.py:190} INFO - [2024-11-11T03:04:15.975+0000] {dag.py:4180} INFO - Setting next_dagrun for example_dag_decorator to None, run_after=None
[2024-11-11T03:04:15.983+0000] {processor.py:208} INFO - Processing /home/airflow/.local/lib/python3.12/site-packages/airflow/example_dags/example_dag_decorator.py took 0.098 seconds
[2024-11-11T03:04:46.373+0000] {processor.py:186} INFO - Started process (PID=4897) to work on /home/airflow/.local/lib/python3.12/site-packages/airflow/example_dags/example_dag_decorator.py
[2024-11-11T03:04:46.374+0000] {processor.py:914} INFO - Processing file /home/airflow/.local/lib/python3.12/site-packages/airflow/example_dags/example_dag_decorator.py for tasks to queue
[2024-11-11T03:04:46.377+0000] {logging_mixin.py:190} INFO - [2024-11-11T03:04:46.377+0000] {dagbag.py:588} INFO - Filling up the DagBag from /home/airflow/.local/lib/python3.12/site-packages/airflow/example_dags/example_dag_decorator.py
[2024-11-11T03:04:46.385+0000] {processor.py:925} INFO - DAG(s) 'example_dag_decorator' retrieved from /home/airflow/.local/lib/python3.12/site-packages/airflow/example_dags/example_dag_decorator.py
[2024-11-11T03:04:46.440+0000] {logging_mixin.py:190} INFO - [2024-11-11T03:04:46.440+0000] {dag.py:3239} INFO - Sync 1 DAGs
[2024-11-11T03:04:46.446+0000] {logging_mixin.py:190} INFO - [2024-11-11T03:04:46.446+0000] {dag.py:4180} INFO - Setting next_dagrun for example_dag_decorator to None, run_after=None
[2024-11-11T03:04:46.454+0000] {processor.py:208} INFO - Processing /home/airflow/.local/lib/python3.12/site-packages/airflow/example_dags/example_dag_decorator.py took 0.087 seconds
[2024-11-11T03:05:16.880+0000] {processor.py:186} INFO - Started process (PID=4960) to work on /home/airflow/.local/lib/python3.12/site-packages/airflow/example_dags/example_dag_decorator.py
[2024-11-11T03:05:16.881+0000] {processor.py:914} INFO - Processing file /home/airflow/.local/lib/python3.12/site-packages/airflow/example_dags/example_dag_decorator.py for tasks to queue
[2024-11-11T03:05:16.883+0000] {logging_mixin.py:190} INFO - [2024-11-11T03:05:16.883+0000] {dagbag.py:588} INFO - Filling up the DagBag from /home/airflow/.local/lib/python3.12/site-packages/airflow/example_dags/example_dag_decorator.py
[2024-11-11T03:05:16.893+0000] {processor.py:925} INFO - DAG(s) 'example_dag_decorator' retrieved from /home/airflow/.local/lib/python3.12/site-packages/airflow/example_dags/example_dag_decorator.py
[2024-11-11T03:05:16.948+0000] {logging_mixin.py:190} INFO - [2024-11-11T03:05:16.948+0000] {dag.py:3239} INFO - Sync 1 DAGs
[2024-11-11T03:05:16.954+0000] {logging_mixin.py:190} INFO - [2024-11-11T03:05:16.954+0000] {dag.py:4180} INFO - Setting next_dagrun for example_dag_decorator to None, run_after=None
[2024-11-11T03:05:16.962+0000] {processor.py:208} INFO - Processing /home/airflow/.local/lib/python3.12/site-packages/airflow/example_dags/example_dag_decorator.py took 0.089 seconds
[2024-11-11T03:05:47.265+0000] {processor.py:186} INFO - Started process (PID=5023) to work on /home/airflow/.local/lib/python3.12/site-packages/airflow/example_dags/example_dag_decorator.py
[2024-11-11T03:05:47.266+0000] {processor.py:914} INFO - Processing file /home/airflow/.local/lib/python3.12/site-packages/airflow/example_dags/example_dag_decorator.py for tasks to queue
[2024-11-11T03:05:47.269+0000] {logging_mixin.py:190} INFO - [2024-11-11T03:05:47.269+0000] {dagbag.py:588} INFO - Filling up the DagBag from /home/airflow/.local/lib/python3.12/site-packages/airflow/example_dags/example_dag_decorator.py
[2024-11-11T03:05:47.281+0000] {processor.py:925} INFO - DAG(s) 'example_dag_decorator' retrieved from /home/airflow/.local/lib/python3.12/site-packages/airflow/example_dags/example_dag_decorator.py
[2024-11-11T03:05:47.343+0000] {logging_mixin.py:190} INFO - [2024-11-11T03:05:47.343+0000] {dag.py:3239} INFO - Sync 1 DAGs
[2024-11-11T03:05:47.349+0000] {logging_mixin.py:190} INFO - [2024-11-11T03:05:47.349+0000] {dag.py:4180} INFO - Setting next_dagrun for example_dag_decorator to None, run_after=None
[2024-11-11T03:05:47.357+0000] {processor.py:208} INFO - Processing /home/airflow/.local/lib/python3.12/site-packages/airflow/example_dags/example_dag_decorator.py took 0.102 seconds
[2024-11-11T03:06:17.505+0000] {processor.py:186} INFO - Started process (PID=5086) to work on /home/airflow/.local/lib/python3.12/site-packages/airflow/example_dags/example_dag_decorator.py
[2024-11-11T03:06:17.506+0000] {processor.py:914} INFO - Processing file /home/airflow/.local/lib/python3.12/site-packages/airflow/example_dags/example_dag_decorator.py for tasks to queue
[2024-11-11T03:06:17.508+0000] {logging_mixin.py:190} INFO - [2024-11-11T03:06:17.508+0000] {dagbag.py:588} INFO - Filling up the DagBag from /home/airflow/.local/lib/python3.12/site-packages/airflow/example_dags/example_dag_decorator.py
[2024-11-11T03:06:17.520+0000] {processor.py:925} INFO - DAG(s) 'example_dag_decorator' retrieved from /home/airflow/.local/lib/python3.12/site-packages/airflow/example_dags/example_dag_decorator.py
[2024-11-11T03:06:17.578+0000] {logging_mixin.py:190} INFO - [2024-11-11T03:06:17.577+0000] {dag.py:3239} INFO - Sync 1 DAGs
[2024-11-11T03:06:17.583+0000] {logging_mixin.py:190} INFO - [2024-11-11T03:06:17.583+0000] {dag.py:4180} INFO - Setting next_dagrun for example_dag_decorator to None, run_after=None
[2024-11-11T03:06:17.592+0000] {processor.py:208} INFO - Processing /home/airflow/.local/lib/python3.12/site-packages/airflow/example_dags/example_dag_decorator.py took 0.095 seconds
[2024-11-11T03:06:47.849+0000] {processor.py:186} INFO - Started process (PID=5149) to work on /home/airflow/.local/lib/python3.12/site-packages/airflow/example_dags/example_dag_decorator.py
[2024-11-11T03:06:47.850+0000] {processor.py:914} INFO - Processing file /home/airflow/.local/lib/python3.12/site-packages/airflow/example_dags/example_dag_decorator.py for tasks to queue
[2024-11-11T03:06:47.853+0000] {logging_mixin.py:190} INFO - [2024-11-11T03:06:47.853+0000] {dagbag.py:588} INFO - Filling up the DagBag from /home/airflow/.local/lib/python3.12/site-packages/airflow/example_dags/example_dag_decorator.py
[2024-11-11T03:06:47.866+0000] {processor.py:925} INFO - DAG(s) 'example_dag_decorator' retrieved from /home/airflow/.local/lib/python3.12/site-packages/airflow/example_dags/example_dag_decorator.py
[2024-11-11T03:06:47.927+0000] {logging_mixin.py:190} INFO - [2024-11-11T03:06:47.927+0000] {dag.py:3239} INFO - Sync 1 DAGs
[2024-11-11T03:06:47.933+0000] {logging_mixin.py:190} INFO - [2024-11-11T03:06:47.933+0000] {dag.py:4180} INFO - Setting next_dagrun for example_dag_decorator to None, run_after=None
[2024-11-11T03:06:47.941+0000] {processor.py:208} INFO - Processing /home/airflow/.local/lib/python3.12/site-packages/airflow/example_dags/example_dag_decorator.py took 0.100 seconds
[2024-11-11T03:07:18.519+0000] {processor.py:186} INFO - Started process (PID=5213) to work on /home/airflow/.local/lib/python3.12/site-packages/airflow/example_dags/example_dag_decorator.py
[2024-11-11T03:07:18.520+0000] {processor.py:914} INFO - Processing file /home/airflow/.local/lib/python3.12/site-packages/airflow/example_dags/example_dag_decorator.py for tasks to queue
[2024-11-11T03:07:18.523+0000] {logging_mixin.py:190} INFO - [2024-11-11T03:07:18.522+0000] {dagbag.py:588} INFO - Filling up the DagBag from /home/airflow/.local/lib/python3.12/site-packages/airflow/example_dags/example_dag_decorator.py
[2024-11-11T03:07:18.533+0000] {processor.py:925} INFO - DAG(s) 'example_dag_decorator' retrieved from /home/airflow/.local/lib/python3.12/site-packages/airflow/example_dags/example_dag_decorator.py
[2024-11-11T03:07:18.549+0000] {logging_mixin.py:190} INFO - [2024-11-11T03:07:18.549+0000] {dag.py:3239} INFO - Sync 1 DAGs
[2024-11-11T03:07:18.556+0000] {logging_mixin.py:190} INFO - [2024-11-11T03:07:18.556+0000] {dag.py:4180} INFO - Setting next_dagrun for example_dag_decorator to None, run_after=None
[2024-11-11T03:07:18.565+0000] {processor.py:208} INFO - Processing /home/airflow/.local/lib/python3.12/site-packages/airflow/example_dags/example_dag_decorator.py took 0.053 seconds
[2024-11-11T03:07:49.000+0000] {processor.py:186} INFO - Started process (PID=5276) to work on /home/airflow/.local/lib/python3.12/site-packages/airflow/example_dags/example_dag_decorator.py
[2024-11-11T03:07:49.001+0000] {processor.py:914} INFO - Processing file /home/airflow/.local/lib/python3.12/site-packages/airflow/example_dags/example_dag_decorator.py for tasks to queue
[2024-11-11T03:07:49.004+0000] {logging_mixin.py:190} INFO - [2024-11-11T03:07:49.003+0000] {dagbag.py:588} INFO - Filling up the DagBag from /home/airflow/.local/lib/python3.12/site-packages/airflow/example_dags/example_dag_decorator.py
[2024-11-11T03:07:49.018+0000] {processor.py:925} INFO - DAG(s) 'example_dag_decorator' retrieved from /home/airflow/.local/lib/python3.12/site-packages/airflow/example_dags/example_dag_decorator.py
[2024-11-11T03:07:49.084+0000] {logging_mixin.py:190} INFO - [2024-11-11T03:07:49.084+0000] {dag.py:3239} INFO - Sync 1 DAGs
[2024-11-11T03:07:49.090+0000] {logging_mixin.py:190} INFO - [2024-11-11T03:07:49.090+0000] {dag.py:4180} INFO - Setting next_dagrun for example_dag_decorator to None, run_after=None
[2024-11-11T03:07:49.098+0000] {processor.py:208} INFO - Processing /home/airflow/.local/lib/python3.12/site-packages/airflow/example_dags/example_dag_decorator.py took 0.108 seconds
[2024-11-11T03:08:19.716+0000] {processor.py:186} INFO - Started process (PID=5339) to work on /home/airflow/.local/lib/python3.12/site-packages/airflow/example_dags/example_dag_decorator.py
[2024-11-11T03:08:19.718+0000] {processor.py:914} INFO - Processing file /home/airflow/.local/lib/python3.12/site-packages/airflow/example_dags/example_dag_decorator.py for tasks to queue
[2024-11-11T03:08:19.721+0000] {logging_mixin.py:190} INFO - [2024-11-11T03:08:19.720+0000] {dagbag.py:588} INFO - Filling up the DagBag from /home/airflow/.local/lib/python3.12/site-packages/airflow/example_dags/example_dag_decorator.py
[2024-11-11T03:08:19.734+0000] {processor.py:925} INFO - DAG(s) 'example_dag_decorator' retrieved from /home/airflow/.local/lib/python3.12/site-packages/airflow/example_dags/example_dag_decorator.py
[2024-11-11T03:08:19.804+0000] {logging_mixin.py:190} INFO - [2024-11-11T03:08:19.803+0000] {dag.py:3239} INFO - Sync 1 DAGs
[2024-11-11T03:08:19.810+0000] {logging_mixin.py:190} INFO - [2024-11-11T03:08:19.810+0000] {dag.py:4180} INFO - Setting next_dagrun for example_dag_decorator to None, run_after=None
[2024-11-11T03:08:19.819+0000] {processor.py:208} INFO - Processing /home/airflow/.local/lib/python3.12/site-packages/airflow/example_dags/example_dag_decorator.py took 0.113 seconds
[2024-11-11T03:08:50.369+0000] {processor.py:186} INFO - Started process (PID=5402) to work on /home/airflow/.local/lib/python3.12/site-packages/airflow/example_dags/example_dag_decorator.py
[2024-11-11T03:08:50.370+0000] {processor.py:914} INFO - Processing file /home/airflow/.local/lib/python3.12/site-packages/airflow/example_dags/example_dag_decorator.py for tasks to queue
[2024-11-11T03:08:50.373+0000] {logging_mixin.py:190} INFO - [2024-11-11T03:08:50.373+0000] {dagbag.py:588} INFO - Filling up the DagBag from /home/airflow/.local/lib/python3.12/site-packages/airflow/example_dags/example_dag_decorator.py
[2024-11-11T03:08:50.385+0000] {processor.py:925} INFO - DAG(s) 'example_dag_decorator' retrieved from /home/airflow/.local/lib/python3.12/site-packages/airflow/example_dags/example_dag_decorator.py
[2024-11-11T03:08:50.445+0000] {logging_mixin.py:190} INFO - [2024-11-11T03:08:50.445+0000] {dag.py:3239} INFO - Sync 1 DAGs
[2024-11-11T03:08:50.451+0000] {logging_mixin.py:190} INFO - [2024-11-11T03:08:50.451+0000] {dag.py:4180} INFO - Setting next_dagrun for example_dag_decorator to None, run_after=None
[2024-11-11T03:08:50.460+0000] {processor.py:208} INFO - Processing /home/airflow/.local/lib/python3.12/site-packages/airflow/example_dags/example_dag_decorator.py took 0.100 seconds
[2024-11-11T03:09:20.885+0000] {processor.py:186} INFO - Started process (PID=5465) to work on /home/airflow/.local/lib/python3.12/site-packages/airflow/example_dags/example_dag_decorator.py
[2024-11-11T03:09:20.886+0000] {processor.py:914} INFO - Processing file /home/airflow/.local/lib/python3.12/site-packages/airflow/example_dags/example_dag_decorator.py for tasks to queue
[2024-11-11T03:09:20.889+0000] {logging_mixin.py:190} INFO - [2024-11-11T03:09:20.889+0000] {dagbag.py:588} INFO - Filling up the DagBag from /home/airflow/.local/lib/python3.12/site-packages/airflow/example_dags/example_dag_decorator.py
[2024-11-11T03:09:20.901+0000] {processor.py:925} INFO - DAG(s) 'example_dag_decorator' retrieved from /home/airflow/.local/lib/python3.12/site-packages/airflow/example_dags/example_dag_decorator.py
[2024-11-11T03:09:20.963+0000] {logging_mixin.py:190} INFO - [2024-11-11T03:09:20.963+0000] {dag.py:3239} INFO - Sync 1 DAGs
[2024-11-11T03:09:20.968+0000] {logging_mixin.py:190} INFO - [2024-11-11T03:09:20.968+0000] {dag.py:4180} INFO - Setting next_dagrun for example_dag_decorator to None, run_after=None
[2024-11-11T03:09:20.977+0000] {processor.py:208} INFO - Processing /home/airflow/.local/lib/python3.12/site-packages/airflow/example_dags/example_dag_decorator.py took 0.101 seconds
[2024-11-11T03:09:51.485+0000] {processor.py:186} INFO - Started process (PID=5528) to work on /home/airflow/.local/lib/python3.12/site-packages/airflow/example_dags/example_dag_decorator.py
[2024-11-11T03:09:51.487+0000] {processor.py:914} INFO - Processing file /home/airflow/.local/lib/python3.12/site-packages/airflow/example_dags/example_dag_decorator.py for tasks to queue
[2024-11-11T03:09:51.490+0000] {logging_mixin.py:190} INFO - [2024-11-11T03:09:51.489+0000] {dagbag.py:588} INFO - Filling up the DagBag from /home/airflow/.local/lib/python3.12/site-packages/airflow/example_dags/example_dag_decorator.py
[2024-11-11T03:09:51.501+0000] {processor.py:925} INFO - DAG(s) 'example_dag_decorator' retrieved from /home/airflow/.local/lib/python3.12/site-packages/airflow/example_dags/example_dag_decorator.py
[2024-11-11T03:09:51.561+0000] {logging_mixin.py:190} INFO - [2024-11-11T03:09:51.561+0000] {dag.py:3239} INFO - Sync 1 DAGs
[2024-11-11T03:09:51.567+0000] {logging_mixin.py:190} INFO - [2024-11-11T03:09:51.567+0000] {dag.py:4180} INFO - Setting next_dagrun for example_dag_decorator to None, run_after=None
[2024-11-11T03:09:51.575+0000] {processor.py:208} INFO - Processing /home/airflow/.local/lib/python3.12/site-packages/airflow/example_dags/example_dag_decorator.py took 0.098 seconds
[2024-11-11T03:10:22.146+0000] {processor.py:186} INFO - Started process (PID=5591) to work on /home/airflow/.local/lib/python3.12/site-packages/airflow/example_dags/example_dag_decorator.py
[2024-11-11T03:10:22.147+0000] {processor.py:914} INFO - Processing file /home/airflow/.local/lib/python3.12/site-packages/airflow/example_dags/example_dag_decorator.py for tasks to queue
[2024-11-11T03:10:22.150+0000] {logging_mixin.py:190} INFO - [2024-11-11T03:10:22.150+0000] {dagbag.py:588} INFO - Filling up the DagBag from /home/airflow/.local/lib/python3.12/site-packages/airflow/example_dags/example_dag_decorator.py
[2024-11-11T03:10:22.162+0000] {processor.py:925} INFO - DAG(s) 'example_dag_decorator' retrieved from /home/airflow/.local/lib/python3.12/site-packages/airflow/example_dags/example_dag_decorator.py
[2024-11-11T03:10:22.223+0000] {logging_mixin.py:190} INFO - [2024-11-11T03:10:22.222+0000] {dag.py:3239} INFO - Sync 1 DAGs
[2024-11-11T03:10:22.228+0000] {logging_mixin.py:190} INFO - [2024-11-11T03:10:22.228+0000] {dag.py:4180} INFO - Setting next_dagrun for example_dag_decorator to None, run_after=None
[2024-11-11T03:10:22.236+0000] {processor.py:208} INFO - Processing /home/airflow/.local/lib/python3.12/site-packages/airflow/example_dags/example_dag_decorator.py took 0.099 seconds
[2024-11-11T03:10:52.878+0000] {processor.py:186} INFO - Started process (PID=5654) to work on /home/airflow/.local/lib/python3.12/site-packages/airflow/example_dags/example_dag_decorator.py
[2024-11-11T03:10:52.880+0000] {processor.py:914} INFO - Processing file /home/airflow/.local/lib/python3.12/site-packages/airflow/example_dags/example_dag_decorator.py for tasks to queue
[2024-11-11T03:10:52.883+0000] {logging_mixin.py:190} INFO - [2024-11-11T03:10:52.882+0000] {dagbag.py:588} INFO - Filling up the DagBag from /home/airflow/.local/lib/python3.12/site-packages/airflow/example_dags/example_dag_decorator.py
[2024-11-11T03:10:52.896+0000] {processor.py:925} INFO - DAG(s) 'example_dag_decorator' retrieved from /home/airflow/.local/lib/python3.12/site-packages/airflow/example_dags/example_dag_decorator.py
[2024-11-11T03:10:52.913+0000] {logging_mixin.py:190} INFO - [2024-11-11T03:10:52.913+0000] {dag.py:3239} INFO - Sync 1 DAGs
[2024-11-11T03:10:52.921+0000] {logging_mixin.py:190} INFO - [2024-11-11T03:10:52.921+0000] {dag.py:4180} INFO - Setting next_dagrun for example_dag_decorator to None, run_after=None
[2024-11-11T03:10:52.929+0000] {processor.py:208} INFO - Processing /home/airflow/.local/lib/python3.12/site-packages/airflow/example_dags/example_dag_decorator.py took 0.060 seconds
[2024-11-11T03:22:04.459+0000] {processor.py:186} INFO - Started process (PID=5717) to work on /home/airflow/.local/lib/python3.12/site-packages/airflow/example_dags/example_dag_decorator.py
[2024-11-11T03:22:04.460+0000] {processor.py:914} INFO - Processing file /home/airflow/.local/lib/python3.12/site-packages/airflow/example_dags/example_dag_decorator.py for tasks to queue
[2024-11-11T03:22:04.462+0000] {logging_mixin.py:190} INFO - [2024-11-11T03:22:04.461+0000] {dagbag.py:588} INFO - Filling up the DagBag from /home/airflow/.local/lib/python3.12/site-packages/airflow/example_dags/example_dag_decorator.py
[2024-11-11T03:22:04.468+0000] {processor.py:925} INFO - DAG(s) 'example_dag_decorator' retrieved from /home/airflow/.local/lib/python3.12/site-packages/airflow/example_dags/example_dag_decorator.py
[2024-11-11T03:22:04.524+0000] {logging_mixin.py:190} INFO - [2024-11-11T03:22:04.524+0000] {dag.py:3239} INFO - Sync 1 DAGs
[2024-11-11T03:22:04.531+0000] {logging_mixin.py:190} INFO - [2024-11-11T03:22:04.531+0000] {dag.py:4180} INFO - Setting next_dagrun for example_dag_decorator to None, run_after=None
[2024-11-11T03:22:04.540+0000] {processor.py:208} INFO - Processing /home/airflow/.local/lib/python3.12/site-packages/airflow/example_dags/example_dag_decorator.py took 0.085 seconds
[2024-11-11T03:22:35.468+0000] {processor.py:186} INFO - Started process (PID=5780) to work on /home/airflow/.local/lib/python3.12/site-packages/airflow/example_dags/example_dag_decorator.py
[2024-11-11T03:22:35.470+0000] {processor.py:914} INFO - Processing file /home/airflow/.local/lib/python3.12/site-packages/airflow/example_dags/example_dag_decorator.py for tasks to queue
[2024-11-11T03:22:35.473+0000] {logging_mixin.py:190} INFO - [2024-11-11T03:22:35.472+0000] {dagbag.py:588} INFO - Filling up the DagBag from /home/airflow/.local/lib/python3.12/site-packages/airflow/example_dags/example_dag_decorator.py
[2024-11-11T03:22:35.485+0000] {processor.py:925} INFO - DAG(s) 'example_dag_decorator' retrieved from /home/airflow/.local/lib/python3.12/site-packages/airflow/example_dags/example_dag_decorator.py
[2024-11-11T03:22:35.546+0000] {logging_mixin.py:190} INFO - [2024-11-11T03:22:35.546+0000] {dag.py:3239} INFO - Sync 1 DAGs
[2024-11-11T03:22:35.552+0000] {logging_mixin.py:190} INFO - [2024-11-11T03:22:35.552+0000] {dag.py:4180} INFO - Setting next_dagrun for example_dag_decorator to None, run_after=None
[2024-11-11T03:22:35.561+0000] {processor.py:208} INFO - Processing /home/airflow/.local/lib/python3.12/site-packages/airflow/example_dags/example_dag_decorator.py took 0.101 seconds
[2024-11-11T03:23:05.618+0000] {processor.py:186} INFO - Started process (PID=5843) to work on /home/airflow/.local/lib/python3.12/site-packages/airflow/example_dags/example_dag_decorator.py
[2024-11-11T03:23:05.619+0000] {processor.py:914} INFO - Processing file /home/airflow/.local/lib/python3.12/site-packages/airflow/example_dags/example_dag_decorator.py for tasks to queue
[2024-11-11T03:23:05.623+0000] {logging_mixin.py:190} INFO - [2024-11-11T03:23:05.622+0000] {dagbag.py:588} INFO - Filling up the DagBag from /home/airflow/.local/lib/python3.12/site-packages/airflow/example_dags/example_dag_decorator.py
[2024-11-11T03:23:05.634+0000] {processor.py:925} INFO - DAG(s) 'example_dag_decorator' retrieved from /home/airflow/.local/lib/python3.12/site-packages/airflow/example_dags/example_dag_decorator.py
[2024-11-11T03:23:05.691+0000] {logging_mixin.py:190} INFO - [2024-11-11T03:23:05.691+0000] {dag.py:3239} INFO - Sync 1 DAGs
[2024-11-11T03:23:05.697+0000] {logging_mixin.py:190} INFO - [2024-11-11T03:23:05.697+0000] {dag.py:4180} INFO - Setting next_dagrun for example_dag_decorator to None, run_after=None
[2024-11-11T03:23:05.704+0000] {processor.py:208} INFO - Processing /home/airflow/.local/lib/python3.12/site-packages/airflow/example_dags/example_dag_decorator.py took 0.097 seconds
[2024-11-11T03:23:36.509+0000] {processor.py:186} INFO - Started process (PID=5906) to work on /home/airflow/.local/lib/python3.12/site-packages/airflow/example_dags/example_dag_decorator.py
[2024-11-11T03:23:36.510+0000] {processor.py:914} INFO - Processing file /home/airflow/.local/lib/python3.12/site-packages/airflow/example_dags/example_dag_decorator.py for tasks to queue
[2024-11-11T03:23:36.513+0000] {logging_mixin.py:190} INFO - [2024-11-11T03:23:36.513+0000] {dagbag.py:588} INFO - Filling up the DagBag from /home/airflow/.local/lib/python3.12/site-packages/airflow/example_dags/example_dag_decorator.py
[2024-11-11T03:23:36.525+0000] {processor.py:925} INFO - DAG(s) 'example_dag_decorator' retrieved from /home/airflow/.local/lib/python3.12/site-packages/airflow/example_dags/example_dag_decorator.py
[2024-11-11T03:23:36.584+0000] {logging_mixin.py:190} INFO - [2024-11-11T03:23:36.584+0000] {dag.py:3239} INFO - Sync 1 DAGs
[2024-11-11T03:23:36.590+0000] {logging_mixin.py:190} INFO - [2024-11-11T03:23:36.590+0000] {dag.py:4180} INFO - Setting next_dagrun for example_dag_decorator to None, run_after=None
[2024-11-11T03:23:36.597+0000] {processor.py:208} INFO - Processing /home/airflow/.local/lib/python3.12/site-packages/airflow/example_dags/example_dag_decorator.py took 0.097 seconds
[2024-11-11T03:24:07.489+0000] {processor.py:186} INFO - Started process (PID=5969) to work on /home/airflow/.local/lib/python3.12/site-packages/airflow/example_dags/example_dag_decorator.py
[2024-11-11T03:24:07.489+0000] {processor.py:914} INFO - Processing file /home/airflow/.local/lib/python3.12/site-packages/airflow/example_dags/example_dag_decorator.py for tasks to queue
[2024-11-11T03:24:07.491+0000] {logging_mixin.py:190} INFO - [2024-11-11T03:24:07.491+0000] {dagbag.py:588} INFO - Filling up the DagBag from /home/airflow/.local/lib/python3.12/site-packages/airflow/example_dags/example_dag_decorator.py
[2024-11-11T03:24:07.500+0000] {processor.py:925} INFO - DAG(s) 'example_dag_decorator' retrieved from /home/airflow/.local/lib/python3.12/site-packages/airflow/example_dags/example_dag_decorator.py
[2024-11-11T03:24:07.554+0000] {logging_mixin.py:190} INFO - [2024-11-11T03:24:07.554+0000] {dag.py:3239} INFO - Sync 1 DAGs
[2024-11-11T03:24:07.559+0000] {logging_mixin.py:190} INFO - [2024-11-11T03:24:07.559+0000] {dag.py:4180} INFO - Setting next_dagrun for example_dag_decorator to None, run_after=None
[2024-11-11T03:24:07.567+0000] {processor.py:208} INFO - Processing /home/airflow/.local/lib/python3.12/site-packages/airflow/example_dags/example_dag_decorator.py took 0.083 seconds
[2024-11-11T03:24:38.146+0000] {processor.py:186} INFO - Started process (PID=6031) to work on /home/airflow/.local/lib/python3.12/site-packages/airflow/example_dags/example_dag_decorator.py
[2024-11-11T03:24:38.147+0000] {processor.py:914} INFO - Processing file /home/airflow/.local/lib/python3.12/site-packages/airflow/example_dags/example_dag_decorator.py for tasks to queue
[2024-11-11T03:24:38.149+0000] {logging_mixin.py:190} INFO - [2024-11-11T03:24:38.149+0000] {dagbag.py:588} INFO - Filling up the DagBag from /home/airflow/.local/lib/python3.12/site-packages/airflow/example_dags/example_dag_decorator.py
[2024-11-11T03:24:38.160+0000] {processor.py:925} INFO - DAG(s) 'example_dag_decorator' retrieved from /home/airflow/.local/lib/python3.12/site-packages/airflow/example_dags/example_dag_decorator.py
[2024-11-11T03:24:38.261+0000] {logging_mixin.py:190} INFO - [2024-11-11T03:24:38.260+0000] {dag.py:3239} INFO - Sync 1 DAGs
[2024-11-11T03:24:38.270+0000] {logging_mixin.py:190} INFO - [2024-11-11T03:24:38.270+0000] {dag.py:4180} INFO - Setting next_dagrun for example_dag_decorator to None, run_after=None
[2024-11-11T03:24:38.280+0000] {processor.py:208} INFO - Processing /home/airflow/.local/lib/python3.12/site-packages/airflow/example_dags/example_dag_decorator.py took 0.139 seconds
[2024-11-11T03:25:09.025+0000] {processor.py:186} INFO - Started process (PID=6094) to work on /home/airflow/.local/lib/python3.12/site-packages/airflow/example_dags/example_dag_decorator.py
[2024-11-11T03:25:09.026+0000] {processor.py:914} INFO - Processing file /home/airflow/.local/lib/python3.12/site-packages/airflow/example_dags/example_dag_decorator.py for tasks to queue
[2024-11-11T03:25:09.029+0000] {logging_mixin.py:190} INFO - [2024-11-11T03:25:09.028+0000] {dagbag.py:588} INFO - Filling up the DagBag from /home/airflow/.local/lib/python3.12/site-packages/airflow/example_dags/example_dag_decorator.py
[2024-11-11T03:25:09.041+0000] {processor.py:925} INFO - DAG(s) 'example_dag_decorator' retrieved from /home/airflow/.local/lib/python3.12/site-packages/airflow/example_dags/example_dag_decorator.py
[2024-11-11T03:25:09.105+0000] {logging_mixin.py:190} INFO - [2024-11-11T03:25:09.105+0000] {dag.py:3239} INFO - Sync 1 DAGs
[2024-11-11T03:25:09.112+0000] {logging_mixin.py:190} INFO - [2024-11-11T03:25:09.112+0000] {dag.py:4180} INFO - Setting next_dagrun for example_dag_decorator to None, run_after=None
[2024-11-11T03:25:09.121+0000] {processor.py:208} INFO - Processing /home/airflow/.local/lib/python3.12/site-packages/airflow/example_dags/example_dag_decorator.py took 0.101 seconds
[2024-11-11T03:25:39.987+0000] {processor.py:186} INFO - Started process (PID=6157) to work on /home/airflow/.local/lib/python3.12/site-packages/airflow/example_dags/example_dag_decorator.py
[2024-11-11T03:25:39.988+0000] {processor.py:914} INFO - Processing file /home/airflow/.local/lib/python3.12/site-packages/airflow/example_dags/example_dag_decorator.py for tasks to queue
[2024-11-11T03:25:39.990+0000] {logging_mixin.py:190} INFO - [2024-11-11T03:25:39.990+0000] {dagbag.py:588} INFO - Filling up the DagBag from /home/airflow/.local/lib/python3.12/site-packages/airflow/example_dags/example_dag_decorator.py
[2024-11-11T03:25:39.999+0000] {processor.py:925} INFO - DAG(s) 'example_dag_decorator' retrieved from /home/airflow/.local/lib/python3.12/site-packages/airflow/example_dags/example_dag_decorator.py
[2024-11-11T03:25:40.053+0000] {logging_mixin.py:190} INFO - [2024-11-11T03:25:40.053+0000] {dag.py:3239} INFO - Sync 1 DAGs
[2024-11-11T03:25:40.059+0000] {logging_mixin.py:190} INFO - [2024-11-11T03:25:40.058+0000] {dag.py:4180} INFO - Setting next_dagrun for example_dag_decorator to None, run_after=None
[2024-11-11T03:25:40.066+0000] {processor.py:208} INFO - Processing /home/airflow/.local/lib/python3.12/site-packages/airflow/example_dags/example_dag_decorator.py took 0.085 seconds
[2024-11-11T03:26:10.887+0000] {processor.py:186} INFO - Started process (PID=6220) to work on /home/airflow/.local/lib/python3.12/site-packages/airflow/example_dags/example_dag_decorator.py
[2024-11-11T03:26:10.889+0000] {processor.py:914} INFO - Processing file /home/airflow/.local/lib/python3.12/site-packages/airflow/example_dags/example_dag_decorator.py for tasks to queue
[2024-11-11T03:26:10.892+0000] {logging_mixin.py:190} INFO - [2024-11-11T03:26:10.892+0000] {dagbag.py:588} INFO - Filling up the DagBag from /home/airflow/.local/lib/python3.12/site-packages/airflow/example_dags/example_dag_decorator.py
[2024-11-11T03:26:10.904+0000] {processor.py:925} INFO - DAG(s) 'example_dag_decorator' retrieved from /home/airflow/.local/lib/python3.12/site-packages/airflow/example_dags/example_dag_decorator.py
[2024-11-11T03:26:10.962+0000] {logging_mixin.py:190} INFO - [2024-11-11T03:26:10.962+0000] {dag.py:3239} INFO - Sync 1 DAGs
[2024-11-11T03:26:10.968+0000] {logging_mixin.py:190} INFO - [2024-11-11T03:26:10.968+0000] {dag.py:4180} INFO - Setting next_dagrun for example_dag_decorator to None, run_after=None
[2024-11-11T03:26:10.975+0000] {processor.py:208} INFO - Processing /home/airflow/.local/lib/python3.12/site-packages/airflow/example_dags/example_dag_decorator.py took 0.096 seconds
[2024-11-11T03:26:41.524+0000] {processor.py:186} INFO - Started process (PID=6283) to work on /home/airflow/.local/lib/python3.12/site-packages/airflow/example_dags/example_dag_decorator.py
[2024-11-11T03:26:41.526+0000] {processor.py:914} INFO - Processing file /home/airflow/.local/lib/python3.12/site-packages/airflow/example_dags/example_dag_decorator.py for tasks to queue
[2024-11-11T03:26:41.529+0000] {logging_mixin.py:190} INFO - [2024-11-11T03:26:41.529+0000] {dagbag.py:588} INFO - Filling up the DagBag from /home/airflow/.local/lib/python3.12/site-packages/airflow/example_dags/example_dag_decorator.py
[2024-11-11T03:26:41.543+0000] {processor.py:925} INFO - DAG(s) 'example_dag_decorator' retrieved from /home/airflow/.local/lib/python3.12/site-packages/airflow/example_dags/example_dag_decorator.py
[2024-11-11T03:26:41.603+0000] {logging_mixin.py:190} INFO - [2024-11-11T03:26:41.603+0000] {dag.py:3239} INFO - Sync 1 DAGs
[2024-11-11T03:26:41.609+0000] {logging_mixin.py:190} INFO - [2024-11-11T03:26:41.609+0000] {dag.py:4180} INFO - Setting next_dagrun for example_dag_decorator to None, run_after=None
[2024-11-11T03:26:41.616+0000] {processor.py:208} INFO - Processing /home/airflow/.local/lib/python3.12/site-packages/airflow/example_dags/example_dag_decorator.py took 0.101 seconds
[2024-11-11T03:27:12.364+0000] {processor.py:186} INFO - Started process (PID=6346) to work on /home/airflow/.local/lib/python3.12/site-packages/airflow/example_dags/example_dag_decorator.py
[2024-11-11T03:27:12.365+0000] {processor.py:914} INFO - Processing file /home/airflow/.local/lib/python3.12/site-packages/airflow/example_dags/example_dag_decorator.py for tasks to queue
[2024-11-11T03:27:12.370+0000] {logging_mixin.py:190} INFO - [2024-11-11T03:27:12.369+0000] {dagbag.py:588} INFO - Filling up the DagBag from /home/airflow/.local/lib/python3.12/site-packages/airflow/example_dags/example_dag_decorator.py
[2024-11-11T03:27:12.386+0000] {processor.py:925} INFO - DAG(s) 'example_dag_decorator' retrieved from /home/airflow/.local/lib/python3.12/site-packages/airflow/example_dags/example_dag_decorator.py
[2024-11-11T03:27:12.451+0000] {logging_mixin.py:190} INFO - [2024-11-11T03:27:12.451+0000] {dag.py:3239} INFO - Sync 1 DAGs
[2024-11-11T03:27:12.457+0000] {logging_mixin.py:190} INFO - [2024-11-11T03:27:12.457+0000] {dag.py:4180} INFO - Setting next_dagrun for example_dag_decorator to None, run_after=None
[2024-11-11T03:27:12.465+0000] {processor.py:208} INFO - Processing /home/airflow/.local/lib/python3.12/site-packages/airflow/example_dags/example_dag_decorator.py took 0.112 seconds
[2024-11-11T03:27:43.118+0000] {processor.py:186} INFO - Started process (PID=6409) to work on /home/airflow/.local/lib/python3.12/site-packages/airflow/example_dags/example_dag_decorator.py
[2024-11-11T03:27:43.119+0000] {processor.py:914} INFO - Processing file /home/airflow/.local/lib/python3.12/site-packages/airflow/example_dags/example_dag_decorator.py for tasks to queue
[2024-11-11T03:27:43.122+0000] {logging_mixin.py:190} INFO - [2024-11-11T03:27:43.122+0000] {dagbag.py:588} INFO - Filling up the DagBag from /home/airflow/.local/lib/python3.12/site-packages/airflow/example_dags/example_dag_decorator.py
[2024-11-11T03:27:43.135+0000] {processor.py:925} INFO - DAG(s) 'example_dag_decorator' retrieved from /home/airflow/.local/lib/python3.12/site-packages/airflow/example_dags/example_dag_decorator.py
[2024-11-11T03:27:43.209+0000] {logging_mixin.py:190} INFO - [2024-11-11T03:27:43.209+0000] {dag.py:3239} INFO - Sync 1 DAGs
[2024-11-11T03:27:43.216+0000] {logging_mixin.py:190} INFO - [2024-11-11T03:27:43.215+0000] {dag.py:4180} INFO - Setting next_dagrun for example_dag_decorator to None, run_after=None
[2024-11-11T03:27:43.224+0000] {processor.py:208} INFO - Processing /home/airflow/.local/lib/python3.12/site-packages/airflow/example_dags/example_dag_decorator.py took 0.114 seconds
[2024-11-11T03:28:13.976+0000] {processor.py:186} INFO - Started process (PID=6472) to work on /home/airflow/.local/lib/python3.12/site-packages/airflow/example_dags/example_dag_decorator.py
[2024-11-11T03:28:13.977+0000] {processor.py:914} INFO - Processing file /home/airflow/.local/lib/python3.12/site-packages/airflow/example_dags/example_dag_decorator.py for tasks to queue
[2024-11-11T03:28:13.979+0000] {logging_mixin.py:190} INFO - [2024-11-11T03:28:13.979+0000] {dagbag.py:588} INFO - Filling up the DagBag from /home/airflow/.local/lib/python3.12/site-packages/airflow/example_dags/example_dag_decorator.py
[2024-11-11T03:28:13.987+0000] {processor.py:925} INFO - DAG(s) 'example_dag_decorator' retrieved from /home/airflow/.local/lib/python3.12/site-packages/airflow/example_dags/example_dag_decorator.py
[2024-11-11T03:28:14.055+0000] {logging_mixin.py:190} INFO - [2024-11-11T03:28:14.054+0000] {dag.py:3239} INFO - Sync 1 DAGs
[2024-11-11T03:28:14.061+0000] {logging_mixin.py:190} INFO - [2024-11-11T03:28:14.061+0000] {dag.py:4180} INFO - Setting next_dagrun for example_dag_decorator to None, run_after=None
[2024-11-11T03:28:14.071+0000] {processor.py:208} INFO - Processing /home/airflow/.local/lib/python3.12/site-packages/airflow/example_dags/example_dag_decorator.py took 0.102 seconds
[2024-11-11T03:28:44.807+0000] {processor.py:186} INFO - Started process (PID=6535) to work on /home/airflow/.local/lib/python3.12/site-packages/airflow/example_dags/example_dag_decorator.py
[2024-11-11T03:28:44.809+0000] {processor.py:914} INFO - Processing file /home/airflow/.local/lib/python3.12/site-packages/airflow/example_dags/example_dag_decorator.py for tasks to queue
[2024-11-11T03:28:44.812+0000] {logging_mixin.py:190} INFO - [2024-11-11T03:28:44.811+0000] {dagbag.py:588} INFO - Filling up the DagBag from /home/airflow/.local/lib/python3.12/site-packages/airflow/example_dags/example_dag_decorator.py
[2024-11-11T03:28:44.823+0000] {processor.py:925} INFO - DAG(s) 'example_dag_decorator' retrieved from /home/airflow/.local/lib/python3.12/site-packages/airflow/example_dags/example_dag_decorator.py
[2024-11-11T03:28:44.883+0000] {logging_mixin.py:190} INFO - [2024-11-11T03:28:44.882+0000] {dag.py:3239} INFO - Sync 1 DAGs
[2024-11-11T03:28:44.891+0000] {logging_mixin.py:190} INFO - [2024-11-11T03:28:44.891+0000] {dag.py:4180} INFO - Setting next_dagrun for example_dag_decorator to None, run_after=None
[2024-11-11T03:28:44.899+0000] {processor.py:208} INFO - Processing /home/airflow/.local/lib/python3.12/site-packages/airflow/example_dags/example_dag_decorator.py took 0.100 seconds
[2024-11-11T03:29:15.389+0000] {processor.py:186} INFO - Started process (PID=6598) to work on /home/airflow/.local/lib/python3.12/site-packages/airflow/example_dags/example_dag_decorator.py
[2024-11-11T03:29:15.391+0000] {processor.py:914} INFO - Processing file /home/airflow/.local/lib/python3.12/site-packages/airflow/example_dags/example_dag_decorator.py for tasks to queue
[2024-11-11T03:29:15.393+0000] {logging_mixin.py:190} INFO - [2024-11-11T03:29:15.393+0000] {dagbag.py:588} INFO - Filling up the DagBag from /home/airflow/.local/lib/python3.12/site-packages/airflow/example_dags/example_dag_decorator.py
[2024-11-11T03:29:15.405+0000] {processor.py:925} INFO - DAG(s) 'example_dag_decorator' retrieved from /home/airflow/.local/lib/python3.12/site-packages/airflow/example_dags/example_dag_decorator.py
[2024-11-11T03:29:15.476+0000] {logging_mixin.py:190} INFO - [2024-11-11T03:29:15.476+0000] {dag.py:3239} INFO - Sync 1 DAGs
[2024-11-11T03:29:15.482+0000] {logging_mixin.py:190} INFO - [2024-11-11T03:29:15.482+0000] {dag.py:4180} INFO - Setting next_dagrun for example_dag_decorator to None, run_after=None
[2024-11-11T03:29:15.494+0000] {processor.py:208} INFO - Processing /home/airflow/.local/lib/python3.12/site-packages/airflow/example_dags/example_dag_decorator.py took 0.110 seconds
[2024-11-11T03:29:46.394+0000] {processor.py:186} INFO - Started process (PID=6660) to work on /home/airflow/.local/lib/python3.12/site-packages/airflow/example_dags/example_dag_decorator.py
[2024-11-11T03:29:46.395+0000] {processor.py:914} INFO - Processing file /home/airflow/.local/lib/python3.12/site-packages/airflow/example_dags/example_dag_decorator.py for tasks to queue
[2024-11-11T03:29:46.396+0000] {logging_mixin.py:190} INFO - [2024-11-11T03:29:46.396+0000] {dagbag.py:588} INFO - Filling up the DagBag from /home/airflow/.local/lib/python3.12/site-packages/airflow/example_dags/example_dag_decorator.py
[2024-11-11T03:29:46.404+0000] {processor.py:925} INFO - DAG(s) 'example_dag_decorator' retrieved from /home/airflow/.local/lib/python3.12/site-packages/airflow/example_dags/example_dag_decorator.py
[2024-11-11T03:29:46.467+0000] {logging_mixin.py:190} INFO - [2024-11-11T03:29:46.467+0000] {dag.py:3239} INFO - Sync 1 DAGs
[2024-11-11T03:29:46.474+0000] {logging_mixin.py:190} INFO - [2024-11-11T03:29:46.474+0000] {dag.py:4180} INFO - Setting next_dagrun for example_dag_decorator to None, run_after=None
[2024-11-11T03:29:46.489+0000] {processor.py:208} INFO - Processing /home/airflow/.local/lib/python3.12/site-packages/airflow/example_dags/example_dag_decorator.py took 0.099 seconds
[2024-11-11T03:30:17.338+0000] {processor.py:186} INFO - Started process (PID=6723) to work on /home/airflow/.local/lib/python3.12/site-packages/airflow/example_dags/example_dag_decorator.py
[2024-11-11T03:30:17.340+0000] {processor.py:914} INFO - Processing file /home/airflow/.local/lib/python3.12/site-packages/airflow/example_dags/example_dag_decorator.py for tasks to queue
[2024-11-11T03:30:17.343+0000] {logging_mixin.py:190} INFO - [2024-11-11T03:30:17.342+0000] {dagbag.py:588} INFO - Filling up the DagBag from /home/airflow/.local/lib/python3.12/site-packages/airflow/example_dags/example_dag_decorator.py
[2024-11-11T03:30:17.352+0000] {processor.py:925} INFO - DAG(s) 'example_dag_decorator' retrieved from /home/airflow/.local/lib/python3.12/site-packages/airflow/example_dags/example_dag_decorator.py
[2024-11-11T03:30:17.433+0000] {logging_mixin.py:190} INFO - [2024-11-11T03:30:17.433+0000] {dag.py:3239} INFO - Sync 1 DAGs
[2024-11-11T03:30:17.440+0000] {logging_mixin.py:190} INFO - [2024-11-11T03:30:17.440+0000] {dag.py:4180} INFO - Setting next_dagrun for example_dag_decorator to None, run_after=None
[2024-11-11T03:30:17.449+0000] {processor.py:208} INFO - Processing /home/airflow/.local/lib/python3.12/site-packages/airflow/example_dags/example_dag_decorator.py took 0.115 seconds
[2024-11-11T03:30:48.391+0000] {processor.py:186} INFO - Started process (PID=6786) to work on /home/airflow/.local/lib/python3.12/site-packages/airflow/example_dags/example_dag_decorator.py
[2024-11-11T03:30:48.393+0000] {processor.py:914} INFO - Processing file /home/airflow/.local/lib/python3.12/site-packages/airflow/example_dags/example_dag_decorator.py for tasks to queue
[2024-11-11T03:30:48.397+0000] {logging_mixin.py:190} INFO - [2024-11-11T03:30:48.396+0000] {dagbag.py:588} INFO - Filling up the DagBag from /home/airflow/.local/lib/python3.12/site-packages/airflow/example_dags/example_dag_decorator.py
[2024-11-11T03:30:48.413+0000] {processor.py:925} INFO - DAG(s) 'example_dag_decorator' retrieved from /home/airflow/.local/lib/python3.12/site-packages/airflow/example_dags/example_dag_decorator.py
[2024-11-11T03:30:48.483+0000] {logging_mixin.py:190} INFO - [2024-11-11T03:30:48.483+0000] {dag.py:3239} INFO - Sync 1 DAGs
[2024-11-11T03:30:48.488+0000] {logging_mixin.py:190} INFO - [2024-11-11T03:30:48.488+0000] {dag.py:4180} INFO - Setting next_dagrun for example_dag_decorator to None, run_after=None
[2024-11-11T03:30:48.498+0000] {processor.py:208} INFO - Processing /home/airflow/.local/lib/python3.12/site-packages/airflow/example_dags/example_dag_decorator.py took 0.116 seconds
[2024-11-11T03:31:19.389+0000] {processor.py:186} INFO - Started process (PID=6849) to work on /home/airflow/.local/lib/python3.12/site-packages/airflow/example_dags/example_dag_decorator.py
[2024-11-11T03:31:19.391+0000] {processor.py:914} INFO - Processing file /home/airflow/.local/lib/python3.12/site-packages/airflow/example_dags/example_dag_decorator.py for tasks to queue
[2024-11-11T03:31:19.394+0000] {logging_mixin.py:190} INFO - [2024-11-11T03:31:19.393+0000] {dagbag.py:588} INFO - Filling up the DagBag from /home/airflow/.local/lib/python3.12/site-packages/airflow/example_dags/example_dag_decorator.py
[2024-11-11T03:31:19.406+0000] {processor.py:925} INFO - DAG(s) 'example_dag_decorator' retrieved from /home/airflow/.local/lib/python3.12/site-packages/airflow/example_dags/example_dag_decorator.py
[2024-11-11T03:31:19.469+0000] {logging_mixin.py:190} INFO - [2024-11-11T03:31:19.469+0000] {dag.py:3239} INFO - Sync 1 DAGs
[2024-11-11T03:31:19.475+0000] {logging_mixin.py:190} INFO - [2024-11-11T03:31:19.475+0000] {dag.py:4180} INFO - Setting next_dagrun for example_dag_decorator to None, run_after=None
[2024-11-11T03:31:19.483+0000] {processor.py:208} INFO - Processing /home/airflow/.local/lib/python3.12/site-packages/airflow/example_dags/example_dag_decorator.py took 0.102 seconds
[2024-11-11T03:31:50.345+0000] {processor.py:186} INFO - Started process (PID=6912) to work on /home/airflow/.local/lib/python3.12/site-packages/airflow/example_dags/example_dag_decorator.py
[2024-11-11T03:31:50.346+0000] {processor.py:914} INFO - Processing file /home/airflow/.local/lib/python3.12/site-packages/airflow/example_dags/example_dag_decorator.py for tasks to queue
[2024-11-11T03:31:50.348+0000] {logging_mixin.py:190} INFO - [2024-11-11T03:31:50.348+0000] {dagbag.py:588} INFO - Filling up the DagBag from /home/airflow/.local/lib/python3.12/site-packages/airflow/example_dags/example_dag_decorator.py
[2024-11-11T03:31:50.358+0000] {processor.py:925} INFO - DAG(s) 'example_dag_decorator' retrieved from /home/airflow/.local/lib/python3.12/site-packages/airflow/example_dags/example_dag_decorator.py
[2024-11-11T03:31:50.427+0000] {logging_mixin.py:190} INFO - [2024-11-11T03:31:50.427+0000] {dag.py:3239} INFO - Sync 1 DAGs
[2024-11-11T03:31:50.433+0000] {logging_mixin.py:190} INFO - [2024-11-11T03:31:50.433+0000] {dag.py:4180} INFO - Setting next_dagrun for example_dag_decorator to None, run_after=None
[2024-11-11T03:31:50.441+0000] {processor.py:208} INFO - Processing /home/airflow/.local/lib/python3.12/site-packages/airflow/example_dags/example_dag_decorator.py took 0.103 seconds
[2024-11-11T03:32:20.526+0000] {processor.py:186} INFO - Started process (PID=6975) to work on /home/airflow/.local/lib/python3.12/site-packages/airflow/example_dags/example_dag_decorator.py
[2024-11-11T03:32:20.527+0000] {processor.py:914} INFO - Processing file /home/airflow/.local/lib/python3.12/site-packages/airflow/example_dags/example_dag_decorator.py for tasks to queue
[2024-11-11T03:32:20.531+0000] {logging_mixin.py:190} INFO - [2024-11-11T03:32:20.531+0000] {dagbag.py:588} INFO - Filling up the DagBag from /home/airflow/.local/lib/python3.12/site-packages/airflow/example_dags/example_dag_decorator.py
[2024-11-11T03:32:20.546+0000] {processor.py:925} INFO - DAG(s) 'example_dag_decorator' retrieved from /home/airflow/.local/lib/python3.12/site-packages/airflow/example_dags/example_dag_decorator.py
[2024-11-11T03:32:20.611+0000] {logging_mixin.py:190} INFO - [2024-11-11T03:32:20.611+0000] {dag.py:3239} INFO - Sync 1 DAGs
[2024-11-11T03:32:20.617+0000] {logging_mixin.py:190} INFO - [2024-11-11T03:32:20.616+0000] {dag.py:4180} INFO - Setting next_dagrun for example_dag_decorator to None, run_after=None
[2024-11-11T03:32:20.624+0000] {processor.py:208} INFO - Processing /home/airflow/.local/lib/python3.12/site-packages/airflow/example_dags/example_dag_decorator.py took 0.111 seconds
[2024-11-11T03:32:50.814+0000] {processor.py:186} INFO - Started process (PID=7039) to work on /home/airflow/.local/lib/python3.12/site-packages/airflow/example_dags/example_dag_decorator.py
[2024-11-11T03:32:50.815+0000] {processor.py:914} INFO - Processing file /home/airflow/.local/lib/python3.12/site-packages/airflow/example_dags/example_dag_decorator.py for tasks to queue
[2024-11-11T03:32:50.817+0000] {logging_mixin.py:190} INFO - [2024-11-11T03:32:50.817+0000] {dagbag.py:588} INFO - Filling up the DagBag from /home/airflow/.local/lib/python3.12/site-packages/airflow/example_dags/example_dag_decorator.py
[2024-11-11T03:32:50.829+0000] {processor.py:925} INFO - DAG(s) 'example_dag_decorator' retrieved from /home/airflow/.local/lib/python3.12/site-packages/airflow/example_dags/example_dag_decorator.py
[2024-11-11T03:32:50.901+0000] {logging_mixin.py:190} INFO - [2024-11-11T03:32:50.901+0000] {dag.py:3239} INFO - Sync 1 DAGs
[2024-11-11T03:32:50.907+0000] {logging_mixin.py:190} INFO - [2024-11-11T03:32:50.907+0000] {dag.py:4180} INFO - Setting next_dagrun for example_dag_decorator to None, run_after=None
[2024-11-11T03:32:50.916+0000] {processor.py:208} INFO - Processing /home/airflow/.local/lib/python3.12/site-packages/airflow/example_dags/example_dag_decorator.py took 0.108 seconds
[2024-11-11T03:33:21.655+0000] {processor.py:186} INFO - Started process (PID=7102) to work on /home/airflow/.local/lib/python3.12/site-packages/airflow/example_dags/example_dag_decorator.py
[2024-11-11T03:33:21.657+0000] {processor.py:914} INFO - Processing file /home/airflow/.local/lib/python3.12/site-packages/airflow/example_dags/example_dag_decorator.py for tasks to queue
[2024-11-11T03:33:21.660+0000] {logging_mixin.py:190} INFO - [2024-11-11T03:33:21.659+0000] {dagbag.py:588} INFO - Filling up the DagBag from /home/airflow/.local/lib/python3.12/site-packages/airflow/example_dags/example_dag_decorator.py
[2024-11-11T03:33:21.673+0000] {processor.py:925} INFO - DAG(s) 'example_dag_decorator' retrieved from /home/airflow/.local/lib/python3.12/site-packages/airflow/example_dags/example_dag_decorator.py
[2024-11-11T03:33:21.734+0000] {logging_mixin.py:190} INFO - [2024-11-11T03:33:21.734+0000] {dag.py:3239} INFO - Sync 1 DAGs
[2024-11-11T03:33:21.740+0000] {logging_mixin.py:190} INFO - [2024-11-11T03:33:21.740+0000] {dag.py:4180} INFO - Setting next_dagrun for example_dag_decorator to None, run_after=None
[2024-11-11T03:33:21.748+0000] {processor.py:208} INFO - Processing /home/airflow/.local/lib/python3.12/site-packages/airflow/example_dags/example_dag_decorator.py took 0.102 seconds
[2024-11-11T03:33:52.348+0000] {processor.py:186} INFO - Started process (PID=7165) to work on /home/airflow/.local/lib/python3.12/site-packages/airflow/example_dags/example_dag_decorator.py
[2024-11-11T03:33:52.350+0000] {processor.py:914} INFO - Processing file /home/airflow/.local/lib/python3.12/site-packages/airflow/example_dags/example_dag_decorator.py for tasks to queue
[2024-11-11T03:33:52.351+0000] {logging_mixin.py:190} INFO - [2024-11-11T03:33:52.351+0000] {dagbag.py:588} INFO - Filling up the DagBag from /home/airflow/.local/lib/python3.12/site-packages/airflow/example_dags/example_dag_decorator.py
[2024-11-11T03:33:52.360+0000] {processor.py:925} INFO - DAG(s) 'example_dag_decorator' retrieved from /home/airflow/.local/lib/python3.12/site-packages/airflow/example_dags/example_dag_decorator.py
[2024-11-11T03:33:52.374+0000] {logging_mixin.py:190} INFO - [2024-11-11T03:33:52.374+0000] {dag.py:3239} INFO - Sync 1 DAGs
[2024-11-11T03:33:52.383+0000] {logging_mixin.py:190} INFO - [2024-11-11T03:33:52.383+0000] {dag.py:4180} INFO - Setting next_dagrun for example_dag_decorator to None, run_after=None
[2024-11-11T03:33:52.396+0000] {processor.py:208} INFO - Processing /home/airflow/.local/lib/python3.12/site-packages/airflow/example_dags/example_dag_decorator.py took 0.054 seconds
[2024-11-11T03:34:23.115+0000] {processor.py:186} INFO - Started process (PID=7227) to work on /home/airflow/.local/lib/python3.12/site-packages/airflow/example_dags/example_dag_decorator.py
[2024-11-11T03:34:23.116+0000] {processor.py:914} INFO - Processing file /home/airflow/.local/lib/python3.12/site-packages/airflow/example_dags/example_dag_decorator.py for tasks to queue
[2024-11-11T03:34:23.118+0000] {logging_mixin.py:190} INFO - [2024-11-11T03:34:23.118+0000] {dagbag.py:588} INFO - Filling up the DagBag from /home/airflow/.local/lib/python3.12/site-packages/airflow/example_dags/example_dag_decorator.py
[2024-11-11T03:34:23.126+0000] {processor.py:925} INFO - DAG(s) 'example_dag_decorator' retrieved from /home/airflow/.local/lib/python3.12/site-packages/airflow/example_dags/example_dag_decorator.py
[2024-11-11T03:34:23.188+0000] {logging_mixin.py:190} INFO - [2024-11-11T03:34:23.188+0000] {dag.py:3239} INFO - Sync 1 DAGs
[2024-11-11T03:34:23.194+0000] {logging_mixin.py:190} INFO - [2024-11-11T03:34:23.194+0000] {dag.py:4180} INFO - Setting next_dagrun for example_dag_decorator to None, run_after=None
[2024-11-11T03:34:23.204+0000] {processor.py:208} INFO - Processing /home/airflow/.local/lib/python3.12/site-packages/airflow/example_dags/example_dag_decorator.py took 0.094 seconds
[2024-11-11T03:34:53.893+0000] {processor.py:186} INFO - Started process (PID=7290) to work on /home/airflow/.local/lib/python3.12/site-packages/airflow/example_dags/example_dag_decorator.py
[2024-11-11T03:34:53.895+0000] {processor.py:914} INFO - Processing file /home/airflow/.local/lib/python3.12/site-packages/airflow/example_dags/example_dag_decorator.py for tasks to queue
[2024-11-11T03:34:53.898+0000] {logging_mixin.py:190} INFO - [2024-11-11T03:34:53.897+0000] {dagbag.py:588} INFO - Filling up the DagBag from /home/airflow/.local/lib/python3.12/site-packages/airflow/example_dags/example_dag_decorator.py
[2024-11-11T03:34:53.909+0000] {processor.py:925} INFO - DAG(s) 'example_dag_decorator' retrieved from /home/airflow/.local/lib/python3.12/site-packages/airflow/example_dags/example_dag_decorator.py
[2024-11-11T03:34:53.968+0000] {logging_mixin.py:190} INFO - [2024-11-11T03:34:53.968+0000] {dag.py:3239} INFO - Sync 1 DAGs
[2024-11-11T03:34:53.974+0000] {logging_mixin.py:190} INFO - [2024-11-11T03:34:53.974+0000] {dag.py:4180} INFO - Setting next_dagrun for example_dag_decorator to None, run_after=None
[2024-11-11T03:34:53.981+0000] {processor.py:208} INFO - Processing /home/airflow/.local/lib/python3.12/site-packages/airflow/example_dags/example_dag_decorator.py took 0.097 seconds
[2024-11-11T03:35:24.626+0000] {processor.py:186} INFO - Started process (PID=7353) to work on /home/airflow/.local/lib/python3.12/site-packages/airflow/example_dags/example_dag_decorator.py
[2024-11-11T03:35:24.627+0000] {processor.py:914} INFO - Processing file /home/airflow/.local/lib/python3.12/site-packages/airflow/example_dags/example_dag_decorator.py for tasks to queue
[2024-11-11T03:35:24.630+0000] {logging_mixin.py:190} INFO - [2024-11-11T03:35:24.630+0000] {dagbag.py:588} INFO - Filling up the DagBag from /home/airflow/.local/lib/python3.12/site-packages/airflow/example_dags/example_dag_decorator.py
[2024-11-11T03:35:24.642+0000] {processor.py:925} INFO - DAG(s) 'example_dag_decorator' retrieved from /home/airflow/.local/lib/python3.12/site-packages/airflow/example_dags/example_dag_decorator.py
[2024-11-11T03:35:24.700+0000] {logging_mixin.py:190} INFO - [2024-11-11T03:35:24.700+0000] {dag.py:3239} INFO - Sync 1 DAGs
[2024-11-11T03:35:24.706+0000] {logging_mixin.py:190} INFO - [2024-11-11T03:35:24.706+0000] {dag.py:4180} INFO - Setting next_dagrun for example_dag_decorator to None, run_after=None
[2024-11-11T03:35:24.713+0000] {processor.py:208} INFO - Processing /home/airflow/.local/lib/python3.12/site-packages/airflow/example_dags/example_dag_decorator.py took 0.096 seconds
[2024-11-11T03:35:55.352+0000] {processor.py:186} INFO - Started process (PID=7415) to work on /home/airflow/.local/lib/python3.12/site-packages/airflow/example_dags/example_dag_decorator.py
[2024-11-11T03:35:55.353+0000] {processor.py:914} INFO - Processing file /home/airflow/.local/lib/python3.12/site-packages/airflow/example_dags/example_dag_decorator.py for tasks to queue
[2024-11-11T03:35:55.356+0000] {logging_mixin.py:190} INFO - [2024-11-11T03:35:55.356+0000] {dagbag.py:588} INFO - Filling up the DagBag from /home/airflow/.local/lib/python3.12/site-packages/airflow/example_dags/example_dag_decorator.py
[2024-11-11T03:35:55.368+0000] {processor.py:925} INFO - DAG(s) 'example_dag_decorator' retrieved from /home/airflow/.local/lib/python3.12/site-packages/airflow/example_dags/example_dag_decorator.py
[2024-11-11T03:35:55.426+0000] {logging_mixin.py:190} INFO - [2024-11-11T03:35:55.426+0000] {dag.py:3239} INFO - Sync 1 DAGs
[2024-11-11T03:35:55.432+0000] {logging_mixin.py:190} INFO - [2024-11-11T03:35:55.432+0000] {dag.py:4180} INFO - Setting next_dagrun for example_dag_decorator to None, run_after=None
[2024-11-11T03:35:55.440+0000] {processor.py:208} INFO - Processing /home/airflow/.local/lib/python3.12/site-packages/airflow/example_dags/example_dag_decorator.py took 0.096 seconds
[2024-11-11T03:36:25.955+0000] {processor.py:186} INFO - Started process (PID=7478) to work on /home/airflow/.local/lib/python3.12/site-packages/airflow/example_dags/example_dag_decorator.py
[2024-11-11T03:36:25.956+0000] {processor.py:914} INFO - Processing file /home/airflow/.local/lib/python3.12/site-packages/airflow/example_dags/example_dag_decorator.py for tasks to queue
[2024-11-11T03:36:25.958+0000] {logging_mixin.py:190} INFO - [2024-11-11T03:36:25.958+0000] {dagbag.py:588} INFO - Filling up the DagBag from /home/airflow/.local/lib/python3.12/site-packages/airflow/example_dags/example_dag_decorator.py
[2024-11-11T03:36:25.969+0000] {processor.py:925} INFO - DAG(s) 'example_dag_decorator' retrieved from /home/airflow/.local/lib/python3.12/site-packages/airflow/example_dags/example_dag_decorator.py
[2024-11-11T03:36:26.027+0000] {logging_mixin.py:190} INFO - [2024-11-11T03:36:26.027+0000] {dag.py:3239} INFO - Sync 1 DAGs
[2024-11-11T03:36:26.033+0000] {logging_mixin.py:190} INFO - [2024-11-11T03:36:26.033+0000] {dag.py:4180} INFO - Setting next_dagrun for example_dag_decorator to None, run_after=None
[2024-11-11T03:36:26.041+0000] {processor.py:208} INFO - Processing /home/airflow/.local/lib/python3.12/site-packages/airflow/example_dags/example_dag_decorator.py took 0.094 seconds
[2024-11-11T03:36:56.780+0000] {processor.py:186} INFO - Started process (PID=7541) to work on /home/airflow/.local/lib/python3.12/site-packages/airflow/example_dags/example_dag_decorator.py
[2024-11-11T03:36:56.781+0000] {processor.py:914} INFO - Processing file /home/airflow/.local/lib/python3.12/site-packages/airflow/example_dags/example_dag_decorator.py for tasks to queue
[2024-11-11T03:36:56.784+0000] {logging_mixin.py:190} INFO - [2024-11-11T03:36:56.784+0000] {dagbag.py:588} INFO - Filling up the DagBag from /home/airflow/.local/lib/python3.12/site-packages/airflow/example_dags/example_dag_decorator.py
[2024-11-11T03:36:56.795+0000] {processor.py:925} INFO - DAG(s) 'example_dag_decorator' retrieved from /home/airflow/.local/lib/python3.12/site-packages/airflow/example_dags/example_dag_decorator.py
[2024-11-11T03:36:56.855+0000] {logging_mixin.py:190} INFO - [2024-11-11T03:36:56.855+0000] {dag.py:3239} INFO - Sync 1 DAGs
[2024-11-11T03:36:56.860+0000] {logging_mixin.py:190} INFO - [2024-11-11T03:36:56.860+0000] {dag.py:4180} INFO - Setting next_dagrun for example_dag_decorator to None, run_after=None
[2024-11-11T03:36:56.868+0000] {processor.py:208} INFO - Processing /home/airflow/.local/lib/python3.12/site-packages/airflow/example_dags/example_dag_decorator.py took 0.097 seconds
[2024-11-11T03:37:27.406+0000] {processor.py:186} INFO - Started process (PID=7604) to work on /home/airflow/.local/lib/python3.12/site-packages/airflow/example_dags/example_dag_decorator.py
[2024-11-11T03:37:27.407+0000] {processor.py:914} INFO - Processing file /home/airflow/.local/lib/python3.12/site-packages/airflow/example_dags/example_dag_decorator.py for tasks to queue
[2024-11-11T03:37:27.411+0000] {logging_mixin.py:190} INFO - [2024-11-11T03:37:27.410+0000] {dagbag.py:588} INFO - Filling up the DagBag from /home/airflow/.local/lib/python3.12/site-packages/airflow/example_dags/example_dag_decorator.py
[2024-11-11T03:37:27.424+0000] {processor.py:925} INFO - DAG(s) 'example_dag_decorator' retrieved from /home/airflow/.local/lib/python3.12/site-packages/airflow/example_dags/example_dag_decorator.py
[2024-11-11T03:37:27.441+0000] {logging_mixin.py:190} INFO - [2024-11-11T03:37:27.441+0000] {dag.py:3239} INFO - Sync 1 DAGs
[2024-11-11T03:37:27.449+0000] {logging_mixin.py:190} INFO - [2024-11-11T03:37:27.448+0000] {dag.py:4180} INFO - Setting next_dagrun for example_dag_decorator to None, run_after=None
[2024-11-11T03:37:27.458+0000] {processor.py:208} INFO - Processing /home/airflow/.local/lib/python3.12/site-packages/airflow/example_dags/example_dag_decorator.py took 0.060 seconds
[2024-11-11T03:37:57.896+0000] {processor.py:186} INFO - Started process (PID=7666) to work on /home/airflow/.local/lib/python3.12/site-packages/airflow/example_dags/example_dag_decorator.py
[2024-11-11T03:37:57.897+0000] {processor.py:914} INFO - Processing file /home/airflow/.local/lib/python3.12/site-packages/airflow/example_dags/example_dag_decorator.py for tasks to queue
[2024-11-11T03:37:57.900+0000] {logging_mixin.py:190} INFO - [2024-11-11T03:37:57.900+0000] {dagbag.py:588} INFO - Filling up the DagBag from /home/airflow/.local/lib/python3.12/site-packages/airflow/example_dags/example_dag_decorator.py
[2024-11-11T03:37:57.912+0000] {processor.py:925} INFO - DAG(s) 'example_dag_decorator' retrieved from /home/airflow/.local/lib/python3.12/site-packages/airflow/example_dags/example_dag_decorator.py
[2024-11-11T03:37:57.972+0000] {logging_mixin.py:190} INFO - [2024-11-11T03:37:57.971+0000] {dag.py:3239} INFO - Sync 1 DAGs
[2024-11-11T03:37:57.977+0000] {logging_mixin.py:190} INFO - [2024-11-11T03:37:57.977+0000] {dag.py:4180} INFO - Setting next_dagrun for example_dag_decorator to None, run_after=None
[2024-11-11T03:37:57.984+0000] {processor.py:208} INFO - Processing /home/airflow/.local/lib/python3.12/site-packages/airflow/example_dags/example_dag_decorator.py took 0.097 seconds
[2024-11-11T03:38:28.629+0000] {processor.py:186} INFO - Started process (PID=7728) to work on /home/airflow/.local/lib/python3.12/site-packages/airflow/example_dags/example_dag_decorator.py
[2024-11-11T03:38:28.630+0000] {processor.py:914} INFO - Processing file /home/airflow/.local/lib/python3.12/site-packages/airflow/example_dags/example_dag_decorator.py for tasks to queue
[2024-11-11T03:38:28.633+0000] {logging_mixin.py:190} INFO - [2024-11-11T03:38:28.633+0000] {dagbag.py:588} INFO - Filling up the DagBag from /home/airflow/.local/lib/python3.12/site-packages/airflow/example_dags/example_dag_decorator.py
[2024-11-11T03:38:28.644+0000] {processor.py:925} INFO - DAG(s) 'example_dag_decorator' retrieved from /home/airflow/.local/lib/python3.12/site-packages/airflow/example_dags/example_dag_decorator.py
[2024-11-11T03:38:28.660+0000] {logging_mixin.py:190} INFO - [2024-11-11T03:38:28.660+0000] {dag.py:3239} INFO - Sync 1 DAGs
[2024-11-11T03:38:28.667+0000] {logging_mixin.py:190} INFO - [2024-11-11T03:38:28.667+0000] {dag.py:4180} INFO - Setting next_dagrun for example_dag_decorator to None, run_after=None
[2024-11-11T03:38:28.676+0000] {processor.py:208} INFO - Processing /home/airflow/.local/lib/python3.12/site-packages/airflow/example_dags/example_dag_decorator.py took 0.054 seconds
[2024-11-11T03:38:59.260+0000] {processor.py:186} INFO - Started process (PID=7791) to work on /home/airflow/.local/lib/python3.12/site-packages/airflow/example_dags/example_dag_decorator.py
[2024-11-11T03:38:59.261+0000] {processor.py:914} INFO - Processing file /home/airflow/.local/lib/python3.12/site-packages/airflow/example_dags/example_dag_decorator.py for tasks to queue
[2024-11-11T03:38:59.263+0000] {logging_mixin.py:190} INFO - [2024-11-11T03:38:59.263+0000] {dagbag.py:588} INFO - Filling up the DagBag from /home/airflow/.local/lib/python3.12/site-packages/airflow/example_dags/example_dag_decorator.py
[2024-11-11T03:38:59.275+0000] {processor.py:925} INFO - DAG(s) 'example_dag_decorator' retrieved from /home/airflow/.local/lib/python3.12/site-packages/airflow/example_dags/example_dag_decorator.py
[2024-11-11T03:38:59.290+0000] {logging_mixin.py:190} INFO - [2024-11-11T03:38:59.290+0000] {dag.py:3239} INFO - Sync 1 DAGs
[2024-11-11T03:38:59.298+0000] {logging_mixin.py:190} INFO - [2024-11-11T03:38:59.298+0000] {dag.py:4180} INFO - Setting next_dagrun for example_dag_decorator to None, run_after=None
[2024-11-11T03:38:59.307+0000] {processor.py:208} INFO - Processing /home/airflow/.local/lib/python3.12/site-packages/airflow/example_dags/example_dag_decorator.py took 0.056 seconds
[2024-11-11T03:39:29.949+0000] {processor.py:186} INFO - Started process (PID=7854) to work on /home/airflow/.local/lib/python3.12/site-packages/airflow/example_dags/example_dag_decorator.py
[2024-11-11T03:39:29.951+0000] {processor.py:914} INFO - Processing file /home/airflow/.local/lib/python3.12/site-packages/airflow/example_dags/example_dag_decorator.py for tasks to queue
[2024-11-11T03:39:29.954+0000] {logging_mixin.py:190} INFO - [2024-11-11T03:39:29.954+0000] {dagbag.py:588} INFO - Filling up the DagBag from /home/airflow/.local/lib/python3.12/site-packages/airflow/example_dags/example_dag_decorator.py
[2024-11-11T03:39:29.968+0000] {processor.py:925} INFO - DAG(s) 'example_dag_decorator' retrieved from /home/airflow/.local/lib/python3.12/site-packages/airflow/example_dags/example_dag_decorator.py
[2024-11-11T03:39:30.050+0000] {logging_mixin.py:190} INFO - [2024-11-11T03:39:30.050+0000] {dag.py:3239} INFO - Sync 1 DAGs
[2024-11-11T03:39:30.058+0000] {logging_mixin.py:190} INFO - [2024-11-11T03:39:30.057+0000] {dag.py:4180} INFO - Setting next_dagrun for example_dag_decorator to None, run_after=None
[2024-11-11T03:39:30.070+0000] {processor.py:208} INFO - Processing /home/airflow/.local/lib/python3.12/site-packages/airflow/example_dags/example_dag_decorator.py took 0.129 seconds
[2024-11-11T03:40:00.581+0000] {processor.py:186} INFO - Started process (PID=7917) to work on /home/airflow/.local/lib/python3.12/site-packages/airflow/example_dags/example_dag_decorator.py
[2024-11-11T03:40:00.583+0000] {processor.py:914} INFO - Processing file /home/airflow/.local/lib/python3.12/site-packages/airflow/example_dags/example_dag_decorator.py for tasks to queue
[2024-11-11T03:40:00.586+0000] {logging_mixin.py:190} INFO - [2024-11-11T03:40:00.585+0000] {dagbag.py:588} INFO - Filling up the DagBag from /home/airflow/.local/lib/python3.12/site-packages/airflow/example_dags/example_dag_decorator.py
[2024-11-11T03:40:00.598+0000] {processor.py:925} INFO - DAG(s) 'example_dag_decorator' retrieved from /home/airflow/.local/lib/python3.12/site-packages/airflow/example_dags/example_dag_decorator.py
[2024-11-11T03:40:00.662+0000] {logging_mixin.py:190} INFO - [2024-11-11T03:40:00.661+0000] {dag.py:3239} INFO - Sync 1 DAGs
[2024-11-11T03:40:00.667+0000] {logging_mixin.py:190} INFO - [2024-11-11T03:40:00.667+0000] {dag.py:4180} INFO - Setting next_dagrun for example_dag_decorator to None, run_after=None
[2024-11-11T03:40:00.675+0000] {processor.py:208} INFO - Processing /home/airflow/.local/lib/python3.12/site-packages/airflow/example_dags/example_dag_decorator.py took 0.103 seconds
[2024-11-11T03:40:31.383+0000] {processor.py:186} INFO - Started process (PID=7980) to work on /home/airflow/.local/lib/python3.12/site-packages/airflow/example_dags/example_dag_decorator.py
[2024-11-11T03:40:31.384+0000] {processor.py:914} INFO - Processing file /home/airflow/.local/lib/python3.12/site-packages/airflow/example_dags/example_dag_decorator.py for tasks to queue
[2024-11-11T03:40:31.387+0000] {logging_mixin.py:190} INFO - [2024-11-11T03:40:31.387+0000] {dagbag.py:588} INFO - Filling up the DagBag from /home/airflow/.local/lib/python3.12/site-packages/airflow/example_dags/example_dag_decorator.py
[2024-11-11T03:40:31.399+0000] {processor.py:925} INFO - DAG(s) 'example_dag_decorator' retrieved from /home/airflow/.local/lib/python3.12/site-packages/airflow/example_dags/example_dag_decorator.py
[2024-11-11T03:40:31.458+0000] {logging_mixin.py:190} INFO - [2024-11-11T03:40:31.458+0000] {dag.py:3239} INFO - Sync 1 DAGs
[2024-11-11T03:40:31.463+0000] {logging_mixin.py:190} INFO - [2024-11-11T03:40:31.463+0000] {dag.py:4180} INFO - Setting next_dagrun for example_dag_decorator to None, run_after=None
[2024-11-11T03:40:31.471+0000] {processor.py:208} INFO - Processing /home/airflow/.local/lib/python3.12/site-packages/airflow/example_dags/example_dag_decorator.py took 0.096 seconds
[2024-11-11T03:41:02.310+0000] {processor.py:186} INFO - Started process (PID=8049) to work on /home/airflow/.local/lib/python3.12/site-packages/airflow/example_dags/example_dag_decorator.py
[2024-11-11T03:41:02.311+0000] {processor.py:914} INFO - Processing file /home/airflow/.local/lib/python3.12/site-packages/airflow/example_dags/example_dag_decorator.py for tasks to queue
[2024-11-11T03:41:02.314+0000] {logging_mixin.py:190} INFO - [2024-11-11T03:41:02.314+0000] {dagbag.py:588} INFO - Filling up the DagBag from /home/airflow/.local/lib/python3.12/site-packages/airflow/example_dags/example_dag_decorator.py
[2024-11-11T03:41:02.326+0000] {processor.py:925} INFO - DAG(s) 'example_dag_decorator' retrieved from /home/airflow/.local/lib/python3.12/site-packages/airflow/example_dags/example_dag_decorator.py
[2024-11-11T03:41:02.410+0000] {logging_mixin.py:190} INFO - [2024-11-11T03:41:02.410+0000] {dag.py:3239} INFO - Sync 1 DAGs
[2024-11-11T03:41:02.415+0000] {logging_mixin.py:190} INFO - [2024-11-11T03:41:02.415+0000] {dag.py:4180} INFO - Setting next_dagrun for example_dag_decorator to None, run_after=None
[2024-11-11T03:41:02.423+0000] {processor.py:208} INFO - Processing /home/airflow/.local/lib/python3.12/site-packages/airflow/example_dags/example_dag_decorator.py took 0.121 seconds
[2024-11-11T03:41:32.988+0000] {processor.py:186} INFO - Started process (PID=8111) to work on /home/airflow/.local/lib/python3.12/site-packages/airflow/example_dags/example_dag_decorator.py
[2024-11-11T03:41:32.989+0000] {processor.py:914} INFO - Processing file /home/airflow/.local/lib/python3.12/site-packages/airflow/example_dags/example_dag_decorator.py for tasks to queue
[2024-11-11T03:41:32.991+0000] {logging_mixin.py:190} INFO - [2024-11-11T03:41:32.990+0000] {dagbag.py:588} INFO - Filling up the DagBag from /home/airflow/.local/lib/python3.12/site-packages/airflow/example_dags/example_dag_decorator.py
[2024-11-11T03:41:32.998+0000] {processor.py:925} INFO - DAG(s) 'example_dag_decorator' retrieved from /home/airflow/.local/lib/python3.12/site-packages/airflow/example_dags/example_dag_decorator.py
[2024-11-11T03:41:33.051+0000] {logging_mixin.py:190} INFO - [2024-11-11T03:41:33.051+0000] {dag.py:3239} INFO - Sync 1 DAGs
[2024-11-11T03:41:33.057+0000] {logging_mixin.py:190} INFO - [2024-11-11T03:41:33.056+0000] {dag.py:4180} INFO - Setting next_dagrun for example_dag_decorator to None, run_after=None
[2024-11-11T03:41:33.065+0000] {processor.py:208} INFO - Processing /home/airflow/.local/lib/python3.12/site-packages/airflow/example_dags/example_dag_decorator.py took 0.080 seconds
[2024-11-11T03:42:03.831+0000] {processor.py:186} INFO - Started process (PID=8174) to work on /home/airflow/.local/lib/python3.12/site-packages/airflow/example_dags/example_dag_decorator.py
[2024-11-11T03:42:03.832+0000] {processor.py:914} INFO - Processing file /home/airflow/.local/lib/python3.12/site-packages/airflow/example_dags/example_dag_decorator.py for tasks to queue
[2024-11-11T03:42:03.834+0000] {logging_mixin.py:190} INFO - [2024-11-11T03:42:03.833+0000] {dagbag.py:588} INFO - Filling up the DagBag from /home/airflow/.local/lib/python3.12/site-packages/airflow/example_dags/example_dag_decorator.py
[2024-11-11T03:42:03.840+0000] {processor.py:925} INFO - DAG(s) 'example_dag_decorator' retrieved from /home/airflow/.local/lib/python3.12/site-packages/airflow/example_dags/example_dag_decorator.py
[2024-11-11T03:42:03.893+0000] {logging_mixin.py:190} INFO - [2024-11-11T03:42:03.893+0000] {dag.py:3239} INFO - Sync 1 DAGs
[2024-11-11T03:42:03.900+0000] {logging_mixin.py:190} INFO - [2024-11-11T03:42:03.900+0000] {dag.py:4180} INFO - Setting next_dagrun for example_dag_decorator to None, run_after=None
[2024-11-11T03:42:03.908+0000] {processor.py:208} INFO - Processing /home/airflow/.local/lib/python3.12/site-packages/airflow/example_dags/example_dag_decorator.py took 0.080 seconds
[2024-11-11T03:42:34.536+0000] {processor.py:186} INFO - Started process (PID=8237) to work on /home/airflow/.local/lib/python3.12/site-packages/airflow/example_dags/example_dag_decorator.py
[2024-11-11T03:42:34.537+0000] {processor.py:914} INFO - Processing file /home/airflow/.local/lib/python3.12/site-packages/airflow/example_dags/example_dag_decorator.py for tasks to queue
[2024-11-11T03:42:34.539+0000] {logging_mixin.py:190} INFO - [2024-11-11T03:42:34.539+0000] {dagbag.py:588} INFO - Filling up the DagBag from /home/airflow/.local/lib/python3.12/site-packages/airflow/example_dags/example_dag_decorator.py
[2024-11-11T03:42:34.547+0000] {processor.py:925} INFO - DAG(s) 'example_dag_decorator' retrieved from /home/airflow/.local/lib/python3.12/site-packages/airflow/example_dags/example_dag_decorator.py
[2024-11-11T03:42:34.608+0000] {logging_mixin.py:190} INFO - [2024-11-11T03:42:34.607+0000] {dag.py:3239} INFO - Sync 1 DAGs
[2024-11-11T03:42:34.614+0000] {logging_mixin.py:190} INFO - [2024-11-11T03:42:34.614+0000] {dag.py:4180} INFO - Setting next_dagrun for example_dag_decorator to None, run_after=None
[2024-11-11T03:42:34.623+0000] {processor.py:208} INFO - Processing /home/airflow/.local/lib/python3.12/site-packages/airflow/example_dags/example_dag_decorator.py took 0.091 seconds
[2024-11-11T03:43:05.310+0000] {processor.py:186} INFO - Started process (PID=8300) to work on /home/airflow/.local/lib/python3.12/site-packages/airflow/example_dags/example_dag_decorator.py
[2024-11-11T03:43:05.311+0000] {processor.py:914} INFO - Processing file /home/airflow/.local/lib/python3.12/site-packages/airflow/example_dags/example_dag_decorator.py for tasks to queue
[2024-11-11T03:43:05.314+0000] {logging_mixin.py:190} INFO - [2024-11-11T03:43:05.313+0000] {dagbag.py:588} INFO - Filling up the DagBag from /home/airflow/.local/lib/python3.12/site-packages/airflow/example_dags/example_dag_decorator.py
[2024-11-11T03:43:05.325+0000] {processor.py:925} INFO - DAG(s) 'example_dag_decorator' retrieved from /home/airflow/.local/lib/python3.12/site-packages/airflow/example_dags/example_dag_decorator.py
[2024-11-11T03:43:05.384+0000] {logging_mixin.py:190} INFO - [2024-11-11T03:43:05.384+0000] {dag.py:3239} INFO - Sync 1 DAGs
[2024-11-11T03:43:05.389+0000] {logging_mixin.py:190} INFO - [2024-11-11T03:43:05.389+0000] {dag.py:4180} INFO - Setting next_dagrun for example_dag_decorator to None, run_after=None
[2024-11-11T03:43:05.397+0000] {processor.py:208} INFO - Processing /home/airflow/.local/lib/python3.12/site-packages/airflow/example_dags/example_dag_decorator.py took 0.096 seconds
[2024-11-11T03:43:35.907+0000] {processor.py:186} INFO - Started process (PID=8363) to work on /home/airflow/.local/lib/python3.12/site-packages/airflow/example_dags/example_dag_decorator.py
[2024-11-11T03:43:35.907+0000] {processor.py:914} INFO - Processing file /home/airflow/.local/lib/python3.12/site-packages/airflow/example_dags/example_dag_decorator.py for tasks to queue
[2024-11-11T03:43:35.909+0000] {logging_mixin.py:190} INFO - [2024-11-11T03:43:35.909+0000] {dagbag.py:588} INFO - Filling up the DagBag from /home/airflow/.local/lib/python3.12/site-packages/airflow/example_dags/example_dag_decorator.py
[2024-11-11T03:43:35.917+0000] {processor.py:925} INFO - DAG(s) 'example_dag_decorator' retrieved from /home/airflow/.local/lib/python3.12/site-packages/airflow/example_dags/example_dag_decorator.py
[2024-11-11T03:43:35.969+0000] {logging_mixin.py:190} INFO - [2024-11-11T03:43:35.969+0000] {dag.py:3239} INFO - Sync 1 DAGs
[2024-11-11T03:43:35.974+0000] {logging_mixin.py:190} INFO - [2024-11-11T03:43:35.974+0000] {dag.py:4180} INFO - Setting next_dagrun for example_dag_decorator to None, run_after=None
[2024-11-11T03:43:35.982+0000] {processor.py:208} INFO - Processing /home/airflow/.local/lib/python3.12/site-packages/airflow/example_dags/example_dag_decorator.py took 0.080 seconds
[2024-11-11T03:44:06.501+0000] {processor.py:186} INFO - Started process (PID=8426) to work on /home/airflow/.local/lib/python3.12/site-packages/airflow/example_dags/example_dag_decorator.py
[2024-11-11T03:44:06.502+0000] {processor.py:914} INFO - Processing file /home/airflow/.local/lib/python3.12/site-packages/airflow/example_dags/example_dag_decorator.py for tasks to queue
[2024-11-11T03:44:06.505+0000] {logging_mixin.py:190} INFO - [2024-11-11T03:44:06.504+0000] {dagbag.py:588} INFO - Filling up the DagBag from /home/airflow/.local/lib/python3.12/site-packages/airflow/example_dags/example_dag_decorator.py
[2024-11-11T03:44:06.516+0000] {processor.py:925} INFO - DAG(s) 'example_dag_decorator' retrieved from /home/airflow/.local/lib/python3.12/site-packages/airflow/example_dags/example_dag_decorator.py
[2024-11-11T03:44:06.533+0000] {logging_mixin.py:190} INFO - [2024-11-11T03:44:06.533+0000] {dag.py:3239} INFO - Sync 1 DAGs
[2024-11-11T03:44:06.541+0000] {logging_mixin.py:190} INFO - [2024-11-11T03:44:06.541+0000] {dag.py:4180} INFO - Setting next_dagrun for example_dag_decorator to None, run_after=None
[2024-11-11T03:44:06.550+0000] {processor.py:208} INFO - Processing /home/airflow/.local/lib/python3.12/site-packages/airflow/example_dags/example_dag_decorator.py took 0.058 seconds
[2024-11-11T03:44:37.227+0000] {processor.py:186} INFO - Started process (PID=8489) to work on /home/airflow/.local/lib/python3.12/site-packages/airflow/example_dags/example_dag_decorator.py
[2024-11-11T03:44:37.228+0000] {processor.py:914} INFO - Processing file /home/airflow/.local/lib/python3.12/site-packages/airflow/example_dags/example_dag_decorator.py for tasks to queue
[2024-11-11T03:44:37.231+0000] {logging_mixin.py:190} INFO - [2024-11-11T03:44:37.231+0000] {dagbag.py:588} INFO - Filling up the DagBag from /home/airflow/.local/lib/python3.12/site-packages/airflow/example_dags/example_dag_decorator.py
[2024-11-11T03:44:37.243+0000] {processor.py:925} INFO - DAG(s) 'example_dag_decorator' retrieved from /home/airflow/.local/lib/python3.12/site-packages/airflow/example_dags/example_dag_decorator.py
[2024-11-11T03:44:37.259+0000] {logging_mixin.py:190} INFO - [2024-11-11T03:44:37.259+0000] {dag.py:3239} INFO - Sync 1 DAGs
[2024-11-11T03:44:37.267+0000] {logging_mixin.py:190} INFO - [2024-11-11T03:44:37.267+0000] {dag.py:4180} INFO - Setting next_dagrun for example_dag_decorator to None, run_after=None
[2024-11-11T03:44:37.276+0000] {processor.py:208} INFO - Processing /home/airflow/.local/lib/python3.12/site-packages/airflow/example_dags/example_dag_decorator.py took 0.057 seconds
[2024-11-11T03:45:08.038+0000] {processor.py:186} INFO - Started process (PID=8552) to work on /home/airflow/.local/lib/python3.12/site-packages/airflow/example_dags/example_dag_decorator.py
[2024-11-11T03:45:08.039+0000] {processor.py:914} INFO - Processing file /home/airflow/.local/lib/python3.12/site-packages/airflow/example_dags/example_dag_decorator.py for tasks to queue
[2024-11-11T03:45:08.042+0000] {logging_mixin.py:190} INFO - [2024-11-11T03:45:08.041+0000] {dagbag.py:588} INFO - Filling up the DagBag from /home/airflow/.local/lib/python3.12/site-packages/airflow/example_dags/example_dag_decorator.py
[2024-11-11T03:45:08.053+0000] {processor.py:925} INFO - DAG(s) 'example_dag_decorator' retrieved from /home/airflow/.local/lib/python3.12/site-packages/airflow/example_dags/example_dag_decorator.py
[2024-11-11T03:45:08.112+0000] {logging_mixin.py:190} INFO - [2024-11-11T03:45:08.112+0000] {dag.py:3239} INFO - Sync 1 DAGs
[2024-11-11T03:45:08.118+0000] {logging_mixin.py:190} INFO - [2024-11-11T03:45:08.118+0000] {dag.py:4180} INFO - Setting next_dagrun for example_dag_decorator to None, run_after=None
[2024-11-11T03:45:08.125+0000] {processor.py:208} INFO - Processing /home/airflow/.local/lib/python3.12/site-packages/airflow/example_dags/example_dag_decorator.py took 0.097 seconds
[2024-11-11T03:45:38.620+0000] {processor.py:186} INFO - Started process (PID=8615) to work on /home/airflow/.local/lib/python3.12/site-packages/airflow/example_dags/example_dag_decorator.py
[2024-11-11T03:45:38.621+0000] {processor.py:914} INFO - Processing file /home/airflow/.local/lib/python3.12/site-packages/airflow/example_dags/example_dag_decorator.py for tasks to queue
[2024-11-11T03:45:38.624+0000] {logging_mixin.py:190} INFO - [2024-11-11T03:45:38.624+0000] {dagbag.py:588} INFO - Filling up the DagBag from /home/airflow/.local/lib/python3.12/site-packages/airflow/example_dags/example_dag_decorator.py
[2024-11-11T03:45:38.637+0000] {processor.py:925} INFO - DAG(s) 'example_dag_decorator' retrieved from /home/airflow/.local/lib/python3.12/site-packages/airflow/example_dags/example_dag_decorator.py
[2024-11-11T03:45:38.653+0000] {logging_mixin.py:190} INFO - [2024-11-11T03:45:38.653+0000] {dag.py:3239} INFO - Sync 1 DAGs
[2024-11-11T03:45:38.661+0000] {logging_mixin.py:190} INFO - [2024-11-11T03:45:38.660+0000] {dag.py:4180} INFO - Setting next_dagrun for example_dag_decorator to None, run_after=None
[2024-11-11T03:45:38.670+0000] {processor.py:208} INFO - Processing /home/airflow/.local/lib/python3.12/site-packages/airflow/example_dags/example_dag_decorator.py took 0.058 seconds
[2024-11-11T03:46:09.332+0000] {processor.py:186} INFO - Started process (PID=8678) to work on /home/airflow/.local/lib/python3.12/site-packages/airflow/example_dags/example_dag_decorator.py
[2024-11-11T03:46:09.333+0000] {processor.py:914} INFO - Processing file /home/airflow/.local/lib/python3.12/site-packages/airflow/example_dags/example_dag_decorator.py for tasks to queue
[2024-11-11T03:46:09.335+0000] {logging_mixin.py:190} INFO - [2024-11-11T03:46:09.335+0000] {dagbag.py:588} INFO - Filling up the DagBag from /home/airflow/.local/lib/python3.12/site-packages/airflow/example_dags/example_dag_decorator.py
[2024-11-11T03:46:09.344+0000] {processor.py:925} INFO - DAG(s) 'example_dag_decorator' retrieved from /home/airflow/.local/lib/python3.12/site-packages/airflow/example_dags/example_dag_decorator.py
[2024-11-11T03:46:09.397+0000] {logging_mixin.py:190} INFO - [2024-11-11T03:46:09.397+0000] {dag.py:3239} INFO - Sync 1 DAGs
[2024-11-11T03:46:09.403+0000] {logging_mixin.py:190} INFO - [2024-11-11T03:46:09.402+0000] {dag.py:4180} INFO - Setting next_dagrun for example_dag_decorator to None, run_after=None
[2024-11-11T03:46:09.410+0000] {processor.py:208} INFO - Processing /home/airflow/.local/lib/python3.12/site-packages/airflow/example_dags/example_dag_decorator.py took 0.083 seconds
[2024-11-11T03:46:39.837+0000] {processor.py:186} INFO - Started process (PID=8741) to work on /home/airflow/.local/lib/python3.12/site-packages/airflow/example_dags/example_dag_decorator.py
[2024-11-11T03:46:39.839+0000] {processor.py:914} INFO - Processing file /home/airflow/.local/lib/python3.12/site-packages/airflow/example_dags/example_dag_decorator.py for tasks to queue
[2024-11-11T03:46:39.841+0000] {logging_mixin.py:190} INFO - [2024-11-11T03:46:39.841+0000] {dagbag.py:588} INFO - Filling up the DagBag from /home/airflow/.local/lib/python3.12/site-packages/airflow/example_dags/example_dag_decorator.py
[2024-11-11T03:46:39.853+0000] {processor.py:925} INFO - DAG(s) 'example_dag_decorator' retrieved from /home/airflow/.local/lib/python3.12/site-packages/airflow/example_dags/example_dag_decorator.py
[2024-11-11T03:46:39.912+0000] {logging_mixin.py:190} INFO - [2024-11-11T03:46:39.912+0000] {dag.py:3239} INFO - Sync 1 DAGs
[2024-11-11T03:46:39.918+0000] {logging_mixin.py:190} INFO - [2024-11-11T03:46:39.918+0000] {dag.py:4180} INFO - Setting next_dagrun for example_dag_decorator to None, run_after=None
[2024-11-11T03:46:39.925+0000] {processor.py:208} INFO - Processing /home/airflow/.local/lib/python3.12/site-packages/airflow/example_dags/example_dag_decorator.py took 0.097 seconds
[2024-11-11T03:47:10.350+0000] {processor.py:186} INFO - Started process (PID=8804) to work on /home/airflow/.local/lib/python3.12/site-packages/airflow/example_dags/example_dag_decorator.py
[2024-11-11T03:47:10.352+0000] {processor.py:914} INFO - Processing file /home/airflow/.local/lib/python3.12/site-packages/airflow/example_dags/example_dag_decorator.py for tasks to queue
[2024-11-11T03:47:10.354+0000] {logging_mixin.py:190} INFO - [2024-11-11T03:47:10.354+0000] {dagbag.py:588} INFO - Filling up the DagBag from /home/airflow/.local/lib/python3.12/site-packages/airflow/example_dags/example_dag_decorator.py
[2024-11-11T03:47:10.367+0000] {processor.py:925} INFO - DAG(s) 'example_dag_decorator' retrieved from /home/airflow/.local/lib/python3.12/site-packages/airflow/example_dags/example_dag_decorator.py
[2024-11-11T03:47:10.429+0000] {logging_mixin.py:190} INFO - [2024-11-11T03:47:10.428+0000] {dag.py:3239} INFO - Sync 1 DAGs
[2024-11-11T03:47:10.434+0000] {logging_mixin.py:190} INFO - [2024-11-11T03:47:10.434+0000] {dag.py:4180} INFO - Setting next_dagrun for example_dag_decorator to None, run_after=None
[2024-11-11T03:47:10.442+0000] {processor.py:208} INFO - Processing /home/airflow/.local/lib/python3.12/site-packages/airflow/example_dags/example_dag_decorator.py took 0.100 seconds
[2024-11-11T03:47:40.901+0000] {processor.py:186} INFO - Started process (PID=8867) to work on /home/airflow/.local/lib/python3.12/site-packages/airflow/example_dags/example_dag_decorator.py
[2024-11-11T03:47:40.903+0000] {processor.py:914} INFO - Processing file /home/airflow/.local/lib/python3.12/site-packages/airflow/example_dags/example_dag_decorator.py for tasks to queue
[2024-11-11T03:47:40.905+0000] {logging_mixin.py:190} INFO - [2024-11-11T03:47:40.905+0000] {dagbag.py:588} INFO - Filling up the DagBag from /home/airflow/.local/lib/python3.12/site-packages/airflow/example_dags/example_dag_decorator.py
[2024-11-11T03:47:40.918+0000] {processor.py:925} INFO - DAG(s) 'example_dag_decorator' retrieved from /home/airflow/.local/lib/python3.12/site-packages/airflow/example_dags/example_dag_decorator.py
[2024-11-11T03:47:40.977+0000] {logging_mixin.py:190} INFO - [2024-11-11T03:47:40.977+0000] {dag.py:3239} INFO - Sync 1 DAGs
[2024-11-11T03:47:40.983+0000] {logging_mixin.py:190} INFO - [2024-11-11T03:47:40.983+0000] {dag.py:4180} INFO - Setting next_dagrun for example_dag_decorator to None, run_after=None
[2024-11-11T03:47:40.991+0000] {processor.py:208} INFO - Processing /home/airflow/.local/lib/python3.12/site-packages/airflow/example_dags/example_dag_decorator.py took 0.098 seconds
[2024-11-11T03:48:11.516+0000] {processor.py:186} INFO - Started process (PID=8930) to work on /home/airflow/.local/lib/python3.12/site-packages/airflow/example_dags/example_dag_decorator.py
[2024-11-11T03:48:11.517+0000] {processor.py:914} INFO - Processing file /home/airflow/.local/lib/python3.12/site-packages/airflow/example_dags/example_dag_decorator.py for tasks to queue
[2024-11-11T03:48:11.520+0000] {logging_mixin.py:190} INFO - [2024-11-11T03:48:11.520+0000] {dagbag.py:588} INFO - Filling up the DagBag from /home/airflow/.local/lib/python3.12/site-packages/airflow/example_dags/example_dag_decorator.py
[2024-11-11T03:48:11.532+0000] {processor.py:925} INFO - DAG(s) 'example_dag_decorator' retrieved from /home/airflow/.local/lib/python3.12/site-packages/airflow/example_dags/example_dag_decorator.py
[2024-11-11T03:48:11.590+0000] {logging_mixin.py:190} INFO - [2024-11-11T03:48:11.590+0000] {dag.py:3239} INFO - Sync 1 DAGs
[2024-11-11T03:48:11.595+0000] {logging_mixin.py:190} INFO - [2024-11-11T03:48:11.595+0000] {dag.py:4180} INFO - Setting next_dagrun for example_dag_decorator to None, run_after=None
[2024-11-11T03:48:11.604+0000] {processor.py:208} INFO - Processing /home/airflow/.local/lib/python3.12/site-packages/airflow/example_dags/example_dag_decorator.py took 0.097 seconds
[2024-11-11T03:48:42.295+0000] {processor.py:186} INFO - Started process (PID=8993) to work on /home/airflow/.local/lib/python3.12/site-packages/airflow/example_dags/example_dag_decorator.py
[2024-11-11T03:48:42.296+0000] {processor.py:914} INFO - Processing file /home/airflow/.local/lib/python3.12/site-packages/airflow/example_dags/example_dag_decorator.py for tasks to queue
[2024-11-11T03:48:42.299+0000] {logging_mixin.py:190} INFO - [2024-11-11T03:48:42.298+0000] {dagbag.py:588} INFO - Filling up the DagBag from /home/airflow/.local/lib/python3.12/site-packages/airflow/example_dags/example_dag_decorator.py
[2024-11-11T03:48:42.310+0000] {processor.py:925} INFO - DAG(s) 'example_dag_decorator' retrieved from /home/airflow/.local/lib/python3.12/site-packages/airflow/example_dags/example_dag_decorator.py
[2024-11-11T03:48:42.368+0000] {logging_mixin.py:190} INFO - [2024-11-11T03:48:42.368+0000] {dag.py:3239} INFO - Sync 1 DAGs
[2024-11-11T03:48:42.374+0000] {logging_mixin.py:190} INFO - [2024-11-11T03:48:42.374+0000] {dag.py:4180} INFO - Setting next_dagrun for example_dag_decorator to None, run_after=None
[2024-11-11T03:48:42.382+0000] {processor.py:208} INFO - Processing /home/airflow/.local/lib/python3.12/site-packages/airflow/example_dags/example_dag_decorator.py took 0.096 seconds
[2024-11-11T03:49:12.986+0000] {processor.py:186} INFO - Started process (PID=9056) to work on /home/airflow/.local/lib/python3.12/site-packages/airflow/example_dags/example_dag_decorator.py
[2024-11-11T03:49:12.989+0000] {processor.py:914} INFO - Processing file /home/airflow/.local/lib/python3.12/site-packages/airflow/example_dags/example_dag_decorator.py for tasks to queue
[2024-11-11T03:49:12.992+0000] {logging_mixin.py:190} INFO - [2024-11-11T03:49:12.991+0000] {dagbag.py:588} INFO - Filling up the DagBag from /home/airflow/.local/lib/python3.12/site-packages/airflow/example_dags/example_dag_decorator.py
[2024-11-11T03:49:13.003+0000] {processor.py:925} INFO - DAG(s) 'example_dag_decorator' retrieved from /home/airflow/.local/lib/python3.12/site-packages/airflow/example_dags/example_dag_decorator.py
[2024-11-11T03:49:13.062+0000] {logging_mixin.py:190} INFO - [2024-11-11T03:49:13.062+0000] {dag.py:3239} INFO - Sync 1 DAGs
[2024-11-11T03:49:13.067+0000] {logging_mixin.py:190} INFO - [2024-11-11T03:49:13.067+0000] {dag.py:4180} INFO - Setting next_dagrun for example_dag_decorator to None, run_after=None
[2024-11-11T03:49:13.075+0000] {processor.py:208} INFO - Processing /home/airflow/.local/lib/python3.12/site-packages/airflow/example_dags/example_dag_decorator.py took 0.097 seconds
[2024-11-11T03:59:41.483+0000] {processor.py:186} INFO - Started process (PID=9119) to work on /home/airflow/.local/lib/python3.12/site-packages/airflow/example_dags/example_dag_decorator.py
[2024-11-11T03:59:41.483+0000] {processor.py:914} INFO - Processing file /home/airflow/.local/lib/python3.12/site-packages/airflow/example_dags/example_dag_decorator.py for tasks to queue
[2024-11-11T03:59:41.485+0000] {logging_mixin.py:190} INFO - [2024-11-11T03:59:41.485+0000] {dagbag.py:588} INFO - Filling up the DagBag from /home/airflow/.local/lib/python3.12/site-packages/airflow/example_dags/example_dag_decorator.py
[2024-11-11T03:59:41.494+0000] {processor.py:925} INFO - DAG(s) 'example_dag_decorator' retrieved from /home/airflow/.local/lib/python3.12/site-packages/airflow/example_dags/example_dag_decorator.py
[2024-11-11T03:59:41.548+0000] {logging_mixin.py:190} INFO - [2024-11-11T03:59:41.548+0000] {dag.py:3239} INFO - Sync 1 DAGs
[2024-11-11T03:59:41.553+0000] {logging_mixin.py:190} INFO - [2024-11-11T03:59:41.553+0000] {dag.py:4180} INFO - Setting next_dagrun for example_dag_decorator to None, run_after=None
[2024-11-11T03:59:41.563+0000] {processor.py:208} INFO - Processing /home/airflow/.local/lib/python3.12/site-packages/airflow/example_dags/example_dag_decorator.py took 0.086 seconds
[2024-11-11T04:00:12.264+0000] {processor.py:186} INFO - Started process (PID=9182) to work on /home/airflow/.local/lib/python3.12/site-packages/airflow/example_dags/example_dag_decorator.py
[2024-11-11T04:00:12.265+0000] {processor.py:914} INFO - Processing file /home/airflow/.local/lib/python3.12/site-packages/airflow/example_dags/example_dag_decorator.py for tasks to queue
[2024-11-11T04:00:12.268+0000] {logging_mixin.py:190} INFO - [2024-11-11T04:00:12.268+0000] {dagbag.py:588} INFO - Filling up the DagBag from /home/airflow/.local/lib/python3.12/site-packages/airflow/example_dags/example_dag_decorator.py
[2024-11-11T04:00:12.281+0000] {processor.py:925} INFO - DAG(s) 'example_dag_decorator' retrieved from /home/airflow/.local/lib/python3.12/site-packages/airflow/example_dags/example_dag_decorator.py
[2024-11-11T04:00:12.347+0000] {logging_mixin.py:190} INFO - [2024-11-11T04:00:12.347+0000] {dag.py:3239} INFO - Sync 1 DAGs
[2024-11-11T04:00:12.353+0000] {logging_mixin.py:190} INFO - [2024-11-11T04:00:12.353+0000] {dag.py:4180} INFO - Setting next_dagrun for example_dag_decorator to None, run_after=None
[2024-11-11T04:00:12.361+0000] {processor.py:208} INFO - Processing /home/airflow/.local/lib/python3.12/site-packages/airflow/example_dags/example_dag_decorator.py took 0.106 seconds
[2024-11-11T04:00:42.966+0000] {processor.py:186} INFO - Started process (PID=9245) to work on /home/airflow/.local/lib/python3.12/site-packages/airflow/example_dags/example_dag_decorator.py
[2024-11-11T04:00:42.968+0000] {processor.py:914} INFO - Processing file /home/airflow/.local/lib/python3.12/site-packages/airflow/example_dags/example_dag_decorator.py for tasks to queue
[2024-11-11T04:00:42.971+0000] {logging_mixin.py:190} INFO - [2024-11-11T04:00:42.970+0000] {dagbag.py:588} INFO - Filling up the DagBag from /home/airflow/.local/lib/python3.12/site-packages/airflow/example_dags/example_dag_decorator.py
[2024-11-11T04:00:42.983+0000] {processor.py:925} INFO - DAG(s) 'example_dag_decorator' retrieved from /home/airflow/.local/lib/python3.12/site-packages/airflow/example_dags/example_dag_decorator.py
[2024-11-11T04:00:43.044+0000] {logging_mixin.py:190} INFO - [2024-11-11T04:00:43.043+0000] {dag.py:3239} INFO - Sync 1 DAGs
[2024-11-11T04:00:43.050+0000] {logging_mixin.py:190} INFO - [2024-11-11T04:00:43.050+0000] {dag.py:4180} INFO - Setting next_dagrun for example_dag_decorator to None, run_after=None
[2024-11-11T04:00:43.059+0000] {processor.py:208} INFO - Processing /home/airflow/.local/lib/python3.12/site-packages/airflow/example_dags/example_dag_decorator.py took 0.101 seconds
[2024-11-11T04:01:13.716+0000] {processor.py:186} INFO - Started process (PID=9308) to work on /home/airflow/.local/lib/python3.12/site-packages/airflow/example_dags/example_dag_decorator.py
[2024-11-11T04:01:13.718+0000] {processor.py:914} INFO - Processing file /home/airflow/.local/lib/python3.12/site-packages/airflow/example_dags/example_dag_decorator.py for tasks to queue
[2024-11-11T04:01:13.721+0000] {logging_mixin.py:190} INFO - [2024-11-11T04:01:13.720+0000] {dagbag.py:588} INFO - Filling up the DagBag from /home/airflow/.local/lib/python3.12/site-packages/airflow/example_dags/example_dag_decorator.py
[2024-11-11T04:01:13.733+0000] {processor.py:925} INFO - DAG(s) 'example_dag_decorator' retrieved from /home/airflow/.local/lib/python3.12/site-packages/airflow/example_dags/example_dag_decorator.py
[2024-11-11T04:01:13.793+0000] {logging_mixin.py:190} INFO - [2024-11-11T04:01:13.793+0000] {dag.py:3239} INFO - Sync 1 DAGs
[2024-11-11T04:01:13.799+0000] {logging_mixin.py:190} INFO - [2024-11-11T04:01:13.799+0000] {dag.py:4180} INFO - Setting next_dagrun for example_dag_decorator to None, run_after=None
[2024-11-11T04:01:13.809+0000] {processor.py:208} INFO - Processing /home/airflow/.local/lib/python3.12/site-packages/airflow/example_dags/example_dag_decorator.py took 0.102 seconds
[2024-11-11T04:01:44.482+0000] {processor.py:186} INFO - Started process (PID=9371) to work on /home/airflow/.local/lib/python3.12/site-packages/airflow/example_dags/example_dag_decorator.py
[2024-11-11T04:01:44.484+0000] {processor.py:914} INFO - Processing file /home/airflow/.local/lib/python3.12/site-packages/airflow/example_dags/example_dag_decorator.py for tasks to queue
[2024-11-11T04:01:44.486+0000] {logging_mixin.py:190} INFO - [2024-11-11T04:01:44.486+0000] {dagbag.py:588} INFO - Filling up the DagBag from /home/airflow/.local/lib/python3.12/site-packages/airflow/example_dags/example_dag_decorator.py
[2024-11-11T04:01:44.498+0000] {processor.py:925} INFO - DAG(s) 'example_dag_decorator' retrieved from /home/airflow/.local/lib/python3.12/site-packages/airflow/example_dags/example_dag_decorator.py
[2024-11-11T04:01:44.559+0000] {logging_mixin.py:190} INFO - [2024-11-11T04:01:44.559+0000] {dag.py:3239} INFO - Sync 1 DAGs
[2024-11-11T04:01:44.565+0000] {logging_mixin.py:190} INFO - [2024-11-11T04:01:44.565+0000] {dag.py:4180} INFO - Setting next_dagrun for example_dag_decorator to None, run_after=None
[2024-11-11T04:01:44.573+0000] {processor.py:208} INFO - Processing /home/airflow/.local/lib/python3.12/site-packages/airflow/example_dags/example_dag_decorator.py took 0.099 seconds
[2024-11-11T04:02:15.391+0000] {processor.py:186} INFO - Started process (PID=9434) to work on /home/airflow/.local/lib/python3.12/site-packages/airflow/example_dags/example_dag_decorator.py
[2024-11-11T04:02:15.392+0000] {processor.py:914} INFO - Processing file /home/airflow/.local/lib/python3.12/site-packages/airflow/example_dags/example_dag_decorator.py for tasks to queue
[2024-11-11T04:02:15.395+0000] {logging_mixin.py:190} INFO - [2024-11-11T04:02:15.394+0000] {dagbag.py:588} INFO - Filling up the DagBag from /home/airflow/.local/lib/python3.12/site-packages/airflow/example_dags/example_dag_decorator.py
[2024-11-11T04:02:15.407+0000] {processor.py:925} INFO - DAG(s) 'example_dag_decorator' retrieved from /home/airflow/.local/lib/python3.12/site-packages/airflow/example_dags/example_dag_decorator.py
[2024-11-11T04:02:15.467+0000] {logging_mixin.py:190} INFO - [2024-11-11T04:02:15.467+0000] {dag.py:3239} INFO - Sync 1 DAGs
[2024-11-11T04:02:15.472+0000] {logging_mixin.py:190} INFO - [2024-11-11T04:02:15.472+0000] {dag.py:4180} INFO - Setting next_dagrun for example_dag_decorator to None, run_after=None
[2024-11-11T04:02:15.481+0000] {processor.py:208} INFO - Processing /home/airflow/.local/lib/python3.12/site-packages/airflow/example_dags/example_dag_decorator.py took 0.099 seconds
[2024-11-11T04:02:46.133+0000] {processor.py:186} INFO - Started process (PID=9497) to work on /home/airflow/.local/lib/python3.12/site-packages/airflow/example_dags/example_dag_decorator.py
[2024-11-11T04:02:46.135+0000] {processor.py:914} INFO - Processing file /home/airflow/.local/lib/python3.12/site-packages/airflow/example_dags/example_dag_decorator.py for tasks to queue
[2024-11-11T04:02:46.137+0000] {logging_mixin.py:190} INFO - [2024-11-11T04:02:46.137+0000] {dagbag.py:588} INFO - Filling up the DagBag from /home/airflow/.local/lib/python3.12/site-packages/airflow/example_dags/example_dag_decorator.py
[2024-11-11T04:02:46.147+0000] {processor.py:925} INFO - DAG(s) 'example_dag_decorator' retrieved from /home/airflow/.local/lib/python3.12/site-packages/airflow/example_dags/example_dag_decorator.py
[2024-11-11T04:02:46.206+0000] {logging_mixin.py:190} INFO - [2024-11-11T04:02:46.206+0000] {dag.py:3239} INFO - Sync 1 DAGs
[2024-11-11T04:02:46.212+0000] {logging_mixin.py:190} INFO - [2024-11-11T04:02:46.212+0000] {dag.py:4180} INFO - Setting next_dagrun for example_dag_decorator to None, run_after=None
[2024-11-11T04:02:46.221+0000] {processor.py:208} INFO - Processing /home/airflow/.local/lib/python3.12/site-packages/airflow/example_dags/example_dag_decorator.py took 0.094 seconds
[2024-11-11T04:03:16.787+0000] {processor.py:186} INFO - Started process (PID=9560) to work on /home/airflow/.local/lib/python3.12/site-packages/airflow/example_dags/example_dag_decorator.py
[2024-11-11T04:03:16.788+0000] {processor.py:914} INFO - Processing file /home/airflow/.local/lib/python3.12/site-packages/airflow/example_dags/example_dag_decorator.py for tasks to queue
[2024-11-11T04:03:16.792+0000] {logging_mixin.py:190} INFO - [2024-11-11T04:03:16.792+0000] {dagbag.py:588} INFO - Filling up the DagBag from /home/airflow/.local/lib/python3.12/site-packages/airflow/example_dags/example_dag_decorator.py
[2024-11-11T04:03:16.808+0000] {processor.py:925} INFO - DAG(s) 'example_dag_decorator' retrieved from /home/airflow/.local/lib/python3.12/site-packages/airflow/example_dags/example_dag_decorator.py
[2024-11-11T04:03:16.873+0000] {logging_mixin.py:190} INFO - [2024-11-11T04:03:16.873+0000] {dag.py:3239} INFO - Sync 1 DAGs
[2024-11-11T04:03:16.880+0000] {logging_mixin.py:190} INFO - [2024-11-11T04:03:16.880+0000] {dag.py:4180} INFO - Setting next_dagrun for example_dag_decorator to None, run_after=None
[2024-11-11T04:03:16.889+0000] {processor.py:208} INFO - Processing /home/airflow/.local/lib/python3.12/site-packages/airflow/example_dags/example_dag_decorator.py took 0.112 seconds
[2024-11-11T04:03:47.560+0000] {processor.py:186} INFO - Started process (PID=9623) to work on /home/airflow/.local/lib/python3.12/site-packages/airflow/example_dags/example_dag_decorator.py
[2024-11-11T04:03:47.561+0000] {processor.py:914} INFO - Processing file /home/airflow/.local/lib/python3.12/site-packages/airflow/example_dags/example_dag_decorator.py for tasks to queue
[2024-11-11T04:03:47.564+0000] {logging_mixin.py:190} INFO - [2024-11-11T04:03:47.564+0000] {dagbag.py:588} INFO - Filling up the DagBag from /home/airflow/.local/lib/python3.12/site-packages/airflow/example_dags/example_dag_decorator.py
[2024-11-11T04:03:47.576+0000] {processor.py:925} INFO - DAG(s) 'example_dag_decorator' retrieved from /home/airflow/.local/lib/python3.12/site-packages/airflow/example_dags/example_dag_decorator.py
[2024-11-11T04:03:47.638+0000] {logging_mixin.py:190} INFO - [2024-11-11T04:03:47.637+0000] {dag.py:3239} INFO - Sync 1 DAGs
[2024-11-11T04:03:47.644+0000] {logging_mixin.py:190} INFO - [2024-11-11T04:03:47.643+0000] {dag.py:4180} INFO - Setting next_dagrun for example_dag_decorator to None, run_after=None
[2024-11-11T04:03:47.760+0000] {processor.py:208} INFO - Processing /home/airflow/.local/lib/python3.12/site-packages/airflow/example_dags/example_dag_decorator.py took 0.208 seconds
[2024-11-11T04:04:18.337+0000] {processor.py:186} INFO - Started process (PID=9686) to work on /home/airflow/.local/lib/python3.12/site-packages/airflow/example_dags/example_dag_decorator.py
[2024-11-11T04:04:18.338+0000] {processor.py:914} INFO - Processing file /home/airflow/.local/lib/python3.12/site-packages/airflow/example_dags/example_dag_decorator.py for tasks to queue
[2024-11-11T04:04:18.340+0000] {logging_mixin.py:190} INFO - [2024-11-11T04:04:18.340+0000] {dagbag.py:588} INFO - Filling up the DagBag from /home/airflow/.local/lib/python3.12/site-packages/airflow/example_dags/example_dag_decorator.py
[2024-11-11T04:04:18.351+0000] {processor.py:925} INFO - DAG(s) 'example_dag_decorator' retrieved from /home/airflow/.local/lib/python3.12/site-packages/airflow/example_dags/example_dag_decorator.py
[2024-11-11T04:04:18.460+0000] {logging_mixin.py:190} INFO - [2024-11-11T04:04:18.460+0000] {dag.py:3239} INFO - Sync 1 DAGs
[2024-11-11T04:04:18.467+0000] {logging_mixin.py:190} INFO - [2024-11-11T04:04:18.467+0000] {dag.py:4180} INFO - Setting next_dagrun for example_dag_decorator to None, run_after=None
[2024-11-11T04:04:18.481+0000] {processor.py:208} INFO - Processing /home/airflow/.local/lib/python3.12/site-packages/airflow/example_dags/example_dag_decorator.py took 0.152 seconds
[2024-11-11T04:04:49.461+0000] {processor.py:186} INFO - Started process (PID=9749) to work on /home/airflow/.local/lib/python3.12/site-packages/airflow/example_dags/example_dag_decorator.py
[2024-11-11T04:04:49.463+0000] {processor.py:914} INFO - Processing file /home/airflow/.local/lib/python3.12/site-packages/airflow/example_dags/example_dag_decorator.py for tasks to queue
[2024-11-11T04:04:49.467+0000] {logging_mixin.py:190} INFO - [2024-11-11T04:04:49.467+0000] {dagbag.py:588} INFO - Filling up the DagBag from /home/airflow/.local/lib/python3.12/site-packages/airflow/example_dags/example_dag_decorator.py
[2024-11-11T04:04:49.481+0000] {processor.py:925} INFO - DAG(s) 'example_dag_decorator' retrieved from /home/airflow/.local/lib/python3.12/site-packages/airflow/example_dags/example_dag_decorator.py
[2024-11-11T04:04:49.545+0000] {logging_mixin.py:190} INFO - [2024-11-11T04:04:49.545+0000] {dag.py:3239} INFO - Sync 1 DAGs
[2024-11-11T04:04:49.550+0000] {logging_mixin.py:190} INFO - [2024-11-11T04:04:49.550+0000] {dag.py:4180} INFO - Setting next_dagrun for example_dag_decorator to None, run_after=None
[2024-11-11T04:04:49.559+0000] {processor.py:208} INFO - Processing /home/airflow/.local/lib/python3.12/site-packages/airflow/example_dags/example_dag_decorator.py took 0.108 seconds
[2024-11-11T04:05:20.361+0000] {processor.py:186} INFO - Started process (PID=9812) to work on /home/airflow/.local/lib/python3.12/site-packages/airflow/example_dags/example_dag_decorator.py
[2024-11-11T04:05:20.362+0000] {processor.py:914} INFO - Processing file /home/airflow/.local/lib/python3.12/site-packages/airflow/example_dags/example_dag_decorator.py for tasks to queue
[2024-11-11T04:05:20.366+0000] {logging_mixin.py:190} INFO - [2024-11-11T04:05:20.365+0000] {dagbag.py:588} INFO - Filling up the DagBag from /home/airflow/.local/lib/python3.12/site-packages/airflow/example_dags/example_dag_decorator.py
[2024-11-11T04:05:20.380+0000] {processor.py:925} INFO - DAG(s) 'example_dag_decorator' retrieved from /home/airflow/.local/lib/python3.12/site-packages/airflow/example_dags/example_dag_decorator.py
[2024-11-11T04:05:20.444+0000] {logging_mixin.py:190} INFO - [2024-11-11T04:05:20.444+0000] {dag.py:3239} INFO - Sync 1 DAGs
[2024-11-11T04:05:20.449+0000] {logging_mixin.py:190} INFO - [2024-11-11T04:05:20.449+0000] {dag.py:4180} INFO - Setting next_dagrun for example_dag_decorator to None, run_after=None
[2024-11-11T04:05:20.458+0000] {processor.py:208} INFO - Processing /home/airflow/.local/lib/python3.12/site-packages/airflow/example_dags/example_dag_decorator.py took 0.106 seconds
[2024-11-11T04:05:51.062+0000] {processor.py:186} INFO - Started process (PID=9875) to work on /home/airflow/.local/lib/python3.12/site-packages/airflow/example_dags/example_dag_decorator.py
[2024-11-11T04:05:51.062+0000] {processor.py:914} INFO - Processing file /home/airflow/.local/lib/python3.12/site-packages/airflow/example_dags/example_dag_decorator.py for tasks to queue
[2024-11-11T04:05:51.064+0000] {logging_mixin.py:190} INFO - [2024-11-11T04:05:51.064+0000] {dagbag.py:588} INFO - Filling up the DagBag from /home/airflow/.local/lib/python3.12/site-packages/airflow/example_dags/example_dag_decorator.py
[2024-11-11T04:05:51.071+0000] {processor.py:925} INFO - DAG(s) 'example_dag_decorator' retrieved from /home/airflow/.local/lib/python3.12/site-packages/airflow/example_dags/example_dag_decorator.py
[2024-11-11T04:05:51.124+0000] {logging_mixin.py:190} INFO - [2024-11-11T04:05:51.124+0000] {dag.py:3239} INFO - Sync 1 DAGs
[2024-11-11T04:05:51.129+0000] {logging_mixin.py:190} INFO - [2024-11-11T04:05:51.129+0000] {dag.py:4180} INFO - Setting next_dagrun for example_dag_decorator to None, run_after=None
[2024-11-11T04:05:51.138+0000] {processor.py:208} INFO - Processing /home/airflow/.local/lib/python3.12/site-packages/airflow/example_dags/example_dag_decorator.py took 0.080 seconds
[2024-11-11T04:06:21.561+0000] {processor.py:186} INFO - Started process (PID=9938) to work on /home/airflow/.local/lib/python3.12/site-packages/airflow/example_dags/example_dag_decorator.py
[2024-11-11T04:06:21.561+0000] {processor.py:914} INFO - Processing file /home/airflow/.local/lib/python3.12/site-packages/airflow/example_dags/example_dag_decorator.py for tasks to queue
[2024-11-11T04:06:21.563+0000] {logging_mixin.py:190} INFO - [2024-11-11T04:06:21.563+0000] {dagbag.py:588} INFO - Filling up the DagBag from /home/airflow/.local/lib/python3.12/site-packages/airflow/example_dags/example_dag_decorator.py
[2024-11-11T04:06:21.571+0000] {processor.py:925} INFO - DAG(s) 'example_dag_decorator' retrieved from /home/airflow/.local/lib/python3.12/site-packages/airflow/example_dags/example_dag_decorator.py
[2024-11-11T04:06:21.630+0000] {logging_mixin.py:190} INFO - [2024-11-11T04:06:21.630+0000] {dag.py:3239} INFO - Sync 1 DAGs
[2024-11-11T04:06:21.768+0000] {logging_mixin.py:190} INFO - [2024-11-11T04:06:21.768+0000] {dag.py:4180} INFO - Setting next_dagrun for example_dag_decorator to None, run_after=None
[2024-11-11T04:06:21.778+0000] {processor.py:208} INFO - Processing /home/airflow/.local/lib/python3.12/site-packages/airflow/example_dags/example_dag_decorator.py took 0.221 seconds
[2024-11-11T04:06:52.430+0000] {processor.py:186} INFO - Started process (PID=10001) to work on /home/airflow/.local/lib/python3.12/site-packages/airflow/example_dags/example_dag_decorator.py
[2024-11-11T04:06:52.432+0000] {processor.py:914} INFO - Processing file /home/airflow/.local/lib/python3.12/site-packages/airflow/example_dags/example_dag_decorator.py for tasks to queue
[2024-11-11T04:06:52.435+0000] {logging_mixin.py:190} INFO - [2024-11-11T04:06:52.435+0000] {dagbag.py:588} INFO - Filling up the DagBag from /home/airflow/.local/lib/python3.12/site-packages/airflow/example_dags/example_dag_decorator.py
[2024-11-11T04:06:52.449+0000] {processor.py:925} INFO - DAG(s) 'example_dag_decorator' retrieved from /home/airflow/.local/lib/python3.12/site-packages/airflow/example_dags/example_dag_decorator.py
[2024-11-11T04:06:52.516+0000] {logging_mixin.py:190} INFO - [2024-11-11T04:06:52.515+0000] {dag.py:3239} INFO - Sync 1 DAGs
[2024-11-11T04:06:52.521+0000] {logging_mixin.py:190} INFO - [2024-11-11T04:06:52.521+0000] {dag.py:4180} INFO - Setting next_dagrun for example_dag_decorator to None, run_after=None
[2024-11-11T04:06:52.648+0000] {processor.py:208} INFO - Processing /home/airflow/.local/lib/python3.12/site-packages/airflow/example_dags/example_dag_decorator.py took 0.227 seconds
[2024-11-11T04:07:23.310+0000] {processor.py:186} INFO - Started process (PID=10064) to work on /home/airflow/.local/lib/python3.12/site-packages/airflow/example_dags/example_dag_decorator.py
[2024-11-11T04:07:23.311+0000] {processor.py:914} INFO - Processing file /home/airflow/.local/lib/python3.12/site-packages/airflow/example_dags/example_dag_decorator.py for tasks to queue
[2024-11-11T04:07:23.314+0000] {logging_mixin.py:190} INFO - [2024-11-11T04:07:23.314+0000] {dagbag.py:588} INFO - Filling up the DagBag from /home/airflow/.local/lib/python3.12/site-packages/airflow/example_dags/example_dag_decorator.py
[2024-11-11T04:07:23.327+0000] {processor.py:925} INFO - DAG(s) 'example_dag_decorator' retrieved from /home/airflow/.local/lib/python3.12/site-packages/airflow/example_dags/example_dag_decorator.py
[2024-11-11T04:07:23.388+0000] {logging_mixin.py:190} INFO - [2024-11-11T04:07:23.387+0000] {dag.py:3239} INFO - Sync 1 DAGs
[2024-11-11T04:07:23.393+0000] {logging_mixin.py:190} INFO - [2024-11-11T04:07:23.393+0000] {dag.py:4180} INFO - Setting next_dagrun for example_dag_decorator to None, run_after=None
[2024-11-11T04:07:23.402+0000] {processor.py:208} INFO - Processing /home/airflow/.local/lib/python3.12/site-packages/airflow/example_dags/example_dag_decorator.py took 0.102 seconds
[2024-11-11T04:07:54.126+0000] {processor.py:186} INFO - Started process (PID=10127) to work on /home/airflow/.local/lib/python3.12/site-packages/airflow/example_dags/example_dag_decorator.py
[2024-11-11T04:07:54.127+0000] {processor.py:914} INFO - Processing file /home/airflow/.local/lib/python3.12/site-packages/airflow/example_dags/example_dag_decorator.py for tasks to queue
[2024-11-11T04:07:54.130+0000] {logging_mixin.py:190} INFO - [2024-11-11T04:07:54.130+0000] {dagbag.py:588} INFO - Filling up the DagBag from /home/airflow/.local/lib/python3.12/site-packages/airflow/example_dags/example_dag_decorator.py
[2024-11-11T04:07:54.142+0000] {processor.py:925} INFO - DAG(s) 'example_dag_decorator' retrieved from /home/airflow/.local/lib/python3.12/site-packages/airflow/example_dags/example_dag_decorator.py
[2024-11-11T04:07:54.314+0000] {logging_mixin.py:190} INFO - [2024-11-11T04:07:54.314+0000] {dag.py:3239} INFO - Sync 1 DAGs
[2024-11-11T04:07:54.320+0000] {logging_mixin.py:190} INFO - [2024-11-11T04:07:54.320+0000] {dag.py:4180} INFO - Setting next_dagrun for example_dag_decorator to None, run_after=None
[2024-11-11T04:07:54.329+0000] {processor.py:208} INFO - Processing /home/airflow/.local/lib/python3.12/site-packages/airflow/example_dags/example_dag_decorator.py took 0.211 seconds
[2024-11-11T04:08:24.863+0000] {processor.py:186} INFO - Started process (PID=10190) to work on /home/airflow/.local/lib/python3.12/site-packages/airflow/example_dags/example_dag_decorator.py
[2024-11-11T04:08:24.864+0000] {processor.py:914} INFO - Processing file /home/airflow/.local/lib/python3.12/site-packages/airflow/example_dags/example_dag_decorator.py for tasks to queue
[2024-11-11T04:08:24.867+0000] {logging_mixin.py:190} INFO - [2024-11-11T04:08:24.867+0000] {dagbag.py:588} INFO - Filling up the DagBag from /home/airflow/.local/lib/python3.12/site-packages/airflow/example_dags/example_dag_decorator.py
[2024-11-11T04:08:24.880+0000] {processor.py:925} INFO - DAG(s) 'example_dag_decorator' retrieved from /home/airflow/.local/lib/python3.12/site-packages/airflow/example_dags/example_dag_decorator.py
[2024-11-11T04:08:25.053+0000] {logging_mixin.py:190} INFO - [2024-11-11T04:08:25.053+0000] {dag.py:3239} INFO - Sync 1 DAGs
[2024-11-11T04:08:25.059+0000] {logging_mixin.py:190} INFO - [2024-11-11T04:08:25.059+0000] {dag.py:4180} INFO - Setting next_dagrun for example_dag_decorator to None, run_after=None
[2024-11-11T04:08:25.068+0000] {processor.py:208} INFO - Processing /home/airflow/.local/lib/python3.12/site-packages/airflow/example_dags/example_dag_decorator.py took 0.214 seconds
[2024-11-11T04:08:55.718+0000] {processor.py:186} INFO - Started process (PID=10253) to work on /home/airflow/.local/lib/python3.12/site-packages/airflow/example_dags/example_dag_decorator.py
[2024-11-11T04:08:55.720+0000] {processor.py:914} INFO - Processing file /home/airflow/.local/lib/python3.12/site-packages/airflow/example_dags/example_dag_decorator.py for tasks to queue
[2024-11-11T04:08:55.722+0000] {logging_mixin.py:190} INFO - [2024-11-11T04:08:55.722+0000] {dagbag.py:588} INFO - Filling up the DagBag from /home/airflow/.local/lib/python3.12/site-packages/airflow/example_dags/example_dag_decorator.py
[2024-11-11T04:08:55.734+0000] {processor.py:925} INFO - DAG(s) 'example_dag_decorator' retrieved from /home/airflow/.local/lib/python3.12/site-packages/airflow/example_dags/example_dag_decorator.py
[2024-11-11T04:08:55.751+0000] {logging_mixin.py:190} INFO - [2024-11-11T04:08:55.750+0000] {dag.py:3239} INFO - Sync 1 DAGs
[2024-11-11T04:08:55.759+0000] {logging_mixin.py:190} INFO - [2024-11-11T04:08:55.759+0000] {dag.py:4180} INFO - Setting next_dagrun for example_dag_decorator to None, run_after=None
[2024-11-11T04:08:55.768+0000] {processor.py:208} INFO - Processing /home/airflow/.local/lib/python3.12/site-packages/airflow/example_dags/example_dag_decorator.py took 0.059 seconds
[2024-11-11T04:09:26.276+0000] {processor.py:186} INFO - Started process (PID=10316) to work on /home/airflow/.local/lib/python3.12/site-packages/airflow/example_dags/example_dag_decorator.py
[2024-11-11T04:09:26.277+0000] {processor.py:914} INFO - Processing file /home/airflow/.local/lib/python3.12/site-packages/airflow/example_dags/example_dag_decorator.py for tasks to queue
[2024-11-11T04:09:26.280+0000] {logging_mixin.py:190} INFO - [2024-11-11T04:09:26.280+0000] {dagbag.py:588} INFO - Filling up the DagBag from /home/airflow/.local/lib/python3.12/site-packages/airflow/example_dags/example_dag_decorator.py
[2024-11-11T04:09:26.293+0000] {processor.py:925} INFO - DAG(s) 'example_dag_decorator' retrieved from /home/airflow/.local/lib/python3.12/site-packages/airflow/example_dags/example_dag_decorator.py
[2024-11-11T04:09:26.310+0000] {logging_mixin.py:190} INFO - [2024-11-11T04:09:26.309+0000] {dag.py:3239} INFO - Sync 1 DAGs
[2024-11-11T04:09:26.317+0000] {logging_mixin.py:190} INFO - [2024-11-11T04:09:26.317+0000] {dag.py:4180} INFO - Setting next_dagrun for example_dag_decorator to None, run_after=None
[2024-11-11T04:09:26.326+0000] {processor.py:208} INFO - Processing /home/airflow/.local/lib/python3.12/site-packages/airflow/example_dags/example_dag_decorator.py took 0.060 seconds
[2024-11-11T04:09:56.821+0000] {processor.py:186} INFO - Started process (PID=10379) to work on /home/airflow/.local/lib/python3.12/site-packages/airflow/example_dags/example_dag_decorator.py
[2024-11-11T04:09:56.823+0000] {processor.py:914} INFO - Processing file /home/airflow/.local/lib/python3.12/site-packages/airflow/example_dags/example_dag_decorator.py for tasks to queue
[2024-11-11T04:09:56.826+0000] {logging_mixin.py:190} INFO - [2024-11-11T04:09:56.825+0000] {dagbag.py:588} INFO - Filling up the DagBag from /home/airflow/.local/lib/python3.12/site-packages/airflow/example_dags/example_dag_decorator.py
[2024-11-11T04:09:56.838+0000] {processor.py:925} INFO - DAG(s) 'example_dag_decorator' retrieved from /home/airflow/.local/lib/python3.12/site-packages/airflow/example_dags/example_dag_decorator.py
[2024-11-11T04:09:57.021+0000] {logging_mixin.py:190} INFO - [2024-11-11T04:09:57.021+0000] {dag.py:3239} INFO - Sync 1 DAGs
[2024-11-11T04:09:57.027+0000] {logging_mixin.py:190} INFO - [2024-11-11T04:09:57.027+0000] {dag.py:4180} INFO - Setting next_dagrun for example_dag_decorator to None, run_after=None
[2024-11-11T04:09:57.038+0000] {processor.py:208} INFO - Processing /home/airflow/.local/lib/python3.12/site-packages/airflow/example_dags/example_dag_decorator.py took 0.226 seconds
[2024-11-11T04:10:27.384+0000] {processor.py:186} INFO - Started process (PID=10442) to work on /home/airflow/.local/lib/python3.12/site-packages/airflow/example_dags/example_dag_decorator.py
[2024-11-11T04:10:27.385+0000] {processor.py:914} INFO - Processing file /home/airflow/.local/lib/python3.12/site-packages/airflow/example_dags/example_dag_decorator.py for tasks to queue
[2024-11-11T04:10:27.388+0000] {logging_mixin.py:190} INFO - [2024-11-11T04:10:27.387+0000] {dagbag.py:588} INFO - Filling up the DagBag from /home/airflow/.local/lib/python3.12/site-packages/airflow/example_dags/example_dag_decorator.py
[2024-11-11T04:10:27.401+0000] {processor.py:925} INFO - DAG(s) 'example_dag_decorator' retrieved from /home/airflow/.local/lib/python3.12/site-packages/airflow/example_dags/example_dag_decorator.py
[2024-11-11T04:10:27.570+0000] {logging_mixin.py:190} INFO - [2024-11-11T04:10:27.569+0000] {dag.py:3239} INFO - Sync 1 DAGs
[2024-11-11T04:10:27.575+0000] {logging_mixin.py:190} INFO - [2024-11-11T04:10:27.575+0000] {dag.py:4180} INFO - Setting next_dagrun for example_dag_decorator to None, run_after=None
[2024-11-11T04:10:27.584+0000] {processor.py:208} INFO - Processing /home/airflow/.local/lib/python3.12/site-packages/airflow/example_dags/example_dag_decorator.py took 0.209 seconds
[2024-11-11T04:10:58.231+0000] {processor.py:186} INFO - Started process (PID=10505) to work on /home/airflow/.local/lib/python3.12/site-packages/airflow/example_dags/example_dag_decorator.py
[2024-11-11T04:10:58.233+0000] {processor.py:914} INFO - Processing file /home/airflow/.local/lib/python3.12/site-packages/airflow/example_dags/example_dag_decorator.py for tasks to queue
[2024-11-11T04:10:58.236+0000] {logging_mixin.py:190} INFO - [2024-11-11T04:10:58.235+0000] {dagbag.py:588} INFO - Filling up the DagBag from /home/airflow/.local/lib/python3.12/site-packages/airflow/example_dags/example_dag_decorator.py
[2024-11-11T04:10:58.248+0000] {processor.py:925} INFO - DAG(s) 'example_dag_decorator' retrieved from /home/airflow/.local/lib/python3.12/site-packages/airflow/example_dags/example_dag_decorator.py
[2024-11-11T04:10:58.421+0000] {logging_mixin.py:190} INFO - [2024-11-11T04:10:58.421+0000] {dag.py:3239} INFO - Sync 1 DAGs
[2024-11-11T04:10:58.427+0000] {logging_mixin.py:190} INFO - [2024-11-11T04:10:58.427+0000] {dag.py:4180} INFO - Setting next_dagrun for example_dag_decorator to None, run_after=None
[2024-11-11T04:10:58.437+0000] {processor.py:208} INFO - Processing /home/airflow/.local/lib/python3.12/site-packages/airflow/example_dags/example_dag_decorator.py took 0.215 seconds
[2024-11-11T04:11:28.492+0000] {processor.py:186} INFO - Started process (PID=10569) to work on /home/airflow/.local/lib/python3.12/site-packages/airflow/example_dags/example_dag_decorator.py
[2024-11-11T04:11:28.493+0000] {processor.py:914} INFO - Processing file /home/airflow/.local/lib/python3.12/site-packages/airflow/example_dags/example_dag_decorator.py for tasks to queue
[2024-11-11T04:11:28.494+0000] {logging_mixin.py:190} INFO - [2024-11-11T04:11:28.494+0000] {dagbag.py:588} INFO - Filling up the DagBag from /home/airflow/.local/lib/python3.12/site-packages/airflow/example_dags/example_dag_decorator.py
[2024-11-11T04:11:28.504+0000] {processor.py:925} INFO - DAG(s) 'example_dag_decorator' retrieved from /home/airflow/.local/lib/python3.12/site-packages/airflow/example_dags/example_dag_decorator.py
[2024-11-11T04:11:28.665+0000] {logging_mixin.py:190} INFO - [2024-11-11T04:11:28.665+0000] {dag.py:3239} INFO - Sync 1 DAGs
[2024-11-11T04:11:28.670+0000] {logging_mixin.py:190} INFO - [2024-11-11T04:11:28.670+0000] {dag.py:4180} INFO - Setting next_dagrun for example_dag_decorator to None, run_after=None
[2024-11-11T04:11:28.679+0000] {processor.py:208} INFO - Processing /home/airflow/.local/lib/python3.12/site-packages/airflow/example_dags/example_dag_decorator.py took 0.193 seconds
[2024-11-11T04:11:58.838+0000] {processor.py:186} INFO - Started process (PID=10631) to work on /home/airflow/.local/lib/python3.12/site-packages/airflow/example_dags/example_dag_decorator.py
[2024-11-11T04:11:58.839+0000] {processor.py:914} INFO - Processing file /home/airflow/.local/lib/python3.12/site-packages/airflow/example_dags/example_dag_decorator.py for tasks to queue
[2024-11-11T04:11:58.842+0000] {logging_mixin.py:190} INFO - [2024-11-11T04:11:58.841+0000] {dagbag.py:588} INFO - Filling up the DagBag from /home/airflow/.local/lib/python3.12/site-packages/airflow/example_dags/example_dag_decorator.py
[2024-11-11T04:11:58.853+0000] {processor.py:925} INFO - DAG(s) 'example_dag_decorator' retrieved from /home/airflow/.local/lib/python3.12/site-packages/airflow/example_dags/example_dag_decorator.py
[2024-11-11T04:11:59.009+0000] {logging_mixin.py:190} INFO - [2024-11-11T04:11:59.008+0000] {dag.py:3239} INFO - Sync 1 DAGs
[2024-11-11T04:11:59.013+0000] {logging_mixin.py:190} INFO - [2024-11-11T04:11:59.013+0000] {dag.py:4180} INFO - Setting next_dagrun for example_dag_decorator to None, run_after=None
[2024-11-11T04:11:59.021+0000] {processor.py:208} INFO - Processing /home/airflow/.local/lib/python3.12/site-packages/airflow/example_dags/example_dag_decorator.py took 0.192 seconds
[2024-11-11T04:12:29.233+0000] {processor.py:186} INFO - Started process (PID=10694) to work on /home/airflow/.local/lib/python3.12/site-packages/airflow/example_dags/example_dag_decorator.py
[2024-11-11T04:12:29.235+0000] {processor.py:914} INFO - Processing file /home/airflow/.local/lib/python3.12/site-packages/airflow/example_dags/example_dag_decorator.py for tasks to queue
[2024-11-11T04:12:29.238+0000] {logging_mixin.py:190} INFO - [2024-11-11T04:12:29.238+0000] {dagbag.py:588} INFO - Filling up the DagBag from /home/airflow/.local/lib/python3.12/site-packages/airflow/example_dags/example_dag_decorator.py
[2024-11-11T04:12:29.249+0000] {processor.py:925} INFO - DAG(s) 'example_dag_decorator' retrieved from /home/airflow/.local/lib/python3.12/site-packages/airflow/example_dags/example_dag_decorator.py
[2024-11-11T04:12:29.310+0000] {logging_mixin.py:190} INFO - [2024-11-11T04:12:29.310+0000] {dag.py:3239} INFO - Sync 1 DAGs
[2024-11-11T04:12:29.316+0000] {logging_mixin.py:190} INFO - [2024-11-11T04:12:29.316+0000] {dag.py:4180} INFO - Setting next_dagrun for example_dag_decorator to None, run_after=None
[2024-11-11T04:12:29.324+0000] {processor.py:208} INFO - Processing /home/airflow/.local/lib/python3.12/site-packages/airflow/example_dags/example_dag_decorator.py took 0.100 seconds
[2024-11-11T04:12:59.852+0000] {processor.py:186} INFO - Started process (PID=10757) to work on /home/airflow/.local/lib/python3.12/site-packages/airflow/example_dags/example_dag_decorator.py
[2024-11-11T04:12:59.853+0000] {processor.py:914} INFO - Processing file /home/airflow/.local/lib/python3.12/site-packages/airflow/example_dags/example_dag_decorator.py for tasks to queue
[2024-11-11T04:12:59.855+0000] {logging_mixin.py:190} INFO - [2024-11-11T04:12:59.855+0000] {dagbag.py:588} INFO - Filling up the DagBag from /home/airflow/.local/lib/python3.12/site-packages/airflow/example_dags/example_dag_decorator.py
[2024-11-11T04:12:59.865+0000] {processor.py:925} INFO - DAG(s) 'example_dag_decorator' retrieved from /home/airflow/.local/lib/python3.12/site-packages/airflow/example_dags/example_dag_decorator.py
[2024-11-11T04:12:59.922+0000] {logging_mixin.py:190} INFO - [2024-11-11T04:12:59.921+0000] {dag.py:3239} INFO - Sync 1 DAGs
[2024-11-11T04:12:59.927+0000] {logging_mixin.py:190} INFO - [2024-11-11T04:12:59.927+0000] {dag.py:4180} INFO - Setting next_dagrun for example_dag_decorator to None, run_after=None
[2024-11-11T04:12:59.936+0000] {processor.py:208} INFO - Processing /home/airflow/.local/lib/python3.12/site-packages/airflow/example_dags/example_dag_decorator.py took 0.089 seconds
[2024-11-11T04:13:30.348+0000] {processor.py:186} INFO - Started process (PID=10820) to work on /home/airflow/.local/lib/python3.12/site-packages/airflow/example_dags/example_dag_decorator.py
[2024-11-11T04:13:30.349+0000] {processor.py:914} INFO - Processing file /home/airflow/.local/lib/python3.12/site-packages/airflow/example_dags/example_dag_decorator.py for tasks to queue
[2024-11-11T04:13:30.352+0000] {logging_mixin.py:190} INFO - [2024-11-11T04:13:30.351+0000] {dagbag.py:588} INFO - Filling up the DagBag from /home/airflow/.local/lib/python3.12/site-packages/airflow/example_dags/example_dag_decorator.py
[2024-11-11T04:13:30.363+0000] {processor.py:925} INFO - DAG(s) 'example_dag_decorator' retrieved from /home/airflow/.local/lib/python3.12/site-packages/airflow/example_dags/example_dag_decorator.py
[2024-11-11T04:13:30.424+0000] {logging_mixin.py:190} INFO - [2024-11-11T04:13:30.424+0000] {dag.py:3239} INFO - Sync 1 DAGs
[2024-11-11T04:13:30.430+0000] {logging_mixin.py:190} INFO - [2024-11-11T04:13:30.430+0000] {dag.py:4180} INFO - Setting next_dagrun for example_dag_decorator to None, run_after=None
[2024-11-11T04:13:30.439+0000] {processor.py:208} INFO - Processing /home/airflow/.local/lib/python3.12/site-packages/airflow/example_dags/example_dag_decorator.py took 0.099 seconds
[2024-11-11T04:47:35.293+0000] {processor.py:186} INFO - Started process (PID=10877) to work on /home/airflow/.local/lib/python3.12/site-packages/airflow/example_dags/example_dag_decorator.py
[2024-11-11T04:47:35.294+0000] {processor.py:914} INFO - Processing file /home/airflow/.local/lib/python3.12/site-packages/airflow/example_dags/example_dag_decorator.py for tasks to queue
[2024-11-11T04:47:35.296+0000] {logging_mixin.py:190} INFO - [2024-11-11T04:47:35.296+0000] {dagbag.py:588} INFO - Filling up the DagBag from /home/airflow/.local/lib/python3.12/site-packages/airflow/example_dags/example_dag_decorator.py
[2024-11-11T04:47:35.305+0000] {processor.py:925} INFO - DAG(s) 'example_dag_decorator' retrieved from /home/airflow/.local/lib/python3.12/site-packages/airflow/example_dags/example_dag_decorator.py
[2024-11-11T04:47:35.371+0000] {logging_mixin.py:190} INFO - [2024-11-11T04:47:35.371+0000] {dag.py:3239} INFO - Sync 1 DAGs
[2024-11-11T04:47:35.377+0000] {logging_mixin.py:190} INFO - [2024-11-11T04:47:35.377+0000] {dag.py:4180} INFO - Setting next_dagrun for example_dag_decorator to None, run_after=None
[2024-11-11T04:47:35.385+0000] {processor.py:208} INFO - Processing /home/airflow/.local/lib/python3.12/site-packages/airflow/example_dags/example_dag_decorator.py took 0.098 seconds
[2024-11-11T05:54:19.461+0000] {processor.py:186} INFO - Started process (PID=10945) to work on /home/airflow/.local/lib/python3.12/site-packages/airflow/example_dags/example_dag_decorator.py
[2024-11-11T05:54:19.462+0000] {processor.py:914} INFO - Processing file /home/airflow/.local/lib/python3.12/site-packages/airflow/example_dags/example_dag_decorator.py for tasks to queue
[2024-11-11T05:54:19.463+0000] {logging_mixin.py:190} INFO - [2024-11-11T05:54:19.463+0000] {dagbag.py:588} INFO - Filling up the DagBag from /home/airflow/.local/lib/python3.12/site-packages/airflow/example_dags/example_dag_decorator.py
[2024-11-11T05:54:19.470+0000] {processor.py:925} INFO - DAG(s) 'example_dag_decorator' retrieved from /home/airflow/.local/lib/python3.12/site-packages/airflow/example_dags/example_dag_decorator.py
[2024-11-11T05:54:19.522+0000] {logging_mixin.py:190} INFO - [2024-11-11T05:54:19.522+0000] {dag.py:3239} INFO - Sync 1 DAGs
[2024-11-11T05:54:19.528+0000] {logging_mixin.py:190} INFO - [2024-11-11T05:54:19.528+0000] {dag.py:4180} INFO - Setting next_dagrun for example_dag_decorator to None, run_after=None
[2024-11-11T05:54:19.537+0000] {processor.py:208} INFO - Processing /home/airflow/.local/lib/python3.12/site-packages/airflow/example_dags/example_dag_decorator.py took 0.080 seconds
[2024-11-11T05:54:49.819+0000] {processor.py:186} INFO - Started process (PID=11008) to work on /home/airflow/.local/lib/python3.12/site-packages/airflow/example_dags/example_dag_decorator.py
[2024-11-11T05:54:49.820+0000] {processor.py:914} INFO - Processing file /home/airflow/.local/lib/python3.12/site-packages/airflow/example_dags/example_dag_decorator.py for tasks to queue
[2024-11-11T05:54:49.823+0000] {logging_mixin.py:190} INFO - [2024-11-11T05:54:49.822+0000] {dagbag.py:588} INFO - Filling up the DagBag from /home/airflow/.local/lib/python3.12/site-packages/airflow/example_dags/example_dag_decorator.py
[2024-11-11T05:54:49.833+0000] {processor.py:925} INFO - DAG(s) 'example_dag_decorator' retrieved from /home/airflow/.local/lib/python3.12/site-packages/airflow/example_dags/example_dag_decorator.py
[2024-11-11T05:54:49.892+0000] {logging_mixin.py:190} INFO - [2024-11-11T05:54:49.892+0000] {dag.py:3239} INFO - Sync 1 DAGs
[2024-11-11T05:54:49.898+0000] {logging_mixin.py:190} INFO - [2024-11-11T05:54:49.898+0000] {dag.py:4180} INFO - Setting next_dagrun for example_dag_decorator to None, run_after=None
[2024-11-11T05:54:49.907+0000] {processor.py:208} INFO - Processing /home/airflow/.local/lib/python3.12/site-packages/airflow/example_dags/example_dag_decorator.py took 0.095 seconds
[2024-11-11T05:55:20.307+0000] {processor.py:186} INFO - Started process (PID=11071) to work on /home/airflow/.local/lib/python3.12/site-packages/airflow/example_dags/example_dag_decorator.py
[2024-11-11T05:55:20.308+0000] {processor.py:914} INFO - Processing file /home/airflow/.local/lib/python3.12/site-packages/airflow/example_dags/example_dag_decorator.py for tasks to queue
[2024-11-11T05:55:20.311+0000] {logging_mixin.py:190} INFO - [2024-11-11T05:55:20.311+0000] {dagbag.py:588} INFO - Filling up the DagBag from /home/airflow/.local/lib/python3.12/site-packages/airflow/example_dags/example_dag_decorator.py
[2024-11-11T05:55:20.323+0000] {processor.py:925} INFO - DAG(s) 'example_dag_decorator' retrieved from /home/airflow/.local/lib/python3.12/site-packages/airflow/example_dags/example_dag_decorator.py
[2024-11-11T05:55:20.384+0000] {logging_mixin.py:190} INFO - [2024-11-11T05:55:20.384+0000] {dag.py:3239} INFO - Sync 1 DAGs
[2024-11-11T05:55:20.390+0000] {logging_mixin.py:190} INFO - [2024-11-11T05:55:20.389+0000] {dag.py:4180} INFO - Setting next_dagrun for example_dag_decorator to None, run_after=None
[2024-11-11T05:55:20.398+0000] {processor.py:208} INFO - Processing /home/airflow/.local/lib/python3.12/site-packages/airflow/example_dags/example_dag_decorator.py took 0.099 seconds
[2024-11-11T05:55:50.696+0000] {processor.py:186} INFO - Started process (PID=11134) to work on /home/airflow/.local/lib/python3.12/site-packages/airflow/example_dags/example_dag_decorator.py
[2024-11-11T05:55:50.698+0000] {processor.py:914} INFO - Processing file /home/airflow/.local/lib/python3.12/site-packages/airflow/example_dags/example_dag_decorator.py for tasks to queue
[2024-11-11T05:55:50.701+0000] {logging_mixin.py:190} INFO - [2024-11-11T05:55:50.701+0000] {dagbag.py:588} INFO - Filling up the DagBag from /home/airflow/.local/lib/python3.12/site-packages/airflow/example_dags/example_dag_decorator.py
[2024-11-11T05:55:50.715+0000] {processor.py:925} INFO - DAG(s) 'example_dag_decorator' retrieved from /home/airflow/.local/lib/python3.12/site-packages/airflow/example_dags/example_dag_decorator.py
[2024-11-11T05:55:50.785+0000] {logging_mixin.py:190} INFO - [2024-11-11T05:55:50.785+0000] {dag.py:3239} INFO - Sync 1 DAGs
[2024-11-11T05:55:50.791+0000] {logging_mixin.py:190} INFO - [2024-11-11T05:55:50.791+0000] {dag.py:4180} INFO - Setting next_dagrun for example_dag_decorator to None, run_after=None
[2024-11-11T05:55:50.802+0000] {processor.py:208} INFO - Processing /home/airflow/.local/lib/python3.12/site-packages/airflow/example_dags/example_dag_decorator.py took 0.114 seconds
[2024-11-11T05:56:21.290+0000] {processor.py:186} INFO - Started process (PID=11197) to work on /home/airflow/.local/lib/python3.12/site-packages/airflow/example_dags/example_dag_decorator.py
[2024-11-11T05:56:21.291+0000] {processor.py:914} INFO - Processing file /home/airflow/.local/lib/python3.12/site-packages/airflow/example_dags/example_dag_decorator.py for tasks to queue
[2024-11-11T05:56:21.293+0000] {logging_mixin.py:190} INFO - [2024-11-11T05:56:21.293+0000] {dagbag.py:588} INFO - Filling up the DagBag from /home/airflow/.local/lib/python3.12/site-packages/airflow/example_dags/example_dag_decorator.py
[2024-11-11T05:56:21.304+0000] {processor.py:925} INFO - DAG(s) 'example_dag_decorator' retrieved from /home/airflow/.local/lib/python3.12/site-packages/airflow/example_dags/example_dag_decorator.py
[2024-11-11T05:56:21.378+0000] {logging_mixin.py:190} INFO - [2024-11-11T05:56:21.378+0000] {dag.py:3239} INFO - Sync 1 DAGs
[2024-11-11T05:56:21.385+0000] {logging_mixin.py:190} INFO - [2024-11-11T05:56:21.385+0000] {dag.py:4180} INFO - Setting next_dagrun for example_dag_decorator to None, run_after=None
[2024-11-11T05:56:21.395+0000] {processor.py:208} INFO - Processing /home/airflow/.local/lib/python3.12/site-packages/airflow/example_dags/example_dag_decorator.py took 0.110 seconds
[2024-11-11T05:56:51.643+0000] {processor.py:186} INFO - Started process (PID=11260) to work on /home/airflow/.local/lib/python3.12/site-packages/airflow/example_dags/example_dag_decorator.py
[2024-11-11T05:56:51.644+0000] {processor.py:914} INFO - Processing file /home/airflow/.local/lib/python3.12/site-packages/airflow/example_dags/example_dag_decorator.py for tasks to queue
[2024-11-11T05:56:51.647+0000] {logging_mixin.py:190} INFO - [2024-11-11T05:56:51.646+0000] {dagbag.py:588} INFO - Filling up the DagBag from /home/airflow/.local/lib/python3.12/site-packages/airflow/example_dags/example_dag_decorator.py
[2024-11-11T05:56:51.659+0000] {processor.py:925} INFO - DAG(s) 'example_dag_decorator' retrieved from /home/airflow/.local/lib/python3.12/site-packages/airflow/example_dags/example_dag_decorator.py
[2024-11-11T05:56:51.723+0000] {logging_mixin.py:190} INFO - [2024-11-11T05:56:51.723+0000] {dag.py:3239} INFO - Sync 1 DAGs
[2024-11-11T05:56:51.729+0000] {logging_mixin.py:190} INFO - [2024-11-11T05:56:51.729+0000] {dag.py:4180} INFO - Setting next_dagrun for example_dag_decorator to None, run_after=None
[2024-11-11T05:56:51.738+0000] {processor.py:208} INFO - Processing /home/airflow/.local/lib/python3.12/site-packages/airflow/example_dags/example_dag_decorator.py took 0.102 seconds
