[2024-11-11T02:24:37.654+0000] {processor.py:186} INFO - Started process (PID=60) to work on /home/airflow/.local/lib/python3.12/site-packages/airflow/example_dags/example_local_kubernetes_executor.py
[2024-11-11T02:24:37.655+0000] {processor.py:914} INFO - Processing file /home/airflow/.local/lib/python3.12/site-packages/airflow/example_dags/example_local_kubernetes_executor.py for tasks to queue
[2024-11-11T02:24:37.656+0000] {logging_mixin.py:190} INFO - [2024-11-11T02:24:37.656+0000] {dagbag.py:588} INFO - Filling up the DagBag from /home/airflow/.local/lib/python3.12/site-packages/airflow/example_dags/example_local_kubernetes_executor.py
[2024-11-11T02:24:37.664+0000] {processor.py:925} INFO - DAG(s) 'example_local_kubernetes_executor' retrieved from /home/airflow/.local/lib/python3.12/site-packages/airflow/example_dags/example_local_kubernetes_executor.py
[2024-11-11T02:24:37.735+0000] {logging_mixin.py:190} INFO - [2024-11-11T02:24:37.735+0000] {override.py:1911} INFO - Created Permission View: can edit on DAG:example_local_kubernetes_executor
[2024-11-11T02:24:37.741+0000] {logging_mixin.py:190} INFO - [2024-11-11T02:24:37.740+0000] {override.py:1911} INFO - Created Permission View: can read on DAG:example_local_kubernetes_executor
[2024-11-11T02:24:37.743+0000] {logging_mixin.py:190} INFO - [2024-11-11T02:24:37.743+0000] {override.py:1911} INFO - Created Permission View: can delete on DAG:example_local_kubernetes_executor
[2024-11-11T02:24:37.745+0000] {logging_mixin.py:190} INFO - [2024-11-11T02:24:37.745+0000] {override.py:1911} INFO - Created Permission View: can read on DAG Run:example_local_kubernetes_executor
[2024-11-11T02:24:37.748+0000] {logging_mixin.py:190} INFO - [2024-11-11T02:24:37.747+0000] {override.py:1911} INFO - Created Permission View: can create on DAG Run:example_local_kubernetes_executor
[2024-11-11T02:24:37.751+0000] {logging_mixin.py:190} INFO - [2024-11-11T02:24:37.751+0000] {override.py:1911} INFO - Created Permission View: can delete on DAG Run:example_local_kubernetes_executor
[2024-11-11T02:24:37.754+0000] {logging_mixin.py:190} INFO - [2024-11-11T02:24:37.754+0000] {override.py:1911} INFO - Created Permission View: menu access on DAG Run:example_local_kubernetes_executor
[2024-11-11T02:24:37.755+0000] {logging_mixin.py:190} INFO - [2024-11-11T02:24:37.755+0000] {dag.py:3239} INFO - Sync 1 DAGs
[2024-11-11T02:24:37.761+0000] {logging_mixin.py:190} INFO - [2024-11-11T02:24:37.761+0000] {dag.py:3262} INFO - Creating ORM DAG for example_local_kubernetes_executor
[2024-11-11T02:24:37.762+0000] {logging_mixin.py:190} INFO - [2024-11-11T02:24:37.762+0000] {dag.py:4180} INFO - Setting next_dagrun for example_local_kubernetes_executor to None, run_after=None
[2024-11-11T02:24:37.769+0000] {processor.py:208} INFO - Processing /home/airflow/.local/lib/python3.12/site-packages/airflow/example_dags/example_local_kubernetes_executor.py took 0.119 seconds
[2024-11-11T02:25:08.437+0000] {processor.py:186} INFO - Started process (PID=123) to work on /home/airflow/.local/lib/python3.12/site-packages/airflow/example_dags/example_local_kubernetes_executor.py
[2024-11-11T02:25:08.438+0000] {processor.py:914} INFO - Processing file /home/airflow/.local/lib/python3.12/site-packages/airflow/example_dags/example_local_kubernetes_executor.py for tasks to queue
[2024-11-11T02:25:08.439+0000] {logging_mixin.py:190} INFO - [2024-11-11T02:25:08.439+0000] {dagbag.py:588} INFO - Filling up the DagBag from /home/airflow/.local/lib/python3.12/site-packages/airflow/example_dags/example_local_kubernetes_executor.py
[2024-11-11T02:25:08.445+0000] {processor.py:925} INFO - DAG(s) 'example_local_kubernetes_executor' retrieved from /home/airflow/.local/lib/python3.12/site-packages/airflow/example_dags/example_local_kubernetes_executor.py
[2024-11-11T02:25:08.464+0000] {logging_mixin.py:190} INFO - [2024-11-11T02:25:08.464+0000] {dag.py:3239} INFO - Sync 1 DAGs
[2024-11-11T02:25:08.471+0000] {logging_mixin.py:190} INFO - [2024-11-11T02:25:08.471+0000] {dag.py:4180} INFO - Setting next_dagrun for example_local_kubernetes_executor to None, run_after=None
[2024-11-11T02:25:08.479+0000] {processor.py:208} INFO - Processing /home/airflow/.local/lib/python3.12/site-packages/airflow/example_dags/example_local_kubernetes_executor.py took 0.047 seconds
[2024-11-11T02:25:39.225+0000] {processor.py:186} INFO - Started process (PID=186) to work on /home/airflow/.local/lib/python3.12/site-packages/airflow/example_dags/example_local_kubernetes_executor.py
[2024-11-11T02:25:39.225+0000] {processor.py:914} INFO - Processing file /home/airflow/.local/lib/python3.12/site-packages/airflow/example_dags/example_local_kubernetes_executor.py for tasks to queue
[2024-11-11T02:25:39.227+0000] {logging_mixin.py:190} INFO - [2024-11-11T02:25:39.226+0000] {dagbag.py:588} INFO - Filling up the DagBag from /home/airflow/.local/lib/python3.12/site-packages/airflow/example_dags/example_local_kubernetes_executor.py
[2024-11-11T02:25:39.233+0000] {processor.py:925} INFO - DAG(s) 'example_local_kubernetes_executor' retrieved from /home/airflow/.local/lib/python3.12/site-packages/airflow/example_dags/example_local_kubernetes_executor.py
[2024-11-11T02:25:39.248+0000] {logging_mixin.py:190} INFO - [2024-11-11T02:25:39.248+0000] {dag.py:3239} INFO - Sync 1 DAGs
[2024-11-11T02:25:39.255+0000] {logging_mixin.py:190} INFO - [2024-11-11T02:25:39.255+0000] {dag.py:4180} INFO - Setting next_dagrun for example_local_kubernetes_executor to None, run_after=None
[2024-11-11T02:25:39.263+0000] {processor.py:208} INFO - Processing /home/airflow/.local/lib/python3.12/site-packages/airflow/example_dags/example_local_kubernetes_executor.py took 0.042 seconds
[2024-11-11T02:26:09.841+0000] {processor.py:186} INFO - Started process (PID=249) to work on /home/airflow/.local/lib/python3.12/site-packages/airflow/example_dags/example_local_kubernetes_executor.py
[2024-11-11T02:26:09.841+0000] {processor.py:914} INFO - Processing file /home/airflow/.local/lib/python3.12/site-packages/airflow/example_dags/example_local_kubernetes_executor.py for tasks to queue
[2024-11-11T02:26:09.843+0000] {logging_mixin.py:190} INFO - [2024-11-11T02:26:09.843+0000] {dagbag.py:588} INFO - Filling up the DagBag from /home/airflow/.local/lib/python3.12/site-packages/airflow/example_dags/example_local_kubernetes_executor.py
[2024-11-11T02:26:09.848+0000] {processor.py:925} INFO - DAG(s) 'example_local_kubernetes_executor' retrieved from /home/airflow/.local/lib/python3.12/site-packages/airflow/example_dags/example_local_kubernetes_executor.py
[2024-11-11T02:26:09.864+0000] {logging_mixin.py:190} INFO - [2024-11-11T02:26:09.864+0000] {dag.py:3239} INFO - Sync 1 DAGs
[2024-11-11T02:26:09.870+0000] {logging_mixin.py:190} INFO - [2024-11-11T02:26:09.870+0000] {dag.py:4180} INFO - Setting next_dagrun for example_local_kubernetes_executor to None, run_after=None
[2024-11-11T02:26:09.878+0000] {processor.py:208} INFO - Processing /home/airflow/.local/lib/python3.12/site-packages/airflow/example_dags/example_local_kubernetes_executor.py took 0.041 seconds
[2024-11-11T02:26:40.456+0000] {processor.py:186} INFO - Started process (PID=312) to work on /home/airflow/.local/lib/python3.12/site-packages/airflow/example_dags/example_local_kubernetes_executor.py
[2024-11-11T02:26:40.456+0000] {processor.py:914} INFO - Processing file /home/airflow/.local/lib/python3.12/site-packages/airflow/example_dags/example_local_kubernetes_executor.py for tasks to queue
[2024-11-11T02:26:40.458+0000] {logging_mixin.py:190} INFO - [2024-11-11T02:26:40.457+0000] {dagbag.py:588} INFO - Filling up the DagBag from /home/airflow/.local/lib/python3.12/site-packages/airflow/example_dags/example_local_kubernetes_executor.py
[2024-11-11T02:26:40.463+0000] {processor.py:925} INFO - DAG(s) 'example_local_kubernetes_executor' retrieved from /home/airflow/.local/lib/python3.12/site-packages/airflow/example_dags/example_local_kubernetes_executor.py
[2024-11-11T02:26:40.479+0000] {logging_mixin.py:190} INFO - [2024-11-11T02:26:40.479+0000] {dag.py:3239} INFO - Sync 1 DAGs
[2024-11-11T02:26:40.486+0000] {logging_mixin.py:190} INFO - [2024-11-11T02:26:40.486+0000] {dag.py:4180} INFO - Setting next_dagrun for example_local_kubernetes_executor to None, run_after=None
[2024-11-11T02:26:40.494+0000] {processor.py:208} INFO - Processing /home/airflow/.local/lib/python3.12/site-packages/airflow/example_dags/example_local_kubernetes_executor.py took 0.042 seconds
[2024-11-11T02:27:11.053+0000] {processor.py:186} INFO - Started process (PID=375) to work on /home/airflow/.local/lib/python3.12/site-packages/airflow/example_dags/example_local_kubernetes_executor.py
[2024-11-11T02:27:11.054+0000] {processor.py:914} INFO - Processing file /home/airflow/.local/lib/python3.12/site-packages/airflow/example_dags/example_local_kubernetes_executor.py for tasks to queue
[2024-11-11T02:27:11.055+0000] {logging_mixin.py:190} INFO - [2024-11-11T02:27:11.055+0000] {dagbag.py:588} INFO - Filling up the DagBag from /home/airflow/.local/lib/python3.12/site-packages/airflow/example_dags/example_local_kubernetes_executor.py
[2024-11-11T02:27:11.060+0000] {processor.py:925} INFO - DAG(s) 'example_local_kubernetes_executor' retrieved from /home/airflow/.local/lib/python3.12/site-packages/airflow/example_dags/example_local_kubernetes_executor.py
[2024-11-11T02:27:11.076+0000] {logging_mixin.py:190} INFO - [2024-11-11T02:27:11.076+0000] {dag.py:3239} INFO - Sync 1 DAGs
[2024-11-11T02:27:11.082+0000] {logging_mixin.py:190} INFO - [2024-11-11T02:27:11.082+0000] {dag.py:4180} INFO - Setting next_dagrun for example_local_kubernetes_executor to None, run_after=None
[2024-11-11T02:27:11.091+0000] {processor.py:208} INFO - Processing /home/airflow/.local/lib/python3.12/site-packages/airflow/example_dags/example_local_kubernetes_executor.py took 0.041 seconds
[2024-11-11T02:27:41.656+0000] {processor.py:186} INFO - Started process (PID=438) to work on /home/airflow/.local/lib/python3.12/site-packages/airflow/example_dags/example_local_kubernetes_executor.py
[2024-11-11T02:27:41.657+0000] {processor.py:914} INFO - Processing file /home/airflow/.local/lib/python3.12/site-packages/airflow/example_dags/example_local_kubernetes_executor.py for tasks to queue
[2024-11-11T02:27:41.658+0000] {logging_mixin.py:190} INFO - [2024-11-11T02:27:41.658+0000] {dagbag.py:588} INFO - Filling up the DagBag from /home/airflow/.local/lib/python3.12/site-packages/airflow/example_dags/example_local_kubernetes_executor.py
[2024-11-11T02:27:41.663+0000] {processor.py:925} INFO - DAG(s) 'example_local_kubernetes_executor' retrieved from /home/airflow/.local/lib/python3.12/site-packages/airflow/example_dags/example_local_kubernetes_executor.py
[2024-11-11T02:27:41.679+0000] {logging_mixin.py:190} INFO - [2024-11-11T02:27:41.679+0000] {dag.py:3239} INFO - Sync 1 DAGs
[2024-11-11T02:27:41.685+0000] {logging_mixin.py:190} INFO - [2024-11-11T02:27:41.685+0000] {dag.py:4180} INFO - Setting next_dagrun for example_local_kubernetes_executor to None, run_after=None
[2024-11-11T02:27:41.693+0000] {processor.py:208} INFO - Processing /home/airflow/.local/lib/python3.12/site-packages/airflow/example_dags/example_local_kubernetes_executor.py took 0.041 seconds
[2024-11-11T02:28:12.295+0000] {processor.py:186} INFO - Started process (PID=501) to work on /home/airflow/.local/lib/python3.12/site-packages/airflow/example_dags/example_local_kubernetes_executor.py
[2024-11-11T02:28:12.295+0000] {processor.py:914} INFO - Processing file /home/airflow/.local/lib/python3.12/site-packages/airflow/example_dags/example_local_kubernetes_executor.py for tasks to queue
[2024-11-11T02:28:12.297+0000] {logging_mixin.py:190} INFO - [2024-11-11T02:28:12.297+0000] {dagbag.py:588} INFO - Filling up the DagBag from /home/airflow/.local/lib/python3.12/site-packages/airflow/example_dags/example_local_kubernetes_executor.py
[2024-11-11T02:28:12.302+0000] {processor.py:925} INFO - DAG(s) 'example_local_kubernetes_executor' retrieved from /home/airflow/.local/lib/python3.12/site-packages/airflow/example_dags/example_local_kubernetes_executor.py
[2024-11-11T02:28:12.319+0000] {logging_mixin.py:190} INFO - [2024-11-11T02:28:12.319+0000] {dag.py:3239} INFO - Sync 1 DAGs
[2024-11-11T02:28:12.325+0000] {logging_mixin.py:190} INFO - [2024-11-11T02:28:12.325+0000] {dag.py:4180} INFO - Setting next_dagrun for example_local_kubernetes_executor to None, run_after=None
[2024-11-11T02:28:12.334+0000] {processor.py:208} INFO - Processing /home/airflow/.local/lib/python3.12/site-packages/airflow/example_dags/example_local_kubernetes_executor.py took 0.042 seconds
[2024-11-11T02:28:42.924+0000] {processor.py:186} INFO - Started process (PID=564) to work on /home/airflow/.local/lib/python3.12/site-packages/airflow/example_dags/example_local_kubernetes_executor.py
[2024-11-11T02:28:42.924+0000] {processor.py:914} INFO - Processing file /home/airflow/.local/lib/python3.12/site-packages/airflow/example_dags/example_local_kubernetes_executor.py for tasks to queue
[2024-11-11T02:28:42.926+0000] {logging_mixin.py:190} INFO - [2024-11-11T02:28:42.925+0000] {dagbag.py:588} INFO - Filling up the DagBag from /home/airflow/.local/lib/python3.12/site-packages/airflow/example_dags/example_local_kubernetes_executor.py
[2024-11-11T02:28:42.931+0000] {processor.py:925} INFO - DAG(s) 'example_local_kubernetes_executor' retrieved from /home/airflow/.local/lib/python3.12/site-packages/airflow/example_dags/example_local_kubernetes_executor.py
[2024-11-11T02:28:42.947+0000] {logging_mixin.py:190} INFO - [2024-11-11T02:28:42.947+0000] {dag.py:3239} INFO - Sync 1 DAGs
[2024-11-11T02:28:42.953+0000] {logging_mixin.py:190} INFO - [2024-11-11T02:28:42.953+0000] {dag.py:4180} INFO - Setting next_dagrun for example_local_kubernetes_executor to None, run_after=None
[2024-11-11T02:28:42.961+0000] {processor.py:208} INFO - Processing /home/airflow/.local/lib/python3.12/site-packages/airflow/example_dags/example_local_kubernetes_executor.py took 0.041 seconds
[2024-11-11T02:29:13.540+0000] {processor.py:186} INFO - Started process (PID=627) to work on /home/airflow/.local/lib/python3.12/site-packages/airflow/example_dags/example_local_kubernetes_executor.py
[2024-11-11T02:29:13.541+0000] {processor.py:914} INFO - Processing file /home/airflow/.local/lib/python3.12/site-packages/airflow/example_dags/example_local_kubernetes_executor.py for tasks to queue
[2024-11-11T02:29:13.542+0000] {logging_mixin.py:190} INFO - [2024-11-11T02:29:13.542+0000] {dagbag.py:588} INFO - Filling up the DagBag from /home/airflow/.local/lib/python3.12/site-packages/airflow/example_dags/example_local_kubernetes_executor.py
[2024-11-11T02:29:13.547+0000] {processor.py:925} INFO - DAG(s) 'example_local_kubernetes_executor' retrieved from /home/airflow/.local/lib/python3.12/site-packages/airflow/example_dags/example_local_kubernetes_executor.py
[2024-11-11T02:29:13.563+0000] {logging_mixin.py:190} INFO - [2024-11-11T02:29:13.563+0000] {dag.py:3239} INFO - Sync 1 DAGs
[2024-11-11T02:29:13.570+0000] {logging_mixin.py:190} INFO - [2024-11-11T02:29:13.570+0000] {dag.py:4180} INFO - Setting next_dagrun for example_local_kubernetes_executor to None, run_after=None
[2024-11-11T02:29:13.578+0000] {processor.py:208} INFO - Processing /home/airflow/.local/lib/python3.12/site-packages/airflow/example_dags/example_local_kubernetes_executor.py took 0.041 seconds
[2024-11-11T02:29:44.275+0000] {processor.py:186} INFO - Started process (PID=690) to work on /home/airflow/.local/lib/python3.12/site-packages/airflow/example_dags/example_local_kubernetes_executor.py
[2024-11-11T02:29:44.276+0000] {processor.py:914} INFO - Processing file /home/airflow/.local/lib/python3.12/site-packages/airflow/example_dags/example_local_kubernetes_executor.py for tasks to queue
[2024-11-11T02:29:44.277+0000] {logging_mixin.py:190} INFO - [2024-11-11T02:29:44.277+0000] {dagbag.py:588} INFO - Filling up the DagBag from /home/airflow/.local/lib/python3.12/site-packages/airflow/example_dags/example_local_kubernetes_executor.py
[2024-11-11T02:29:44.283+0000] {processor.py:925} INFO - DAG(s) 'example_local_kubernetes_executor' retrieved from /home/airflow/.local/lib/python3.12/site-packages/airflow/example_dags/example_local_kubernetes_executor.py
[2024-11-11T02:29:44.300+0000] {logging_mixin.py:190} INFO - [2024-11-11T02:29:44.300+0000] {dag.py:3239} INFO - Sync 1 DAGs
[2024-11-11T02:29:44.358+0000] {logging_mixin.py:190} INFO - [2024-11-11T02:29:44.358+0000] {dag.py:4180} INFO - Setting next_dagrun for example_local_kubernetes_executor to None, run_after=None
[2024-11-11T02:29:44.372+0000] {processor.py:208} INFO - Processing /home/airflow/.local/lib/python3.12/site-packages/airflow/example_dags/example_local_kubernetes_executor.py took 0.101 seconds
[2024-11-11T02:30:14.972+0000] {processor.py:186} INFO - Started process (PID=752) to work on /home/airflow/.local/lib/python3.12/site-packages/airflow/example_dags/example_local_kubernetes_executor.py
[2024-11-11T02:30:14.973+0000] {processor.py:914} INFO - Processing file /home/airflow/.local/lib/python3.12/site-packages/airflow/example_dags/example_local_kubernetes_executor.py for tasks to queue
[2024-11-11T02:30:14.974+0000] {logging_mixin.py:190} INFO - [2024-11-11T02:30:14.974+0000] {dagbag.py:588} INFO - Filling up the DagBag from /home/airflow/.local/lib/python3.12/site-packages/airflow/example_dags/example_local_kubernetes_executor.py
[2024-11-11T02:30:14.979+0000] {processor.py:925} INFO - DAG(s) 'example_local_kubernetes_executor' retrieved from /home/airflow/.local/lib/python3.12/site-packages/airflow/example_dags/example_local_kubernetes_executor.py
[2024-11-11T02:30:14.998+0000] {logging_mixin.py:190} INFO - [2024-11-11T02:30:14.998+0000] {dag.py:3239} INFO - Sync 1 DAGs
[2024-11-11T02:30:15.005+0000] {logging_mixin.py:190} INFO - [2024-11-11T02:30:15.004+0000] {dag.py:4180} INFO - Setting next_dagrun for example_local_kubernetes_executor to None, run_after=None
[2024-11-11T02:30:15.016+0000] {processor.py:208} INFO - Processing /home/airflow/.local/lib/python3.12/site-packages/airflow/example_dags/example_local_kubernetes_executor.py took 0.047 seconds
[2024-11-11T02:30:45.712+0000] {processor.py:186} INFO - Started process (PID=815) to work on /home/airflow/.local/lib/python3.12/site-packages/airflow/example_dags/example_local_kubernetes_executor.py
[2024-11-11T02:30:45.713+0000] {processor.py:914} INFO - Processing file /home/airflow/.local/lib/python3.12/site-packages/airflow/example_dags/example_local_kubernetes_executor.py for tasks to queue
[2024-11-11T02:30:45.715+0000] {logging_mixin.py:190} INFO - [2024-11-11T02:30:45.714+0000] {dagbag.py:588} INFO - Filling up the DagBag from /home/airflow/.local/lib/python3.12/site-packages/airflow/example_dags/example_local_kubernetes_executor.py
[2024-11-11T02:30:45.721+0000] {processor.py:925} INFO - DAG(s) 'example_local_kubernetes_executor' retrieved from /home/airflow/.local/lib/python3.12/site-packages/airflow/example_dags/example_local_kubernetes_executor.py
[2024-11-11T02:30:45.738+0000] {logging_mixin.py:190} INFO - [2024-11-11T02:30:45.738+0000] {dag.py:3239} INFO - Sync 1 DAGs
[2024-11-11T02:30:45.745+0000] {logging_mixin.py:190} INFO - [2024-11-11T02:30:45.745+0000] {dag.py:4180} INFO - Setting next_dagrun for example_local_kubernetes_executor to None, run_after=None
[2024-11-11T02:30:45.754+0000] {processor.py:208} INFO - Processing /home/airflow/.local/lib/python3.12/site-packages/airflow/example_dags/example_local_kubernetes_executor.py took 0.046 seconds
[2024-11-11T02:31:16.248+0000] {processor.py:186} INFO - Started process (PID=887) to work on /home/airflow/.local/lib/python3.12/site-packages/airflow/example_dags/example_local_kubernetes_executor.py
[2024-11-11T02:31:16.249+0000] {processor.py:914} INFO - Processing file /home/airflow/.local/lib/python3.12/site-packages/airflow/example_dags/example_local_kubernetes_executor.py for tasks to queue
[2024-11-11T02:31:16.250+0000] {logging_mixin.py:190} INFO - [2024-11-11T02:31:16.250+0000] {dagbag.py:588} INFO - Filling up the DagBag from /home/airflow/.local/lib/python3.12/site-packages/airflow/example_dags/example_local_kubernetes_executor.py
[2024-11-11T02:31:16.256+0000] {processor.py:925} INFO - DAG(s) 'example_local_kubernetes_executor' retrieved from /home/airflow/.local/lib/python3.12/site-packages/airflow/example_dags/example_local_kubernetes_executor.py
[2024-11-11T02:31:16.272+0000] {logging_mixin.py:190} INFO - [2024-11-11T02:31:16.272+0000] {dag.py:3239} INFO - Sync 1 DAGs
[2024-11-11T02:31:16.280+0000] {logging_mixin.py:190} INFO - [2024-11-11T02:31:16.280+0000] {dag.py:4180} INFO - Setting next_dagrun for example_local_kubernetes_executor to None, run_after=None
[2024-11-11T02:31:16.288+0000] {processor.py:208} INFO - Processing /home/airflow/.local/lib/python3.12/site-packages/airflow/example_dags/example_local_kubernetes_executor.py took 0.044 seconds
[2024-11-11T02:31:46.928+0000] {processor.py:186} INFO - Started process (PID=950) to work on /home/airflow/.local/lib/python3.12/site-packages/airflow/example_dags/example_local_kubernetes_executor.py
[2024-11-11T02:31:46.928+0000] {processor.py:914} INFO - Processing file /home/airflow/.local/lib/python3.12/site-packages/airflow/example_dags/example_local_kubernetes_executor.py for tasks to queue
[2024-11-11T02:31:46.930+0000] {logging_mixin.py:190} INFO - [2024-11-11T02:31:46.930+0000] {dagbag.py:588} INFO - Filling up the DagBag from /home/airflow/.local/lib/python3.12/site-packages/airflow/example_dags/example_local_kubernetes_executor.py
[2024-11-11T02:31:46.936+0000] {processor.py:925} INFO - DAG(s) 'example_local_kubernetes_executor' retrieved from /home/airflow/.local/lib/python3.12/site-packages/airflow/example_dags/example_local_kubernetes_executor.py
[2024-11-11T02:31:46.952+0000] {logging_mixin.py:190} INFO - [2024-11-11T02:31:46.952+0000] {dag.py:3239} INFO - Sync 1 DAGs
[2024-11-11T02:31:46.959+0000] {logging_mixin.py:190} INFO - [2024-11-11T02:31:46.959+0000] {dag.py:4180} INFO - Setting next_dagrun for example_local_kubernetes_executor to None, run_after=None
[2024-11-11T02:31:46.967+0000] {processor.py:208} INFO - Processing /home/airflow/.local/lib/python3.12/site-packages/airflow/example_dags/example_local_kubernetes_executor.py took 0.043 seconds
[2024-11-11T02:32:17.582+0000] {processor.py:186} INFO - Started process (PID=1012) to work on /home/airflow/.local/lib/python3.12/site-packages/airflow/example_dags/example_local_kubernetes_executor.py
[2024-11-11T02:32:17.583+0000] {processor.py:914} INFO - Processing file /home/airflow/.local/lib/python3.12/site-packages/airflow/example_dags/example_local_kubernetes_executor.py for tasks to queue
[2024-11-11T02:32:17.585+0000] {logging_mixin.py:190} INFO - [2024-11-11T02:32:17.584+0000] {dagbag.py:588} INFO - Filling up the DagBag from /home/airflow/.local/lib/python3.12/site-packages/airflow/example_dags/example_local_kubernetes_executor.py
[2024-11-11T02:32:17.590+0000] {processor.py:925} INFO - DAG(s) 'example_local_kubernetes_executor' retrieved from /home/airflow/.local/lib/python3.12/site-packages/airflow/example_dags/example_local_kubernetes_executor.py
[2024-11-11T02:32:17.607+0000] {logging_mixin.py:190} INFO - [2024-11-11T02:32:17.607+0000] {dag.py:3239} INFO - Sync 1 DAGs
[2024-11-11T02:32:17.614+0000] {logging_mixin.py:190} INFO - [2024-11-11T02:32:17.614+0000] {dag.py:4180} INFO - Setting next_dagrun for example_local_kubernetes_executor to None, run_after=None
[2024-11-11T02:32:17.622+0000] {processor.py:208} INFO - Processing /home/airflow/.local/lib/python3.12/site-packages/airflow/example_dags/example_local_kubernetes_executor.py took 0.043 seconds
[2024-11-11T02:32:48.295+0000] {processor.py:186} INFO - Started process (PID=1074) to work on /home/airflow/.local/lib/python3.12/site-packages/airflow/example_dags/example_local_kubernetes_executor.py
[2024-11-11T02:32:48.295+0000] {processor.py:914} INFO - Processing file /home/airflow/.local/lib/python3.12/site-packages/airflow/example_dags/example_local_kubernetes_executor.py for tasks to queue
[2024-11-11T02:32:48.297+0000] {logging_mixin.py:190} INFO - [2024-11-11T02:32:48.297+0000] {dagbag.py:588} INFO - Filling up the DagBag from /home/airflow/.local/lib/python3.12/site-packages/airflow/example_dags/example_local_kubernetes_executor.py
[2024-11-11T02:32:48.303+0000] {processor.py:925} INFO - DAG(s) 'example_local_kubernetes_executor' retrieved from /home/airflow/.local/lib/python3.12/site-packages/airflow/example_dags/example_local_kubernetes_executor.py
[2024-11-11T02:32:48.320+0000] {logging_mixin.py:190} INFO - [2024-11-11T02:32:48.320+0000] {dag.py:3239} INFO - Sync 1 DAGs
[2024-11-11T02:32:48.326+0000] {logging_mixin.py:190} INFO - [2024-11-11T02:32:48.326+0000] {dag.py:4180} INFO - Setting next_dagrun for example_local_kubernetes_executor to None, run_after=None
[2024-11-11T02:32:48.334+0000] {processor.py:208} INFO - Processing /home/airflow/.local/lib/python3.12/site-packages/airflow/example_dags/example_local_kubernetes_executor.py took 0.043 seconds
[2024-11-11T02:33:18.936+0000] {processor.py:186} INFO - Started process (PID=1137) to work on /home/airflow/.local/lib/python3.12/site-packages/airflow/example_dags/example_local_kubernetes_executor.py
[2024-11-11T02:33:18.936+0000] {processor.py:914} INFO - Processing file /home/airflow/.local/lib/python3.12/site-packages/airflow/example_dags/example_local_kubernetes_executor.py for tasks to queue
[2024-11-11T02:33:18.938+0000] {logging_mixin.py:190} INFO - [2024-11-11T02:33:18.938+0000] {dagbag.py:588} INFO - Filling up the DagBag from /home/airflow/.local/lib/python3.12/site-packages/airflow/example_dags/example_local_kubernetes_executor.py
[2024-11-11T02:33:18.944+0000] {processor.py:925} INFO - DAG(s) 'example_local_kubernetes_executor' retrieved from /home/airflow/.local/lib/python3.12/site-packages/airflow/example_dags/example_local_kubernetes_executor.py
[2024-11-11T02:33:18.961+0000] {logging_mixin.py:190} INFO - [2024-11-11T02:33:18.960+0000] {dag.py:3239} INFO - Sync 1 DAGs
[2024-11-11T02:33:18.968+0000] {logging_mixin.py:190} INFO - [2024-11-11T02:33:18.968+0000] {dag.py:4180} INFO - Setting next_dagrun for example_local_kubernetes_executor to None, run_after=None
[2024-11-11T02:33:18.976+0000] {processor.py:208} INFO - Processing /home/airflow/.local/lib/python3.12/site-packages/airflow/example_dags/example_local_kubernetes_executor.py took 0.044 seconds
[2024-11-11T02:33:49.614+0000] {processor.py:186} INFO - Started process (PID=1200) to work on /home/airflow/.local/lib/python3.12/site-packages/airflow/example_dags/example_local_kubernetes_executor.py
[2024-11-11T02:33:49.615+0000] {processor.py:914} INFO - Processing file /home/airflow/.local/lib/python3.12/site-packages/airflow/example_dags/example_local_kubernetes_executor.py for tasks to queue
[2024-11-11T02:33:49.617+0000] {logging_mixin.py:190} INFO - [2024-11-11T02:33:49.617+0000] {dagbag.py:588} INFO - Filling up the DagBag from /home/airflow/.local/lib/python3.12/site-packages/airflow/example_dags/example_local_kubernetes_executor.py
[2024-11-11T02:33:49.623+0000] {processor.py:925} INFO - DAG(s) 'example_local_kubernetes_executor' retrieved from /home/airflow/.local/lib/python3.12/site-packages/airflow/example_dags/example_local_kubernetes_executor.py
[2024-11-11T02:33:49.643+0000] {logging_mixin.py:190} INFO - [2024-11-11T02:33:49.642+0000] {dag.py:3239} INFO - Sync 1 DAGs
[2024-11-11T02:33:49.651+0000] {logging_mixin.py:190} INFO - [2024-11-11T02:33:49.650+0000] {dag.py:4180} INFO - Setting next_dagrun for example_local_kubernetes_executor to None, run_after=None
[2024-11-11T02:33:49.661+0000] {processor.py:208} INFO - Processing /home/airflow/.local/lib/python3.12/site-packages/airflow/example_dags/example_local_kubernetes_executor.py took 0.051 seconds
[2024-11-11T02:34:20.230+0000] {processor.py:186} INFO - Started process (PID=1263) to work on /home/airflow/.local/lib/python3.12/site-packages/airflow/example_dags/example_local_kubernetes_executor.py
[2024-11-11T02:34:20.231+0000] {processor.py:914} INFO - Processing file /home/airflow/.local/lib/python3.12/site-packages/airflow/example_dags/example_local_kubernetes_executor.py for tasks to queue
[2024-11-11T02:34:20.233+0000] {logging_mixin.py:190} INFO - [2024-11-11T02:34:20.233+0000] {dagbag.py:588} INFO - Filling up the DagBag from /home/airflow/.local/lib/python3.12/site-packages/airflow/example_dags/example_local_kubernetes_executor.py
[2024-11-11T02:34:20.239+0000] {processor.py:925} INFO - DAG(s) 'example_local_kubernetes_executor' retrieved from /home/airflow/.local/lib/python3.12/site-packages/airflow/example_dags/example_local_kubernetes_executor.py
[2024-11-11T02:34:20.256+0000] {logging_mixin.py:190} INFO - [2024-11-11T02:34:20.256+0000] {dag.py:3239} INFO - Sync 1 DAGs
[2024-11-11T02:34:20.263+0000] {logging_mixin.py:190} INFO - [2024-11-11T02:34:20.263+0000] {dag.py:4180} INFO - Setting next_dagrun for example_local_kubernetes_executor to None, run_after=None
[2024-11-11T02:34:20.272+0000] {processor.py:208} INFO - Processing /home/airflow/.local/lib/python3.12/site-packages/airflow/example_dags/example_local_kubernetes_executor.py took 0.045 seconds
[2024-11-11T02:34:50.966+0000] {processor.py:186} INFO - Started process (PID=1326) to work on /home/airflow/.local/lib/python3.12/site-packages/airflow/example_dags/example_local_kubernetes_executor.py
[2024-11-11T02:34:50.966+0000] {processor.py:914} INFO - Processing file /home/airflow/.local/lib/python3.12/site-packages/airflow/example_dags/example_local_kubernetes_executor.py for tasks to queue
[2024-11-11T02:34:50.968+0000] {logging_mixin.py:190} INFO - [2024-11-11T02:34:50.968+0000] {dagbag.py:588} INFO - Filling up the DagBag from /home/airflow/.local/lib/python3.12/site-packages/airflow/example_dags/example_local_kubernetes_executor.py
[2024-11-11T02:34:50.974+0000] {processor.py:925} INFO - DAG(s) 'example_local_kubernetes_executor' retrieved from /home/airflow/.local/lib/python3.12/site-packages/airflow/example_dags/example_local_kubernetes_executor.py
[2024-11-11T02:34:50.993+0000] {logging_mixin.py:190} INFO - [2024-11-11T02:34:50.992+0000] {dag.py:3239} INFO - Sync 1 DAGs
[2024-11-11T02:34:50.999+0000] {logging_mixin.py:190} INFO - [2024-11-11T02:34:50.999+0000] {dag.py:4180} INFO - Setting next_dagrun for example_local_kubernetes_executor to None, run_after=None
[2024-11-11T02:34:51.007+0000] {processor.py:208} INFO - Processing /home/airflow/.local/lib/python3.12/site-packages/airflow/example_dags/example_local_kubernetes_executor.py took 0.045 seconds
[2024-11-11T02:35:21.951+0000] {processor.py:186} INFO - Started process (PID=1389) to work on /home/airflow/.local/lib/python3.12/site-packages/airflow/example_dags/example_local_kubernetes_executor.py
[2024-11-11T02:35:21.952+0000] {processor.py:914} INFO - Processing file /home/airflow/.local/lib/python3.12/site-packages/airflow/example_dags/example_local_kubernetes_executor.py for tasks to queue
[2024-11-11T02:35:21.954+0000] {logging_mixin.py:190} INFO - [2024-11-11T02:35:21.954+0000] {dagbag.py:588} INFO - Filling up the DagBag from /home/airflow/.local/lib/python3.12/site-packages/airflow/example_dags/example_local_kubernetes_executor.py
[2024-11-11T02:35:21.960+0000] {processor.py:925} INFO - DAG(s) 'example_local_kubernetes_executor' retrieved from /home/airflow/.local/lib/python3.12/site-packages/airflow/example_dags/example_local_kubernetes_executor.py
[2024-11-11T02:35:21.977+0000] {logging_mixin.py:190} INFO - [2024-11-11T02:35:21.977+0000] {dag.py:3239} INFO - Sync 1 DAGs
[2024-11-11T02:35:21.985+0000] {logging_mixin.py:190} INFO - [2024-11-11T02:35:21.985+0000] {dag.py:4180} INFO - Setting next_dagrun for example_local_kubernetes_executor to None, run_after=None
[2024-11-11T02:35:21.994+0000] {processor.py:208} INFO - Processing /home/airflow/.local/lib/python3.12/site-packages/airflow/example_dags/example_local_kubernetes_executor.py took 0.046 seconds
[2024-11-11T02:35:52.648+0000] {processor.py:186} INFO - Started process (PID=1452) to work on /home/airflow/.local/lib/python3.12/site-packages/airflow/example_dags/example_local_kubernetes_executor.py
[2024-11-11T02:35:52.649+0000] {processor.py:914} INFO - Processing file /home/airflow/.local/lib/python3.12/site-packages/airflow/example_dags/example_local_kubernetes_executor.py for tasks to queue
[2024-11-11T02:35:52.651+0000] {logging_mixin.py:190} INFO - [2024-11-11T02:35:52.650+0000] {dagbag.py:588} INFO - Filling up the DagBag from /home/airflow/.local/lib/python3.12/site-packages/airflow/example_dags/example_local_kubernetes_executor.py
[2024-11-11T02:35:52.657+0000] {processor.py:925} INFO - DAG(s) 'example_local_kubernetes_executor' retrieved from /home/airflow/.local/lib/python3.12/site-packages/airflow/example_dags/example_local_kubernetes_executor.py
[2024-11-11T02:35:52.675+0000] {logging_mixin.py:190} INFO - [2024-11-11T02:35:52.674+0000] {dag.py:3239} INFO - Sync 1 DAGs
[2024-11-11T02:35:52.682+0000] {logging_mixin.py:190} INFO - [2024-11-11T02:35:52.682+0000] {dag.py:4180} INFO - Setting next_dagrun for example_local_kubernetes_executor to None, run_after=None
[2024-11-11T02:35:52.691+0000] {processor.py:208} INFO - Processing /home/airflow/.local/lib/python3.12/site-packages/airflow/example_dags/example_local_kubernetes_executor.py took 0.047 seconds
[2024-11-11T02:36:23.319+0000] {processor.py:186} INFO - Started process (PID=1515) to work on /home/airflow/.local/lib/python3.12/site-packages/airflow/example_dags/example_local_kubernetes_executor.py
[2024-11-11T02:36:23.320+0000] {processor.py:914} INFO - Processing file /home/airflow/.local/lib/python3.12/site-packages/airflow/example_dags/example_local_kubernetes_executor.py for tasks to queue
[2024-11-11T02:36:23.321+0000] {logging_mixin.py:190} INFO - [2024-11-11T02:36:23.321+0000] {dagbag.py:588} INFO - Filling up the DagBag from /home/airflow/.local/lib/python3.12/site-packages/airflow/example_dags/example_local_kubernetes_executor.py
[2024-11-11T02:36:23.328+0000] {processor.py:925} INFO - DAG(s) 'example_local_kubernetes_executor' retrieved from /home/airflow/.local/lib/python3.12/site-packages/airflow/example_dags/example_local_kubernetes_executor.py
[2024-11-11T02:36:23.345+0000] {logging_mixin.py:190} INFO - [2024-11-11T02:36:23.345+0000] {dag.py:3239} INFO - Sync 1 DAGs
[2024-11-11T02:36:23.353+0000] {logging_mixin.py:190} INFO - [2024-11-11T02:36:23.352+0000] {dag.py:4180} INFO - Setting next_dagrun for example_local_kubernetes_executor to None, run_after=None
[2024-11-11T02:36:23.362+0000] {processor.py:208} INFO - Processing /home/airflow/.local/lib/python3.12/site-packages/airflow/example_dags/example_local_kubernetes_executor.py took 0.047 seconds
[2024-11-11T02:36:54.056+0000] {processor.py:186} INFO - Started process (PID=1584) to work on /home/airflow/.local/lib/python3.12/site-packages/airflow/example_dags/example_local_kubernetes_executor.py
[2024-11-11T02:36:54.057+0000] {processor.py:914} INFO - Processing file /home/airflow/.local/lib/python3.12/site-packages/airflow/example_dags/example_local_kubernetes_executor.py for tasks to queue
[2024-11-11T02:36:54.058+0000] {logging_mixin.py:190} INFO - [2024-11-11T02:36:54.058+0000] {dagbag.py:588} INFO - Filling up the DagBag from /home/airflow/.local/lib/python3.12/site-packages/airflow/example_dags/example_local_kubernetes_executor.py
[2024-11-11T02:36:54.064+0000] {processor.py:925} INFO - DAG(s) 'example_local_kubernetes_executor' retrieved from /home/airflow/.local/lib/python3.12/site-packages/airflow/example_dags/example_local_kubernetes_executor.py
[2024-11-11T02:36:54.081+0000] {logging_mixin.py:190} INFO - [2024-11-11T02:36:54.081+0000] {dag.py:3239} INFO - Sync 1 DAGs
[2024-11-11T02:36:54.088+0000] {logging_mixin.py:190} INFO - [2024-11-11T02:36:54.088+0000] {dag.py:4180} INFO - Setting next_dagrun for example_local_kubernetes_executor to None, run_after=None
[2024-11-11T02:36:54.096+0000] {processor.py:208} INFO - Processing /home/airflow/.local/lib/python3.12/site-packages/airflow/example_dags/example_local_kubernetes_executor.py took 0.043 seconds
[2024-11-11T02:37:24.693+0000] {processor.py:186} INFO - Started process (PID=1647) to work on /home/airflow/.local/lib/python3.12/site-packages/airflow/example_dags/example_local_kubernetes_executor.py
[2024-11-11T02:37:24.694+0000] {processor.py:914} INFO - Processing file /home/airflow/.local/lib/python3.12/site-packages/airflow/example_dags/example_local_kubernetes_executor.py for tasks to queue
[2024-11-11T02:37:24.695+0000] {logging_mixin.py:190} INFO - [2024-11-11T02:37:24.695+0000] {dagbag.py:588} INFO - Filling up the DagBag from /home/airflow/.local/lib/python3.12/site-packages/airflow/example_dags/example_local_kubernetes_executor.py
[2024-11-11T02:37:24.701+0000] {processor.py:925} INFO - DAG(s) 'example_local_kubernetes_executor' retrieved from /home/airflow/.local/lib/python3.12/site-packages/airflow/example_dags/example_local_kubernetes_executor.py
[2024-11-11T02:37:24.718+0000] {logging_mixin.py:190} INFO - [2024-11-11T02:37:24.718+0000] {dag.py:3239} INFO - Sync 1 DAGs
[2024-11-11T02:37:24.725+0000] {logging_mixin.py:190} INFO - [2024-11-11T02:37:24.725+0000] {dag.py:4180} INFO - Setting next_dagrun for example_local_kubernetes_executor to None, run_after=None
[2024-11-11T02:37:24.733+0000] {processor.py:208} INFO - Processing /home/airflow/.local/lib/python3.12/site-packages/airflow/example_dags/example_local_kubernetes_executor.py took 0.043 seconds
[2024-11-11T02:37:55.337+0000] {processor.py:186} INFO - Started process (PID=1710) to work on /home/airflow/.local/lib/python3.12/site-packages/airflow/example_dags/example_local_kubernetes_executor.py
[2024-11-11T02:37:55.338+0000] {processor.py:914} INFO - Processing file /home/airflow/.local/lib/python3.12/site-packages/airflow/example_dags/example_local_kubernetes_executor.py for tasks to queue
[2024-11-11T02:37:55.339+0000] {logging_mixin.py:190} INFO - [2024-11-11T02:37:55.339+0000] {dagbag.py:588} INFO - Filling up the DagBag from /home/airflow/.local/lib/python3.12/site-packages/airflow/example_dags/example_local_kubernetes_executor.py
[2024-11-11T02:37:55.345+0000] {processor.py:925} INFO - DAG(s) 'example_local_kubernetes_executor' retrieved from /home/airflow/.local/lib/python3.12/site-packages/airflow/example_dags/example_local_kubernetes_executor.py
[2024-11-11T02:37:55.362+0000] {logging_mixin.py:190} INFO - [2024-11-11T02:37:55.362+0000] {dag.py:3239} INFO - Sync 1 DAGs
[2024-11-11T02:37:55.369+0000] {logging_mixin.py:190} INFO - [2024-11-11T02:37:55.369+0000] {dag.py:4180} INFO - Setting next_dagrun for example_local_kubernetes_executor to None, run_after=None
[2024-11-11T02:37:55.377+0000] {processor.py:208} INFO - Processing /home/airflow/.local/lib/python3.12/site-packages/airflow/example_dags/example_local_kubernetes_executor.py took 0.043 seconds
[2024-11-11T02:38:26.178+0000] {processor.py:186} INFO - Started process (PID=1773) to work on /home/airflow/.local/lib/python3.12/site-packages/airflow/example_dags/example_local_kubernetes_executor.py
[2024-11-11T02:38:26.180+0000] {processor.py:914} INFO - Processing file /home/airflow/.local/lib/python3.12/site-packages/airflow/example_dags/example_local_kubernetes_executor.py for tasks to queue
[2024-11-11T02:38:26.184+0000] {logging_mixin.py:190} INFO - [2024-11-11T02:38:26.183+0000] {dagbag.py:588} INFO - Filling up the DagBag from /home/airflow/.local/lib/python3.12/site-packages/airflow/example_dags/example_local_kubernetes_executor.py
[2024-11-11T02:38:26.193+0000] {processor.py:925} INFO - DAG(s) 'example_local_kubernetes_executor' retrieved from /home/airflow/.local/lib/python3.12/site-packages/airflow/example_dags/example_local_kubernetes_executor.py
[2024-11-11T02:38:26.220+0000] {logging_mixin.py:190} INFO - [2024-11-11T02:38:26.220+0000] {dag.py:3239} INFO - Sync 1 DAGs
[2024-11-11T02:38:26.229+0000] {logging_mixin.py:190} INFO - [2024-11-11T02:38:26.228+0000] {dag.py:4180} INFO - Setting next_dagrun for example_local_kubernetes_executor to None, run_after=None
[2024-11-11T02:38:26.241+0000] {processor.py:208} INFO - Processing /home/airflow/.local/lib/python3.12/site-packages/airflow/example_dags/example_local_kubernetes_executor.py took 0.071 seconds
[2024-11-11T02:38:56.972+0000] {processor.py:186} INFO - Started process (PID=1836) to work on /home/airflow/.local/lib/python3.12/site-packages/airflow/example_dags/example_local_kubernetes_executor.py
[2024-11-11T02:38:56.972+0000] {processor.py:914} INFO - Processing file /home/airflow/.local/lib/python3.12/site-packages/airflow/example_dags/example_local_kubernetes_executor.py for tasks to queue
[2024-11-11T02:38:56.974+0000] {logging_mixin.py:190} INFO - [2024-11-11T02:38:56.974+0000] {dagbag.py:588} INFO - Filling up the DagBag from /home/airflow/.local/lib/python3.12/site-packages/airflow/example_dags/example_local_kubernetes_executor.py
[2024-11-11T02:38:56.980+0000] {processor.py:925} INFO - DAG(s) 'example_local_kubernetes_executor' retrieved from /home/airflow/.local/lib/python3.12/site-packages/airflow/example_dags/example_local_kubernetes_executor.py
[2024-11-11T02:38:56.998+0000] {logging_mixin.py:190} INFO - [2024-11-11T02:38:56.998+0000] {dag.py:3239} INFO - Sync 1 DAGs
[2024-11-11T02:38:57.005+0000] {logging_mixin.py:190} INFO - [2024-11-11T02:38:57.005+0000] {dag.py:4180} INFO - Setting next_dagrun for example_local_kubernetes_executor to None, run_after=None
[2024-11-11T02:38:57.014+0000] {processor.py:208} INFO - Processing /home/airflow/.local/lib/python3.12/site-packages/airflow/example_dags/example_local_kubernetes_executor.py took 0.045 seconds
[2024-11-11T02:39:27.590+0000] {processor.py:186} INFO - Started process (PID=1899) to work on /home/airflow/.local/lib/python3.12/site-packages/airflow/example_dags/example_local_kubernetes_executor.py
[2024-11-11T02:39:27.590+0000] {processor.py:914} INFO - Processing file /home/airflow/.local/lib/python3.12/site-packages/airflow/example_dags/example_local_kubernetes_executor.py for tasks to queue
[2024-11-11T02:39:27.592+0000] {logging_mixin.py:190} INFO - [2024-11-11T02:39:27.592+0000] {dagbag.py:588} INFO - Filling up the DagBag from /home/airflow/.local/lib/python3.12/site-packages/airflow/example_dags/example_local_kubernetes_executor.py
[2024-11-11T02:39:27.600+0000] {processor.py:925} INFO - DAG(s) 'example_local_kubernetes_executor' retrieved from /home/airflow/.local/lib/python3.12/site-packages/airflow/example_dags/example_local_kubernetes_executor.py
[2024-11-11T02:39:27.618+0000] {logging_mixin.py:190} INFO - [2024-11-11T02:39:27.618+0000] {dag.py:3239} INFO - Sync 1 DAGs
[2024-11-11T02:39:27.625+0000] {logging_mixin.py:190} INFO - [2024-11-11T02:39:27.625+0000] {dag.py:4180} INFO - Setting next_dagrun for example_local_kubernetes_executor to None, run_after=None
[2024-11-11T02:39:27.636+0000] {processor.py:208} INFO - Processing /home/airflow/.local/lib/python3.12/site-packages/airflow/example_dags/example_local_kubernetes_executor.py took 0.050 seconds
[2024-11-11T02:39:58.345+0000] {processor.py:186} INFO - Started process (PID=1962) to work on /home/airflow/.local/lib/python3.12/site-packages/airflow/example_dags/example_local_kubernetes_executor.py
[2024-11-11T02:39:58.346+0000] {processor.py:914} INFO - Processing file /home/airflow/.local/lib/python3.12/site-packages/airflow/example_dags/example_local_kubernetes_executor.py for tasks to queue
[2024-11-11T02:39:58.347+0000] {logging_mixin.py:190} INFO - [2024-11-11T02:39:58.347+0000] {dagbag.py:588} INFO - Filling up the DagBag from /home/airflow/.local/lib/python3.12/site-packages/airflow/example_dags/example_local_kubernetes_executor.py
[2024-11-11T02:39:58.353+0000] {processor.py:925} INFO - DAG(s) 'example_local_kubernetes_executor' retrieved from /home/airflow/.local/lib/python3.12/site-packages/airflow/example_dags/example_local_kubernetes_executor.py
[2024-11-11T02:39:58.369+0000] {logging_mixin.py:190} INFO - [2024-11-11T02:39:58.369+0000] {dag.py:3239} INFO - Sync 1 DAGs
[2024-11-11T02:39:58.376+0000] {logging_mixin.py:190} INFO - [2024-11-11T02:39:58.375+0000] {dag.py:4180} INFO - Setting next_dagrun for example_local_kubernetes_executor to None, run_after=None
[2024-11-11T02:39:58.384+0000] {processor.py:208} INFO - Processing /home/airflow/.local/lib/python3.12/site-packages/airflow/example_dags/example_local_kubernetes_executor.py took 0.042 seconds
[2024-11-11T02:40:28.445+0000] {processor.py:186} INFO - Started process (PID=2025) to work on /home/airflow/.local/lib/python3.12/site-packages/airflow/example_dags/example_local_kubernetes_executor.py
[2024-11-11T02:40:28.445+0000] {processor.py:914} INFO - Processing file /home/airflow/.local/lib/python3.12/site-packages/airflow/example_dags/example_local_kubernetes_executor.py for tasks to queue
[2024-11-11T02:40:28.447+0000] {logging_mixin.py:190} INFO - [2024-11-11T02:40:28.446+0000] {dagbag.py:588} INFO - Filling up the DagBag from /home/airflow/.local/lib/python3.12/site-packages/airflow/example_dags/example_local_kubernetes_executor.py
[2024-11-11T02:40:28.452+0000] {processor.py:925} INFO - DAG(s) 'example_local_kubernetes_executor' retrieved from /home/airflow/.local/lib/python3.12/site-packages/airflow/example_dags/example_local_kubernetes_executor.py
[2024-11-11T02:40:28.469+0000] {logging_mixin.py:190} INFO - [2024-11-11T02:40:28.469+0000] {dag.py:3239} INFO - Sync 1 DAGs
[2024-11-11T02:40:28.477+0000] {logging_mixin.py:190} INFO - [2024-11-11T02:40:28.477+0000] {dag.py:4180} INFO - Setting next_dagrun for example_local_kubernetes_executor to None, run_after=None
[2024-11-11T02:40:28.487+0000] {processor.py:208} INFO - Processing /home/airflow/.local/lib/python3.12/site-packages/airflow/example_dags/example_local_kubernetes_executor.py took 0.046 seconds
[2024-11-11T02:40:59.367+0000] {processor.py:186} INFO - Started process (PID=2088) to work on /home/airflow/.local/lib/python3.12/site-packages/airflow/example_dags/example_local_kubernetes_executor.py
[2024-11-11T02:40:59.368+0000] {processor.py:914} INFO - Processing file /home/airflow/.local/lib/python3.12/site-packages/airflow/example_dags/example_local_kubernetes_executor.py for tasks to queue
[2024-11-11T02:40:59.370+0000] {logging_mixin.py:190} INFO - [2024-11-11T02:40:59.369+0000] {dagbag.py:588} INFO - Filling up the DagBag from /home/airflow/.local/lib/python3.12/site-packages/airflow/example_dags/example_local_kubernetes_executor.py
[2024-11-11T02:40:59.375+0000] {processor.py:925} INFO - DAG(s) 'example_local_kubernetes_executor' retrieved from /home/airflow/.local/lib/python3.12/site-packages/airflow/example_dags/example_local_kubernetes_executor.py
[2024-11-11T02:40:59.393+0000] {logging_mixin.py:190} INFO - [2024-11-11T02:40:59.392+0000] {dag.py:3239} INFO - Sync 1 DAGs
[2024-11-11T02:40:59.400+0000] {logging_mixin.py:190} INFO - [2024-11-11T02:40:59.400+0000] {dag.py:4180} INFO - Setting next_dagrun for example_local_kubernetes_executor to None, run_after=None
[2024-11-11T02:40:59.409+0000] {processor.py:208} INFO - Processing /home/airflow/.local/lib/python3.12/site-packages/airflow/example_dags/example_local_kubernetes_executor.py took 0.045 seconds
[2024-11-11T02:41:30.077+0000] {processor.py:186} INFO - Started process (PID=2151) to work on /home/airflow/.local/lib/python3.12/site-packages/airflow/example_dags/example_local_kubernetes_executor.py
[2024-11-11T02:41:30.077+0000] {processor.py:914} INFO - Processing file /home/airflow/.local/lib/python3.12/site-packages/airflow/example_dags/example_local_kubernetes_executor.py for tasks to queue
[2024-11-11T02:41:30.079+0000] {logging_mixin.py:190} INFO - [2024-11-11T02:41:30.078+0000] {dagbag.py:588} INFO - Filling up the DagBag from /home/airflow/.local/lib/python3.12/site-packages/airflow/example_dags/example_local_kubernetes_executor.py
[2024-11-11T02:41:30.084+0000] {processor.py:925} INFO - DAG(s) 'example_local_kubernetes_executor' retrieved from /home/airflow/.local/lib/python3.12/site-packages/airflow/example_dags/example_local_kubernetes_executor.py
[2024-11-11T02:41:30.103+0000] {logging_mixin.py:190} INFO - [2024-11-11T02:41:30.102+0000] {dag.py:3239} INFO - Sync 1 DAGs
[2024-11-11T02:41:30.111+0000] {logging_mixin.py:190} INFO - [2024-11-11T02:41:30.111+0000] {dag.py:4180} INFO - Setting next_dagrun for example_local_kubernetes_executor to None, run_after=None
[2024-11-11T02:41:30.123+0000] {processor.py:208} INFO - Processing /home/airflow/.local/lib/python3.12/site-packages/airflow/example_dags/example_local_kubernetes_executor.py took 0.050 seconds
[2024-11-11T02:42:00.695+0000] {processor.py:186} INFO - Started process (PID=2214) to work on /home/airflow/.local/lib/python3.12/site-packages/airflow/example_dags/example_local_kubernetes_executor.py
[2024-11-11T02:42:00.696+0000] {processor.py:914} INFO - Processing file /home/airflow/.local/lib/python3.12/site-packages/airflow/example_dags/example_local_kubernetes_executor.py for tasks to queue
[2024-11-11T02:42:00.697+0000] {logging_mixin.py:190} INFO - [2024-11-11T02:42:00.697+0000] {dagbag.py:588} INFO - Filling up the DagBag from /home/airflow/.local/lib/python3.12/site-packages/airflow/example_dags/example_local_kubernetes_executor.py
[2024-11-11T02:42:00.703+0000] {processor.py:925} INFO - DAG(s) 'example_local_kubernetes_executor' retrieved from /home/airflow/.local/lib/python3.12/site-packages/airflow/example_dags/example_local_kubernetes_executor.py
[2024-11-11T02:42:00.720+0000] {logging_mixin.py:190} INFO - [2024-11-11T02:42:00.720+0000] {dag.py:3239} INFO - Sync 1 DAGs
[2024-11-11T02:42:00.728+0000] {logging_mixin.py:190} INFO - [2024-11-11T02:42:00.728+0000] {dag.py:4180} INFO - Setting next_dagrun for example_local_kubernetes_executor to None, run_after=None
[2024-11-11T02:42:00.737+0000] {processor.py:208} INFO - Processing /home/airflow/.local/lib/python3.12/site-packages/airflow/example_dags/example_local_kubernetes_executor.py took 0.045 seconds
[2024-11-11T02:42:31.477+0000] {processor.py:186} INFO - Started process (PID=2277) to work on /home/airflow/.local/lib/python3.12/site-packages/airflow/example_dags/example_local_kubernetes_executor.py
[2024-11-11T02:42:31.478+0000] {processor.py:914} INFO - Processing file /home/airflow/.local/lib/python3.12/site-packages/airflow/example_dags/example_local_kubernetes_executor.py for tasks to queue
[2024-11-11T02:42:31.479+0000] {logging_mixin.py:190} INFO - [2024-11-11T02:42:31.479+0000] {dagbag.py:588} INFO - Filling up the DagBag from /home/airflow/.local/lib/python3.12/site-packages/airflow/example_dags/example_local_kubernetes_executor.py
[2024-11-11T02:42:31.485+0000] {processor.py:925} INFO - DAG(s) 'example_local_kubernetes_executor' retrieved from /home/airflow/.local/lib/python3.12/site-packages/airflow/example_dags/example_local_kubernetes_executor.py
[2024-11-11T02:42:31.501+0000] {logging_mixin.py:190} INFO - [2024-11-11T02:42:31.501+0000] {dag.py:3239} INFO - Sync 1 DAGs
[2024-11-11T02:42:31.508+0000] {logging_mixin.py:190} INFO - [2024-11-11T02:42:31.508+0000] {dag.py:4180} INFO - Setting next_dagrun for example_local_kubernetes_executor to None, run_after=None
[2024-11-11T02:42:31.516+0000] {processor.py:208} INFO - Processing /home/airflow/.local/lib/python3.12/site-packages/airflow/example_dags/example_local_kubernetes_executor.py took 0.042 seconds
[2024-11-11T02:43:02.194+0000] {processor.py:186} INFO - Started process (PID=2340) to work on /home/airflow/.local/lib/python3.12/site-packages/airflow/example_dags/example_local_kubernetes_executor.py
[2024-11-11T02:43:02.195+0000] {processor.py:914} INFO - Processing file /home/airflow/.local/lib/python3.12/site-packages/airflow/example_dags/example_local_kubernetes_executor.py for tasks to queue
[2024-11-11T02:43:02.197+0000] {logging_mixin.py:190} INFO - [2024-11-11T02:43:02.196+0000] {dagbag.py:588} INFO - Filling up the DagBag from /home/airflow/.local/lib/python3.12/site-packages/airflow/example_dags/example_local_kubernetes_executor.py
[2024-11-11T02:43:02.202+0000] {processor.py:925} INFO - DAG(s) 'example_local_kubernetes_executor' retrieved from /home/airflow/.local/lib/python3.12/site-packages/airflow/example_dags/example_local_kubernetes_executor.py
[2024-11-11T02:43:02.218+0000] {logging_mixin.py:190} INFO - [2024-11-11T02:43:02.218+0000] {dag.py:3239} INFO - Sync 1 DAGs
[2024-11-11T02:43:02.224+0000] {logging_mixin.py:190} INFO - [2024-11-11T02:43:02.224+0000] {dag.py:4180} INFO - Setting next_dagrun for example_local_kubernetes_executor to None, run_after=None
[2024-11-11T02:43:02.233+0000] {processor.py:208} INFO - Processing /home/airflow/.local/lib/python3.12/site-packages/airflow/example_dags/example_local_kubernetes_executor.py took 0.042 seconds
[2024-11-11T02:43:32.861+0000] {processor.py:186} INFO - Started process (PID=2403) to work on /home/airflow/.local/lib/python3.12/site-packages/airflow/example_dags/example_local_kubernetes_executor.py
[2024-11-11T02:43:32.861+0000] {processor.py:914} INFO - Processing file /home/airflow/.local/lib/python3.12/site-packages/airflow/example_dags/example_local_kubernetes_executor.py for tasks to queue
[2024-11-11T02:43:32.863+0000] {logging_mixin.py:190} INFO - [2024-11-11T02:43:32.863+0000] {dagbag.py:588} INFO - Filling up the DagBag from /home/airflow/.local/lib/python3.12/site-packages/airflow/example_dags/example_local_kubernetes_executor.py
[2024-11-11T02:43:32.872+0000] {processor.py:925} INFO - DAG(s) 'example_local_kubernetes_executor' retrieved from /home/airflow/.local/lib/python3.12/site-packages/airflow/example_dags/example_local_kubernetes_executor.py
[2024-11-11T02:43:32.901+0000] {logging_mixin.py:190} INFO - [2024-11-11T02:43:32.900+0000] {dag.py:3239} INFO - Sync 1 DAGs
[2024-11-11T02:43:32.910+0000] {logging_mixin.py:190} INFO - [2024-11-11T02:43:32.910+0000] {dag.py:4180} INFO - Setting next_dagrun for example_local_kubernetes_executor to None, run_after=None
[2024-11-11T02:43:32.920+0000] {processor.py:208} INFO - Processing /home/airflow/.local/lib/python3.12/site-packages/airflow/example_dags/example_local_kubernetes_executor.py took 0.063 seconds
[2024-11-11T02:44:03.731+0000] {processor.py:186} INFO - Started process (PID=2466) to work on /home/airflow/.local/lib/python3.12/site-packages/airflow/example_dags/example_local_kubernetes_executor.py
[2024-11-11T02:44:03.731+0000] {processor.py:914} INFO - Processing file /home/airflow/.local/lib/python3.12/site-packages/airflow/example_dags/example_local_kubernetes_executor.py for tasks to queue
[2024-11-11T02:44:03.733+0000] {logging_mixin.py:190} INFO - [2024-11-11T02:44:03.733+0000] {dagbag.py:588} INFO - Filling up the DagBag from /home/airflow/.local/lib/python3.12/site-packages/airflow/example_dags/example_local_kubernetes_executor.py
[2024-11-11T02:44:03.738+0000] {processor.py:925} INFO - DAG(s) 'example_local_kubernetes_executor' retrieved from /home/airflow/.local/lib/python3.12/site-packages/airflow/example_dags/example_local_kubernetes_executor.py
[2024-11-11T02:44:03.756+0000] {logging_mixin.py:190} INFO - [2024-11-11T02:44:03.755+0000] {dag.py:3239} INFO - Sync 1 DAGs
[2024-11-11T02:44:03.763+0000] {logging_mixin.py:190} INFO - [2024-11-11T02:44:03.763+0000] {dag.py:4180} INFO - Setting next_dagrun for example_local_kubernetes_executor to None, run_after=None
[2024-11-11T02:44:03.772+0000] {processor.py:208} INFO - Processing /home/airflow/.local/lib/python3.12/site-packages/airflow/example_dags/example_local_kubernetes_executor.py took 0.044 seconds
[2024-11-11T02:44:34.369+0000] {processor.py:186} INFO - Started process (PID=2529) to work on /home/airflow/.local/lib/python3.12/site-packages/airflow/example_dags/example_local_kubernetes_executor.py
[2024-11-11T02:44:34.370+0000] {processor.py:914} INFO - Processing file /home/airflow/.local/lib/python3.12/site-packages/airflow/example_dags/example_local_kubernetes_executor.py for tasks to queue
[2024-11-11T02:44:34.371+0000] {logging_mixin.py:190} INFO - [2024-11-11T02:44:34.371+0000] {dagbag.py:588} INFO - Filling up the DagBag from /home/airflow/.local/lib/python3.12/site-packages/airflow/example_dags/example_local_kubernetes_executor.py
[2024-11-11T02:44:34.377+0000] {processor.py:925} INFO - DAG(s) 'example_local_kubernetes_executor' retrieved from /home/airflow/.local/lib/python3.12/site-packages/airflow/example_dags/example_local_kubernetes_executor.py
[2024-11-11T02:44:34.393+0000] {logging_mixin.py:190} INFO - [2024-11-11T02:44:34.393+0000] {dag.py:3239} INFO - Sync 1 DAGs
[2024-11-11T02:44:34.401+0000] {logging_mixin.py:190} INFO - [2024-11-11T02:44:34.400+0000] {dag.py:4180} INFO - Setting next_dagrun for example_local_kubernetes_executor to None, run_after=None
[2024-11-11T02:44:34.409+0000] {processor.py:208} INFO - Processing /home/airflow/.local/lib/python3.12/site-packages/airflow/example_dags/example_local_kubernetes_executor.py took 0.043 seconds
[2024-11-11T02:45:04.971+0000] {processor.py:186} INFO - Started process (PID=2592) to work on /home/airflow/.local/lib/python3.12/site-packages/airflow/example_dags/example_local_kubernetes_executor.py
[2024-11-11T02:45:04.972+0000] {processor.py:914} INFO - Processing file /home/airflow/.local/lib/python3.12/site-packages/airflow/example_dags/example_local_kubernetes_executor.py for tasks to queue
[2024-11-11T02:45:04.973+0000] {logging_mixin.py:190} INFO - [2024-11-11T02:45:04.973+0000] {dagbag.py:588} INFO - Filling up the DagBag from /home/airflow/.local/lib/python3.12/site-packages/airflow/example_dags/example_local_kubernetes_executor.py
[2024-11-11T02:45:04.979+0000] {processor.py:925} INFO - DAG(s) 'example_local_kubernetes_executor' retrieved from /home/airflow/.local/lib/python3.12/site-packages/airflow/example_dags/example_local_kubernetes_executor.py
[2024-11-11T02:45:04.994+0000] {logging_mixin.py:190} INFO - [2024-11-11T02:45:04.994+0000] {dag.py:3239} INFO - Sync 1 DAGs
[2024-11-11T02:45:05.001+0000] {logging_mixin.py:190} INFO - [2024-11-11T02:45:05.001+0000] {dag.py:4180} INFO - Setting next_dagrun for example_local_kubernetes_executor to None, run_after=None
[2024-11-11T02:45:05.010+0000] {processor.py:208} INFO - Processing /home/airflow/.local/lib/python3.12/site-packages/airflow/example_dags/example_local_kubernetes_executor.py took 0.042 seconds
[2024-11-11T02:45:35.641+0000] {processor.py:186} INFO - Started process (PID=2655) to work on /home/airflow/.local/lib/python3.12/site-packages/airflow/example_dags/example_local_kubernetes_executor.py
[2024-11-11T02:45:35.642+0000] {processor.py:914} INFO - Processing file /home/airflow/.local/lib/python3.12/site-packages/airflow/example_dags/example_local_kubernetes_executor.py for tasks to queue
[2024-11-11T02:45:35.643+0000] {logging_mixin.py:190} INFO - [2024-11-11T02:45:35.643+0000] {dagbag.py:588} INFO - Filling up the DagBag from /home/airflow/.local/lib/python3.12/site-packages/airflow/example_dags/example_local_kubernetes_executor.py
[2024-11-11T02:45:35.649+0000] {processor.py:925} INFO - DAG(s) 'example_local_kubernetes_executor' retrieved from /home/airflow/.local/lib/python3.12/site-packages/airflow/example_dags/example_local_kubernetes_executor.py
[2024-11-11T02:45:35.666+0000] {logging_mixin.py:190} INFO - [2024-11-11T02:45:35.666+0000] {dag.py:3239} INFO - Sync 1 DAGs
[2024-11-11T02:45:35.673+0000] {logging_mixin.py:190} INFO - [2024-11-11T02:45:35.673+0000] {dag.py:4180} INFO - Setting next_dagrun for example_local_kubernetes_executor to None, run_after=None
[2024-11-11T02:45:35.681+0000] {processor.py:208} INFO - Processing /home/airflow/.local/lib/python3.12/site-packages/airflow/example_dags/example_local_kubernetes_executor.py took 0.043 seconds
[2024-11-11T02:46:06.296+0000] {processor.py:186} INFO - Started process (PID=2717) to work on /home/airflow/.local/lib/python3.12/site-packages/airflow/example_dags/example_local_kubernetes_executor.py
[2024-11-11T02:46:06.297+0000] {processor.py:914} INFO - Processing file /home/airflow/.local/lib/python3.12/site-packages/airflow/example_dags/example_local_kubernetes_executor.py for tasks to queue
[2024-11-11T02:46:06.298+0000] {logging_mixin.py:190} INFO - [2024-11-11T02:46:06.298+0000] {dagbag.py:588} INFO - Filling up the DagBag from /home/airflow/.local/lib/python3.12/site-packages/airflow/example_dags/example_local_kubernetes_executor.py
[2024-11-11T02:46:06.304+0000] {processor.py:925} INFO - DAG(s) 'example_local_kubernetes_executor' retrieved from /home/airflow/.local/lib/python3.12/site-packages/airflow/example_dags/example_local_kubernetes_executor.py
[2024-11-11T02:46:06.321+0000] {logging_mixin.py:190} INFO - [2024-11-11T02:46:06.321+0000] {dag.py:3239} INFO - Sync 1 DAGs
[2024-11-11T02:46:06.328+0000] {logging_mixin.py:190} INFO - [2024-11-11T02:46:06.328+0000] {dag.py:4180} INFO - Setting next_dagrun for example_local_kubernetes_executor to None, run_after=None
[2024-11-11T02:46:06.337+0000] {processor.py:208} INFO - Processing /home/airflow/.local/lib/python3.12/site-packages/airflow/example_dags/example_local_kubernetes_executor.py took 0.044 seconds
[2024-11-11T02:46:36.958+0000] {processor.py:186} INFO - Started process (PID=2780) to work on /home/airflow/.local/lib/python3.12/site-packages/airflow/example_dags/example_local_kubernetes_executor.py
[2024-11-11T02:46:36.959+0000] {processor.py:914} INFO - Processing file /home/airflow/.local/lib/python3.12/site-packages/airflow/example_dags/example_local_kubernetes_executor.py for tasks to queue
[2024-11-11T02:46:36.960+0000] {logging_mixin.py:190} INFO - [2024-11-11T02:46:36.960+0000] {dagbag.py:588} INFO - Filling up the DagBag from /home/airflow/.local/lib/python3.12/site-packages/airflow/example_dags/example_local_kubernetes_executor.py
[2024-11-11T02:46:36.966+0000] {processor.py:925} INFO - DAG(s) 'example_local_kubernetes_executor' retrieved from /home/airflow/.local/lib/python3.12/site-packages/airflow/example_dags/example_local_kubernetes_executor.py
[2024-11-11T02:46:36.982+0000] {logging_mixin.py:190} INFO - [2024-11-11T02:46:36.981+0000] {dag.py:3239} INFO - Sync 1 DAGs
[2024-11-11T02:46:36.988+0000] {logging_mixin.py:190} INFO - [2024-11-11T02:46:36.988+0000] {dag.py:4180} INFO - Setting next_dagrun for example_local_kubernetes_executor to None, run_after=None
[2024-11-11T02:46:36.998+0000] {processor.py:208} INFO - Processing /home/airflow/.local/lib/python3.12/site-packages/airflow/example_dags/example_local_kubernetes_executor.py took 0.043 seconds
[2024-11-11T02:47:07.613+0000] {processor.py:186} INFO - Started process (PID=2843) to work on /home/airflow/.local/lib/python3.12/site-packages/airflow/example_dags/example_local_kubernetes_executor.py
[2024-11-11T02:47:07.614+0000] {processor.py:914} INFO - Processing file /home/airflow/.local/lib/python3.12/site-packages/airflow/example_dags/example_local_kubernetes_executor.py for tasks to queue
[2024-11-11T02:47:07.616+0000] {logging_mixin.py:190} INFO - [2024-11-11T02:47:07.616+0000] {dagbag.py:588} INFO - Filling up the DagBag from /home/airflow/.local/lib/python3.12/site-packages/airflow/example_dags/example_local_kubernetes_executor.py
[2024-11-11T02:47:07.624+0000] {processor.py:925} INFO - DAG(s) 'example_local_kubernetes_executor' retrieved from /home/airflow/.local/lib/python3.12/site-packages/airflow/example_dags/example_local_kubernetes_executor.py
[2024-11-11T02:47:07.648+0000] {logging_mixin.py:190} INFO - [2024-11-11T02:47:07.647+0000] {dag.py:3239} INFO - Sync 1 DAGs
[2024-11-11T02:47:07.655+0000] {logging_mixin.py:190} INFO - [2024-11-11T02:47:07.655+0000] {dag.py:4180} INFO - Setting next_dagrun for example_local_kubernetes_executor to None, run_after=None
[2024-11-11T02:47:07.666+0000] {processor.py:208} INFO - Processing /home/airflow/.local/lib/python3.12/site-packages/airflow/example_dags/example_local_kubernetes_executor.py took 0.057 seconds
[2024-11-11T02:47:38.196+0000] {processor.py:186} INFO - Started process (PID=2906) to work on /home/airflow/.local/lib/python3.12/site-packages/airflow/example_dags/example_local_kubernetes_executor.py
[2024-11-11T02:47:38.197+0000] {processor.py:914} INFO - Processing file /home/airflow/.local/lib/python3.12/site-packages/airflow/example_dags/example_local_kubernetes_executor.py for tasks to queue
[2024-11-11T02:47:38.198+0000] {logging_mixin.py:190} INFO - [2024-11-11T02:47:38.198+0000] {dagbag.py:588} INFO - Filling up the DagBag from /home/airflow/.local/lib/python3.12/site-packages/airflow/example_dags/example_local_kubernetes_executor.py
[2024-11-11T02:47:38.204+0000] {processor.py:925} INFO - DAG(s) 'example_local_kubernetes_executor' retrieved from /home/airflow/.local/lib/python3.12/site-packages/airflow/example_dags/example_local_kubernetes_executor.py
[2024-11-11T02:47:38.220+0000] {logging_mixin.py:190} INFO - [2024-11-11T02:47:38.220+0000] {dag.py:3239} INFO - Sync 1 DAGs
[2024-11-11T02:47:38.228+0000] {logging_mixin.py:190} INFO - [2024-11-11T02:47:38.228+0000] {dag.py:4180} INFO - Setting next_dagrun for example_local_kubernetes_executor to None, run_after=None
[2024-11-11T02:47:38.236+0000] {processor.py:208} INFO - Processing /home/airflow/.local/lib/python3.12/site-packages/airflow/example_dags/example_local_kubernetes_executor.py took 0.044 seconds
[2024-11-11T02:48:08.816+0000] {processor.py:186} INFO - Started process (PID=2969) to work on /home/airflow/.local/lib/python3.12/site-packages/airflow/example_dags/example_local_kubernetes_executor.py
[2024-11-11T02:48:08.817+0000] {processor.py:914} INFO - Processing file /home/airflow/.local/lib/python3.12/site-packages/airflow/example_dags/example_local_kubernetes_executor.py for tasks to queue
[2024-11-11T02:48:08.819+0000] {logging_mixin.py:190} INFO - [2024-11-11T02:48:08.818+0000] {dagbag.py:588} INFO - Filling up the DagBag from /home/airflow/.local/lib/python3.12/site-packages/airflow/example_dags/example_local_kubernetes_executor.py
[2024-11-11T02:48:08.824+0000] {processor.py:925} INFO - DAG(s) 'example_local_kubernetes_executor' retrieved from /home/airflow/.local/lib/python3.12/site-packages/airflow/example_dags/example_local_kubernetes_executor.py
[2024-11-11T02:48:08.841+0000] {logging_mixin.py:190} INFO - [2024-11-11T02:48:08.841+0000] {dag.py:3239} INFO - Sync 1 DAGs
[2024-11-11T02:48:08.848+0000] {logging_mixin.py:190} INFO - [2024-11-11T02:48:08.848+0000] {dag.py:4180} INFO - Setting next_dagrun for example_local_kubernetes_executor to None, run_after=None
[2024-11-11T02:48:08.857+0000] {processor.py:208} INFO - Processing /home/airflow/.local/lib/python3.12/site-packages/airflow/example_dags/example_local_kubernetes_executor.py took 0.044 seconds
[2024-11-11T02:48:39.407+0000] {processor.py:186} INFO - Started process (PID=3032) to work on /home/airflow/.local/lib/python3.12/site-packages/airflow/example_dags/example_local_kubernetes_executor.py
[2024-11-11T02:48:39.407+0000] {processor.py:914} INFO - Processing file /home/airflow/.local/lib/python3.12/site-packages/airflow/example_dags/example_local_kubernetes_executor.py for tasks to queue
[2024-11-11T02:48:39.409+0000] {logging_mixin.py:190} INFO - [2024-11-11T02:48:39.409+0000] {dagbag.py:588} INFO - Filling up the DagBag from /home/airflow/.local/lib/python3.12/site-packages/airflow/example_dags/example_local_kubernetes_executor.py
[2024-11-11T02:48:39.414+0000] {processor.py:925} INFO - DAG(s) 'example_local_kubernetes_executor' retrieved from /home/airflow/.local/lib/python3.12/site-packages/airflow/example_dags/example_local_kubernetes_executor.py
[2024-11-11T02:48:39.430+0000] {logging_mixin.py:190} INFO - [2024-11-11T02:48:39.430+0000] {dag.py:3239} INFO - Sync 1 DAGs
[2024-11-11T02:48:39.437+0000] {logging_mixin.py:190} INFO - [2024-11-11T02:48:39.437+0000] {dag.py:4180} INFO - Setting next_dagrun for example_local_kubernetes_executor to None, run_after=None
[2024-11-11T02:48:39.446+0000] {processor.py:208} INFO - Processing /home/airflow/.local/lib/python3.12/site-packages/airflow/example_dags/example_local_kubernetes_executor.py took 0.042 seconds
[2024-11-11T02:49:09.970+0000] {processor.py:186} INFO - Started process (PID=3095) to work on /home/airflow/.local/lib/python3.12/site-packages/airflow/example_dags/example_local_kubernetes_executor.py
[2024-11-11T02:49:09.971+0000] {processor.py:914} INFO - Processing file /home/airflow/.local/lib/python3.12/site-packages/airflow/example_dags/example_local_kubernetes_executor.py for tasks to queue
[2024-11-11T02:49:09.973+0000] {logging_mixin.py:190} INFO - [2024-11-11T02:49:09.972+0000] {dagbag.py:588} INFO - Filling up the DagBag from /home/airflow/.local/lib/python3.12/site-packages/airflow/example_dags/example_local_kubernetes_executor.py
[2024-11-11T02:49:09.978+0000] {processor.py:925} INFO - DAG(s) 'example_local_kubernetes_executor' retrieved from /home/airflow/.local/lib/python3.12/site-packages/airflow/example_dags/example_local_kubernetes_executor.py
[2024-11-11T02:49:09.994+0000] {logging_mixin.py:190} INFO - [2024-11-11T02:49:09.994+0000] {dag.py:3239} INFO - Sync 1 DAGs
[2024-11-11T02:49:10.001+0000] {logging_mixin.py:190} INFO - [2024-11-11T02:49:10.001+0000] {dag.py:4180} INFO - Setting next_dagrun for example_local_kubernetes_executor to None, run_after=None
[2024-11-11T02:49:10.010+0000] {processor.py:208} INFO - Processing /home/airflow/.local/lib/python3.12/site-packages/airflow/example_dags/example_local_kubernetes_executor.py took 0.042 seconds
[2024-11-11T02:49:40.810+0000] {processor.py:186} INFO - Started process (PID=3158) to work on /home/airflow/.local/lib/python3.12/site-packages/airflow/example_dags/example_local_kubernetes_executor.py
[2024-11-11T02:49:40.811+0000] {processor.py:914} INFO - Processing file /home/airflow/.local/lib/python3.12/site-packages/airflow/example_dags/example_local_kubernetes_executor.py for tasks to queue
[2024-11-11T02:49:40.812+0000] {logging_mixin.py:190} INFO - [2024-11-11T02:49:40.812+0000] {dagbag.py:588} INFO - Filling up the DagBag from /home/airflow/.local/lib/python3.12/site-packages/airflow/example_dags/example_local_kubernetes_executor.py
[2024-11-11T02:49:40.818+0000] {processor.py:925} INFO - DAG(s) 'example_local_kubernetes_executor' retrieved from /home/airflow/.local/lib/python3.12/site-packages/airflow/example_dags/example_local_kubernetes_executor.py
[2024-11-11T02:49:40.834+0000] {logging_mixin.py:190} INFO - [2024-11-11T02:49:40.834+0000] {dag.py:3239} INFO - Sync 1 DAGs
[2024-11-11T02:49:40.841+0000] {logging_mixin.py:190} INFO - [2024-11-11T02:49:40.841+0000] {dag.py:4180} INFO - Setting next_dagrun for example_local_kubernetes_executor to None, run_after=None
[2024-11-11T02:49:40.850+0000] {processor.py:208} INFO - Processing /home/airflow/.local/lib/python3.12/site-packages/airflow/example_dags/example_local_kubernetes_executor.py took 0.043 seconds
[2024-11-11T02:50:11.721+0000] {processor.py:186} INFO - Started process (PID=3221) to work on /home/airflow/.local/lib/python3.12/site-packages/airflow/example_dags/example_local_kubernetes_executor.py
[2024-11-11T02:50:11.721+0000] {processor.py:914} INFO - Processing file /home/airflow/.local/lib/python3.12/site-packages/airflow/example_dags/example_local_kubernetes_executor.py for tasks to queue
[2024-11-11T02:50:11.723+0000] {logging_mixin.py:190} INFO - [2024-11-11T02:50:11.723+0000] {dagbag.py:588} INFO - Filling up the DagBag from /home/airflow/.local/lib/python3.12/site-packages/airflow/example_dags/example_local_kubernetes_executor.py
[2024-11-11T02:50:11.728+0000] {processor.py:925} INFO - DAG(s) 'example_local_kubernetes_executor' retrieved from /home/airflow/.local/lib/python3.12/site-packages/airflow/example_dags/example_local_kubernetes_executor.py
[2024-11-11T02:50:11.745+0000] {logging_mixin.py:190} INFO - [2024-11-11T02:50:11.745+0000] {dag.py:3239} INFO - Sync 1 DAGs
[2024-11-11T02:50:11.753+0000] {logging_mixin.py:190} INFO - [2024-11-11T02:50:11.753+0000] {dag.py:4180} INFO - Setting next_dagrun for example_local_kubernetes_executor to None, run_after=None
[2024-11-11T02:50:11.761+0000] {processor.py:208} INFO - Processing /home/airflow/.local/lib/python3.12/site-packages/airflow/example_dags/example_local_kubernetes_executor.py took 0.044 seconds
[2024-11-11T02:50:42.460+0000] {processor.py:186} INFO - Started process (PID=3284) to work on /home/airflow/.local/lib/python3.12/site-packages/airflow/example_dags/example_local_kubernetes_executor.py
[2024-11-11T02:50:42.461+0000] {processor.py:914} INFO - Processing file /home/airflow/.local/lib/python3.12/site-packages/airflow/example_dags/example_local_kubernetes_executor.py for tasks to queue
[2024-11-11T02:50:42.462+0000] {logging_mixin.py:190} INFO - [2024-11-11T02:50:42.462+0000] {dagbag.py:588} INFO - Filling up the DagBag from /home/airflow/.local/lib/python3.12/site-packages/airflow/example_dags/example_local_kubernetes_executor.py
[2024-11-11T02:50:42.468+0000] {processor.py:925} INFO - DAG(s) 'example_local_kubernetes_executor' retrieved from /home/airflow/.local/lib/python3.12/site-packages/airflow/example_dags/example_local_kubernetes_executor.py
[2024-11-11T02:50:42.484+0000] {logging_mixin.py:190} INFO - [2024-11-11T02:50:42.484+0000] {dag.py:3239} INFO - Sync 1 DAGs
[2024-11-11T02:50:42.491+0000] {logging_mixin.py:190} INFO - [2024-11-11T02:50:42.491+0000] {dag.py:4180} INFO - Setting next_dagrun for example_local_kubernetes_executor to None, run_after=None
[2024-11-11T02:50:42.610+0000] {processor.py:208} INFO - Processing /home/airflow/.local/lib/python3.12/site-packages/airflow/example_dags/example_local_kubernetes_executor.py took 0.153 seconds
[2024-11-11T02:51:13.070+0000] {processor.py:186} INFO - Started process (PID=3347) to work on /home/airflow/.local/lib/python3.12/site-packages/airflow/example_dags/example_local_kubernetes_executor.py
[2024-11-11T02:51:13.071+0000] {processor.py:914} INFO - Processing file /home/airflow/.local/lib/python3.12/site-packages/airflow/example_dags/example_local_kubernetes_executor.py for tasks to queue
[2024-11-11T02:51:13.072+0000] {logging_mixin.py:190} INFO - [2024-11-11T02:51:13.072+0000] {dagbag.py:588} INFO - Filling up the DagBag from /home/airflow/.local/lib/python3.12/site-packages/airflow/example_dags/example_local_kubernetes_executor.py
[2024-11-11T02:51:13.077+0000] {processor.py:925} INFO - DAG(s) 'example_local_kubernetes_executor' retrieved from /home/airflow/.local/lib/python3.12/site-packages/airflow/example_dags/example_local_kubernetes_executor.py
[2024-11-11T02:51:13.093+0000] {logging_mixin.py:190} INFO - [2024-11-11T02:51:13.093+0000] {dag.py:3239} INFO - Sync 1 DAGs
[2024-11-11T02:51:13.099+0000] {logging_mixin.py:190} INFO - [2024-11-11T02:51:13.099+0000] {dag.py:4180} INFO - Setting next_dagrun for example_local_kubernetes_executor to None, run_after=None
[2024-11-11T02:51:13.107+0000] {processor.py:208} INFO - Processing /home/airflow/.local/lib/python3.12/site-packages/airflow/example_dags/example_local_kubernetes_executor.py took 0.040 seconds
[2024-11-11T02:51:44.261+0000] {processor.py:186} INFO - Started process (PID=3410) to work on /home/airflow/.local/lib/python3.12/site-packages/airflow/example_dags/example_local_kubernetes_executor.py
[2024-11-11T02:51:44.261+0000] {processor.py:914} INFO - Processing file /home/airflow/.local/lib/python3.12/site-packages/airflow/example_dags/example_local_kubernetes_executor.py for tasks to queue
[2024-11-11T02:51:44.263+0000] {logging_mixin.py:190} INFO - [2024-11-11T02:51:44.263+0000] {dagbag.py:588} INFO - Filling up the DagBag from /home/airflow/.local/lib/python3.12/site-packages/airflow/example_dags/example_local_kubernetes_executor.py
[2024-11-11T02:51:44.268+0000] {processor.py:925} INFO - DAG(s) 'example_local_kubernetes_executor' retrieved from /home/airflow/.local/lib/python3.12/site-packages/airflow/example_dags/example_local_kubernetes_executor.py
[2024-11-11T02:51:44.284+0000] {logging_mixin.py:190} INFO - [2024-11-11T02:51:44.284+0000] {dag.py:3239} INFO - Sync 1 DAGs
[2024-11-11T02:51:44.291+0000] {logging_mixin.py:190} INFO - [2024-11-11T02:51:44.291+0000] {dag.py:4180} INFO - Setting next_dagrun for example_local_kubernetes_executor to None, run_after=None
[2024-11-11T02:51:44.299+0000] {processor.py:208} INFO - Processing /home/airflow/.local/lib/python3.12/site-packages/airflow/example_dags/example_local_kubernetes_executor.py took 0.042 seconds
[2024-11-11T02:52:15.889+0000] {processor.py:186} INFO - Started process (PID=3473) to work on /home/airflow/.local/lib/python3.12/site-packages/airflow/example_dags/example_local_kubernetes_executor.py
[2024-11-11T02:52:15.889+0000] {processor.py:914} INFO - Processing file /home/airflow/.local/lib/python3.12/site-packages/airflow/example_dags/example_local_kubernetes_executor.py for tasks to queue
[2024-11-11T02:52:15.891+0000] {logging_mixin.py:190} INFO - [2024-11-11T02:52:15.891+0000] {dagbag.py:588} INFO - Filling up the DagBag from /home/airflow/.local/lib/python3.12/site-packages/airflow/example_dags/example_local_kubernetes_executor.py
[2024-11-11T02:52:15.897+0000] {processor.py:925} INFO - DAG(s) 'example_local_kubernetes_executor' retrieved from /home/airflow/.local/lib/python3.12/site-packages/airflow/example_dags/example_local_kubernetes_executor.py
[2024-11-11T02:52:16.024+0000] {logging_mixin.py:190} INFO - [2024-11-11T02:52:16.024+0000] {dag.py:3239} INFO - Sync 1 DAGs
[2024-11-11T02:52:16.032+0000] {logging_mixin.py:190} INFO - [2024-11-11T02:52:16.032+0000] {dag.py:4180} INFO - Setting next_dagrun for example_local_kubernetes_executor to None, run_after=None
[2024-11-11T02:52:16.039+0000] {processor.py:208} INFO - Processing /home/airflow/.local/lib/python3.12/site-packages/airflow/example_dags/example_local_kubernetes_executor.py took 0.153 seconds
[2024-11-11T02:52:46.096+0000] {processor.py:186} INFO - Started process (PID=3537) to work on /home/airflow/.local/lib/python3.12/site-packages/airflow/example_dags/example_local_kubernetes_executor.py
[2024-11-11T02:52:46.097+0000] {processor.py:914} INFO - Processing file /home/airflow/.local/lib/python3.12/site-packages/airflow/example_dags/example_local_kubernetes_executor.py for tasks to queue
[2024-11-11T02:52:46.098+0000] {logging_mixin.py:190} INFO - [2024-11-11T02:52:46.098+0000] {dagbag.py:588} INFO - Filling up the DagBag from /home/airflow/.local/lib/python3.12/site-packages/airflow/example_dags/example_local_kubernetes_executor.py
[2024-11-11T02:52:46.104+0000] {processor.py:925} INFO - DAG(s) 'example_local_kubernetes_executor' retrieved from /home/airflow/.local/lib/python3.12/site-packages/airflow/example_dags/example_local_kubernetes_executor.py
[2024-11-11T02:52:46.119+0000] {logging_mixin.py:190} INFO - [2024-11-11T02:52:46.119+0000] {dag.py:3239} INFO - Sync 1 DAGs
[2024-11-11T02:52:46.223+0000] {logging_mixin.py:190} INFO - [2024-11-11T02:52:46.223+0000] {dag.py:4180} INFO - Setting next_dagrun for example_local_kubernetes_executor to None, run_after=None
[2024-11-11T02:52:46.230+0000] {processor.py:208} INFO - Processing /home/airflow/.local/lib/python3.12/site-packages/airflow/example_dags/example_local_kubernetes_executor.py took 0.137 seconds
[2024-11-11T02:53:16.440+0000] {processor.py:186} INFO - Started process (PID=3600) to work on /home/airflow/.local/lib/python3.12/site-packages/airflow/example_dags/example_local_kubernetes_executor.py
[2024-11-11T02:53:16.441+0000] {processor.py:914} INFO - Processing file /home/airflow/.local/lib/python3.12/site-packages/airflow/example_dags/example_local_kubernetes_executor.py for tasks to queue
[2024-11-11T02:53:16.442+0000] {logging_mixin.py:190} INFO - [2024-11-11T02:53:16.442+0000] {dagbag.py:588} INFO - Filling up the DagBag from /home/airflow/.local/lib/python3.12/site-packages/airflow/example_dags/example_local_kubernetes_executor.py
[2024-11-11T02:53:16.448+0000] {processor.py:925} INFO - DAG(s) 'example_local_kubernetes_executor' retrieved from /home/airflow/.local/lib/python3.12/site-packages/airflow/example_dags/example_local_kubernetes_executor.py
[2024-11-11T02:53:16.465+0000] {logging_mixin.py:190} INFO - [2024-11-11T02:53:16.465+0000] {dag.py:3239} INFO - Sync 1 DAGs
[2024-11-11T02:53:16.473+0000] {logging_mixin.py:190} INFO - [2024-11-11T02:53:16.473+0000] {dag.py:4180} INFO - Setting next_dagrun for example_local_kubernetes_executor to None, run_after=None
[2024-11-11T02:53:16.599+0000] {processor.py:208} INFO - Processing /home/airflow/.local/lib/python3.12/site-packages/airflow/example_dags/example_local_kubernetes_executor.py took 0.163 seconds
[2024-11-11T02:53:48.229+0000] {processor.py:186} INFO - Started process (PID=3662) to work on /home/airflow/.local/lib/python3.12/site-packages/airflow/example_dags/example_local_kubernetes_executor.py
[2024-11-11T02:53:48.229+0000] {processor.py:914} INFO - Processing file /home/airflow/.local/lib/python3.12/site-packages/airflow/example_dags/example_local_kubernetes_executor.py for tasks to queue
[2024-11-11T02:53:48.230+0000] {logging_mixin.py:190} INFO - [2024-11-11T02:53:48.230+0000] {dagbag.py:588} INFO - Filling up the DagBag from /home/airflow/.local/lib/python3.12/site-packages/airflow/example_dags/example_local_kubernetes_executor.py
[2024-11-11T02:53:48.235+0000] {processor.py:925} INFO - DAG(s) 'example_local_kubernetes_executor' retrieved from /home/airflow/.local/lib/python3.12/site-packages/airflow/example_dags/example_local_kubernetes_executor.py
[2024-11-11T02:53:48.251+0000] {logging_mixin.py:190} INFO - [2024-11-11T02:53:48.251+0000] {dag.py:3239} INFO - Sync 1 DAGs
[2024-11-11T02:53:48.257+0000] {logging_mixin.py:190} INFO - [2024-11-11T02:53:48.257+0000] {dag.py:4180} INFO - Setting next_dagrun for example_local_kubernetes_executor to None, run_after=None
[2024-11-11T02:53:48.266+0000] {processor.py:208} INFO - Processing /home/airflow/.local/lib/python3.12/site-packages/airflow/example_dags/example_local_kubernetes_executor.py took 0.040 seconds
[2024-11-11T02:54:18.778+0000] {processor.py:186} INFO - Started process (PID=3725) to work on /home/airflow/.local/lib/python3.12/site-packages/airflow/example_dags/example_local_kubernetes_executor.py
[2024-11-11T02:54:18.779+0000] {processor.py:914} INFO - Processing file /home/airflow/.local/lib/python3.12/site-packages/airflow/example_dags/example_local_kubernetes_executor.py for tasks to queue
[2024-11-11T02:54:18.781+0000] {logging_mixin.py:190} INFO - [2024-11-11T02:54:18.781+0000] {dagbag.py:588} INFO - Filling up the DagBag from /home/airflow/.local/lib/python3.12/site-packages/airflow/example_dags/example_local_kubernetes_executor.py
[2024-11-11T02:54:18.790+0000] {processor.py:925} INFO - DAG(s) 'example_local_kubernetes_executor' retrieved from /home/airflow/.local/lib/python3.12/site-packages/airflow/example_dags/example_local_kubernetes_executor.py
[2024-11-11T02:54:18.810+0000] {logging_mixin.py:190} INFO - [2024-11-11T02:54:18.810+0000] {dag.py:3239} INFO - Sync 1 DAGs
[2024-11-11T02:54:18.818+0000] {logging_mixin.py:190} INFO - [2024-11-11T02:54:18.818+0000] {dag.py:4180} INFO - Setting next_dagrun for example_local_kubernetes_executor to None, run_after=None
[2024-11-11T02:54:18.828+0000] {processor.py:208} INFO - Processing /home/airflow/.local/lib/python3.12/site-packages/airflow/example_dags/example_local_kubernetes_executor.py took 0.056 seconds
[2024-11-11T02:54:49.243+0000] {processor.py:186} INFO - Started process (PID=3788) to work on /home/airflow/.local/lib/python3.12/site-packages/airflow/example_dags/example_local_kubernetes_executor.py
[2024-11-11T02:54:49.243+0000] {processor.py:914} INFO - Processing file /home/airflow/.local/lib/python3.12/site-packages/airflow/example_dags/example_local_kubernetes_executor.py for tasks to queue
[2024-11-11T02:54:49.245+0000] {logging_mixin.py:190} INFO - [2024-11-11T02:54:49.245+0000] {dagbag.py:588} INFO - Filling up the DagBag from /home/airflow/.local/lib/python3.12/site-packages/airflow/example_dags/example_local_kubernetes_executor.py
[2024-11-11T02:54:49.250+0000] {processor.py:925} INFO - DAG(s) 'example_local_kubernetes_executor' retrieved from /home/airflow/.local/lib/python3.12/site-packages/airflow/example_dags/example_local_kubernetes_executor.py
[2024-11-11T02:54:49.267+0000] {logging_mixin.py:190} INFO - [2024-11-11T02:54:49.267+0000] {dag.py:3239} INFO - Sync 1 DAGs
[2024-11-11T02:54:49.274+0000] {logging_mixin.py:190} INFO - [2024-11-11T02:54:49.274+0000] {dag.py:4180} INFO - Setting next_dagrun for example_local_kubernetes_executor to None, run_after=None
[2024-11-11T02:54:49.283+0000] {processor.py:208} INFO - Processing /home/airflow/.local/lib/python3.12/site-packages/airflow/example_dags/example_local_kubernetes_executor.py took 0.044 seconds
[2024-11-11T02:55:19.685+0000] {processor.py:186} INFO - Started process (PID=3851) to work on /home/airflow/.local/lib/python3.12/site-packages/airflow/example_dags/example_local_kubernetes_executor.py
[2024-11-11T02:55:19.685+0000] {processor.py:914} INFO - Processing file /home/airflow/.local/lib/python3.12/site-packages/airflow/example_dags/example_local_kubernetes_executor.py for tasks to queue
[2024-11-11T02:55:19.687+0000] {logging_mixin.py:190} INFO - [2024-11-11T02:55:19.687+0000] {dagbag.py:588} INFO - Filling up the DagBag from /home/airflow/.local/lib/python3.12/site-packages/airflow/example_dags/example_local_kubernetes_executor.py
[2024-11-11T02:55:19.693+0000] {processor.py:925} INFO - DAG(s) 'example_local_kubernetes_executor' retrieved from /home/airflow/.local/lib/python3.12/site-packages/airflow/example_dags/example_local_kubernetes_executor.py
[2024-11-11T02:55:19.709+0000] {logging_mixin.py:190} INFO - [2024-11-11T02:55:19.709+0000] {dag.py:3239} INFO - Sync 1 DAGs
[2024-11-11T02:55:19.717+0000] {logging_mixin.py:190} INFO - [2024-11-11T02:55:19.716+0000] {dag.py:4180} INFO - Setting next_dagrun for example_local_kubernetes_executor to None, run_after=None
[2024-11-11T02:55:19.725+0000] {processor.py:208} INFO - Processing /home/airflow/.local/lib/python3.12/site-packages/airflow/example_dags/example_local_kubernetes_executor.py took 0.043 seconds
[2024-11-11T02:55:50.124+0000] {processor.py:186} INFO - Started process (PID=3914) to work on /home/airflow/.local/lib/python3.12/site-packages/airflow/example_dags/example_local_kubernetes_executor.py
[2024-11-11T02:55:50.124+0000] {processor.py:914} INFO - Processing file /home/airflow/.local/lib/python3.12/site-packages/airflow/example_dags/example_local_kubernetes_executor.py for tasks to queue
[2024-11-11T02:55:50.126+0000] {logging_mixin.py:190} INFO - [2024-11-11T02:55:50.125+0000] {dagbag.py:588} INFO - Filling up the DagBag from /home/airflow/.local/lib/python3.12/site-packages/airflow/example_dags/example_local_kubernetes_executor.py
[2024-11-11T02:55:50.131+0000] {processor.py:925} INFO - DAG(s) 'example_local_kubernetes_executor' retrieved from /home/airflow/.local/lib/python3.12/site-packages/airflow/example_dags/example_local_kubernetes_executor.py
[2024-11-11T02:55:50.147+0000] {logging_mixin.py:190} INFO - [2024-11-11T02:55:50.147+0000] {dag.py:3239} INFO - Sync 1 DAGs
[2024-11-11T02:55:50.153+0000] {logging_mixin.py:190} INFO - [2024-11-11T02:55:50.153+0000] {dag.py:4180} INFO - Setting next_dagrun for example_local_kubernetes_executor to None, run_after=None
[2024-11-11T02:55:50.162+0000] {processor.py:208} INFO - Processing /home/airflow/.local/lib/python3.12/site-packages/airflow/example_dags/example_local_kubernetes_executor.py took 0.042 seconds
[2024-11-11T02:56:20.753+0000] {processor.py:186} INFO - Started process (PID=3977) to work on /home/airflow/.local/lib/python3.12/site-packages/airflow/example_dags/example_local_kubernetes_executor.py
[2024-11-11T02:56:20.753+0000] {processor.py:914} INFO - Processing file /home/airflow/.local/lib/python3.12/site-packages/airflow/example_dags/example_local_kubernetes_executor.py for tasks to queue
[2024-11-11T02:56:20.755+0000] {logging_mixin.py:190} INFO - [2024-11-11T02:56:20.755+0000] {dagbag.py:588} INFO - Filling up the DagBag from /home/airflow/.local/lib/python3.12/site-packages/airflow/example_dags/example_local_kubernetes_executor.py
[2024-11-11T02:56:20.761+0000] {processor.py:925} INFO - DAG(s) 'example_local_kubernetes_executor' retrieved from /home/airflow/.local/lib/python3.12/site-packages/airflow/example_dags/example_local_kubernetes_executor.py
[2024-11-11T02:56:20.777+0000] {logging_mixin.py:190} INFO - [2024-11-11T02:56:20.777+0000] {dag.py:3239} INFO - Sync 1 DAGs
[2024-11-11T02:56:20.783+0000] {logging_mixin.py:190} INFO - [2024-11-11T02:56:20.783+0000] {dag.py:4180} INFO - Setting next_dagrun for example_local_kubernetes_executor to None, run_after=None
[2024-11-11T02:56:20.791+0000] {processor.py:208} INFO - Processing /home/airflow/.local/lib/python3.12/site-packages/airflow/example_dags/example_local_kubernetes_executor.py took 0.042 seconds
[2024-11-11T02:56:51.283+0000] {processor.py:186} INFO - Started process (PID=4040) to work on /home/airflow/.local/lib/python3.12/site-packages/airflow/example_dags/example_local_kubernetes_executor.py
[2024-11-11T02:56:51.284+0000] {processor.py:914} INFO - Processing file /home/airflow/.local/lib/python3.12/site-packages/airflow/example_dags/example_local_kubernetes_executor.py for tasks to queue
[2024-11-11T02:56:51.285+0000] {logging_mixin.py:190} INFO - [2024-11-11T02:56:51.285+0000] {dagbag.py:588} INFO - Filling up the DagBag from /home/airflow/.local/lib/python3.12/site-packages/airflow/example_dags/example_local_kubernetes_executor.py
[2024-11-11T02:56:51.291+0000] {processor.py:925} INFO - DAG(s) 'example_local_kubernetes_executor' retrieved from /home/airflow/.local/lib/python3.12/site-packages/airflow/example_dags/example_local_kubernetes_executor.py
[2024-11-11T02:56:51.308+0000] {logging_mixin.py:190} INFO - [2024-11-11T02:56:51.307+0000] {dag.py:3239} INFO - Sync 1 DAGs
[2024-11-11T02:56:51.314+0000] {logging_mixin.py:190} INFO - [2024-11-11T02:56:51.314+0000] {dag.py:4180} INFO - Setting next_dagrun for example_local_kubernetes_executor to None, run_after=None
[2024-11-11T02:56:51.321+0000] {processor.py:208} INFO - Processing /home/airflow/.local/lib/python3.12/site-packages/airflow/example_dags/example_local_kubernetes_executor.py took 0.042 seconds
[2024-11-11T02:57:21.808+0000] {processor.py:186} INFO - Started process (PID=4103) to work on /home/airflow/.local/lib/python3.12/site-packages/airflow/example_dags/example_local_kubernetes_executor.py
[2024-11-11T02:57:21.808+0000] {processor.py:914} INFO - Processing file /home/airflow/.local/lib/python3.12/site-packages/airflow/example_dags/example_local_kubernetes_executor.py for tasks to queue
[2024-11-11T02:57:21.810+0000] {logging_mixin.py:190} INFO - [2024-11-11T02:57:21.810+0000] {dagbag.py:588} INFO - Filling up the DagBag from /home/airflow/.local/lib/python3.12/site-packages/airflow/example_dags/example_local_kubernetes_executor.py
[2024-11-11T02:57:21.815+0000] {processor.py:925} INFO - DAG(s) 'example_local_kubernetes_executor' retrieved from /home/airflow/.local/lib/python3.12/site-packages/airflow/example_dags/example_local_kubernetes_executor.py
[2024-11-11T02:57:21.832+0000] {logging_mixin.py:190} INFO - [2024-11-11T02:57:21.832+0000] {dag.py:3239} INFO - Sync 1 DAGs
[2024-11-11T02:57:21.839+0000] {logging_mixin.py:190} INFO - [2024-11-11T02:57:21.839+0000] {dag.py:4180} INFO - Setting next_dagrun for example_local_kubernetes_executor to None, run_after=None
[2024-11-11T02:57:21.847+0000] {processor.py:208} INFO - Processing /home/airflow/.local/lib/python3.12/site-packages/airflow/example_dags/example_local_kubernetes_executor.py took 0.043 seconds
[2024-11-11T02:57:52.213+0000] {processor.py:186} INFO - Started process (PID=4166) to work on /home/airflow/.local/lib/python3.12/site-packages/airflow/example_dags/example_local_kubernetes_executor.py
[2024-11-11T02:57:52.214+0000] {processor.py:914} INFO - Processing file /home/airflow/.local/lib/python3.12/site-packages/airflow/example_dags/example_local_kubernetes_executor.py for tasks to queue
[2024-11-11T02:57:52.215+0000] {logging_mixin.py:190} INFO - [2024-11-11T02:57:52.215+0000] {dagbag.py:588} INFO - Filling up the DagBag from /home/airflow/.local/lib/python3.12/site-packages/airflow/example_dags/example_local_kubernetes_executor.py
[2024-11-11T02:57:52.220+0000] {processor.py:925} INFO - DAG(s) 'example_local_kubernetes_executor' retrieved from /home/airflow/.local/lib/python3.12/site-packages/airflow/example_dags/example_local_kubernetes_executor.py
[2024-11-11T02:57:52.237+0000] {logging_mixin.py:190} INFO - [2024-11-11T02:57:52.237+0000] {dag.py:3239} INFO - Sync 1 DAGs
[2024-11-11T02:57:52.243+0000] {logging_mixin.py:190} INFO - [2024-11-11T02:57:52.243+0000] {dag.py:4180} INFO - Setting next_dagrun for example_local_kubernetes_executor to None, run_after=None
[2024-11-11T02:57:52.252+0000] {processor.py:208} INFO - Processing /home/airflow/.local/lib/python3.12/site-packages/airflow/example_dags/example_local_kubernetes_executor.py took 0.042 seconds
[2024-11-11T02:58:22.722+0000] {processor.py:186} INFO - Started process (PID=4229) to work on /home/airflow/.local/lib/python3.12/site-packages/airflow/example_dags/example_local_kubernetes_executor.py
[2024-11-11T02:58:22.723+0000] {processor.py:914} INFO - Processing file /home/airflow/.local/lib/python3.12/site-packages/airflow/example_dags/example_local_kubernetes_executor.py for tasks to queue
[2024-11-11T02:58:22.725+0000] {logging_mixin.py:190} INFO - [2024-11-11T02:58:22.724+0000] {dagbag.py:588} INFO - Filling up the DagBag from /home/airflow/.local/lib/python3.12/site-packages/airflow/example_dags/example_local_kubernetes_executor.py
[2024-11-11T02:58:22.732+0000] {processor.py:925} INFO - DAG(s) 'example_local_kubernetes_executor' retrieved from /home/airflow/.local/lib/python3.12/site-packages/airflow/example_dags/example_local_kubernetes_executor.py
[2024-11-11T02:58:22.753+0000] {logging_mixin.py:190} INFO - [2024-11-11T02:58:22.753+0000] {dag.py:3239} INFO - Sync 1 DAGs
[2024-11-11T02:58:22.761+0000] {logging_mixin.py:190} INFO - [2024-11-11T02:58:22.760+0000] {dag.py:4180} INFO - Setting next_dagrun for example_local_kubernetes_executor to None, run_after=None
[2024-11-11T02:58:22.772+0000] {processor.py:208} INFO - Processing /home/airflow/.local/lib/python3.12/site-packages/airflow/example_dags/example_local_kubernetes_executor.py took 0.054 seconds
[2024-11-11T02:58:53.182+0000] {processor.py:186} INFO - Started process (PID=4292) to work on /home/airflow/.local/lib/python3.12/site-packages/airflow/example_dags/example_local_kubernetes_executor.py
[2024-11-11T02:58:53.182+0000] {processor.py:914} INFO - Processing file /home/airflow/.local/lib/python3.12/site-packages/airflow/example_dags/example_local_kubernetes_executor.py for tasks to queue
[2024-11-11T02:58:53.184+0000] {logging_mixin.py:190} INFO - [2024-11-11T02:58:53.184+0000] {dagbag.py:588} INFO - Filling up the DagBag from /home/airflow/.local/lib/python3.12/site-packages/airflow/example_dags/example_local_kubernetes_executor.py
[2024-11-11T02:58:53.190+0000] {processor.py:925} INFO - DAG(s) 'example_local_kubernetes_executor' retrieved from /home/airflow/.local/lib/python3.12/site-packages/airflow/example_dags/example_local_kubernetes_executor.py
[2024-11-11T02:58:53.207+0000] {logging_mixin.py:190} INFO - [2024-11-11T02:58:53.207+0000] {dag.py:3239} INFO - Sync 1 DAGs
[2024-11-11T02:58:53.215+0000] {logging_mixin.py:190} INFO - [2024-11-11T02:58:53.214+0000] {dag.py:4180} INFO - Setting next_dagrun for example_local_kubernetes_executor to None, run_after=None
[2024-11-11T02:58:53.224+0000] {processor.py:208} INFO - Processing /home/airflow/.local/lib/python3.12/site-packages/airflow/example_dags/example_local_kubernetes_executor.py took 0.046 seconds
[2024-11-11T02:59:23.669+0000] {processor.py:186} INFO - Started process (PID=4355) to work on /home/airflow/.local/lib/python3.12/site-packages/airflow/example_dags/example_local_kubernetes_executor.py
[2024-11-11T02:59:23.670+0000] {processor.py:914} INFO - Processing file /home/airflow/.local/lib/python3.12/site-packages/airflow/example_dags/example_local_kubernetes_executor.py for tasks to queue
[2024-11-11T02:59:23.671+0000] {logging_mixin.py:190} INFO - [2024-11-11T02:59:23.671+0000] {dagbag.py:588} INFO - Filling up the DagBag from /home/airflow/.local/lib/python3.12/site-packages/airflow/example_dags/example_local_kubernetes_executor.py
[2024-11-11T02:59:23.677+0000] {processor.py:925} INFO - DAG(s) 'example_local_kubernetes_executor' retrieved from /home/airflow/.local/lib/python3.12/site-packages/airflow/example_dags/example_local_kubernetes_executor.py
[2024-11-11T02:59:23.693+0000] {logging_mixin.py:190} INFO - [2024-11-11T02:59:23.693+0000] {dag.py:3239} INFO - Sync 1 DAGs
[2024-11-11T02:59:23.701+0000] {logging_mixin.py:190} INFO - [2024-11-11T02:59:23.701+0000] {dag.py:4180} INFO - Setting next_dagrun for example_local_kubernetes_executor to None, run_after=None
[2024-11-11T02:59:23.709+0000] {processor.py:208} INFO - Processing /home/airflow/.local/lib/python3.12/site-packages/airflow/example_dags/example_local_kubernetes_executor.py took 0.043 seconds
[2024-11-11T02:59:54.154+0000] {processor.py:186} INFO - Started process (PID=4418) to work on /home/airflow/.local/lib/python3.12/site-packages/airflow/example_dags/example_local_kubernetes_executor.py
[2024-11-11T02:59:54.154+0000] {processor.py:914} INFO - Processing file /home/airflow/.local/lib/python3.12/site-packages/airflow/example_dags/example_local_kubernetes_executor.py for tasks to queue
[2024-11-11T02:59:54.156+0000] {logging_mixin.py:190} INFO - [2024-11-11T02:59:54.155+0000] {dagbag.py:588} INFO - Filling up the DagBag from /home/airflow/.local/lib/python3.12/site-packages/airflow/example_dags/example_local_kubernetes_executor.py
[2024-11-11T02:59:54.162+0000] {processor.py:925} INFO - DAG(s) 'example_local_kubernetes_executor' retrieved from /home/airflow/.local/lib/python3.12/site-packages/airflow/example_dags/example_local_kubernetes_executor.py
[2024-11-11T02:59:54.178+0000] {logging_mixin.py:190} INFO - [2024-11-11T02:59:54.178+0000] {dag.py:3239} INFO - Sync 1 DAGs
[2024-11-11T02:59:54.185+0000] {logging_mixin.py:190} INFO - [2024-11-11T02:59:54.185+0000] {dag.py:4180} INFO - Setting next_dagrun for example_local_kubernetes_executor to None, run_after=None
[2024-11-11T02:59:54.193+0000] {processor.py:208} INFO - Processing /home/airflow/.local/lib/python3.12/site-packages/airflow/example_dags/example_local_kubernetes_executor.py took 0.043 seconds
[2024-11-11T03:00:24.667+0000] {processor.py:186} INFO - Started process (PID=4481) to work on /home/airflow/.local/lib/python3.12/site-packages/airflow/example_dags/example_local_kubernetes_executor.py
[2024-11-11T03:00:24.668+0000] {processor.py:914} INFO - Processing file /home/airflow/.local/lib/python3.12/site-packages/airflow/example_dags/example_local_kubernetes_executor.py for tasks to queue
[2024-11-11T03:00:24.670+0000] {logging_mixin.py:190} INFO - [2024-11-11T03:00:24.670+0000] {dagbag.py:588} INFO - Filling up the DagBag from /home/airflow/.local/lib/python3.12/site-packages/airflow/example_dags/example_local_kubernetes_executor.py
[2024-11-11T03:00:24.675+0000] {processor.py:925} INFO - DAG(s) 'example_local_kubernetes_executor' retrieved from /home/airflow/.local/lib/python3.12/site-packages/airflow/example_dags/example_local_kubernetes_executor.py
[2024-11-11T03:00:24.692+0000] {logging_mixin.py:190} INFO - [2024-11-11T03:00:24.692+0000] {dag.py:3239} INFO - Sync 1 DAGs
[2024-11-11T03:00:24.698+0000] {logging_mixin.py:190} INFO - [2024-11-11T03:00:24.698+0000] {dag.py:4180} INFO - Setting next_dagrun for example_local_kubernetes_executor to None, run_after=None
[2024-11-11T03:00:24.706+0000] {processor.py:208} INFO - Processing /home/airflow/.local/lib/python3.12/site-packages/airflow/example_dags/example_local_kubernetes_executor.py took 0.042 seconds
[2024-11-11T03:00:55.146+0000] {processor.py:186} INFO - Started process (PID=4544) to work on /home/airflow/.local/lib/python3.12/site-packages/airflow/example_dags/example_local_kubernetes_executor.py
[2024-11-11T03:00:55.147+0000] {processor.py:914} INFO - Processing file /home/airflow/.local/lib/python3.12/site-packages/airflow/example_dags/example_local_kubernetes_executor.py for tasks to queue
[2024-11-11T03:00:55.148+0000] {logging_mixin.py:190} INFO - [2024-11-11T03:00:55.148+0000] {dagbag.py:588} INFO - Filling up the DagBag from /home/airflow/.local/lib/python3.12/site-packages/airflow/example_dags/example_local_kubernetes_executor.py
[2024-11-11T03:00:55.155+0000] {processor.py:925} INFO - DAG(s) 'example_local_kubernetes_executor' retrieved from /home/airflow/.local/lib/python3.12/site-packages/airflow/example_dags/example_local_kubernetes_executor.py
[2024-11-11T03:00:55.172+0000] {logging_mixin.py:190} INFO - [2024-11-11T03:00:55.171+0000] {dag.py:3239} INFO - Sync 1 DAGs
[2024-11-11T03:00:55.178+0000] {logging_mixin.py:190} INFO - [2024-11-11T03:00:55.178+0000] {dag.py:4180} INFO - Setting next_dagrun for example_local_kubernetes_executor to None, run_after=None
[2024-11-11T03:00:55.186+0000] {processor.py:208} INFO - Processing /home/airflow/.local/lib/python3.12/site-packages/airflow/example_dags/example_local_kubernetes_executor.py took 0.043 seconds
[2024-11-11T03:01:25.553+0000] {processor.py:186} INFO - Started process (PID=4607) to work on /home/airflow/.local/lib/python3.12/site-packages/airflow/example_dags/example_local_kubernetes_executor.py
[2024-11-11T03:01:25.554+0000] {processor.py:914} INFO - Processing file /home/airflow/.local/lib/python3.12/site-packages/airflow/example_dags/example_local_kubernetes_executor.py for tasks to queue
[2024-11-11T03:01:25.555+0000] {logging_mixin.py:190} INFO - [2024-11-11T03:01:25.555+0000] {dagbag.py:588} INFO - Filling up the DagBag from /home/airflow/.local/lib/python3.12/site-packages/airflow/example_dags/example_local_kubernetes_executor.py
[2024-11-11T03:01:25.560+0000] {processor.py:925} INFO - DAG(s) 'example_local_kubernetes_executor' retrieved from /home/airflow/.local/lib/python3.12/site-packages/airflow/example_dags/example_local_kubernetes_executor.py
[2024-11-11T03:01:25.577+0000] {logging_mixin.py:190} INFO - [2024-11-11T03:01:25.577+0000] {dag.py:3239} INFO - Sync 1 DAGs
[2024-11-11T03:01:25.584+0000] {logging_mixin.py:190} INFO - [2024-11-11T03:01:25.584+0000] {dag.py:4180} INFO - Setting next_dagrun for example_local_kubernetes_executor to None, run_after=None
[2024-11-11T03:01:25.592+0000] {processor.py:208} INFO - Processing /home/airflow/.local/lib/python3.12/site-packages/airflow/example_dags/example_local_kubernetes_executor.py took 0.042 seconds
[2024-11-11T03:01:56.380+0000] {processor.py:186} INFO - Started process (PID=4670) to work on /home/airflow/.local/lib/python3.12/site-packages/airflow/example_dags/example_local_kubernetes_executor.py
[2024-11-11T03:01:56.381+0000] {processor.py:914} INFO - Processing file /home/airflow/.local/lib/python3.12/site-packages/airflow/example_dags/example_local_kubernetes_executor.py for tasks to queue
[2024-11-11T03:01:56.383+0000] {logging_mixin.py:190} INFO - [2024-11-11T03:01:56.383+0000] {dagbag.py:588} INFO - Filling up the DagBag from /home/airflow/.local/lib/python3.12/site-packages/airflow/example_dags/example_local_kubernetes_executor.py
[2024-11-11T03:01:56.389+0000] {processor.py:925} INFO - DAG(s) 'example_local_kubernetes_executor' retrieved from /home/airflow/.local/lib/python3.12/site-packages/airflow/example_dags/example_local_kubernetes_executor.py
[2024-11-11T03:01:56.406+0000] {logging_mixin.py:190} INFO - [2024-11-11T03:01:56.406+0000] {dag.py:3239} INFO - Sync 1 DAGs
[2024-11-11T03:01:56.414+0000] {logging_mixin.py:190} INFO - [2024-11-11T03:01:56.413+0000] {dag.py:4180} INFO - Setting next_dagrun for example_local_kubernetes_executor to None, run_after=None
[2024-11-11T03:01:56.422+0000] {processor.py:208} INFO - Processing /home/airflow/.local/lib/python3.12/site-packages/airflow/example_dags/example_local_kubernetes_executor.py took 0.045 seconds
[2024-11-11T03:03:15.969+0000] {processor.py:186} INFO - Started process (PID=4733) to work on /home/airflow/.local/lib/python3.12/site-packages/airflow/example_dags/example_local_kubernetes_executor.py
[2024-11-11T03:03:15.969+0000] {processor.py:914} INFO - Processing file /home/airflow/.local/lib/python3.12/site-packages/airflow/example_dags/example_local_kubernetes_executor.py for tasks to queue
[2024-11-11T03:03:15.971+0000] {logging_mixin.py:190} INFO - [2024-11-11T03:03:15.971+0000] {dagbag.py:588} INFO - Filling up the DagBag from /home/airflow/.local/lib/python3.12/site-packages/airflow/example_dags/example_local_kubernetes_executor.py
[2024-11-11T03:03:15.977+0000] {processor.py:925} INFO - DAG(s) 'example_local_kubernetes_executor' retrieved from /home/airflow/.local/lib/python3.12/site-packages/airflow/example_dags/example_local_kubernetes_executor.py
[2024-11-11T03:03:15.993+0000] {logging_mixin.py:190} INFO - [2024-11-11T03:03:15.993+0000] {dag.py:3239} INFO - Sync 1 DAGs
[2024-11-11T03:03:15.999+0000] {logging_mixin.py:190} INFO - [2024-11-11T03:03:15.999+0000] {dag.py:4180} INFO - Setting next_dagrun for example_local_kubernetes_executor to None, run_after=None
[2024-11-11T03:03:16.007+0000] {processor.py:208} INFO - Processing /home/airflow/.local/lib/python3.12/site-packages/airflow/example_dags/example_local_kubernetes_executor.py took 0.042 seconds
[2024-11-11T03:03:46.354+0000] {processor.py:186} INFO - Started process (PID=4796) to work on /home/airflow/.local/lib/python3.12/site-packages/airflow/example_dags/example_local_kubernetes_executor.py
[2024-11-11T03:03:46.355+0000] {processor.py:914} INFO - Processing file /home/airflow/.local/lib/python3.12/site-packages/airflow/example_dags/example_local_kubernetes_executor.py for tasks to queue
[2024-11-11T03:03:46.356+0000] {logging_mixin.py:190} INFO - [2024-11-11T03:03:46.356+0000] {dagbag.py:588} INFO - Filling up the DagBag from /home/airflow/.local/lib/python3.12/site-packages/airflow/example_dags/example_local_kubernetes_executor.py
[2024-11-11T03:03:46.362+0000] {processor.py:925} INFO - DAG(s) 'example_local_kubernetes_executor' retrieved from /home/airflow/.local/lib/python3.12/site-packages/airflow/example_dags/example_local_kubernetes_executor.py
[2024-11-11T03:03:46.379+0000] {logging_mixin.py:190} INFO - [2024-11-11T03:03:46.379+0000] {dag.py:3239} INFO - Sync 1 DAGs
[2024-11-11T03:03:46.387+0000] {logging_mixin.py:190} INFO - [2024-11-11T03:03:46.386+0000] {dag.py:4180} INFO - Setting next_dagrun for example_local_kubernetes_executor to None, run_after=None
[2024-11-11T03:03:46.396+0000] {processor.py:208} INFO - Processing /home/airflow/.local/lib/python3.12/site-packages/airflow/example_dags/example_local_kubernetes_executor.py took 0.045 seconds
[2024-11-11T03:04:16.912+0000] {processor.py:186} INFO - Started process (PID=4859) to work on /home/airflow/.local/lib/python3.12/site-packages/airflow/example_dags/example_local_kubernetes_executor.py
[2024-11-11T03:04:16.913+0000] {processor.py:914} INFO - Processing file /home/airflow/.local/lib/python3.12/site-packages/airflow/example_dags/example_local_kubernetes_executor.py for tasks to queue
[2024-11-11T03:04:16.914+0000] {logging_mixin.py:190} INFO - [2024-11-11T03:04:16.914+0000] {dagbag.py:588} INFO - Filling up the DagBag from /home/airflow/.local/lib/python3.12/site-packages/airflow/example_dags/example_local_kubernetes_executor.py
[2024-11-11T03:04:16.920+0000] {processor.py:925} INFO - DAG(s) 'example_local_kubernetes_executor' retrieved from /home/airflow/.local/lib/python3.12/site-packages/airflow/example_dags/example_local_kubernetes_executor.py
[2024-11-11T03:04:16.938+0000] {logging_mixin.py:190} INFO - [2024-11-11T03:04:16.938+0000] {dag.py:3239} INFO - Sync 1 DAGs
[2024-11-11T03:04:16.946+0000] {logging_mixin.py:190} INFO - [2024-11-11T03:04:16.946+0000] {dag.py:4180} INFO - Setting next_dagrun for example_local_kubernetes_executor to None, run_after=None
[2024-11-11T03:04:16.955+0000] {processor.py:208} INFO - Processing /home/airflow/.local/lib/python3.12/site-packages/airflow/example_dags/example_local_kubernetes_executor.py took 0.046 seconds
[2024-11-11T03:04:47.425+0000] {processor.py:186} INFO - Started process (PID=4922) to work on /home/airflow/.local/lib/python3.12/site-packages/airflow/example_dags/example_local_kubernetes_executor.py
[2024-11-11T03:04:47.425+0000] {processor.py:914} INFO - Processing file /home/airflow/.local/lib/python3.12/site-packages/airflow/example_dags/example_local_kubernetes_executor.py for tasks to queue
[2024-11-11T03:04:47.427+0000] {logging_mixin.py:190} INFO - [2024-11-11T03:04:47.426+0000] {dagbag.py:588} INFO - Filling up the DagBag from /home/airflow/.local/lib/python3.12/site-packages/airflow/example_dags/example_local_kubernetes_executor.py
[2024-11-11T03:04:47.432+0000] {processor.py:925} INFO - DAG(s) 'example_local_kubernetes_executor' retrieved from /home/airflow/.local/lib/python3.12/site-packages/airflow/example_dags/example_local_kubernetes_executor.py
[2024-11-11T03:04:47.449+0000] {logging_mixin.py:190} INFO - [2024-11-11T03:04:47.449+0000] {dag.py:3239} INFO - Sync 1 DAGs
[2024-11-11T03:04:47.456+0000] {logging_mixin.py:190} INFO - [2024-11-11T03:04:47.456+0000] {dag.py:4180} INFO - Setting next_dagrun for example_local_kubernetes_executor to None, run_after=None
[2024-11-11T03:04:47.464+0000] {processor.py:208} INFO - Processing /home/airflow/.local/lib/python3.12/site-packages/airflow/example_dags/example_local_kubernetes_executor.py took 0.043 seconds
[2024-11-11T03:05:17.874+0000] {processor.py:186} INFO - Started process (PID=4985) to work on /home/airflow/.local/lib/python3.12/site-packages/airflow/example_dags/example_local_kubernetes_executor.py
[2024-11-11T03:05:17.875+0000] {processor.py:914} INFO - Processing file /home/airflow/.local/lib/python3.12/site-packages/airflow/example_dags/example_local_kubernetes_executor.py for tasks to queue
[2024-11-11T03:05:17.876+0000] {logging_mixin.py:190} INFO - [2024-11-11T03:05:17.876+0000] {dagbag.py:588} INFO - Filling up the DagBag from /home/airflow/.local/lib/python3.12/site-packages/airflow/example_dags/example_local_kubernetes_executor.py
[2024-11-11T03:05:17.882+0000] {processor.py:925} INFO - DAG(s) 'example_local_kubernetes_executor' retrieved from /home/airflow/.local/lib/python3.12/site-packages/airflow/example_dags/example_local_kubernetes_executor.py
[2024-11-11T03:05:17.898+0000] {logging_mixin.py:190} INFO - [2024-11-11T03:05:17.898+0000] {dag.py:3239} INFO - Sync 1 DAGs
[2024-11-11T03:05:17.904+0000] {logging_mixin.py:190} INFO - [2024-11-11T03:05:17.904+0000] {dag.py:4180} INFO - Setting next_dagrun for example_local_kubernetes_executor to None, run_after=None
[2024-11-11T03:05:17.913+0000] {processor.py:208} INFO - Processing /home/airflow/.local/lib/python3.12/site-packages/airflow/example_dags/example_local_kubernetes_executor.py took 0.042 seconds
[2024-11-11T03:05:48.208+0000] {processor.py:186} INFO - Started process (PID=5048) to work on /home/airflow/.local/lib/python3.12/site-packages/airflow/example_dags/example_local_kubernetes_executor.py
[2024-11-11T03:05:48.208+0000] {processor.py:914} INFO - Processing file /home/airflow/.local/lib/python3.12/site-packages/airflow/example_dags/example_local_kubernetes_executor.py for tasks to queue
[2024-11-11T03:05:48.209+0000] {logging_mixin.py:190} INFO - [2024-11-11T03:05:48.209+0000] {dagbag.py:588} INFO - Filling up the DagBag from /home/airflow/.local/lib/python3.12/site-packages/airflow/example_dags/example_local_kubernetes_executor.py
[2024-11-11T03:05:48.215+0000] {processor.py:925} INFO - DAG(s) 'example_local_kubernetes_executor' retrieved from /home/airflow/.local/lib/python3.12/site-packages/airflow/example_dags/example_local_kubernetes_executor.py
[2024-11-11T03:05:48.230+0000] {logging_mixin.py:190} INFO - [2024-11-11T03:05:48.230+0000] {dag.py:3239} INFO - Sync 1 DAGs
[2024-11-11T03:05:48.237+0000] {logging_mixin.py:190} INFO - [2024-11-11T03:05:48.237+0000] {dag.py:4180} INFO - Setting next_dagrun for example_local_kubernetes_executor to None, run_after=None
[2024-11-11T03:05:48.245+0000] {processor.py:208} INFO - Processing /home/airflow/.local/lib/python3.12/site-packages/airflow/example_dags/example_local_kubernetes_executor.py took 0.041 seconds
[2024-11-11T03:06:18.546+0000] {processor.py:186} INFO - Started process (PID=5111) to work on /home/airflow/.local/lib/python3.12/site-packages/airflow/example_dags/example_local_kubernetes_executor.py
[2024-11-11T03:06:18.546+0000] {processor.py:914} INFO - Processing file /home/airflow/.local/lib/python3.12/site-packages/airflow/example_dags/example_local_kubernetes_executor.py for tasks to queue
[2024-11-11T03:06:18.548+0000] {logging_mixin.py:190} INFO - [2024-11-11T03:06:18.548+0000] {dagbag.py:588} INFO - Filling up the DagBag from /home/airflow/.local/lib/python3.12/site-packages/airflow/example_dags/example_local_kubernetes_executor.py
[2024-11-11T03:06:18.553+0000] {processor.py:925} INFO - DAG(s) 'example_local_kubernetes_executor' retrieved from /home/airflow/.local/lib/python3.12/site-packages/airflow/example_dags/example_local_kubernetes_executor.py
[2024-11-11T03:06:18.571+0000] {logging_mixin.py:190} INFO - [2024-11-11T03:06:18.571+0000] {dag.py:3239} INFO - Sync 1 DAGs
[2024-11-11T03:06:18.578+0000] {logging_mixin.py:190} INFO - [2024-11-11T03:06:18.578+0000] {dag.py:4180} INFO - Setting next_dagrun for example_local_kubernetes_executor to None, run_after=None
[2024-11-11T03:06:18.587+0000] {processor.py:208} INFO - Processing /home/airflow/.local/lib/python3.12/site-packages/airflow/example_dags/example_local_kubernetes_executor.py took 0.044 seconds
[2024-11-11T03:06:48.958+0000] {processor.py:186} INFO - Started process (PID=5174) to work on /home/airflow/.local/lib/python3.12/site-packages/airflow/example_dags/example_local_kubernetes_executor.py
[2024-11-11T03:06:48.958+0000] {processor.py:914} INFO - Processing file /home/airflow/.local/lib/python3.12/site-packages/airflow/example_dags/example_local_kubernetes_executor.py for tasks to queue
[2024-11-11T03:06:48.960+0000] {logging_mixin.py:190} INFO - [2024-11-11T03:06:48.959+0000] {dagbag.py:588} INFO - Filling up the DagBag from /home/airflow/.local/lib/python3.12/site-packages/airflow/example_dags/example_local_kubernetes_executor.py
[2024-11-11T03:06:48.965+0000] {processor.py:925} INFO - DAG(s) 'example_local_kubernetes_executor' retrieved from /home/airflow/.local/lib/python3.12/site-packages/airflow/example_dags/example_local_kubernetes_executor.py
[2024-11-11T03:06:48.983+0000] {logging_mixin.py:190} INFO - [2024-11-11T03:06:48.983+0000] {dag.py:3239} INFO - Sync 1 DAGs
[2024-11-11T03:06:48.990+0000] {logging_mixin.py:190} INFO - [2024-11-11T03:06:48.990+0000] {dag.py:4180} INFO - Setting next_dagrun for example_local_kubernetes_executor to None, run_after=None
[2024-11-11T03:06:49.008+0000] {processor.py:208} INFO - Processing /home/airflow/.local/lib/python3.12/site-packages/airflow/example_dags/example_local_kubernetes_executor.py took 0.054 seconds
[2024-11-11T03:07:19.495+0000] {processor.py:186} INFO - Started process (PID=5238) to work on /home/airflow/.local/lib/python3.12/site-packages/airflow/example_dags/example_local_kubernetes_executor.py
[2024-11-11T03:07:19.495+0000] {processor.py:914} INFO - Processing file /home/airflow/.local/lib/python3.12/site-packages/airflow/example_dags/example_local_kubernetes_executor.py for tasks to queue
[2024-11-11T03:07:19.497+0000] {logging_mixin.py:190} INFO - [2024-11-11T03:07:19.496+0000] {dagbag.py:588} INFO - Filling up the DagBag from /home/airflow/.local/lib/python3.12/site-packages/airflow/example_dags/example_local_kubernetes_executor.py
[2024-11-11T03:07:19.502+0000] {processor.py:925} INFO - DAG(s) 'example_local_kubernetes_executor' retrieved from /home/airflow/.local/lib/python3.12/site-packages/airflow/example_dags/example_local_kubernetes_executor.py
[2024-11-11T03:07:19.517+0000] {logging_mixin.py:190} INFO - [2024-11-11T03:07:19.517+0000] {dag.py:3239} INFO - Sync 1 DAGs
[2024-11-11T03:07:19.524+0000] {logging_mixin.py:190} INFO - [2024-11-11T03:07:19.524+0000] {dag.py:4180} INFO - Setting next_dagrun for example_local_kubernetes_executor to None, run_after=None
[2024-11-11T03:07:19.532+0000] {processor.py:208} INFO - Processing /home/airflow/.local/lib/python3.12/site-packages/airflow/example_dags/example_local_kubernetes_executor.py took 0.041 seconds
[2024-11-11T03:07:50.311+0000] {processor.py:186} INFO - Started process (PID=5301) to work on /home/airflow/.local/lib/python3.12/site-packages/airflow/example_dags/example_local_kubernetes_executor.py
[2024-11-11T03:07:50.312+0000] {processor.py:914} INFO - Processing file /home/airflow/.local/lib/python3.12/site-packages/airflow/example_dags/example_local_kubernetes_executor.py for tasks to queue
[2024-11-11T03:07:50.313+0000] {logging_mixin.py:190} INFO - [2024-11-11T03:07:50.313+0000] {dagbag.py:588} INFO - Filling up the DagBag from /home/airflow/.local/lib/python3.12/site-packages/airflow/example_dags/example_local_kubernetes_executor.py
[2024-11-11T03:07:50.319+0000] {processor.py:925} INFO - DAG(s) 'example_local_kubernetes_executor' retrieved from /home/airflow/.local/lib/python3.12/site-packages/airflow/example_dags/example_local_kubernetes_executor.py
[2024-11-11T03:07:50.338+0000] {logging_mixin.py:190} INFO - [2024-11-11T03:07:50.338+0000] {dag.py:3239} INFO - Sync 1 DAGs
[2024-11-11T03:07:50.345+0000] {logging_mixin.py:190} INFO - [2024-11-11T03:07:50.345+0000] {dag.py:4180} INFO - Setting next_dagrun for example_local_kubernetes_executor to None, run_after=None
[2024-11-11T03:07:50.355+0000] {processor.py:208} INFO - Processing /home/airflow/.local/lib/python3.12/site-packages/airflow/example_dags/example_local_kubernetes_executor.py took 0.048 seconds
[2024-11-11T03:08:20.887+0000] {processor.py:186} INFO - Started process (PID=5364) to work on /home/airflow/.local/lib/python3.12/site-packages/airflow/example_dags/example_local_kubernetes_executor.py
[2024-11-11T03:08:20.887+0000] {processor.py:914} INFO - Processing file /home/airflow/.local/lib/python3.12/site-packages/airflow/example_dags/example_local_kubernetes_executor.py for tasks to queue
[2024-11-11T03:08:20.888+0000] {logging_mixin.py:190} INFO - [2024-11-11T03:08:20.888+0000] {dagbag.py:588} INFO - Filling up the DagBag from /home/airflow/.local/lib/python3.12/site-packages/airflow/example_dags/example_local_kubernetes_executor.py
[2024-11-11T03:08:20.894+0000] {processor.py:925} INFO - DAG(s) 'example_local_kubernetes_executor' retrieved from /home/airflow/.local/lib/python3.12/site-packages/airflow/example_dags/example_local_kubernetes_executor.py
[2024-11-11T03:08:20.910+0000] {logging_mixin.py:190} INFO - [2024-11-11T03:08:20.910+0000] {dag.py:3239} INFO - Sync 1 DAGs
[2024-11-11T03:08:20.917+0000] {logging_mixin.py:190} INFO - [2024-11-11T03:08:20.917+0000] {dag.py:4180} INFO - Setting next_dagrun for example_local_kubernetes_executor to None, run_after=None
[2024-11-11T03:08:20.926+0000] {processor.py:208} INFO - Processing /home/airflow/.local/lib/python3.12/site-packages/airflow/example_dags/example_local_kubernetes_executor.py took 0.043 seconds
[2024-11-11T03:08:51.421+0000] {processor.py:186} INFO - Started process (PID=5427) to work on /home/airflow/.local/lib/python3.12/site-packages/airflow/example_dags/example_local_kubernetes_executor.py
[2024-11-11T03:08:51.421+0000] {processor.py:914} INFO - Processing file /home/airflow/.local/lib/python3.12/site-packages/airflow/example_dags/example_local_kubernetes_executor.py for tasks to queue
[2024-11-11T03:08:51.423+0000] {logging_mixin.py:190} INFO - [2024-11-11T03:08:51.422+0000] {dagbag.py:588} INFO - Filling up the DagBag from /home/airflow/.local/lib/python3.12/site-packages/airflow/example_dags/example_local_kubernetes_executor.py
[2024-11-11T03:08:51.428+0000] {processor.py:925} INFO - DAG(s) 'example_local_kubernetes_executor' retrieved from /home/airflow/.local/lib/python3.12/site-packages/airflow/example_dags/example_local_kubernetes_executor.py
[2024-11-11T03:08:51.444+0000] {logging_mixin.py:190} INFO - [2024-11-11T03:08:51.444+0000] {dag.py:3239} INFO - Sync 1 DAGs
[2024-11-11T03:08:51.452+0000] {logging_mixin.py:190} INFO - [2024-11-11T03:08:51.452+0000] {dag.py:4180} INFO - Setting next_dagrun for example_local_kubernetes_executor to None, run_after=None
[2024-11-11T03:08:51.461+0000] {processor.py:208} INFO - Processing /home/airflow/.local/lib/python3.12/site-packages/airflow/example_dags/example_local_kubernetes_executor.py took 0.043 seconds
[2024-11-11T03:09:21.895+0000] {processor.py:186} INFO - Started process (PID=5490) to work on /home/airflow/.local/lib/python3.12/site-packages/airflow/example_dags/example_local_kubernetes_executor.py
[2024-11-11T03:09:21.896+0000] {processor.py:914} INFO - Processing file /home/airflow/.local/lib/python3.12/site-packages/airflow/example_dags/example_local_kubernetes_executor.py for tasks to queue
[2024-11-11T03:09:21.897+0000] {logging_mixin.py:190} INFO - [2024-11-11T03:09:21.897+0000] {dagbag.py:588} INFO - Filling up the DagBag from /home/airflow/.local/lib/python3.12/site-packages/airflow/example_dags/example_local_kubernetes_executor.py
[2024-11-11T03:09:21.903+0000] {processor.py:925} INFO - DAG(s) 'example_local_kubernetes_executor' retrieved from /home/airflow/.local/lib/python3.12/site-packages/airflow/example_dags/example_local_kubernetes_executor.py
[2024-11-11T03:09:21.920+0000] {logging_mixin.py:190} INFO - [2024-11-11T03:09:21.920+0000] {dag.py:3239} INFO - Sync 1 DAGs
[2024-11-11T03:09:21.927+0000] {logging_mixin.py:190} INFO - [2024-11-11T03:09:21.927+0000] {dag.py:4180} INFO - Setting next_dagrun for example_local_kubernetes_executor to None, run_after=None
[2024-11-11T03:09:21.936+0000] {processor.py:208} INFO - Processing /home/airflow/.local/lib/python3.12/site-packages/airflow/example_dags/example_local_kubernetes_executor.py took 0.044 seconds
[2024-11-11T03:09:52.605+0000] {processor.py:186} INFO - Started process (PID=5553) to work on /home/airflow/.local/lib/python3.12/site-packages/airflow/example_dags/example_local_kubernetes_executor.py
[2024-11-11T03:09:52.606+0000] {processor.py:914} INFO - Processing file /home/airflow/.local/lib/python3.12/site-packages/airflow/example_dags/example_local_kubernetes_executor.py for tasks to queue
[2024-11-11T03:09:52.607+0000] {logging_mixin.py:190} INFO - [2024-11-11T03:09:52.607+0000] {dagbag.py:588} INFO - Filling up the DagBag from /home/airflow/.local/lib/python3.12/site-packages/airflow/example_dags/example_local_kubernetes_executor.py
[2024-11-11T03:09:52.613+0000] {processor.py:925} INFO - DAG(s) 'example_local_kubernetes_executor' retrieved from /home/airflow/.local/lib/python3.12/site-packages/airflow/example_dags/example_local_kubernetes_executor.py
[2024-11-11T03:09:52.629+0000] {logging_mixin.py:190} INFO - [2024-11-11T03:09:52.629+0000] {dag.py:3239} INFO - Sync 1 DAGs
[2024-11-11T03:09:52.636+0000] {logging_mixin.py:190} INFO - [2024-11-11T03:09:52.636+0000] {dag.py:4180} INFO - Setting next_dagrun for example_local_kubernetes_executor to None, run_after=None
[2024-11-11T03:09:52.644+0000] {processor.py:208} INFO - Processing /home/airflow/.local/lib/python3.12/site-packages/airflow/example_dags/example_local_kubernetes_executor.py took 0.042 seconds
[2024-11-11T03:10:23.274+0000] {processor.py:186} INFO - Started process (PID=5616) to work on /home/airflow/.local/lib/python3.12/site-packages/airflow/example_dags/example_local_kubernetes_executor.py
[2024-11-11T03:10:23.275+0000] {processor.py:914} INFO - Processing file /home/airflow/.local/lib/python3.12/site-packages/airflow/example_dags/example_local_kubernetes_executor.py for tasks to queue
[2024-11-11T03:10:23.277+0000] {logging_mixin.py:190} INFO - [2024-11-11T03:10:23.276+0000] {dagbag.py:588} INFO - Filling up the DagBag from /home/airflow/.local/lib/python3.12/site-packages/airflow/example_dags/example_local_kubernetes_executor.py
[2024-11-11T03:10:23.282+0000] {processor.py:925} INFO - DAG(s) 'example_local_kubernetes_executor' retrieved from /home/airflow/.local/lib/python3.12/site-packages/airflow/example_dags/example_local_kubernetes_executor.py
[2024-11-11T03:10:23.299+0000] {logging_mixin.py:190} INFO - [2024-11-11T03:10:23.298+0000] {dag.py:3239} INFO - Sync 1 DAGs
[2024-11-11T03:10:23.306+0000] {logging_mixin.py:190} INFO - [2024-11-11T03:10:23.306+0000] {dag.py:4180} INFO - Setting next_dagrun for example_local_kubernetes_executor to None, run_after=None
[2024-11-11T03:10:23.315+0000] {processor.py:208} INFO - Processing /home/airflow/.local/lib/python3.12/site-packages/airflow/example_dags/example_local_kubernetes_executor.py took 0.044 seconds
[2024-11-11T03:10:54.268+0000] {processor.py:186} INFO - Started process (PID=5679) to work on /home/airflow/.local/lib/python3.12/site-packages/airflow/example_dags/example_local_kubernetes_executor.py
[2024-11-11T03:10:54.268+0000] {processor.py:914} INFO - Processing file /home/airflow/.local/lib/python3.12/site-packages/airflow/example_dags/example_local_kubernetes_executor.py for tasks to queue
[2024-11-11T03:10:54.270+0000] {logging_mixin.py:190} INFO - [2024-11-11T03:10:54.269+0000] {dagbag.py:588} INFO - Filling up the DagBag from /home/airflow/.local/lib/python3.12/site-packages/airflow/example_dags/example_local_kubernetes_executor.py
[2024-11-11T03:10:54.275+0000] {processor.py:925} INFO - DAG(s) 'example_local_kubernetes_executor' retrieved from /home/airflow/.local/lib/python3.12/site-packages/airflow/example_dags/example_local_kubernetes_executor.py
[2024-11-11T03:10:54.291+0000] {logging_mixin.py:190} INFO - [2024-11-11T03:10:54.291+0000] {dag.py:3239} INFO - Sync 1 DAGs
[2024-11-11T03:10:54.298+0000] {logging_mixin.py:190} INFO - [2024-11-11T03:10:54.298+0000] {dag.py:4180} INFO - Setting next_dagrun for example_local_kubernetes_executor to None, run_after=None
[2024-11-11T03:10:54.306+0000] {processor.py:208} INFO - Processing /home/airflow/.local/lib/python3.12/site-packages/airflow/example_dags/example_local_kubernetes_executor.py took 0.042 seconds
[2024-11-11T03:22:05.806+0000] {processor.py:186} INFO - Started process (PID=5742) to work on /home/airflow/.local/lib/python3.12/site-packages/airflow/example_dags/example_local_kubernetes_executor.py
[2024-11-11T03:22:05.807+0000] {processor.py:914} INFO - Processing file /home/airflow/.local/lib/python3.12/site-packages/airflow/example_dags/example_local_kubernetes_executor.py for tasks to queue
[2024-11-11T03:22:05.808+0000] {logging_mixin.py:190} INFO - [2024-11-11T03:22:05.808+0000] {dagbag.py:588} INFO - Filling up the DagBag from /home/airflow/.local/lib/python3.12/site-packages/airflow/example_dags/example_local_kubernetes_executor.py
[2024-11-11T03:22:05.813+0000] {processor.py:925} INFO - DAG(s) 'example_local_kubernetes_executor' retrieved from /home/airflow/.local/lib/python3.12/site-packages/airflow/example_dags/example_local_kubernetes_executor.py
[2024-11-11T03:22:05.830+0000] {logging_mixin.py:190} INFO - [2024-11-11T03:22:05.830+0000] {dag.py:3239} INFO - Sync 1 DAGs
[2024-11-11T03:22:05.836+0000] {logging_mixin.py:190} INFO - [2024-11-11T03:22:05.836+0000] {dag.py:4180} INFO - Setting next_dagrun for example_local_kubernetes_executor to None, run_after=None
[2024-11-11T03:22:05.844+0000] {processor.py:208} INFO - Processing /home/airflow/.local/lib/python3.12/site-packages/airflow/example_dags/example_local_kubernetes_executor.py took 0.042 seconds
[2024-11-11T03:22:36.747+0000] {processor.py:186} INFO - Started process (PID=5805) to work on /home/airflow/.local/lib/python3.12/site-packages/airflow/example_dags/example_local_kubernetes_executor.py
[2024-11-11T03:22:36.748+0000] {processor.py:914} INFO - Processing file /home/airflow/.local/lib/python3.12/site-packages/airflow/example_dags/example_local_kubernetes_executor.py for tasks to queue
[2024-11-11T03:22:36.749+0000] {logging_mixin.py:190} INFO - [2024-11-11T03:22:36.749+0000] {dagbag.py:588} INFO - Filling up the DagBag from /home/airflow/.local/lib/python3.12/site-packages/airflow/example_dags/example_local_kubernetes_executor.py
[2024-11-11T03:22:36.756+0000] {processor.py:925} INFO - DAG(s) 'example_local_kubernetes_executor' retrieved from /home/airflow/.local/lib/python3.12/site-packages/airflow/example_dags/example_local_kubernetes_executor.py
[2024-11-11T03:22:36.778+0000] {logging_mixin.py:190} INFO - [2024-11-11T03:22:36.778+0000] {dag.py:3239} INFO - Sync 1 DAGs
[2024-11-11T03:22:36.785+0000] {logging_mixin.py:190} INFO - [2024-11-11T03:22:36.785+0000] {dag.py:4180} INFO - Setting next_dagrun for example_local_kubernetes_executor to None, run_after=None
[2024-11-11T03:22:36.794+0000] {processor.py:208} INFO - Processing /home/airflow/.local/lib/python3.12/site-packages/airflow/example_dags/example_local_kubernetes_executor.py took 0.051 seconds
[2024-11-11T03:23:07.855+0000] {processor.py:186} INFO - Started process (PID=5868) to work on /home/airflow/.local/lib/python3.12/site-packages/airflow/example_dags/example_local_kubernetes_executor.py
[2024-11-11T03:23:07.856+0000] {processor.py:914} INFO - Processing file /home/airflow/.local/lib/python3.12/site-packages/airflow/example_dags/example_local_kubernetes_executor.py for tasks to queue
[2024-11-11T03:23:07.858+0000] {logging_mixin.py:190} INFO - [2024-11-11T03:23:07.858+0000] {dagbag.py:588} INFO - Filling up the DagBag from /home/airflow/.local/lib/python3.12/site-packages/airflow/example_dags/example_local_kubernetes_executor.py
[2024-11-11T03:23:07.864+0000] {processor.py:925} INFO - DAG(s) 'example_local_kubernetes_executor' retrieved from /home/airflow/.local/lib/python3.12/site-packages/airflow/example_dags/example_local_kubernetes_executor.py
[2024-11-11T03:23:07.880+0000] {logging_mixin.py:190} INFO - [2024-11-11T03:23:07.880+0000] {dag.py:3239} INFO - Sync 1 DAGs
[2024-11-11T03:23:07.888+0000] {logging_mixin.py:190} INFO - [2024-11-11T03:23:07.887+0000] {dag.py:4180} INFO - Setting next_dagrun for example_local_kubernetes_executor to None, run_after=None
[2024-11-11T03:23:07.896+0000] {processor.py:208} INFO - Processing /home/airflow/.local/lib/python3.12/site-packages/airflow/example_dags/example_local_kubernetes_executor.py took 0.045 seconds
[2024-11-11T03:23:38.682+0000] {processor.py:186} INFO - Started process (PID=5931) to work on /home/airflow/.local/lib/python3.12/site-packages/airflow/example_dags/example_local_kubernetes_executor.py
[2024-11-11T03:23:38.683+0000] {processor.py:914} INFO - Processing file /home/airflow/.local/lib/python3.12/site-packages/airflow/example_dags/example_local_kubernetes_executor.py for tasks to queue
[2024-11-11T03:23:38.684+0000] {logging_mixin.py:190} INFO - [2024-11-11T03:23:38.684+0000] {dagbag.py:588} INFO - Filling up the DagBag from /home/airflow/.local/lib/python3.12/site-packages/airflow/example_dags/example_local_kubernetes_executor.py
[2024-11-11T03:23:38.690+0000] {processor.py:925} INFO - DAG(s) 'example_local_kubernetes_executor' retrieved from /home/airflow/.local/lib/python3.12/site-packages/airflow/example_dags/example_local_kubernetes_executor.py
[2024-11-11T03:23:38.706+0000] {logging_mixin.py:190} INFO - [2024-11-11T03:23:38.706+0000] {dag.py:3239} INFO - Sync 1 DAGs
[2024-11-11T03:23:38.714+0000] {logging_mixin.py:190} INFO - [2024-11-11T03:23:38.713+0000] {dag.py:4180} INFO - Setting next_dagrun for example_local_kubernetes_executor to None, run_after=None
[2024-11-11T03:23:38.727+0000] {processor.py:208} INFO - Processing /home/airflow/.local/lib/python3.12/site-packages/airflow/example_dags/example_local_kubernetes_executor.py took 0.048 seconds
[2024-11-11T03:24:09.653+0000] {processor.py:186} INFO - Started process (PID=5994) to work on /home/airflow/.local/lib/python3.12/site-packages/airflow/example_dags/example_local_kubernetes_executor.py
[2024-11-11T03:24:09.654+0000] {processor.py:914} INFO - Processing file /home/airflow/.local/lib/python3.12/site-packages/airflow/example_dags/example_local_kubernetes_executor.py for tasks to queue
[2024-11-11T03:24:09.655+0000] {logging_mixin.py:190} INFO - [2024-11-11T03:24:09.655+0000] {dagbag.py:588} INFO - Filling up the DagBag from /home/airflow/.local/lib/python3.12/site-packages/airflow/example_dags/example_local_kubernetes_executor.py
[2024-11-11T03:24:09.661+0000] {processor.py:925} INFO - DAG(s) 'example_local_kubernetes_executor' retrieved from /home/airflow/.local/lib/python3.12/site-packages/airflow/example_dags/example_local_kubernetes_executor.py
[2024-11-11T03:24:09.677+0000] {logging_mixin.py:190} INFO - [2024-11-11T03:24:09.677+0000] {dag.py:3239} INFO - Sync 1 DAGs
[2024-11-11T03:24:09.684+0000] {logging_mixin.py:190} INFO - [2024-11-11T03:24:09.684+0000] {dag.py:4180} INFO - Setting next_dagrun for example_local_kubernetes_executor to None, run_after=None
[2024-11-11T03:24:09.693+0000] {processor.py:208} INFO - Processing /home/airflow/.local/lib/python3.12/site-packages/airflow/example_dags/example_local_kubernetes_executor.py took 0.043 seconds
[2024-11-11T03:24:40.495+0000] {processor.py:186} INFO - Started process (PID=6056) to work on /home/airflow/.local/lib/python3.12/site-packages/airflow/example_dags/example_local_kubernetes_executor.py
[2024-11-11T03:24:40.496+0000] {processor.py:914} INFO - Processing file /home/airflow/.local/lib/python3.12/site-packages/airflow/example_dags/example_local_kubernetes_executor.py for tasks to queue
[2024-11-11T03:24:40.498+0000] {logging_mixin.py:190} INFO - [2024-11-11T03:24:40.498+0000] {dagbag.py:588} INFO - Filling up the DagBag from /home/airflow/.local/lib/python3.12/site-packages/airflow/example_dags/example_local_kubernetes_executor.py
[2024-11-11T03:24:40.504+0000] {processor.py:925} INFO - DAG(s) 'example_local_kubernetes_executor' retrieved from /home/airflow/.local/lib/python3.12/site-packages/airflow/example_dags/example_local_kubernetes_executor.py
[2024-11-11T03:24:40.522+0000] {logging_mixin.py:190} INFO - [2024-11-11T03:24:40.522+0000] {dag.py:3239} INFO - Sync 1 DAGs
[2024-11-11T03:24:40.530+0000] {logging_mixin.py:190} INFO - [2024-11-11T03:24:40.530+0000] {dag.py:4180} INFO - Setting next_dagrun for example_local_kubernetes_executor to None, run_after=None
[2024-11-11T03:24:40.540+0000] {processor.py:208} INFO - Processing /home/airflow/.local/lib/python3.12/site-packages/airflow/example_dags/example_local_kubernetes_executor.py took 0.049 seconds
[2024-11-11T03:25:11.233+0000] {processor.py:186} INFO - Started process (PID=6119) to work on /home/airflow/.local/lib/python3.12/site-packages/airflow/example_dags/example_local_kubernetes_executor.py
[2024-11-11T03:25:11.234+0000] {processor.py:914} INFO - Processing file /home/airflow/.local/lib/python3.12/site-packages/airflow/example_dags/example_local_kubernetes_executor.py for tasks to queue
[2024-11-11T03:25:11.235+0000] {logging_mixin.py:190} INFO - [2024-11-11T03:25:11.235+0000] {dagbag.py:588} INFO - Filling up the DagBag from /home/airflow/.local/lib/python3.12/site-packages/airflow/example_dags/example_local_kubernetes_executor.py
[2024-11-11T03:25:11.241+0000] {processor.py:925} INFO - DAG(s) 'example_local_kubernetes_executor' retrieved from /home/airflow/.local/lib/python3.12/site-packages/airflow/example_dags/example_local_kubernetes_executor.py
[2024-11-11T03:25:11.258+0000] {logging_mixin.py:190} INFO - [2024-11-11T03:25:11.257+0000] {dag.py:3239} INFO - Sync 1 DAGs
[2024-11-11T03:25:11.265+0000] {logging_mixin.py:190} INFO - [2024-11-11T03:25:11.265+0000] {dag.py:4180} INFO - Setting next_dagrun for example_local_kubernetes_executor to None, run_after=None
[2024-11-11T03:25:11.273+0000] {processor.py:208} INFO - Processing /home/airflow/.local/lib/python3.12/site-packages/airflow/example_dags/example_local_kubernetes_executor.py took 0.044 seconds
[2024-11-11T03:25:42.260+0000] {processor.py:186} INFO - Started process (PID=6182) to work on /home/airflow/.local/lib/python3.12/site-packages/airflow/example_dags/example_local_kubernetes_executor.py
[2024-11-11T03:25:42.261+0000] {processor.py:914} INFO - Processing file /home/airflow/.local/lib/python3.12/site-packages/airflow/example_dags/example_local_kubernetes_executor.py for tasks to queue
[2024-11-11T03:25:42.262+0000] {logging_mixin.py:190} INFO - [2024-11-11T03:25:42.262+0000] {dagbag.py:588} INFO - Filling up the DagBag from /home/airflow/.local/lib/python3.12/site-packages/airflow/example_dags/example_local_kubernetes_executor.py
[2024-11-11T03:25:42.269+0000] {processor.py:925} INFO - DAG(s) 'example_local_kubernetes_executor' retrieved from /home/airflow/.local/lib/python3.12/site-packages/airflow/example_dags/example_local_kubernetes_executor.py
[2024-11-11T03:25:42.296+0000] {logging_mixin.py:190} INFO - [2024-11-11T03:25:42.296+0000] {dag.py:3239} INFO - Sync 1 DAGs
[2024-11-11T03:25:42.306+0000] {logging_mixin.py:190} INFO - [2024-11-11T03:25:42.305+0000] {dag.py:4180} INFO - Setting next_dagrun for example_local_kubernetes_executor to None, run_after=None
[2024-11-11T03:25:42.325+0000] {processor.py:208} INFO - Processing /home/airflow/.local/lib/python3.12/site-packages/airflow/example_dags/example_local_kubernetes_executor.py took 0.068 seconds
[2024-11-11T03:26:13.066+0000] {processor.py:186} INFO - Started process (PID=6245) to work on /home/airflow/.local/lib/python3.12/site-packages/airflow/example_dags/example_local_kubernetes_executor.py
[2024-11-11T03:26:13.067+0000] {processor.py:914} INFO - Processing file /home/airflow/.local/lib/python3.12/site-packages/airflow/example_dags/example_local_kubernetes_executor.py for tasks to queue
[2024-11-11T03:26:13.068+0000] {logging_mixin.py:190} INFO - [2024-11-11T03:26:13.068+0000] {dagbag.py:588} INFO - Filling up the DagBag from /home/airflow/.local/lib/python3.12/site-packages/airflow/example_dags/example_local_kubernetes_executor.py
[2024-11-11T03:26:13.074+0000] {processor.py:925} INFO - DAG(s) 'example_local_kubernetes_executor' retrieved from /home/airflow/.local/lib/python3.12/site-packages/airflow/example_dags/example_local_kubernetes_executor.py
[2024-11-11T03:26:13.090+0000] {logging_mixin.py:190} INFO - [2024-11-11T03:26:13.090+0000] {dag.py:3239} INFO - Sync 1 DAGs
[2024-11-11T03:26:13.097+0000] {logging_mixin.py:190} INFO - [2024-11-11T03:26:13.097+0000] {dag.py:4180} INFO - Setting next_dagrun for example_local_kubernetes_executor to None, run_after=None
[2024-11-11T03:26:13.104+0000] {processor.py:208} INFO - Processing /home/airflow/.local/lib/python3.12/site-packages/airflow/example_dags/example_local_kubernetes_executor.py took 0.041 seconds
[2024-11-11T03:26:43.760+0000] {processor.py:186} INFO - Started process (PID=6308) to work on /home/airflow/.local/lib/python3.12/site-packages/airflow/example_dags/example_local_kubernetes_executor.py
[2024-11-11T03:26:43.761+0000] {processor.py:914} INFO - Processing file /home/airflow/.local/lib/python3.12/site-packages/airflow/example_dags/example_local_kubernetes_executor.py for tasks to queue
[2024-11-11T03:26:43.763+0000] {logging_mixin.py:190} INFO - [2024-11-11T03:26:43.762+0000] {dagbag.py:588} INFO - Filling up the DagBag from /home/airflow/.local/lib/python3.12/site-packages/airflow/example_dags/example_local_kubernetes_executor.py
[2024-11-11T03:26:43.768+0000] {processor.py:925} INFO - DAG(s) 'example_local_kubernetes_executor' retrieved from /home/airflow/.local/lib/python3.12/site-packages/airflow/example_dags/example_local_kubernetes_executor.py
[2024-11-11T03:26:43.787+0000] {logging_mixin.py:190} INFO - [2024-11-11T03:26:43.786+0000] {dag.py:3239} INFO - Sync 1 DAGs
[2024-11-11T03:26:43.794+0000] {logging_mixin.py:190} INFO - [2024-11-11T03:26:43.794+0000] {dag.py:4180} INFO - Setting next_dagrun for example_local_kubernetes_executor to None, run_after=None
[2024-11-11T03:26:43.803+0000] {processor.py:208} INFO - Processing /home/airflow/.local/lib/python3.12/site-packages/airflow/example_dags/example_local_kubernetes_executor.py took 0.046 seconds
[2024-11-11T03:27:14.682+0000] {processor.py:186} INFO - Started process (PID=6371) to work on /home/airflow/.local/lib/python3.12/site-packages/airflow/example_dags/example_local_kubernetes_executor.py
[2024-11-11T03:27:14.683+0000] {processor.py:914} INFO - Processing file /home/airflow/.local/lib/python3.12/site-packages/airflow/example_dags/example_local_kubernetes_executor.py for tasks to queue
[2024-11-11T03:27:14.684+0000] {logging_mixin.py:190} INFO - [2024-11-11T03:27:14.684+0000] {dagbag.py:588} INFO - Filling up the DagBag from /home/airflow/.local/lib/python3.12/site-packages/airflow/example_dags/example_local_kubernetes_executor.py
[2024-11-11T03:27:14.691+0000] {processor.py:925} INFO - DAG(s) 'example_local_kubernetes_executor' retrieved from /home/airflow/.local/lib/python3.12/site-packages/airflow/example_dags/example_local_kubernetes_executor.py
[2024-11-11T03:27:14.708+0000] {logging_mixin.py:190} INFO - [2024-11-11T03:27:14.708+0000] {dag.py:3239} INFO - Sync 1 DAGs
[2024-11-11T03:27:14.715+0000] {logging_mixin.py:190} INFO - [2024-11-11T03:27:14.715+0000] {dag.py:4180} INFO - Setting next_dagrun for example_local_kubernetes_executor to None, run_after=None
[2024-11-11T03:27:14.724+0000] {processor.py:208} INFO - Processing /home/airflow/.local/lib/python3.12/site-packages/airflow/example_dags/example_local_kubernetes_executor.py took 0.045 seconds
[2024-11-11T03:27:45.414+0000] {processor.py:186} INFO - Started process (PID=6434) to work on /home/airflow/.local/lib/python3.12/site-packages/airflow/example_dags/example_local_kubernetes_executor.py
[2024-11-11T03:27:45.415+0000] {processor.py:914} INFO - Processing file /home/airflow/.local/lib/python3.12/site-packages/airflow/example_dags/example_local_kubernetes_executor.py for tasks to queue
[2024-11-11T03:27:45.416+0000] {logging_mixin.py:190} INFO - [2024-11-11T03:27:45.416+0000] {dagbag.py:588} INFO - Filling up the DagBag from /home/airflow/.local/lib/python3.12/site-packages/airflow/example_dags/example_local_kubernetes_executor.py
[2024-11-11T03:27:45.422+0000] {processor.py:925} INFO - DAG(s) 'example_local_kubernetes_executor' retrieved from /home/airflow/.local/lib/python3.12/site-packages/airflow/example_dags/example_local_kubernetes_executor.py
[2024-11-11T03:27:45.440+0000] {logging_mixin.py:190} INFO - [2024-11-11T03:27:45.439+0000] {dag.py:3239} INFO - Sync 1 DAGs
[2024-11-11T03:27:45.447+0000] {logging_mixin.py:190} INFO - [2024-11-11T03:27:45.447+0000] {dag.py:4180} INFO - Setting next_dagrun for example_local_kubernetes_executor to None, run_after=None
[2024-11-11T03:27:45.457+0000] {processor.py:208} INFO - Processing /home/airflow/.local/lib/python3.12/site-packages/airflow/example_dags/example_local_kubernetes_executor.py took 0.047 seconds
[2024-11-11T03:28:16.200+0000] {processor.py:186} INFO - Started process (PID=6497) to work on /home/airflow/.local/lib/python3.12/site-packages/airflow/example_dags/example_local_kubernetes_executor.py
[2024-11-11T03:28:16.201+0000] {processor.py:914} INFO - Processing file /home/airflow/.local/lib/python3.12/site-packages/airflow/example_dags/example_local_kubernetes_executor.py for tasks to queue
[2024-11-11T03:28:16.202+0000] {logging_mixin.py:190} INFO - [2024-11-11T03:28:16.202+0000] {dagbag.py:588} INFO - Filling up the DagBag from /home/airflow/.local/lib/python3.12/site-packages/airflow/example_dags/example_local_kubernetes_executor.py
[2024-11-11T03:28:16.209+0000] {processor.py:925} INFO - DAG(s) 'example_local_kubernetes_executor' retrieved from /home/airflow/.local/lib/python3.12/site-packages/airflow/example_dags/example_local_kubernetes_executor.py
[2024-11-11T03:28:16.226+0000] {logging_mixin.py:190} INFO - [2024-11-11T03:28:16.226+0000] {dag.py:3239} INFO - Sync 1 DAGs
[2024-11-11T03:28:16.234+0000] {logging_mixin.py:190} INFO - [2024-11-11T03:28:16.234+0000] {dag.py:4180} INFO - Setting next_dagrun for example_local_kubernetes_executor to None, run_after=None
[2024-11-11T03:28:16.244+0000] {processor.py:208} INFO - Processing /home/airflow/.local/lib/python3.12/site-packages/airflow/example_dags/example_local_kubernetes_executor.py took 0.048 seconds
[2024-11-11T03:28:46.966+0000] {processor.py:186} INFO - Started process (PID=6560) to work on /home/airflow/.local/lib/python3.12/site-packages/airflow/example_dags/example_local_kubernetes_executor.py
[2024-11-11T03:28:46.966+0000] {processor.py:914} INFO - Processing file /home/airflow/.local/lib/python3.12/site-packages/airflow/example_dags/example_local_kubernetes_executor.py for tasks to queue
[2024-11-11T03:28:46.968+0000] {logging_mixin.py:190} INFO - [2024-11-11T03:28:46.967+0000] {dagbag.py:588} INFO - Filling up the DagBag from /home/airflow/.local/lib/python3.12/site-packages/airflow/example_dags/example_local_kubernetes_executor.py
[2024-11-11T03:28:46.973+0000] {processor.py:925} INFO - DAG(s) 'example_local_kubernetes_executor' retrieved from /home/airflow/.local/lib/python3.12/site-packages/airflow/example_dags/example_local_kubernetes_executor.py
[2024-11-11T03:28:46.989+0000] {logging_mixin.py:190} INFO - [2024-11-11T03:28:46.989+0000] {dag.py:3239} INFO - Sync 1 DAGs
[2024-11-11T03:28:46.995+0000] {logging_mixin.py:190} INFO - [2024-11-11T03:28:46.995+0000] {dag.py:4180} INFO - Setting next_dagrun for example_local_kubernetes_executor to None, run_after=None
[2024-11-11T03:28:47.003+0000] {processor.py:208} INFO - Processing /home/airflow/.local/lib/python3.12/site-packages/airflow/example_dags/example_local_kubernetes_executor.py took 0.041 seconds
[2024-11-11T03:29:17.732+0000] {processor.py:186} INFO - Started process (PID=6623) to work on /home/airflow/.local/lib/python3.12/site-packages/airflow/example_dags/example_local_kubernetes_executor.py
[2024-11-11T03:29:17.733+0000] {processor.py:914} INFO - Processing file /home/airflow/.local/lib/python3.12/site-packages/airflow/example_dags/example_local_kubernetes_executor.py for tasks to queue
[2024-11-11T03:29:17.735+0000] {logging_mixin.py:190} INFO - [2024-11-11T03:29:17.734+0000] {dagbag.py:588} INFO - Filling up the DagBag from /home/airflow/.local/lib/python3.12/site-packages/airflow/example_dags/example_local_kubernetes_executor.py
[2024-11-11T03:29:17.741+0000] {processor.py:925} INFO - DAG(s) 'example_local_kubernetes_executor' retrieved from /home/airflow/.local/lib/python3.12/site-packages/airflow/example_dags/example_local_kubernetes_executor.py
[2024-11-11T03:29:17.760+0000] {logging_mixin.py:190} INFO - [2024-11-11T03:29:17.759+0000] {dag.py:3239} INFO - Sync 1 DAGs
[2024-11-11T03:29:17.768+0000] {logging_mixin.py:190} INFO - [2024-11-11T03:29:17.768+0000] {dag.py:4180} INFO - Setting next_dagrun for example_local_kubernetes_executor to None, run_after=None
[2024-11-11T03:29:17.779+0000] {processor.py:208} INFO - Processing /home/airflow/.local/lib/python3.12/site-packages/airflow/example_dags/example_local_kubernetes_executor.py took 0.051 seconds
[2024-11-11T03:29:48.655+0000] {processor.py:186} INFO - Started process (PID=6685) to work on /home/airflow/.local/lib/python3.12/site-packages/airflow/example_dags/example_local_kubernetes_executor.py
[2024-11-11T03:29:48.655+0000] {processor.py:914} INFO - Processing file /home/airflow/.local/lib/python3.12/site-packages/airflow/example_dags/example_local_kubernetes_executor.py for tasks to queue
[2024-11-11T03:29:48.657+0000] {logging_mixin.py:190} INFO - [2024-11-11T03:29:48.657+0000] {dagbag.py:588} INFO - Filling up the DagBag from /home/airflow/.local/lib/python3.12/site-packages/airflow/example_dags/example_local_kubernetes_executor.py
[2024-11-11T03:29:48.663+0000] {processor.py:925} INFO - DAG(s) 'example_local_kubernetes_executor' retrieved from /home/airflow/.local/lib/python3.12/site-packages/airflow/example_dags/example_local_kubernetes_executor.py
[2024-11-11T03:29:48.680+0000] {logging_mixin.py:190} INFO - [2024-11-11T03:29:48.680+0000] {dag.py:3239} INFO - Sync 1 DAGs
[2024-11-11T03:29:48.688+0000] {logging_mixin.py:190} INFO - [2024-11-11T03:29:48.688+0000] {dag.py:4180} INFO - Setting next_dagrun for example_local_kubernetes_executor to None, run_after=None
[2024-11-11T03:29:48.698+0000] {processor.py:208} INFO - Processing /home/airflow/.local/lib/python3.12/site-packages/airflow/example_dags/example_local_kubernetes_executor.py took 0.047 seconds
[2024-11-11T03:30:19.711+0000] {processor.py:186} INFO - Started process (PID=6748) to work on /home/airflow/.local/lib/python3.12/site-packages/airflow/example_dags/example_local_kubernetes_executor.py
[2024-11-11T03:30:19.712+0000] {processor.py:914} INFO - Processing file /home/airflow/.local/lib/python3.12/site-packages/airflow/example_dags/example_local_kubernetes_executor.py for tasks to queue
[2024-11-11T03:30:19.713+0000] {logging_mixin.py:190} INFO - [2024-11-11T03:30:19.713+0000] {dagbag.py:588} INFO - Filling up the DagBag from /home/airflow/.local/lib/python3.12/site-packages/airflow/example_dags/example_local_kubernetes_executor.py
[2024-11-11T03:30:19.719+0000] {processor.py:925} INFO - DAG(s) 'example_local_kubernetes_executor' retrieved from /home/airflow/.local/lib/python3.12/site-packages/airflow/example_dags/example_local_kubernetes_executor.py
[2024-11-11T03:30:19.738+0000] {logging_mixin.py:190} INFO - [2024-11-11T03:30:19.738+0000] {dag.py:3239} INFO - Sync 1 DAGs
[2024-11-11T03:30:19.745+0000] {logging_mixin.py:190} INFO - [2024-11-11T03:30:19.745+0000] {dag.py:4180} INFO - Setting next_dagrun for example_local_kubernetes_executor to None, run_after=None
[2024-11-11T03:30:19.754+0000] {processor.py:208} INFO - Processing /home/airflow/.local/lib/python3.12/site-packages/airflow/example_dags/example_local_kubernetes_executor.py took 0.047 seconds
[2024-11-11T03:30:50.802+0000] {processor.py:186} INFO - Started process (PID=6811) to work on /home/airflow/.local/lib/python3.12/site-packages/airflow/example_dags/example_local_kubernetes_executor.py
[2024-11-11T03:30:50.803+0000] {processor.py:914} INFO - Processing file /home/airflow/.local/lib/python3.12/site-packages/airflow/example_dags/example_local_kubernetes_executor.py for tasks to queue
[2024-11-11T03:30:50.804+0000] {logging_mixin.py:190} INFO - [2024-11-11T03:30:50.804+0000] {dagbag.py:588} INFO - Filling up the DagBag from /home/airflow/.local/lib/python3.12/site-packages/airflow/example_dags/example_local_kubernetes_executor.py
[2024-11-11T03:30:50.815+0000] {processor.py:925} INFO - DAG(s) 'example_local_kubernetes_executor' retrieved from /home/airflow/.local/lib/python3.12/site-packages/airflow/example_dags/example_local_kubernetes_executor.py
[2024-11-11T03:30:50.837+0000] {logging_mixin.py:190} INFO - [2024-11-11T03:30:50.836+0000] {dag.py:3239} INFO - Sync 1 DAGs
[2024-11-11T03:30:50.845+0000] {logging_mixin.py:190} INFO - [2024-11-11T03:30:50.845+0000] {dag.py:4180} INFO - Setting next_dagrun for example_local_kubernetes_executor to None, run_after=None
[2024-11-11T03:30:50.855+0000] {processor.py:208} INFO - Processing /home/airflow/.local/lib/python3.12/site-packages/airflow/example_dags/example_local_kubernetes_executor.py took 0.057 seconds
[2024-11-11T03:31:21.702+0000] {processor.py:186} INFO - Started process (PID=6874) to work on /home/airflow/.local/lib/python3.12/site-packages/airflow/example_dags/example_local_kubernetes_executor.py
[2024-11-11T03:31:21.703+0000] {processor.py:914} INFO - Processing file /home/airflow/.local/lib/python3.12/site-packages/airflow/example_dags/example_local_kubernetes_executor.py for tasks to queue
[2024-11-11T03:31:21.705+0000] {logging_mixin.py:190} INFO - [2024-11-11T03:31:21.705+0000] {dagbag.py:588} INFO - Filling up the DagBag from /home/airflow/.local/lib/python3.12/site-packages/airflow/example_dags/example_local_kubernetes_executor.py
[2024-11-11T03:31:21.711+0000] {processor.py:925} INFO - DAG(s) 'example_local_kubernetes_executor' retrieved from /home/airflow/.local/lib/python3.12/site-packages/airflow/example_dags/example_local_kubernetes_executor.py
[2024-11-11T03:31:21.730+0000] {logging_mixin.py:190} INFO - [2024-11-11T03:31:21.730+0000] {dag.py:3239} INFO - Sync 1 DAGs
[2024-11-11T03:31:21.739+0000] {logging_mixin.py:190} INFO - [2024-11-11T03:31:21.739+0000] {dag.py:4180} INFO - Setting next_dagrun for example_local_kubernetes_executor to None, run_after=None
[2024-11-11T03:31:21.751+0000] {processor.py:208} INFO - Processing /home/airflow/.local/lib/python3.12/site-packages/airflow/example_dags/example_local_kubernetes_executor.py took 0.052 seconds
[2024-11-11T03:31:52.645+0000] {processor.py:186} INFO - Started process (PID=6937) to work on /home/airflow/.local/lib/python3.12/site-packages/airflow/example_dags/example_local_kubernetes_executor.py
[2024-11-11T03:31:52.646+0000] {processor.py:914} INFO - Processing file /home/airflow/.local/lib/python3.12/site-packages/airflow/example_dags/example_local_kubernetes_executor.py for tasks to queue
[2024-11-11T03:31:52.648+0000] {logging_mixin.py:190} INFO - [2024-11-11T03:31:52.648+0000] {dagbag.py:588} INFO - Filling up the DagBag from /home/airflow/.local/lib/python3.12/site-packages/airflow/example_dags/example_local_kubernetes_executor.py
[2024-11-11T03:31:52.654+0000] {processor.py:925} INFO - DAG(s) 'example_local_kubernetes_executor' retrieved from /home/airflow/.local/lib/python3.12/site-packages/airflow/example_dags/example_local_kubernetes_executor.py
[2024-11-11T03:31:52.675+0000] {logging_mixin.py:190} INFO - [2024-11-11T03:31:52.674+0000] {dag.py:3239} INFO - Sync 1 DAGs
[2024-11-11T03:31:52.684+0000] {logging_mixin.py:190} INFO - [2024-11-11T03:31:52.683+0000] {dag.py:4180} INFO - Setting next_dagrun for example_local_kubernetes_executor to None, run_after=None
[2024-11-11T03:31:52.694+0000] {processor.py:208} INFO - Processing /home/airflow/.local/lib/python3.12/site-packages/airflow/example_dags/example_local_kubernetes_executor.py took 0.053 seconds
[2024-11-11T03:32:23.875+0000] {processor.py:186} INFO - Started process (PID=7000) to work on /home/airflow/.local/lib/python3.12/site-packages/airflow/example_dags/example_local_kubernetes_executor.py
[2024-11-11T03:32:23.875+0000] {processor.py:914} INFO - Processing file /home/airflow/.local/lib/python3.12/site-packages/airflow/example_dags/example_local_kubernetes_executor.py for tasks to queue
[2024-11-11T03:32:23.877+0000] {logging_mixin.py:190} INFO - [2024-11-11T03:32:23.877+0000] {dagbag.py:588} INFO - Filling up the DagBag from /home/airflow/.local/lib/python3.12/site-packages/airflow/example_dags/example_local_kubernetes_executor.py
[2024-11-11T03:32:23.883+0000] {processor.py:925} INFO - DAG(s) 'example_local_kubernetes_executor' retrieved from /home/airflow/.local/lib/python3.12/site-packages/airflow/example_dags/example_local_kubernetes_executor.py
[2024-11-11T03:32:23.900+0000] {logging_mixin.py:190} INFO - [2024-11-11T03:32:23.900+0000] {dag.py:3239} INFO - Sync 1 DAGs
[2024-11-11T03:32:23.908+0000] {logging_mixin.py:190} INFO - [2024-11-11T03:32:23.908+0000] {dag.py:4180} INFO - Setting next_dagrun for example_local_kubernetes_executor to None, run_after=None
[2024-11-11T03:32:23.916+0000] {processor.py:208} INFO - Processing /home/airflow/.local/lib/python3.12/site-packages/airflow/example_dags/example_local_kubernetes_executor.py took 0.045 seconds
[2024-11-11T03:32:54.937+0000] {processor.py:186} INFO - Started process (PID=7064) to work on /home/airflow/.local/lib/python3.12/site-packages/airflow/example_dags/example_local_kubernetes_executor.py
[2024-11-11T03:32:54.938+0000] {processor.py:914} INFO - Processing file /home/airflow/.local/lib/python3.12/site-packages/airflow/example_dags/example_local_kubernetes_executor.py for tasks to queue
[2024-11-11T03:32:54.939+0000] {logging_mixin.py:190} INFO - [2024-11-11T03:32:54.939+0000] {dagbag.py:588} INFO - Filling up the DagBag from /home/airflow/.local/lib/python3.12/site-packages/airflow/example_dags/example_local_kubernetes_executor.py
[2024-11-11T03:32:54.945+0000] {processor.py:925} INFO - DAG(s) 'example_local_kubernetes_executor' retrieved from /home/airflow/.local/lib/python3.12/site-packages/airflow/example_dags/example_local_kubernetes_executor.py
[2024-11-11T03:32:54.961+0000] {logging_mixin.py:190} INFO - [2024-11-11T03:32:54.961+0000] {dag.py:3239} INFO - Sync 1 DAGs
[2024-11-11T03:32:54.968+0000] {logging_mixin.py:190} INFO - [2024-11-11T03:32:54.968+0000] {dag.py:4180} INFO - Setting next_dagrun for example_local_kubernetes_executor to None, run_after=None
[2024-11-11T03:32:54.978+0000] {processor.py:208} INFO - Processing /home/airflow/.local/lib/python3.12/site-packages/airflow/example_dags/example_local_kubernetes_executor.py took 0.044 seconds
[2024-11-11T03:33:25.876+0000] {processor.py:186} INFO - Started process (PID=7127) to work on /home/airflow/.local/lib/python3.12/site-packages/airflow/example_dags/example_local_kubernetes_executor.py
[2024-11-11T03:33:25.877+0000] {processor.py:914} INFO - Processing file /home/airflow/.local/lib/python3.12/site-packages/airflow/example_dags/example_local_kubernetes_executor.py for tasks to queue
[2024-11-11T03:33:25.878+0000] {logging_mixin.py:190} INFO - [2024-11-11T03:33:25.878+0000] {dagbag.py:588} INFO - Filling up the DagBag from /home/airflow/.local/lib/python3.12/site-packages/airflow/example_dags/example_local_kubernetes_executor.py
[2024-11-11T03:33:25.884+0000] {processor.py:925} INFO - DAG(s) 'example_local_kubernetes_executor' retrieved from /home/airflow/.local/lib/python3.12/site-packages/airflow/example_dags/example_local_kubernetes_executor.py
[2024-11-11T03:33:25.899+0000] {logging_mixin.py:190} INFO - [2024-11-11T03:33:25.899+0000] {dag.py:3239} INFO - Sync 1 DAGs
[2024-11-11T03:33:25.906+0000] {logging_mixin.py:190} INFO - [2024-11-11T03:33:25.906+0000] {dag.py:4180} INFO - Setting next_dagrun for example_local_kubernetes_executor to None, run_after=None
[2024-11-11T03:33:25.913+0000] {processor.py:208} INFO - Processing /home/airflow/.local/lib/python3.12/site-packages/airflow/example_dags/example_local_kubernetes_executor.py took 0.040 seconds
[2024-11-11T03:33:56.549+0000] {processor.py:186} INFO - Started process (PID=7190) to work on /home/airflow/.local/lib/python3.12/site-packages/airflow/example_dags/example_local_kubernetes_executor.py
[2024-11-11T03:33:56.550+0000] {processor.py:914} INFO - Processing file /home/airflow/.local/lib/python3.12/site-packages/airflow/example_dags/example_local_kubernetes_executor.py for tasks to queue
[2024-11-11T03:33:56.551+0000] {logging_mixin.py:190} INFO - [2024-11-11T03:33:56.551+0000] {dagbag.py:588} INFO - Filling up the DagBag from /home/airflow/.local/lib/python3.12/site-packages/airflow/example_dags/example_local_kubernetes_executor.py
[2024-11-11T03:33:56.557+0000] {processor.py:925} INFO - DAG(s) 'example_local_kubernetes_executor' retrieved from /home/airflow/.local/lib/python3.12/site-packages/airflow/example_dags/example_local_kubernetes_executor.py
[2024-11-11T03:33:56.574+0000] {logging_mixin.py:190} INFO - [2024-11-11T03:33:56.574+0000] {dag.py:3239} INFO - Sync 1 DAGs
[2024-11-11T03:33:56.581+0000] {logging_mixin.py:190} INFO - [2024-11-11T03:33:56.581+0000] {dag.py:4180} INFO - Setting next_dagrun for example_local_kubernetes_executor to None, run_after=None
[2024-11-11T03:33:56.590+0000] {processor.py:208} INFO - Processing /home/airflow/.local/lib/python3.12/site-packages/airflow/example_dags/example_local_kubernetes_executor.py took 0.044 seconds
[2024-11-11T03:34:27.344+0000] {processor.py:186} INFO - Started process (PID=7252) to work on /home/airflow/.local/lib/python3.12/site-packages/airflow/example_dags/example_local_kubernetes_executor.py
[2024-11-11T03:34:27.345+0000] {processor.py:914} INFO - Processing file /home/airflow/.local/lib/python3.12/site-packages/airflow/example_dags/example_local_kubernetes_executor.py for tasks to queue
[2024-11-11T03:34:27.346+0000] {logging_mixin.py:190} INFO - [2024-11-11T03:34:27.346+0000] {dagbag.py:588} INFO - Filling up the DagBag from /home/airflow/.local/lib/python3.12/site-packages/airflow/example_dags/example_local_kubernetes_executor.py
[2024-11-11T03:34:27.352+0000] {processor.py:925} INFO - DAG(s) 'example_local_kubernetes_executor' retrieved from /home/airflow/.local/lib/python3.12/site-packages/airflow/example_dags/example_local_kubernetes_executor.py
[2024-11-11T03:34:27.369+0000] {logging_mixin.py:190} INFO - [2024-11-11T03:34:27.369+0000] {dag.py:3239} INFO - Sync 1 DAGs
[2024-11-11T03:34:27.375+0000] {logging_mixin.py:190} INFO - [2024-11-11T03:34:27.375+0000] {dag.py:4180} INFO - Setting next_dagrun for example_local_kubernetes_executor to None, run_after=None
[2024-11-11T03:34:27.383+0000] {processor.py:208} INFO - Processing /home/airflow/.local/lib/python3.12/site-packages/airflow/example_dags/example_local_kubernetes_executor.py took 0.042 seconds
[2024-11-11T03:34:58.131+0000] {processor.py:186} INFO - Started process (PID=7315) to work on /home/airflow/.local/lib/python3.12/site-packages/airflow/example_dags/example_local_kubernetes_executor.py
[2024-11-11T03:34:58.132+0000] {processor.py:914} INFO - Processing file /home/airflow/.local/lib/python3.12/site-packages/airflow/example_dags/example_local_kubernetes_executor.py for tasks to queue
[2024-11-11T03:34:58.133+0000] {logging_mixin.py:190} INFO - [2024-11-11T03:34:58.133+0000] {dagbag.py:588} INFO - Filling up the DagBag from /home/airflow/.local/lib/python3.12/site-packages/airflow/example_dags/example_local_kubernetes_executor.py
[2024-11-11T03:34:58.138+0000] {processor.py:925} INFO - DAG(s) 'example_local_kubernetes_executor' retrieved from /home/airflow/.local/lib/python3.12/site-packages/airflow/example_dags/example_local_kubernetes_executor.py
[2024-11-11T03:34:58.155+0000] {logging_mixin.py:190} INFO - [2024-11-11T03:34:58.155+0000] {dag.py:3239} INFO - Sync 1 DAGs
[2024-11-11T03:34:58.162+0000] {logging_mixin.py:190} INFO - [2024-11-11T03:34:58.162+0000] {dag.py:4180} INFO - Setting next_dagrun for example_local_kubernetes_executor to None, run_after=None
[2024-11-11T03:34:58.170+0000] {processor.py:208} INFO - Processing /home/airflow/.local/lib/python3.12/site-packages/airflow/example_dags/example_local_kubernetes_executor.py took 0.043 seconds
[2024-11-11T03:35:28.864+0000] {processor.py:186} INFO - Started process (PID=7378) to work on /home/airflow/.local/lib/python3.12/site-packages/airflow/example_dags/example_local_kubernetes_executor.py
[2024-11-11T03:35:28.865+0000] {processor.py:914} INFO - Processing file /home/airflow/.local/lib/python3.12/site-packages/airflow/example_dags/example_local_kubernetes_executor.py for tasks to queue
[2024-11-11T03:35:28.866+0000] {logging_mixin.py:190} INFO - [2024-11-11T03:35:28.866+0000] {dagbag.py:588} INFO - Filling up the DagBag from /home/airflow/.local/lib/python3.12/site-packages/airflow/example_dags/example_local_kubernetes_executor.py
[2024-11-11T03:35:28.872+0000] {processor.py:925} INFO - DAG(s) 'example_local_kubernetes_executor' retrieved from /home/airflow/.local/lib/python3.12/site-packages/airflow/example_dags/example_local_kubernetes_executor.py
[2024-11-11T03:35:28.888+0000] {logging_mixin.py:190} INFO - [2024-11-11T03:35:28.888+0000] {dag.py:3239} INFO - Sync 1 DAGs
[2024-11-11T03:35:28.895+0000] {logging_mixin.py:190} INFO - [2024-11-11T03:35:28.895+0000] {dag.py:4180} INFO - Setting next_dagrun for example_local_kubernetes_executor to None, run_after=None
[2024-11-11T03:35:28.903+0000] {processor.py:208} INFO - Processing /home/airflow/.local/lib/python3.12/site-packages/airflow/example_dags/example_local_kubernetes_executor.py took 0.042 seconds
[2024-11-11T03:35:59.535+0000] {processor.py:186} INFO - Started process (PID=7440) to work on /home/airflow/.local/lib/python3.12/site-packages/airflow/example_dags/example_local_kubernetes_executor.py
[2024-11-11T03:35:59.537+0000] {processor.py:914} INFO - Processing file /home/airflow/.local/lib/python3.12/site-packages/airflow/example_dags/example_local_kubernetes_executor.py for tasks to queue
[2024-11-11T03:35:59.539+0000] {logging_mixin.py:190} INFO - [2024-11-11T03:35:59.539+0000] {dagbag.py:588} INFO - Filling up the DagBag from /home/airflow/.local/lib/python3.12/site-packages/airflow/example_dags/example_local_kubernetes_executor.py
[2024-11-11T03:35:59.545+0000] {processor.py:925} INFO - DAG(s) 'example_local_kubernetes_executor' retrieved from /home/airflow/.local/lib/python3.12/site-packages/airflow/example_dags/example_local_kubernetes_executor.py
[2024-11-11T03:35:59.561+0000] {logging_mixin.py:190} INFO - [2024-11-11T03:35:59.561+0000] {dag.py:3239} INFO - Sync 1 DAGs
[2024-11-11T03:35:59.568+0000] {logging_mixin.py:190} INFO - [2024-11-11T03:35:59.568+0000] {dag.py:4180} INFO - Setting next_dagrun for example_local_kubernetes_executor to None, run_after=None
[2024-11-11T03:35:59.577+0000] {processor.py:208} INFO - Processing /home/airflow/.local/lib/python3.12/site-packages/airflow/example_dags/example_local_kubernetes_executor.py took 0.045 seconds
[2024-11-11T03:36:30.153+0000] {processor.py:186} INFO - Started process (PID=7503) to work on /home/airflow/.local/lib/python3.12/site-packages/airflow/example_dags/example_local_kubernetes_executor.py
[2024-11-11T03:36:30.154+0000] {processor.py:914} INFO - Processing file /home/airflow/.local/lib/python3.12/site-packages/airflow/example_dags/example_local_kubernetes_executor.py for tasks to queue
[2024-11-11T03:36:30.156+0000] {logging_mixin.py:190} INFO - [2024-11-11T03:36:30.155+0000] {dagbag.py:588} INFO - Filling up the DagBag from /home/airflow/.local/lib/python3.12/site-packages/airflow/example_dags/example_local_kubernetes_executor.py
[2024-11-11T03:36:30.161+0000] {processor.py:925} INFO - DAG(s) 'example_local_kubernetes_executor' retrieved from /home/airflow/.local/lib/python3.12/site-packages/airflow/example_dags/example_local_kubernetes_executor.py
[2024-11-11T03:36:30.178+0000] {logging_mixin.py:190} INFO - [2024-11-11T03:36:30.178+0000] {dag.py:3239} INFO - Sync 1 DAGs
[2024-11-11T03:36:30.185+0000] {logging_mixin.py:190} INFO - [2024-11-11T03:36:30.185+0000] {dag.py:4180} INFO - Setting next_dagrun for example_local_kubernetes_executor to None, run_after=None
[2024-11-11T03:36:30.194+0000] {processor.py:208} INFO - Processing /home/airflow/.local/lib/python3.12/site-packages/airflow/example_dags/example_local_kubernetes_executor.py took 0.043 seconds
[2024-11-11T03:37:00.971+0000] {processor.py:186} INFO - Started process (PID=7566) to work on /home/airflow/.local/lib/python3.12/site-packages/airflow/example_dags/example_local_kubernetes_executor.py
[2024-11-11T03:37:00.972+0000] {processor.py:914} INFO - Processing file /home/airflow/.local/lib/python3.12/site-packages/airflow/example_dags/example_local_kubernetes_executor.py for tasks to queue
[2024-11-11T03:37:00.973+0000] {logging_mixin.py:190} INFO - [2024-11-11T03:37:00.973+0000] {dagbag.py:588} INFO - Filling up the DagBag from /home/airflow/.local/lib/python3.12/site-packages/airflow/example_dags/example_local_kubernetes_executor.py
[2024-11-11T03:37:00.979+0000] {processor.py:925} INFO - DAG(s) 'example_local_kubernetes_executor' retrieved from /home/airflow/.local/lib/python3.12/site-packages/airflow/example_dags/example_local_kubernetes_executor.py
[2024-11-11T03:37:00.995+0000] {logging_mixin.py:190} INFO - [2024-11-11T03:37:00.995+0000] {dag.py:3239} INFO - Sync 1 DAGs
[2024-11-11T03:37:01.002+0000] {logging_mixin.py:190} INFO - [2024-11-11T03:37:01.002+0000] {dag.py:4180} INFO - Setting next_dagrun for example_local_kubernetes_executor to None, run_after=None
[2024-11-11T03:37:01.011+0000] {processor.py:208} INFO - Processing /home/airflow/.local/lib/python3.12/site-packages/airflow/example_dags/example_local_kubernetes_executor.py took 0.043 seconds
[2024-11-11T03:37:31.503+0000] {processor.py:186} INFO - Started process (PID=7634) to work on /home/airflow/.local/lib/python3.12/site-packages/airflow/example_dags/example_local_kubernetes_executor.py
[2024-11-11T03:37:31.504+0000] {processor.py:914} INFO - Processing file /home/airflow/.local/lib/python3.12/site-packages/airflow/example_dags/example_local_kubernetes_executor.py for tasks to queue
[2024-11-11T03:37:31.505+0000] {logging_mixin.py:190} INFO - [2024-11-11T03:37:31.505+0000] {dagbag.py:588} INFO - Filling up the DagBag from /home/airflow/.local/lib/python3.12/site-packages/airflow/example_dags/example_local_kubernetes_executor.py
[2024-11-11T03:37:31.511+0000] {processor.py:925} INFO - DAG(s) 'example_local_kubernetes_executor' retrieved from /home/airflow/.local/lib/python3.12/site-packages/airflow/example_dags/example_local_kubernetes_executor.py
[2024-11-11T03:37:31.528+0000] {logging_mixin.py:190} INFO - [2024-11-11T03:37:31.527+0000] {dag.py:3239} INFO - Sync 1 DAGs
[2024-11-11T03:37:31.535+0000] {logging_mixin.py:190} INFO - [2024-11-11T03:37:31.535+0000] {dag.py:4180} INFO - Setting next_dagrun for example_local_kubernetes_executor to None, run_after=None
[2024-11-11T03:37:31.544+0000] {processor.py:208} INFO - Processing /home/airflow/.local/lib/python3.12/site-packages/airflow/example_dags/example_local_kubernetes_executor.py took 0.044 seconds
[2024-11-11T03:38:02.147+0000] {processor.py:186} INFO - Started process (PID=7696) to work on /home/airflow/.local/lib/python3.12/site-packages/airflow/example_dags/example_local_kubernetes_executor.py
[2024-11-11T03:38:02.148+0000] {processor.py:914} INFO - Processing file /home/airflow/.local/lib/python3.12/site-packages/airflow/example_dags/example_local_kubernetes_executor.py for tasks to queue
[2024-11-11T03:38:02.149+0000] {logging_mixin.py:190} INFO - [2024-11-11T03:38:02.149+0000] {dagbag.py:588} INFO - Filling up the DagBag from /home/airflow/.local/lib/python3.12/site-packages/airflow/example_dags/example_local_kubernetes_executor.py
[2024-11-11T03:38:02.155+0000] {processor.py:925} INFO - DAG(s) 'example_local_kubernetes_executor' retrieved from /home/airflow/.local/lib/python3.12/site-packages/airflow/example_dags/example_local_kubernetes_executor.py
[2024-11-11T03:38:02.172+0000] {logging_mixin.py:190} INFO - [2024-11-11T03:38:02.171+0000] {dag.py:3239} INFO - Sync 1 DAGs
[2024-11-11T03:38:02.179+0000] {logging_mixin.py:190} INFO - [2024-11-11T03:38:02.179+0000] {dag.py:4180} INFO - Setting next_dagrun for example_local_kubernetes_executor to None, run_after=None
[2024-11-11T03:38:02.188+0000] {processor.py:208} INFO - Processing /home/airflow/.local/lib/python3.12/site-packages/airflow/example_dags/example_local_kubernetes_executor.py took 0.045 seconds
[2024-11-11T03:38:32.752+0000] {processor.py:186} INFO - Started process (PID=7759) to work on /home/airflow/.local/lib/python3.12/site-packages/airflow/example_dags/example_local_kubernetes_executor.py
[2024-11-11T03:38:32.752+0000] {processor.py:914} INFO - Processing file /home/airflow/.local/lib/python3.12/site-packages/airflow/example_dags/example_local_kubernetes_executor.py for tasks to queue
[2024-11-11T03:38:32.754+0000] {logging_mixin.py:190} INFO - [2024-11-11T03:38:32.754+0000] {dagbag.py:588} INFO - Filling up the DagBag from /home/airflow/.local/lib/python3.12/site-packages/airflow/example_dags/example_local_kubernetes_executor.py
[2024-11-11T03:38:32.759+0000] {processor.py:925} INFO - DAG(s) 'example_local_kubernetes_executor' retrieved from /home/airflow/.local/lib/python3.12/site-packages/airflow/example_dags/example_local_kubernetes_executor.py
[2024-11-11T03:38:32.777+0000] {logging_mixin.py:190} INFO - [2024-11-11T03:38:32.776+0000] {dag.py:3239} INFO - Sync 1 DAGs
[2024-11-11T03:38:32.784+0000] {logging_mixin.py:190} INFO - [2024-11-11T03:38:32.784+0000] {dag.py:4180} INFO - Setting next_dagrun for example_local_kubernetes_executor to None, run_after=None
[2024-11-11T03:38:32.793+0000] {processor.py:208} INFO - Processing /home/airflow/.local/lib/python3.12/site-packages/airflow/example_dags/example_local_kubernetes_executor.py took 0.045 seconds
[2024-11-11T03:39:03.429+0000] {processor.py:186} INFO - Started process (PID=7822) to work on /home/airflow/.local/lib/python3.12/site-packages/airflow/example_dags/example_local_kubernetes_executor.py
[2024-11-11T03:39:03.430+0000] {processor.py:914} INFO - Processing file /home/airflow/.local/lib/python3.12/site-packages/airflow/example_dags/example_local_kubernetes_executor.py for tasks to queue
[2024-11-11T03:39:03.432+0000] {logging_mixin.py:190} INFO - [2024-11-11T03:39:03.432+0000] {dagbag.py:588} INFO - Filling up the DagBag from /home/airflow/.local/lib/python3.12/site-packages/airflow/example_dags/example_local_kubernetes_executor.py
[2024-11-11T03:39:03.437+0000] {processor.py:925} INFO - DAG(s) 'example_local_kubernetes_executor' retrieved from /home/airflow/.local/lib/python3.12/site-packages/airflow/example_dags/example_local_kubernetes_executor.py
[2024-11-11T03:39:03.455+0000] {logging_mixin.py:190} INFO - [2024-11-11T03:39:03.455+0000] {dag.py:3239} INFO - Sync 1 DAGs
[2024-11-11T03:39:03.462+0000] {logging_mixin.py:190} INFO - [2024-11-11T03:39:03.462+0000] {dag.py:4180} INFO - Setting next_dagrun for example_local_kubernetes_executor to None, run_after=None
[2024-11-11T03:39:03.471+0000] {processor.py:208} INFO - Processing /home/airflow/.local/lib/python3.12/site-packages/airflow/example_dags/example_local_kubernetes_executor.py took 0.045 seconds
[2024-11-11T03:39:34.149+0000] {processor.py:186} INFO - Started process (PID=7885) to work on /home/airflow/.local/lib/python3.12/site-packages/airflow/example_dags/example_local_kubernetes_executor.py
[2024-11-11T03:39:34.149+0000] {processor.py:914} INFO - Processing file /home/airflow/.local/lib/python3.12/site-packages/airflow/example_dags/example_local_kubernetes_executor.py for tasks to queue
[2024-11-11T03:39:34.151+0000] {logging_mixin.py:190} INFO - [2024-11-11T03:39:34.151+0000] {dagbag.py:588} INFO - Filling up the DagBag from /home/airflow/.local/lib/python3.12/site-packages/airflow/example_dags/example_local_kubernetes_executor.py
[2024-11-11T03:39:34.156+0000] {processor.py:925} INFO - DAG(s) 'example_local_kubernetes_executor' retrieved from /home/airflow/.local/lib/python3.12/site-packages/airflow/example_dags/example_local_kubernetes_executor.py
[2024-11-11T03:39:34.173+0000] {logging_mixin.py:190} INFO - [2024-11-11T03:39:34.173+0000] {dag.py:3239} INFO - Sync 1 DAGs
[2024-11-11T03:39:34.179+0000] {logging_mixin.py:190} INFO - [2024-11-11T03:39:34.179+0000] {dag.py:4180} INFO - Setting next_dagrun for example_local_kubernetes_executor to None, run_after=None
[2024-11-11T03:39:34.188+0000] {processor.py:208} INFO - Processing /home/airflow/.local/lib/python3.12/site-packages/airflow/example_dags/example_local_kubernetes_executor.py took 0.043 seconds
[2024-11-11T03:40:04.768+0000] {processor.py:186} INFO - Started process (PID=7948) to work on /home/airflow/.local/lib/python3.12/site-packages/airflow/example_dags/example_local_kubernetes_executor.py
[2024-11-11T03:40:04.768+0000] {processor.py:914} INFO - Processing file /home/airflow/.local/lib/python3.12/site-packages/airflow/example_dags/example_local_kubernetes_executor.py for tasks to queue
[2024-11-11T03:40:04.770+0000] {logging_mixin.py:190} INFO - [2024-11-11T03:40:04.769+0000] {dagbag.py:588} INFO - Filling up the DagBag from /home/airflow/.local/lib/python3.12/site-packages/airflow/example_dags/example_local_kubernetes_executor.py
[2024-11-11T03:40:04.775+0000] {processor.py:925} INFO - DAG(s) 'example_local_kubernetes_executor' retrieved from /home/airflow/.local/lib/python3.12/site-packages/airflow/example_dags/example_local_kubernetes_executor.py
[2024-11-11T03:40:04.792+0000] {logging_mixin.py:190} INFO - [2024-11-11T03:40:04.792+0000] {dag.py:3239} INFO - Sync 1 DAGs
[2024-11-11T03:40:04.799+0000] {logging_mixin.py:190} INFO - [2024-11-11T03:40:04.799+0000] {dag.py:4180} INFO - Setting next_dagrun for example_local_kubernetes_executor to None, run_after=None
[2024-11-11T03:40:04.808+0000] {processor.py:208} INFO - Processing /home/airflow/.local/lib/python3.12/site-packages/airflow/example_dags/example_local_kubernetes_executor.py took 0.044 seconds
[2024-11-11T03:40:35.596+0000] {processor.py:186} INFO - Started process (PID=8011) to work on /home/airflow/.local/lib/python3.12/site-packages/airflow/example_dags/example_local_kubernetes_executor.py
[2024-11-11T03:40:35.597+0000] {processor.py:914} INFO - Processing file /home/airflow/.local/lib/python3.12/site-packages/airflow/example_dags/example_local_kubernetes_executor.py for tasks to queue
[2024-11-11T03:40:35.598+0000] {logging_mixin.py:190} INFO - [2024-11-11T03:40:35.598+0000] {dagbag.py:588} INFO - Filling up the DagBag from /home/airflow/.local/lib/python3.12/site-packages/airflow/example_dags/example_local_kubernetes_executor.py
[2024-11-11T03:40:35.603+0000] {processor.py:925} INFO - DAG(s) 'example_local_kubernetes_executor' retrieved from /home/airflow/.local/lib/python3.12/site-packages/airflow/example_dags/example_local_kubernetes_executor.py
[2024-11-11T03:40:35.619+0000] {logging_mixin.py:190} INFO - [2024-11-11T03:40:35.619+0000] {dag.py:3239} INFO - Sync 1 DAGs
[2024-11-11T03:40:35.626+0000] {logging_mixin.py:190} INFO - [2024-11-11T03:40:35.626+0000] {dag.py:4180} INFO - Setting next_dagrun for example_local_kubernetes_executor to None, run_after=None
[2024-11-11T03:40:35.634+0000] {processor.py:208} INFO - Processing /home/airflow/.local/lib/python3.12/site-packages/airflow/example_dags/example_local_kubernetes_executor.py took 0.041 seconds
[2024-11-11T03:41:06.529+0000] {processor.py:186} INFO - Started process (PID=8074) to work on /home/airflow/.local/lib/python3.12/site-packages/airflow/example_dags/example_local_kubernetes_executor.py
[2024-11-11T03:41:06.529+0000] {processor.py:914} INFO - Processing file /home/airflow/.local/lib/python3.12/site-packages/airflow/example_dags/example_local_kubernetes_executor.py for tasks to queue
[2024-11-11T03:41:06.531+0000] {logging_mixin.py:190} INFO - [2024-11-11T03:41:06.531+0000] {dagbag.py:588} INFO - Filling up the DagBag from /home/airflow/.local/lib/python3.12/site-packages/airflow/example_dags/example_local_kubernetes_executor.py
[2024-11-11T03:41:06.536+0000] {processor.py:925} INFO - DAG(s) 'example_local_kubernetes_executor' retrieved from /home/airflow/.local/lib/python3.12/site-packages/airflow/example_dags/example_local_kubernetes_executor.py
[2024-11-11T03:41:06.552+0000] {logging_mixin.py:190} INFO - [2024-11-11T03:41:06.552+0000] {dag.py:3239} INFO - Sync 1 DAGs
[2024-11-11T03:41:06.559+0000] {logging_mixin.py:190} INFO - [2024-11-11T03:41:06.558+0000] {dag.py:4180} INFO - Setting next_dagrun for example_local_kubernetes_executor to None, run_after=None
[2024-11-11T03:41:06.567+0000] {processor.py:208} INFO - Processing /home/airflow/.local/lib/python3.12/site-packages/airflow/example_dags/example_local_kubernetes_executor.py took 0.041 seconds
[2024-11-11T03:41:37.206+0000] {processor.py:186} INFO - Started process (PID=8136) to work on /home/airflow/.local/lib/python3.12/site-packages/airflow/example_dags/example_local_kubernetes_executor.py
[2024-11-11T03:41:37.207+0000] {processor.py:914} INFO - Processing file /home/airflow/.local/lib/python3.12/site-packages/airflow/example_dags/example_local_kubernetes_executor.py for tasks to queue
[2024-11-11T03:41:37.208+0000] {logging_mixin.py:190} INFO - [2024-11-11T03:41:37.208+0000] {dagbag.py:588} INFO - Filling up the DagBag from /home/airflow/.local/lib/python3.12/site-packages/airflow/example_dags/example_local_kubernetes_executor.py
[2024-11-11T03:41:37.216+0000] {processor.py:925} INFO - DAG(s) 'example_local_kubernetes_executor' retrieved from /home/airflow/.local/lib/python3.12/site-packages/airflow/example_dags/example_local_kubernetes_executor.py
[2024-11-11T03:41:37.234+0000] {logging_mixin.py:190} INFO - [2024-11-11T03:41:37.234+0000] {dag.py:3239} INFO - Sync 1 DAGs
[2024-11-11T03:41:37.241+0000] {logging_mixin.py:190} INFO - [2024-11-11T03:41:37.241+0000] {dag.py:4180} INFO - Setting next_dagrun for example_local_kubernetes_executor to None, run_after=None
[2024-11-11T03:41:37.252+0000] {processor.py:208} INFO - Processing /home/airflow/.local/lib/python3.12/site-packages/airflow/example_dags/example_local_kubernetes_executor.py took 0.049 seconds
[2024-11-11T03:42:08.069+0000] {processor.py:186} INFO - Started process (PID=8199) to work on /home/airflow/.local/lib/python3.12/site-packages/airflow/example_dags/example_local_kubernetes_executor.py
[2024-11-11T03:42:08.069+0000] {processor.py:914} INFO - Processing file /home/airflow/.local/lib/python3.12/site-packages/airflow/example_dags/example_local_kubernetes_executor.py for tasks to queue
[2024-11-11T03:42:08.071+0000] {logging_mixin.py:190} INFO - [2024-11-11T03:42:08.070+0000] {dagbag.py:588} INFO - Filling up the DagBag from /home/airflow/.local/lib/python3.12/site-packages/airflow/example_dags/example_local_kubernetes_executor.py
[2024-11-11T03:42:08.076+0000] {processor.py:925} INFO - DAG(s) 'example_local_kubernetes_executor' retrieved from /home/airflow/.local/lib/python3.12/site-packages/airflow/example_dags/example_local_kubernetes_executor.py
[2024-11-11T03:42:08.092+0000] {logging_mixin.py:190} INFO - [2024-11-11T03:42:08.092+0000] {dag.py:3239} INFO - Sync 1 DAGs
[2024-11-11T03:42:08.098+0000] {logging_mixin.py:190} INFO - [2024-11-11T03:42:08.098+0000] {dag.py:4180} INFO - Setting next_dagrun for example_local_kubernetes_executor to None, run_after=None
[2024-11-11T03:42:08.106+0000] {processor.py:208} INFO - Processing /home/airflow/.local/lib/python3.12/site-packages/airflow/example_dags/example_local_kubernetes_executor.py took 0.041 seconds
[2024-11-11T03:42:38.746+0000] {processor.py:186} INFO - Started process (PID=8262) to work on /home/airflow/.local/lib/python3.12/site-packages/airflow/example_dags/example_local_kubernetes_executor.py
[2024-11-11T03:42:38.747+0000] {processor.py:914} INFO - Processing file /home/airflow/.local/lib/python3.12/site-packages/airflow/example_dags/example_local_kubernetes_executor.py for tasks to queue
[2024-11-11T03:42:38.750+0000] {logging_mixin.py:190} INFO - [2024-11-11T03:42:38.749+0000] {dagbag.py:588} INFO - Filling up the DagBag from /home/airflow/.local/lib/python3.12/site-packages/airflow/example_dags/example_local_kubernetes_executor.py
[2024-11-11T03:42:38.756+0000] {processor.py:925} INFO - DAG(s) 'example_local_kubernetes_executor' retrieved from /home/airflow/.local/lib/python3.12/site-packages/airflow/example_dags/example_local_kubernetes_executor.py
[2024-11-11T03:42:38.774+0000] {logging_mixin.py:190} INFO - [2024-11-11T03:42:38.774+0000] {dag.py:3239} INFO - Sync 1 DAGs
[2024-11-11T03:42:38.782+0000] {logging_mixin.py:190} INFO - [2024-11-11T03:42:38.782+0000] {dag.py:4180} INFO - Setting next_dagrun for example_local_kubernetes_executor to None, run_after=None
[2024-11-11T03:42:38.790+0000] {processor.py:208} INFO - Processing /home/airflow/.local/lib/python3.12/site-packages/airflow/example_dags/example_local_kubernetes_executor.py took 0.047 seconds
[2024-11-11T03:43:09.475+0000] {processor.py:186} INFO - Started process (PID=8325) to work on /home/airflow/.local/lib/python3.12/site-packages/airflow/example_dags/example_local_kubernetes_executor.py
[2024-11-11T03:43:09.476+0000] {processor.py:914} INFO - Processing file /home/airflow/.local/lib/python3.12/site-packages/airflow/example_dags/example_local_kubernetes_executor.py for tasks to queue
[2024-11-11T03:43:09.477+0000] {logging_mixin.py:190} INFO - [2024-11-11T03:43:09.477+0000] {dagbag.py:588} INFO - Filling up the DagBag from /home/airflow/.local/lib/python3.12/site-packages/airflow/example_dags/example_local_kubernetes_executor.py
[2024-11-11T03:43:09.483+0000] {processor.py:925} INFO - DAG(s) 'example_local_kubernetes_executor' retrieved from /home/airflow/.local/lib/python3.12/site-packages/airflow/example_dags/example_local_kubernetes_executor.py
[2024-11-11T03:43:09.500+0000] {logging_mixin.py:190} INFO - [2024-11-11T03:43:09.499+0000] {dag.py:3239} INFO - Sync 1 DAGs
[2024-11-11T03:43:09.507+0000] {logging_mixin.py:190} INFO - [2024-11-11T03:43:09.507+0000] {dag.py:4180} INFO - Setting next_dagrun for example_local_kubernetes_executor to None, run_after=None
[2024-11-11T03:43:09.516+0000] {processor.py:208} INFO - Processing /home/airflow/.local/lib/python3.12/site-packages/airflow/example_dags/example_local_kubernetes_executor.py took 0.044 seconds
[2024-11-11T03:43:40.013+0000] {processor.py:186} INFO - Started process (PID=8388) to work on /home/airflow/.local/lib/python3.12/site-packages/airflow/example_dags/example_local_kubernetes_executor.py
[2024-11-11T03:43:40.014+0000] {processor.py:914} INFO - Processing file /home/airflow/.local/lib/python3.12/site-packages/airflow/example_dags/example_local_kubernetes_executor.py for tasks to queue
[2024-11-11T03:43:40.016+0000] {logging_mixin.py:190} INFO - [2024-11-11T03:43:40.016+0000] {dagbag.py:588} INFO - Filling up the DagBag from /home/airflow/.local/lib/python3.12/site-packages/airflow/example_dags/example_local_kubernetes_executor.py
[2024-11-11T03:43:40.021+0000] {processor.py:925} INFO - DAG(s) 'example_local_kubernetes_executor' retrieved from /home/airflow/.local/lib/python3.12/site-packages/airflow/example_dags/example_local_kubernetes_executor.py
[2024-11-11T03:43:40.038+0000] {logging_mixin.py:190} INFO - [2024-11-11T03:43:40.038+0000] {dag.py:3239} INFO - Sync 1 DAGs
[2024-11-11T03:43:40.046+0000] {logging_mixin.py:190} INFO - [2024-11-11T03:43:40.046+0000] {dag.py:4180} INFO - Setting next_dagrun for example_local_kubernetes_executor to None, run_after=None
[2024-11-11T03:43:40.055+0000] {processor.py:208} INFO - Processing /home/airflow/.local/lib/python3.12/site-packages/airflow/example_dags/example_local_kubernetes_executor.py took 0.045 seconds
[2024-11-11T03:44:10.723+0000] {processor.py:186} INFO - Started process (PID=8451) to work on /home/airflow/.local/lib/python3.12/site-packages/airflow/example_dags/example_local_kubernetes_executor.py
[2024-11-11T03:44:10.724+0000] {processor.py:914} INFO - Processing file /home/airflow/.local/lib/python3.12/site-packages/airflow/example_dags/example_local_kubernetes_executor.py for tasks to queue
[2024-11-11T03:44:10.725+0000] {logging_mixin.py:190} INFO - [2024-11-11T03:44:10.725+0000] {dagbag.py:588} INFO - Filling up the DagBag from /home/airflow/.local/lib/python3.12/site-packages/airflow/example_dags/example_local_kubernetes_executor.py
[2024-11-11T03:44:10.731+0000] {processor.py:925} INFO - DAG(s) 'example_local_kubernetes_executor' retrieved from /home/airflow/.local/lib/python3.12/site-packages/airflow/example_dags/example_local_kubernetes_executor.py
[2024-11-11T03:44:10.748+0000] {logging_mixin.py:190} INFO - [2024-11-11T03:44:10.748+0000] {dag.py:3239} INFO - Sync 1 DAGs
[2024-11-11T03:44:10.755+0000] {logging_mixin.py:190} INFO - [2024-11-11T03:44:10.755+0000] {dag.py:4180} INFO - Setting next_dagrun for example_local_kubernetes_executor to None, run_after=None
[2024-11-11T03:44:10.765+0000] {processor.py:208} INFO - Processing /home/airflow/.local/lib/python3.12/site-packages/airflow/example_dags/example_local_kubernetes_executor.py took 0.045 seconds
[2024-11-11T03:44:41.386+0000] {processor.py:186} INFO - Started process (PID=8514) to work on /home/airflow/.local/lib/python3.12/site-packages/airflow/example_dags/example_local_kubernetes_executor.py
[2024-11-11T03:44:41.387+0000] {processor.py:914} INFO - Processing file /home/airflow/.local/lib/python3.12/site-packages/airflow/example_dags/example_local_kubernetes_executor.py for tasks to queue
[2024-11-11T03:44:41.388+0000] {logging_mixin.py:190} INFO - [2024-11-11T03:44:41.388+0000] {dagbag.py:588} INFO - Filling up the DagBag from /home/airflow/.local/lib/python3.12/site-packages/airflow/example_dags/example_local_kubernetes_executor.py
[2024-11-11T03:44:41.394+0000] {processor.py:925} INFO - DAG(s) 'example_local_kubernetes_executor' retrieved from /home/airflow/.local/lib/python3.12/site-packages/airflow/example_dags/example_local_kubernetes_executor.py
[2024-11-11T03:44:41.411+0000] {logging_mixin.py:190} INFO - [2024-11-11T03:44:41.411+0000] {dag.py:3239} INFO - Sync 1 DAGs
[2024-11-11T03:44:41.418+0000] {logging_mixin.py:190} INFO - [2024-11-11T03:44:41.418+0000] {dag.py:4180} INFO - Setting next_dagrun for example_local_kubernetes_executor to None, run_after=None
[2024-11-11T03:44:41.427+0000] {processor.py:208} INFO - Processing /home/airflow/.local/lib/python3.12/site-packages/airflow/example_dags/example_local_kubernetes_executor.py took 0.044 seconds
[2024-11-11T03:45:12.228+0000] {processor.py:186} INFO - Started process (PID=8577) to work on /home/airflow/.local/lib/python3.12/site-packages/airflow/example_dags/example_local_kubernetes_executor.py
[2024-11-11T03:45:12.229+0000] {processor.py:914} INFO - Processing file /home/airflow/.local/lib/python3.12/site-packages/airflow/example_dags/example_local_kubernetes_executor.py for tasks to queue
[2024-11-11T03:45:12.230+0000] {logging_mixin.py:190} INFO - [2024-11-11T03:45:12.230+0000] {dagbag.py:588} INFO - Filling up the DagBag from /home/airflow/.local/lib/python3.12/site-packages/airflow/example_dags/example_local_kubernetes_executor.py
[2024-11-11T03:45:12.236+0000] {processor.py:925} INFO - DAG(s) 'example_local_kubernetes_executor' retrieved from /home/airflow/.local/lib/python3.12/site-packages/airflow/example_dags/example_local_kubernetes_executor.py
[2024-11-11T03:45:12.251+0000] {logging_mixin.py:190} INFO - [2024-11-11T03:45:12.251+0000] {dag.py:3239} INFO - Sync 1 DAGs
[2024-11-11T03:45:12.258+0000] {logging_mixin.py:190} INFO - [2024-11-11T03:45:12.257+0000] {dag.py:4180} INFO - Setting next_dagrun for example_local_kubernetes_executor to None, run_after=None
[2024-11-11T03:45:12.265+0000] {processor.py:208} INFO - Processing /home/airflow/.local/lib/python3.12/site-packages/airflow/example_dags/example_local_kubernetes_executor.py took 0.041 seconds
[2024-11-11T03:45:42.690+0000] {processor.py:186} INFO - Started process (PID=8640) to work on /home/airflow/.local/lib/python3.12/site-packages/airflow/example_dags/example_local_kubernetes_executor.py
[2024-11-11T03:45:42.691+0000] {processor.py:914} INFO - Processing file /home/airflow/.local/lib/python3.12/site-packages/airflow/example_dags/example_local_kubernetes_executor.py for tasks to queue
[2024-11-11T03:45:42.693+0000] {logging_mixin.py:190} INFO - [2024-11-11T03:45:42.693+0000] {dagbag.py:588} INFO - Filling up the DagBag from /home/airflow/.local/lib/python3.12/site-packages/airflow/example_dags/example_local_kubernetes_executor.py
[2024-11-11T03:45:42.703+0000] {processor.py:925} INFO - DAG(s) 'example_local_kubernetes_executor' retrieved from /home/airflow/.local/lib/python3.12/site-packages/airflow/example_dags/example_local_kubernetes_executor.py
[2024-11-11T03:45:42.719+0000] {logging_mixin.py:190} INFO - [2024-11-11T03:45:42.719+0000] {dag.py:3239} INFO - Sync 1 DAGs
[2024-11-11T03:45:42.726+0000] {logging_mixin.py:190} INFO - [2024-11-11T03:45:42.726+0000] {dag.py:4180} INFO - Setting next_dagrun for example_local_kubernetes_executor to None, run_after=None
[2024-11-11T03:45:42.734+0000] {processor.py:208} INFO - Processing /home/airflow/.local/lib/python3.12/site-packages/airflow/example_dags/example_local_kubernetes_executor.py took 0.050 seconds
[2024-11-11T03:46:13.497+0000] {processor.py:186} INFO - Started process (PID=8703) to work on /home/airflow/.local/lib/python3.12/site-packages/airflow/example_dags/example_local_kubernetes_executor.py
[2024-11-11T03:46:13.497+0000] {processor.py:914} INFO - Processing file /home/airflow/.local/lib/python3.12/site-packages/airflow/example_dags/example_local_kubernetes_executor.py for tasks to queue
[2024-11-11T03:46:13.499+0000] {logging_mixin.py:190} INFO - [2024-11-11T03:46:13.498+0000] {dagbag.py:588} INFO - Filling up the DagBag from /home/airflow/.local/lib/python3.12/site-packages/airflow/example_dags/example_local_kubernetes_executor.py
[2024-11-11T03:46:13.504+0000] {processor.py:925} INFO - DAG(s) 'example_local_kubernetes_executor' retrieved from /home/airflow/.local/lib/python3.12/site-packages/airflow/example_dags/example_local_kubernetes_executor.py
[2024-11-11T03:46:13.520+0000] {logging_mixin.py:190} INFO - [2024-11-11T03:46:13.520+0000] {dag.py:3239} INFO - Sync 1 DAGs
[2024-11-11T03:46:13.527+0000] {logging_mixin.py:190} INFO - [2024-11-11T03:46:13.527+0000] {dag.py:4180} INFO - Setting next_dagrun for example_local_kubernetes_executor to None, run_after=None
[2024-11-11T03:46:13.534+0000] {processor.py:208} INFO - Processing /home/airflow/.local/lib/python3.12/site-packages/airflow/example_dags/example_local_kubernetes_executor.py took 0.041 seconds
[2024-11-11T03:46:43.957+0000] {processor.py:186} INFO - Started process (PID=8766) to work on /home/airflow/.local/lib/python3.12/site-packages/airflow/example_dags/example_local_kubernetes_executor.py
[2024-11-11T03:46:43.958+0000] {processor.py:914} INFO - Processing file /home/airflow/.local/lib/python3.12/site-packages/airflow/example_dags/example_local_kubernetes_executor.py for tasks to queue
[2024-11-11T03:46:43.959+0000] {logging_mixin.py:190} INFO - [2024-11-11T03:46:43.959+0000] {dagbag.py:588} INFO - Filling up the DagBag from /home/airflow/.local/lib/python3.12/site-packages/airflow/example_dags/example_local_kubernetes_executor.py
[2024-11-11T03:46:43.965+0000] {processor.py:925} INFO - DAG(s) 'example_local_kubernetes_executor' retrieved from /home/airflow/.local/lib/python3.12/site-packages/airflow/example_dags/example_local_kubernetes_executor.py
[2024-11-11T03:46:43.981+0000] {logging_mixin.py:190} INFO - [2024-11-11T03:46:43.981+0000] {dag.py:3239} INFO - Sync 1 DAGs
[2024-11-11T03:46:43.988+0000] {logging_mixin.py:190} INFO - [2024-11-11T03:46:43.988+0000] {dag.py:4180} INFO - Setting next_dagrun for example_local_kubernetes_executor to None, run_after=None
[2024-11-11T03:46:43.996+0000] {processor.py:208} INFO - Processing /home/airflow/.local/lib/python3.12/site-packages/airflow/example_dags/example_local_kubernetes_executor.py took 0.042 seconds
[2024-11-11T03:47:14.438+0000] {processor.py:186} INFO - Started process (PID=8829) to work on /home/airflow/.local/lib/python3.12/site-packages/airflow/example_dags/example_local_kubernetes_executor.py
[2024-11-11T03:47:14.439+0000] {processor.py:914} INFO - Processing file /home/airflow/.local/lib/python3.12/site-packages/airflow/example_dags/example_local_kubernetes_executor.py for tasks to queue
[2024-11-11T03:47:14.440+0000] {logging_mixin.py:190} INFO - [2024-11-11T03:47:14.440+0000] {dagbag.py:588} INFO - Filling up the DagBag from /home/airflow/.local/lib/python3.12/site-packages/airflow/example_dags/example_local_kubernetes_executor.py
[2024-11-11T03:47:14.446+0000] {processor.py:925} INFO - DAG(s) 'example_local_kubernetes_executor' retrieved from /home/airflow/.local/lib/python3.12/site-packages/airflow/example_dags/example_local_kubernetes_executor.py
[2024-11-11T03:47:14.464+0000] {logging_mixin.py:190} INFO - [2024-11-11T03:47:14.464+0000] {dag.py:3239} INFO - Sync 1 DAGs
[2024-11-11T03:47:14.471+0000] {logging_mixin.py:190} INFO - [2024-11-11T03:47:14.471+0000] {dag.py:4180} INFO - Setting next_dagrun for example_local_kubernetes_executor to None, run_after=None
[2024-11-11T03:47:14.480+0000] {processor.py:208} INFO - Processing /home/airflow/.local/lib/python3.12/site-packages/airflow/example_dags/example_local_kubernetes_executor.py took 0.046 seconds
[2024-11-11T03:47:44.906+0000] {processor.py:186} INFO - Started process (PID=8891) to work on /home/airflow/.local/lib/python3.12/site-packages/airflow/example_dags/example_local_kubernetes_executor.py
[2024-11-11T03:47:44.907+0000] {processor.py:914} INFO - Processing file /home/airflow/.local/lib/python3.12/site-packages/airflow/example_dags/example_local_kubernetes_executor.py for tasks to queue
[2024-11-11T03:47:44.908+0000] {logging_mixin.py:190} INFO - [2024-11-11T03:47:44.908+0000] {dagbag.py:588} INFO - Filling up the DagBag from /home/airflow/.local/lib/python3.12/site-packages/airflow/example_dags/example_local_kubernetes_executor.py
[2024-11-11T03:47:44.914+0000] {processor.py:925} INFO - DAG(s) 'example_local_kubernetes_executor' retrieved from /home/airflow/.local/lib/python3.12/site-packages/airflow/example_dags/example_local_kubernetes_executor.py
[2024-11-11T03:47:44.931+0000] {logging_mixin.py:190} INFO - [2024-11-11T03:47:44.930+0000] {dag.py:3239} INFO - Sync 1 DAGs
[2024-11-11T03:47:44.939+0000] {logging_mixin.py:190} INFO - [2024-11-11T03:47:44.939+0000] {dag.py:4180} INFO - Setting next_dagrun for example_local_kubernetes_executor to None, run_after=None
[2024-11-11T03:47:44.948+0000] {processor.py:208} INFO - Processing /home/airflow/.local/lib/python3.12/site-packages/airflow/example_dags/example_local_kubernetes_executor.py took 0.046 seconds
[2024-11-11T03:48:15.533+0000] {processor.py:186} INFO - Started process (PID=8954) to work on /home/airflow/.local/lib/python3.12/site-packages/airflow/example_dags/example_local_kubernetes_executor.py
[2024-11-11T03:48:15.534+0000] {processor.py:914} INFO - Processing file /home/airflow/.local/lib/python3.12/site-packages/airflow/example_dags/example_local_kubernetes_executor.py for tasks to queue
[2024-11-11T03:48:15.536+0000] {logging_mixin.py:190} INFO - [2024-11-11T03:48:15.536+0000] {dagbag.py:588} INFO - Filling up the DagBag from /home/airflow/.local/lib/python3.12/site-packages/airflow/example_dags/example_local_kubernetes_executor.py
[2024-11-11T03:48:15.542+0000] {processor.py:925} INFO - DAG(s) 'example_local_kubernetes_executor' retrieved from /home/airflow/.local/lib/python3.12/site-packages/airflow/example_dags/example_local_kubernetes_executor.py
[2024-11-11T03:48:15.558+0000] {logging_mixin.py:190} INFO - [2024-11-11T03:48:15.558+0000] {dag.py:3239} INFO - Sync 1 DAGs
[2024-11-11T03:48:15.566+0000] {logging_mixin.py:190} INFO - [2024-11-11T03:48:15.566+0000] {dag.py:4180} INFO - Setting next_dagrun for example_local_kubernetes_executor to None, run_after=None
[2024-11-11T03:48:15.574+0000] {processor.py:208} INFO - Processing /home/airflow/.local/lib/python3.12/site-packages/airflow/example_dags/example_local_kubernetes_executor.py took 0.044 seconds
[2024-11-11T03:48:46.484+0000] {processor.py:186} INFO - Started process (PID=9018) to work on /home/airflow/.local/lib/python3.12/site-packages/airflow/example_dags/example_local_kubernetes_executor.py
[2024-11-11T03:48:46.485+0000] {processor.py:914} INFO - Processing file /home/airflow/.local/lib/python3.12/site-packages/airflow/example_dags/example_local_kubernetes_executor.py for tasks to queue
[2024-11-11T03:48:46.487+0000] {logging_mixin.py:190} INFO - [2024-11-11T03:48:46.487+0000] {dagbag.py:588} INFO - Filling up the DagBag from /home/airflow/.local/lib/python3.12/site-packages/airflow/example_dags/example_local_kubernetes_executor.py
[2024-11-11T03:48:46.493+0000] {processor.py:925} INFO - DAG(s) 'example_local_kubernetes_executor' retrieved from /home/airflow/.local/lib/python3.12/site-packages/airflow/example_dags/example_local_kubernetes_executor.py
[2024-11-11T03:48:46.509+0000] {logging_mixin.py:190} INFO - [2024-11-11T03:48:46.509+0000] {dag.py:3239} INFO - Sync 1 DAGs
[2024-11-11T03:48:46.516+0000] {logging_mixin.py:190} INFO - [2024-11-11T03:48:46.516+0000] {dag.py:4180} INFO - Setting next_dagrun for example_local_kubernetes_executor to None, run_after=None
[2024-11-11T03:48:46.524+0000] {processor.py:208} INFO - Processing /home/airflow/.local/lib/python3.12/site-packages/airflow/example_dags/example_local_kubernetes_executor.py took 0.044 seconds
[2024-11-11T03:49:17.156+0000] {processor.py:186} INFO - Started process (PID=9081) to work on /home/airflow/.local/lib/python3.12/site-packages/airflow/example_dags/example_local_kubernetes_executor.py
[2024-11-11T03:49:17.157+0000] {processor.py:914} INFO - Processing file /home/airflow/.local/lib/python3.12/site-packages/airflow/example_dags/example_local_kubernetes_executor.py for tasks to queue
[2024-11-11T03:49:17.158+0000] {logging_mixin.py:190} INFO - [2024-11-11T03:49:17.158+0000] {dagbag.py:588} INFO - Filling up the DagBag from /home/airflow/.local/lib/python3.12/site-packages/airflow/example_dags/example_local_kubernetes_executor.py
[2024-11-11T03:49:17.164+0000] {processor.py:925} INFO - DAG(s) 'example_local_kubernetes_executor' retrieved from /home/airflow/.local/lib/python3.12/site-packages/airflow/example_dags/example_local_kubernetes_executor.py
[2024-11-11T03:49:17.180+0000] {logging_mixin.py:190} INFO - [2024-11-11T03:49:17.180+0000] {dag.py:3239} INFO - Sync 1 DAGs
[2024-11-11T03:49:17.187+0000] {logging_mixin.py:190} INFO - [2024-11-11T03:49:17.187+0000] {dag.py:4180} INFO - Setting next_dagrun for example_local_kubernetes_executor to None, run_after=None
[2024-11-11T03:49:17.196+0000] {processor.py:208} INFO - Processing /home/airflow/.local/lib/python3.12/site-packages/airflow/example_dags/example_local_kubernetes_executor.py took 0.043 seconds
[2024-11-11T03:59:42.671+0000] {processor.py:186} INFO - Started process (PID=9144) to work on /home/airflow/.local/lib/python3.12/site-packages/airflow/example_dags/example_local_kubernetes_executor.py
[2024-11-11T03:59:42.671+0000] {processor.py:914} INFO - Processing file /home/airflow/.local/lib/python3.12/site-packages/airflow/example_dags/example_local_kubernetes_executor.py for tasks to queue
[2024-11-11T03:59:42.673+0000] {logging_mixin.py:190} INFO - [2024-11-11T03:59:42.672+0000] {dagbag.py:588} INFO - Filling up the DagBag from /home/airflow/.local/lib/python3.12/site-packages/airflow/example_dags/example_local_kubernetes_executor.py
[2024-11-11T03:59:42.678+0000] {processor.py:925} INFO - DAG(s) 'example_local_kubernetes_executor' retrieved from /home/airflow/.local/lib/python3.12/site-packages/airflow/example_dags/example_local_kubernetes_executor.py
[2024-11-11T03:59:42.694+0000] {logging_mixin.py:190} INFO - [2024-11-11T03:59:42.693+0000] {dag.py:3239} INFO - Sync 1 DAGs
[2024-11-11T03:59:42.700+0000] {logging_mixin.py:190} INFO - [2024-11-11T03:59:42.700+0000] {dag.py:4180} INFO - Setting next_dagrun for example_local_kubernetes_executor to None, run_after=None
[2024-11-11T03:59:42.708+0000] {processor.py:208} INFO - Processing /home/airflow/.local/lib/python3.12/site-packages/airflow/example_dags/example_local_kubernetes_executor.py took 0.041 seconds
[2024-11-11T04:00:13.389+0000] {processor.py:186} INFO - Started process (PID=9207) to work on /home/airflow/.local/lib/python3.12/site-packages/airflow/example_dags/example_local_kubernetes_executor.py
[2024-11-11T04:00:13.390+0000] {processor.py:914} INFO - Processing file /home/airflow/.local/lib/python3.12/site-packages/airflow/example_dags/example_local_kubernetes_executor.py for tasks to queue
[2024-11-11T04:00:13.392+0000] {logging_mixin.py:190} INFO - [2024-11-11T04:00:13.391+0000] {dagbag.py:588} INFO - Filling up the DagBag from /home/airflow/.local/lib/python3.12/site-packages/airflow/example_dags/example_local_kubernetes_executor.py
[2024-11-11T04:00:13.397+0000] {processor.py:925} INFO - DAG(s) 'example_local_kubernetes_executor' retrieved from /home/airflow/.local/lib/python3.12/site-packages/airflow/example_dags/example_local_kubernetes_executor.py
[2024-11-11T04:00:13.413+0000] {logging_mixin.py:190} INFO - [2024-11-11T04:00:13.413+0000] {dag.py:3239} INFO - Sync 1 DAGs
[2024-11-11T04:00:13.420+0000] {logging_mixin.py:190} INFO - [2024-11-11T04:00:13.420+0000] {dag.py:4180} INFO - Setting next_dagrun for example_local_kubernetes_executor to None, run_after=None
[2024-11-11T04:00:13.429+0000] {processor.py:208} INFO - Processing /home/airflow/.local/lib/python3.12/site-packages/airflow/example_dags/example_local_kubernetes_executor.py took 0.042 seconds
[2024-11-11T04:00:44.232+0000] {processor.py:186} INFO - Started process (PID=9270) to work on /home/airflow/.local/lib/python3.12/site-packages/airflow/example_dags/example_local_kubernetes_executor.py
[2024-11-11T04:00:44.233+0000] {processor.py:914} INFO - Processing file /home/airflow/.local/lib/python3.12/site-packages/airflow/example_dags/example_local_kubernetes_executor.py for tasks to queue
[2024-11-11T04:00:44.234+0000] {logging_mixin.py:190} INFO - [2024-11-11T04:00:44.234+0000] {dagbag.py:588} INFO - Filling up the DagBag from /home/airflow/.local/lib/python3.12/site-packages/airflow/example_dags/example_local_kubernetes_executor.py
[2024-11-11T04:00:44.240+0000] {processor.py:925} INFO - DAG(s) 'example_local_kubernetes_executor' retrieved from /home/airflow/.local/lib/python3.12/site-packages/airflow/example_dags/example_local_kubernetes_executor.py
[2024-11-11T04:00:44.256+0000] {logging_mixin.py:190} INFO - [2024-11-11T04:00:44.256+0000] {dag.py:3239} INFO - Sync 1 DAGs
[2024-11-11T04:00:44.265+0000] {logging_mixin.py:190} INFO - [2024-11-11T04:00:44.265+0000] {dag.py:4180} INFO - Setting next_dagrun for example_local_kubernetes_executor to None, run_after=None
[2024-11-11T04:00:44.275+0000] {processor.py:208} INFO - Processing /home/airflow/.local/lib/python3.12/site-packages/airflow/example_dags/example_local_kubernetes_executor.py took 0.046 seconds
[2024-11-11T04:01:14.836+0000] {processor.py:186} INFO - Started process (PID=9333) to work on /home/airflow/.local/lib/python3.12/site-packages/airflow/example_dags/example_local_kubernetes_executor.py
[2024-11-11T04:01:14.837+0000] {processor.py:914} INFO - Processing file /home/airflow/.local/lib/python3.12/site-packages/airflow/example_dags/example_local_kubernetes_executor.py for tasks to queue
[2024-11-11T04:01:14.839+0000] {logging_mixin.py:190} INFO - [2024-11-11T04:01:14.839+0000] {dagbag.py:588} INFO - Filling up the DagBag from /home/airflow/.local/lib/python3.12/site-packages/airflow/example_dags/example_local_kubernetes_executor.py
[2024-11-11T04:01:14.847+0000] {processor.py:925} INFO - DAG(s) 'example_local_kubernetes_executor' retrieved from /home/airflow/.local/lib/python3.12/site-packages/airflow/example_dags/example_local_kubernetes_executor.py
[2024-11-11T04:01:14.869+0000] {logging_mixin.py:190} INFO - [2024-11-11T04:01:14.869+0000] {dag.py:3239} INFO - Sync 1 DAGs
[2024-11-11T04:01:14.878+0000] {logging_mixin.py:190} INFO - [2024-11-11T04:01:14.877+0000] {dag.py:4180} INFO - Setting next_dagrun for example_local_kubernetes_executor to None, run_after=None
[2024-11-11T04:01:14.889+0000] {processor.py:208} INFO - Processing /home/airflow/.local/lib/python3.12/site-packages/airflow/example_dags/example_local_kubernetes_executor.py took 0.056 seconds
[2024-11-11T04:01:45.663+0000] {processor.py:186} INFO - Started process (PID=9396) to work on /home/airflow/.local/lib/python3.12/site-packages/airflow/example_dags/example_local_kubernetes_executor.py
[2024-11-11T04:01:45.663+0000] {processor.py:914} INFO - Processing file /home/airflow/.local/lib/python3.12/site-packages/airflow/example_dags/example_local_kubernetes_executor.py for tasks to queue
[2024-11-11T04:01:45.665+0000] {logging_mixin.py:190} INFO - [2024-11-11T04:01:45.664+0000] {dagbag.py:588} INFO - Filling up the DagBag from /home/airflow/.local/lib/python3.12/site-packages/airflow/example_dags/example_local_kubernetes_executor.py
[2024-11-11T04:01:45.670+0000] {processor.py:925} INFO - DAG(s) 'example_local_kubernetes_executor' retrieved from /home/airflow/.local/lib/python3.12/site-packages/airflow/example_dags/example_local_kubernetes_executor.py
[2024-11-11T04:01:45.686+0000] {logging_mixin.py:190} INFO - [2024-11-11T04:01:45.686+0000] {dag.py:3239} INFO - Sync 1 DAGs
[2024-11-11T04:01:45.693+0000] {logging_mixin.py:190} INFO - [2024-11-11T04:01:45.693+0000] {dag.py:4180} INFO - Setting next_dagrun for example_local_kubernetes_executor to None, run_after=None
[2024-11-11T04:01:45.701+0000] {processor.py:208} INFO - Processing /home/airflow/.local/lib/python3.12/site-packages/airflow/example_dags/example_local_kubernetes_executor.py took 0.042 seconds
[2024-11-11T04:02:16.598+0000] {processor.py:186} INFO - Started process (PID=9459) to work on /home/airflow/.local/lib/python3.12/site-packages/airflow/example_dags/example_local_kubernetes_executor.py
[2024-11-11T04:02:16.600+0000] {processor.py:914} INFO - Processing file /home/airflow/.local/lib/python3.12/site-packages/airflow/example_dags/example_local_kubernetes_executor.py for tasks to queue
[2024-11-11T04:02:16.602+0000] {logging_mixin.py:190} INFO - [2024-11-11T04:02:16.602+0000] {dagbag.py:588} INFO - Filling up the DagBag from /home/airflow/.local/lib/python3.12/site-packages/airflow/example_dags/example_local_kubernetes_executor.py
[2024-11-11T04:02:16.611+0000] {processor.py:925} INFO - DAG(s) 'example_local_kubernetes_executor' retrieved from /home/airflow/.local/lib/python3.12/site-packages/airflow/example_dags/example_local_kubernetes_executor.py
[2024-11-11T04:02:16.629+0000] {logging_mixin.py:190} INFO - [2024-11-11T04:02:16.629+0000] {dag.py:3239} INFO - Sync 1 DAGs
[2024-11-11T04:02:16.638+0000] {logging_mixin.py:190} INFO - [2024-11-11T04:02:16.638+0000] {dag.py:4180} INFO - Setting next_dagrun for example_local_kubernetes_executor to None, run_after=None
[2024-11-11T04:02:16.652+0000] {processor.py:208} INFO - Processing /home/airflow/.local/lib/python3.12/site-packages/airflow/example_dags/example_local_kubernetes_executor.py took 0.058 seconds
[2024-11-11T04:02:47.266+0000] {processor.py:186} INFO - Started process (PID=9522) to work on /home/airflow/.local/lib/python3.12/site-packages/airflow/example_dags/example_local_kubernetes_executor.py
[2024-11-11T04:02:47.266+0000] {processor.py:914} INFO - Processing file /home/airflow/.local/lib/python3.12/site-packages/airflow/example_dags/example_local_kubernetes_executor.py for tasks to queue
[2024-11-11T04:02:47.268+0000] {logging_mixin.py:190} INFO - [2024-11-11T04:02:47.268+0000] {dagbag.py:588} INFO - Filling up the DagBag from /home/airflow/.local/lib/python3.12/site-packages/airflow/example_dags/example_local_kubernetes_executor.py
[2024-11-11T04:02:47.273+0000] {processor.py:925} INFO - DAG(s) 'example_local_kubernetes_executor' retrieved from /home/airflow/.local/lib/python3.12/site-packages/airflow/example_dags/example_local_kubernetes_executor.py
[2024-11-11T04:02:47.289+0000] {logging_mixin.py:190} INFO - [2024-11-11T04:02:47.289+0000] {dag.py:3239} INFO - Sync 1 DAGs
[2024-11-11T04:02:47.296+0000] {logging_mixin.py:190} INFO - [2024-11-11T04:02:47.296+0000] {dag.py:4180} INFO - Setting next_dagrun for example_local_kubernetes_executor to None, run_after=None
[2024-11-11T04:02:47.304+0000] {processor.py:208} INFO - Processing /home/airflow/.local/lib/python3.12/site-packages/airflow/example_dags/example_local_kubernetes_executor.py took 0.042 seconds
[2024-11-11T04:03:17.965+0000] {processor.py:186} INFO - Started process (PID=9585) to work on /home/airflow/.local/lib/python3.12/site-packages/airflow/example_dags/example_local_kubernetes_executor.py
[2024-11-11T04:03:17.965+0000] {processor.py:914} INFO - Processing file /home/airflow/.local/lib/python3.12/site-packages/airflow/example_dags/example_local_kubernetes_executor.py for tasks to queue
[2024-11-11T04:03:17.967+0000] {logging_mixin.py:190} INFO - [2024-11-11T04:03:17.967+0000] {dagbag.py:588} INFO - Filling up the DagBag from /home/airflow/.local/lib/python3.12/site-packages/airflow/example_dags/example_local_kubernetes_executor.py
[2024-11-11T04:03:17.972+0000] {processor.py:925} INFO - DAG(s) 'example_local_kubernetes_executor' retrieved from /home/airflow/.local/lib/python3.12/site-packages/airflow/example_dags/example_local_kubernetes_executor.py
[2024-11-11T04:03:17.989+0000] {logging_mixin.py:190} INFO - [2024-11-11T04:03:17.989+0000] {dag.py:3239} INFO - Sync 1 DAGs
[2024-11-11T04:03:17.996+0000] {logging_mixin.py:190} INFO - [2024-11-11T04:03:17.996+0000] {dag.py:4180} INFO - Setting next_dagrun for example_local_kubernetes_executor to None, run_after=None
[2024-11-11T04:03:18.005+0000] {processor.py:208} INFO - Processing /home/airflow/.local/lib/python3.12/site-packages/airflow/example_dags/example_local_kubernetes_executor.py took 0.044 seconds
[2024-11-11T04:03:48.868+0000] {processor.py:186} INFO - Started process (PID=9648) to work on /home/airflow/.local/lib/python3.12/site-packages/airflow/example_dags/example_local_kubernetes_executor.py
[2024-11-11T04:03:48.869+0000] {processor.py:914} INFO - Processing file /home/airflow/.local/lib/python3.12/site-packages/airflow/example_dags/example_local_kubernetes_executor.py for tasks to queue
[2024-11-11T04:03:48.871+0000] {logging_mixin.py:190} INFO - [2024-11-11T04:03:48.871+0000] {dagbag.py:588} INFO - Filling up the DagBag from /home/airflow/.local/lib/python3.12/site-packages/airflow/example_dags/example_local_kubernetes_executor.py
[2024-11-11T04:03:48.876+0000] {processor.py:925} INFO - DAG(s) 'example_local_kubernetes_executor' retrieved from /home/airflow/.local/lib/python3.12/site-packages/airflow/example_dags/example_local_kubernetes_executor.py
[2024-11-11T04:03:48.893+0000] {logging_mixin.py:190} INFO - [2024-11-11T04:03:48.893+0000] {dag.py:3239} INFO - Sync 1 DAGs
[2024-11-11T04:03:48.899+0000] {logging_mixin.py:190} INFO - [2024-11-11T04:03:48.899+0000] {dag.py:4180} INFO - Setting next_dagrun for example_local_kubernetes_executor to None, run_after=None
[2024-11-11T04:03:48.907+0000] {processor.py:208} INFO - Processing /home/airflow/.local/lib/python3.12/site-packages/airflow/example_dags/example_local_kubernetes_executor.py took 0.042 seconds
[2024-11-11T04:04:19.839+0000] {processor.py:186} INFO - Started process (PID=9711) to work on /home/airflow/.local/lib/python3.12/site-packages/airflow/example_dags/example_local_kubernetes_executor.py
[2024-11-11T04:04:19.839+0000] {processor.py:914} INFO - Processing file /home/airflow/.local/lib/python3.12/site-packages/airflow/example_dags/example_local_kubernetes_executor.py for tasks to queue
[2024-11-11T04:04:19.841+0000] {logging_mixin.py:190} INFO - [2024-11-11T04:04:19.841+0000] {dagbag.py:588} INFO - Filling up the DagBag from /home/airflow/.local/lib/python3.12/site-packages/airflow/example_dags/example_local_kubernetes_executor.py
[2024-11-11T04:04:19.847+0000] {processor.py:925} INFO - DAG(s) 'example_local_kubernetes_executor' retrieved from /home/airflow/.local/lib/python3.12/site-packages/airflow/example_dags/example_local_kubernetes_executor.py
[2024-11-11T04:04:19.863+0000] {logging_mixin.py:190} INFO - [2024-11-11T04:04:19.863+0000] {dag.py:3239} INFO - Sync 1 DAGs
[2024-11-11T04:04:19.870+0000] {logging_mixin.py:190} INFO - [2024-11-11T04:04:19.870+0000] {dag.py:4180} INFO - Setting next_dagrun for example_local_kubernetes_executor to None, run_after=None
[2024-11-11T04:04:19.878+0000] {processor.py:208} INFO - Processing /home/airflow/.local/lib/python3.12/site-packages/airflow/example_dags/example_local_kubernetes_executor.py took 0.043 seconds
[2024-11-11T04:04:50.724+0000] {processor.py:186} INFO - Started process (PID=9774) to work on /home/airflow/.local/lib/python3.12/site-packages/airflow/example_dags/example_local_kubernetes_executor.py
[2024-11-11T04:04:50.725+0000] {processor.py:914} INFO - Processing file /home/airflow/.local/lib/python3.12/site-packages/airflow/example_dags/example_local_kubernetes_executor.py for tasks to queue
[2024-11-11T04:04:50.726+0000] {logging_mixin.py:190} INFO - [2024-11-11T04:04:50.726+0000] {dagbag.py:588} INFO - Filling up the DagBag from /home/airflow/.local/lib/python3.12/site-packages/airflow/example_dags/example_local_kubernetes_executor.py
[2024-11-11T04:04:50.732+0000] {processor.py:925} INFO - DAG(s) 'example_local_kubernetes_executor' retrieved from /home/airflow/.local/lib/python3.12/site-packages/airflow/example_dags/example_local_kubernetes_executor.py
[2024-11-11T04:04:50.748+0000] {logging_mixin.py:190} INFO - [2024-11-11T04:04:50.748+0000] {dag.py:3239} INFO - Sync 1 DAGs
[2024-11-11T04:04:50.756+0000] {logging_mixin.py:190} INFO - [2024-11-11T04:04:50.756+0000] {dag.py:4180} INFO - Setting next_dagrun for example_local_kubernetes_executor to None, run_after=None
[2024-11-11T04:04:50.765+0000] {processor.py:208} INFO - Processing /home/airflow/.local/lib/python3.12/site-packages/airflow/example_dags/example_local_kubernetes_executor.py took 0.044 seconds
[2024-11-11T04:05:21.536+0000] {processor.py:186} INFO - Started process (PID=9837) to work on /home/airflow/.local/lib/python3.12/site-packages/airflow/example_dags/example_local_kubernetes_executor.py
[2024-11-11T04:05:21.537+0000] {processor.py:914} INFO - Processing file /home/airflow/.local/lib/python3.12/site-packages/airflow/example_dags/example_local_kubernetes_executor.py for tasks to queue
[2024-11-11T04:05:21.538+0000] {logging_mixin.py:190} INFO - [2024-11-11T04:05:21.538+0000] {dagbag.py:588} INFO - Filling up the DagBag from /home/airflow/.local/lib/python3.12/site-packages/airflow/example_dags/example_local_kubernetes_executor.py
[2024-11-11T04:05:21.544+0000] {processor.py:925} INFO - DAG(s) 'example_local_kubernetes_executor' retrieved from /home/airflow/.local/lib/python3.12/site-packages/airflow/example_dags/example_local_kubernetes_executor.py
[2024-11-11T04:05:21.560+0000] {logging_mixin.py:190} INFO - [2024-11-11T04:05:21.560+0000] {dag.py:3239} INFO - Sync 1 DAGs
[2024-11-11T04:05:21.567+0000] {logging_mixin.py:190} INFO - [2024-11-11T04:05:21.567+0000] {dag.py:4180} INFO - Setting next_dagrun for example_local_kubernetes_executor to None, run_after=None
[2024-11-11T04:05:21.576+0000] {processor.py:208} INFO - Processing /home/airflow/.local/lib/python3.12/site-packages/airflow/example_dags/example_local_kubernetes_executor.py took 0.043 seconds
[2024-11-11T04:05:52.160+0000] {processor.py:186} INFO - Started process (PID=9900) to work on /home/airflow/.local/lib/python3.12/site-packages/airflow/example_dags/example_local_kubernetes_executor.py
[2024-11-11T04:05:52.161+0000] {processor.py:914} INFO - Processing file /home/airflow/.local/lib/python3.12/site-packages/airflow/example_dags/example_local_kubernetes_executor.py for tasks to queue
[2024-11-11T04:05:52.162+0000] {logging_mixin.py:190} INFO - [2024-11-11T04:05:52.162+0000] {dagbag.py:588} INFO - Filling up the DagBag from /home/airflow/.local/lib/python3.12/site-packages/airflow/example_dags/example_local_kubernetes_executor.py
[2024-11-11T04:05:52.168+0000] {processor.py:925} INFO - DAG(s) 'example_local_kubernetes_executor' retrieved from /home/airflow/.local/lib/python3.12/site-packages/airflow/example_dags/example_local_kubernetes_executor.py
[2024-11-11T04:05:52.183+0000] {logging_mixin.py:190} INFO - [2024-11-11T04:05:52.183+0000] {dag.py:3239} INFO - Sync 1 DAGs
[2024-11-11T04:05:52.190+0000] {logging_mixin.py:190} INFO - [2024-11-11T04:05:52.190+0000] {dag.py:4180} INFO - Setting next_dagrun for example_local_kubernetes_executor to None, run_after=None
[2024-11-11T04:05:52.198+0000] {processor.py:208} INFO - Processing /home/airflow/.local/lib/python3.12/site-packages/airflow/example_dags/example_local_kubernetes_executor.py took 0.041 seconds
[2024-11-11T04:06:22.925+0000] {processor.py:186} INFO - Started process (PID=9963) to work on /home/airflow/.local/lib/python3.12/site-packages/airflow/example_dags/example_local_kubernetes_executor.py
[2024-11-11T04:06:22.926+0000] {processor.py:914} INFO - Processing file /home/airflow/.local/lib/python3.12/site-packages/airflow/example_dags/example_local_kubernetes_executor.py for tasks to queue
[2024-11-11T04:06:22.927+0000] {logging_mixin.py:190} INFO - [2024-11-11T04:06:22.927+0000] {dagbag.py:588} INFO - Filling up the DagBag from /home/airflow/.local/lib/python3.12/site-packages/airflow/example_dags/example_local_kubernetes_executor.py
[2024-11-11T04:06:22.932+0000] {processor.py:925} INFO - DAG(s) 'example_local_kubernetes_executor' retrieved from /home/airflow/.local/lib/python3.12/site-packages/airflow/example_dags/example_local_kubernetes_executor.py
[2024-11-11T04:06:22.949+0000] {logging_mixin.py:190} INFO - [2024-11-11T04:06:22.948+0000] {dag.py:3239} INFO - Sync 1 DAGs
[2024-11-11T04:06:22.955+0000] {logging_mixin.py:190} INFO - [2024-11-11T04:06:22.955+0000] {dag.py:4180} INFO - Setting next_dagrun for example_local_kubernetes_executor to None, run_after=None
[2024-11-11T04:06:22.979+0000] {processor.py:208} INFO - Processing /home/airflow/.local/lib/python3.12/site-packages/airflow/example_dags/example_local_kubernetes_executor.py took 0.058 seconds
[2024-11-11T04:06:53.756+0000] {processor.py:186} INFO - Started process (PID=10026) to work on /home/airflow/.local/lib/python3.12/site-packages/airflow/example_dags/example_local_kubernetes_executor.py
[2024-11-11T04:06:53.757+0000] {processor.py:914} INFO - Processing file /home/airflow/.local/lib/python3.12/site-packages/airflow/example_dags/example_local_kubernetes_executor.py for tasks to queue
[2024-11-11T04:06:53.759+0000] {logging_mixin.py:190} INFO - [2024-11-11T04:06:53.759+0000] {dagbag.py:588} INFO - Filling up the DagBag from /home/airflow/.local/lib/python3.12/site-packages/airflow/example_dags/example_local_kubernetes_executor.py
[2024-11-11T04:06:53.765+0000] {processor.py:925} INFO - DAG(s) 'example_local_kubernetes_executor' retrieved from /home/airflow/.local/lib/python3.12/site-packages/airflow/example_dags/example_local_kubernetes_executor.py
[2024-11-11T04:06:53.783+0000] {logging_mixin.py:190} INFO - [2024-11-11T04:06:53.782+0000] {dag.py:3239} INFO - Sync 1 DAGs
[2024-11-11T04:06:53.790+0000] {logging_mixin.py:190} INFO - [2024-11-11T04:06:53.789+0000] {dag.py:4180} INFO - Setting next_dagrun for example_local_kubernetes_executor to None, run_after=None
[2024-11-11T04:06:53.798+0000] {processor.py:208} INFO - Processing /home/airflow/.local/lib/python3.12/site-packages/airflow/example_dags/example_local_kubernetes_executor.py took 0.045 seconds
[2024-11-11T04:07:24.427+0000] {processor.py:186} INFO - Started process (PID=10089) to work on /home/airflow/.local/lib/python3.12/site-packages/airflow/example_dags/example_local_kubernetes_executor.py
[2024-11-11T04:07:24.428+0000] {processor.py:914} INFO - Processing file /home/airflow/.local/lib/python3.12/site-packages/airflow/example_dags/example_local_kubernetes_executor.py for tasks to queue
[2024-11-11T04:07:24.429+0000] {logging_mixin.py:190} INFO - [2024-11-11T04:07:24.429+0000] {dagbag.py:588} INFO - Filling up the DagBag from /home/airflow/.local/lib/python3.12/site-packages/airflow/example_dags/example_local_kubernetes_executor.py
[2024-11-11T04:07:24.435+0000] {processor.py:925} INFO - DAG(s) 'example_local_kubernetes_executor' retrieved from /home/airflow/.local/lib/python3.12/site-packages/airflow/example_dags/example_local_kubernetes_executor.py
[2024-11-11T04:07:24.451+0000] {logging_mixin.py:190} INFO - [2024-11-11T04:07:24.451+0000] {dag.py:3239} INFO - Sync 1 DAGs
[2024-11-11T04:07:24.458+0000] {logging_mixin.py:190} INFO - [2024-11-11T04:07:24.458+0000] {dag.py:4180} INFO - Setting next_dagrun for example_local_kubernetes_executor to None, run_after=None
[2024-11-11T04:07:24.466+0000] {processor.py:208} INFO - Processing /home/airflow/.local/lib/python3.12/site-packages/airflow/example_dags/example_local_kubernetes_executor.py took 0.042 seconds
[2024-11-11T04:07:55.352+0000] {processor.py:186} INFO - Started process (PID=10152) to work on /home/airflow/.local/lib/python3.12/site-packages/airflow/example_dags/example_local_kubernetes_executor.py
[2024-11-11T04:07:55.353+0000] {processor.py:914} INFO - Processing file /home/airflow/.local/lib/python3.12/site-packages/airflow/example_dags/example_local_kubernetes_executor.py for tasks to queue
[2024-11-11T04:07:55.354+0000] {logging_mixin.py:190} INFO - [2024-11-11T04:07:55.354+0000] {dagbag.py:588} INFO - Filling up the DagBag from /home/airflow/.local/lib/python3.12/site-packages/airflow/example_dags/example_local_kubernetes_executor.py
[2024-11-11T04:07:55.360+0000] {processor.py:925} INFO - DAG(s) 'example_local_kubernetes_executor' retrieved from /home/airflow/.local/lib/python3.12/site-packages/airflow/example_dags/example_local_kubernetes_executor.py
[2024-11-11T04:07:55.376+0000] {logging_mixin.py:190} INFO - [2024-11-11T04:07:55.376+0000] {dag.py:3239} INFO - Sync 1 DAGs
[2024-11-11T04:07:55.384+0000] {logging_mixin.py:190} INFO - [2024-11-11T04:07:55.384+0000] {dag.py:4180} INFO - Setting next_dagrun for example_local_kubernetes_executor to None, run_after=None
[2024-11-11T04:07:55.392+0000] {processor.py:208} INFO - Processing /home/airflow/.local/lib/python3.12/site-packages/airflow/example_dags/example_local_kubernetes_executor.py took 0.044 seconds
[2024-11-11T04:08:26.119+0000] {processor.py:186} INFO - Started process (PID=10215) to work on /home/airflow/.local/lib/python3.12/site-packages/airflow/example_dags/example_local_kubernetes_executor.py
[2024-11-11T04:08:26.120+0000] {processor.py:914} INFO - Processing file /home/airflow/.local/lib/python3.12/site-packages/airflow/example_dags/example_local_kubernetes_executor.py for tasks to queue
[2024-11-11T04:08:26.121+0000] {logging_mixin.py:190} INFO - [2024-11-11T04:08:26.121+0000] {dagbag.py:588} INFO - Filling up the DagBag from /home/airflow/.local/lib/python3.12/site-packages/airflow/example_dags/example_local_kubernetes_executor.py
[2024-11-11T04:08:26.127+0000] {processor.py:925} INFO - DAG(s) 'example_local_kubernetes_executor' retrieved from /home/airflow/.local/lib/python3.12/site-packages/airflow/example_dags/example_local_kubernetes_executor.py
[2024-11-11T04:08:26.143+0000] {logging_mixin.py:190} INFO - [2024-11-11T04:08:26.143+0000] {dag.py:3239} INFO - Sync 1 DAGs
[2024-11-11T04:08:26.149+0000] {logging_mixin.py:190} INFO - [2024-11-11T04:08:26.149+0000] {dag.py:4180} INFO - Setting next_dagrun for example_local_kubernetes_executor to None, run_after=None
[2024-11-11T04:08:26.157+0000] {processor.py:208} INFO - Processing /home/airflow/.local/lib/python3.12/site-packages/airflow/example_dags/example_local_kubernetes_executor.py took 0.041 seconds
[2024-11-11T04:08:56.808+0000] {processor.py:186} INFO - Started process (PID=10278) to work on /home/airflow/.local/lib/python3.12/site-packages/airflow/example_dags/example_local_kubernetes_executor.py
[2024-11-11T04:08:56.808+0000] {processor.py:914} INFO - Processing file /home/airflow/.local/lib/python3.12/site-packages/airflow/example_dags/example_local_kubernetes_executor.py for tasks to queue
[2024-11-11T04:08:56.810+0000] {logging_mixin.py:190} INFO - [2024-11-11T04:08:56.810+0000] {dagbag.py:588} INFO - Filling up the DagBag from /home/airflow/.local/lib/python3.12/site-packages/airflow/example_dags/example_local_kubernetes_executor.py
[2024-11-11T04:08:56.816+0000] {processor.py:925} INFO - DAG(s) 'example_local_kubernetes_executor' retrieved from /home/airflow/.local/lib/python3.12/site-packages/airflow/example_dags/example_local_kubernetes_executor.py
[2024-11-11T04:08:56.832+0000] {logging_mixin.py:190} INFO - [2024-11-11T04:08:56.832+0000] {dag.py:3239} INFO - Sync 1 DAGs
[2024-11-11T04:08:56.840+0000] {logging_mixin.py:190} INFO - [2024-11-11T04:08:56.840+0000] {dag.py:4180} INFO - Setting next_dagrun for example_local_kubernetes_executor to None, run_after=None
[2024-11-11T04:08:56.849+0000] {processor.py:208} INFO - Processing /home/airflow/.local/lib/python3.12/site-packages/airflow/example_dags/example_local_kubernetes_executor.py took 0.045 seconds
[2024-11-11T04:09:27.376+0000] {processor.py:186} INFO - Started process (PID=10341) to work on /home/airflow/.local/lib/python3.12/site-packages/airflow/example_dags/example_local_kubernetes_executor.py
[2024-11-11T04:09:27.377+0000] {processor.py:914} INFO - Processing file /home/airflow/.local/lib/python3.12/site-packages/airflow/example_dags/example_local_kubernetes_executor.py for tasks to queue
[2024-11-11T04:09:27.379+0000] {logging_mixin.py:190} INFO - [2024-11-11T04:09:27.379+0000] {dagbag.py:588} INFO - Filling up the DagBag from /home/airflow/.local/lib/python3.12/site-packages/airflow/example_dags/example_local_kubernetes_executor.py
[2024-11-11T04:09:27.384+0000] {processor.py:925} INFO - DAG(s) 'example_local_kubernetes_executor' retrieved from /home/airflow/.local/lib/python3.12/site-packages/airflow/example_dags/example_local_kubernetes_executor.py
[2024-11-11T04:09:27.401+0000] {logging_mixin.py:190} INFO - [2024-11-11T04:09:27.401+0000] {dag.py:3239} INFO - Sync 1 DAGs
[2024-11-11T04:09:27.409+0000] {logging_mixin.py:190} INFO - [2024-11-11T04:09:27.408+0000] {dag.py:4180} INFO - Setting next_dagrun for example_local_kubernetes_executor to None, run_after=None
[2024-11-11T04:09:27.417+0000] {processor.py:208} INFO - Processing /home/airflow/.local/lib/python3.12/site-packages/airflow/example_dags/example_local_kubernetes_executor.py took 0.044 seconds
[2024-11-11T04:09:58.863+0000] {processor.py:186} INFO - Started process (PID=10404) to work on /home/airflow/.local/lib/python3.12/site-packages/airflow/example_dags/example_local_kubernetes_executor.py
[2024-11-11T04:09:58.863+0000] {processor.py:914} INFO - Processing file /home/airflow/.local/lib/python3.12/site-packages/airflow/example_dags/example_local_kubernetes_executor.py for tasks to queue
[2024-11-11T04:09:58.865+0000] {logging_mixin.py:190} INFO - [2024-11-11T04:09:58.865+0000] {dagbag.py:588} INFO - Filling up the DagBag from /home/airflow/.local/lib/python3.12/site-packages/airflow/example_dags/example_local_kubernetes_executor.py
[2024-11-11T04:09:58.870+0000] {processor.py:925} INFO - DAG(s) 'example_local_kubernetes_executor' retrieved from /home/airflow/.local/lib/python3.12/site-packages/airflow/example_dags/example_local_kubernetes_executor.py
[2024-11-11T04:09:58.887+0000] {logging_mixin.py:190} INFO - [2024-11-11T04:09:58.887+0000] {dag.py:3239} INFO - Sync 1 DAGs
[2024-11-11T04:09:58.894+0000] {logging_mixin.py:190} INFO - [2024-11-11T04:09:58.894+0000] {dag.py:4180} INFO - Setting next_dagrun for example_local_kubernetes_executor to None, run_after=None
[2024-11-11T04:09:58.903+0000] {processor.py:208} INFO - Processing /home/airflow/.local/lib/python3.12/site-packages/airflow/example_dags/example_local_kubernetes_executor.py took 0.044 seconds
[2024-11-11T04:10:29.966+0000] {processor.py:186} INFO - Started process (PID=10467) to work on /home/airflow/.local/lib/python3.12/site-packages/airflow/example_dags/example_local_kubernetes_executor.py
[2024-11-11T04:10:29.966+0000] {processor.py:914} INFO - Processing file /home/airflow/.local/lib/python3.12/site-packages/airflow/example_dags/example_local_kubernetes_executor.py for tasks to queue
[2024-11-11T04:10:29.968+0000] {logging_mixin.py:190} INFO - [2024-11-11T04:10:29.967+0000] {dagbag.py:588} INFO - Filling up the DagBag from /home/airflow/.local/lib/python3.12/site-packages/airflow/example_dags/example_local_kubernetes_executor.py
[2024-11-11T04:10:29.973+0000] {processor.py:925} INFO - DAG(s) 'example_local_kubernetes_executor' retrieved from /home/airflow/.local/lib/python3.12/site-packages/airflow/example_dags/example_local_kubernetes_executor.py
[2024-11-11T04:10:29.989+0000] {logging_mixin.py:190} INFO - [2024-11-11T04:10:29.989+0000] {dag.py:3239} INFO - Sync 1 DAGs
[2024-11-11T04:10:30.099+0000] {logging_mixin.py:190} INFO - [2024-11-11T04:10:30.099+0000] {dag.py:4180} INFO - Setting next_dagrun for example_local_kubernetes_executor to None, run_after=None
[2024-11-11T04:10:30.107+0000] {processor.py:208} INFO - Processing /home/airflow/.local/lib/python3.12/site-packages/airflow/example_dags/example_local_kubernetes_executor.py took 0.145 seconds
[2024-11-11T04:11:00.664+0000] {processor.py:186} INFO - Started process (PID=10530) to work on /home/airflow/.local/lib/python3.12/site-packages/airflow/example_dags/example_local_kubernetes_executor.py
[2024-11-11T04:11:00.665+0000] {processor.py:914} INFO - Processing file /home/airflow/.local/lib/python3.12/site-packages/airflow/example_dags/example_local_kubernetes_executor.py for tasks to queue
[2024-11-11T04:11:00.668+0000] {logging_mixin.py:190} INFO - [2024-11-11T04:11:00.667+0000] {dagbag.py:588} INFO - Filling up the DagBag from /home/airflow/.local/lib/python3.12/site-packages/airflow/example_dags/example_local_kubernetes_executor.py
[2024-11-11T04:11:00.675+0000] {processor.py:925} INFO - DAG(s) 'example_local_kubernetes_executor' retrieved from /home/airflow/.local/lib/python3.12/site-packages/airflow/example_dags/example_local_kubernetes_executor.py
[2024-11-11T04:11:00.693+0000] {logging_mixin.py:190} INFO - [2024-11-11T04:11:00.693+0000] {dag.py:3239} INFO - Sync 1 DAGs
[2024-11-11T04:11:00.701+0000] {logging_mixin.py:190} INFO - [2024-11-11T04:11:00.700+0000] {dag.py:4180} INFO - Setting next_dagrun for example_local_kubernetes_executor to None, run_after=None
[2024-11-11T04:11:00.713+0000] {processor.py:208} INFO - Processing /home/airflow/.local/lib/python3.12/site-packages/airflow/example_dags/example_local_kubernetes_executor.py took 0.053 seconds
[2024-11-11T04:11:31.311+0000] {processor.py:186} INFO - Started process (PID=10593) to work on /home/airflow/.local/lib/python3.12/site-packages/airflow/example_dags/example_local_kubernetes_executor.py
[2024-11-11T04:11:31.312+0000] {processor.py:914} INFO - Processing file /home/airflow/.local/lib/python3.12/site-packages/airflow/example_dags/example_local_kubernetes_executor.py for tasks to queue
[2024-11-11T04:11:31.314+0000] {logging_mixin.py:190} INFO - [2024-11-11T04:11:31.313+0000] {dagbag.py:588} INFO - Filling up the DagBag from /home/airflow/.local/lib/python3.12/site-packages/airflow/example_dags/example_local_kubernetes_executor.py
[2024-11-11T04:11:31.320+0000] {processor.py:925} INFO - DAG(s) 'example_local_kubernetes_executor' retrieved from /home/airflow/.local/lib/python3.12/site-packages/airflow/example_dags/example_local_kubernetes_executor.py
[2024-11-11T04:11:31.336+0000] {logging_mixin.py:190} INFO - [2024-11-11T04:11:31.336+0000] {dag.py:3239} INFO - Sync 1 DAGs
[2024-11-11T04:11:31.343+0000] {logging_mixin.py:190} INFO - [2024-11-11T04:11:31.343+0000] {dag.py:4180} INFO - Setting next_dagrun for example_local_kubernetes_executor to None, run_after=None
[2024-11-11T04:11:31.351+0000] {processor.py:208} INFO - Processing /home/airflow/.local/lib/python3.12/site-packages/airflow/example_dags/example_local_kubernetes_executor.py took 0.043 seconds
[2024-11-11T04:12:02.179+0000] {processor.py:186} INFO - Started process (PID=10656) to work on /home/airflow/.local/lib/python3.12/site-packages/airflow/example_dags/example_local_kubernetes_executor.py
[2024-11-11T04:12:02.180+0000] {processor.py:914} INFO - Processing file /home/airflow/.local/lib/python3.12/site-packages/airflow/example_dags/example_local_kubernetes_executor.py for tasks to queue
[2024-11-11T04:12:02.181+0000] {logging_mixin.py:190} INFO - [2024-11-11T04:12:02.181+0000] {dagbag.py:588} INFO - Filling up the DagBag from /home/airflow/.local/lib/python3.12/site-packages/airflow/example_dags/example_local_kubernetes_executor.py
[2024-11-11T04:12:02.187+0000] {processor.py:925} INFO - DAG(s) 'example_local_kubernetes_executor' retrieved from /home/airflow/.local/lib/python3.12/site-packages/airflow/example_dags/example_local_kubernetes_executor.py
[2024-11-11T04:12:02.307+0000] {logging_mixin.py:190} INFO - [2024-11-11T04:12:02.307+0000] {dag.py:3239} INFO - Sync 1 DAGs
[2024-11-11T04:12:02.313+0000] {logging_mixin.py:190} INFO - [2024-11-11T04:12:02.312+0000] {dag.py:4180} INFO - Setting next_dagrun for example_local_kubernetes_executor to None, run_after=None
[2024-11-11T04:12:02.320+0000] {processor.py:208} INFO - Processing /home/airflow/.local/lib/python3.12/site-packages/airflow/example_dags/example_local_kubernetes_executor.py took 0.144 seconds
[2024-11-11T04:12:32.385+0000] {processor.py:186} INFO - Started process (PID=10718) to work on /home/airflow/.local/lib/python3.12/site-packages/airflow/example_dags/example_local_kubernetes_executor.py
[2024-11-11T04:12:32.385+0000] {processor.py:914} INFO - Processing file /home/airflow/.local/lib/python3.12/site-packages/airflow/example_dags/example_local_kubernetes_executor.py for tasks to queue
[2024-11-11T04:12:32.387+0000] {logging_mixin.py:190} INFO - [2024-11-11T04:12:32.386+0000] {dagbag.py:588} INFO - Filling up the DagBag from /home/airflow/.local/lib/python3.12/site-packages/airflow/example_dags/example_local_kubernetes_executor.py
[2024-11-11T04:12:32.392+0000] {processor.py:925} INFO - DAG(s) 'example_local_kubernetes_executor' retrieved from /home/airflow/.local/lib/python3.12/site-packages/airflow/example_dags/example_local_kubernetes_executor.py
[2024-11-11T04:12:32.408+0000] {logging_mixin.py:190} INFO - [2024-11-11T04:12:32.408+0000] {dag.py:3239} INFO - Sync 1 DAGs
[2024-11-11T04:12:32.415+0000] {logging_mixin.py:190} INFO - [2024-11-11T04:12:32.415+0000] {dag.py:4180} INFO - Setting next_dagrun for example_local_kubernetes_executor to None, run_after=None
[2024-11-11T04:12:32.422+0000] {processor.py:208} INFO - Processing /home/airflow/.local/lib/python3.12/site-packages/airflow/example_dags/example_local_kubernetes_executor.py took 0.040 seconds
[2024-11-11T04:13:02.903+0000] {processor.py:186} INFO - Started process (PID=10782) to work on /home/airflow/.local/lib/python3.12/site-packages/airflow/example_dags/example_local_kubernetes_executor.py
[2024-11-11T04:13:02.903+0000] {processor.py:914} INFO - Processing file /home/airflow/.local/lib/python3.12/site-packages/airflow/example_dags/example_local_kubernetes_executor.py for tasks to queue
[2024-11-11T04:13:02.905+0000] {logging_mixin.py:190} INFO - [2024-11-11T04:13:02.905+0000] {dagbag.py:588} INFO - Filling up the DagBag from /home/airflow/.local/lib/python3.12/site-packages/airflow/example_dags/example_local_kubernetes_executor.py
[2024-11-11T04:13:02.910+0000] {processor.py:925} INFO - DAG(s) 'example_local_kubernetes_executor' retrieved from /home/airflow/.local/lib/python3.12/site-packages/airflow/example_dags/example_local_kubernetes_executor.py
[2024-11-11T04:13:02.926+0000] {logging_mixin.py:190} INFO - [2024-11-11T04:13:02.926+0000] {dag.py:3239} INFO - Sync 1 DAGs
[2024-11-11T04:13:02.933+0000] {logging_mixin.py:190} INFO - [2024-11-11T04:13:02.933+0000] {dag.py:4180} INFO - Setting next_dagrun for example_local_kubernetes_executor to None, run_after=None
[2024-11-11T04:13:02.941+0000] {processor.py:208} INFO - Processing /home/airflow/.local/lib/python3.12/site-packages/airflow/example_dags/example_local_kubernetes_executor.py took 0.041 seconds
[2024-11-11T04:13:33.370+0000] {processor.py:186} INFO - Started process (PID=10845) to work on /home/airflow/.local/lib/python3.12/site-packages/airflow/example_dags/example_local_kubernetes_executor.py
[2024-11-11T04:13:33.371+0000] {processor.py:914} INFO - Processing file /home/airflow/.local/lib/python3.12/site-packages/airflow/example_dags/example_local_kubernetes_executor.py for tasks to queue
[2024-11-11T04:13:33.372+0000] {logging_mixin.py:190} INFO - [2024-11-11T04:13:33.372+0000] {dagbag.py:588} INFO - Filling up the DagBag from /home/airflow/.local/lib/python3.12/site-packages/airflow/example_dags/example_local_kubernetes_executor.py
[2024-11-11T04:13:33.378+0000] {processor.py:925} INFO - DAG(s) 'example_local_kubernetes_executor' retrieved from /home/airflow/.local/lib/python3.12/site-packages/airflow/example_dags/example_local_kubernetes_executor.py
[2024-11-11T04:13:33.394+0000] {logging_mixin.py:190} INFO - [2024-11-11T04:13:33.394+0000] {dag.py:3239} INFO - Sync 1 DAGs
[2024-11-11T04:13:33.400+0000] {logging_mixin.py:190} INFO - [2024-11-11T04:13:33.400+0000] {dag.py:4180} INFO - Setting next_dagrun for example_local_kubernetes_executor to None, run_after=None
[2024-11-11T04:13:33.408+0000] {processor.py:208} INFO - Processing /home/airflow/.local/lib/python3.12/site-packages/airflow/example_dags/example_local_kubernetes_executor.py took 0.041 seconds
[2024-11-11T04:47:36.257+0000] {processor.py:186} INFO - Started process (PID=10908) to work on /home/airflow/.local/lib/python3.12/site-packages/airflow/example_dags/example_local_kubernetes_executor.py
[2024-11-11T04:47:36.258+0000] {processor.py:914} INFO - Processing file /home/airflow/.local/lib/python3.12/site-packages/airflow/example_dags/example_local_kubernetes_executor.py for tasks to queue
[2024-11-11T04:47:36.259+0000] {logging_mixin.py:190} INFO - [2024-11-11T04:47:36.259+0000] {dagbag.py:588} INFO - Filling up the DagBag from /home/airflow/.local/lib/python3.12/site-packages/airflow/example_dags/example_local_kubernetes_executor.py
[2024-11-11T04:47:36.265+0000] {processor.py:925} INFO - DAG(s) 'example_local_kubernetes_executor' retrieved from /home/airflow/.local/lib/python3.12/site-packages/airflow/example_dags/example_local_kubernetes_executor.py
[2024-11-11T04:47:36.281+0000] {logging_mixin.py:190} INFO - [2024-11-11T04:47:36.280+0000] {dag.py:3239} INFO - Sync 1 DAGs
[2024-11-11T04:47:36.288+0000] {logging_mixin.py:190} INFO - [2024-11-11T04:47:36.288+0000] {dag.py:4180} INFO - Setting next_dagrun for example_local_kubernetes_executor to None, run_after=None
[2024-11-11T04:47:36.296+0000] {processor.py:208} INFO - Processing /home/airflow/.local/lib/python3.12/site-packages/airflow/example_dags/example_local_kubernetes_executor.py took 0.043 seconds
[2024-11-11T05:54:20.471+0000] {processor.py:186} INFO - Started process (PID=10970) to work on /home/airflow/.local/lib/python3.12/site-packages/airflow/example_dags/example_local_kubernetes_executor.py
[2024-11-11T05:54:20.472+0000] {processor.py:914} INFO - Processing file /home/airflow/.local/lib/python3.12/site-packages/airflow/example_dags/example_local_kubernetes_executor.py for tasks to queue
[2024-11-11T05:54:20.473+0000] {logging_mixin.py:190} INFO - [2024-11-11T05:54:20.473+0000] {dagbag.py:588} INFO - Filling up the DagBag from /home/airflow/.local/lib/python3.12/site-packages/airflow/example_dags/example_local_kubernetes_executor.py
[2024-11-11T05:54:20.479+0000] {processor.py:925} INFO - DAG(s) 'example_local_kubernetes_executor' retrieved from /home/airflow/.local/lib/python3.12/site-packages/airflow/example_dags/example_local_kubernetes_executor.py
[2024-11-11T05:54:20.495+0000] {logging_mixin.py:190} INFO - [2024-11-11T05:54:20.495+0000] {dag.py:3239} INFO - Sync 1 DAGs
[2024-11-11T05:54:20.501+0000] {logging_mixin.py:190} INFO - [2024-11-11T05:54:20.501+0000] {dag.py:4180} INFO - Setting next_dagrun for example_local_kubernetes_executor to None, run_after=None
[2024-11-11T05:54:20.510+0000] {processor.py:208} INFO - Processing /home/airflow/.local/lib/python3.12/site-packages/airflow/example_dags/example_local_kubernetes_executor.py took 0.042 seconds
[2024-11-11T05:54:50.827+0000] {processor.py:186} INFO - Started process (PID=11033) to work on /home/airflow/.local/lib/python3.12/site-packages/airflow/example_dags/example_local_kubernetes_executor.py
[2024-11-11T05:54:50.828+0000] {processor.py:914} INFO - Processing file /home/airflow/.local/lib/python3.12/site-packages/airflow/example_dags/example_local_kubernetes_executor.py for tasks to queue
[2024-11-11T05:54:50.829+0000] {logging_mixin.py:190} INFO - [2024-11-11T05:54:50.829+0000] {dagbag.py:588} INFO - Filling up the DagBag from /home/airflow/.local/lib/python3.12/site-packages/airflow/example_dags/example_local_kubernetes_executor.py
[2024-11-11T05:54:50.835+0000] {processor.py:925} INFO - DAG(s) 'example_local_kubernetes_executor' retrieved from /home/airflow/.local/lib/python3.12/site-packages/airflow/example_dags/example_local_kubernetes_executor.py
[2024-11-11T05:54:50.852+0000] {logging_mixin.py:190} INFO - [2024-11-11T05:54:50.852+0000] {dag.py:3239} INFO - Sync 1 DAGs
[2024-11-11T05:54:50.860+0000] {logging_mixin.py:190} INFO - [2024-11-11T05:54:50.859+0000] {dag.py:4180} INFO - Setting next_dagrun for example_local_kubernetes_executor to None, run_after=None
[2024-11-11T05:54:50.869+0000] {processor.py:208} INFO - Processing /home/airflow/.local/lib/python3.12/site-packages/airflow/example_dags/example_local_kubernetes_executor.py took 0.046 seconds
[2024-11-11T05:55:21.261+0000] {processor.py:186} INFO - Started process (PID=11096) to work on /home/airflow/.local/lib/python3.12/site-packages/airflow/example_dags/example_local_kubernetes_executor.py
[2024-11-11T05:55:21.262+0000] {processor.py:914} INFO - Processing file /home/airflow/.local/lib/python3.12/site-packages/airflow/example_dags/example_local_kubernetes_executor.py for tasks to queue
[2024-11-11T05:55:21.263+0000] {logging_mixin.py:190} INFO - [2024-11-11T05:55:21.263+0000] {dagbag.py:588} INFO - Filling up the DagBag from /home/airflow/.local/lib/python3.12/site-packages/airflow/example_dags/example_local_kubernetes_executor.py
[2024-11-11T05:55:21.269+0000] {processor.py:925} INFO - DAG(s) 'example_local_kubernetes_executor' retrieved from /home/airflow/.local/lib/python3.12/site-packages/airflow/example_dags/example_local_kubernetes_executor.py
[2024-11-11T05:55:21.286+0000] {logging_mixin.py:190} INFO - [2024-11-11T05:55:21.286+0000] {dag.py:3239} INFO - Sync 1 DAGs
[2024-11-11T05:55:21.294+0000] {logging_mixin.py:190} INFO - [2024-11-11T05:55:21.294+0000] {dag.py:4180} INFO - Setting next_dagrun for example_local_kubernetes_executor to None, run_after=None
[2024-11-11T05:55:21.302+0000] {processor.py:208} INFO - Processing /home/airflow/.local/lib/python3.12/site-packages/airflow/example_dags/example_local_kubernetes_executor.py took 0.045 seconds
[2024-11-11T05:55:51.769+0000] {processor.py:186} INFO - Started process (PID=11159) to work on /home/airflow/.local/lib/python3.12/site-packages/airflow/example_dags/example_local_kubernetes_executor.py
[2024-11-11T05:55:51.769+0000] {processor.py:914} INFO - Processing file /home/airflow/.local/lib/python3.12/site-packages/airflow/example_dags/example_local_kubernetes_executor.py for tasks to queue
[2024-11-11T05:55:51.771+0000] {logging_mixin.py:190} INFO - [2024-11-11T05:55:51.771+0000] {dagbag.py:588} INFO - Filling up the DagBag from /home/airflow/.local/lib/python3.12/site-packages/airflow/example_dags/example_local_kubernetes_executor.py
[2024-11-11T05:55:51.776+0000] {processor.py:925} INFO - DAG(s) 'example_local_kubernetes_executor' retrieved from /home/airflow/.local/lib/python3.12/site-packages/airflow/example_dags/example_local_kubernetes_executor.py
[2024-11-11T05:55:51.793+0000] {logging_mixin.py:190} INFO - [2024-11-11T05:55:51.793+0000] {dag.py:3239} INFO - Sync 1 DAGs
[2024-11-11T05:55:51.799+0000] {logging_mixin.py:190} INFO - [2024-11-11T05:55:51.799+0000] {dag.py:4180} INFO - Setting next_dagrun for example_local_kubernetes_executor to None, run_after=None
[2024-11-11T05:55:51.807+0000] {processor.py:208} INFO - Processing /home/airflow/.local/lib/python3.12/site-packages/airflow/example_dags/example_local_kubernetes_executor.py took 0.042 seconds
[2024-11-11T05:56:22.337+0000] {processor.py:186} INFO - Started process (PID=11222) to work on /home/airflow/.local/lib/python3.12/site-packages/airflow/example_dags/example_local_kubernetes_executor.py
[2024-11-11T05:56:22.338+0000] {processor.py:914} INFO - Processing file /home/airflow/.local/lib/python3.12/site-packages/airflow/example_dags/example_local_kubernetes_executor.py for tasks to queue
[2024-11-11T05:56:22.339+0000] {logging_mixin.py:190} INFO - [2024-11-11T05:56:22.339+0000] {dagbag.py:588} INFO - Filling up the DagBag from /home/airflow/.local/lib/python3.12/site-packages/airflow/example_dags/example_local_kubernetes_executor.py
[2024-11-11T05:56:22.345+0000] {processor.py:925} INFO - DAG(s) 'example_local_kubernetes_executor' retrieved from /home/airflow/.local/lib/python3.12/site-packages/airflow/example_dags/example_local_kubernetes_executor.py
[2024-11-11T05:56:22.363+0000] {logging_mixin.py:190} INFO - [2024-11-11T05:56:22.363+0000] {dag.py:3239} INFO - Sync 1 DAGs
[2024-11-11T05:56:22.370+0000] {logging_mixin.py:190} INFO - [2024-11-11T05:56:22.370+0000] {dag.py:4180} INFO - Setting next_dagrun for example_local_kubernetes_executor to None, run_after=None
[2024-11-11T05:56:22.378+0000] {processor.py:208} INFO - Processing /home/airflow/.local/lib/python3.12/site-packages/airflow/example_dags/example_local_kubernetes_executor.py took 0.045 seconds
[2024-11-11T05:56:52.624+0000] {processor.py:186} INFO - Started process (PID=11285) to work on /home/airflow/.local/lib/python3.12/site-packages/airflow/example_dags/example_local_kubernetes_executor.py
[2024-11-11T05:56:52.625+0000] {processor.py:914} INFO - Processing file /home/airflow/.local/lib/python3.12/site-packages/airflow/example_dags/example_local_kubernetes_executor.py for tasks to queue
[2024-11-11T05:56:52.626+0000] {logging_mixin.py:190} INFO - [2024-11-11T05:56:52.626+0000] {dagbag.py:588} INFO - Filling up the DagBag from /home/airflow/.local/lib/python3.12/site-packages/airflow/example_dags/example_local_kubernetes_executor.py
[2024-11-11T05:56:52.632+0000] {processor.py:925} INFO - DAG(s) 'example_local_kubernetes_executor' retrieved from /home/airflow/.local/lib/python3.12/site-packages/airflow/example_dags/example_local_kubernetes_executor.py
[2024-11-11T05:56:52.649+0000] {logging_mixin.py:190} INFO - [2024-11-11T05:56:52.648+0000] {dag.py:3239} INFO - Sync 1 DAGs
[2024-11-11T05:56:52.656+0000] {logging_mixin.py:190} INFO - [2024-11-11T05:56:52.656+0000] {dag.py:4180} INFO - Setting next_dagrun for example_local_kubernetes_executor to None, run_after=None
[2024-11-11T05:56:52.665+0000] {processor.py:208} INFO - Processing /home/airflow/.local/lib/python3.12/site-packages/airflow/example_dags/example_local_kubernetes_executor.py took 0.044 seconds
