[2024-11-11T02:24:37.259+0000] {processor.py:186} INFO - Started process (PID=54) to work on /home/airflow/.local/lib/python3.12/site-packages/airflow/example_dags/example_short_circuit_decorator.py
[2024-11-11T02:24:37.260+0000] {processor.py:914} INFO - Processing file /home/airflow/.local/lib/python3.12/site-packages/airflow/example_dags/example_short_circuit_decorator.py for tasks to queue
[2024-11-11T02:24:37.261+0000] {logging_mixin.py:190} INFO - [2024-11-11T02:24:37.261+0000] {dagbag.py:588} INFO - Filling up the DagBag from /home/airflow/.local/lib/python3.12/site-packages/airflow/example_dags/example_short_circuit_decorator.py
[2024-11-11T02:24:37.268+0000] {processor.py:925} INFO - DAG(s) 'example_short_circuit_decorator' retrieved from /home/airflow/.local/lib/python3.12/site-packages/airflow/example_dags/example_short_circuit_decorator.py
[2024-11-11T02:24:37.328+0000] {logging_mixin.py:190} INFO - [2024-11-11T02:24:37.328+0000] {override.py:1911} INFO - Created Permission View: can edit on DAG:example_short_circuit_decorator
[2024-11-11T02:24:37.333+0000] {logging_mixin.py:190} INFO - [2024-11-11T02:24:37.333+0000] {override.py:1911} INFO - Created Permission View: can read on DAG:example_short_circuit_decorator
[2024-11-11T02:24:37.335+0000] {logging_mixin.py:190} INFO - [2024-11-11T02:24:37.335+0000] {override.py:1911} INFO - Created Permission View: can delete on DAG:example_short_circuit_decorator
[2024-11-11T02:24:37.338+0000] {logging_mixin.py:190} INFO - [2024-11-11T02:24:37.338+0000] {override.py:1911} INFO - Created Permission View: can read on DAG Run:example_short_circuit_decorator
[2024-11-11T02:24:37.341+0000] {logging_mixin.py:190} INFO - [2024-11-11T02:24:37.341+0000] {override.py:1911} INFO - Created Permission View: can create on DAG Run:example_short_circuit_decorator
[2024-11-11T02:24:37.343+0000] {logging_mixin.py:190} INFO - [2024-11-11T02:24:37.343+0000] {override.py:1911} INFO - Created Permission View: can delete on DAG Run:example_short_circuit_decorator
[2024-11-11T02:24:37.346+0000] {logging_mixin.py:190} INFO - [2024-11-11T02:24:37.345+0000] {override.py:1911} INFO - Created Permission View: menu access on DAG Run:example_short_circuit_decorator
[2024-11-11T02:24:37.346+0000] {logging_mixin.py:190} INFO - [2024-11-11T02:24:37.346+0000] {dag.py:3239} INFO - Sync 1 DAGs
[2024-11-11T02:24:37.352+0000] {logging_mixin.py:190} INFO - [2024-11-11T02:24:37.351+0000] {dag.py:3262} INFO - Creating ORM DAG for example_short_circuit_decorator
[2024-11-11T02:24:37.352+0000] {logging_mixin.py:190} INFO - [2024-11-11T02:24:37.352+0000] {dag.py:4180} INFO - Setting next_dagrun for example_short_circuit_decorator to None, run_after=None
[2024-11-11T02:24:37.360+0000] {processor.py:208} INFO - Processing /home/airflow/.local/lib/python3.12/site-packages/airflow/example_dags/example_short_circuit_decorator.py took 0.104 seconds
[2024-11-11T02:25:08.253+0000] {processor.py:186} INFO - Started process (PID=117) to work on /home/airflow/.local/lib/python3.12/site-packages/airflow/example_dags/example_short_circuit_decorator.py
[2024-11-11T02:25:08.254+0000] {processor.py:914} INFO - Processing file /home/airflow/.local/lib/python3.12/site-packages/airflow/example_dags/example_short_circuit_decorator.py for tasks to queue
[2024-11-11T02:25:08.255+0000] {logging_mixin.py:190} INFO - [2024-11-11T02:25:08.255+0000] {dagbag.py:588} INFO - Filling up the DagBag from /home/airflow/.local/lib/python3.12/site-packages/airflow/example_dags/example_short_circuit_decorator.py
[2024-11-11T02:25:08.260+0000] {processor.py:925} INFO - DAG(s) 'example_short_circuit_decorator' retrieved from /home/airflow/.local/lib/python3.12/site-packages/airflow/example_dags/example_short_circuit_decorator.py
[2024-11-11T02:25:08.271+0000] {logging_mixin.py:190} INFO - [2024-11-11T02:25:08.271+0000] {dag.py:3239} INFO - Sync 1 DAGs
[2024-11-11T02:25:08.277+0000] {logging_mixin.py:190} INFO - [2024-11-11T02:25:08.277+0000] {dag.py:4180} INFO - Setting next_dagrun for example_short_circuit_decorator to None, run_after=None
[2024-11-11T02:25:08.284+0000] {processor.py:208} INFO - Processing /home/airflow/.local/lib/python3.12/site-packages/airflow/example_dags/example_short_circuit_decorator.py took 0.034 seconds
[2024-11-11T02:25:39.038+0000] {processor.py:186} INFO - Started process (PID=180) to work on /home/airflow/.local/lib/python3.12/site-packages/airflow/example_dags/example_short_circuit_decorator.py
[2024-11-11T02:25:39.038+0000] {processor.py:914} INFO - Processing file /home/airflow/.local/lib/python3.12/site-packages/airflow/example_dags/example_short_circuit_decorator.py for tasks to queue
[2024-11-11T02:25:39.039+0000] {logging_mixin.py:190} INFO - [2024-11-11T02:25:39.039+0000] {dagbag.py:588} INFO - Filling up the DagBag from /home/airflow/.local/lib/python3.12/site-packages/airflow/example_dags/example_short_circuit_decorator.py
[2024-11-11T02:25:39.044+0000] {processor.py:925} INFO - DAG(s) 'example_short_circuit_decorator' retrieved from /home/airflow/.local/lib/python3.12/site-packages/airflow/example_dags/example_short_circuit_decorator.py
[2024-11-11T02:25:39.055+0000] {logging_mixin.py:190} INFO - [2024-11-11T02:25:39.055+0000] {dag.py:3239} INFO - Sync 1 DAGs
[2024-11-11T02:25:39.061+0000] {logging_mixin.py:190} INFO - [2024-11-11T02:25:39.061+0000] {dag.py:4180} INFO - Setting next_dagrun for example_short_circuit_decorator to None, run_after=None
[2024-11-11T02:25:39.069+0000] {processor.py:208} INFO - Processing /home/airflow/.local/lib/python3.12/site-packages/airflow/example_dags/example_short_circuit_decorator.py took 0.035 seconds
[2024-11-11T02:26:09.652+0000] {processor.py:186} INFO - Started process (PID=243) to work on /home/airflow/.local/lib/python3.12/site-packages/airflow/example_dags/example_short_circuit_decorator.py
[2024-11-11T02:26:09.652+0000] {processor.py:914} INFO - Processing file /home/airflow/.local/lib/python3.12/site-packages/airflow/example_dags/example_short_circuit_decorator.py for tasks to queue
[2024-11-11T02:26:09.654+0000] {logging_mixin.py:190} INFO - [2024-11-11T02:26:09.654+0000] {dagbag.py:588} INFO - Filling up the DagBag from /home/airflow/.local/lib/python3.12/site-packages/airflow/example_dags/example_short_circuit_decorator.py
[2024-11-11T02:26:09.659+0000] {processor.py:925} INFO - DAG(s) 'example_short_circuit_decorator' retrieved from /home/airflow/.local/lib/python3.12/site-packages/airflow/example_dags/example_short_circuit_decorator.py
[2024-11-11T02:26:09.670+0000] {logging_mixin.py:190} INFO - [2024-11-11T02:26:09.670+0000] {dag.py:3239} INFO - Sync 1 DAGs
[2024-11-11T02:26:09.677+0000] {logging_mixin.py:190} INFO - [2024-11-11T02:26:09.677+0000] {dag.py:4180} INFO - Setting next_dagrun for example_short_circuit_decorator to None, run_after=None
[2024-11-11T02:26:09.685+0000] {processor.py:208} INFO - Processing /home/airflow/.local/lib/python3.12/site-packages/airflow/example_dags/example_short_circuit_decorator.py took 0.036 seconds
[2024-11-11T02:26:40.261+0000] {processor.py:186} INFO - Started process (PID=306) to work on /home/airflow/.local/lib/python3.12/site-packages/airflow/example_dags/example_short_circuit_decorator.py
[2024-11-11T02:26:40.262+0000] {processor.py:914} INFO - Processing file /home/airflow/.local/lib/python3.12/site-packages/airflow/example_dags/example_short_circuit_decorator.py for tasks to queue
[2024-11-11T02:26:40.263+0000] {logging_mixin.py:190} INFO - [2024-11-11T02:26:40.263+0000] {dagbag.py:588} INFO - Filling up the DagBag from /home/airflow/.local/lib/python3.12/site-packages/airflow/example_dags/example_short_circuit_decorator.py
[2024-11-11T02:26:40.268+0000] {processor.py:925} INFO - DAG(s) 'example_short_circuit_decorator' retrieved from /home/airflow/.local/lib/python3.12/site-packages/airflow/example_dags/example_short_circuit_decorator.py
[2024-11-11T02:26:40.279+0000] {logging_mixin.py:190} INFO - [2024-11-11T02:26:40.279+0000] {dag.py:3239} INFO - Sync 1 DAGs
[2024-11-11T02:26:40.285+0000] {logging_mixin.py:190} INFO - [2024-11-11T02:26:40.285+0000] {dag.py:4180} INFO - Setting next_dagrun for example_short_circuit_decorator to None, run_after=None
[2024-11-11T02:26:40.294+0000] {processor.py:208} INFO - Processing /home/airflow/.local/lib/python3.12/site-packages/airflow/example_dags/example_short_circuit_decorator.py took 0.036 seconds
[2024-11-11T02:27:10.866+0000] {processor.py:186} INFO - Started process (PID=369) to work on /home/airflow/.local/lib/python3.12/site-packages/airflow/example_dags/example_short_circuit_decorator.py
[2024-11-11T02:27:10.867+0000] {processor.py:914} INFO - Processing file /home/airflow/.local/lib/python3.12/site-packages/airflow/example_dags/example_short_circuit_decorator.py for tasks to queue
[2024-11-11T02:27:10.868+0000] {logging_mixin.py:190} INFO - [2024-11-11T02:27:10.868+0000] {dagbag.py:588} INFO - Filling up the DagBag from /home/airflow/.local/lib/python3.12/site-packages/airflow/example_dags/example_short_circuit_decorator.py
[2024-11-11T02:27:10.874+0000] {processor.py:925} INFO - DAG(s) 'example_short_circuit_decorator' retrieved from /home/airflow/.local/lib/python3.12/site-packages/airflow/example_dags/example_short_circuit_decorator.py
[2024-11-11T02:27:10.885+0000] {logging_mixin.py:190} INFO - [2024-11-11T02:27:10.885+0000] {dag.py:3239} INFO - Sync 1 DAGs
[2024-11-11T02:27:10.892+0000] {logging_mixin.py:190} INFO - [2024-11-11T02:27:10.892+0000] {dag.py:4180} INFO - Setting next_dagrun for example_short_circuit_decorator to None, run_after=None
[2024-11-11T02:27:10.900+0000] {processor.py:208} INFO - Processing /home/airflow/.local/lib/python3.12/site-packages/airflow/example_dags/example_short_circuit_decorator.py took 0.037 seconds
[2024-11-11T02:27:41.470+0000] {processor.py:186} INFO - Started process (PID=432) to work on /home/airflow/.local/lib/python3.12/site-packages/airflow/example_dags/example_short_circuit_decorator.py
[2024-11-11T02:27:41.471+0000] {processor.py:914} INFO - Processing file /home/airflow/.local/lib/python3.12/site-packages/airflow/example_dags/example_short_circuit_decorator.py for tasks to queue
[2024-11-11T02:27:41.472+0000] {logging_mixin.py:190} INFO - [2024-11-11T02:27:41.472+0000] {dagbag.py:588} INFO - Filling up the DagBag from /home/airflow/.local/lib/python3.12/site-packages/airflow/example_dags/example_short_circuit_decorator.py
[2024-11-11T02:27:41.477+0000] {processor.py:925} INFO - DAG(s) 'example_short_circuit_decorator' retrieved from /home/airflow/.local/lib/python3.12/site-packages/airflow/example_dags/example_short_circuit_decorator.py
[2024-11-11T02:27:41.488+0000] {logging_mixin.py:190} INFO - [2024-11-11T02:27:41.488+0000] {dag.py:3239} INFO - Sync 1 DAGs
[2024-11-11T02:27:41.494+0000] {logging_mixin.py:190} INFO - [2024-11-11T02:27:41.494+0000] {dag.py:4180} INFO - Setting next_dagrun for example_short_circuit_decorator to None, run_after=None
[2024-11-11T02:27:41.502+0000] {processor.py:208} INFO - Processing /home/airflow/.local/lib/python3.12/site-packages/airflow/example_dags/example_short_circuit_decorator.py took 0.035 seconds
[2024-11-11T02:28:12.105+0000] {processor.py:186} INFO - Started process (PID=495) to work on /home/airflow/.local/lib/python3.12/site-packages/airflow/example_dags/example_short_circuit_decorator.py
[2024-11-11T02:28:12.106+0000] {processor.py:914} INFO - Processing file /home/airflow/.local/lib/python3.12/site-packages/airflow/example_dags/example_short_circuit_decorator.py for tasks to queue
[2024-11-11T02:28:12.107+0000] {logging_mixin.py:190} INFO - [2024-11-11T02:28:12.107+0000] {dagbag.py:588} INFO - Filling up the DagBag from /home/airflow/.local/lib/python3.12/site-packages/airflow/example_dags/example_short_circuit_decorator.py
[2024-11-11T02:28:12.113+0000] {processor.py:925} INFO - DAG(s) 'example_short_circuit_decorator' retrieved from /home/airflow/.local/lib/python3.12/site-packages/airflow/example_dags/example_short_circuit_decorator.py
[2024-11-11T02:28:12.123+0000] {logging_mixin.py:190} INFO - [2024-11-11T02:28:12.123+0000] {dag.py:3239} INFO - Sync 1 DAGs
[2024-11-11T02:28:12.130+0000] {logging_mixin.py:190} INFO - [2024-11-11T02:28:12.130+0000] {dag.py:4180} INFO - Setting next_dagrun for example_short_circuit_decorator to None, run_after=None
[2024-11-11T02:28:12.138+0000] {processor.py:208} INFO - Processing /home/airflow/.local/lib/python3.12/site-packages/airflow/example_dags/example_short_circuit_decorator.py took 0.036 seconds
[2024-11-11T02:28:42.736+0000] {processor.py:186} INFO - Started process (PID=558) to work on /home/airflow/.local/lib/python3.12/site-packages/airflow/example_dags/example_short_circuit_decorator.py
[2024-11-11T02:28:42.737+0000] {processor.py:914} INFO - Processing file /home/airflow/.local/lib/python3.12/site-packages/airflow/example_dags/example_short_circuit_decorator.py for tasks to queue
[2024-11-11T02:28:42.738+0000] {logging_mixin.py:190} INFO - [2024-11-11T02:28:42.738+0000] {dagbag.py:588} INFO - Filling up the DagBag from /home/airflow/.local/lib/python3.12/site-packages/airflow/example_dags/example_short_circuit_decorator.py
[2024-11-11T02:28:42.743+0000] {processor.py:925} INFO - DAG(s) 'example_short_circuit_decorator' retrieved from /home/airflow/.local/lib/python3.12/site-packages/airflow/example_dags/example_short_circuit_decorator.py
[2024-11-11T02:28:42.754+0000] {logging_mixin.py:190} INFO - [2024-11-11T02:28:42.754+0000] {dag.py:3239} INFO - Sync 1 DAGs
[2024-11-11T02:28:42.761+0000] {logging_mixin.py:190} INFO - [2024-11-11T02:28:42.761+0000] {dag.py:4180} INFO - Setting next_dagrun for example_short_circuit_decorator to None, run_after=None
[2024-11-11T02:28:42.770+0000] {processor.py:208} INFO - Processing /home/airflow/.local/lib/python3.12/site-packages/airflow/example_dags/example_short_circuit_decorator.py took 0.037 seconds
[2024-11-11T02:29:13.388+0000] {processor.py:186} INFO - Started process (PID=621) to work on /home/airflow/.local/lib/python3.12/site-packages/airflow/example_dags/example_short_circuit_decorator.py
[2024-11-11T02:29:13.388+0000] {processor.py:914} INFO - Processing file /home/airflow/.local/lib/python3.12/site-packages/airflow/example_dags/example_short_circuit_decorator.py for tasks to queue
[2024-11-11T02:29:13.389+0000] {logging_mixin.py:190} INFO - [2024-11-11T02:29:13.389+0000] {dagbag.py:588} INFO - Filling up the DagBag from /home/airflow/.local/lib/python3.12/site-packages/airflow/example_dags/example_short_circuit_decorator.py
[2024-11-11T02:29:13.395+0000] {processor.py:925} INFO - DAG(s) 'example_short_circuit_decorator' retrieved from /home/airflow/.local/lib/python3.12/site-packages/airflow/example_dags/example_short_circuit_decorator.py
[2024-11-11T02:29:13.406+0000] {logging_mixin.py:190} INFO - [2024-11-11T02:29:13.405+0000] {dag.py:3239} INFO - Sync 1 DAGs
[2024-11-11T02:29:13.415+0000] {logging_mixin.py:190} INFO - [2024-11-11T02:29:13.415+0000] {dag.py:4180} INFO - Setting next_dagrun for example_short_circuit_decorator to None, run_after=None
[2024-11-11T02:29:13.424+0000] {processor.py:208} INFO - Processing /home/airflow/.local/lib/python3.12/site-packages/airflow/example_dags/example_short_circuit_decorator.py took 0.040 seconds
[2024-11-11T02:29:44.081+0000] {processor.py:186} INFO - Started process (PID=684) to work on /home/airflow/.local/lib/python3.12/site-packages/airflow/example_dags/example_short_circuit_decorator.py
[2024-11-11T02:29:44.082+0000] {processor.py:914} INFO - Processing file /home/airflow/.local/lib/python3.12/site-packages/airflow/example_dags/example_short_circuit_decorator.py for tasks to queue
[2024-11-11T02:29:44.083+0000] {logging_mixin.py:190} INFO - [2024-11-11T02:29:44.083+0000] {dagbag.py:588} INFO - Filling up the DagBag from /home/airflow/.local/lib/python3.12/site-packages/airflow/example_dags/example_short_circuit_decorator.py
[2024-11-11T02:29:44.089+0000] {processor.py:925} INFO - DAG(s) 'example_short_circuit_decorator' retrieved from /home/airflow/.local/lib/python3.12/site-packages/airflow/example_dags/example_short_circuit_decorator.py
[2024-11-11T02:29:44.100+0000] {logging_mixin.py:190} INFO - [2024-11-11T02:29:44.100+0000] {dag.py:3239} INFO - Sync 1 DAGs
[2024-11-11T02:29:44.107+0000] {logging_mixin.py:190} INFO - [2024-11-11T02:29:44.106+0000] {dag.py:4180} INFO - Setting next_dagrun for example_short_circuit_decorator to None, run_after=None
[2024-11-11T02:29:44.115+0000] {processor.py:208} INFO - Processing /home/airflow/.local/lib/python3.12/site-packages/airflow/example_dags/example_short_circuit_decorator.py took 0.038 seconds
[2024-11-11T02:30:14.785+0000] {processor.py:186} INFO - Started process (PID=746) to work on /home/airflow/.local/lib/python3.12/site-packages/airflow/example_dags/example_short_circuit_decorator.py
[2024-11-11T02:30:14.785+0000] {processor.py:914} INFO - Processing file /home/airflow/.local/lib/python3.12/site-packages/airflow/example_dags/example_short_circuit_decorator.py for tasks to queue
[2024-11-11T02:30:14.787+0000] {logging_mixin.py:190} INFO - [2024-11-11T02:30:14.786+0000] {dagbag.py:588} INFO - Filling up the DagBag from /home/airflow/.local/lib/python3.12/site-packages/airflow/example_dags/example_short_circuit_decorator.py
[2024-11-11T02:30:14.792+0000] {processor.py:925} INFO - DAG(s) 'example_short_circuit_decorator' retrieved from /home/airflow/.local/lib/python3.12/site-packages/airflow/example_dags/example_short_circuit_decorator.py
[2024-11-11T02:30:14.803+0000] {logging_mixin.py:190} INFO - [2024-11-11T02:30:14.803+0000] {dag.py:3239} INFO - Sync 1 DAGs
[2024-11-11T02:30:14.809+0000] {logging_mixin.py:190} INFO - [2024-11-11T02:30:14.809+0000] {dag.py:4180} INFO - Setting next_dagrun for example_short_circuit_decorator to None, run_after=None
[2024-11-11T02:30:14.817+0000] {processor.py:208} INFO - Processing /home/airflow/.local/lib/python3.12/site-packages/airflow/example_dags/example_short_circuit_decorator.py took 0.036 seconds
[2024-11-11T02:30:45.505+0000] {processor.py:186} INFO - Started process (PID=809) to work on /home/airflow/.local/lib/python3.12/site-packages/airflow/example_dags/example_short_circuit_decorator.py
[2024-11-11T02:30:45.506+0000] {processor.py:914} INFO - Processing file /home/airflow/.local/lib/python3.12/site-packages/airflow/example_dags/example_short_circuit_decorator.py for tasks to queue
[2024-11-11T02:30:45.508+0000] {logging_mixin.py:190} INFO - [2024-11-11T02:30:45.507+0000] {dagbag.py:588} INFO - Filling up the DagBag from /home/airflow/.local/lib/python3.12/site-packages/airflow/example_dags/example_short_circuit_decorator.py
[2024-11-11T02:30:45.513+0000] {processor.py:925} INFO - DAG(s) 'example_short_circuit_decorator' retrieved from /home/airflow/.local/lib/python3.12/site-packages/airflow/example_dags/example_short_circuit_decorator.py
[2024-11-11T02:30:45.525+0000] {logging_mixin.py:190} INFO - [2024-11-11T02:30:45.525+0000] {dag.py:3239} INFO - Sync 1 DAGs
[2024-11-11T02:30:45.533+0000] {logging_mixin.py:190} INFO - [2024-11-11T02:30:45.532+0000] {dag.py:4180} INFO - Setting next_dagrun for example_short_circuit_decorator to None, run_after=None
[2024-11-11T02:30:45.541+0000] {processor.py:208} INFO - Processing /home/airflow/.local/lib/python3.12/site-packages/airflow/example_dags/example_short_circuit_decorator.py took 0.040 seconds
[2024-11-11T02:31:16.061+0000] {processor.py:186} INFO - Started process (PID=881) to work on /home/airflow/.local/lib/python3.12/site-packages/airflow/example_dags/example_short_circuit_decorator.py
[2024-11-11T02:31:16.062+0000] {processor.py:914} INFO - Processing file /home/airflow/.local/lib/python3.12/site-packages/airflow/example_dags/example_short_circuit_decorator.py for tasks to queue
[2024-11-11T02:31:16.063+0000] {logging_mixin.py:190} INFO - [2024-11-11T02:31:16.063+0000] {dagbag.py:588} INFO - Filling up the DagBag from /home/airflow/.local/lib/python3.12/site-packages/airflow/example_dags/example_short_circuit_decorator.py
[2024-11-11T02:31:16.069+0000] {processor.py:925} INFO - DAG(s) 'example_short_circuit_decorator' retrieved from /home/airflow/.local/lib/python3.12/site-packages/airflow/example_dags/example_short_circuit_decorator.py
[2024-11-11T02:31:16.080+0000] {logging_mixin.py:190} INFO - [2024-11-11T02:31:16.080+0000] {dag.py:3239} INFO - Sync 1 DAGs
[2024-11-11T02:31:16.086+0000] {logging_mixin.py:190} INFO - [2024-11-11T02:31:16.086+0000] {dag.py:4180} INFO - Setting next_dagrun for example_short_circuit_decorator to None, run_after=None
[2024-11-11T02:31:16.094+0000] {processor.py:208} INFO - Processing /home/airflow/.local/lib/python3.12/site-packages/airflow/example_dags/example_short_circuit_decorator.py took 0.037 seconds
[2024-11-11T02:31:46.727+0000] {processor.py:186} INFO - Started process (PID=944) to work on /home/airflow/.local/lib/python3.12/site-packages/airflow/example_dags/example_short_circuit_decorator.py
[2024-11-11T02:31:46.728+0000] {processor.py:914} INFO - Processing file /home/airflow/.local/lib/python3.12/site-packages/airflow/example_dags/example_short_circuit_decorator.py for tasks to queue
[2024-11-11T02:31:46.729+0000] {logging_mixin.py:190} INFO - [2024-11-11T02:31:46.729+0000] {dagbag.py:588} INFO - Filling up the DagBag from /home/airflow/.local/lib/python3.12/site-packages/airflow/example_dags/example_short_circuit_decorator.py
[2024-11-11T02:31:46.735+0000] {processor.py:925} INFO - DAG(s) 'example_short_circuit_decorator' retrieved from /home/airflow/.local/lib/python3.12/site-packages/airflow/example_dags/example_short_circuit_decorator.py
[2024-11-11T02:31:46.747+0000] {logging_mixin.py:190} INFO - [2024-11-11T02:31:46.747+0000] {dag.py:3239} INFO - Sync 1 DAGs
[2024-11-11T02:31:46.754+0000] {logging_mixin.py:190} INFO - [2024-11-11T02:31:46.754+0000] {dag.py:4180} INFO - Setting next_dagrun for example_short_circuit_decorator to None, run_after=None
[2024-11-11T02:31:46.762+0000] {processor.py:208} INFO - Processing /home/airflow/.local/lib/python3.12/site-packages/airflow/example_dags/example_short_circuit_decorator.py took 0.039 seconds
[2024-11-11T02:32:17.397+0000] {processor.py:186} INFO - Started process (PID=1006) to work on /home/airflow/.local/lib/python3.12/site-packages/airflow/example_dags/example_short_circuit_decorator.py
[2024-11-11T02:32:17.397+0000] {processor.py:914} INFO - Processing file /home/airflow/.local/lib/python3.12/site-packages/airflow/example_dags/example_short_circuit_decorator.py for tasks to queue
[2024-11-11T02:32:17.399+0000] {logging_mixin.py:190} INFO - [2024-11-11T02:32:17.399+0000] {dagbag.py:588} INFO - Filling up the DagBag from /home/airflow/.local/lib/python3.12/site-packages/airflow/example_dags/example_short_circuit_decorator.py
[2024-11-11T02:32:17.404+0000] {processor.py:925} INFO - DAG(s) 'example_short_circuit_decorator' retrieved from /home/airflow/.local/lib/python3.12/site-packages/airflow/example_dags/example_short_circuit_decorator.py
[2024-11-11T02:32:17.415+0000] {logging_mixin.py:190} INFO - [2024-11-11T02:32:17.415+0000] {dag.py:3239} INFO - Sync 1 DAGs
[2024-11-11T02:32:17.421+0000] {logging_mixin.py:190} INFO - [2024-11-11T02:32:17.421+0000] {dag.py:4180} INFO - Setting next_dagrun for example_short_circuit_decorator to None, run_after=None
[2024-11-11T02:32:17.429+0000] {processor.py:208} INFO - Processing /home/airflow/.local/lib/python3.12/site-packages/airflow/example_dags/example_short_circuit_decorator.py took 0.035 seconds
[2024-11-11T02:32:48.109+0000] {processor.py:186} INFO - Started process (PID=1068) to work on /home/airflow/.local/lib/python3.12/site-packages/airflow/example_dags/example_short_circuit_decorator.py
[2024-11-11T02:32:48.109+0000] {processor.py:914} INFO - Processing file /home/airflow/.local/lib/python3.12/site-packages/airflow/example_dags/example_short_circuit_decorator.py for tasks to queue
[2024-11-11T02:32:48.110+0000] {logging_mixin.py:190} INFO - [2024-11-11T02:32:48.110+0000] {dagbag.py:588} INFO - Filling up the DagBag from /home/airflow/.local/lib/python3.12/site-packages/airflow/example_dags/example_short_circuit_decorator.py
[2024-11-11T02:32:48.116+0000] {processor.py:925} INFO - DAG(s) 'example_short_circuit_decorator' retrieved from /home/airflow/.local/lib/python3.12/site-packages/airflow/example_dags/example_short_circuit_decorator.py
[2024-11-11T02:32:48.126+0000] {logging_mixin.py:190} INFO - [2024-11-11T02:32:48.126+0000] {dag.py:3239} INFO - Sync 1 DAGs
[2024-11-11T02:32:48.132+0000] {logging_mixin.py:190} INFO - [2024-11-11T02:32:48.132+0000] {dag.py:4180} INFO - Setting next_dagrun for example_short_circuit_decorator to None, run_after=None
[2024-11-11T02:32:48.140+0000] {processor.py:208} INFO - Processing /home/airflow/.local/lib/python3.12/site-packages/airflow/example_dags/example_short_circuit_decorator.py took 0.035 seconds
[2024-11-11T02:33:18.741+0000] {processor.py:186} INFO - Started process (PID=1131) to work on /home/airflow/.local/lib/python3.12/site-packages/airflow/example_dags/example_short_circuit_decorator.py
[2024-11-11T02:33:18.741+0000] {processor.py:914} INFO - Processing file /home/airflow/.local/lib/python3.12/site-packages/airflow/example_dags/example_short_circuit_decorator.py for tasks to queue
[2024-11-11T02:33:18.743+0000] {logging_mixin.py:190} INFO - [2024-11-11T02:33:18.743+0000] {dagbag.py:588} INFO - Filling up the DagBag from /home/airflow/.local/lib/python3.12/site-packages/airflow/example_dags/example_short_circuit_decorator.py
[2024-11-11T02:33:18.748+0000] {processor.py:925} INFO - DAG(s) 'example_short_circuit_decorator' retrieved from /home/airflow/.local/lib/python3.12/site-packages/airflow/example_dags/example_short_circuit_decorator.py
[2024-11-11T02:33:18.759+0000] {logging_mixin.py:190} INFO - [2024-11-11T02:33:18.758+0000] {dag.py:3239} INFO - Sync 1 DAGs
[2024-11-11T02:33:18.765+0000] {logging_mixin.py:190} INFO - [2024-11-11T02:33:18.765+0000] {dag.py:4180} INFO - Setting next_dagrun for example_short_circuit_decorator to None, run_after=None
[2024-11-11T02:33:18.773+0000] {processor.py:208} INFO - Processing /home/airflow/.local/lib/python3.12/site-packages/airflow/example_dags/example_short_circuit_decorator.py took 0.035 seconds
[2024-11-11T02:33:49.406+0000] {processor.py:186} INFO - Started process (PID=1194) to work on /home/airflow/.local/lib/python3.12/site-packages/airflow/example_dags/example_short_circuit_decorator.py
[2024-11-11T02:33:49.406+0000] {processor.py:914} INFO - Processing file /home/airflow/.local/lib/python3.12/site-packages/airflow/example_dags/example_short_circuit_decorator.py for tasks to queue
[2024-11-11T02:33:49.408+0000] {logging_mixin.py:190} INFO - [2024-11-11T02:33:49.407+0000] {dagbag.py:588} INFO - Filling up the DagBag from /home/airflow/.local/lib/python3.12/site-packages/airflow/example_dags/example_short_circuit_decorator.py
[2024-11-11T02:33:49.413+0000] {processor.py:925} INFO - DAG(s) 'example_short_circuit_decorator' retrieved from /home/airflow/.local/lib/python3.12/site-packages/airflow/example_dags/example_short_circuit_decorator.py
[2024-11-11T02:33:49.424+0000] {logging_mixin.py:190} INFO - [2024-11-11T02:33:49.424+0000] {dag.py:3239} INFO - Sync 1 DAGs
[2024-11-11T02:33:49.432+0000] {logging_mixin.py:190} INFO - [2024-11-11T02:33:49.432+0000] {dag.py:4180} INFO - Setting next_dagrun for example_short_circuit_decorator to None, run_after=None
[2024-11-11T02:33:49.440+0000] {processor.py:208} INFO - Processing /home/airflow/.local/lib/python3.12/site-packages/airflow/example_dags/example_short_circuit_decorator.py took 0.038 seconds
[2024-11-11T02:34:20.032+0000] {processor.py:186} INFO - Started process (PID=1257) to work on /home/airflow/.local/lib/python3.12/site-packages/airflow/example_dags/example_short_circuit_decorator.py
[2024-11-11T02:34:20.033+0000] {processor.py:914} INFO - Processing file /home/airflow/.local/lib/python3.12/site-packages/airflow/example_dags/example_short_circuit_decorator.py for tasks to queue
[2024-11-11T02:34:20.034+0000] {logging_mixin.py:190} INFO - [2024-11-11T02:34:20.034+0000] {dagbag.py:588} INFO - Filling up the DagBag from /home/airflow/.local/lib/python3.12/site-packages/airflow/example_dags/example_short_circuit_decorator.py
[2024-11-11T02:34:20.040+0000] {processor.py:925} INFO - DAG(s) 'example_short_circuit_decorator' retrieved from /home/airflow/.local/lib/python3.12/site-packages/airflow/example_dags/example_short_circuit_decorator.py
[2024-11-11T02:34:20.051+0000] {logging_mixin.py:190} INFO - [2024-11-11T02:34:20.051+0000] {dag.py:3239} INFO - Sync 1 DAGs
[2024-11-11T02:34:20.058+0000] {logging_mixin.py:190} INFO - [2024-11-11T02:34:20.058+0000] {dag.py:4180} INFO - Setting next_dagrun for example_short_circuit_decorator to None, run_after=None
[2024-11-11T02:34:20.067+0000] {processor.py:208} INFO - Processing /home/airflow/.local/lib/python3.12/site-packages/airflow/example_dags/example_short_circuit_decorator.py took 0.038 seconds
[2024-11-11T02:34:50.722+0000] {processor.py:186} INFO - Started process (PID=1320) to work on /home/airflow/.local/lib/python3.12/site-packages/airflow/example_dags/example_short_circuit_decorator.py
[2024-11-11T02:34:50.723+0000] {processor.py:914} INFO - Processing file /home/airflow/.local/lib/python3.12/site-packages/airflow/example_dags/example_short_circuit_decorator.py for tasks to queue
[2024-11-11T02:34:50.724+0000] {logging_mixin.py:190} INFO - [2024-11-11T02:34:50.724+0000] {dagbag.py:588} INFO - Filling up the DagBag from /home/airflow/.local/lib/python3.12/site-packages/airflow/example_dags/example_short_circuit_decorator.py
[2024-11-11T02:34:50.729+0000] {processor.py:925} INFO - DAG(s) 'example_short_circuit_decorator' retrieved from /home/airflow/.local/lib/python3.12/site-packages/airflow/example_dags/example_short_circuit_decorator.py
[2024-11-11T02:34:50.742+0000] {logging_mixin.py:190} INFO - [2024-11-11T02:34:50.742+0000] {dag.py:3239} INFO - Sync 1 DAGs
[2024-11-11T02:34:50.750+0000] {logging_mixin.py:190} INFO - [2024-11-11T02:34:50.750+0000] {dag.py:4180} INFO - Setting next_dagrun for example_short_circuit_decorator to None, run_after=None
[2024-11-11T02:34:50.761+0000] {processor.py:208} INFO - Processing /home/airflow/.local/lib/python3.12/site-packages/airflow/example_dags/example_short_circuit_decorator.py took 0.043 seconds
[2024-11-11T02:35:20.797+0000] {processor.py:186} INFO - Started process (PID=1383) to work on /home/airflow/.local/lib/python3.12/site-packages/airflow/example_dags/example_short_circuit_decorator.py
[2024-11-11T02:35:20.798+0000] {processor.py:914} INFO - Processing file /home/airflow/.local/lib/python3.12/site-packages/airflow/example_dags/example_short_circuit_decorator.py for tasks to queue
[2024-11-11T02:35:20.800+0000] {logging_mixin.py:190} INFO - [2024-11-11T02:35:20.799+0000] {dagbag.py:588} INFO - Filling up the DagBag from /home/airflow/.local/lib/python3.12/site-packages/airflow/example_dags/example_short_circuit_decorator.py
[2024-11-11T02:35:20.805+0000] {processor.py:925} INFO - DAG(s) 'example_short_circuit_decorator' retrieved from /home/airflow/.local/lib/python3.12/site-packages/airflow/example_dags/example_short_circuit_decorator.py
[2024-11-11T02:35:20.816+0000] {logging_mixin.py:190} INFO - [2024-11-11T02:35:20.816+0000] {dag.py:3239} INFO - Sync 1 DAGs
[2024-11-11T02:35:20.822+0000] {logging_mixin.py:190} INFO - [2024-11-11T02:35:20.822+0000] {dag.py:4180} INFO - Setting next_dagrun for example_short_circuit_decorator to None, run_after=None
[2024-11-11T02:35:20.830+0000] {processor.py:208} INFO - Processing /home/airflow/.local/lib/python3.12/site-packages/airflow/example_dags/example_short_circuit_decorator.py took 0.036 seconds
[2024-11-11T02:35:51.438+0000] {processor.py:186} INFO - Started process (PID=1446) to work on /home/airflow/.local/lib/python3.12/site-packages/airflow/example_dags/example_short_circuit_decorator.py
[2024-11-11T02:35:51.439+0000] {processor.py:914} INFO - Processing file /home/airflow/.local/lib/python3.12/site-packages/airflow/example_dags/example_short_circuit_decorator.py for tasks to queue
[2024-11-11T02:35:51.440+0000] {logging_mixin.py:190} INFO - [2024-11-11T02:35:51.440+0000] {dagbag.py:588} INFO - Filling up the DagBag from /home/airflow/.local/lib/python3.12/site-packages/airflow/example_dags/example_short_circuit_decorator.py
[2024-11-11T02:35:51.446+0000] {processor.py:925} INFO - DAG(s) 'example_short_circuit_decorator' retrieved from /home/airflow/.local/lib/python3.12/site-packages/airflow/example_dags/example_short_circuit_decorator.py
[2024-11-11T02:35:51.458+0000] {logging_mixin.py:190} INFO - [2024-11-11T02:35:51.457+0000] {dag.py:3239} INFO - Sync 1 DAGs
[2024-11-11T02:35:51.465+0000] {logging_mixin.py:190} INFO - [2024-11-11T02:35:51.465+0000] {dag.py:4180} INFO - Setting next_dagrun for example_short_circuit_decorator to None, run_after=None
[2024-11-11T02:35:51.473+0000] {processor.py:208} INFO - Processing /home/airflow/.local/lib/python3.12/site-packages/airflow/example_dags/example_short_circuit_decorator.py took 0.038 seconds
[2024-11-11T02:36:22.118+0000] {processor.py:186} INFO - Started process (PID=1509) to work on /home/airflow/.local/lib/python3.12/site-packages/airflow/example_dags/example_short_circuit_decorator.py
[2024-11-11T02:36:22.119+0000] {processor.py:914} INFO - Processing file /home/airflow/.local/lib/python3.12/site-packages/airflow/example_dags/example_short_circuit_decorator.py for tasks to queue
[2024-11-11T02:36:22.121+0000] {logging_mixin.py:190} INFO - [2024-11-11T02:36:22.120+0000] {dagbag.py:588} INFO - Filling up the DagBag from /home/airflow/.local/lib/python3.12/site-packages/airflow/example_dags/example_short_circuit_decorator.py
[2024-11-11T02:36:22.126+0000] {processor.py:925} INFO - DAG(s) 'example_short_circuit_decorator' retrieved from /home/airflow/.local/lib/python3.12/site-packages/airflow/example_dags/example_short_circuit_decorator.py
[2024-11-11T02:36:22.138+0000] {logging_mixin.py:190} INFO - [2024-11-11T02:36:22.137+0000] {dag.py:3239} INFO - Sync 1 DAGs
[2024-11-11T02:36:22.145+0000] {logging_mixin.py:190} INFO - [2024-11-11T02:36:22.145+0000] {dag.py:4180} INFO - Setting next_dagrun for example_short_circuit_decorator to None, run_after=None
[2024-11-11T02:36:22.153+0000] {processor.py:208} INFO - Processing /home/airflow/.local/lib/python3.12/site-packages/airflow/example_dags/example_short_circuit_decorator.py took 0.039 seconds
[2024-11-11T02:36:52.864+0000] {processor.py:186} INFO - Started process (PID=1572) to work on /home/airflow/.local/lib/python3.12/site-packages/airflow/example_dags/example_short_circuit_decorator.py
[2024-11-11T02:36:52.865+0000] {processor.py:914} INFO - Processing file /home/airflow/.local/lib/python3.12/site-packages/airflow/example_dags/example_short_circuit_decorator.py for tasks to queue
[2024-11-11T02:36:52.866+0000] {logging_mixin.py:190} INFO - [2024-11-11T02:36:52.866+0000] {dagbag.py:588} INFO - Filling up the DagBag from /home/airflow/.local/lib/python3.12/site-packages/airflow/example_dags/example_short_circuit_decorator.py
[2024-11-11T02:36:52.872+0000] {processor.py:925} INFO - DAG(s) 'example_short_circuit_decorator' retrieved from /home/airflow/.local/lib/python3.12/site-packages/airflow/example_dags/example_short_circuit_decorator.py
[2024-11-11T02:36:52.883+0000] {logging_mixin.py:190} INFO - [2024-11-11T02:36:52.883+0000] {dag.py:3239} INFO - Sync 1 DAGs
[2024-11-11T02:36:52.890+0000] {logging_mixin.py:190} INFO - [2024-11-11T02:36:52.889+0000] {dag.py:4180} INFO - Setting next_dagrun for example_short_circuit_decorator to None, run_after=None
[2024-11-11T02:36:52.898+0000] {processor.py:208} INFO - Processing /home/airflow/.local/lib/python3.12/site-packages/airflow/example_dags/example_short_circuit_decorator.py took 0.036 seconds
[2024-11-11T02:37:23.496+0000] {processor.py:186} INFO - Started process (PID=1635) to work on /home/airflow/.local/lib/python3.12/site-packages/airflow/example_dags/example_short_circuit_decorator.py
[2024-11-11T02:37:23.497+0000] {processor.py:914} INFO - Processing file /home/airflow/.local/lib/python3.12/site-packages/airflow/example_dags/example_short_circuit_decorator.py for tasks to queue
[2024-11-11T02:37:23.498+0000] {logging_mixin.py:190} INFO - [2024-11-11T02:37:23.498+0000] {dagbag.py:588} INFO - Filling up the DagBag from /home/airflow/.local/lib/python3.12/site-packages/airflow/example_dags/example_short_circuit_decorator.py
[2024-11-11T02:37:23.503+0000] {processor.py:925} INFO - DAG(s) 'example_short_circuit_decorator' retrieved from /home/airflow/.local/lib/python3.12/site-packages/airflow/example_dags/example_short_circuit_decorator.py
[2024-11-11T02:37:23.515+0000] {logging_mixin.py:190} INFO - [2024-11-11T02:37:23.515+0000] {dag.py:3239} INFO - Sync 1 DAGs
[2024-11-11T02:37:23.522+0000] {logging_mixin.py:190} INFO - [2024-11-11T02:37:23.522+0000] {dag.py:4180} INFO - Setting next_dagrun for example_short_circuit_decorator to None, run_after=None
[2024-11-11T02:37:23.531+0000] {processor.py:208} INFO - Processing /home/airflow/.local/lib/python3.12/site-packages/airflow/example_dags/example_short_circuit_decorator.py took 0.038 seconds
[2024-11-11T02:37:54.141+0000] {processor.py:186} INFO - Started process (PID=1704) to work on /home/airflow/.local/lib/python3.12/site-packages/airflow/example_dags/example_short_circuit_decorator.py
[2024-11-11T02:37:54.142+0000] {processor.py:914} INFO - Processing file /home/airflow/.local/lib/python3.12/site-packages/airflow/example_dags/example_short_circuit_decorator.py for tasks to queue
[2024-11-11T02:37:54.143+0000] {logging_mixin.py:190} INFO - [2024-11-11T02:37:54.143+0000] {dagbag.py:588} INFO - Filling up the DagBag from /home/airflow/.local/lib/python3.12/site-packages/airflow/example_dags/example_short_circuit_decorator.py
[2024-11-11T02:37:54.149+0000] {processor.py:925} INFO - DAG(s) 'example_short_circuit_decorator' retrieved from /home/airflow/.local/lib/python3.12/site-packages/airflow/example_dags/example_short_circuit_decorator.py
[2024-11-11T02:37:54.161+0000] {logging_mixin.py:190} INFO - [2024-11-11T02:37:54.160+0000] {dag.py:3239} INFO - Sync 1 DAGs
[2024-11-11T02:37:54.168+0000] {logging_mixin.py:190} INFO - [2024-11-11T02:37:54.168+0000] {dag.py:4180} INFO - Setting next_dagrun for example_short_circuit_decorator to None, run_after=None
[2024-11-11T02:37:54.176+0000] {processor.py:208} INFO - Processing /home/airflow/.local/lib/python3.12/site-packages/airflow/example_dags/example_short_circuit_decorator.py took 0.038 seconds
[2024-11-11T02:38:24.955+0000] {processor.py:186} INFO - Started process (PID=1767) to work on /home/airflow/.local/lib/python3.12/site-packages/airflow/example_dags/example_short_circuit_decorator.py
[2024-11-11T02:38:24.956+0000] {processor.py:914} INFO - Processing file /home/airflow/.local/lib/python3.12/site-packages/airflow/example_dags/example_short_circuit_decorator.py for tasks to queue
[2024-11-11T02:38:24.958+0000] {logging_mixin.py:190} INFO - [2024-11-11T02:38:24.958+0000] {dagbag.py:588} INFO - Filling up the DagBag from /home/airflow/.local/lib/python3.12/site-packages/airflow/example_dags/example_short_circuit_decorator.py
[2024-11-11T02:38:24.965+0000] {processor.py:925} INFO - DAG(s) 'example_short_circuit_decorator' retrieved from /home/airflow/.local/lib/python3.12/site-packages/airflow/example_dags/example_short_circuit_decorator.py
[2024-11-11T02:38:24.979+0000] {logging_mixin.py:190} INFO - [2024-11-11T02:38:24.979+0000] {dag.py:3239} INFO - Sync 1 DAGs
[2024-11-11T02:38:24.988+0000] {logging_mixin.py:190} INFO - [2024-11-11T02:38:24.988+0000] {dag.py:4180} INFO - Setting next_dagrun for example_short_circuit_decorator to None, run_after=None
[2024-11-11T02:38:25.002+0000] {processor.py:208} INFO - Processing /home/airflow/.local/lib/python3.12/site-packages/airflow/example_dags/example_short_circuit_decorator.py took 0.051 seconds
[2024-11-11T02:38:55.705+0000] {processor.py:186} INFO - Started process (PID=1830) to work on /home/airflow/.local/lib/python3.12/site-packages/airflow/example_dags/example_short_circuit_decorator.py
[2024-11-11T02:38:55.706+0000] {processor.py:914} INFO - Processing file /home/airflow/.local/lib/python3.12/site-packages/airflow/example_dags/example_short_circuit_decorator.py for tasks to queue
[2024-11-11T02:38:55.707+0000] {logging_mixin.py:190} INFO - [2024-11-11T02:38:55.707+0000] {dagbag.py:588} INFO - Filling up the DagBag from /home/airflow/.local/lib/python3.12/site-packages/airflow/example_dags/example_short_circuit_decorator.py
[2024-11-11T02:38:55.713+0000] {processor.py:925} INFO - DAG(s) 'example_short_circuit_decorator' retrieved from /home/airflow/.local/lib/python3.12/site-packages/airflow/example_dags/example_short_circuit_decorator.py
[2024-11-11T02:38:55.726+0000] {logging_mixin.py:190} INFO - [2024-11-11T02:38:55.726+0000] {dag.py:3239} INFO - Sync 1 DAGs
[2024-11-11T02:38:55.734+0000] {logging_mixin.py:190} INFO - [2024-11-11T02:38:55.734+0000] {dag.py:4180} INFO - Setting next_dagrun for example_short_circuit_decorator to None, run_after=None
[2024-11-11T02:38:55.744+0000] {processor.py:208} INFO - Processing /home/airflow/.local/lib/python3.12/site-packages/airflow/example_dags/example_short_circuit_decorator.py took 0.043 seconds
[2024-11-11T02:39:26.391+0000] {processor.py:186} INFO - Started process (PID=1893) to work on /home/airflow/.local/lib/python3.12/site-packages/airflow/example_dags/example_short_circuit_decorator.py
[2024-11-11T02:39:26.392+0000] {processor.py:914} INFO - Processing file /home/airflow/.local/lib/python3.12/site-packages/airflow/example_dags/example_short_circuit_decorator.py for tasks to queue
[2024-11-11T02:39:26.393+0000] {logging_mixin.py:190} INFO - [2024-11-11T02:39:26.393+0000] {dagbag.py:588} INFO - Filling up the DagBag from /home/airflow/.local/lib/python3.12/site-packages/airflow/example_dags/example_short_circuit_decorator.py
[2024-11-11T02:39:26.398+0000] {processor.py:925} INFO - DAG(s) 'example_short_circuit_decorator' retrieved from /home/airflow/.local/lib/python3.12/site-packages/airflow/example_dags/example_short_circuit_decorator.py
[2024-11-11T02:39:26.410+0000] {logging_mixin.py:190} INFO - [2024-11-11T02:39:26.410+0000] {dag.py:3239} INFO - Sync 1 DAGs
[2024-11-11T02:39:26.417+0000] {logging_mixin.py:190} INFO - [2024-11-11T02:39:26.417+0000] {dag.py:4180} INFO - Setting next_dagrun for example_short_circuit_decorator to None, run_after=None
[2024-11-11T02:39:26.426+0000] {processor.py:208} INFO - Processing /home/airflow/.local/lib/python3.12/site-packages/airflow/example_dags/example_short_circuit_decorator.py took 0.038 seconds
[2024-11-11T02:39:57.127+0000] {processor.py:186} INFO - Started process (PID=1956) to work on /home/airflow/.local/lib/python3.12/site-packages/airflow/example_dags/example_short_circuit_decorator.py
[2024-11-11T02:39:57.128+0000] {processor.py:914} INFO - Processing file /home/airflow/.local/lib/python3.12/site-packages/airflow/example_dags/example_short_circuit_decorator.py for tasks to queue
[2024-11-11T02:39:57.130+0000] {logging_mixin.py:190} INFO - [2024-11-11T02:39:57.130+0000] {dagbag.py:588} INFO - Filling up the DagBag from /home/airflow/.local/lib/python3.12/site-packages/airflow/example_dags/example_short_circuit_decorator.py
[2024-11-11T02:39:57.137+0000] {processor.py:925} INFO - DAG(s) 'example_short_circuit_decorator' retrieved from /home/airflow/.local/lib/python3.12/site-packages/airflow/example_dags/example_short_circuit_decorator.py
[2024-11-11T02:39:57.151+0000] {logging_mixin.py:190} INFO - [2024-11-11T02:39:57.150+0000] {dag.py:3239} INFO - Sync 1 DAGs
[2024-11-11T02:39:57.159+0000] {logging_mixin.py:190} INFO - [2024-11-11T02:39:57.158+0000] {dag.py:4180} INFO - Setting next_dagrun for example_short_circuit_decorator to None, run_after=None
[2024-11-11T02:39:57.169+0000] {processor.py:208} INFO - Processing /home/airflow/.local/lib/python3.12/site-packages/airflow/example_dags/example_short_circuit_decorator.py took 0.045 seconds
[2024-11-11T02:40:28.081+0000] {processor.py:186} INFO - Started process (PID=2019) to work on /home/airflow/.local/lib/python3.12/site-packages/airflow/example_dags/example_short_circuit_decorator.py
[2024-11-11T02:40:28.083+0000] {processor.py:914} INFO - Processing file /home/airflow/.local/lib/python3.12/site-packages/airflow/example_dags/example_short_circuit_decorator.py for tasks to queue
[2024-11-11T02:40:28.085+0000] {logging_mixin.py:190} INFO - [2024-11-11T02:40:28.085+0000] {dagbag.py:588} INFO - Filling up the DagBag from /home/airflow/.local/lib/python3.12/site-packages/airflow/example_dags/example_short_circuit_decorator.py
[2024-11-11T02:40:28.092+0000] {processor.py:925} INFO - DAG(s) 'example_short_circuit_decorator' retrieved from /home/airflow/.local/lib/python3.12/site-packages/airflow/example_dags/example_short_circuit_decorator.py
[2024-11-11T02:40:28.114+0000] {logging_mixin.py:190} INFO - [2024-11-11T02:40:28.114+0000] {dag.py:3239} INFO - Sync 1 DAGs
[2024-11-11T02:40:28.124+0000] {logging_mixin.py:190} INFO - [2024-11-11T02:40:28.124+0000] {dag.py:4180} INFO - Setting next_dagrun for example_short_circuit_decorator to None, run_after=None
[2024-11-11T02:40:28.140+0000] {processor.py:208} INFO - Processing /home/airflow/.local/lib/python3.12/site-packages/airflow/example_dags/example_short_circuit_decorator.py took 0.063 seconds
[2024-11-11T02:40:58.991+0000] {processor.py:186} INFO - Started process (PID=2081) to work on /home/airflow/.local/lib/python3.12/site-packages/airflow/example_dags/example_short_circuit_decorator.py
[2024-11-11T02:40:58.992+0000] {processor.py:914} INFO - Processing file /home/airflow/.local/lib/python3.12/site-packages/airflow/example_dags/example_short_circuit_decorator.py for tasks to queue
[2024-11-11T02:40:58.993+0000] {logging_mixin.py:190} INFO - [2024-11-11T02:40:58.993+0000] {dagbag.py:588} INFO - Filling up the DagBag from /home/airflow/.local/lib/python3.12/site-packages/airflow/example_dags/example_short_circuit_decorator.py
[2024-11-11T02:40:58.999+0000] {processor.py:925} INFO - DAG(s) 'example_short_circuit_decorator' retrieved from /home/airflow/.local/lib/python3.12/site-packages/airflow/example_dags/example_short_circuit_decorator.py
[2024-11-11T02:40:59.011+0000] {logging_mixin.py:190} INFO - [2024-11-11T02:40:59.011+0000] {dag.py:3239} INFO - Sync 1 DAGs
[2024-11-11T02:40:59.019+0000] {logging_mixin.py:190} INFO - [2024-11-11T02:40:59.018+0000] {dag.py:4180} INFO - Setting next_dagrun for example_short_circuit_decorator to None, run_after=None
[2024-11-11T02:40:59.027+0000] {processor.py:208} INFO - Processing /home/airflow/.local/lib/python3.12/site-packages/airflow/example_dags/example_short_circuit_decorator.py took 0.040 seconds
[2024-11-11T02:41:29.899+0000] {processor.py:186} INFO - Started process (PID=2145) to work on /home/airflow/.local/lib/python3.12/site-packages/airflow/example_dags/example_short_circuit_decorator.py
[2024-11-11T02:41:29.899+0000] {processor.py:914} INFO - Processing file /home/airflow/.local/lib/python3.12/site-packages/airflow/example_dags/example_short_circuit_decorator.py for tasks to queue
[2024-11-11T02:41:29.901+0000] {logging_mixin.py:190} INFO - [2024-11-11T02:41:29.901+0000] {dagbag.py:588} INFO - Filling up the DagBag from /home/airflow/.local/lib/python3.12/site-packages/airflow/example_dags/example_short_circuit_decorator.py
[2024-11-11T02:41:29.908+0000] {processor.py:925} INFO - DAG(s) 'example_short_circuit_decorator' retrieved from /home/airflow/.local/lib/python3.12/site-packages/airflow/example_dags/example_short_circuit_decorator.py
[2024-11-11T02:41:29.921+0000] {logging_mixin.py:190} INFO - [2024-11-11T02:41:29.921+0000] {dag.py:3239} INFO - Sync 1 DAGs
[2024-11-11T02:41:29.929+0000] {logging_mixin.py:190} INFO - [2024-11-11T02:41:29.929+0000] {dag.py:4180} INFO - Setting next_dagrun for example_short_circuit_decorator to None, run_after=None
[2024-11-11T02:41:29.941+0000] {processor.py:208} INFO - Processing /home/airflow/.local/lib/python3.12/site-packages/airflow/example_dags/example_short_circuit_decorator.py took 0.046 seconds
[2024-11-11T02:42:00.541+0000] {processor.py:186} INFO - Started process (PID=2208) to work on /home/airflow/.local/lib/python3.12/site-packages/airflow/example_dags/example_short_circuit_decorator.py
[2024-11-11T02:42:00.542+0000] {processor.py:914} INFO - Processing file /home/airflow/.local/lib/python3.12/site-packages/airflow/example_dags/example_short_circuit_decorator.py for tasks to queue
[2024-11-11T02:42:00.543+0000] {logging_mixin.py:190} INFO - [2024-11-11T02:42:00.543+0000] {dagbag.py:588} INFO - Filling up the DagBag from /home/airflow/.local/lib/python3.12/site-packages/airflow/example_dags/example_short_circuit_decorator.py
[2024-11-11T02:42:00.549+0000] {processor.py:925} INFO - DAG(s) 'example_short_circuit_decorator' retrieved from /home/airflow/.local/lib/python3.12/site-packages/airflow/example_dags/example_short_circuit_decorator.py
[2024-11-11T02:42:00.560+0000] {logging_mixin.py:190} INFO - [2024-11-11T02:42:00.560+0000] {dag.py:3239} INFO - Sync 1 DAGs
[2024-11-11T02:42:00.567+0000] {logging_mixin.py:190} INFO - [2024-11-11T02:42:00.567+0000] {dag.py:4180} INFO - Setting next_dagrun for example_short_circuit_decorator to None, run_after=None
[2024-11-11T02:42:00.576+0000] {processor.py:208} INFO - Processing /home/airflow/.local/lib/python3.12/site-packages/airflow/example_dags/example_short_circuit_decorator.py took 0.038 seconds
[2024-11-11T02:42:31.278+0000] {processor.py:186} INFO - Started process (PID=2271) to work on /home/airflow/.local/lib/python3.12/site-packages/airflow/example_dags/example_short_circuit_decorator.py
[2024-11-11T02:42:31.279+0000] {processor.py:914} INFO - Processing file /home/airflow/.local/lib/python3.12/site-packages/airflow/example_dags/example_short_circuit_decorator.py for tasks to queue
[2024-11-11T02:42:31.280+0000] {logging_mixin.py:190} INFO - [2024-11-11T02:42:31.280+0000] {dagbag.py:588} INFO - Filling up the DagBag from /home/airflow/.local/lib/python3.12/site-packages/airflow/example_dags/example_short_circuit_decorator.py
[2024-11-11T02:42:31.286+0000] {processor.py:925} INFO - DAG(s) 'example_short_circuit_decorator' retrieved from /home/airflow/.local/lib/python3.12/site-packages/airflow/example_dags/example_short_circuit_decorator.py
[2024-11-11T02:42:31.297+0000] {logging_mixin.py:190} INFO - [2024-11-11T02:42:31.297+0000] {dag.py:3239} INFO - Sync 1 DAGs
[2024-11-11T02:42:31.304+0000] {logging_mixin.py:190} INFO - [2024-11-11T02:42:31.304+0000] {dag.py:4180} INFO - Setting next_dagrun for example_short_circuit_decorator to None, run_after=None
[2024-11-11T02:42:31.312+0000] {processor.py:208} INFO - Processing /home/airflow/.local/lib/python3.12/site-packages/airflow/example_dags/example_short_circuit_decorator.py took 0.037 seconds
[2024-11-11T02:43:01.991+0000] {processor.py:186} INFO - Started process (PID=2334) to work on /home/airflow/.local/lib/python3.12/site-packages/airflow/example_dags/example_short_circuit_decorator.py
[2024-11-11T02:43:01.991+0000] {processor.py:914} INFO - Processing file /home/airflow/.local/lib/python3.12/site-packages/airflow/example_dags/example_short_circuit_decorator.py for tasks to queue
[2024-11-11T02:43:01.993+0000] {logging_mixin.py:190} INFO - [2024-11-11T02:43:01.993+0000] {dagbag.py:588} INFO - Filling up the DagBag from /home/airflow/.local/lib/python3.12/site-packages/airflow/example_dags/example_short_circuit_decorator.py
[2024-11-11T02:43:01.998+0000] {processor.py:925} INFO - DAG(s) 'example_short_circuit_decorator' retrieved from /home/airflow/.local/lib/python3.12/site-packages/airflow/example_dags/example_short_circuit_decorator.py
[2024-11-11T02:43:02.011+0000] {logging_mixin.py:190} INFO - [2024-11-11T02:43:02.010+0000] {dag.py:3239} INFO - Sync 1 DAGs
[2024-11-11T02:43:02.018+0000] {logging_mixin.py:190} INFO - [2024-11-11T02:43:02.017+0000] {dag.py:4180} INFO - Setting next_dagrun for example_short_circuit_decorator to None, run_after=None
[2024-11-11T02:43:02.026+0000] {processor.py:208} INFO - Processing /home/airflow/.local/lib/python3.12/site-packages/airflow/example_dags/example_short_circuit_decorator.py took 0.038 seconds
[2024-11-11T02:43:32.656+0000] {processor.py:186} INFO - Started process (PID=2397) to work on /home/airflow/.local/lib/python3.12/site-packages/airflow/example_dags/example_short_circuit_decorator.py
[2024-11-11T02:43:32.656+0000] {processor.py:914} INFO - Processing file /home/airflow/.local/lib/python3.12/site-packages/airflow/example_dags/example_short_circuit_decorator.py for tasks to queue
[2024-11-11T02:43:32.658+0000] {logging_mixin.py:190} INFO - [2024-11-11T02:43:32.658+0000] {dagbag.py:588} INFO - Filling up the DagBag from /home/airflow/.local/lib/python3.12/site-packages/airflow/example_dags/example_short_circuit_decorator.py
[2024-11-11T02:43:32.666+0000] {processor.py:925} INFO - DAG(s) 'example_short_circuit_decorator' retrieved from /home/airflow/.local/lib/python3.12/site-packages/airflow/example_dags/example_short_circuit_decorator.py
[2024-11-11T02:43:32.681+0000] {logging_mixin.py:190} INFO - [2024-11-11T02:43:32.681+0000] {dag.py:3239} INFO - Sync 1 DAGs
[2024-11-11T02:43:32.691+0000] {logging_mixin.py:190} INFO - [2024-11-11T02:43:32.691+0000] {dag.py:4180} INFO - Setting next_dagrun for example_short_circuit_decorator to None, run_after=None
[2024-11-11T02:43:32.704+0000] {processor.py:208} INFO - Processing /home/airflow/.local/lib/python3.12/site-packages/airflow/example_dags/example_short_circuit_decorator.py took 0.054 seconds
[2024-11-11T02:44:03.579+0000] {processor.py:186} INFO - Started process (PID=2460) to work on /home/airflow/.local/lib/python3.12/site-packages/airflow/example_dags/example_short_circuit_decorator.py
[2024-11-11T02:44:03.580+0000] {processor.py:914} INFO - Processing file /home/airflow/.local/lib/python3.12/site-packages/airflow/example_dags/example_short_circuit_decorator.py for tasks to queue
[2024-11-11T02:44:03.581+0000] {logging_mixin.py:190} INFO - [2024-11-11T02:44:03.581+0000] {dagbag.py:588} INFO - Filling up the DagBag from /home/airflow/.local/lib/python3.12/site-packages/airflow/example_dags/example_short_circuit_decorator.py
[2024-11-11T02:44:03.587+0000] {processor.py:925} INFO - DAG(s) 'example_short_circuit_decorator' retrieved from /home/airflow/.local/lib/python3.12/site-packages/airflow/example_dags/example_short_circuit_decorator.py
[2024-11-11T02:44:03.599+0000] {logging_mixin.py:190} INFO - [2024-11-11T02:44:03.599+0000] {dag.py:3239} INFO - Sync 1 DAGs
[2024-11-11T02:44:03.605+0000] {logging_mixin.py:190} INFO - [2024-11-11T02:44:03.605+0000] {dag.py:4180} INFO - Setting next_dagrun for example_short_circuit_decorator to None, run_after=None
[2024-11-11T02:44:03.614+0000] {processor.py:208} INFO - Processing /home/airflow/.local/lib/python3.12/site-packages/airflow/example_dags/example_short_circuit_decorator.py took 0.039 seconds
[2024-11-11T02:44:34.169+0000] {processor.py:186} INFO - Started process (PID=2523) to work on /home/airflow/.local/lib/python3.12/site-packages/airflow/example_dags/example_short_circuit_decorator.py
[2024-11-11T02:44:34.170+0000] {processor.py:914} INFO - Processing file /home/airflow/.local/lib/python3.12/site-packages/airflow/example_dags/example_short_circuit_decorator.py for tasks to queue
[2024-11-11T02:44:34.172+0000] {logging_mixin.py:190} INFO - [2024-11-11T02:44:34.172+0000] {dagbag.py:588} INFO - Filling up the DagBag from /home/airflow/.local/lib/python3.12/site-packages/airflow/example_dags/example_short_circuit_decorator.py
[2024-11-11T02:44:34.177+0000] {processor.py:925} INFO - DAG(s) 'example_short_circuit_decorator' retrieved from /home/airflow/.local/lib/python3.12/site-packages/airflow/example_dags/example_short_circuit_decorator.py
[2024-11-11T02:44:34.189+0000] {logging_mixin.py:190} INFO - [2024-11-11T02:44:34.189+0000] {dag.py:3239} INFO - Sync 1 DAGs
[2024-11-11T02:44:34.196+0000] {logging_mixin.py:190} INFO - [2024-11-11T02:44:34.196+0000] {dag.py:4180} INFO - Setting next_dagrun for example_short_circuit_decorator to None, run_after=None
[2024-11-11T02:44:34.204+0000] {processor.py:208} INFO - Processing /home/airflow/.local/lib/python3.12/site-packages/airflow/example_dags/example_short_circuit_decorator.py took 0.038 seconds
[2024-11-11T02:45:04.820+0000] {processor.py:186} INFO - Started process (PID=2586) to work on /home/airflow/.local/lib/python3.12/site-packages/airflow/example_dags/example_short_circuit_decorator.py
[2024-11-11T02:45:04.821+0000] {processor.py:914} INFO - Processing file /home/airflow/.local/lib/python3.12/site-packages/airflow/example_dags/example_short_circuit_decorator.py for tasks to queue
[2024-11-11T02:45:04.822+0000] {logging_mixin.py:190} INFO - [2024-11-11T02:45:04.822+0000] {dagbag.py:588} INFO - Filling up the DagBag from /home/airflow/.local/lib/python3.12/site-packages/airflow/example_dags/example_short_circuit_decorator.py
[2024-11-11T02:45:04.828+0000] {processor.py:925} INFO - DAG(s) 'example_short_circuit_decorator' retrieved from /home/airflow/.local/lib/python3.12/site-packages/airflow/example_dags/example_short_circuit_decorator.py
[2024-11-11T02:45:04.839+0000] {logging_mixin.py:190} INFO - [2024-11-11T02:45:04.839+0000] {dag.py:3239} INFO - Sync 1 DAGs
[2024-11-11T02:45:04.846+0000] {logging_mixin.py:190} INFO - [2024-11-11T02:45:04.846+0000] {dag.py:4180} INFO - Setting next_dagrun for example_short_circuit_decorator to None, run_after=None
[2024-11-11T02:45:04.854+0000] {processor.py:208} INFO - Processing /home/airflow/.local/lib/python3.12/site-packages/airflow/example_dags/example_short_circuit_decorator.py took 0.038 seconds
[2024-11-11T02:45:35.490+0000] {processor.py:186} INFO - Started process (PID=2649) to work on /home/airflow/.local/lib/python3.12/site-packages/airflow/example_dags/example_short_circuit_decorator.py
[2024-11-11T02:45:35.491+0000] {processor.py:914} INFO - Processing file /home/airflow/.local/lib/python3.12/site-packages/airflow/example_dags/example_short_circuit_decorator.py for tasks to queue
[2024-11-11T02:45:35.492+0000] {logging_mixin.py:190} INFO - [2024-11-11T02:45:35.492+0000] {dagbag.py:588} INFO - Filling up the DagBag from /home/airflow/.local/lib/python3.12/site-packages/airflow/example_dags/example_short_circuit_decorator.py
[2024-11-11T02:45:35.498+0000] {processor.py:925} INFO - DAG(s) 'example_short_circuit_decorator' retrieved from /home/airflow/.local/lib/python3.12/site-packages/airflow/example_dags/example_short_circuit_decorator.py
[2024-11-11T02:45:35.510+0000] {logging_mixin.py:190} INFO - [2024-11-11T02:45:35.509+0000] {dag.py:3239} INFO - Sync 1 DAGs
[2024-11-11T02:45:35.516+0000] {logging_mixin.py:190} INFO - [2024-11-11T02:45:35.516+0000] {dag.py:4180} INFO - Setting next_dagrun for example_short_circuit_decorator to None, run_after=None
[2024-11-11T02:45:35.525+0000] {processor.py:208} INFO - Processing /home/airflow/.local/lib/python3.12/site-packages/airflow/example_dags/example_short_circuit_decorator.py took 0.038 seconds
[2024-11-11T02:46:06.131+0000] {processor.py:186} INFO - Started process (PID=2711) to work on /home/airflow/.local/lib/python3.12/site-packages/airflow/example_dags/example_short_circuit_decorator.py
[2024-11-11T02:46:06.133+0000] {processor.py:914} INFO - Processing file /home/airflow/.local/lib/python3.12/site-packages/airflow/example_dags/example_short_circuit_decorator.py for tasks to queue
[2024-11-11T02:46:06.135+0000] {logging_mixin.py:190} INFO - [2024-11-11T02:46:06.135+0000] {dagbag.py:588} INFO - Filling up the DagBag from /home/airflow/.local/lib/python3.12/site-packages/airflow/example_dags/example_short_circuit_decorator.py
[2024-11-11T02:46:06.142+0000] {processor.py:925} INFO - DAG(s) 'example_short_circuit_decorator' retrieved from /home/airflow/.local/lib/python3.12/site-packages/airflow/example_dags/example_short_circuit_decorator.py
[2024-11-11T02:46:06.155+0000] {logging_mixin.py:190} INFO - [2024-11-11T02:46:06.155+0000] {dag.py:3239} INFO - Sync 1 DAGs
[2024-11-11T02:46:06.167+0000] {logging_mixin.py:190} INFO - [2024-11-11T02:46:06.167+0000] {dag.py:4180} INFO - Setting next_dagrun for example_short_circuit_decorator to None, run_after=None
[2024-11-11T02:46:06.177+0000] {processor.py:208} INFO - Processing /home/airflow/.local/lib/python3.12/site-packages/airflow/example_dags/example_short_circuit_decorator.py took 0.050 seconds
[2024-11-11T02:46:36.796+0000] {processor.py:186} INFO - Started process (PID=2774) to work on /home/airflow/.local/lib/python3.12/site-packages/airflow/example_dags/example_short_circuit_decorator.py
[2024-11-11T02:46:36.796+0000] {processor.py:914} INFO - Processing file /home/airflow/.local/lib/python3.12/site-packages/airflow/example_dags/example_short_circuit_decorator.py for tasks to queue
[2024-11-11T02:46:36.798+0000] {logging_mixin.py:190} INFO - [2024-11-11T02:46:36.798+0000] {dagbag.py:588} INFO - Filling up the DagBag from /home/airflow/.local/lib/python3.12/site-packages/airflow/example_dags/example_short_circuit_decorator.py
[2024-11-11T02:46:36.804+0000] {processor.py:925} INFO - DAG(s) 'example_short_circuit_decorator' retrieved from /home/airflow/.local/lib/python3.12/site-packages/airflow/example_dags/example_short_circuit_decorator.py
[2024-11-11T02:46:36.815+0000] {logging_mixin.py:190} INFO - [2024-11-11T02:46:36.815+0000] {dag.py:3239} INFO - Sync 1 DAGs
[2024-11-11T02:46:36.823+0000] {logging_mixin.py:190} INFO - [2024-11-11T02:46:36.823+0000] {dag.py:4180} INFO - Setting next_dagrun for example_short_circuit_decorator to None, run_after=None
[2024-11-11T02:46:36.832+0000] {processor.py:208} INFO - Processing /home/airflow/.local/lib/python3.12/site-packages/airflow/example_dags/example_short_circuit_decorator.py took 0.039 seconds
[2024-11-11T02:47:07.455+0000] {processor.py:186} INFO - Started process (PID=2837) to work on /home/airflow/.local/lib/python3.12/site-packages/airflow/example_dags/example_short_circuit_decorator.py
[2024-11-11T02:47:07.455+0000] {processor.py:914} INFO - Processing file /home/airflow/.local/lib/python3.12/site-packages/airflow/example_dags/example_short_circuit_decorator.py for tasks to queue
[2024-11-11T02:47:07.457+0000] {logging_mixin.py:190} INFO - [2024-11-11T02:47:07.457+0000] {dagbag.py:588} INFO - Filling up the DagBag from /home/airflow/.local/lib/python3.12/site-packages/airflow/example_dags/example_short_circuit_decorator.py
[2024-11-11T02:47:07.462+0000] {processor.py:925} INFO - DAG(s) 'example_short_circuit_decorator' retrieved from /home/airflow/.local/lib/python3.12/site-packages/airflow/example_dags/example_short_circuit_decorator.py
[2024-11-11T02:47:07.474+0000] {logging_mixin.py:190} INFO - [2024-11-11T02:47:07.474+0000] {dag.py:3239} INFO - Sync 1 DAGs
[2024-11-11T02:47:07.481+0000] {logging_mixin.py:190} INFO - [2024-11-11T02:47:07.481+0000] {dag.py:4180} INFO - Setting next_dagrun for example_short_circuit_decorator to None, run_after=None
[2024-11-11T02:47:07.490+0000] {processor.py:208} INFO - Processing /home/airflow/.local/lib/python3.12/site-packages/airflow/example_dags/example_short_circuit_decorator.py took 0.039 seconds
[2024-11-11T02:47:38.044+0000] {processor.py:186} INFO - Started process (PID=2900) to work on /home/airflow/.local/lib/python3.12/site-packages/airflow/example_dags/example_short_circuit_decorator.py
[2024-11-11T02:47:38.045+0000] {processor.py:914} INFO - Processing file /home/airflow/.local/lib/python3.12/site-packages/airflow/example_dags/example_short_circuit_decorator.py for tasks to queue
[2024-11-11T02:47:38.046+0000] {logging_mixin.py:190} INFO - [2024-11-11T02:47:38.046+0000] {dagbag.py:588} INFO - Filling up the DagBag from /home/airflow/.local/lib/python3.12/site-packages/airflow/example_dags/example_short_circuit_decorator.py
[2024-11-11T02:47:38.052+0000] {processor.py:925} INFO - DAG(s) 'example_short_circuit_decorator' retrieved from /home/airflow/.local/lib/python3.12/site-packages/airflow/example_dags/example_short_circuit_decorator.py
[2024-11-11T02:47:38.064+0000] {logging_mixin.py:190} INFO - [2024-11-11T02:47:38.064+0000] {dag.py:3239} INFO - Sync 1 DAGs
[2024-11-11T02:47:38.071+0000] {logging_mixin.py:190} INFO - [2024-11-11T02:47:38.071+0000] {dag.py:4180} INFO - Setting next_dagrun for example_short_circuit_decorator to None, run_after=None
[2024-11-11T02:47:38.079+0000] {processor.py:208} INFO - Processing /home/airflow/.local/lib/python3.12/site-packages/airflow/example_dags/example_short_circuit_decorator.py took 0.039 seconds
[2024-11-11T02:48:08.667+0000] {processor.py:186} INFO - Started process (PID=2963) to work on /home/airflow/.local/lib/python3.12/site-packages/airflow/example_dags/example_short_circuit_decorator.py
[2024-11-11T02:48:08.668+0000] {processor.py:914} INFO - Processing file /home/airflow/.local/lib/python3.12/site-packages/airflow/example_dags/example_short_circuit_decorator.py for tasks to queue
[2024-11-11T02:48:08.669+0000] {logging_mixin.py:190} INFO - [2024-11-11T02:48:08.669+0000] {dagbag.py:588} INFO - Filling up the DagBag from /home/airflow/.local/lib/python3.12/site-packages/airflow/example_dags/example_short_circuit_decorator.py
[2024-11-11T02:48:08.675+0000] {processor.py:925} INFO - DAG(s) 'example_short_circuit_decorator' retrieved from /home/airflow/.local/lib/python3.12/site-packages/airflow/example_dags/example_short_circuit_decorator.py
[2024-11-11T02:48:08.687+0000] {logging_mixin.py:190} INFO - [2024-11-11T02:48:08.687+0000] {dag.py:3239} INFO - Sync 1 DAGs
[2024-11-11T02:48:08.694+0000] {logging_mixin.py:190} INFO - [2024-11-11T02:48:08.693+0000] {dag.py:4180} INFO - Setting next_dagrun for example_short_circuit_decorator to None, run_after=None
[2024-11-11T02:48:08.702+0000] {processor.py:208} INFO - Processing /home/airflow/.local/lib/python3.12/site-packages/airflow/example_dags/example_short_circuit_decorator.py took 0.039 seconds
[2024-11-11T02:48:39.255+0000] {processor.py:186} INFO - Started process (PID=3026) to work on /home/airflow/.local/lib/python3.12/site-packages/airflow/example_dags/example_short_circuit_decorator.py
[2024-11-11T02:48:39.256+0000] {processor.py:914} INFO - Processing file /home/airflow/.local/lib/python3.12/site-packages/airflow/example_dags/example_short_circuit_decorator.py for tasks to queue
[2024-11-11T02:48:39.257+0000] {logging_mixin.py:190} INFO - [2024-11-11T02:48:39.257+0000] {dagbag.py:588} INFO - Filling up the DagBag from /home/airflow/.local/lib/python3.12/site-packages/airflow/example_dags/example_short_circuit_decorator.py
[2024-11-11T02:48:39.263+0000] {processor.py:925} INFO - DAG(s) 'example_short_circuit_decorator' retrieved from /home/airflow/.local/lib/python3.12/site-packages/airflow/example_dags/example_short_circuit_decorator.py
[2024-11-11T02:48:39.275+0000] {logging_mixin.py:190} INFO - [2024-11-11T02:48:39.274+0000] {dag.py:3239} INFO - Sync 1 DAGs
[2024-11-11T02:48:39.282+0000] {logging_mixin.py:190} INFO - [2024-11-11T02:48:39.282+0000] {dag.py:4180} INFO - Setting next_dagrun for example_short_circuit_decorator to None, run_after=None
[2024-11-11T02:48:39.290+0000] {processor.py:208} INFO - Processing /home/airflow/.local/lib/python3.12/site-packages/airflow/example_dags/example_short_circuit_decorator.py took 0.039 seconds
[2024-11-11T02:49:09.818+0000] {processor.py:186} INFO - Started process (PID=3089) to work on /home/airflow/.local/lib/python3.12/site-packages/airflow/example_dags/example_short_circuit_decorator.py
[2024-11-11T02:49:09.819+0000] {processor.py:914} INFO - Processing file /home/airflow/.local/lib/python3.12/site-packages/airflow/example_dags/example_short_circuit_decorator.py for tasks to queue
[2024-11-11T02:49:09.821+0000] {logging_mixin.py:190} INFO - [2024-11-11T02:49:09.821+0000] {dagbag.py:588} INFO - Filling up the DagBag from /home/airflow/.local/lib/python3.12/site-packages/airflow/example_dags/example_short_circuit_decorator.py
[2024-11-11T02:49:09.826+0000] {processor.py:925} INFO - DAG(s) 'example_short_circuit_decorator' retrieved from /home/airflow/.local/lib/python3.12/site-packages/airflow/example_dags/example_short_circuit_decorator.py
[2024-11-11T02:49:09.838+0000] {logging_mixin.py:190} INFO - [2024-11-11T02:49:09.838+0000] {dag.py:3239} INFO - Sync 1 DAGs
[2024-11-11T02:49:09.845+0000] {logging_mixin.py:190} INFO - [2024-11-11T02:49:09.845+0000] {dag.py:4180} INFO - Setting next_dagrun for example_short_circuit_decorator to None, run_after=None
[2024-11-11T02:49:09.853+0000] {processor.py:208} INFO - Processing /home/airflow/.local/lib/python3.12/site-packages/airflow/example_dags/example_short_circuit_decorator.py took 0.038 seconds
[2024-11-11T02:49:40.657+0000] {processor.py:186} INFO - Started process (PID=3152) to work on /home/airflow/.local/lib/python3.12/site-packages/airflow/example_dags/example_short_circuit_decorator.py
[2024-11-11T02:49:40.657+0000] {processor.py:914} INFO - Processing file /home/airflow/.local/lib/python3.12/site-packages/airflow/example_dags/example_short_circuit_decorator.py for tasks to queue
[2024-11-11T02:49:40.659+0000] {logging_mixin.py:190} INFO - [2024-11-11T02:49:40.659+0000] {dagbag.py:588} INFO - Filling up the DagBag from /home/airflow/.local/lib/python3.12/site-packages/airflow/example_dags/example_short_circuit_decorator.py
[2024-11-11T02:49:40.665+0000] {processor.py:925} INFO - DAG(s) 'example_short_circuit_decorator' retrieved from /home/airflow/.local/lib/python3.12/site-packages/airflow/example_dags/example_short_circuit_decorator.py
[2024-11-11T02:49:40.677+0000] {logging_mixin.py:190} INFO - [2024-11-11T02:49:40.677+0000] {dag.py:3239} INFO - Sync 1 DAGs
[2024-11-11T02:49:40.685+0000] {logging_mixin.py:190} INFO - [2024-11-11T02:49:40.685+0000] {dag.py:4180} INFO - Setting next_dagrun for example_short_circuit_decorator to None, run_after=None
[2024-11-11T02:49:40.694+0000] {processor.py:208} INFO - Processing /home/airflow/.local/lib/python3.12/site-packages/airflow/example_dags/example_short_circuit_decorator.py took 0.040 seconds
[2024-11-11T02:50:11.457+0000] {processor.py:186} INFO - Started process (PID=3215) to work on /home/airflow/.local/lib/python3.12/site-packages/airflow/example_dags/example_short_circuit_decorator.py
[2024-11-11T02:50:11.457+0000] {processor.py:914} INFO - Processing file /home/airflow/.local/lib/python3.12/site-packages/airflow/example_dags/example_short_circuit_decorator.py for tasks to queue
[2024-11-11T02:50:11.459+0000] {logging_mixin.py:190} INFO - [2024-11-11T02:50:11.459+0000] {dagbag.py:588} INFO - Filling up the DagBag from /home/airflow/.local/lib/python3.12/site-packages/airflow/example_dags/example_short_circuit_decorator.py
[2024-11-11T02:50:11.464+0000] {processor.py:925} INFO - DAG(s) 'example_short_circuit_decorator' retrieved from /home/airflow/.local/lib/python3.12/site-packages/airflow/example_dags/example_short_circuit_decorator.py
[2024-11-11T02:50:11.476+0000] {logging_mixin.py:190} INFO - [2024-11-11T02:50:11.476+0000] {dag.py:3239} INFO - Sync 1 DAGs
[2024-11-11T02:50:11.483+0000] {logging_mixin.py:190} INFO - [2024-11-11T02:50:11.483+0000] {dag.py:4180} INFO - Setting next_dagrun for example_short_circuit_decorator to None, run_after=None
[2024-11-11T02:50:11.492+0000] {processor.py:208} INFO - Processing /home/airflow/.local/lib/python3.12/site-packages/airflow/example_dags/example_short_circuit_decorator.py took 0.039 seconds
[2024-11-11T02:50:42.120+0000] {processor.py:186} INFO - Started process (PID=3278) to work on /home/airflow/.local/lib/python3.12/site-packages/airflow/example_dags/example_short_circuit_decorator.py
[2024-11-11T02:50:42.120+0000] {processor.py:914} INFO - Processing file /home/airflow/.local/lib/python3.12/site-packages/airflow/example_dags/example_short_circuit_decorator.py for tasks to queue
[2024-11-11T02:50:42.122+0000] {logging_mixin.py:190} INFO - [2024-11-11T02:50:42.121+0000] {dagbag.py:588} INFO - Filling up the DagBag from /home/airflow/.local/lib/python3.12/site-packages/airflow/example_dags/example_short_circuit_decorator.py
[2024-11-11T02:50:42.127+0000] {processor.py:925} INFO - DAG(s) 'example_short_circuit_decorator' retrieved from /home/airflow/.local/lib/python3.12/site-packages/airflow/example_dags/example_short_circuit_decorator.py
[2024-11-11T02:50:42.138+0000] {logging_mixin.py:190} INFO - [2024-11-11T02:50:42.138+0000] {dag.py:3239} INFO - Sync 1 DAGs
[2024-11-11T02:50:42.145+0000] {logging_mixin.py:190} INFO - [2024-11-11T02:50:42.145+0000] {dag.py:4180} INFO - Setting next_dagrun for example_short_circuit_decorator to None, run_after=None
[2024-11-11T02:50:42.153+0000] {processor.py:208} INFO - Processing /home/airflow/.local/lib/python3.12/site-packages/airflow/example_dags/example_short_circuit_decorator.py took 0.037 seconds
[2024-11-11T02:51:12.826+0000] {processor.py:186} INFO - Started process (PID=3341) to work on /home/airflow/.local/lib/python3.12/site-packages/airflow/example_dags/example_short_circuit_decorator.py
[2024-11-11T02:51:12.827+0000] {processor.py:914} INFO - Processing file /home/airflow/.local/lib/python3.12/site-packages/airflow/example_dags/example_short_circuit_decorator.py for tasks to queue
[2024-11-11T02:51:12.829+0000] {logging_mixin.py:190} INFO - [2024-11-11T02:51:12.829+0000] {dagbag.py:588} INFO - Filling up the DagBag from /home/airflow/.local/lib/python3.12/site-packages/airflow/example_dags/example_short_circuit_decorator.py
[2024-11-11T02:51:12.835+0000] {processor.py:925} INFO - DAG(s) 'example_short_circuit_decorator' retrieved from /home/airflow/.local/lib/python3.12/site-packages/airflow/example_dags/example_short_circuit_decorator.py
[2024-11-11T02:51:12.846+0000] {logging_mixin.py:190} INFO - [2024-11-11T02:51:12.846+0000] {dag.py:3239} INFO - Sync 1 DAGs
[2024-11-11T02:51:12.853+0000] {logging_mixin.py:190} INFO - [2024-11-11T02:51:12.853+0000] {dag.py:4180} INFO - Setting next_dagrun for example_short_circuit_decorator to None, run_after=None
[2024-11-11T02:51:12.862+0000] {processor.py:208} INFO - Processing /home/airflow/.local/lib/python3.12/site-packages/airflow/example_dags/example_short_circuit_decorator.py took 0.043 seconds
[2024-11-11T02:51:44.006+0000] {processor.py:186} INFO - Started process (PID=3404) to work on /home/airflow/.local/lib/python3.12/site-packages/airflow/example_dags/example_short_circuit_decorator.py
[2024-11-11T02:51:44.007+0000] {processor.py:914} INFO - Processing file /home/airflow/.local/lib/python3.12/site-packages/airflow/example_dags/example_short_circuit_decorator.py for tasks to queue
[2024-11-11T02:51:44.009+0000] {logging_mixin.py:190} INFO - [2024-11-11T02:51:44.008+0000] {dagbag.py:588} INFO - Filling up the DagBag from /home/airflow/.local/lib/python3.12/site-packages/airflow/example_dags/example_short_circuit_decorator.py
[2024-11-11T02:51:44.015+0000] {processor.py:925} INFO - DAG(s) 'example_short_circuit_decorator' retrieved from /home/airflow/.local/lib/python3.12/site-packages/airflow/example_dags/example_short_circuit_decorator.py
[2024-11-11T02:51:44.028+0000] {logging_mixin.py:190} INFO - [2024-11-11T02:51:44.028+0000] {dag.py:3239} INFO - Sync 1 DAGs
[2024-11-11T02:51:44.036+0000] {logging_mixin.py:190} INFO - [2024-11-11T02:51:44.036+0000] {dag.py:4180} INFO - Setting next_dagrun for example_short_circuit_decorator to None, run_after=None
[2024-11-11T02:51:44.046+0000] {processor.py:208} INFO - Processing /home/airflow/.local/lib/python3.12/site-packages/airflow/example_dags/example_short_circuit_decorator.py took 0.043 seconds
[2024-11-11T02:52:15.282+0000] {processor.py:186} INFO - Started process (PID=3467) to work on /home/airflow/.local/lib/python3.12/site-packages/airflow/example_dags/example_short_circuit_decorator.py
[2024-11-11T02:52:15.282+0000] {processor.py:914} INFO - Processing file /home/airflow/.local/lib/python3.12/site-packages/airflow/example_dags/example_short_circuit_decorator.py for tasks to queue
[2024-11-11T02:52:15.284+0000] {logging_mixin.py:190} INFO - [2024-11-11T02:52:15.283+0000] {dagbag.py:588} INFO - Filling up the DagBag from /home/airflow/.local/lib/python3.12/site-packages/airflow/example_dags/example_short_circuit_decorator.py
[2024-11-11T02:52:15.289+0000] {processor.py:925} INFO - DAG(s) 'example_short_circuit_decorator' retrieved from /home/airflow/.local/lib/python3.12/site-packages/airflow/example_dags/example_short_circuit_decorator.py
[2024-11-11T02:52:15.299+0000] {logging_mixin.py:190} INFO - [2024-11-11T02:52:15.299+0000] {dag.py:3239} INFO - Sync 1 DAGs
[2024-11-11T02:52:15.306+0000] {logging_mixin.py:190} INFO - [2024-11-11T02:52:15.306+0000] {dag.py:4180} INFO - Setting next_dagrun for example_short_circuit_decorator to None, run_after=None
[2024-11-11T02:52:15.413+0000] {processor.py:208} INFO - Processing /home/airflow/.local/lib/python3.12/site-packages/airflow/example_dags/example_short_circuit_decorator.py took 0.135 seconds
[2024-11-11T02:52:45.765+0000] {processor.py:186} INFO - Started process (PID=3530) to work on /home/airflow/.local/lib/python3.12/site-packages/airflow/example_dags/example_short_circuit_decorator.py
[2024-11-11T02:52:45.766+0000] {processor.py:914} INFO - Processing file /home/airflow/.local/lib/python3.12/site-packages/airflow/example_dags/example_short_circuit_decorator.py for tasks to queue
[2024-11-11T02:52:45.767+0000] {logging_mixin.py:190} INFO - [2024-11-11T02:52:45.767+0000] {dagbag.py:588} INFO - Filling up the DagBag from /home/airflow/.local/lib/python3.12/site-packages/airflow/example_dags/example_short_circuit_decorator.py
[2024-11-11T02:52:45.773+0000] {processor.py:925} INFO - DAG(s) 'example_short_circuit_decorator' retrieved from /home/airflow/.local/lib/python3.12/site-packages/airflow/example_dags/example_short_circuit_decorator.py
[2024-11-11T02:52:45.784+0000] {logging_mixin.py:190} INFO - [2024-11-11T02:52:45.784+0000] {dag.py:3239} INFO - Sync 1 DAGs
[2024-11-11T02:52:45.791+0000] {logging_mixin.py:190} INFO - [2024-11-11T02:52:45.791+0000] {dag.py:4180} INFO - Setting next_dagrun for example_short_circuit_decorator to None, run_after=None
[2024-11-11T02:52:45.800+0000] {processor.py:208} INFO - Processing /home/airflow/.local/lib/python3.12/site-packages/airflow/example_dags/example_short_circuit_decorator.py took 0.039 seconds
[2024-11-11T02:53:16.228+0000] {processor.py:186} INFO - Started process (PID=3593) to work on /home/airflow/.local/lib/python3.12/site-packages/airflow/example_dags/example_short_circuit_decorator.py
[2024-11-11T02:53:16.228+0000] {processor.py:914} INFO - Processing file /home/airflow/.local/lib/python3.12/site-packages/airflow/example_dags/example_short_circuit_decorator.py for tasks to queue
[2024-11-11T02:53:16.230+0000] {logging_mixin.py:190} INFO - [2024-11-11T02:53:16.229+0000] {dagbag.py:588} INFO - Filling up the DagBag from /home/airflow/.local/lib/python3.12/site-packages/airflow/example_dags/example_short_circuit_decorator.py
[2024-11-11T02:53:16.235+0000] {processor.py:925} INFO - DAG(s) 'example_short_circuit_decorator' retrieved from /home/airflow/.local/lib/python3.12/site-packages/airflow/example_dags/example_short_circuit_decorator.py
[2024-11-11T02:53:16.246+0000] {logging_mixin.py:190} INFO - [2024-11-11T02:53:16.246+0000] {dag.py:3239} INFO - Sync 1 DAGs
[2024-11-11T02:53:16.253+0000] {logging_mixin.py:190} INFO - [2024-11-11T02:53:16.253+0000] {dag.py:4180} INFO - Setting next_dagrun for example_short_circuit_decorator to None, run_after=None
[2024-11-11T02:53:16.262+0000] {processor.py:208} INFO - Processing /home/airflow/.local/lib/python3.12/site-packages/airflow/example_dags/example_short_circuit_decorator.py took 0.038 seconds
[2024-11-11T02:53:47.875+0000] {processor.py:186} INFO - Started process (PID=3656) to work on /home/airflow/.local/lib/python3.12/site-packages/airflow/example_dags/example_short_circuit_decorator.py
[2024-11-11T02:53:47.876+0000] {processor.py:914} INFO - Processing file /home/airflow/.local/lib/python3.12/site-packages/airflow/example_dags/example_short_circuit_decorator.py for tasks to queue
[2024-11-11T02:53:47.877+0000] {logging_mixin.py:190} INFO - [2024-11-11T02:53:47.877+0000] {dagbag.py:588} INFO - Filling up the DagBag from /home/airflow/.local/lib/python3.12/site-packages/airflow/example_dags/example_short_circuit_decorator.py
[2024-11-11T02:53:47.993+0000] {processor.py:925} INFO - DAG(s) 'example_short_circuit_decorator' retrieved from /home/airflow/.local/lib/python3.12/site-packages/airflow/example_dags/example_short_circuit_decorator.py
[2024-11-11T02:53:48.005+0000] {logging_mixin.py:190} INFO - [2024-11-11T02:53:48.005+0000] {dag.py:3239} INFO - Sync 1 DAGs
[2024-11-11T02:53:48.010+0000] {logging_mixin.py:190} INFO - [2024-11-11T02:53:48.010+0000] {dag.py:4180} INFO - Setting next_dagrun for example_short_circuit_decorator to None, run_after=None
[2024-11-11T02:53:48.018+0000] {processor.py:208} INFO - Processing /home/airflow/.local/lib/python3.12/site-packages/airflow/example_dags/example_short_circuit_decorator.py took 0.146 seconds
[2024-11-11T02:54:18.583+0000] {processor.py:186} INFO - Started process (PID=3719) to work on /home/airflow/.local/lib/python3.12/site-packages/airflow/example_dags/example_short_circuit_decorator.py
[2024-11-11T02:54:18.584+0000] {processor.py:914} INFO - Processing file /home/airflow/.local/lib/python3.12/site-packages/airflow/example_dags/example_short_circuit_decorator.py for tasks to queue
[2024-11-11T02:54:18.586+0000] {logging_mixin.py:190} INFO - [2024-11-11T02:54:18.586+0000] {dagbag.py:588} INFO - Filling up the DagBag from /home/airflow/.local/lib/python3.12/site-packages/airflow/example_dags/example_short_circuit_decorator.py
[2024-11-11T02:54:18.595+0000] {processor.py:925} INFO - DAG(s) 'example_short_circuit_decorator' retrieved from /home/airflow/.local/lib/python3.12/site-packages/airflow/example_dags/example_short_circuit_decorator.py
[2024-11-11T02:54:18.609+0000] {logging_mixin.py:190} INFO - [2024-11-11T02:54:18.609+0000] {dag.py:3239} INFO - Sync 1 DAGs
[2024-11-11T02:54:18.617+0000] {logging_mixin.py:190} INFO - [2024-11-11T02:54:18.617+0000] {dag.py:4180} INFO - Setting next_dagrun for example_short_circuit_decorator to None, run_after=None
[2024-11-11T02:54:18.628+0000] {processor.py:208} INFO - Processing /home/airflow/.local/lib/python3.12/site-packages/airflow/example_dags/example_short_circuit_decorator.py took 0.050 seconds
[2024-11-11T02:54:49.041+0000] {processor.py:186} INFO - Started process (PID=3782) to work on /home/airflow/.local/lib/python3.12/site-packages/airflow/example_dags/example_short_circuit_decorator.py
[2024-11-11T02:54:49.042+0000] {processor.py:914} INFO - Processing file /home/airflow/.local/lib/python3.12/site-packages/airflow/example_dags/example_short_circuit_decorator.py for tasks to queue
[2024-11-11T02:54:49.043+0000] {logging_mixin.py:190} INFO - [2024-11-11T02:54:49.043+0000] {dagbag.py:588} INFO - Filling up the DagBag from /home/airflow/.local/lib/python3.12/site-packages/airflow/example_dags/example_short_circuit_decorator.py
[2024-11-11T02:54:49.049+0000] {processor.py:925} INFO - DAG(s) 'example_short_circuit_decorator' retrieved from /home/airflow/.local/lib/python3.12/site-packages/airflow/example_dags/example_short_circuit_decorator.py
[2024-11-11T02:54:49.061+0000] {logging_mixin.py:190} INFO - [2024-11-11T02:54:49.060+0000] {dag.py:3239} INFO - Sync 1 DAGs
[2024-11-11T02:54:49.068+0000] {logging_mixin.py:190} INFO - [2024-11-11T02:54:49.068+0000] {dag.py:4180} INFO - Setting next_dagrun for example_short_circuit_decorator to None, run_after=None
[2024-11-11T02:54:49.076+0000] {processor.py:208} INFO - Processing /home/airflow/.local/lib/python3.12/site-packages/airflow/example_dags/example_short_circuit_decorator.py took 0.039 seconds
[2024-11-11T02:55:19.495+0000] {processor.py:186} INFO - Started process (PID=3845) to work on /home/airflow/.local/lib/python3.12/site-packages/airflow/example_dags/example_short_circuit_decorator.py
[2024-11-11T02:55:19.496+0000] {processor.py:914} INFO - Processing file /home/airflow/.local/lib/python3.12/site-packages/airflow/example_dags/example_short_circuit_decorator.py for tasks to queue
[2024-11-11T02:55:19.497+0000] {logging_mixin.py:190} INFO - [2024-11-11T02:55:19.497+0000] {dagbag.py:588} INFO - Filling up the DagBag from /home/airflow/.local/lib/python3.12/site-packages/airflow/example_dags/example_short_circuit_decorator.py
[2024-11-11T02:55:19.503+0000] {processor.py:925} INFO - DAG(s) 'example_short_circuit_decorator' retrieved from /home/airflow/.local/lib/python3.12/site-packages/airflow/example_dags/example_short_circuit_decorator.py
[2024-11-11T02:55:19.515+0000] {logging_mixin.py:190} INFO - [2024-11-11T02:55:19.515+0000] {dag.py:3239} INFO - Sync 1 DAGs
[2024-11-11T02:55:19.522+0000] {logging_mixin.py:190} INFO - [2024-11-11T02:55:19.522+0000] {dag.py:4180} INFO - Setting next_dagrun for example_short_circuit_decorator to None, run_after=None
[2024-11-11T02:55:19.530+0000] {processor.py:208} INFO - Processing /home/airflow/.local/lib/python3.12/site-packages/airflow/example_dags/example_short_circuit_decorator.py took 0.038 seconds
[2024-11-11T02:55:49.976+0000] {processor.py:186} INFO - Started process (PID=3908) to work on /home/airflow/.local/lib/python3.12/site-packages/airflow/example_dags/example_short_circuit_decorator.py
[2024-11-11T02:55:49.977+0000] {processor.py:914} INFO - Processing file /home/airflow/.local/lib/python3.12/site-packages/airflow/example_dags/example_short_circuit_decorator.py for tasks to queue
[2024-11-11T02:55:49.978+0000] {logging_mixin.py:190} INFO - [2024-11-11T02:55:49.978+0000] {dagbag.py:588} INFO - Filling up the DagBag from /home/airflow/.local/lib/python3.12/site-packages/airflow/example_dags/example_short_circuit_decorator.py
[2024-11-11T02:55:49.984+0000] {processor.py:925} INFO - DAG(s) 'example_short_circuit_decorator' retrieved from /home/airflow/.local/lib/python3.12/site-packages/airflow/example_dags/example_short_circuit_decorator.py
[2024-11-11T02:55:49.996+0000] {logging_mixin.py:190} INFO - [2024-11-11T02:55:49.995+0000] {dag.py:3239} INFO - Sync 1 DAGs
[2024-11-11T02:55:50.002+0000] {logging_mixin.py:190} INFO - [2024-11-11T02:55:50.002+0000] {dag.py:4180} INFO - Setting next_dagrun for example_short_circuit_decorator to None, run_after=None
[2024-11-11T02:55:50.011+0000] {processor.py:208} INFO - Processing /home/airflow/.local/lib/python3.12/site-packages/airflow/example_dags/example_short_circuit_decorator.py took 0.038 seconds
[2024-11-11T02:56:20.554+0000] {processor.py:186} INFO - Started process (PID=3971) to work on /home/airflow/.local/lib/python3.12/site-packages/airflow/example_dags/example_short_circuit_decorator.py
[2024-11-11T02:56:20.554+0000] {processor.py:914} INFO - Processing file /home/airflow/.local/lib/python3.12/site-packages/airflow/example_dags/example_short_circuit_decorator.py for tasks to queue
[2024-11-11T02:56:20.556+0000] {logging_mixin.py:190} INFO - [2024-11-11T02:56:20.556+0000] {dagbag.py:588} INFO - Filling up the DagBag from /home/airflow/.local/lib/python3.12/site-packages/airflow/example_dags/example_short_circuit_decorator.py
[2024-11-11T02:56:20.561+0000] {processor.py:925} INFO - DAG(s) 'example_short_circuit_decorator' retrieved from /home/airflow/.local/lib/python3.12/site-packages/airflow/example_dags/example_short_circuit_decorator.py
[2024-11-11T02:56:20.573+0000] {logging_mixin.py:190} INFO - [2024-11-11T02:56:20.573+0000] {dag.py:3239} INFO - Sync 1 DAGs
[2024-11-11T02:56:20.580+0000] {logging_mixin.py:190} INFO - [2024-11-11T02:56:20.580+0000] {dag.py:4180} INFO - Setting next_dagrun for example_short_circuit_decorator to None, run_after=None
[2024-11-11T02:56:20.588+0000] {processor.py:208} INFO - Processing /home/airflow/.local/lib/python3.12/site-packages/airflow/example_dags/example_short_circuit_decorator.py took 0.038 seconds
[2024-11-11T02:56:51.081+0000] {processor.py:186} INFO - Started process (PID=4034) to work on /home/airflow/.local/lib/python3.12/site-packages/airflow/example_dags/example_short_circuit_decorator.py
[2024-11-11T02:56:51.082+0000] {processor.py:914} INFO - Processing file /home/airflow/.local/lib/python3.12/site-packages/airflow/example_dags/example_short_circuit_decorator.py for tasks to queue
[2024-11-11T02:56:51.083+0000] {logging_mixin.py:190} INFO - [2024-11-11T02:56:51.083+0000] {dagbag.py:588} INFO - Filling up the DagBag from /home/airflow/.local/lib/python3.12/site-packages/airflow/example_dags/example_short_circuit_decorator.py
[2024-11-11T02:56:51.089+0000] {processor.py:925} INFO - DAG(s) 'example_short_circuit_decorator' retrieved from /home/airflow/.local/lib/python3.12/site-packages/airflow/example_dags/example_short_circuit_decorator.py
[2024-11-11T02:56:51.101+0000] {logging_mixin.py:190} INFO - [2024-11-11T02:56:51.101+0000] {dag.py:3239} INFO - Sync 1 DAGs
[2024-11-11T02:56:51.109+0000] {logging_mixin.py:190} INFO - [2024-11-11T02:56:51.109+0000] {dag.py:4180} INFO - Setting next_dagrun for example_short_circuit_decorator to None, run_after=None
[2024-11-11T02:56:51.117+0000] {processor.py:208} INFO - Processing /home/airflow/.local/lib/python3.12/site-packages/airflow/example_dags/example_short_circuit_decorator.py took 0.039 seconds
[2024-11-11T02:57:21.606+0000] {processor.py:186} INFO - Started process (PID=4097) to work on /home/airflow/.local/lib/python3.12/site-packages/airflow/example_dags/example_short_circuit_decorator.py
[2024-11-11T02:57:21.607+0000] {processor.py:914} INFO - Processing file /home/airflow/.local/lib/python3.12/site-packages/airflow/example_dags/example_short_circuit_decorator.py for tasks to queue
[2024-11-11T02:57:21.608+0000] {logging_mixin.py:190} INFO - [2024-11-11T02:57:21.608+0000] {dagbag.py:588} INFO - Filling up the DagBag from /home/airflow/.local/lib/python3.12/site-packages/airflow/example_dags/example_short_circuit_decorator.py
[2024-11-11T02:57:21.614+0000] {processor.py:925} INFO - DAG(s) 'example_short_circuit_decorator' retrieved from /home/airflow/.local/lib/python3.12/site-packages/airflow/example_dags/example_short_circuit_decorator.py
[2024-11-11T02:57:21.626+0000] {logging_mixin.py:190} INFO - [2024-11-11T02:57:21.625+0000] {dag.py:3239} INFO - Sync 1 DAGs
[2024-11-11T02:57:21.632+0000] {logging_mixin.py:190} INFO - [2024-11-11T02:57:21.632+0000] {dag.py:4180} INFO - Setting next_dagrun for example_short_circuit_decorator to None, run_after=None
[2024-11-11T02:57:21.641+0000] {processor.py:208} INFO - Processing /home/airflow/.local/lib/python3.12/site-packages/airflow/example_dags/example_short_circuit_decorator.py took 0.038 seconds
[2024-11-11T02:57:52.065+0000] {processor.py:186} INFO - Started process (PID=4160) to work on /home/airflow/.local/lib/python3.12/site-packages/airflow/example_dags/example_short_circuit_decorator.py
[2024-11-11T02:57:52.066+0000] {processor.py:914} INFO - Processing file /home/airflow/.local/lib/python3.12/site-packages/airflow/example_dags/example_short_circuit_decorator.py for tasks to queue
[2024-11-11T02:57:52.067+0000] {logging_mixin.py:190} INFO - [2024-11-11T02:57:52.067+0000] {dagbag.py:588} INFO - Filling up the DagBag from /home/airflow/.local/lib/python3.12/site-packages/airflow/example_dags/example_short_circuit_decorator.py
[2024-11-11T02:57:52.073+0000] {processor.py:925} INFO - DAG(s) 'example_short_circuit_decorator' retrieved from /home/airflow/.local/lib/python3.12/site-packages/airflow/example_dags/example_short_circuit_decorator.py
[2024-11-11T02:57:52.085+0000] {logging_mixin.py:190} INFO - [2024-11-11T02:57:52.084+0000] {dag.py:3239} INFO - Sync 1 DAGs
[2024-11-11T02:57:52.091+0000] {logging_mixin.py:190} INFO - [2024-11-11T02:57:52.091+0000] {dag.py:4180} INFO - Setting next_dagrun for example_short_circuit_decorator to None, run_after=None
[2024-11-11T02:57:52.099+0000] {processor.py:208} INFO - Processing /home/airflow/.local/lib/python3.12/site-packages/airflow/example_dags/example_short_circuit_decorator.py took 0.038 seconds
[2024-11-11T02:58:22.501+0000] {processor.py:186} INFO - Started process (PID=4223) to work on /home/airflow/.local/lib/python3.12/site-packages/airflow/example_dags/example_short_circuit_decorator.py
[2024-11-11T02:58:22.501+0000] {processor.py:914} INFO - Processing file /home/airflow/.local/lib/python3.12/site-packages/airflow/example_dags/example_short_circuit_decorator.py for tasks to queue
[2024-11-11T02:58:22.503+0000] {logging_mixin.py:190} INFO - [2024-11-11T02:58:22.503+0000] {dagbag.py:588} INFO - Filling up the DagBag from /home/airflow/.local/lib/python3.12/site-packages/airflow/example_dags/example_short_circuit_decorator.py
[2024-11-11T02:58:22.509+0000] {processor.py:925} INFO - DAG(s) 'example_short_circuit_decorator' retrieved from /home/airflow/.local/lib/python3.12/site-packages/airflow/example_dags/example_short_circuit_decorator.py
[2024-11-11T02:58:22.521+0000] {logging_mixin.py:190} INFO - [2024-11-11T02:58:22.521+0000] {dag.py:3239} INFO - Sync 1 DAGs
[2024-11-11T02:58:22.528+0000] {logging_mixin.py:190} INFO - [2024-11-11T02:58:22.528+0000] {dag.py:4180} INFO - Setting next_dagrun for example_short_circuit_decorator to None, run_after=None
[2024-11-11T02:58:22.537+0000] {processor.py:208} INFO - Processing /home/airflow/.local/lib/python3.12/site-packages/airflow/example_dags/example_short_circuit_decorator.py took 0.040 seconds
[2024-11-11T02:58:52.978+0000] {processor.py:186} INFO - Started process (PID=4286) to work on /home/airflow/.local/lib/python3.12/site-packages/airflow/example_dags/example_short_circuit_decorator.py
[2024-11-11T02:58:52.979+0000] {processor.py:914} INFO - Processing file /home/airflow/.local/lib/python3.12/site-packages/airflow/example_dags/example_short_circuit_decorator.py for tasks to queue
[2024-11-11T02:58:52.980+0000] {logging_mixin.py:190} INFO - [2024-11-11T02:58:52.980+0000] {dagbag.py:588} INFO - Filling up the DagBag from /home/airflow/.local/lib/python3.12/site-packages/airflow/example_dags/example_short_circuit_decorator.py
[2024-11-11T02:58:52.986+0000] {processor.py:925} INFO - DAG(s) 'example_short_circuit_decorator' retrieved from /home/airflow/.local/lib/python3.12/site-packages/airflow/example_dags/example_short_circuit_decorator.py
[2024-11-11T02:58:52.997+0000] {logging_mixin.py:190} INFO - [2024-11-11T02:58:52.997+0000] {dag.py:3239} INFO - Sync 1 DAGs
[2024-11-11T02:58:53.004+0000] {logging_mixin.py:190} INFO - [2024-11-11T02:58:53.004+0000] {dag.py:4180} INFO - Setting next_dagrun for example_short_circuit_decorator to None, run_after=None
[2024-11-11T02:58:53.012+0000] {processor.py:208} INFO - Processing /home/airflow/.local/lib/python3.12/site-packages/airflow/example_dags/example_short_circuit_decorator.py took 0.037 seconds
[2024-11-11T02:59:23.475+0000] {processor.py:186} INFO - Started process (PID=4349) to work on /home/airflow/.local/lib/python3.12/site-packages/airflow/example_dags/example_short_circuit_decorator.py
[2024-11-11T02:59:23.476+0000] {processor.py:914} INFO - Processing file /home/airflow/.local/lib/python3.12/site-packages/airflow/example_dags/example_short_circuit_decorator.py for tasks to queue
[2024-11-11T02:59:23.478+0000] {logging_mixin.py:190} INFO - [2024-11-11T02:59:23.478+0000] {dagbag.py:588} INFO - Filling up the DagBag from /home/airflow/.local/lib/python3.12/site-packages/airflow/example_dags/example_short_circuit_decorator.py
[2024-11-11T02:59:23.484+0000] {processor.py:925} INFO - DAG(s) 'example_short_circuit_decorator' retrieved from /home/airflow/.local/lib/python3.12/site-packages/airflow/example_dags/example_short_circuit_decorator.py
[2024-11-11T02:59:23.496+0000] {logging_mixin.py:190} INFO - [2024-11-11T02:59:23.496+0000] {dag.py:3239} INFO - Sync 1 DAGs
[2024-11-11T02:59:23.503+0000] {logging_mixin.py:190} INFO - [2024-11-11T02:59:23.503+0000] {dag.py:4180} INFO - Setting next_dagrun for example_short_circuit_decorator to None, run_after=None
[2024-11-11T02:59:23.512+0000] {processor.py:208} INFO - Processing /home/airflow/.local/lib/python3.12/site-packages/airflow/example_dags/example_short_circuit_decorator.py took 0.040 seconds
[2024-11-11T02:59:53.952+0000] {processor.py:186} INFO - Started process (PID=4412) to work on /home/airflow/.local/lib/python3.12/site-packages/airflow/example_dags/example_short_circuit_decorator.py
[2024-11-11T02:59:53.953+0000] {processor.py:914} INFO - Processing file /home/airflow/.local/lib/python3.12/site-packages/airflow/example_dags/example_short_circuit_decorator.py for tasks to queue
[2024-11-11T02:59:53.954+0000] {logging_mixin.py:190} INFO - [2024-11-11T02:59:53.954+0000] {dagbag.py:588} INFO - Filling up the DagBag from /home/airflow/.local/lib/python3.12/site-packages/airflow/example_dags/example_short_circuit_decorator.py
[2024-11-11T02:59:53.960+0000] {processor.py:925} INFO - DAG(s) 'example_short_circuit_decorator' retrieved from /home/airflow/.local/lib/python3.12/site-packages/airflow/example_dags/example_short_circuit_decorator.py
[2024-11-11T02:59:53.972+0000] {logging_mixin.py:190} INFO - [2024-11-11T02:59:53.972+0000] {dag.py:3239} INFO - Sync 1 DAGs
[2024-11-11T02:59:53.979+0000] {logging_mixin.py:190} INFO - [2024-11-11T02:59:53.978+0000] {dag.py:4180} INFO - Setting next_dagrun for example_short_circuit_decorator to None, run_after=None
[2024-11-11T02:59:53.987+0000] {processor.py:208} INFO - Processing /home/airflow/.local/lib/python3.12/site-packages/airflow/example_dags/example_short_circuit_decorator.py took 0.038 seconds
[2024-11-11T03:00:24.466+0000] {processor.py:186} INFO - Started process (PID=4475) to work on /home/airflow/.local/lib/python3.12/site-packages/airflow/example_dags/example_short_circuit_decorator.py
[2024-11-11T03:00:24.467+0000] {processor.py:914} INFO - Processing file /home/airflow/.local/lib/python3.12/site-packages/airflow/example_dags/example_short_circuit_decorator.py for tasks to queue
[2024-11-11T03:00:24.468+0000] {logging_mixin.py:190} INFO - [2024-11-11T03:00:24.468+0000] {dagbag.py:588} INFO - Filling up the DagBag from /home/airflow/.local/lib/python3.12/site-packages/airflow/example_dags/example_short_circuit_decorator.py
[2024-11-11T03:00:24.474+0000] {processor.py:925} INFO - DAG(s) 'example_short_circuit_decorator' retrieved from /home/airflow/.local/lib/python3.12/site-packages/airflow/example_dags/example_short_circuit_decorator.py
[2024-11-11T03:00:24.486+0000] {logging_mixin.py:190} INFO - [2024-11-11T03:00:24.486+0000] {dag.py:3239} INFO - Sync 1 DAGs
[2024-11-11T03:00:24.492+0000] {logging_mixin.py:190} INFO - [2024-11-11T03:00:24.492+0000] {dag.py:4180} INFO - Setting next_dagrun for example_short_circuit_decorator to None, run_after=None
[2024-11-11T03:00:24.500+0000] {processor.py:208} INFO - Processing /home/airflow/.local/lib/python3.12/site-packages/airflow/example_dags/example_short_circuit_decorator.py took 0.038 seconds
[2024-11-11T03:00:54.945+0000] {processor.py:186} INFO - Started process (PID=4538) to work on /home/airflow/.local/lib/python3.12/site-packages/airflow/example_dags/example_short_circuit_decorator.py
[2024-11-11T03:00:54.945+0000] {processor.py:914} INFO - Processing file /home/airflow/.local/lib/python3.12/site-packages/airflow/example_dags/example_short_circuit_decorator.py for tasks to queue
[2024-11-11T03:00:54.947+0000] {logging_mixin.py:190} INFO - [2024-11-11T03:00:54.947+0000] {dagbag.py:588} INFO - Filling up the DagBag from /home/airflow/.local/lib/python3.12/site-packages/airflow/example_dags/example_short_circuit_decorator.py
[2024-11-11T03:00:54.952+0000] {processor.py:925} INFO - DAG(s) 'example_short_circuit_decorator' retrieved from /home/airflow/.local/lib/python3.12/site-packages/airflow/example_dags/example_short_circuit_decorator.py
[2024-11-11T03:00:54.964+0000] {logging_mixin.py:190} INFO - [2024-11-11T03:00:54.964+0000] {dag.py:3239} INFO - Sync 1 DAGs
[2024-11-11T03:00:54.971+0000] {logging_mixin.py:190} INFO - [2024-11-11T03:00:54.971+0000] {dag.py:4180} INFO - Setting next_dagrun for example_short_circuit_decorator to None, run_after=None
[2024-11-11T03:00:54.979+0000] {processor.py:208} INFO - Processing /home/airflow/.local/lib/python3.12/site-packages/airflow/example_dags/example_short_circuit_decorator.py took 0.038 seconds
[2024-11-11T03:01:25.403+0000] {processor.py:186} INFO - Started process (PID=4601) to work on /home/airflow/.local/lib/python3.12/site-packages/airflow/example_dags/example_short_circuit_decorator.py
[2024-11-11T03:01:25.403+0000] {processor.py:914} INFO - Processing file /home/airflow/.local/lib/python3.12/site-packages/airflow/example_dags/example_short_circuit_decorator.py for tasks to queue
[2024-11-11T03:01:25.405+0000] {logging_mixin.py:190} INFO - [2024-11-11T03:01:25.405+0000] {dagbag.py:588} INFO - Filling up the DagBag from /home/airflow/.local/lib/python3.12/site-packages/airflow/example_dags/example_short_circuit_decorator.py
[2024-11-11T03:01:25.411+0000] {processor.py:925} INFO - DAG(s) 'example_short_circuit_decorator' retrieved from /home/airflow/.local/lib/python3.12/site-packages/airflow/example_dags/example_short_circuit_decorator.py
[2024-11-11T03:01:25.422+0000] {logging_mixin.py:190} INFO - [2024-11-11T03:01:25.422+0000] {dag.py:3239} INFO - Sync 1 DAGs
[2024-11-11T03:01:25.429+0000] {logging_mixin.py:190} INFO - [2024-11-11T03:01:25.429+0000] {dag.py:4180} INFO - Setting next_dagrun for example_short_circuit_decorator to None, run_after=None
[2024-11-11T03:01:25.438+0000] {processor.py:208} INFO - Processing /home/airflow/.local/lib/python3.12/site-packages/airflow/example_dags/example_short_circuit_decorator.py took 0.038 seconds
[2024-11-11T03:01:56.227+0000] {processor.py:186} INFO - Started process (PID=4664) to work on /home/airflow/.local/lib/python3.12/site-packages/airflow/example_dags/example_short_circuit_decorator.py
[2024-11-11T03:01:56.228+0000] {processor.py:914} INFO - Processing file /home/airflow/.local/lib/python3.12/site-packages/airflow/example_dags/example_short_circuit_decorator.py for tasks to queue
[2024-11-11T03:01:56.230+0000] {logging_mixin.py:190} INFO - [2024-11-11T03:01:56.230+0000] {dagbag.py:588} INFO - Filling up the DagBag from /home/airflow/.local/lib/python3.12/site-packages/airflow/example_dags/example_short_circuit_decorator.py
[2024-11-11T03:01:56.235+0000] {processor.py:925} INFO - DAG(s) 'example_short_circuit_decorator' retrieved from /home/airflow/.local/lib/python3.12/site-packages/airflow/example_dags/example_short_circuit_decorator.py
[2024-11-11T03:01:56.247+0000] {logging_mixin.py:190} INFO - [2024-11-11T03:01:56.247+0000] {dag.py:3239} INFO - Sync 1 DAGs
[2024-11-11T03:01:56.254+0000] {logging_mixin.py:190} INFO - [2024-11-11T03:01:56.254+0000] {dag.py:4180} INFO - Setting next_dagrun for example_short_circuit_decorator to None, run_after=None
[2024-11-11T03:01:56.263+0000] {processor.py:208} INFO - Processing /home/airflow/.local/lib/python3.12/site-packages/airflow/example_dags/example_short_circuit_decorator.py took 0.039 seconds
[2024-11-11T03:03:15.766+0000] {processor.py:186} INFO - Started process (PID=4727) to work on /home/airflow/.local/lib/python3.12/site-packages/airflow/example_dags/example_short_circuit_decorator.py
[2024-11-11T03:03:15.767+0000] {processor.py:914} INFO - Processing file /home/airflow/.local/lib/python3.12/site-packages/airflow/example_dags/example_short_circuit_decorator.py for tasks to queue
[2024-11-11T03:03:15.768+0000] {logging_mixin.py:190} INFO - [2024-11-11T03:03:15.768+0000] {dagbag.py:588} INFO - Filling up the DagBag from /home/airflow/.local/lib/python3.12/site-packages/airflow/example_dags/example_short_circuit_decorator.py
[2024-11-11T03:03:15.774+0000] {processor.py:925} INFO - DAG(s) 'example_short_circuit_decorator' retrieved from /home/airflow/.local/lib/python3.12/site-packages/airflow/example_dags/example_short_circuit_decorator.py
[2024-11-11T03:03:15.786+0000] {logging_mixin.py:190} INFO - [2024-11-11T03:03:15.786+0000] {dag.py:3239} INFO - Sync 1 DAGs
[2024-11-11T03:03:15.793+0000] {logging_mixin.py:190} INFO - [2024-11-11T03:03:15.793+0000] {dag.py:4180} INFO - Setting next_dagrun for example_short_circuit_decorator to None, run_after=None
[2024-11-11T03:03:15.801+0000] {processor.py:208} INFO - Processing /home/airflow/.local/lib/python3.12/site-packages/airflow/example_dags/example_short_circuit_decorator.py took 0.038 seconds
[2024-11-11T03:03:46.168+0000] {processor.py:186} INFO - Started process (PID=4790) to work on /home/airflow/.local/lib/python3.12/site-packages/airflow/example_dags/example_short_circuit_decorator.py
[2024-11-11T03:03:46.169+0000] {processor.py:914} INFO - Processing file /home/airflow/.local/lib/python3.12/site-packages/airflow/example_dags/example_short_circuit_decorator.py for tasks to queue
[2024-11-11T03:03:46.170+0000] {logging_mixin.py:190} INFO - [2024-11-11T03:03:46.170+0000] {dagbag.py:588} INFO - Filling up the DagBag from /home/airflow/.local/lib/python3.12/site-packages/airflow/example_dags/example_short_circuit_decorator.py
[2024-11-11T03:03:46.176+0000] {processor.py:925} INFO - DAG(s) 'example_short_circuit_decorator' retrieved from /home/airflow/.local/lib/python3.12/site-packages/airflow/example_dags/example_short_circuit_decorator.py
[2024-11-11T03:03:46.188+0000] {logging_mixin.py:190} INFO - [2024-11-11T03:03:46.188+0000] {dag.py:3239} INFO - Sync 1 DAGs
[2024-11-11T03:03:46.196+0000] {logging_mixin.py:190} INFO - [2024-11-11T03:03:46.196+0000] {dag.py:4180} INFO - Setting next_dagrun for example_short_circuit_decorator to None, run_after=None
[2024-11-11T03:03:46.205+0000] {processor.py:208} INFO - Processing /home/airflow/.local/lib/python3.12/site-packages/airflow/example_dags/example_short_circuit_decorator.py took 0.041 seconds
[2024-11-11T03:04:16.754+0000] {processor.py:186} INFO - Started process (PID=4853) to work on /home/airflow/.local/lib/python3.12/site-packages/airflow/example_dags/example_short_circuit_decorator.py
[2024-11-11T03:04:16.754+0000] {processor.py:914} INFO - Processing file /home/airflow/.local/lib/python3.12/site-packages/airflow/example_dags/example_short_circuit_decorator.py for tasks to queue
[2024-11-11T03:04:16.756+0000] {logging_mixin.py:190} INFO - [2024-11-11T03:04:16.756+0000] {dagbag.py:588} INFO - Filling up the DagBag from /home/airflow/.local/lib/python3.12/site-packages/airflow/example_dags/example_short_circuit_decorator.py
[2024-11-11T03:04:16.762+0000] {processor.py:925} INFO - DAG(s) 'example_short_circuit_decorator' retrieved from /home/airflow/.local/lib/python3.12/site-packages/airflow/example_dags/example_short_circuit_decorator.py
[2024-11-11T03:04:16.774+0000] {logging_mixin.py:190} INFO - [2024-11-11T03:04:16.774+0000] {dag.py:3239} INFO - Sync 1 DAGs
[2024-11-11T03:04:16.781+0000] {logging_mixin.py:190} INFO - [2024-11-11T03:04:16.781+0000] {dag.py:4180} INFO - Setting next_dagrun for example_short_circuit_decorator to None, run_after=None
[2024-11-11T03:04:16.790+0000] {processor.py:208} INFO - Processing /home/airflow/.local/lib/python3.12/site-packages/airflow/example_dags/example_short_circuit_decorator.py took 0.040 seconds
[2024-11-11T03:04:47.219+0000] {processor.py:186} INFO - Started process (PID=4916) to work on /home/airflow/.local/lib/python3.12/site-packages/airflow/example_dags/example_short_circuit_decorator.py
[2024-11-11T03:04:47.220+0000] {processor.py:914} INFO - Processing file /home/airflow/.local/lib/python3.12/site-packages/airflow/example_dags/example_short_circuit_decorator.py for tasks to queue
[2024-11-11T03:04:47.221+0000] {logging_mixin.py:190} INFO - [2024-11-11T03:04:47.221+0000] {dagbag.py:588} INFO - Filling up the DagBag from /home/airflow/.local/lib/python3.12/site-packages/airflow/example_dags/example_short_circuit_decorator.py
[2024-11-11T03:04:47.227+0000] {processor.py:925} INFO - DAG(s) 'example_short_circuit_decorator' retrieved from /home/airflow/.local/lib/python3.12/site-packages/airflow/example_dags/example_short_circuit_decorator.py
[2024-11-11T03:04:47.239+0000] {logging_mixin.py:190} INFO - [2024-11-11T03:04:47.239+0000] {dag.py:3239} INFO - Sync 1 DAGs
[2024-11-11T03:04:47.246+0000] {logging_mixin.py:190} INFO - [2024-11-11T03:04:47.246+0000] {dag.py:4180} INFO - Setting next_dagrun for example_short_circuit_decorator to None, run_after=None
[2024-11-11T03:04:47.254+0000] {processor.py:208} INFO - Processing /home/airflow/.local/lib/python3.12/site-packages/airflow/example_dags/example_short_circuit_decorator.py took 0.039 seconds
[2024-11-11T03:05:17.721+0000] {processor.py:186} INFO - Started process (PID=4979) to work on /home/airflow/.local/lib/python3.12/site-packages/airflow/example_dags/example_short_circuit_decorator.py
[2024-11-11T03:05:17.721+0000] {processor.py:914} INFO - Processing file /home/airflow/.local/lib/python3.12/site-packages/airflow/example_dags/example_short_circuit_decorator.py for tasks to queue
[2024-11-11T03:05:17.723+0000] {logging_mixin.py:190} INFO - [2024-11-11T03:05:17.723+0000] {dagbag.py:588} INFO - Filling up the DagBag from /home/airflow/.local/lib/python3.12/site-packages/airflow/example_dags/example_short_circuit_decorator.py
[2024-11-11T03:05:17.728+0000] {processor.py:925} INFO - DAG(s) 'example_short_circuit_decorator' retrieved from /home/airflow/.local/lib/python3.12/site-packages/airflow/example_dags/example_short_circuit_decorator.py
[2024-11-11T03:05:17.740+0000] {logging_mixin.py:190} INFO - [2024-11-11T03:05:17.739+0000] {dag.py:3239} INFO - Sync 1 DAGs
[2024-11-11T03:05:17.747+0000] {logging_mixin.py:190} INFO - [2024-11-11T03:05:17.746+0000] {dag.py:4180} INFO - Setting next_dagrun for example_short_circuit_decorator to None, run_after=None
[2024-11-11T03:05:17.755+0000] {processor.py:208} INFO - Processing /home/airflow/.local/lib/python3.12/site-packages/airflow/example_dags/example_short_circuit_decorator.py took 0.038 seconds
[2024-11-11T03:05:48.053+0000] {processor.py:186} INFO - Started process (PID=5042) to work on /home/airflow/.local/lib/python3.12/site-packages/airflow/example_dags/example_short_circuit_decorator.py
[2024-11-11T03:05:48.053+0000] {processor.py:914} INFO - Processing file /home/airflow/.local/lib/python3.12/site-packages/airflow/example_dags/example_short_circuit_decorator.py for tasks to queue
[2024-11-11T03:05:48.055+0000] {logging_mixin.py:190} INFO - [2024-11-11T03:05:48.055+0000] {dagbag.py:588} INFO - Filling up the DagBag from /home/airflow/.local/lib/python3.12/site-packages/airflow/example_dags/example_short_circuit_decorator.py
[2024-11-11T03:05:48.060+0000] {processor.py:925} INFO - DAG(s) 'example_short_circuit_decorator' retrieved from /home/airflow/.local/lib/python3.12/site-packages/airflow/example_dags/example_short_circuit_decorator.py
[2024-11-11T03:05:48.072+0000] {logging_mixin.py:190} INFO - [2024-11-11T03:05:48.072+0000] {dag.py:3239} INFO - Sync 1 DAGs
[2024-11-11T03:05:48.079+0000] {logging_mixin.py:190} INFO - [2024-11-11T03:05:48.079+0000] {dag.py:4180} INFO - Setting next_dagrun for example_short_circuit_decorator to None, run_after=None
[2024-11-11T03:05:48.088+0000] {processor.py:208} INFO - Processing /home/airflow/.local/lib/python3.12/site-packages/airflow/example_dags/example_short_circuit_decorator.py took 0.038 seconds
[2024-11-11T03:06:18.387+0000] {processor.py:186} INFO - Started process (PID=5105) to work on /home/airflow/.local/lib/python3.12/site-packages/airflow/example_dags/example_short_circuit_decorator.py
[2024-11-11T03:06:18.388+0000] {processor.py:914} INFO - Processing file /home/airflow/.local/lib/python3.12/site-packages/airflow/example_dags/example_short_circuit_decorator.py for tasks to queue
[2024-11-11T03:06:18.389+0000] {logging_mixin.py:190} INFO - [2024-11-11T03:06:18.389+0000] {dagbag.py:588} INFO - Filling up the DagBag from /home/airflow/.local/lib/python3.12/site-packages/airflow/example_dags/example_short_circuit_decorator.py
[2024-11-11T03:06:18.395+0000] {processor.py:925} INFO - DAG(s) 'example_short_circuit_decorator' retrieved from /home/airflow/.local/lib/python3.12/site-packages/airflow/example_dags/example_short_circuit_decorator.py
[2024-11-11T03:06:18.408+0000] {logging_mixin.py:190} INFO - [2024-11-11T03:06:18.408+0000] {dag.py:3239} INFO - Sync 1 DAGs
[2024-11-11T03:06:18.415+0000] {logging_mixin.py:190} INFO - [2024-11-11T03:06:18.415+0000] {dag.py:4180} INFO - Setting next_dagrun for example_short_circuit_decorator to None, run_after=None
[2024-11-11T03:06:18.424+0000] {processor.py:208} INFO - Processing /home/airflow/.local/lib/python3.12/site-packages/airflow/example_dags/example_short_circuit_decorator.py took 0.040 seconds
[2024-11-11T03:06:48.761+0000] {processor.py:186} INFO - Started process (PID=5168) to work on /home/airflow/.local/lib/python3.12/site-packages/airflow/example_dags/example_short_circuit_decorator.py
[2024-11-11T03:06:48.761+0000] {processor.py:914} INFO - Processing file /home/airflow/.local/lib/python3.12/site-packages/airflow/example_dags/example_short_circuit_decorator.py for tasks to queue
[2024-11-11T03:06:48.763+0000] {logging_mixin.py:190} INFO - [2024-11-11T03:06:48.763+0000] {dagbag.py:588} INFO - Filling up the DagBag from /home/airflow/.local/lib/python3.12/site-packages/airflow/example_dags/example_short_circuit_decorator.py
[2024-11-11T03:06:48.768+0000] {processor.py:925} INFO - DAG(s) 'example_short_circuit_decorator' retrieved from /home/airflow/.local/lib/python3.12/site-packages/airflow/example_dags/example_short_circuit_decorator.py
[2024-11-11T03:06:48.779+0000] {logging_mixin.py:190} INFO - [2024-11-11T03:06:48.779+0000] {dag.py:3239} INFO - Sync 1 DAGs
[2024-11-11T03:06:48.786+0000] {logging_mixin.py:190} INFO - [2024-11-11T03:06:48.786+0000] {dag.py:4180} INFO - Setting next_dagrun for example_short_circuit_decorator to None, run_after=None
[2024-11-11T03:06:48.794+0000] {processor.py:208} INFO - Processing /home/airflow/.local/lib/python3.12/site-packages/airflow/example_dags/example_short_circuit_decorator.py took 0.036 seconds
[2024-11-11T03:07:19.302+0000] {processor.py:186} INFO - Started process (PID=5232) to work on /home/airflow/.local/lib/python3.12/site-packages/airflow/example_dags/example_short_circuit_decorator.py
[2024-11-11T03:07:19.303+0000] {processor.py:914} INFO - Processing file /home/airflow/.local/lib/python3.12/site-packages/airflow/example_dags/example_short_circuit_decorator.py for tasks to queue
[2024-11-11T03:07:19.304+0000] {logging_mixin.py:190} INFO - [2024-11-11T03:07:19.304+0000] {dagbag.py:588} INFO - Filling up the DagBag from /home/airflow/.local/lib/python3.12/site-packages/airflow/example_dags/example_short_circuit_decorator.py
[2024-11-11T03:07:19.310+0000] {processor.py:925} INFO - DAG(s) 'example_short_circuit_decorator' retrieved from /home/airflow/.local/lib/python3.12/site-packages/airflow/example_dags/example_short_circuit_decorator.py
[2024-11-11T03:07:19.321+0000] {logging_mixin.py:190} INFO - [2024-11-11T03:07:19.321+0000] {dag.py:3239} INFO - Sync 1 DAGs
[2024-11-11T03:07:19.327+0000] {logging_mixin.py:190} INFO - [2024-11-11T03:07:19.327+0000] {dag.py:4180} INFO - Setting next_dagrun for example_short_circuit_decorator to None, run_after=None
[2024-11-11T03:07:19.335+0000] {processor.py:208} INFO - Processing /home/airflow/.local/lib/python3.12/site-packages/airflow/example_dags/example_short_circuit_decorator.py took 0.036 seconds
[2024-11-11T03:07:50.098+0000] {processor.py:186} INFO - Started process (PID=5295) to work on /home/airflow/.local/lib/python3.12/site-packages/airflow/example_dags/example_short_circuit_decorator.py
[2024-11-11T03:07:50.099+0000] {processor.py:914} INFO - Processing file /home/airflow/.local/lib/python3.12/site-packages/airflow/example_dags/example_short_circuit_decorator.py for tasks to queue
[2024-11-11T03:07:50.101+0000] {logging_mixin.py:190} INFO - [2024-11-11T03:07:50.100+0000] {dagbag.py:588} INFO - Filling up the DagBag from /home/airflow/.local/lib/python3.12/site-packages/airflow/example_dags/example_short_circuit_decorator.py
[2024-11-11T03:07:50.106+0000] {processor.py:925} INFO - DAG(s) 'example_short_circuit_decorator' retrieved from /home/airflow/.local/lib/python3.12/site-packages/airflow/example_dags/example_short_circuit_decorator.py
[2024-11-11T03:07:50.118+0000] {logging_mixin.py:190} INFO - [2024-11-11T03:07:50.118+0000] {dag.py:3239} INFO - Sync 1 DAGs
[2024-11-11T03:07:50.125+0000] {logging_mixin.py:190} INFO - [2024-11-11T03:07:50.125+0000] {dag.py:4180} INFO - Setting next_dagrun for example_short_circuit_decorator to None, run_after=None
[2024-11-11T03:07:50.133+0000] {processor.py:208} INFO - Processing /home/airflow/.local/lib/python3.12/site-packages/airflow/example_dags/example_short_circuit_decorator.py took 0.038 seconds
[2024-11-11T03:08:20.729+0000] {processor.py:186} INFO - Started process (PID=5358) to work on /home/airflow/.local/lib/python3.12/site-packages/airflow/example_dags/example_short_circuit_decorator.py
[2024-11-11T03:08:20.729+0000] {processor.py:914} INFO - Processing file /home/airflow/.local/lib/python3.12/site-packages/airflow/example_dags/example_short_circuit_decorator.py for tasks to queue
[2024-11-11T03:08:20.731+0000] {logging_mixin.py:190} INFO - [2024-11-11T03:08:20.731+0000] {dagbag.py:588} INFO - Filling up the DagBag from /home/airflow/.local/lib/python3.12/site-packages/airflow/example_dags/example_short_circuit_decorator.py
[2024-11-11T03:08:20.736+0000] {processor.py:925} INFO - DAG(s) 'example_short_circuit_decorator' retrieved from /home/airflow/.local/lib/python3.12/site-packages/airflow/example_dags/example_short_circuit_decorator.py
[2024-11-11T03:08:20.748+0000] {logging_mixin.py:190} INFO - [2024-11-11T03:08:20.748+0000] {dag.py:3239} INFO - Sync 1 DAGs
[2024-11-11T03:08:20.755+0000] {logging_mixin.py:190} INFO - [2024-11-11T03:08:20.755+0000] {dag.py:4180} INFO - Setting next_dagrun for example_short_circuit_decorator to None, run_after=None
[2024-11-11T03:08:20.764+0000] {processor.py:208} INFO - Processing /home/airflow/.local/lib/python3.12/site-packages/airflow/example_dags/example_short_circuit_decorator.py took 0.038 seconds
[2024-11-11T03:08:51.264+0000] {processor.py:186} INFO - Started process (PID=5421) to work on /home/airflow/.local/lib/python3.12/site-packages/airflow/example_dags/example_short_circuit_decorator.py
[2024-11-11T03:08:51.265+0000] {processor.py:914} INFO - Processing file /home/airflow/.local/lib/python3.12/site-packages/airflow/example_dags/example_short_circuit_decorator.py for tasks to queue
[2024-11-11T03:08:51.266+0000] {logging_mixin.py:190} INFO - [2024-11-11T03:08:51.266+0000] {dagbag.py:588} INFO - Filling up the DagBag from /home/airflow/.local/lib/python3.12/site-packages/airflow/example_dags/example_short_circuit_decorator.py
[2024-11-11T03:08:51.272+0000] {processor.py:925} INFO - DAG(s) 'example_short_circuit_decorator' retrieved from /home/airflow/.local/lib/python3.12/site-packages/airflow/example_dags/example_short_circuit_decorator.py
[2024-11-11T03:08:51.283+0000] {logging_mixin.py:190} INFO - [2024-11-11T03:08:51.283+0000] {dag.py:3239} INFO - Sync 1 DAGs
[2024-11-11T03:08:51.291+0000] {logging_mixin.py:190} INFO - [2024-11-11T03:08:51.291+0000] {dag.py:4180} INFO - Setting next_dagrun for example_short_circuit_decorator to None, run_after=None
[2024-11-11T03:08:51.300+0000] {processor.py:208} INFO - Processing /home/airflow/.local/lib/python3.12/site-packages/airflow/example_dags/example_short_circuit_decorator.py took 0.040 seconds
[2024-11-11T03:09:21.739+0000] {processor.py:186} INFO - Started process (PID=5484) to work on /home/airflow/.local/lib/python3.12/site-packages/airflow/example_dags/example_short_circuit_decorator.py
[2024-11-11T03:09:21.740+0000] {processor.py:914} INFO - Processing file /home/airflow/.local/lib/python3.12/site-packages/airflow/example_dags/example_short_circuit_decorator.py for tasks to queue
[2024-11-11T03:09:21.741+0000] {logging_mixin.py:190} INFO - [2024-11-11T03:09:21.741+0000] {dagbag.py:588} INFO - Filling up the DagBag from /home/airflow/.local/lib/python3.12/site-packages/airflow/example_dags/example_short_circuit_decorator.py
[2024-11-11T03:09:21.747+0000] {processor.py:925} INFO - DAG(s) 'example_short_circuit_decorator' retrieved from /home/airflow/.local/lib/python3.12/site-packages/airflow/example_dags/example_short_circuit_decorator.py
[2024-11-11T03:09:21.759+0000] {logging_mixin.py:190} INFO - [2024-11-11T03:09:21.759+0000] {dag.py:3239} INFO - Sync 1 DAGs
[2024-11-11T03:09:21.766+0000] {logging_mixin.py:190} INFO - [2024-11-11T03:09:21.766+0000] {dag.py:4180} INFO - Setting next_dagrun for example_short_circuit_decorator to None, run_after=None
[2024-11-11T03:09:21.775+0000] {processor.py:208} INFO - Processing /home/airflow/.local/lib/python3.12/site-packages/airflow/example_dags/example_short_circuit_decorator.py took 0.039 seconds
[2024-11-11T03:09:52.450+0000] {processor.py:186} INFO - Started process (PID=5547) to work on /home/airflow/.local/lib/python3.12/site-packages/airflow/example_dags/example_short_circuit_decorator.py
[2024-11-11T03:09:52.451+0000] {processor.py:914} INFO - Processing file /home/airflow/.local/lib/python3.12/site-packages/airflow/example_dags/example_short_circuit_decorator.py for tasks to queue
[2024-11-11T03:09:52.452+0000] {logging_mixin.py:190} INFO - [2024-11-11T03:09:52.452+0000] {dagbag.py:588} INFO - Filling up the DagBag from /home/airflow/.local/lib/python3.12/site-packages/airflow/example_dags/example_short_circuit_decorator.py
[2024-11-11T03:09:52.458+0000] {processor.py:925} INFO - DAG(s) 'example_short_circuit_decorator' retrieved from /home/airflow/.local/lib/python3.12/site-packages/airflow/example_dags/example_short_circuit_decorator.py
[2024-11-11T03:09:52.469+0000] {logging_mixin.py:190} INFO - [2024-11-11T03:09:52.469+0000] {dag.py:3239} INFO - Sync 1 DAGs
[2024-11-11T03:09:52.476+0000] {logging_mixin.py:190} INFO - [2024-11-11T03:09:52.476+0000] {dag.py:4180} INFO - Setting next_dagrun for example_short_circuit_decorator to None, run_after=None
[2024-11-11T03:09:52.485+0000] {processor.py:208} INFO - Processing /home/airflow/.local/lib/python3.12/site-packages/airflow/example_dags/example_short_circuit_decorator.py took 0.038 seconds
[2024-11-11T03:10:23.120+0000] {processor.py:186} INFO - Started process (PID=5610) to work on /home/airflow/.local/lib/python3.12/site-packages/airflow/example_dags/example_short_circuit_decorator.py
[2024-11-11T03:10:23.121+0000] {processor.py:914} INFO - Processing file /home/airflow/.local/lib/python3.12/site-packages/airflow/example_dags/example_short_circuit_decorator.py for tasks to queue
[2024-11-11T03:10:23.122+0000] {logging_mixin.py:190} INFO - [2024-11-11T03:10:23.122+0000] {dagbag.py:588} INFO - Filling up the DagBag from /home/airflow/.local/lib/python3.12/site-packages/airflow/example_dags/example_short_circuit_decorator.py
[2024-11-11T03:10:23.128+0000] {processor.py:925} INFO - DAG(s) 'example_short_circuit_decorator' retrieved from /home/airflow/.local/lib/python3.12/site-packages/airflow/example_dags/example_short_circuit_decorator.py
[2024-11-11T03:10:23.140+0000] {logging_mixin.py:190} INFO - [2024-11-11T03:10:23.140+0000] {dag.py:3239} INFO - Sync 1 DAGs
[2024-11-11T03:10:23.147+0000] {logging_mixin.py:190} INFO - [2024-11-11T03:10:23.147+0000] {dag.py:4180} INFO - Setting next_dagrun for example_short_circuit_decorator to None, run_after=None
[2024-11-11T03:10:23.155+0000] {processor.py:208} INFO - Processing /home/airflow/.local/lib/python3.12/site-packages/airflow/example_dags/example_short_circuit_decorator.py took 0.039 seconds
[2024-11-11T03:10:54.113+0000] {processor.py:186} INFO - Started process (PID=5673) to work on /home/airflow/.local/lib/python3.12/site-packages/airflow/example_dags/example_short_circuit_decorator.py
[2024-11-11T03:10:54.114+0000] {processor.py:914} INFO - Processing file /home/airflow/.local/lib/python3.12/site-packages/airflow/example_dags/example_short_circuit_decorator.py for tasks to queue
[2024-11-11T03:10:54.115+0000] {logging_mixin.py:190} INFO - [2024-11-11T03:10:54.115+0000] {dagbag.py:588} INFO - Filling up the DagBag from /home/airflow/.local/lib/python3.12/site-packages/airflow/example_dags/example_short_circuit_decorator.py
[2024-11-11T03:10:54.120+0000] {processor.py:925} INFO - DAG(s) 'example_short_circuit_decorator' retrieved from /home/airflow/.local/lib/python3.12/site-packages/airflow/example_dags/example_short_circuit_decorator.py
[2024-11-11T03:10:54.132+0000] {logging_mixin.py:190} INFO - [2024-11-11T03:10:54.132+0000] {dag.py:3239} INFO - Sync 1 DAGs
[2024-11-11T03:10:54.138+0000] {logging_mixin.py:190} INFO - [2024-11-11T03:10:54.138+0000] {dag.py:4180} INFO - Setting next_dagrun for example_short_circuit_decorator to None, run_after=None
[2024-11-11T03:10:54.147+0000] {processor.py:208} INFO - Processing /home/airflow/.local/lib/python3.12/site-packages/airflow/example_dags/example_short_circuit_decorator.py took 0.037 seconds
[2024-11-11T03:22:05.613+0000] {processor.py:186} INFO - Started process (PID=5736) to work on /home/airflow/.local/lib/python3.12/site-packages/airflow/example_dags/example_short_circuit_decorator.py
[2024-11-11T03:22:05.614+0000] {processor.py:914} INFO - Processing file /home/airflow/.local/lib/python3.12/site-packages/airflow/example_dags/example_short_circuit_decorator.py for tasks to queue
[2024-11-11T03:22:05.615+0000] {logging_mixin.py:190} INFO - [2024-11-11T03:22:05.615+0000] {dagbag.py:588} INFO - Filling up the DagBag from /home/airflow/.local/lib/python3.12/site-packages/airflow/example_dags/example_short_circuit_decorator.py
[2024-11-11T03:22:05.621+0000] {processor.py:925} INFO - DAG(s) 'example_short_circuit_decorator' retrieved from /home/airflow/.local/lib/python3.12/site-packages/airflow/example_dags/example_short_circuit_decorator.py
[2024-11-11T03:22:05.633+0000] {logging_mixin.py:190} INFO - [2024-11-11T03:22:05.632+0000] {dag.py:3239} INFO - Sync 1 DAGs
[2024-11-11T03:22:05.639+0000] {logging_mixin.py:190} INFO - [2024-11-11T03:22:05.639+0000] {dag.py:4180} INFO - Setting next_dagrun for example_short_circuit_decorator to None, run_after=None
[2024-11-11T03:22:05.647+0000] {processor.py:208} INFO - Processing /home/airflow/.local/lib/python3.12/site-packages/airflow/example_dags/example_short_circuit_decorator.py took 0.038 seconds
[2024-11-11T03:22:36.534+0000] {processor.py:186} INFO - Started process (PID=5799) to work on /home/airflow/.local/lib/python3.12/site-packages/airflow/example_dags/example_short_circuit_decorator.py
[2024-11-11T03:22:36.535+0000] {processor.py:914} INFO - Processing file /home/airflow/.local/lib/python3.12/site-packages/airflow/example_dags/example_short_circuit_decorator.py for tasks to queue
[2024-11-11T03:22:36.536+0000] {logging_mixin.py:190} INFO - [2024-11-11T03:22:36.536+0000] {dagbag.py:588} INFO - Filling up the DagBag from /home/airflow/.local/lib/python3.12/site-packages/airflow/example_dags/example_short_circuit_decorator.py
[2024-11-11T03:22:36.542+0000] {processor.py:925} INFO - DAG(s) 'example_short_circuit_decorator' retrieved from /home/airflow/.local/lib/python3.12/site-packages/airflow/example_dags/example_short_circuit_decorator.py
[2024-11-11T03:22:36.554+0000] {logging_mixin.py:190} INFO - [2024-11-11T03:22:36.554+0000] {dag.py:3239} INFO - Sync 1 DAGs
[2024-11-11T03:22:36.561+0000] {logging_mixin.py:190} INFO - [2024-11-11T03:22:36.561+0000] {dag.py:4180} INFO - Setting next_dagrun for example_short_circuit_decorator to None, run_after=None
[2024-11-11T03:22:36.570+0000] {processor.py:208} INFO - Processing /home/airflow/.local/lib/python3.12/site-packages/airflow/example_dags/example_short_circuit_decorator.py took 0.039 seconds
[2024-11-11T03:23:07.642+0000] {processor.py:186} INFO - Started process (PID=5862) to work on /home/airflow/.local/lib/python3.12/site-packages/airflow/example_dags/example_short_circuit_decorator.py
[2024-11-11T03:23:07.642+0000] {processor.py:914} INFO - Processing file /home/airflow/.local/lib/python3.12/site-packages/airflow/example_dags/example_short_circuit_decorator.py for tasks to queue
[2024-11-11T03:23:07.644+0000] {logging_mixin.py:190} INFO - [2024-11-11T03:23:07.644+0000] {dagbag.py:588} INFO - Filling up the DagBag from /home/airflow/.local/lib/python3.12/site-packages/airflow/example_dags/example_short_circuit_decorator.py
[2024-11-11T03:23:07.649+0000] {processor.py:925} INFO - DAG(s) 'example_short_circuit_decorator' retrieved from /home/airflow/.local/lib/python3.12/site-packages/airflow/example_dags/example_short_circuit_decorator.py
[2024-11-11T03:23:07.662+0000] {logging_mixin.py:190} INFO - [2024-11-11T03:23:07.662+0000] {dag.py:3239} INFO - Sync 1 DAGs
[2024-11-11T03:23:07.669+0000] {logging_mixin.py:190} INFO - [2024-11-11T03:23:07.669+0000] {dag.py:4180} INFO - Setting next_dagrun for example_short_circuit_decorator to None, run_after=None
[2024-11-11T03:23:07.679+0000] {processor.py:208} INFO - Processing /home/airflow/.local/lib/python3.12/site-packages/airflow/example_dags/example_short_circuit_decorator.py took 0.042 seconds
[2024-11-11T03:23:38.524+0000] {processor.py:186} INFO - Started process (PID=5925) to work on /home/airflow/.local/lib/python3.12/site-packages/airflow/example_dags/example_short_circuit_decorator.py
[2024-11-11T03:23:38.524+0000] {processor.py:914} INFO - Processing file /home/airflow/.local/lib/python3.12/site-packages/airflow/example_dags/example_short_circuit_decorator.py for tasks to queue
[2024-11-11T03:23:38.526+0000] {logging_mixin.py:190} INFO - [2024-11-11T03:23:38.526+0000] {dagbag.py:588} INFO - Filling up the DagBag from /home/airflow/.local/lib/python3.12/site-packages/airflow/example_dags/example_short_circuit_decorator.py
[2024-11-11T03:23:38.532+0000] {processor.py:925} INFO - DAG(s) 'example_short_circuit_decorator' retrieved from /home/airflow/.local/lib/python3.12/site-packages/airflow/example_dags/example_short_circuit_decorator.py
[2024-11-11T03:23:38.543+0000] {logging_mixin.py:190} INFO - [2024-11-11T03:23:38.543+0000] {dag.py:3239} INFO - Sync 1 DAGs
[2024-11-11T03:23:38.551+0000] {logging_mixin.py:190} INFO - [2024-11-11T03:23:38.551+0000] {dag.py:4180} INFO - Setting next_dagrun for example_short_circuit_decorator to None, run_after=None
[2024-11-11T03:23:38.560+0000] {processor.py:208} INFO - Processing /home/airflow/.local/lib/python3.12/site-packages/airflow/example_dags/example_short_circuit_decorator.py took 0.039 seconds
[2024-11-11T03:24:09.499+0000] {processor.py:186} INFO - Started process (PID=5988) to work on /home/airflow/.local/lib/python3.12/site-packages/airflow/example_dags/example_short_circuit_decorator.py
[2024-11-11T03:24:09.500+0000] {processor.py:914} INFO - Processing file /home/airflow/.local/lib/python3.12/site-packages/airflow/example_dags/example_short_circuit_decorator.py for tasks to queue
[2024-11-11T03:24:09.502+0000] {logging_mixin.py:190} INFO - [2024-11-11T03:24:09.501+0000] {dagbag.py:588} INFO - Filling up the DagBag from /home/airflow/.local/lib/python3.12/site-packages/airflow/example_dags/example_short_circuit_decorator.py
[2024-11-11T03:24:09.507+0000] {processor.py:925} INFO - DAG(s) 'example_short_circuit_decorator' retrieved from /home/airflow/.local/lib/python3.12/site-packages/airflow/example_dags/example_short_circuit_decorator.py
[2024-11-11T03:24:09.518+0000] {logging_mixin.py:190} INFO - [2024-11-11T03:24:09.518+0000] {dag.py:3239} INFO - Sync 1 DAGs
[2024-11-11T03:24:09.526+0000] {logging_mixin.py:190} INFO - [2024-11-11T03:24:09.525+0000] {dag.py:4180} INFO - Setting next_dagrun for example_short_circuit_decorator to None, run_after=None
[2024-11-11T03:24:09.534+0000] {processor.py:208} INFO - Processing /home/airflow/.local/lib/python3.12/site-packages/airflow/example_dags/example_short_circuit_decorator.py took 0.038 seconds
[2024-11-11T03:24:40.306+0000] {processor.py:186} INFO - Started process (PID=6050) to work on /home/airflow/.local/lib/python3.12/site-packages/airflow/example_dags/example_short_circuit_decorator.py
[2024-11-11T03:24:40.307+0000] {processor.py:914} INFO - Processing file /home/airflow/.local/lib/python3.12/site-packages/airflow/example_dags/example_short_circuit_decorator.py for tasks to queue
[2024-11-11T03:24:40.308+0000] {logging_mixin.py:190} INFO - [2024-11-11T03:24:40.308+0000] {dagbag.py:588} INFO - Filling up the DagBag from /home/airflow/.local/lib/python3.12/site-packages/airflow/example_dags/example_short_circuit_decorator.py
[2024-11-11T03:24:40.315+0000] {processor.py:925} INFO - DAG(s) 'example_short_circuit_decorator' retrieved from /home/airflow/.local/lib/python3.12/site-packages/airflow/example_dags/example_short_circuit_decorator.py
[2024-11-11T03:24:40.330+0000] {logging_mixin.py:190} INFO - [2024-11-11T03:24:40.330+0000] {dag.py:3239} INFO - Sync 1 DAGs
[2024-11-11T03:24:40.339+0000] {logging_mixin.py:190} INFO - [2024-11-11T03:24:40.338+0000] {dag.py:4180} INFO - Setting next_dagrun for example_short_circuit_decorator to None, run_after=None
[2024-11-11T03:24:40.349+0000] {processor.py:208} INFO - Processing /home/airflow/.local/lib/python3.12/site-packages/airflow/example_dags/example_short_circuit_decorator.py took 0.047 seconds
[2024-11-11T03:25:11.075+0000] {processor.py:186} INFO - Started process (PID=6113) to work on /home/airflow/.local/lib/python3.12/site-packages/airflow/example_dags/example_short_circuit_decorator.py
[2024-11-11T03:25:11.076+0000] {processor.py:914} INFO - Processing file /home/airflow/.local/lib/python3.12/site-packages/airflow/example_dags/example_short_circuit_decorator.py for tasks to queue
[2024-11-11T03:25:11.078+0000] {logging_mixin.py:190} INFO - [2024-11-11T03:25:11.077+0000] {dagbag.py:588} INFO - Filling up the DagBag from /home/airflow/.local/lib/python3.12/site-packages/airflow/example_dags/example_short_circuit_decorator.py
[2024-11-11T03:25:11.084+0000] {processor.py:925} INFO - DAG(s) 'example_short_circuit_decorator' retrieved from /home/airflow/.local/lib/python3.12/site-packages/airflow/example_dags/example_short_circuit_decorator.py
[2024-11-11T03:25:11.095+0000] {logging_mixin.py:190} INFO - [2024-11-11T03:25:11.095+0000] {dag.py:3239} INFO - Sync 1 DAGs
[2024-11-11T03:25:11.103+0000] {logging_mixin.py:190} INFO - [2024-11-11T03:25:11.103+0000] {dag.py:4180} INFO - Setting next_dagrun for example_short_circuit_decorator to None, run_after=None
[2024-11-11T03:25:11.111+0000] {processor.py:208} INFO - Processing /home/airflow/.local/lib/python3.12/site-packages/airflow/example_dags/example_short_circuit_decorator.py took 0.039 seconds
[2024-11-11T03:25:41.927+0000] {processor.py:186} INFO - Started process (PID=6176) to work on /home/airflow/.local/lib/python3.12/site-packages/airflow/example_dags/example_short_circuit_decorator.py
[2024-11-11T03:25:41.929+0000] {processor.py:914} INFO - Processing file /home/airflow/.local/lib/python3.12/site-packages/airflow/example_dags/example_short_circuit_decorator.py for tasks to queue
[2024-11-11T03:25:41.931+0000] {logging_mixin.py:190} INFO - [2024-11-11T03:25:41.931+0000] {dagbag.py:588} INFO - Filling up the DagBag from /home/airflow/.local/lib/python3.12/site-packages/airflow/example_dags/example_short_circuit_decorator.py
[2024-11-11T03:25:41.939+0000] {processor.py:925} INFO - DAG(s) 'example_short_circuit_decorator' retrieved from /home/airflow/.local/lib/python3.12/site-packages/airflow/example_dags/example_short_circuit_decorator.py
[2024-11-11T03:25:41.953+0000] {logging_mixin.py:190} INFO - [2024-11-11T03:25:41.953+0000] {dag.py:3239} INFO - Sync 1 DAGs
[2024-11-11T03:25:41.960+0000] {logging_mixin.py:190} INFO - [2024-11-11T03:25:41.960+0000] {dag.py:4180} INFO - Setting next_dagrun for example_short_circuit_decorator to None, run_after=None
[2024-11-11T03:25:41.970+0000] {processor.py:208} INFO - Processing /home/airflow/.local/lib/python3.12/site-packages/airflow/example_dags/example_short_circuit_decorator.py took 0.050 seconds
[2024-11-11T03:26:12.741+0000] {processor.py:186} INFO - Started process (PID=6239) to work on /home/airflow/.local/lib/python3.12/site-packages/airflow/example_dags/example_short_circuit_decorator.py
[2024-11-11T03:26:12.742+0000] {processor.py:914} INFO - Processing file /home/airflow/.local/lib/python3.12/site-packages/airflow/example_dags/example_short_circuit_decorator.py for tasks to queue
[2024-11-11T03:26:12.743+0000] {logging_mixin.py:190} INFO - [2024-11-11T03:26:12.743+0000] {dagbag.py:588} INFO - Filling up the DagBag from /home/airflow/.local/lib/python3.12/site-packages/airflow/example_dags/example_short_circuit_decorator.py
[2024-11-11T03:26:12.749+0000] {processor.py:925} INFO - DAG(s) 'example_short_circuit_decorator' retrieved from /home/airflow/.local/lib/python3.12/site-packages/airflow/example_dags/example_short_circuit_decorator.py
[2024-11-11T03:26:12.761+0000] {logging_mixin.py:190} INFO - [2024-11-11T03:26:12.760+0000] {dag.py:3239} INFO - Sync 1 DAGs
[2024-11-11T03:26:12.767+0000] {logging_mixin.py:190} INFO - [2024-11-11T03:26:12.767+0000] {dag.py:4180} INFO - Setting next_dagrun for example_short_circuit_decorator to None, run_after=None
[2024-11-11T03:26:12.776+0000] {processor.py:208} INFO - Processing /home/airflow/.local/lib/python3.12/site-packages/airflow/example_dags/example_short_circuit_decorator.py took 0.037 seconds
[2024-11-11T03:26:43.599+0000] {processor.py:186} INFO - Started process (PID=6302) to work on /home/airflow/.local/lib/python3.12/site-packages/airflow/example_dags/example_short_circuit_decorator.py
[2024-11-11T03:26:43.600+0000] {processor.py:914} INFO - Processing file /home/airflow/.local/lib/python3.12/site-packages/airflow/example_dags/example_short_circuit_decorator.py for tasks to queue
[2024-11-11T03:26:43.601+0000] {logging_mixin.py:190} INFO - [2024-11-11T03:26:43.601+0000] {dagbag.py:588} INFO - Filling up the DagBag from /home/airflow/.local/lib/python3.12/site-packages/airflow/example_dags/example_short_circuit_decorator.py
[2024-11-11T03:26:43.608+0000] {processor.py:925} INFO - DAG(s) 'example_short_circuit_decorator' retrieved from /home/airflow/.local/lib/python3.12/site-packages/airflow/example_dags/example_short_circuit_decorator.py
[2024-11-11T03:26:43.620+0000] {logging_mixin.py:190} INFO - [2024-11-11T03:26:43.620+0000] {dag.py:3239} INFO - Sync 1 DAGs
[2024-11-11T03:26:43.627+0000] {logging_mixin.py:190} INFO - [2024-11-11T03:26:43.627+0000] {dag.py:4180} INFO - Setting next_dagrun for example_short_circuit_decorator to None, run_after=None
[2024-11-11T03:26:43.637+0000] {processor.py:208} INFO - Processing /home/airflow/.local/lib/python3.12/site-packages/airflow/example_dags/example_short_circuit_decorator.py took 0.042 seconds
[2024-11-11T03:27:14.420+0000] {processor.py:186} INFO - Started process (PID=6365) to work on /home/airflow/.local/lib/python3.12/site-packages/airflow/example_dags/example_short_circuit_decorator.py
[2024-11-11T03:27:14.422+0000] {processor.py:914} INFO - Processing file /home/airflow/.local/lib/python3.12/site-packages/airflow/example_dags/example_short_circuit_decorator.py for tasks to queue
[2024-11-11T03:27:14.426+0000] {logging_mixin.py:190} INFO - [2024-11-11T03:27:14.426+0000] {dagbag.py:588} INFO - Filling up the DagBag from /home/airflow/.local/lib/python3.12/site-packages/airflow/example_dags/example_short_circuit_decorator.py
[2024-11-11T03:27:14.436+0000] {processor.py:925} INFO - DAG(s) 'example_short_circuit_decorator' retrieved from /home/airflow/.local/lib/python3.12/site-packages/airflow/example_dags/example_short_circuit_decorator.py
[2024-11-11T03:27:14.456+0000] {logging_mixin.py:190} INFO - [2024-11-11T03:27:14.456+0000] {dag.py:3239} INFO - Sync 1 DAGs
[2024-11-11T03:27:14.465+0000] {logging_mixin.py:190} INFO - [2024-11-11T03:27:14.465+0000] {dag.py:4180} INFO - Setting next_dagrun for example_short_circuit_decorator to None, run_after=None
[2024-11-11T03:27:14.477+0000] {processor.py:208} INFO - Processing /home/airflow/.local/lib/python3.12/site-packages/airflow/example_dags/example_short_circuit_decorator.py took 0.063 seconds
[2024-11-11T03:27:45.168+0000] {processor.py:186} INFO - Started process (PID=6428) to work on /home/airflow/.local/lib/python3.12/site-packages/airflow/example_dags/example_short_circuit_decorator.py
[2024-11-11T03:27:45.168+0000] {processor.py:914} INFO - Processing file /home/airflow/.local/lib/python3.12/site-packages/airflow/example_dags/example_short_circuit_decorator.py for tasks to queue
[2024-11-11T03:27:45.170+0000] {logging_mixin.py:190} INFO - [2024-11-11T03:27:45.170+0000] {dagbag.py:588} INFO - Filling up the DagBag from /home/airflow/.local/lib/python3.12/site-packages/airflow/example_dags/example_short_circuit_decorator.py
[2024-11-11T03:27:45.177+0000] {processor.py:925} INFO - DAG(s) 'example_short_circuit_decorator' retrieved from /home/airflow/.local/lib/python3.12/site-packages/airflow/example_dags/example_short_circuit_decorator.py
[2024-11-11T03:27:45.191+0000] {logging_mixin.py:190} INFO - [2024-11-11T03:27:45.191+0000] {dag.py:3239} INFO - Sync 1 DAGs
[2024-11-11T03:27:45.199+0000] {logging_mixin.py:190} INFO - [2024-11-11T03:27:45.199+0000] {dag.py:4180} INFO - Setting next_dagrun for example_short_circuit_decorator to None, run_after=None
[2024-11-11T03:27:45.212+0000] {processor.py:208} INFO - Processing /home/airflow/.local/lib/python3.12/site-packages/airflow/example_dags/example_short_circuit_decorator.py took 0.048 seconds
[2024-11-11T03:28:15.935+0000] {processor.py:186} INFO - Started process (PID=6491) to work on /home/airflow/.local/lib/python3.12/site-packages/airflow/example_dags/example_short_circuit_decorator.py
[2024-11-11T03:28:15.935+0000] {processor.py:914} INFO - Processing file /home/airflow/.local/lib/python3.12/site-packages/airflow/example_dags/example_short_circuit_decorator.py for tasks to queue
[2024-11-11T03:28:15.937+0000] {logging_mixin.py:190} INFO - [2024-11-11T03:28:15.937+0000] {dagbag.py:588} INFO - Filling up the DagBag from /home/airflow/.local/lib/python3.12/site-packages/airflow/example_dags/example_short_circuit_decorator.py
[2024-11-11T03:28:15.943+0000] {processor.py:925} INFO - DAG(s) 'example_short_circuit_decorator' retrieved from /home/airflow/.local/lib/python3.12/site-packages/airflow/example_dags/example_short_circuit_decorator.py
[2024-11-11T03:28:15.956+0000] {logging_mixin.py:190} INFO - [2024-11-11T03:28:15.956+0000] {dag.py:3239} INFO - Sync 1 DAGs
[2024-11-11T03:28:15.964+0000] {logging_mixin.py:190} INFO - [2024-11-11T03:28:15.964+0000] {dag.py:4180} INFO - Setting next_dagrun for example_short_circuit_decorator to None, run_after=None
[2024-11-11T03:28:15.975+0000] {processor.py:208} INFO - Processing /home/airflow/.local/lib/python3.12/site-packages/airflow/example_dags/example_short_circuit_decorator.py took 0.043 seconds
[2024-11-11T03:28:46.702+0000] {processor.py:186} INFO - Started process (PID=6554) to work on /home/airflow/.local/lib/python3.12/site-packages/airflow/example_dags/example_short_circuit_decorator.py
[2024-11-11T03:28:46.703+0000] {processor.py:914} INFO - Processing file /home/airflow/.local/lib/python3.12/site-packages/airflow/example_dags/example_short_circuit_decorator.py for tasks to queue
[2024-11-11T03:28:46.704+0000] {logging_mixin.py:190} INFO - [2024-11-11T03:28:46.704+0000] {dagbag.py:588} INFO - Filling up the DagBag from /home/airflow/.local/lib/python3.12/site-packages/airflow/example_dags/example_short_circuit_decorator.py
[2024-11-11T03:28:46.710+0000] {processor.py:925} INFO - DAG(s) 'example_short_circuit_decorator' retrieved from /home/airflow/.local/lib/python3.12/site-packages/airflow/example_dags/example_short_circuit_decorator.py
[2024-11-11T03:28:46.721+0000] {logging_mixin.py:190} INFO - [2024-11-11T03:28:46.721+0000] {dag.py:3239} INFO - Sync 1 DAGs
[2024-11-11T03:28:46.728+0000] {logging_mixin.py:190} INFO - [2024-11-11T03:28:46.728+0000] {dag.py:4180} INFO - Setting next_dagrun for example_short_circuit_decorator to None, run_after=None
[2024-11-11T03:28:46.737+0000] {processor.py:208} INFO - Processing /home/airflow/.local/lib/python3.12/site-packages/airflow/example_dags/example_short_circuit_decorator.py took 0.038 seconds
[2024-11-11T03:29:17.551+0000] {processor.py:186} INFO - Started process (PID=6617) to work on /home/airflow/.local/lib/python3.12/site-packages/airflow/example_dags/example_short_circuit_decorator.py
[2024-11-11T03:29:17.552+0000] {processor.py:914} INFO - Processing file /home/airflow/.local/lib/python3.12/site-packages/airflow/example_dags/example_short_circuit_decorator.py for tasks to queue
[2024-11-11T03:29:17.554+0000] {logging_mixin.py:190} INFO - [2024-11-11T03:29:17.554+0000] {dagbag.py:588} INFO - Filling up the DagBag from /home/airflow/.local/lib/python3.12/site-packages/airflow/example_dags/example_short_circuit_decorator.py
[2024-11-11T03:29:17.561+0000] {processor.py:925} INFO - DAG(s) 'example_short_circuit_decorator' retrieved from /home/airflow/.local/lib/python3.12/site-packages/airflow/example_dags/example_short_circuit_decorator.py
[2024-11-11T03:29:17.576+0000] {logging_mixin.py:190} INFO - [2024-11-11T03:29:17.576+0000] {dag.py:3239} INFO - Sync 1 DAGs
[2024-11-11T03:29:17.585+0000] {logging_mixin.py:190} INFO - [2024-11-11T03:29:17.585+0000] {dag.py:4180} INFO - Setting next_dagrun for example_short_circuit_decorator to None, run_after=None
[2024-11-11T03:29:17.595+0000] {processor.py:208} INFO - Processing /home/airflow/.local/lib/python3.12/site-packages/airflow/example_dags/example_short_circuit_decorator.py took 0.047 seconds
[2024-11-11T03:29:48.397+0000] {processor.py:186} INFO - Started process (PID=6679) to work on /home/airflow/.local/lib/python3.12/site-packages/airflow/example_dags/example_short_circuit_decorator.py
[2024-11-11T03:29:48.398+0000] {processor.py:914} INFO - Processing file /home/airflow/.local/lib/python3.12/site-packages/airflow/example_dags/example_short_circuit_decorator.py for tasks to queue
[2024-11-11T03:29:48.399+0000] {logging_mixin.py:190} INFO - [2024-11-11T03:29:48.399+0000] {dagbag.py:588} INFO - Filling up the DagBag from /home/airflow/.local/lib/python3.12/site-packages/airflow/example_dags/example_short_circuit_decorator.py
[2024-11-11T03:29:48.406+0000] {processor.py:925} INFO - DAG(s) 'example_short_circuit_decorator' retrieved from /home/airflow/.local/lib/python3.12/site-packages/airflow/example_dags/example_short_circuit_decorator.py
[2024-11-11T03:29:48.420+0000] {logging_mixin.py:190} INFO - [2024-11-11T03:29:48.420+0000] {dag.py:3239} INFO - Sync 1 DAGs
[2024-11-11T03:29:48.429+0000] {logging_mixin.py:190} INFO - [2024-11-11T03:29:48.429+0000] {dag.py:4180} INFO - Setting next_dagrun for example_short_circuit_decorator to None, run_after=None
[2024-11-11T03:29:48.441+0000] {processor.py:208} INFO - Processing /home/airflow/.local/lib/python3.12/site-packages/airflow/example_dags/example_short_circuit_decorator.py took 0.048 seconds
[2024-11-11T03:30:19.349+0000] {processor.py:186} INFO - Started process (PID=6742) to work on /home/airflow/.local/lib/python3.12/site-packages/airflow/example_dags/example_short_circuit_decorator.py
[2024-11-11T03:30:19.350+0000] {processor.py:914} INFO - Processing file /home/airflow/.local/lib/python3.12/site-packages/airflow/example_dags/example_short_circuit_decorator.py for tasks to queue
[2024-11-11T03:30:19.352+0000] {logging_mixin.py:190} INFO - [2024-11-11T03:30:19.351+0000] {dagbag.py:588} INFO - Filling up the DagBag from /home/airflow/.local/lib/python3.12/site-packages/airflow/example_dags/example_short_circuit_decorator.py
[2024-11-11T03:30:19.358+0000] {processor.py:925} INFO - DAG(s) 'example_short_circuit_decorator' retrieved from /home/airflow/.local/lib/python3.12/site-packages/airflow/example_dags/example_short_circuit_decorator.py
[2024-11-11T03:30:19.371+0000] {logging_mixin.py:190} INFO - [2024-11-11T03:30:19.371+0000] {dag.py:3239} INFO - Sync 1 DAGs
[2024-11-11T03:30:19.380+0000] {logging_mixin.py:190} INFO - [2024-11-11T03:30:19.380+0000] {dag.py:4180} INFO - Setting next_dagrun for example_short_circuit_decorator to None, run_after=None
[2024-11-11T03:30:19.392+0000] {processor.py:208} INFO - Processing /home/airflow/.local/lib/python3.12/site-packages/airflow/example_dags/example_short_circuit_decorator.py took 0.046 seconds
[2024-11-11T03:30:50.459+0000] {processor.py:186} INFO - Started process (PID=6804) to work on /home/airflow/.local/lib/python3.12/site-packages/airflow/example_dags/example_short_circuit_decorator.py
[2024-11-11T03:30:50.460+0000] {processor.py:914} INFO - Processing file /home/airflow/.local/lib/python3.12/site-packages/airflow/example_dags/example_short_circuit_decorator.py for tasks to queue
[2024-11-11T03:30:50.463+0000] {logging_mixin.py:190} INFO - [2024-11-11T03:30:50.463+0000] {dagbag.py:588} INFO - Filling up the DagBag from /home/airflow/.local/lib/python3.12/site-packages/airflow/example_dags/example_short_circuit_decorator.py
[2024-11-11T03:30:50.473+0000] {processor.py:925} INFO - DAG(s) 'example_short_circuit_decorator' retrieved from /home/airflow/.local/lib/python3.12/site-packages/airflow/example_dags/example_short_circuit_decorator.py
[2024-11-11T03:30:50.489+0000] {logging_mixin.py:190} INFO - [2024-11-11T03:30:50.489+0000] {dag.py:3239} INFO - Sync 1 DAGs
[2024-11-11T03:30:50.499+0000] {logging_mixin.py:190} INFO - [2024-11-11T03:30:50.499+0000] {dag.py:4180} INFO - Setting next_dagrun for example_short_circuit_decorator to None, run_after=None
[2024-11-11T03:30:50.512+0000] {processor.py:208} INFO - Processing /home/airflow/.local/lib/python3.12/site-packages/airflow/example_dags/example_short_circuit_decorator.py took 0.058 seconds
[2024-11-11T03:31:21.353+0000] {processor.py:186} INFO - Started process (PID=6868) to work on /home/airflow/.local/lib/python3.12/site-packages/airflow/example_dags/example_short_circuit_decorator.py
[2024-11-11T03:31:21.353+0000] {processor.py:914} INFO - Processing file /home/airflow/.local/lib/python3.12/site-packages/airflow/example_dags/example_short_circuit_decorator.py for tasks to queue
[2024-11-11T03:31:21.355+0000] {logging_mixin.py:190} INFO - [2024-11-11T03:31:21.355+0000] {dagbag.py:588} INFO - Filling up the DagBag from /home/airflow/.local/lib/python3.12/site-packages/airflow/example_dags/example_short_circuit_decorator.py
[2024-11-11T03:31:21.361+0000] {processor.py:925} INFO - DAG(s) 'example_short_circuit_decorator' retrieved from /home/airflow/.local/lib/python3.12/site-packages/airflow/example_dags/example_short_circuit_decorator.py
[2024-11-11T03:31:21.373+0000] {logging_mixin.py:190} INFO - [2024-11-11T03:31:21.373+0000] {dag.py:3239} INFO - Sync 1 DAGs
[2024-11-11T03:31:21.380+0000] {logging_mixin.py:190} INFO - [2024-11-11T03:31:21.380+0000] {dag.py:4180} INFO - Setting next_dagrun for example_short_circuit_decorator to None, run_after=None
[2024-11-11T03:31:21.390+0000] {processor.py:208} INFO - Processing /home/airflow/.local/lib/python3.12/site-packages/airflow/example_dags/example_short_circuit_decorator.py took 0.041 seconds
[2024-11-11T03:31:52.236+0000] {processor.py:186} INFO - Started process (PID=6930) to work on /home/airflow/.local/lib/python3.12/site-packages/airflow/example_dags/example_short_circuit_decorator.py
[2024-11-11T03:31:52.237+0000] {processor.py:914} INFO - Processing file /home/airflow/.local/lib/python3.12/site-packages/airflow/example_dags/example_short_circuit_decorator.py for tasks to queue
[2024-11-11T03:31:52.238+0000] {logging_mixin.py:190} INFO - [2024-11-11T03:31:52.238+0000] {dagbag.py:588} INFO - Filling up the DagBag from /home/airflow/.local/lib/python3.12/site-packages/airflow/example_dags/example_short_circuit_decorator.py
[2024-11-11T03:31:52.245+0000] {processor.py:925} INFO - DAG(s) 'example_short_circuit_decorator' retrieved from /home/airflow/.local/lib/python3.12/site-packages/airflow/example_dags/example_short_circuit_decorator.py
[2024-11-11T03:31:52.259+0000] {logging_mixin.py:190} INFO - [2024-11-11T03:31:52.259+0000] {dag.py:3239} INFO - Sync 1 DAGs
[2024-11-11T03:31:52.267+0000] {logging_mixin.py:190} INFO - [2024-11-11T03:31:52.267+0000] {dag.py:4180} INFO - Setting next_dagrun for example_short_circuit_decorator to None, run_after=None
[2024-11-11T03:31:52.279+0000] {processor.py:208} INFO - Processing /home/airflow/.local/lib/python3.12/site-packages/airflow/example_dags/example_short_circuit_decorator.py took 0.047 seconds
[2024-11-11T03:32:23.655+0000] {processor.py:186} INFO - Started process (PID=6993) to work on /home/airflow/.local/lib/python3.12/site-packages/airflow/example_dags/example_short_circuit_decorator.py
[2024-11-11T03:32:23.656+0000] {processor.py:914} INFO - Processing file /home/airflow/.local/lib/python3.12/site-packages/airflow/example_dags/example_short_circuit_decorator.py for tasks to queue
[2024-11-11T03:32:23.658+0000] {logging_mixin.py:190} INFO - [2024-11-11T03:32:23.657+0000] {dagbag.py:588} INFO - Filling up the DagBag from /home/airflow/.local/lib/python3.12/site-packages/airflow/example_dags/example_short_circuit_decorator.py
[2024-11-11T03:32:23.664+0000] {processor.py:925} INFO - DAG(s) 'example_short_circuit_decorator' retrieved from /home/airflow/.local/lib/python3.12/site-packages/airflow/example_dags/example_short_circuit_decorator.py
[2024-11-11T03:32:23.676+0000] {logging_mixin.py:190} INFO - [2024-11-11T03:32:23.675+0000] {dag.py:3239} INFO - Sync 1 DAGs
[2024-11-11T03:32:23.682+0000] {logging_mixin.py:190} INFO - [2024-11-11T03:32:23.682+0000] {dag.py:4180} INFO - Setting next_dagrun for example_short_circuit_decorator to None, run_after=None
[2024-11-11T03:32:23.691+0000] {processor.py:208} INFO - Processing /home/airflow/.local/lib/python3.12/site-packages/airflow/example_dags/example_short_circuit_decorator.py took 0.039 seconds
[2024-11-11T03:32:54.736+0000] {processor.py:186} INFO - Started process (PID=7057) to work on /home/airflow/.local/lib/python3.12/site-packages/airflow/example_dags/example_short_circuit_decorator.py
[2024-11-11T03:32:54.737+0000] {processor.py:914} INFO - Processing file /home/airflow/.local/lib/python3.12/site-packages/airflow/example_dags/example_short_circuit_decorator.py for tasks to queue
[2024-11-11T03:32:54.738+0000] {logging_mixin.py:190} INFO - [2024-11-11T03:32:54.738+0000] {dagbag.py:588} INFO - Filling up the DagBag from /home/airflow/.local/lib/python3.12/site-packages/airflow/example_dags/example_short_circuit_decorator.py
[2024-11-11T03:32:54.745+0000] {processor.py:925} INFO - DAG(s) 'example_short_circuit_decorator' retrieved from /home/airflow/.local/lib/python3.12/site-packages/airflow/example_dags/example_short_circuit_decorator.py
[2024-11-11T03:32:54.758+0000] {logging_mixin.py:190} INFO - [2024-11-11T03:32:54.758+0000] {dag.py:3239} INFO - Sync 1 DAGs
[2024-11-11T03:32:54.767+0000] {logging_mixin.py:190} INFO - [2024-11-11T03:32:54.766+0000] {dag.py:4180} INFO - Setting next_dagrun for example_short_circuit_decorator to None, run_after=None
[2024-11-11T03:32:54.777+0000] {processor.py:208} INFO - Processing /home/airflow/.local/lib/python3.12/site-packages/airflow/example_dags/example_short_circuit_decorator.py took 0.045 seconds
[2024-11-11T03:33:25.555+0000] {processor.py:186} INFO - Started process (PID=7121) to work on /home/airflow/.local/lib/python3.12/site-packages/airflow/example_dags/example_short_circuit_decorator.py
[2024-11-11T03:33:25.556+0000] {processor.py:914} INFO - Processing file /home/airflow/.local/lib/python3.12/site-packages/airflow/example_dags/example_short_circuit_decorator.py for tasks to queue
[2024-11-11T03:33:25.557+0000] {logging_mixin.py:190} INFO - [2024-11-11T03:33:25.557+0000] {dagbag.py:588} INFO - Filling up the DagBag from /home/airflow/.local/lib/python3.12/site-packages/airflow/example_dags/example_short_circuit_decorator.py
[2024-11-11T03:33:25.563+0000] {processor.py:925} INFO - DAG(s) 'example_short_circuit_decorator' retrieved from /home/airflow/.local/lib/python3.12/site-packages/airflow/example_dags/example_short_circuit_decorator.py
[2024-11-11T03:33:25.575+0000] {logging_mixin.py:190} INFO - [2024-11-11T03:33:25.575+0000] {dag.py:3239} INFO - Sync 1 DAGs
[2024-11-11T03:33:25.582+0000] {logging_mixin.py:190} INFO - [2024-11-11T03:33:25.581+0000] {dag.py:4180} INFO - Setting next_dagrun for example_short_circuit_decorator to None, run_after=None
[2024-11-11T03:33:25.590+0000] {processor.py:208} INFO - Processing /home/airflow/.local/lib/python3.12/site-packages/airflow/example_dags/example_short_circuit_decorator.py took 0.038 seconds
[2024-11-11T03:33:56.386+0000] {processor.py:186} INFO - Started process (PID=7184) to work on /home/airflow/.local/lib/python3.12/site-packages/airflow/example_dags/example_short_circuit_decorator.py
[2024-11-11T03:33:56.386+0000] {processor.py:914} INFO - Processing file /home/airflow/.local/lib/python3.12/site-packages/airflow/example_dags/example_short_circuit_decorator.py for tasks to queue
[2024-11-11T03:33:56.388+0000] {logging_mixin.py:190} INFO - [2024-11-11T03:33:56.388+0000] {dagbag.py:588} INFO - Filling up the DagBag from /home/airflow/.local/lib/python3.12/site-packages/airflow/example_dags/example_short_circuit_decorator.py
[2024-11-11T03:33:56.394+0000] {processor.py:925} INFO - DAG(s) 'example_short_circuit_decorator' retrieved from /home/airflow/.local/lib/python3.12/site-packages/airflow/example_dags/example_short_circuit_decorator.py
[2024-11-11T03:33:56.406+0000] {logging_mixin.py:190} INFO - [2024-11-11T03:33:56.406+0000] {dag.py:3239} INFO - Sync 1 DAGs
[2024-11-11T03:33:56.413+0000] {logging_mixin.py:190} INFO - [2024-11-11T03:33:56.413+0000] {dag.py:4180} INFO - Setting next_dagrun for example_short_circuit_decorator to None, run_after=None
[2024-11-11T03:33:56.422+0000] {processor.py:208} INFO - Processing /home/airflow/.local/lib/python3.12/site-packages/airflow/example_dags/example_short_circuit_decorator.py took 0.040 seconds
[2024-11-11T03:34:27.085+0000] {processor.py:186} INFO - Started process (PID=7246) to work on /home/airflow/.local/lib/python3.12/site-packages/airflow/example_dags/example_short_circuit_decorator.py
[2024-11-11T03:34:27.085+0000] {processor.py:914} INFO - Processing file /home/airflow/.local/lib/python3.12/site-packages/airflow/example_dags/example_short_circuit_decorator.py for tasks to queue
[2024-11-11T03:34:27.087+0000] {logging_mixin.py:190} INFO - [2024-11-11T03:34:27.087+0000] {dagbag.py:588} INFO - Filling up the DagBag from /home/airflow/.local/lib/python3.12/site-packages/airflow/example_dags/example_short_circuit_decorator.py
[2024-11-11T03:34:27.095+0000] {processor.py:925} INFO - DAG(s) 'example_short_circuit_decorator' retrieved from /home/airflow/.local/lib/python3.12/site-packages/airflow/example_dags/example_short_circuit_decorator.py
[2024-11-11T03:34:27.110+0000] {logging_mixin.py:190} INFO - [2024-11-11T03:34:27.110+0000] {dag.py:3239} INFO - Sync 1 DAGs
[2024-11-11T03:34:27.117+0000] {logging_mixin.py:190} INFO - [2024-11-11T03:34:27.117+0000] {dag.py:4180} INFO - Setting next_dagrun for example_short_circuit_decorator to None, run_after=None
[2024-11-11T03:34:27.125+0000] {processor.py:208} INFO - Processing /home/airflow/.local/lib/python3.12/site-packages/airflow/example_dags/example_short_circuit_decorator.py took 0.045 seconds
[2024-11-11T03:34:57.858+0000] {processor.py:186} INFO - Started process (PID=7309) to work on /home/airflow/.local/lib/python3.12/site-packages/airflow/example_dags/example_short_circuit_decorator.py
[2024-11-11T03:34:57.859+0000] {processor.py:914} INFO - Processing file /home/airflow/.local/lib/python3.12/site-packages/airflow/example_dags/example_short_circuit_decorator.py for tasks to queue
[2024-11-11T03:34:57.860+0000] {logging_mixin.py:190} INFO - [2024-11-11T03:34:57.860+0000] {dagbag.py:588} INFO - Filling up the DagBag from /home/airflow/.local/lib/python3.12/site-packages/airflow/example_dags/example_short_circuit_decorator.py
[2024-11-11T03:34:57.865+0000] {processor.py:925} INFO - DAG(s) 'example_short_circuit_decorator' retrieved from /home/airflow/.local/lib/python3.12/site-packages/airflow/example_dags/example_short_circuit_decorator.py
[2024-11-11T03:34:57.877+0000] {logging_mixin.py:190} INFO - [2024-11-11T03:34:57.877+0000] {dag.py:3239} INFO - Sync 1 DAGs
[2024-11-11T03:34:57.884+0000] {logging_mixin.py:190} INFO - [2024-11-11T03:34:57.884+0000] {dag.py:4180} INFO - Setting next_dagrun for example_short_circuit_decorator to None, run_after=None
[2024-11-11T03:34:57.893+0000] {processor.py:208} INFO - Processing /home/airflow/.local/lib/python3.12/site-packages/airflow/example_dags/example_short_circuit_decorator.py took 0.038 seconds
[2024-11-11T03:35:28.612+0000] {processor.py:186} INFO - Started process (PID=7372) to work on /home/airflow/.local/lib/python3.12/site-packages/airflow/example_dags/example_short_circuit_decorator.py
[2024-11-11T03:35:28.613+0000] {processor.py:914} INFO - Processing file /home/airflow/.local/lib/python3.12/site-packages/airflow/example_dags/example_short_circuit_decorator.py for tasks to queue
[2024-11-11T03:35:28.615+0000] {logging_mixin.py:190} INFO - [2024-11-11T03:35:28.615+0000] {dagbag.py:588} INFO - Filling up the DagBag from /home/airflow/.local/lib/python3.12/site-packages/airflow/example_dags/example_short_circuit_decorator.py
[2024-11-11T03:35:28.620+0000] {processor.py:925} INFO - DAG(s) 'example_short_circuit_decorator' retrieved from /home/airflow/.local/lib/python3.12/site-packages/airflow/example_dags/example_short_circuit_decorator.py
[2024-11-11T03:35:28.632+0000] {logging_mixin.py:190} INFO - [2024-11-11T03:35:28.632+0000] {dag.py:3239} INFO - Sync 1 DAGs
[2024-11-11T03:35:28.639+0000] {logging_mixin.py:190} INFO - [2024-11-11T03:35:28.638+0000] {dag.py:4180} INFO - Setting next_dagrun for example_short_circuit_decorator to None, run_after=None
[2024-11-11T03:35:28.647+0000] {processor.py:208} INFO - Processing /home/airflow/.local/lib/python3.12/site-packages/airflow/example_dags/example_short_circuit_decorator.py took 0.041 seconds
[2024-11-11T03:35:59.314+0000] {processor.py:186} INFO - Started process (PID=7434) to work on /home/airflow/.local/lib/python3.12/site-packages/airflow/example_dags/example_short_circuit_decorator.py
[2024-11-11T03:35:59.314+0000] {processor.py:914} INFO - Processing file /home/airflow/.local/lib/python3.12/site-packages/airflow/example_dags/example_short_circuit_decorator.py for tasks to queue
[2024-11-11T03:35:59.316+0000] {logging_mixin.py:190} INFO - [2024-11-11T03:35:59.316+0000] {dagbag.py:588} INFO - Filling up the DagBag from /home/airflow/.local/lib/python3.12/site-packages/airflow/example_dags/example_short_circuit_decorator.py
[2024-11-11T03:35:59.322+0000] {processor.py:925} INFO - DAG(s) 'example_short_circuit_decorator' retrieved from /home/airflow/.local/lib/python3.12/site-packages/airflow/example_dags/example_short_circuit_decorator.py
[2024-11-11T03:35:59.335+0000] {logging_mixin.py:190} INFO - [2024-11-11T03:35:59.335+0000] {dag.py:3239} INFO - Sync 1 DAGs
[2024-11-11T03:35:59.343+0000] {logging_mixin.py:190} INFO - [2024-11-11T03:35:59.342+0000] {dag.py:4180} INFO - Setting next_dagrun for example_short_circuit_decorator to None, run_after=None
[2024-11-11T03:35:59.352+0000] {processor.py:208} INFO - Processing /home/airflow/.local/lib/python3.12/site-packages/airflow/example_dags/example_short_circuit_decorator.py took 0.042 seconds
[2024-11-11T03:36:29.980+0000] {processor.py:186} INFO - Started process (PID=7497) to work on /home/airflow/.local/lib/python3.12/site-packages/airflow/example_dags/example_short_circuit_decorator.py
[2024-11-11T03:36:29.981+0000] {processor.py:914} INFO - Processing file /home/airflow/.local/lib/python3.12/site-packages/airflow/example_dags/example_short_circuit_decorator.py for tasks to queue
[2024-11-11T03:36:29.982+0000] {logging_mixin.py:190} INFO - [2024-11-11T03:36:29.982+0000] {dagbag.py:588} INFO - Filling up the DagBag from /home/airflow/.local/lib/python3.12/site-packages/airflow/example_dags/example_short_circuit_decorator.py
[2024-11-11T03:36:29.988+0000] {processor.py:925} INFO - DAG(s) 'example_short_circuit_decorator' retrieved from /home/airflow/.local/lib/python3.12/site-packages/airflow/example_dags/example_short_circuit_decorator.py
[2024-11-11T03:36:30.000+0000] {logging_mixin.py:190} INFO - [2024-11-11T03:36:29.999+0000] {dag.py:3239} INFO - Sync 1 DAGs
[2024-11-11T03:36:30.007+0000] {logging_mixin.py:190} INFO - [2024-11-11T03:36:30.007+0000] {dag.py:4180} INFO - Setting next_dagrun for example_short_circuit_decorator to None, run_after=None
[2024-11-11T03:36:30.016+0000] {processor.py:208} INFO - Processing /home/airflow/.local/lib/python3.12/site-packages/airflow/example_dags/example_short_circuit_decorator.py took 0.040 seconds
[2024-11-11T03:37:00.750+0000] {processor.py:186} INFO - Started process (PID=7560) to work on /home/airflow/.local/lib/python3.12/site-packages/airflow/example_dags/example_short_circuit_decorator.py
[2024-11-11T03:37:00.751+0000] {processor.py:914} INFO - Processing file /home/airflow/.local/lib/python3.12/site-packages/airflow/example_dags/example_short_circuit_decorator.py for tasks to queue
[2024-11-11T03:37:00.752+0000] {logging_mixin.py:190} INFO - [2024-11-11T03:37:00.752+0000] {dagbag.py:588} INFO - Filling up the DagBag from /home/airflow/.local/lib/python3.12/site-packages/airflow/example_dags/example_short_circuit_decorator.py
[2024-11-11T03:37:00.759+0000] {processor.py:925} INFO - DAG(s) 'example_short_circuit_decorator' retrieved from /home/airflow/.local/lib/python3.12/site-packages/airflow/example_dags/example_short_circuit_decorator.py
[2024-11-11T03:37:00.772+0000] {logging_mixin.py:190} INFO - [2024-11-11T03:37:00.772+0000] {dag.py:3239} INFO - Sync 1 DAGs
[2024-11-11T03:37:00.780+0000] {logging_mixin.py:190} INFO - [2024-11-11T03:37:00.780+0000] {dag.py:4180} INFO - Setting next_dagrun for example_short_circuit_decorator to None, run_after=None
[2024-11-11T03:37:00.793+0000] {processor.py:208} INFO - Processing /home/airflow/.local/lib/python3.12/site-packages/airflow/example_dags/example_short_circuit_decorator.py took 0.047 seconds
[2024-11-11T03:37:31.341+0000] {processor.py:186} INFO - Started process (PID=7628) to work on /home/airflow/.local/lib/python3.12/site-packages/airflow/example_dags/example_short_circuit_decorator.py
[2024-11-11T03:37:31.341+0000] {processor.py:914} INFO - Processing file /home/airflow/.local/lib/python3.12/site-packages/airflow/example_dags/example_short_circuit_decorator.py for tasks to queue
[2024-11-11T03:37:31.343+0000] {logging_mixin.py:190} INFO - [2024-11-11T03:37:31.342+0000] {dagbag.py:588} INFO - Filling up the DagBag from /home/airflow/.local/lib/python3.12/site-packages/airflow/example_dags/example_short_circuit_decorator.py
[2024-11-11T03:37:31.348+0000] {processor.py:925} INFO - DAG(s) 'example_short_circuit_decorator' retrieved from /home/airflow/.local/lib/python3.12/site-packages/airflow/example_dags/example_short_circuit_decorator.py
[2024-11-11T03:37:31.360+0000] {logging_mixin.py:190} INFO - [2024-11-11T03:37:31.360+0000] {dag.py:3239} INFO - Sync 1 DAGs
[2024-11-11T03:37:31.367+0000] {logging_mixin.py:190} INFO - [2024-11-11T03:37:31.367+0000] {dag.py:4180} INFO - Setting next_dagrun for example_short_circuit_decorator to None, run_after=None
[2024-11-11T03:37:31.377+0000] {processor.py:208} INFO - Processing /home/airflow/.local/lib/python3.12/site-packages/airflow/example_dags/example_short_circuit_decorator.py took 0.040 seconds
[2024-11-11T03:38:01.940+0000] {processor.py:186} INFO - Started process (PID=7690) to work on /home/airflow/.local/lib/python3.12/site-packages/airflow/example_dags/example_short_circuit_decorator.py
[2024-11-11T03:38:01.941+0000] {processor.py:914} INFO - Processing file /home/airflow/.local/lib/python3.12/site-packages/airflow/example_dags/example_short_circuit_decorator.py for tasks to queue
[2024-11-11T03:38:01.943+0000] {logging_mixin.py:190} INFO - [2024-11-11T03:38:01.943+0000] {dagbag.py:588} INFO - Filling up the DagBag from /home/airflow/.local/lib/python3.12/site-packages/airflow/example_dags/example_short_circuit_decorator.py
[2024-11-11T03:38:01.949+0000] {processor.py:925} INFO - DAG(s) 'example_short_circuit_decorator' retrieved from /home/airflow/.local/lib/python3.12/site-packages/airflow/example_dags/example_short_circuit_decorator.py
[2024-11-11T03:38:01.961+0000] {logging_mixin.py:190} INFO - [2024-11-11T03:38:01.960+0000] {dag.py:3239} INFO - Sync 1 DAGs
[2024-11-11T03:38:01.967+0000] {logging_mixin.py:190} INFO - [2024-11-11T03:38:01.967+0000] {dag.py:4180} INFO - Setting next_dagrun for example_short_circuit_decorator to None, run_after=None
[2024-11-11T03:38:01.976+0000] {processor.py:208} INFO - Processing /home/airflow/.local/lib/python3.12/site-packages/airflow/example_dags/example_short_circuit_decorator.py took 0.038 seconds
[2024-11-11T03:38:32.597+0000] {processor.py:186} INFO - Started process (PID=7753) to work on /home/airflow/.local/lib/python3.12/site-packages/airflow/example_dags/example_short_circuit_decorator.py
[2024-11-11T03:38:32.598+0000] {processor.py:914} INFO - Processing file /home/airflow/.local/lib/python3.12/site-packages/airflow/example_dags/example_short_circuit_decorator.py for tasks to queue
[2024-11-11T03:38:32.599+0000] {logging_mixin.py:190} INFO - [2024-11-11T03:38:32.599+0000] {dagbag.py:588} INFO - Filling up the DagBag from /home/airflow/.local/lib/python3.12/site-packages/airflow/example_dags/example_short_circuit_decorator.py
[2024-11-11T03:38:32.605+0000] {processor.py:925} INFO - DAG(s) 'example_short_circuit_decorator' retrieved from /home/airflow/.local/lib/python3.12/site-packages/airflow/example_dags/example_short_circuit_decorator.py
[2024-11-11T03:38:32.617+0000] {logging_mixin.py:190} INFO - [2024-11-11T03:38:32.617+0000] {dag.py:3239} INFO - Sync 1 DAGs
[2024-11-11T03:38:32.624+0000] {logging_mixin.py:190} INFO - [2024-11-11T03:38:32.624+0000] {dag.py:4180} INFO - Setting next_dagrun for example_short_circuit_decorator to None, run_after=None
[2024-11-11T03:38:32.632+0000] {processor.py:208} INFO - Processing /home/airflow/.local/lib/python3.12/site-packages/airflow/example_dags/example_short_circuit_decorator.py took 0.039 seconds
[2024-11-11T03:39:03.275+0000] {processor.py:186} INFO - Started process (PID=7816) to work on /home/airflow/.local/lib/python3.12/site-packages/airflow/example_dags/example_short_circuit_decorator.py
[2024-11-11T03:39:03.276+0000] {processor.py:914} INFO - Processing file /home/airflow/.local/lib/python3.12/site-packages/airflow/example_dags/example_short_circuit_decorator.py for tasks to queue
[2024-11-11T03:39:03.277+0000] {logging_mixin.py:190} INFO - [2024-11-11T03:39:03.277+0000] {dagbag.py:588} INFO - Filling up the DagBag from /home/airflow/.local/lib/python3.12/site-packages/airflow/example_dags/example_short_circuit_decorator.py
[2024-11-11T03:39:03.283+0000] {processor.py:925} INFO - DAG(s) 'example_short_circuit_decorator' retrieved from /home/airflow/.local/lib/python3.12/site-packages/airflow/example_dags/example_short_circuit_decorator.py
[2024-11-11T03:39:03.295+0000] {logging_mixin.py:190} INFO - [2024-11-11T03:39:03.295+0000] {dag.py:3239} INFO - Sync 1 DAGs
[2024-11-11T03:39:03.302+0000] {logging_mixin.py:190} INFO - [2024-11-11T03:39:03.302+0000] {dag.py:4180} INFO - Setting next_dagrun for example_short_circuit_decorator to None, run_after=None
[2024-11-11T03:39:03.311+0000] {processor.py:208} INFO - Processing /home/airflow/.local/lib/python3.12/site-packages/airflow/example_dags/example_short_circuit_decorator.py took 0.039 seconds
[2024-11-11T03:39:33.990+0000] {processor.py:186} INFO - Started process (PID=7879) to work on /home/airflow/.local/lib/python3.12/site-packages/airflow/example_dags/example_short_circuit_decorator.py
[2024-11-11T03:39:33.991+0000] {processor.py:914} INFO - Processing file /home/airflow/.local/lib/python3.12/site-packages/airflow/example_dags/example_short_circuit_decorator.py for tasks to queue
[2024-11-11T03:39:33.992+0000] {logging_mixin.py:190} INFO - [2024-11-11T03:39:33.992+0000] {dagbag.py:588} INFO - Filling up the DagBag from /home/airflow/.local/lib/python3.12/site-packages/airflow/example_dags/example_short_circuit_decorator.py
[2024-11-11T03:39:33.998+0000] {processor.py:925} INFO - DAG(s) 'example_short_circuit_decorator' retrieved from /home/airflow/.local/lib/python3.12/site-packages/airflow/example_dags/example_short_circuit_decorator.py
[2024-11-11T03:39:34.012+0000] {logging_mixin.py:190} INFO - [2024-11-11T03:39:34.011+0000] {dag.py:3239} INFO - Sync 1 DAGs
[2024-11-11T03:39:34.019+0000] {logging_mixin.py:190} INFO - [2024-11-11T03:39:34.019+0000] {dag.py:4180} INFO - Setting next_dagrun for example_short_circuit_decorator to None, run_after=None
[2024-11-11T03:39:34.027+0000] {processor.py:208} INFO - Processing /home/airflow/.local/lib/python3.12/site-packages/airflow/example_dags/example_short_circuit_decorator.py took 0.041 seconds
[2024-11-11T03:40:04.606+0000] {processor.py:186} INFO - Started process (PID=7942) to work on /home/airflow/.local/lib/python3.12/site-packages/airflow/example_dags/example_short_circuit_decorator.py
[2024-11-11T03:40:04.607+0000] {processor.py:914} INFO - Processing file /home/airflow/.local/lib/python3.12/site-packages/airflow/example_dags/example_short_circuit_decorator.py for tasks to queue
[2024-11-11T03:40:04.608+0000] {logging_mixin.py:190} INFO - [2024-11-11T03:40:04.608+0000] {dagbag.py:588} INFO - Filling up the DagBag from /home/airflow/.local/lib/python3.12/site-packages/airflow/example_dags/example_short_circuit_decorator.py
[2024-11-11T03:40:04.614+0000] {processor.py:925} INFO - DAG(s) 'example_short_circuit_decorator' retrieved from /home/airflow/.local/lib/python3.12/site-packages/airflow/example_dags/example_short_circuit_decorator.py
[2024-11-11T03:40:04.626+0000] {logging_mixin.py:190} INFO - [2024-11-11T03:40:04.625+0000] {dag.py:3239} INFO - Sync 1 DAGs
[2024-11-11T03:40:04.633+0000] {logging_mixin.py:190} INFO - [2024-11-11T03:40:04.633+0000] {dag.py:4180} INFO - Setting next_dagrun for example_short_circuit_decorator to None, run_after=None
[2024-11-11T03:40:04.642+0000] {processor.py:208} INFO - Processing /home/airflow/.local/lib/python3.12/site-packages/airflow/example_dags/example_short_circuit_decorator.py took 0.040 seconds
[2024-11-11T03:40:35.400+0000] {processor.py:186} INFO - Started process (PID=8005) to work on /home/airflow/.local/lib/python3.12/site-packages/airflow/example_dags/example_short_circuit_decorator.py
[2024-11-11T03:40:35.400+0000] {processor.py:914} INFO - Processing file /home/airflow/.local/lib/python3.12/site-packages/airflow/example_dags/example_short_circuit_decorator.py for tasks to queue
[2024-11-11T03:40:35.402+0000] {logging_mixin.py:190} INFO - [2024-11-11T03:40:35.402+0000] {dagbag.py:588} INFO - Filling up the DagBag from /home/airflow/.local/lib/python3.12/site-packages/airflow/example_dags/example_short_circuit_decorator.py
[2024-11-11T03:40:35.407+0000] {processor.py:925} INFO - DAG(s) 'example_short_circuit_decorator' retrieved from /home/airflow/.local/lib/python3.12/site-packages/airflow/example_dags/example_short_circuit_decorator.py
[2024-11-11T03:40:35.419+0000] {logging_mixin.py:190} INFO - [2024-11-11T03:40:35.419+0000] {dag.py:3239} INFO - Sync 1 DAGs
[2024-11-11T03:40:35.426+0000] {logging_mixin.py:190} INFO - [2024-11-11T03:40:35.426+0000] {dag.py:4180} INFO - Setting next_dagrun for example_short_circuit_decorator to None, run_after=None
[2024-11-11T03:40:35.434+0000] {processor.py:208} INFO - Processing /home/airflow/.local/lib/python3.12/site-packages/airflow/example_dags/example_short_circuit_decorator.py took 0.038 seconds
[2024-11-11T03:41:06.208+0000] {processor.py:186} INFO - Started process (PID=8068) to work on /home/airflow/.local/lib/python3.12/site-packages/airflow/example_dags/example_short_circuit_decorator.py
[2024-11-11T03:41:06.209+0000] {processor.py:914} INFO - Processing file /home/airflow/.local/lib/python3.12/site-packages/airflow/example_dags/example_short_circuit_decorator.py for tasks to queue
[2024-11-11T03:41:06.210+0000] {logging_mixin.py:190} INFO - [2024-11-11T03:41:06.210+0000] {dagbag.py:588} INFO - Filling up the DagBag from /home/airflow/.local/lib/python3.12/site-packages/airflow/example_dags/example_short_circuit_decorator.py
[2024-11-11T03:41:06.216+0000] {processor.py:925} INFO - DAG(s) 'example_short_circuit_decorator' retrieved from /home/airflow/.local/lib/python3.12/site-packages/airflow/example_dags/example_short_circuit_decorator.py
[2024-11-11T03:41:06.227+0000] {logging_mixin.py:190} INFO - [2024-11-11T03:41:06.227+0000] {dag.py:3239} INFO - Sync 1 DAGs
[2024-11-11T03:41:06.234+0000] {logging_mixin.py:190} INFO - [2024-11-11T03:41:06.234+0000] {dag.py:4180} INFO - Setting next_dagrun for example_short_circuit_decorator to None, run_after=None
[2024-11-11T03:41:06.242+0000] {processor.py:208} INFO - Processing /home/airflow/.local/lib/python3.12/site-packages/airflow/example_dags/example_short_circuit_decorator.py took 0.037 seconds
[2024-11-11T03:41:37.033+0000] {processor.py:186} INFO - Started process (PID=8130) to work on /home/airflow/.local/lib/python3.12/site-packages/airflow/example_dags/example_short_circuit_decorator.py
[2024-11-11T03:41:37.033+0000] {processor.py:914} INFO - Processing file /home/airflow/.local/lib/python3.12/site-packages/airflow/example_dags/example_short_circuit_decorator.py for tasks to queue
[2024-11-11T03:41:37.035+0000] {logging_mixin.py:190} INFO - [2024-11-11T03:41:37.035+0000] {dagbag.py:588} INFO - Filling up the DagBag from /home/airflow/.local/lib/python3.12/site-packages/airflow/example_dags/example_short_circuit_decorator.py
[2024-11-11T03:41:37.041+0000] {processor.py:925} INFO - DAG(s) 'example_short_circuit_decorator' retrieved from /home/airflow/.local/lib/python3.12/site-packages/airflow/example_dags/example_short_circuit_decorator.py
[2024-11-11T03:41:37.055+0000] {logging_mixin.py:190} INFO - [2024-11-11T03:41:37.055+0000] {dag.py:3239} INFO - Sync 1 DAGs
[2024-11-11T03:41:37.064+0000] {logging_mixin.py:190} INFO - [2024-11-11T03:41:37.064+0000] {dag.py:4180} INFO - Setting next_dagrun for example_short_circuit_decorator to None, run_after=None
[2024-11-11T03:41:37.073+0000] {processor.py:208} INFO - Processing /home/airflow/.local/lib/python3.12/site-packages/airflow/example_dags/example_short_circuit_decorator.py took 0.046 seconds
[2024-11-11T03:42:07.781+0000] {processor.py:186} INFO - Started process (PID=8193) to work on /home/airflow/.local/lib/python3.12/site-packages/airflow/example_dags/example_short_circuit_decorator.py
[2024-11-11T03:42:07.782+0000] {processor.py:914} INFO - Processing file /home/airflow/.local/lib/python3.12/site-packages/airflow/example_dags/example_short_circuit_decorator.py for tasks to queue
[2024-11-11T03:42:07.783+0000] {logging_mixin.py:190} INFO - [2024-11-11T03:42:07.783+0000] {dagbag.py:588} INFO - Filling up the DagBag from /home/airflow/.local/lib/python3.12/site-packages/airflow/example_dags/example_short_circuit_decorator.py
[2024-11-11T03:42:07.789+0000] {processor.py:925} INFO - DAG(s) 'example_short_circuit_decorator' retrieved from /home/airflow/.local/lib/python3.12/site-packages/airflow/example_dags/example_short_circuit_decorator.py
[2024-11-11T03:42:07.802+0000] {logging_mixin.py:190} INFO - [2024-11-11T03:42:07.802+0000] {dag.py:3239} INFO - Sync 1 DAGs
[2024-11-11T03:42:07.810+0000] {logging_mixin.py:190} INFO - [2024-11-11T03:42:07.809+0000] {dag.py:4180} INFO - Setting next_dagrun for example_short_circuit_decorator to None, run_after=None
[2024-11-11T03:42:07.837+0000] {processor.py:208} INFO - Processing /home/airflow/.local/lib/python3.12/site-packages/airflow/example_dags/example_short_circuit_decorator.py took 0.059 seconds
[2024-11-11T03:42:38.540+0000] {processor.py:186} INFO - Started process (PID=8256) to work on /home/airflow/.local/lib/python3.12/site-packages/airflow/example_dags/example_short_circuit_decorator.py
[2024-11-11T03:42:38.541+0000] {processor.py:914} INFO - Processing file /home/airflow/.local/lib/python3.12/site-packages/airflow/example_dags/example_short_circuit_decorator.py for tasks to queue
[2024-11-11T03:42:38.542+0000] {logging_mixin.py:190} INFO - [2024-11-11T03:42:38.542+0000] {dagbag.py:588} INFO - Filling up the DagBag from /home/airflow/.local/lib/python3.12/site-packages/airflow/example_dags/example_short_circuit_decorator.py
[2024-11-11T03:42:38.548+0000] {processor.py:925} INFO - DAG(s) 'example_short_circuit_decorator' retrieved from /home/airflow/.local/lib/python3.12/site-packages/airflow/example_dags/example_short_circuit_decorator.py
[2024-11-11T03:42:38.560+0000] {logging_mixin.py:190} INFO - [2024-11-11T03:42:38.559+0000] {dag.py:3239} INFO - Sync 1 DAGs
[2024-11-11T03:42:38.567+0000] {logging_mixin.py:190} INFO - [2024-11-11T03:42:38.567+0000] {dag.py:4180} INFO - Setting next_dagrun for example_short_circuit_decorator to None, run_after=None
[2024-11-11T03:42:38.575+0000] {processor.py:208} INFO - Processing /home/airflow/.local/lib/python3.12/site-packages/airflow/example_dags/example_short_circuit_decorator.py took 0.038 seconds
[2024-11-11T03:43:09.261+0000] {processor.py:186} INFO - Started process (PID=8319) to work on /home/airflow/.local/lib/python3.12/site-packages/airflow/example_dags/example_short_circuit_decorator.py
[2024-11-11T03:43:09.262+0000] {processor.py:914} INFO - Processing file /home/airflow/.local/lib/python3.12/site-packages/airflow/example_dags/example_short_circuit_decorator.py for tasks to queue
[2024-11-11T03:43:09.265+0000] {logging_mixin.py:190} INFO - [2024-11-11T03:43:09.264+0000] {dagbag.py:588} INFO - Filling up the DagBag from /home/airflow/.local/lib/python3.12/site-packages/airflow/example_dags/example_short_circuit_decorator.py
[2024-11-11T03:43:09.274+0000] {processor.py:925} INFO - DAG(s) 'example_short_circuit_decorator' retrieved from /home/airflow/.local/lib/python3.12/site-packages/airflow/example_dags/example_short_circuit_decorator.py
[2024-11-11T03:43:09.287+0000] {logging_mixin.py:190} INFO - [2024-11-11T03:43:09.286+0000] {dag.py:3239} INFO - Sync 1 DAGs
[2024-11-11T03:43:09.293+0000] {logging_mixin.py:190} INFO - [2024-11-11T03:43:09.293+0000] {dag.py:4180} INFO - Setting next_dagrun for example_short_circuit_decorator to None, run_after=None
[2024-11-11T03:43:09.302+0000] {processor.py:208} INFO - Processing /home/airflow/.local/lib/python3.12/site-packages/airflow/example_dags/example_short_circuit_decorator.py took 0.046 seconds
[2024-11-11T03:43:39.857+0000] {processor.py:186} INFO - Started process (PID=8382) to work on /home/airflow/.local/lib/python3.12/site-packages/airflow/example_dags/example_short_circuit_decorator.py
[2024-11-11T03:43:39.858+0000] {processor.py:914} INFO - Processing file /home/airflow/.local/lib/python3.12/site-packages/airflow/example_dags/example_short_circuit_decorator.py for tasks to queue
[2024-11-11T03:43:39.859+0000] {logging_mixin.py:190} INFO - [2024-11-11T03:43:39.859+0000] {dagbag.py:588} INFO - Filling up the DagBag from /home/airflow/.local/lib/python3.12/site-packages/airflow/example_dags/example_short_circuit_decorator.py
[2024-11-11T03:43:39.865+0000] {processor.py:925} INFO - DAG(s) 'example_short_circuit_decorator' retrieved from /home/airflow/.local/lib/python3.12/site-packages/airflow/example_dags/example_short_circuit_decorator.py
[2024-11-11T03:43:39.876+0000] {logging_mixin.py:190} INFO - [2024-11-11T03:43:39.876+0000] {dag.py:3239} INFO - Sync 1 DAGs
[2024-11-11T03:43:39.884+0000] {logging_mixin.py:190} INFO - [2024-11-11T03:43:39.883+0000] {dag.py:4180} INFO - Setting next_dagrun for example_short_circuit_decorator to None, run_after=None
[2024-11-11T03:43:39.892+0000] {processor.py:208} INFO - Processing /home/airflow/.local/lib/python3.12/site-packages/airflow/example_dags/example_short_circuit_decorator.py took 0.038 seconds
[2024-11-11T03:44:10.537+0000] {processor.py:186} INFO - Started process (PID=8445) to work on /home/airflow/.local/lib/python3.12/site-packages/airflow/example_dags/example_short_circuit_decorator.py
[2024-11-11T03:44:10.537+0000] {processor.py:914} INFO - Processing file /home/airflow/.local/lib/python3.12/site-packages/airflow/example_dags/example_short_circuit_decorator.py for tasks to queue
[2024-11-11T03:44:10.539+0000] {logging_mixin.py:190} INFO - [2024-11-11T03:44:10.539+0000] {dagbag.py:588} INFO - Filling up the DagBag from /home/airflow/.local/lib/python3.12/site-packages/airflow/example_dags/example_short_circuit_decorator.py
[2024-11-11T03:44:10.546+0000] {processor.py:925} INFO - DAG(s) 'example_short_circuit_decorator' retrieved from /home/airflow/.local/lib/python3.12/site-packages/airflow/example_dags/example_short_circuit_decorator.py
[2024-11-11T03:44:10.560+0000] {logging_mixin.py:190} INFO - [2024-11-11T03:44:10.560+0000] {dag.py:3239} INFO - Sync 1 DAGs
[2024-11-11T03:44:10.570+0000] {logging_mixin.py:190} INFO - [2024-11-11T03:44:10.570+0000] {dag.py:4180} INFO - Setting next_dagrun for example_short_circuit_decorator to None, run_after=None
[2024-11-11T03:44:10.580+0000] {processor.py:208} INFO - Processing /home/airflow/.local/lib/python3.12/site-packages/airflow/example_dags/example_short_circuit_decorator.py took 0.048 seconds
[2024-11-11T03:44:41.223+0000] {processor.py:186} INFO - Started process (PID=8508) to work on /home/airflow/.local/lib/python3.12/site-packages/airflow/example_dags/example_short_circuit_decorator.py
[2024-11-11T03:44:41.224+0000] {processor.py:914} INFO - Processing file /home/airflow/.local/lib/python3.12/site-packages/airflow/example_dags/example_short_circuit_decorator.py for tasks to queue
[2024-11-11T03:44:41.225+0000] {logging_mixin.py:190} INFO - [2024-11-11T03:44:41.225+0000] {dagbag.py:588} INFO - Filling up the DagBag from /home/airflow/.local/lib/python3.12/site-packages/airflow/example_dags/example_short_circuit_decorator.py
[2024-11-11T03:44:41.231+0000] {processor.py:925} INFO - DAG(s) 'example_short_circuit_decorator' retrieved from /home/airflow/.local/lib/python3.12/site-packages/airflow/example_dags/example_short_circuit_decorator.py
[2024-11-11T03:44:41.243+0000] {logging_mixin.py:190} INFO - [2024-11-11T03:44:41.243+0000] {dag.py:3239} INFO - Sync 1 DAGs
[2024-11-11T03:44:41.251+0000] {logging_mixin.py:190} INFO - [2024-11-11T03:44:41.251+0000] {dag.py:4180} INFO - Setting next_dagrun for example_short_circuit_decorator to None, run_after=None
[2024-11-11T03:44:41.260+0000] {processor.py:208} INFO - Processing /home/airflow/.local/lib/python3.12/site-packages/airflow/example_dags/example_short_circuit_decorator.py took 0.040 seconds
[2024-11-11T03:45:11.959+0000] {processor.py:186} INFO - Started process (PID=8571) to work on /home/airflow/.local/lib/python3.12/site-packages/airflow/example_dags/example_short_circuit_decorator.py
[2024-11-11T03:45:11.960+0000] {processor.py:914} INFO - Processing file /home/airflow/.local/lib/python3.12/site-packages/airflow/example_dags/example_short_circuit_decorator.py for tasks to queue
[2024-11-11T03:45:11.962+0000] {logging_mixin.py:190} INFO - [2024-11-11T03:45:11.962+0000] {dagbag.py:588} INFO - Filling up the DagBag from /home/airflow/.local/lib/python3.12/site-packages/airflow/example_dags/example_short_circuit_decorator.py
[2024-11-11T03:45:11.968+0000] {processor.py:925} INFO - DAG(s) 'example_short_circuit_decorator' retrieved from /home/airflow/.local/lib/python3.12/site-packages/airflow/example_dags/example_short_circuit_decorator.py
[2024-11-11T03:45:11.981+0000] {logging_mixin.py:190} INFO - [2024-11-11T03:45:11.980+0000] {dag.py:3239} INFO - Sync 1 DAGs
[2024-11-11T03:45:11.988+0000] {logging_mixin.py:190} INFO - [2024-11-11T03:45:11.988+0000] {dag.py:4180} INFO - Setting next_dagrun for example_short_circuit_decorator to None, run_after=None
[2024-11-11T03:45:11.998+0000] {processor.py:208} INFO - Processing /home/airflow/.local/lib/python3.12/site-packages/airflow/example_dags/example_short_circuit_decorator.py took 0.043 seconds
[2024-11-11T03:45:42.414+0000] {processor.py:186} INFO - Started process (PID=8633) to work on /home/airflow/.local/lib/python3.12/site-packages/airflow/example_dags/example_short_circuit_decorator.py
[2024-11-11T03:45:42.415+0000] {processor.py:914} INFO - Processing file /home/airflow/.local/lib/python3.12/site-packages/airflow/example_dags/example_short_circuit_decorator.py for tasks to queue
[2024-11-11T03:45:42.417+0000] {logging_mixin.py:190} INFO - [2024-11-11T03:45:42.416+0000] {dagbag.py:588} INFO - Filling up the DagBag from /home/airflow/.local/lib/python3.12/site-packages/airflow/example_dags/example_short_circuit_decorator.py
[2024-11-11T03:45:42.422+0000] {processor.py:925} INFO - DAG(s) 'example_short_circuit_decorator' retrieved from /home/airflow/.local/lib/python3.12/site-packages/airflow/example_dags/example_short_circuit_decorator.py
[2024-11-11T03:45:42.436+0000] {logging_mixin.py:190} INFO - [2024-11-11T03:45:42.435+0000] {dag.py:3239} INFO - Sync 1 DAGs
[2024-11-11T03:45:42.443+0000] {logging_mixin.py:190} INFO - [2024-11-11T03:45:42.443+0000] {dag.py:4180} INFO - Setting next_dagrun for example_short_circuit_decorator to None, run_after=None
[2024-11-11T03:45:42.452+0000] {processor.py:208} INFO - Processing /home/airflow/.local/lib/python3.12/site-packages/airflow/example_dags/example_short_circuit_decorator.py took 0.042 seconds
[2024-11-11T03:46:13.223+0000] {processor.py:186} INFO - Started process (PID=8697) to work on /home/airflow/.local/lib/python3.12/site-packages/airflow/example_dags/example_short_circuit_decorator.py
[2024-11-11T03:46:13.224+0000] {processor.py:914} INFO - Processing file /home/airflow/.local/lib/python3.12/site-packages/airflow/example_dags/example_short_circuit_decorator.py for tasks to queue
[2024-11-11T03:46:13.225+0000] {logging_mixin.py:190} INFO - [2024-11-11T03:46:13.225+0000] {dagbag.py:588} INFO - Filling up the DagBag from /home/airflow/.local/lib/python3.12/site-packages/airflow/example_dags/example_short_circuit_decorator.py
[2024-11-11T03:46:13.231+0000] {processor.py:925} INFO - DAG(s) 'example_short_circuit_decorator' retrieved from /home/airflow/.local/lib/python3.12/site-packages/airflow/example_dags/example_short_circuit_decorator.py
[2024-11-11T03:46:13.242+0000] {logging_mixin.py:190} INFO - [2024-11-11T03:46:13.242+0000] {dag.py:3239} INFO - Sync 1 DAGs
[2024-11-11T03:46:13.250+0000] {logging_mixin.py:190} INFO - [2024-11-11T03:46:13.249+0000] {dag.py:4180} INFO - Setting next_dagrun for example_short_circuit_decorator to None, run_after=None
[2024-11-11T03:46:13.259+0000] {processor.py:208} INFO - Processing /home/airflow/.local/lib/python3.12/site-packages/airflow/example_dags/example_short_circuit_decorator.py took 0.039 seconds
[2024-11-11T03:46:43.681+0000] {processor.py:186} INFO - Started process (PID=8759) to work on /home/airflow/.local/lib/python3.12/site-packages/airflow/example_dags/example_short_circuit_decorator.py
[2024-11-11T03:46:43.682+0000] {processor.py:914} INFO - Processing file /home/airflow/.local/lib/python3.12/site-packages/airflow/example_dags/example_short_circuit_decorator.py for tasks to queue
[2024-11-11T03:46:43.683+0000] {logging_mixin.py:190} INFO - [2024-11-11T03:46:43.683+0000] {dagbag.py:588} INFO - Filling up the DagBag from /home/airflow/.local/lib/python3.12/site-packages/airflow/example_dags/example_short_circuit_decorator.py
[2024-11-11T03:46:43.689+0000] {processor.py:925} INFO - DAG(s) 'example_short_circuit_decorator' retrieved from /home/airflow/.local/lib/python3.12/site-packages/airflow/example_dags/example_short_circuit_decorator.py
[2024-11-11T03:46:43.701+0000] {logging_mixin.py:190} INFO - [2024-11-11T03:46:43.701+0000] {dag.py:3239} INFO - Sync 1 DAGs
[2024-11-11T03:46:43.708+0000] {logging_mixin.py:190} INFO - [2024-11-11T03:46:43.708+0000] {dag.py:4180} INFO - Setting next_dagrun for example_short_circuit_decorator to None, run_after=None
[2024-11-11T03:46:43.716+0000] {processor.py:208} INFO - Processing /home/airflow/.local/lib/python3.12/site-packages/airflow/example_dags/example_short_circuit_decorator.py took 0.039 seconds
[2024-11-11T03:47:14.215+0000] {processor.py:186} INFO - Started process (PID=8822) to work on /home/airflow/.local/lib/python3.12/site-packages/airflow/example_dags/example_short_circuit_decorator.py
[2024-11-11T03:47:14.215+0000] {processor.py:914} INFO - Processing file /home/airflow/.local/lib/python3.12/site-packages/airflow/example_dags/example_short_circuit_decorator.py for tasks to queue
[2024-11-11T03:47:14.217+0000] {logging_mixin.py:190} INFO - [2024-11-11T03:47:14.216+0000] {dagbag.py:588} INFO - Filling up the DagBag from /home/airflow/.local/lib/python3.12/site-packages/airflow/example_dags/example_short_circuit_decorator.py
[2024-11-11T03:47:14.223+0000] {processor.py:925} INFO - DAG(s) 'example_short_circuit_decorator' retrieved from /home/airflow/.local/lib/python3.12/site-packages/airflow/example_dags/example_short_circuit_decorator.py
[2024-11-11T03:47:14.242+0000] {logging_mixin.py:190} INFO - [2024-11-11T03:47:14.242+0000] {dag.py:3239} INFO - Sync 1 DAGs
[2024-11-11T03:47:14.249+0000] {logging_mixin.py:190} INFO - [2024-11-11T03:47:14.249+0000] {dag.py:4180} INFO - Setting next_dagrun for example_short_circuit_decorator to None, run_after=None
[2024-11-11T03:47:14.258+0000] {processor.py:208} INFO - Processing /home/airflow/.local/lib/python3.12/site-packages/airflow/example_dags/example_short_circuit_decorator.py took 0.047 seconds
[2024-11-11T03:47:44.751+0000] {processor.py:186} INFO - Started process (PID=8885) to work on /home/airflow/.local/lib/python3.12/site-packages/airflow/example_dags/example_short_circuit_decorator.py
[2024-11-11T03:47:44.752+0000] {processor.py:914} INFO - Processing file /home/airflow/.local/lib/python3.12/site-packages/airflow/example_dags/example_short_circuit_decorator.py for tasks to queue
[2024-11-11T03:47:44.753+0000] {logging_mixin.py:190} INFO - [2024-11-11T03:47:44.753+0000] {dagbag.py:588} INFO - Filling up the DagBag from /home/airflow/.local/lib/python3.12/site-packages/airflow/example_dags/example_short_circuit_decorator.py
[2024-11-11T03:47:44.759+0000] {processor.py:925} INFO - DAG(s) 'example_short_circuit_decorator' retrieved from /home/airflow/.local/lib/python3.12/site-packages/airflow/example_dags/example_short_circuit_decorator.py
[2024-11-11T03:47:44.771+0000] {logging_mixin.py:190} INFO - [2024-11-11T03:47:44.771+0000] {dag.py:3239} INFO - Sync 1 DAGs
[2024-11-11T03:47:44.778+0000] {logging_mixin.py:190} INFO - [2024-11-11T03:47:44.778+0000] {dag.py:4180} INFO - Setting next_dagrun for example_short_circuit_decorator to None, run_after=None
[2024-11-11T03:47:44.787+0000] {processor.py:208} INFO - Processing /home/airflow/.local/lib/python3.12/site-packages/airflow/example_dags/example_short_circuit_decorator.py took 0.039 seconds
[2024-11-11T03:48:15.378+0000] {processor.py:186} INFO - Started process (PID=8948) to work on /home/airflow/.local/lib/python3.12/site-packages/airflow/example_dags/example_short_circuit_decorator.py
[2024-11-11T03:48:15.379+0000] {processor.py:914} INFO - Processing file /home/airflow/.local/lib/python3.12/site-packages/airflow/example_dags/example_short_circuit_decorator.py for tasks to queue
[2024-11-11T03:48:15.380+0000] {logging_mixin.py:190} INFO - [2024-11-11T03:48:15.380+0000] {dagbag.py:588} INFO - Filling up the DagBag from /home/airflow/.local/lib/python3.12/site-packages/airflow/example_dags/example_short_circuit_decorator.py
[2024-11-11T03:48:15.386+0000] {processor.py:925} INFO - DAG(s) 'example_short_circuit_decorator' retrieved from /home/airflow/.local/lib/python3.12/site-packages/airflow/example_dags/example_short_circuit_decorator.py
[2024-11-11T03:48:15.398+0000] {logging_mixin.py:190} INFO - [2024-11-11T03:48:15.397+0000] {dag.py:3239} INFO - Sync 1 DAGs
[2024-11-11T03:48:15.405+0000] {logging_mixin.py:190} INFO - [2024-11-11T03:48:15.405+0000] {dag.py:4180} INFO - Setting next_dagrun for example_short_circuit_decorator to None, run_after=None
[2024-11-11T03:48:15.414+0000] {processor.py:208} INFO - Processing /home/airflow/.local/lib/python3.12/site-packages/airflow/example_dags/example_short_circuit_decorator.py took 0.039 seconds
[2024-11-11T03:48:46.166+0000] {processor.py:186} INFO - Started process (PID=9012) to work on /home/airflow/.local/lib/python3.12/site-packages/airflow/example_dags/example_short_circuit_decorator.py
[2024-11-11T03:48:46.167+0000] {processor.py:914} INFO - Processing file /home/airflow/.local/lib/python3.12/site-packages/airflow/example_dags/example_short_circuit_decorator.py for tasks to queue
[2024-11-11T03:48:46.168+0000] {logging_mixin.py:190} INFO - [2024-11-11T03:48:46.168+0000] {dagbag.py:588} INFO - Filling up the DagBag from /home/airflow/.local/lib/python3.12/site-packages/airflow/example_dags/example_short_circuit_decorator.py
[2024-11-11T03:48:46.174+0000] {processor.py:925} INFO - DAG(s) 'example_short_circuit_decorator' retrieved from /home/airflow/.local/lib/python3.12/site-packages/airflow/example_dags/example_short_circuit_decorator.py
[2024-11-11T03:48:46.185+0000] {logging_mixin.py:190} INFO - [2024-11-11T03:48:46.185+0000] {dag.py:3239} INFO - Sync 1 DAGs
[2024-11-11T03:48:46.192+0000] {logging_mixin.py:190} INFO - [2024-11-11T03:48:46.192+0000] {dag.py:4180} INFO - Setting next_dagrun for example_short_circuit_decorator to None, run_after=None
[2024-11-11T03:48:46.200+0000] {processor.py:208} INFO - Processing /home/airflow/.local/lib/python3.12/site-packages/airflow/example_dags/example_short_circuit_decorator.py took 0.038 seconds
[2024-11-11T03:49:16.950+0000] {processor.py:186} INFO - Started process (PID=9075) to work on /home/airflow/.local/lib/python3.12/site-packages/airflow/example_dags/example_short_circuit_decorator.py
[2024-11-11T03:49:16.950+0000] {processor.py:914} INFO - Processing file /home/airflow/.local/lib/python3.12/site-packages/airflow/example_dags/example_short_circuit_decorator.py for tasks to queue
[2024-11-11T03:49:16.951+0000] {logging_mixin.py:190} INFO - [2024-11-11T03:49:16.951+0000] {dagbag.py:588} INFO - Filling up the DagBag from /home/airflow/.local/lib/python3.12/site-packages/airflow/example_dags/example_short_circuit_decorator.py
[2024-11-11T03:49:16.957+0000] {processor.py:925} INFO - DAG(s) 'example_short_circuit_decorator' retrieved from /home/airflow/.local/lib/python3.12/site-packages/airflow/example_dags/example_short_circuit_decorator.py
[2024-11-11T03:49:16.969+0000] {logging_mixin.py:190} INFO - [2024-11-11T03:49:16.969+0000] {dag.py:3239} INFO - Sync 1 DAGs
[2024-11-11T03:49:16.975+0000] {logging_mixin.py:190} INFO - [2024-11-11T03:49:16.975+0000] {dag.py:4180} INFO - Setting next_dagrun for example_short_circuit_decorator to None, run_after=None
[2024-11-11T03:49:16.983+0000] {processor.py:208} INFO - Processing /home/airflow/.local/lib/python3.12/site-packages/airflow/example_dags/example_short_circuit_decorator.py took 0.037 seconds
[2024-11-11T03:59:42.520+0000] {processor.py:186} INFO - Started process (PID=9138) to work on /home/airflow/.local/lib/python3.12/site-packages/airflow/example_dags/example_short_circuit_decorator.py
[2024-11-11T03:59:42.521+0000] {processor.py:914} INFO - Processing file /home/airflow/.local/lib/python3.12/site-packages/airflow/example_dags/example_short_circuit_decorator.py for tasks to queue
[2024-11-11T03:59:42.522+0000] {logging_mixin.py:190} INFO - [2024-11-11T03:59:42.522+0000] {dagbag.py:588} INFO - Filling up the DagBag from /home/airflow/.local/lib/python3.12/site-packages/airflow/example_dags/example_short_circuit_decorator.py
[2024-11-11T03:59:42.528+0000] {processor.py:925} INFO - DAG(s) 'example_short_circuit_decorator' retrieved from /home/airflow/.local/lib/python3.12/site-packages/airflow/example_dags/example_short_circuit_decorator.py
[2024-11-11T03:59:42.540+0000] {logging_mixin.py:190} INFO - [2024-11-11T03:59:42.540+0000] {dag.py:3239} INFO - Sync 1 DAGs
[2024-11-11T03:59:42.547+0000] {logging_mixin.py:190} INFO - [2024-11-11T03:59:42.546+0000] {dag.py:4180} INFO - Setting next_dagrun for example_short_circuit_decorator to None, run_after=None
[2024-11-11T03:59:42.555+0000] {processor.py:208} INFO - Processing /home/airflow/.local/lib/python3.12/site-packages/airflow/example_dags/example_short_circuit_decorator.py took 0.038 seconds
[2024-11-11T04:00:13.232+0000] {processor.py:186} INFO - Started process (PID=9201) to work on /home/airflow/.local/lib/python3.12/site-packages/airflow/example_dags/example_short_circuit_decorator.py
[2024-11-11T04:00:13.232+0000] {processor.py:914} INFO - Processing file /home/airflow/.local/lib/python3.12/site-packages/airflow/example_dags/example_short_circuit_decorator.py for tasks to queue
[2024-11-11T04:00:13.234+0000] {logging_mixin.py:190} INFO - [2024-11-11T04:00:13.233+0000] {dagbag.py:588} INFO - Filling up the DagBag from /home/airflow/.local/lib/python3.12/site-packages/airflow/example_dags/example_short_circuit_decorator.py
[2024-11-11T04:00:13.239+0000] {processor.py:925} INFO - DAG(s) 'example_short_circuit_decorator' retrieved from /home/airflow/.local/lib/python3.12/site-packages/airflow/example_dags/example_short_circuit_decorator.py
[2024-11-11T04:00:13.251+0000] {logging_mixin.py:190} INFO - [2024-11-11T04:00:13.251+0000] {dag.py:3239} INFO - Sync 1 DAGs
[2024-11-11T04:00:13.258+0000] {logging_mixin.py:190} INFO - [2024-11-11T04:00:13.258+0000] {dag.py:4180} INFO - Setting next_dagrun for example_short_circuit_decorator to None, run_after=None
[2024-11-11T04:00:13.267+0000] {processor.py:208} INFO - Processing /home/airflow/.local/lib/python3.12/site-packages/airflow/example_dags/example_short_circuit_decorator.py took 0.039 seconds
[2024-11-11T04:00:44.069+0000] {processor.py:186} INFO - Started process (PID=9264) to work on /home/airflow/.local/lib/python3.12/site-packages/airflow/example_dags/example_short_circuit_decorator.py
[2024-11-11T04:00:44.071+0000] {processor.py:914} INFO - Processing file /home/airflow/.local/lib/python3.12/site-packages/airflow/example_dags/example_short_circuit_decorator.py for tasks to queue
[2024-11-11T04:00:44.073+0000] {logging_mixin.py:190} INFO - [2024-11-11T04:00:44.072+0000] {dagbag.py:588} INFO - Filling up the DagBag from /home/airflow/.local/lib/python3.12/site-packages/airflow/example_dags/example_short_circuit_decorator.py
[2024-11-11T04:00:44.078+0000] {processor.py:925} INFO - DAG(s) 'example_short_circuit_decorator' retrieved from /home/airflow/.local/lib/python3.12/site-packages/airflow/example_dags/example_short_circuit_decorator.py
[2024-11-11T04:00:44.092+0000] {logging_mixin.py:190} INFO - [2024-11-11T04:00:44.091+0000] {dag.py:3239} INFO - Sync 1 DAGs
[2024-11-11T04:00:44.099+0000] {logging_mixin.py:190} INFO - [2024-11-11T04:00:44.099+0000] {dag.py:4180} INFO - Setting next_dagrun for example_short_circuit_decorator to None, run_after=None
[2024-11-11T04:00:44.109+0000] {processor.py:208} INFO - Processing /home/airflow/.local/lib/python3.12/site-packages/airflow/example_dags/example_short_circuit_decorator.py took 0.044 seconds
[2024-11-11T04:01:14.679+0000] {processor.py:186} INFO - Started process (PID=9327) to work on /home/airflow/.local/lib/python3.12/site-packages/airflow/example_dags/example_short_circuit_decorator.py
[2024-11-11T04:01:14.680+0000] {processor.py:914} INFO - Processing file /home/airflow/.local/lib/python3.12/site-packages/airflow/example_dags/example_short_circuit_decorator.py for tasks to queue
[2024-11-11T04:01:14.682+0000] {logging_mixin.py:190} INFO - [2024-11-11T04:01:14.681+0000] {dagbag.py:588} INFO - Filling up the DagBag from /home/airflow/.local/lib/python3.12/site-packages/airflow/example_dags/example_short_circuit_decorator.py
[2024-11-11T04:01:14.687+0000] {processor.py:925} INFO - DAG(s) 'example_short_circuit_decorator' retrieved from /home/airflow/.local/lib/python3.12/site-packages/airflow/example_dags/example_short_circuit_decorator.py
[2024-11-11T04:01:14.699+0000] {logging_mixin.py:190} INFO - [2024-11-11T04:01:14.699+0000] {dag.py:3239} INFO - Sync 1 DAGs
[2024-11-11T04:01:14.706+0000] {logging_mixin.py:190} INFO - [2024-11-11T04:01:14.706+0000] {dag.py:4180} INFO - Setting next_dagrun for example_short_circuit_decorator to None, run_after=None
[2024-11-11T04:01:14.715+0000] {processor.py:208} INFO - Processing /home/airflow/.local/lib/python3.12/site-packages/airflow/example_dags/example_short_circuit_decorator.py took 0.039 seconds
[2024-11-11T04:01:45.467+0000] {processor.py:186} INFO - Started process (PID=9390) to work on /home/airflow/.local/lib/python3.12/site-packages/airflow/example_dags/example_short_circuit_decorator.py
[2024-11-11T04:01:45.468+0000] {processor.py:914} INFO - Processing file /home/airflow/.local/lib/python3.12/site-packages/airflow/example_dags/example_short_circuit_decorator.py for tasks to queue
[2024-11-11T04:01:45.470+0000] {logging_mixin.py:190} INFO - [2024-11-11T04:01:45.469+0000] {dagbag.py:588} INFO - Filling up the DagBag from /home/airflow/.local/lib/python3.12/site-packages/airflow/example_dags/example_short_circuit_decorator.py
[2024-11-11T04:01:45.475+0000] {processor.py:925} INFO - DAG(s) 'example_short_circuit_decorator' retrieved from /home/airflow/.local/lib/python3.12/site-packages/airflow/example_dags/example_short_circuit_decorator.py
[2024-11-11T04:01:45.487+0000] {logging_mixin.py:190} INFO - [2024-11-11T04:01:45.487+0000] {dag.py:3239} INFO - Sync 1 DAGs
[2024-11-11T04:01:45.493+0000] {logging_mixin.py:190} INFO - [2024-11-11T04:01:45.493+0000] {dag.py:4180} INFO - Setting next_dagrun for example_short_circuit_decorator to None, run_after=None
[2024-11-11T04:01:45.502+0000] {processor.py:208} INFO - Processing /home/airflow/.local/lib/python3.12/site-packages/airflow/example_dags/example_short_circuit_decorator.py took 0.038 seconds
[2024-11-11T04:02:16.321+0000] {processor.py:186} INFO - Started process (PID=9453) to work on /home/airflow/.local/lib/python3.12/site-packages/airflow/example_dags/example_short_circuit_decorator.py
[2024-11-11T04:02:16.322+0000] {processor.py:914} INFO - Processing file /home/airflow/.local/lib/python3.12/site-packages/airflow/example_dags/example_short_circuit_decorator.py for tasks to queue
[2024-11-11T04:02:16.324+0000] {logging_mixin.py:190} INFO - [2024-11-11T04:02:16.324+0000] {dagbag.py:588} INFO - Filling up the DagBag from /home/airflow/.local/lib/python3.12/site-packages/airflow/example_dags/example_short_circuit_decorator.py
[2024-11-11T04:02:16.332+0000] {processor.py:925} INFO - DAG(s) 'example_short_circuit_decorator' retrieved from /home/airflow/.local/lib/python3.12/site-packages/airflow/example_dags/example_short_circuit_decorator.py
[2024-11-11T04:02:16.356+0000] {logging_mixin.py:190} INFO - [2024-11-11T04:02:16.356+0000] {dag.py:3239} INFO - Sync 1 DAGs
[2024-11-11T04:02:16.372+0000] {logging_mixin.py:190} INFO - [2024-11-11T04:02:16.371+0000] {dag.py:4180} INFO - Setting next_dagrun for example_short_circuit_decorator to None, run_after=None
[2024-11-11T04:02:16.387+0000] {processor.py:208} INFO - Processing /home/airflow/.local/lib/python3.12/site-packages/airflow/example_dags/example_short_circuit_decorator.py took 0.071 seconds
[2024-11-11T04:02:47.108+0000] {processor.py:186} INFO - Started process (PID=9516) to work on /home/airflow/.local/lib/python3.12/site-packages/airflow/example_dags/example_short_circuit_decorator.py
[2024-11-11T04:02:47.109+0000] {processor.py:914} INFO - Processing file /home/airflow/.local/lib/python3.12/site-packages/airflow/example_dags/example_short_circuit_decorator.py for tasks to queue
[2024-11-11T04:02:47.110+0000] {logging_mixin.py:190} INFO - [2024-11-11T04:02:47.110+0000] {dagbag.py:588} INFO - Filling up the DagBag from /home/airflow/.local/lib/python3.12/site-packages/airflow/example_dags/example_short_circuit_decorator.py
[2024-11-11T04:02:47.116+0000] {processor.py:925} INFO - DAG(s) 'example_short_circuit_decorator' retrieved from /home/airflow/.local/lib/python3.12/site-packages/airflow/example_dags/example_short_circuit_decorator.py
[2024-11-11T04:02:47.128+0000] {logging_mixin.py:190} INFO - [2024-11-11T04:02:47.128+0000] {dag.py:3239} INFO - Sync 1 DAGs
[2024-11-11T04:02:47.135+0000] {logging_mixin.py:190} INFO - [2024-11-11T04:02:47.135+0000] {dag.py:4180} INFO - Setting next_dagrun for example_short_circuit_decorator to None, run_after=None
[2024-11-11T04:02:47.144+0000] {processor.py:208} INFO - Processing /home/airflow/.local/lib/python3.12/site-packages/airflow/example_dags/example_short_circuit_decorator.py took 0.039 seconds
[2024-11-11T04:03:17.804+0000] {processor.py:186} INFO - Started process (PID=9579) to work on /home/airflow/.local/lib/python3.12/site-packages/airflow/example_dags/example_short_circuit_decorator.py
[2024-11-11T04:03:17.804+0000] {processor.py:914} INFO - Processing file /home/airflow/.local/lib/python3.12/site-packages/airflow/example_dags/example_short_circuit_decorator.py for tasks to queue
[2024-11-11T04:03:17.806+0000] {logging_mixin.py:190} INFO - [2024-11-11T04:03:17.806+0000] {dagbag.py:588} INFO - Filling up the DagBag from /home/airflow/.local/lib/python3.12/site-packages/airflow/example_dags/example_short_circuit_decorator.py
[2024-11-11T04:03:17.812+0000] {processor.py:925} INFO - DAG(s) 'example_short_circuit_decorator' retrieved from /home/airflow/.local/lib/python3.12/site-packages/airflow/example_dags/example_short_circuit_decorator.py
[2024-11-11T04:03:17.824+0000] {logging_mixin.py:190} INFO - [2024-11-11T04:03:17.824+0000] {dag.py:3239} INFO - Sync 1 DAGs
[2024-11-11T04:03:17.832+0000] {logging_mixin.py:190} INFO - [2024-11-11T04:03:17.832+0000] {dag.py:4180} INFO - Setting next_dagrun for example_short_circuit_decorator to None, run_after=None
[2024-11-11T04:03:17.841+0000] {processor.py:208} INFO - Processing /home/airflow/.local/lib/python3.12/site-packages/airflow/example_dags/example_short_circuit_decorator.py took 0.040 seconds
[2024-11-11T04:03:48.664+0000] {processor.py:186} INFO - Started process (PID=9642) to work on /home/airflow/.local/lib/python3.12/site-packages/airflow/example_dags/example_short_circuit_decorator.py
[2024-11-11T04:03:48.665+0000] {processor.py:914} INFO - Processing file /home/airflow/.local/lib/python3.12/site-packages/airflow/example_dags/example_short_circuit_decorator.py for tasks to queue
[2024-11-11T04:03:48.667+0000] {logging_mixin.py:190} INFO - [2024-11-11T04:03:48.667+0000] {dagbag.py:588} INFO - Filling up the DagBag from /home/airflow/.local/lib/python3.12/site-packages/airflow/example_dags/example_short_circuit_decorator.py
[2024-11-11T04:03:48.672+0000] {processor.py:925} INFO - DAG(s) 'example_short_circuit_decorator' retrieved from /home/airflow/.local/lib/python3.12/site-packages/airflow/example_dags/example_short_circuit_decorator.py
[2024-11-11T04:03:48.684+0000] {logging_mixin.py:190} INFO - [2024-11-11T04:03:48.684+0000] {dag.py:3239} INFO - Sync 1 DAGs
[2024-11-11T04:03:48.692+0000] {logging_mixin.py:190} INFO - [2024-11-11T04:03:48.691+0000] {dag.py:4180} INFO - Setting next_dagrun for example_short_circuit_decorator to None, run_after=None
[2024-11-11T04:03:48.700+0000] {processor.py:208} INFO - Processing /home/airflow/.local/lib/python3.12/site-packages/airflow/example_dags/example_short_circuit_decorator.py took 0.039 seconds
[2024-11-11T04:04:19.666+0000] {processor.py:186} INFO - Started process (PID=9705) to work on /home/airflow/.local/lib/python3.12/site-packages/airflow/example_dags/example_short_circuit_decorator.py
[2024-11-11T04:04:19.667+0000] {processor.py:914} INFO - Processing file /home/airflow/.local/lib/python3.12/site-packages/airflow/example_dags/example_short_circuit_decorator.py for tasks to queue
[2024-11-11T04:04:19.668+0000] {logging_mixin.py:190} INFO - [2024-11-11T04:04:19.668+0000] {dagbag.py:588} INFO - Filling up the DagBag from /home/airflow/.local/lib/python3.12/site-packages/airflow/example_dags/example_short_circuit_decorator.py
[2024-11-11T04:04:19.680+0000] {processor.py:925} INFO - DAG(s) 'example_short_circuit_decorator' retrieved from /home/airflow/.local/lib/python3.12/site-packages/airflow/example_dags/example_short_circuit_decorator.py
[2024-11-11T04:04:19.693+0000] {logging_mixin.py:190} INFO - [2024-11-11T04:04:19.692+0000] {dag.py:3239} INFO - Sync 1 DAGs
[2024-11-11T04:04:19.701+0000] {logging_mixin.py:190} INFO - [2024-11-11T04:04:19.700+0000] {dag.py:4180} INFO - Setting next_dagrun for example_short_circuit_decorator to None, run_after=None
[2024-11-11T04:04:19.712+0000] {processor.py:208} INFO - Processing /home/airflow/.local/lib/python3.12/site-packages/airflow/example_dags/example_short_circuit_decorator.py took 0.049 seconds
[2024-11-11T04:04:50.557+0000] {processor.py:186} INFO - Started process (PID=9768) to work on /home/airflow/.local/lib/python3.12/site-packages/airflow/example_dags/example_short_circuit_decorator.py
[2024-11-11T04:04:50.558+0000] {processor.py:914} INFO - Processing file /home/airflow/.local/lib/python3.12/site-packages/airflow/example_dags/example_short_circuit_decorator.py for tasks to queue
[2024-11-11T04:04:50.559+0000] {logging_mixin.py:190} INFO - [2024-11-11T04:04:50.559+0000] {dagbag.py:588} INFO - Filling up the DagBag from /home/airflow/.local/lib/python3.12/site-packages/airflow/example_dags/example_short_circuit_decorator.py
[2024-11-11T04:04:50.565+0000] {processor.py:925} INFO - DAG(s) 'example_short_circuit_decorator' retrieved from /home/airflow/.local/lib/python3.12/site-packages/airflow/example_dags/example_short_circuit_decorator.py
[2024-11-11T04:04:50.578+0000] {logging_mixin.py:190} INFO - [2024-11-11T04:04:50.578+0000] {dag.py:3239} INFO - Sync 1 DAGs
[2024-11-11T04:04:50.585+0000] {logging_mixin.py:190} INFO - [2024-11-11T04:04:50.585+0000] {dag.py:4180} INFO - Setting next_dagrun for example_short_circuit_decorator to None, run_after=None
[2024-11-11T04:04:50.595+0000] {processor.py:208} INFO - Processing /home/airflow/.local/lib/python3.12/site-packages/airflow/example_dags/example_short_circuit_decorator.py took 0.041 seconds
[2024-11-11T04:05:21.370+0000] {processor.py:186} INFO - Started process (PID=9831) to work on /home/airflow/.local/lib/python3.12/site-packages/airflow/example_dags/example_short_circuit_decorator.py
[2024-11-11T04:05:21.370+0000] {processor.py:914} INFO - Processing file /home/airflow/.local/lib/python3.12/site-packages/airflow/example_dags/example_short_circuit_decorator.py for tasks to queue
[2024-11-11T04:05:21.372+0000] {logging_mixin.py:190} INFO - [2024-11-11T04:05:21.372+0000] {dagbag.py:588} INFO - Filling up the DagBag from /home/airflow/.local/lib/python3.12/site-packages/airflow/example_dags/example_short_circuit_decorator.py
[2024-11-11T04:05:21.377+0000] {processor.py:925} INFO - DAG(s) 'example_short_circuit_decorator' retrieved from /home/airflow/.local/lib/python3.12/site-packages/airflow/example_dags/example_short_circuit_decorator.py
[2024-11-11T04:05:21.389+0000] {logging_mixin.py:190} INFO - [2024-11-11T04:05:21.389+0000] {dag.py:3239} INFO - Sync 1 DAGs
[2024-11-11T04:05:21.396+0000] {logging_mixin.py:190} INFO - [2024-11-11T04:05:21.395+0000] {dag.py:4180} INFO - Setting next_dagrun for example_short_circuit_decorator to None, run_after=None
[2024-11-11T04:05:21.404+0000] {processor.py:208} INFO - Processing /home/airflow/.local/lib/python3.12/site-packages/airflow/example_dags/example_short_circuit_decorator.py took 0.037 seconds
[2024-11-11T04:05:52.003+0000] {processor.py:186} INFO - Started process (PID=9894) to work on /home/airflow/.local/lib/python3.12/site-packages/airflow/example_dags/example_short_circuit_decorator.py
[2024-11-11T04:05:52.004+0000] {processor.py:914} INFO - Processing file /home/airflow/.local/lib/python3.12/site-packages/airflow/example_dags/example_short_circuit_decorator.py for tasks to queue
[2024-11-11T04:05:52.005+0000] {logging_mixin.py:190} INFO - [2024-11-11T04:05:52.005+0000] {dagbag.py:588} INFO - Filling up the DagBag from /home/airflow/.local/lib/python3.12/site-packages/airflow/example_dags/example_short_circuit_decorator.py
[2024-11-11T04:05:52.011+0000] {processor.py:925} INFO - DAG(s) 'example_short_circuit_decorator' retrieved from /home/airflow/.local/lib/python3.12/site-packages/airflow/example_dags/example_short_circuit_decorator.py
[2024-11-11T04:05:52.023+0000] {logging_mixin.py:190} INFO - [2024-11-11T04:05:52.022+0000] {dag.py:3239} INFO - Sync 1 DAGs
[2024-11-11T04:05:52.029+0000] {logging_mixin.py:190} INFO - [2024-11-11T04:05:52.029+0000] {dag.py:4180} INFO - Setting next_dagrun for example_short_circuit_decorator to None, run_after=None
[2024-11-11T04:05:52.038+0000] {processor.py:208} INFO - Processing /home/airflow/.local/lib/python3.12/site-packages/airflow/example_dags/example_short_circuit_decorator.py took 0.038 seconds
[2024-11-11T04:06:22.764+0000] {processor.py:186} INFO - Started process (PID=9957) to work on /home/airflow/.local/lib/python3.12/site-packages/airflow/example_dags/example_short_circuit_decorator.py
[2024-11-11T04:06:22.764+0000] {processor.py:914} INFO - Processing file /home/airflow/.local/lib/python3.12/site-packages/airflow/example_dags/example_short_circuit_decorator.py for tasks to queue
[2024-11-11T04:06:22.767+0000] {logging_mixin.py:190} INFO - [2024-11-11T04:06:22.766+0000] {dagbag.py:588} INFO - Filling up the DagBag from /home/airflow/.local/lib/python3.12/site-packages/airflow/example_dags/example_short_circuit_decorator.py
[2024-11-11T04:06:22.774+0000] {processor.py:925} INFO - DAG(s) 'example_short_circuit_decorator' retrieved from /home/airflow/.local/lib/python3.12/site-packages/airflow/example_dags/example_short_circuit_decorator.py
[2024-11-11T04:06:22.787+0000] {logging_mixin.py:190} INFO - [2024-11-11T04:06:22.787+0000] {dag.py:3239} INFO - Sync 1 DAGs
[2024-11-11T04:06:22.794+0000] {logging_mixin.py:190} INFO - [2024-11-11T04:06:22.794+0000] {dag.py:4180} INFO - Setting next_dagrun for example_short_circuit_decorator to None, run_after=None
[2024-11-11T04:06:22.803+0000] {processor.py:208} INFO - Processing /home/airflow/.local/lib/python3.12/site-packages/airflow/example_dags/example_short_circuit_decorator.py took 0.044 seconds
[2024-11-11T04:06:53.593+0000] {processor.py:186} INFO - Started process (PID=10020) to work on /home/airflow/.local/lib/python3.12/site-packages/airflow/example_dags/example_short_circuit_decorator.py
[2024-11-11T04:06:53.594+0000] {processor.py:914} INFO - Processing file /home/airflow/.local/lib/python3.12/site-packages/airflow/example_dags/example_short_circuit_decorator.py for tasks to queue
[2024-11-11T04:06:53.595+0000] {logging_mixin.py:190} INFO - [2024-11-11T04:06:53.595+0000] {dagbag.py:588} INFO - Filling up the DagBag from /home/airflow/.local/lib/python3.12/site-packages/airflow/example_dags/example_short_circuit_decorator.py
[2024-11-11T04:06:53.601+0000] {processor.py:925} INFO - DAG(s) 'example_short_circuit_decorator' retrieved from /home/airflow/.local/lib/python3.12/site-packages/airflow/example_dags/example_short_circuit_decorator.py
[2024-11-11T04:06:53.614+0000] {logging_mixin.py:190} INFO - [2024-11-11T04:06:53.614+0000] {dag.py:3239} INFO - Sync 1 DAGs
[2024-11-11T04:06:53.623+0000] {logging_mixin.py:190} INFO - [2024-11-11T04:06:53.622+0000] {dag.py:4180} INFO - Setting next_dagrun for example_short_circuit_decorator to None, run_after=None
[2024-11-11T04:06:53.633+0000] {processor.py:208} INFO - Processing /home/airflow/.local/lib/python3.12/site-packages/airflow/example_dags/example_short_circuit_decorator.py took 0.044 seconds
[2024-11-11T04:07:24.267+0000] {processor.py:186} INFO - Started process (PID=10083) to work on /home/airflow/.local/lib/python3.12/site-packages/airflow/example_dags/example_short_circuit_decorator.py
[2024-11-11T04:07:24.268+0000] {processor.py:914} INFO - Processing file /home/airflow/.local/lib/python3.12/site-packages/airflow/example_dags/example_short_circuit_decorator.py for tasks to queue
[2024-11-11T04:07:24.269+0000] {logging_mixin.py:190} INFO - [2024-11-11T04:07:24.269+0000] {dagbag.py:588} INFO - Filling up the DagBag from /home/airflow/.local/lib/python3.12/site-packages/airflow/example_dags/example_short_circuit_decorator.py
[2024-11-11T04:07:24.275+0000] {processor.py:925} INFO - DAG(s) 'example_short_circuit_decorator' retrieved from /home/airflow/.local/lib/python3.12/site-packages/airflow/example_dags/example_short_circuit_decorator.py
[2024-11-11T04:07:24.287+0000] {logging_mixin.py:190} INFO - [2024-11-11T04:07:24.287+0000] {dag.py:3239} INFO - Sync 1 DAGs
[2024-11-11T04:07:24.293+0000] {logging_mixin.py:190} INFO - [2024-11-11T04:07:24.293+0000] {dag.py:4180} INFO - Setting next_dagrun for example_short_circuit_decorator to None, run_after=None
[2024-11-11T04:07:24.303+0000] {processor.py:208} INFO - Processing /home/airflow/.local/lib/python3.12/site-packages/airflow/example_dags/example_short_circuit_decorator.py took 0.039 seconds
[2024-11-11T04:07:55.188+0000] {processor.py:186} INFO - Started process (PID=10146) to work on /home/airflow/.local/lib/python3.12/site-packages/airflow/example_dags/example_short_circuit_decorator.py
[2024-11-11T04:07:55.188+0000] {processor.py:914} INFO - Processing file /home/airflow/.local/lib/python3.12/site-packages/airflow/example_dags/example_short_circuit_decorator.py for tasks to queue
[2024-11-11T04:07:55.190+0000] {logging_mixin.py:190} INFO - [2024-11-11T04:07:55.190+0000] {dagbag.py:588} INFO - Filling up the DagBag from /home/airflow/.local/lib/python3.12/site-packages/airflow/example_dags/example_short_circuit_decorator.py
[2024-11-11T04:07:55.195+0000] {processor.py:925} INFO - DAG(s) 'example_short_circuit_decorator' retrieved from /home/airflow/.local/lib/python3.12/site-packages/airflow/example_dags/example_short_circuit_decorator.py
[2024-11-11T04:07:55.207+0000] {logging_mixin.py:190} INFO - [2024-11-11T04:07:55.207+0000] {dag.py:3239} INFO - Sync 1 DAGs
[2024-11-11T04:07:55.214+0000] {logging_mixin.py:190} INFO - [2024-11-11T04:07:55.213+0000] {dag.py:4180} INFO - Setting next_dagrun for example_short_circuit_decorator to None, run_after=None
[2024-11-11T04:07:55.222+0000] {processor.py:208} INFO - Processing /home/airflow/.local/lib/python3.12/site-packages/airflow/example_dags/example_short_circuit_decorator.py took 0.037 seconds
[2024-11-11T04:08:25.956+0000] {processor.py:186} INFO - Started process (PID=10209) to work on /home/airflow/.local/lib/python3.12/site-packages/airflow/example_dags/example_short_circuit_decorator.py
[2024-11-11T04:08:25.956+0000] {processor.py:914} INFO - Processing file /home/airflow/.local/lib/python3.12/site-packages/airflow/example_dags/example_short_circuit_decorator.py for tasks to queue
[2024-11-11T04:08:25.958+0000] {logging_mixin.py:190} INFO - [2024-11-11T04:08:25.958+0000] {dagbag.py:588} INFO - Filling up the DagBag from /home/airflow/.local/lib/python3.12/site-packages/airflow/example_dags/example_short_circuit_decorator.py
[2024-11-11T04:08:25.964+0000] {processor.py:925} INFO - DAG(s) 'example_short_circuit_decorator' retrieved from /home/airflow/.local/lib/python3.12/site-packages/airflow/example_dags/example_short_circuit_decorator.py
[2024-11-11T04:08:25.976+0000] {logging_mixin.py:190} INFO - [2024-11-11T04:08:25.976+0000] {dag.py:3239} INFO - Sync 1 DAGs
[2024-11-11T04:08:25.983+0000] {logging_mixin.py:190} INFO - [2024-11-11T04:08:25.983+0000] {dag.py:4180} INFO - Setting next_dagrun for example_short_circuit_decorator to None, run_after=None
[2024-11-11T04:08:25.994+0000] {processor.py:208} INFO - Processing /home/airflow/.local/lib/python3.12/site-packages/airflow/example_dags/example_short_circuit_decorator.py took 0.042 seconds
[2024-11-11T04:08:56.650+0000] {processor.py:186} INFO - Started process (PID=10272) to work on /home/airflow/.local/lib/python3.12/site-packages/airflow/example_dags/example_short_circuit_decorator.py
[2024-11-11T04:08:56.651+0000] {processor.py:914} INFO - Processing file /home/airflow/.local/lib/python3.12/site-packages/airflow/example_dags/example_short_circuit_decorator.py for tasks to queue
[2024-11-11T04:08:56.652+0000] {logging_mixin.py:190} INFO - [2024-11-11T04:08:56.652+0000] {dagbag.py:588} INFO - Filling up the DagBag from /home/airflow/.local/lib/python3.12/site-packages/airflow/example_dags/example_short_circuit_decorator.py
[2024-11-11T04:08:56.658+0000] {processor.py:925} INFO - DAG(s) 'example_short_circuit_decorator' retrieved from /home/airflow/.local/lib/python3.12/site-packages/airflow/example_dags/example_short_circuit_decorator.py
[2024-11-11T04:08:56.671+0000] {logging_mixin.py:190} INFO - [2024-11-11T04:08:56.670+0000] {dag.py:3239} INFO - Sync 1 DAGs
[2024-11-11T04:08:56.678+0000] {logging_mixin.py:190} INFO - [2024-11-11T04:08:56.678+0000] {dag.py:4180} INFO - Setting next_dagrun for example_short_circuit_decorator to None, run_after=None
[2024-11-11T04:08:56.687+0000] {processor.py:208} INFO - Processing /home/airflow/.local/lib/python3.12/site-packages/airflow/example_dags/example_short_circuit_decorator.py took 0.040 seconds
[2024-11-11T04:09:27.220+0000] {processor.py:186} INFO - Started process (PID=10335) to work on /home/airflow/.local/lib/python3.12/site-packages/airflow/example_dags/example_short_circuit_decorator.py
[2024-11-11T04:09:27.221+0000] {processor.py:914} INFO - Processing file /home/airflow/.local/lib/python3.12/site-packages/airflow/example_dags/example_short_circuit_decorator.py for tasks to queue
[2024-11-11T04:09:27.222+0000] {logging_mixin.py:190} INFO - [2024-11-11T04:09:27.222+0000] {dagbag.py:588} INFO - Filling up the DagBag from /home/airflow/.local/lib/python3.12/site-packages/airflow/example_dags/example_short_circuit_decorator.py
[2024-11-11T04:09:27.228+0000] {processor.py:925} INFO - DAG(s) 'example_short_circuit_decorator' retrieved from /home/airflow/.local/lib/python3.12/site-packages/airflow/example_dags/example_short_circuit_decorator.py
[2024-11-11T04:09:27.241+0000] {logging_mixin.py:190} INFO - [2024-11-11T04:09:27.240+0000] {dag.py:3239} INFO - Sync 1 DAGs
[2024-11-11T04:09:27.248+0000] {logging_mixin.py:190} INFO - [2024-11-11T04:09:27.248+0000] {dag.py:4180} INFO - Setting next_dagrun for example_short_circuit_decorator to None, run_after=None
[2024-11-11T04:09:27.256+0000] {processor.py:208} INFO - Processing /home/airflow/.local/lib/python3.12/site-packages/airflow/example_dags/example_short_circuit_decorator.py took 0.040 seconds
[2024-11-11T04:09:58.520+0000] {processor.py:186} INFO - Started process (PID=10398) to work on /home/airflow/.local/lib/python3.12/site-packages/airflow/example_dags/example_short_circuit_decorator.py
[2024-11-11T04:09:58.520+0000] {processor.py:914} INFO - Processing file /home/airflow/.local/lib/python3.12/site-packages/airflow/example_dags/example_short_circuit_decorator.py for tasks to queue
[2024-11-11T04:09:58.522+0000] {logging_mixin.py:190} INFO - [2024-11-11T04:09:58.522+0000] {dagbag.py:588} INFO - Filling up the DagBag from /home/airflow/.local/lib/python3.12/site-packages/airflow/example_dags/example_short_circuit_decorator.py
[2024-11-11T04:09:58.528+0000] {processor.py:925} INFO - DAG(s) 'example_short_circuit_decorator' retrieved from /home/airflow/.local/lib/python3.12/site-packages/airflow/example_dags/example_short_circuit_decorator.py
[2024-11-11T04:09:58.540+0000] {logging_mixin.py:190} INFO - [2024-11-11T04:09:58.540+0000] {dag.py:3239} INFO - Sync 1 DAGs
[2024-11-11T04:09:58.548+0000] {logging_mixin.py:190} INFO - [2024-11-11T04:09:58.548+0000] {dag.py:4180} INFO - Setting next_dagrun for example_short_circuit_decorator to None, run_after=None
[2024-11-11T04:09:58.665+0000] {processor.py:208} INFO - Processing /home/airflow/.local/lib/python3.12/site-packages/airflow/example_dags/example_short_circuit_decorator.py took 0.149 seconds
[2024-11-11T04:10:29.694+0000] {processor.py:186} INFO - Started process (PID=10461) to work on /home/airflow/.local/lib/python3.12/site-packages/airflow/example_dags/example_short_circuit_decorator.py
[2024-11-11T04:10:29.695+0000] {processor.py:914} INFO - Processing file /home/airflow/.local/lib/python3.12/site-packages/airflow/example_dags/example_short_circuit_decorator.py for tasks to queue
[2024-11-11T04:10:29.696+0000] {logging_mixin.py:190} INFO - [2024-11-11T04:10:29.696+0000] {dagbag.py:588} INFO - Filling up the DagBag from /home/airflow/.local/lib/python3.12/site-packages/airflow/example_dags/example_short_circuit_decorator.py
[2024-11-11T04:10:29.702+0000] {processor.py:925} INFO - DAG(s) 'example_short_circuit_decorator' retrieved from /home/airflow/.local/lib/python3.12/site-packages/airflow/example_dags/example_short_circuit_decorator.py
[2024-11-11T04:10:29.714+0000] {logging_mixin.py:190} INFO - [2024-11-11T04:10:29.714+0000] {dag.py:3239} INFO - Sync 1 DAGs
[2024-11-11T04:10:29.721+0000] {logging_mixin.py:190} INFO - [2024-11-11T04:10:29.721+0000] {dag.py:4180} INFO - Setting next_dagrun for example_short_circuit_decorator to None, run_after=None
[2024-11-11T04:10:29.729+0000] {processor.py:208} INFO - Processing /home/airflow/.local/lib/python3.12/site-packages/airflow/example_dags/example_short_circuit_decorator.py took 0.039 seconds
[2024-11-11T04:11:00.459+0000] {processor.py:186} INFO - Started process (PID=10524) to work on /home/airflow/.local/lib/python3.12/site-packages/airflow/example_dags/example_short_circuit_decorator.py
[2024-11-11T04:11:00.459+0000] {processor.py:914} INFO - Processing file /home/airflow/.local/lib/python3.12/site-packages/airflow/example_dags/example_short_circuit_decorator.py for tasks to queue
[2024-11-11T04:11:00.461+0000] {logging_mixin.py:190} INFO - [2024-11-11T04:11:00.461+0000] {dagbag.py:588} INFO - Filling up the DagBag from /home/airflow/.local/lib/python3.12/site-packages/airflow/example_dags/example_short_circuit_decorator.py
[2024-11-11T04:11:00.467+0000] {processor.py:925} INFO - DAG(s) 'example_short_circuit_decorator' retrieved from /home/airflow/.local/lib/python3.12/site-packages/airflow/example_dags/example_short_circuit_decorator.py
[2024-11-11T04:11:00.479+0000] {logging_mixin.py:190} INFO - [2024-11-11T04:11:00.479+0000] {dag.py:3239} INFO - Sync 1 DAGs
[2024-11-11T04:11:00.486+0000] {logging_mixin.py:190} INFO - [2024-11-11T04:11:00.485+0000] {dag.py:4180} INFO - Setting next_dagrun for example_short_circuit_decorator to None, run_after=None
[2024-11-11T04:11:00.494+0000] {processor.py:208} INFO - Processing /home/airflow/.local/lib/python3.12/site-packages/airflow/example_dags/example_short_circuit_decorator.py took 0.038 seconds
[2024-11-11T04:11:31.116+0000] {processor.py:186} INFO - Started process (PID=10587) to work on /home/airflow/.local/lib/python3.12/site-packages/airflow/example_dags/example_short_circuit_decorator.py
[2024-11-11T04:11:31.117+0000] {processor.py:914} INFO - Processing file /home/airflow/.local/lib/python3.12/site-packages/airflow/example_dags/example_short_circuit_decorator.py for tasks to queue
[2024-11-11T04:11:31.119+0000] {logging_mixin.py:190} INFO - [2024-11-11T04:11:31.118+0000] {dagbag.py:588} INFO - Filling up the DagBag from /home/airflow/.local/lib/python3.12/site-packages/airflow/example_dags/example_short_circuit_decorator.py
[2024-11-11T04:11:31.124+0000] {processor.py:925} INFO - DAG(s) 'example_short_circuit_decorator' retrieved from /home/airflow/.local/lib/python3.12/site-packages/airflow/example_dags/example_short_circuit_decorator.py
[2024-11-11T04:11:31.135+0000] {logging_mixin.py:190} INFO - [2024-11-11T04:11:31.135+0000] {dag.py:3239} INFO - Sync 1 DAGs
[2024-11-11T04:11:31.142+0000] {logging_mixin.py:190} INFO - [2024-11-11T04:11:31.142+0000] {dag.py:4180} INFO - Setting next_dagrun for example_short_circuit_decorator to None, run_after=None
[2024-11-11T04:11:31.150+0000] {processor.py:208} INFO - Processing /home/airflow/.local/lib/python3.12/site-packages/airflow/example_dags/example_short_circuit_decorator.py took 0.037 seconds
[2024-11-11T04:12:01.713+0000] {processor.py:186} INFO - Started process (PID=10650) to work on /home/airflow/.local/lib/python3.12/site-packages/airflow/example_dags/example_short_circuit_decorator.py
[2024-11-11T04:12:01.714+0000] {processor.py:914} INFO - Processing file /home/airflow/.local/lib/python3.12/site-packages/airflow/example_dags/example_short_circuit_decorator.py for tasks to queue
[2024-11-11T04:12:01.715+0000] {logging_mixin.py:190} INFO - [2024-11-11T04:12:01.715+0000] {dagbag.py:588} INFO - Filling up the DagBag from /home/airflow/.local/lib/python3.12/site-packages/airflow/example_dags/example_short_circuit_decorator.py
[2024-11-11T04:12:01.721+0000] {processor.py:925} INFO - DAG(s) 'example_short_circuit_decorator' retrieved from /home/airflow/.local/lib/python3.12/site-packages/airflow/example_dags/example_short_circuit_decorator.py
[2024-11-11T04:12:01.733+0000] {logging_mixin.py:190} INFO - [2024-11-11T04:12:01.733+0000] {dag.py:3239} INFO - Sync 1 DAGs
[2024-11-11T04:12:01.845+0000] {logging_mixin.py:190} INFO - [2024-11-11T04:12:01.845+0000] {dag.py:4180} INFO - Setting next_dagrun for example_short_circuit_decorator to None, run_after=None
[2024-11-11T04:12:01.853+0000] {processor.py:208} INFO - Processing /home/airflow/.local/lib/python3.12/site-packages/airflow/example_dags/example_short_circuit_decorator.py took 0.143 seconds
[2024-11-11T04:12:32.235+0000] {processor.py:186} INFO - Started process (PID=10713) to work on /home/airflow/.local/lib/python3.12/site-packages/airflow/example_dags/example_short_circuit_decorator.py
[2024-11-11T04:12:32.236+0000] {processor.py:914} INFO - Processing file /home/airflow/.local/lib/python3.12/site-packages/airflow/example_dags/example_short_circuit_decorator.py for tasks to queue
[2024-11-11T04:12:32.237+0000] {logging_mixin.py:190} INFO - [2024-11-11T04:12:32.237+0000] {dagbag.py:588} INFO - Filling up the DagBag from /home/airflow/.local/lib/python3.12/site-packages/airflow/example_dags/example_short_circuit_decorator.py
[2024-11-11T04:12:32.243+0000] {processor.py:925} INFO - DAG(s) 'example_short_circuit_decorator' retrieved from /home/airflow/.local/lib/python3.12/site-packages/airflow/example_dags/example_short_circuit_decorator.py
[2024-11-11T04:12:32.255+0000] {logging_mixin.py:190} INFO - [2024-11-11T04:12:32.255+0000] {dag.py:3239} INFO - Sync 1 DAGs
[2024-11-11T04:12:32.262+0000] {logging_mixin.py:190} INFO - [2024-11-11T04:12:32.262+0000] {dag.py:4180} INFO - Setting next_dagrun for example_short_circuit_decorator to None, run_after=None
[2024-11-11T04:12:32.271+0000] {processor.py:208} INFO - Processing /home/airflow/.local/lib/python3.12/site-packages/airflow/example_dags/example_short_circuit_decorator.py took 0.040 seconds
[2024-11-11T04:13:02.701+0000] {processor.py:186} INFO - Started process (PID=10776) to work on /home/airflow/.local/lib/python3.12/site-packages/airflow/example_dags/example_short_circuit_decorator.py
[2024-11-11T04:13:02.702+0000] {processor.py:914} INFO - Processing file /home/airflow/.local/lib/python3.12/site-packages/airflow/example_dags/example_short_circuit_decorator.py for tasks to queue
[2024-11-11T04:13:02.703+0000] {logging_mixin.py:190} INFO - [2024-11-11T04:13:02.703+0000] {dagbag.py:588} INFO - Filling up the DagBag from /home/airflow/.local/lib/python3.12/site-packages/airflow/example_dags/example_short_circuit_decorator.py
[2024-11-11T04:13:02.709+0000] {processor.py:925} INFO - DAG(s) 'example_short_circuit_decorator' retrieved from /home/airflow/.local/lib/python3.12/site-packages/airflow/example_dags/example_short_circuit_decorator.py
[2024-11-11T04:13:02.721+0000] {logging_mixin.py:190} INFO - [2024-11-11T04:13:02.721+0000] {dag.py:3239} INFO - Sync 1 DAGs
[2024-11-11T04:13:02.727+0000] {logging_mixin.py:190} INFO - [2024-11-11T04:13:02.727+0000] {dag.py:4180} INFO - Setting next_dagrun for example_short_circuit_decorator to None, run_after=None
[2024-11-11T04:13:02.735+0000] {processor.py:208} INFO - Processing /home/airflow/.local/lib/python3.12/site-packages/airflow/example_dags/example_short_circuit_decorator.py took 0.038 seconds
[2024-11-11T04:13:33.221+0000] {processor.py:186} INFO - Started process (PID=10839) to work on /home/airflow/.local/lib/python3.12/site-packages/airflow/example_dags/example_short_circuit_decorator.py
[2024-11-11T04:13:33.222+0000] {processor.py:914} INFO - Processing file /home/airflow/.local/lib/python3.12/site-packages/airflow/example_dags/example_short_circuit_decorator.py for tasks to queue
[2024-11-11T04:13:33.223+0000] {logging_mixin.py:190} INFO - [2024-11-11T04:13:33.223+0000] {dagbag.py:588} INFO - Filling up the DagBag from /home/airflow/.local/lib/python3.12/site-packages/airflow/example_dags/example_short_circuit_decorator.py
[2024-11-11T04:13:33.229+0000] {processor.py:925} INFO - DAG(s) 'example_short_circuit_decorator' retrieved from /home/airflow/.local/lib/python3.12/site-packages/airflow/example_dags/example_short_circuit_decorator.py
[2024-11-11T04:13:33.241+0000] {logging_mixin.py:190} INFO - [2024-11-11T04:13:33.240+0000] {dag.py:3239} INFO - Sync 1 DAGs
[2024-11-11T04:13:33.247+0000] {logging_mixin.py:190} INFO - [2024-11-11T04:13:33.247+0000] {dag.py:4180} INFO - Setting next_dagrun for example_short_circuit_decorator to None, run_after=None
[2024-11-11T04:13:33.256+0000] {processor.py:208} INFO - Processing /home/airflow/.local/lib/python3.12/site-packages/airflow/example_dags/example_short_circuit_decorator.py took 0.038 seconds
[2024-11-11T04:47:36.101+0000] {processor.py:186} INFO - Started process (PID=10902) to work on /home/airflow/.local/lib/python3.12/site-packages/airflow/example_dags/example_short_circuit_decorator.py
[2024-11-11T04:47:36.101+0000] {processor.py:914} INFO - Processing file /home/airflow/.local/lib/python3.12/site-packages/airflow/example_dags/example_short_circuit_decorator.py for tasks to queue
[2024-11-11T04:47:36.103+0000] {logging_mixin.py:190} INFO - [2024-11-11T04:47:36.103+0000] {dagbag.py:588} INFO - Filling up the DagBag from /home/airflow/.local/lib/python3.12/site-packages/airflow/example_dags/example_short_circuit_decorator.py
[2024-11-11T04:47:36.108+0000] {processor.py:925} INFO - DAG(s) 'example_short_circuit_decorator' retrieved from /home/airflow/.local/lib/python3.12/site-packages/airflow/example_dags/example_short_circuit_decorator.py
[2024-11-11T04:47:36.120+0000] {logging_mixin.py:190} INFO - [2024-11-11T04:47:36.120+0000] {dag.py:3239} INFO - Sync 1 DAGs
[2024-11-11T04:47:36.127+0000] {logging_mixin.py:190} INFO - [2024-11-11T04:47:36.127+0000] {dag.py:4180} INFO - Setting next_dagrun for example_short_circuit_decorator to None, run_after=None
[2024-11-11T04:47:36.136+0000] {processor.py:208} INFO - Processing /home/airflow/.local/lib/python3.12/site-packages/airflow/example_dags/example_short_circuit_decorator.py took 0.039 seconds
[2024-11-11T05:54:20.275+0000] {processor.py:186} INFO - Started process (PID=10964) to work on /home/airflow/.local/lib/python3.12/site-packages/airflow/example_dags/example_short_circuit_decorator.py
[2024-11-11T05:54:20.276+0000] {processor.py:914} INFO - Processing file /home/airflow/.local/lib/python3.12/site-packages/airflow/example_dags/example_short_circuit_decorator.py for tasks to queue
[2024-11-11T05:54:20.277+0000] {logging_mixin.py:190} INFO - [2024-11-11T05:54:20.277+0000] {dagbag.py:588} INFO - Filling up the DagBag from /home/airflow/.local/lib/python3.12/site-packages/airflow/example_dags/example_short_circuit_decorator.py
[2024-11-11T05:54:20.283+0000] {processor.py:925} INFO - DAG(s) 'example_short_circuit_decorator' retrieved from /home/airflow/.local/lib/python3.12/site-packages/airflow/example_dags/example_short_circuit_decorator.py
[2024-11-11T05:54:20.294+0000] {logging_mixin.py:190} INFO - [2024-11-11T05:54:20.294+0000] {dag.py:3239} INFO - Sync 1 DAGs
[2024-11-11T05:54:20.300+0000] {logging_mixin.py:190} INFO - [2024-11-11T05:54:20.300+0000] {dag.py:4180} INFO - Setting next_dagrun for example_short_circuit_decorator to None, run_after=None
[2024-11-11T05:54:20.308+0000] {processor.py:208} INFO - Processing /home/airflow/.local/lib/python3.12/site-packages/airflow/example_dags/example_short_circuit_decorator.py took 0.036 seconds
[2024-11-11T05:54:50.642+0000] {processor.py:186} INFO - Started process (PID=11027) to work on /home/airflow/.local/lib/python3.12/site-packages/airflow/example_dags/example_short_circuit_decorator.py
[2024-11-11T05:54:50.642+0000] {processor.py:914} INFO - Processing file /home/airflow/.local/lib/python3.12/site-packages/airflow/example_dags/example_short_circuit_decorator.py for tasks to queue
[2024-11-11T05:54:50.644+0000] {logging_mixin.py:190} INFO - [2024-11-11T05:54:50.644+0000] {dagbag.py:588} INFO - Filling up the DagBag from /home/airflow/.local/lib/python3.12/site-packages/airflow/example_dags/example_short_circuit_decorator.py
[2024-11-11T05:54:50.650+0000] {processor.py:925} INFO - DAG(s) 'example_short_circuit_decorator' retrieved from /home/airflow/.local/lib/python3.12/site-packages/airflow/example_dags/example_short_circuit_decorator.py
[2024-11-11T05:54:50.662+0000] {logging_mixin.py:190} INFO - [2024-11-11T05:54:50.662+0000] {dag.py:3239} INFO - Sync 1 DAGs
[2024-11-11T05:54:50.671+0000] {logging_mixin.py:190} INFO - [2024-11-11T05:54:50.671+0000] {dag.py:4180} INFO - Setting next_dagrun for example_short_circuit_decorator to None, run_after=None
[2024-11-11T05:54:50.681+0000] {processor.py:208} INFO - Processing /home/airflow/.local/lib/python3.12/site-packages/airflow/example_dags/example_short_circuit_decorator.py took 0.043 seconds
[2024-11-11T05:55:21.106+0000] {processor.py:186} INFO - Started process (PID=11090) to work on /home/airflow/.local/lib/python3.12/site-packages/airflow/example_dags/example_short_circuit_decorator.py
[2024-11-11T05:55:21.107+0000] {processor.py:914} INFO - Processing file /home/airflow/.local/lib/python3.12/site-packages/airflow/example_dags/example_short_circuit_decorator.py for tasks to queue
[2024-11-11T05:55:21.109+0000] {logging_mixin.py:190} INFO - [2024-11-11T05:55:21.108+0000] {dagbag.py:588} INFO - Filling up the DagBag from /home/airflow/.local/lib/python3.12/site-packages/airflow/example_dags/example_short_circuit_decorator.py
[2024-11-11T05:55:21.114+0000] {processor.py:925} INFO - DAG(s) 'example_short_circuit_decorator' retrieved from /home/airflow/.local/lib/python3.12/site-packages/airflow/example_dags/example_short_circuit_decorator.py
[2024-11-11T05:55:21.126+0000] {logging_mixin.py:190} INFO - [2024-11-11T05:55:21.126+0000] {dag.py:3239} INFO - Sync 1 DAGs
[2024-11-11T05:55:21.133+0000] {logging_mixin.py:190} INFO - [2024-11-11T05:55:21.133+0000] {dag.py:4180} INFO - Setting next_dagrun for example_short_circuit_decorator to None, run_after=None
[2024-11-11T05:55:21.142+0000] {processor.py:208} INFO - Processing /home/airflow/.local/lib/python3.12/site-packages/airflow/example_dags/example_short_circuit_decorator.py took 0.039 seconds
[2024-11-11T05:55:51.575+0000] {processor.py:186} INFO - Started process (PID=11153) to work on /home/airflow/.local/lib/python3.12/site-packages/airflow/example_dags/example_short_circuit_decorator.py
[2024-11-11T05:55:51.575+0000] {processor.py:914} INFO - Processing file /home/airflow/.local/lib/python3.12/site-packages/airflow/example_dags/example_short_circuit_decorator.py for tasks to queue
[2024-11-11T05:55:51.577+0000] {logging_mixin.py:190} INFO - [2024-11-11T05:55:51.576+0000] {dagbag.py:588} INFO - Filling up the DagBag from /home/airflow/.local/lib/python3.12/site-packages/airflow/example_dags/example_short_circuit_decorator.py
[2024-11-11T05:55:51.582+0000] {processor.py:925} INFO - DAG(s) 'example_short_circuit_decorator' retrieved from /home/airflow/.local/lib/python3.12/site-packages/airflow/example_dags/example_short_circuit_decorator.py
[2024-11-11T05:55:51.593+0000] {logging_mixin.py:190} INFO - [2024-11-11T05:55:51.593+0000] {dag.py:3239} INFO - Sync 1 DAGs
[2024-11-11T05:55:51.599+0000] {logging_mixin.py:190} INFO - [2024-11-11T05:55:51.599+0000] {dag.py:4180} INFO - Setting next_dagrun for example_short_circuit_decorator to None, run_after=None
[2024-11-11T05:55:51.607+0000] {processor.py:208} INFO - Processing /home/airflow/.local/lib/python3.12/site-packages/airflow/example_dags/example_short_circuit_decorator.py took 0.036 seconds
[2024-11-11T05:56:22.180+0000] {processor.py:186} INFO - Started process (PID=11216) to work on /home/airflow/.local/lib/python3.12/site-packages/airflow/example_dags/example_short_circuit_decorator.py
[2024-11-11T05:56:22.181+0000] {processor.py:914} INFO - Processing file /home/airflow/.local/lib/python3.12/site-packages/airflow/example_dags/example_short_circuit_decorator.py for tasks to queue
[2024-11-11T05:56:22.183+0000] {logging_mixin.py:190} INFO - [2024-11-11T05:56:22.183+0000] {dagbag.py:588} INFO - Filling up the DagBag from /home/airflow/.local/lib/python3.12/site-packages/airflow/example_dags/example_short_circuit_decorator.py
[2024-11-11T05:56:22.189+0000] {processor.py:925} INFO - DAG(s) 'example_short_circuit_decorator' retrieved from /home/airflow/.local/lib/python3.12/site-packages/airflow/example_dags/example_short_circuit_decorator.py
[2024-11-11T05:56:22.201+0000] {logging_mixin.py:190} INFO - [2024-11-11T05:56:22.201+0000] {dag.py:3239} INFO - Sync 1 DAGs
[2024-11-11T05:56:22.208+0000] {logging_mixin.py:190} INFO - [2024-11-11T05:56:22.208+0000] {dag.py:4180} INFO - Setting next_dagrun for example_short_circuit_decorator to None, run_after=None
[2024-11-11T05:56:22.216+0000] {processor.py:208} INFO - Processing /home/airflow/.local/lib/python3.12/site-packages/airflow/example_dags/example_short_circuit_decorator.py took 0.040 seconds
[2024-11-11T05:56:52.460+0000] {processor.py:186} INFO - Started process (PID=11279) to work on /home/airflow/.local/lib/python3.12/site-packages/airflow/example_dags/example_short_circuit_decorator.py
[2024-11-11T05:56:52.460+0000] {processor.py:914} INFO - Processing file /home/airflow/.local/lib/python3.12/site-packages/airflow/example_dags/example_short_circuit_decorator.py for tasks to queue
[2024-11-11T05:56:52.462+0000] {logging_mixin.py:190} INFO - [2024-11-11T05:56:52.462+0000] {dagbag.py:588} INFO - Filling up the DagBag from /home/airflow/.local/lib/python3.12/site-packages/airflow/example_dags/example_short_circuit_decorator.py
[2024-11-11T05:56:52.467+0000] {processor.py:925} INFO - DAG(s) 'example_short_circuit_decorator' retrieved from /home/airflow/.local/lib/python3.12/site-packages/airflow/example_dags/example_short_circuit_decorator.py
[2024-11-11T05:56:52.479+0000] {logging_mixin.py:190} INFO - [2024-11-11T05:56:52.479+0000] {dag.py:3239} INFO - Sync 1 DAGs
[2024-11-11T05:56:52.487+0000] {logging_mixin.py:190} INFO - [2024-11-11T05:56:52.487+0000] {dag.py:4180} INFO - Setting next_dagrun for example_short_circuit_decorator to None, run_after=None
[2024-11-11T05:56:52.496+0000] {processor.py:208} INFO - Processing /home/airflow/.local/lib/python3.12/site-packages/airflow/example_dags/example_short_circuit_decorator.py took 0.040 seconds
