[2024-11-11T02:24:36.622+0000] {processor.py:186} INFO - Started process (PID=44) to work on /home/airflow/.local/lib/python3.12/site-packages/airflow/example_dags/example_python_operator.py
[2024-11-11T02:24:36.623+0000] {processor.py:914} INFO - Processing file /home/airflow/.local/lib/python3.12/site-packages/airflow/example_dags/example_python_operator.py for tasks to queue
[2024-11-11T02:24:36.625+0000] {logging_mixin.py:190} INFO - [2024-11-11T02:24:36.625+0000] {dagbag.py:588} INFO - Filling up the DagBag from /home/airflow/.local/lib/python3.12/site-packages/airflow/example_dags/example_python_operator.py
[2024-11-11T02:24:36.634+0000] {processor.py:925} INFO - DAG(s) 'example_python_operator' retrieved from /home/airflow/.local/lib/python3.12/site-packages/airflow/example_dags/example_python_operator.py
[2024-11-11T02:24:36.694+0000] {logging_mixin.py:190} INFO - [2024-11-11T02:24:36.694+0000] {override.py:1911} INFO - Created Permission View: can edit on DAG:example_python_operator
[2024-11-11T02:24:36.699+0000] {logging_mixin.py:190} INFO - [2024-11-11T02:24:36.699+0000] {override.py:1911} INFO - Created Permission View: can read on DAG:example_python_operator
[2024-11-11T02:24:36.701+0000] {logging_mixin.py:190} INFO - [2024-11-11T02:24:36.701+0000] {override.py:1911} INFO - Created Permission View: can delete on DAG:example_python_operator
[2024-11-11T02:24:36.703+0000] {logging_mixin.py:190} INFO - [2024-11-11T02:24:36.703+0000] {override.py:1911} INFO - Created Permission View: can read on DAG Run:example_python_operator
[2024-11-11T02:24:36.707+0000] {logging_mixin.py:190} INFO - [2024-11-11T02:24:36.707+0000] {override.py:1911} INFO - Created Permission View: can create on DAG Run:example_python_operator
[2024-11-11T02:24:36.710+0000] {logging_mixin.py:190} INFO - [2024-11-11T02:24:36.710+0000] {override.py:1911} INFO - Created Permission View: can delete on DAG Run:example_python_operator
[2024-11-11T02:24:36.713+0000] {logging_mixin.py:190} INFO - [2024-11-11T02:24:36.713+0000] {override.py:1911} INFO - Created Permission View: menu access on DAG Run:example_python_operator
[2024-11-11T02:24:36.713+0000] {logging_mixin.py:190} INFO - [2024-11-11T02:24:36.713+0000] {dag.py:3239} INFO - Sync 1 DAGs
[2024-11-11T02:24:36.720+0000] {logging_mixin.py:190} INFO - [2024-11-11T02:24:36.720+0000] {dag.py:3262} INFO - Creating ORM DAG for example_python_operator
[2024-11-11T02:24:36.720+0000] {logging_mixin.py:190} INFO - [2024-11-11T02:24:36.720+0000] {dag.py:4180} INFO - Setting next_dagrun for example_python_operator to None, run_after=None
[2024-11-11T02:24:36.727+0000] {processor.py:208} INFO - Processing /home/airflow/.local/lib/python3.12/site-packages/airflow/example_dags/example_python_operator.py took 0.108 seconds
[2024-11-11T02:25:06.857+0000] {processor.py:186} INFO - Started process (PID=107) to work on /home/airflow/.local/lib/python3.12/site-packages/airflow/example_dags/example_python_operator.py
[2024-11-11T02:25:06.858+0000] {processor.py:914} INFO - Processing file /home/airflow/.local/lib/python3.12/site-packages/airflow/example_dags/example_python_operator.py for tasks to queue
[2024-11-11T02:25:06.859+0000] {logging_mixin.py:190} INFO - [2024-11-11T02:25:06.859+0000] {dagbag.py:588} INFO - Filling up the DagBag from /home/airflow/.local/lib/python3.12/site-packages/airflow/example_dags/example_python_operator.py
[2024-11-11T02:25:06.866+0000] {processor.py:925} INFO - DAG(s) 'example_python_operator' retrieved from /home/airflow/.local/lib/python3.12/site-packages/airflow/example_dags/example_python_operator.py
[2024-11-11T02:25:06.878+0000] {logging_mixin.py:190} INFO - [2024-11-11T02:25:06.878+0000] {dag.py:3239} INFO - Sync 1 DAGs
[2024-11-11T02:25:06.885+0000] {logging_mixin.py:190} INFO - [2024-11-11T02:25:06.885+0000] {dag.py:4180} INFO - Setting next_dagrun for example_python_operator to None, run_after=None
[2024-11-11T02:25:06.894+0000] {processor.py:208} INFO - Processing /home/airflow/.local/lib/python3.12/site-packages/airflow/example_dags/example_python_operator.py took 0.040 seconds
[2024-11-11T02:25:37.595+0000] {processor.py:186} INFO - Started process (PID=169) to work on /home/airflow/.local/lib/python3.12/site-packages/airflow/example_dags/example_python_operator.py
[2024-11-11T02:25:37.595+0000] {processor.py:914} INFO - Processing file /home/airflow/.local/lib/python3.12/site-packages/airflow/example_dags/example_python_operator.py for tasks to queue
[2024-11-11T02:25:37.597+0000] {logging_mixin.py:190} INFO - [2024-11-11T02:25:37.596+0000] {dagbag.py:588} INFO - Filling up the DagBag from /home/airflow/.local/lib/python3.12/site-packages/airflow/example_dags/example_python_operator.py
[2024-11-11T02:25:37.603+0000] {processor.py:925} INFO - DAG(s) 'example_python_operator' retrieved from /home/airflow/.local/lib/python3.12/site-packages/airflow/example_dags/example_python_operator.py
[2024-11-11T02:25:37.615+0000] {logging_mixin.py:190} INFO - [2024-11-11T02:25:37.615+0000] {dag.py:3239} INFO - Sync 1 DAGs
[2024-11-11T02:25:37.622+0000] {logging_mixin.py:190} INFO - [2024-11-11T02:25:37.622+0000] {dag.py:4180} INFO - Setting next_dagrun for example_python_operator to None, run_after=None
[2024-11-11T02:25:37.632+0000] {processor.py:208} INFO - Processing /home/airflow/.local/lib/python3.12/site-packages/airflow/example_dags/example_python_operator.py took 0.041 seconds
[2024-11-11T02:26:08.242+0000] {processor.py:186} INFO - Started process (PID=232) to work on /home/airflow/.local/lib/python3.12/site-packages/airflow/example_dags/example_python_operator.py
[2024-11-11T02:26:08.242+0000] {processor.py:914} INFO - Processing file /home/airflow/.local/lib/python3.12/site-packages/airflow/example_dags/example_python_operator.py for tasks to queue
[2024-11-11T02:26:08.244+0000] {logging_mixin.py:190} INFO - [2024-11-11T02:26:08.244+0000] {dagbag.py:588} INFO - Filling up the DagBag from /home/airflow/.local/lib/python3.12/site-packages/airflow/example_dags/example_python_operator.py
[2024-11-11T02:26:08.251+0000] {processor.py:925} INFO - DAG(s) 'example_python_operator' retrieved from /home/airflow/.local/lib/python3.12/site-packages/airflow/example_dags/example_python_operator.py
[2024-11-11T02:26:08.262+0000] {logging_mixin.py:190} INFO - [2024-11-11T02:26:08.262+0000] {dag.py:3239} INFO - Sync 1 DAGs
[2024-11-11T02:26:08.269+0000] {logging_mixin.py:190} INFO - [2024-11-11T02:26:08.269+0000] {dag.py:4180} INFO - Setting next_dagrun for example_python_operator to None, run_after=None
[2024-11-11T02:26:08.277+0000] {processor.py:208} INFO - Processing /home/airflow/.local/lib/python3.12/site-packages/airflow/example_dags/example_python_operator.py took 0.039 seconds
[2024-11-11T02:26:38.872+0000] {processor.py:186} INFO - Started process (PID=295) to work on /home/airflow/.local/lib/python3.12/site-packages/airflow/example_dags/example_python_operator.py
[2024-11-11T02:26:38.872+0000] {processor.py:914} INFO - Processing file /home/airflow/.local/lib/python3.12/site-packages/airflow/example_dags/example_python_operator.py for tasks to queue
[2024-11-11T02:26:38.874+0000] {logging_mixin.py:190} INFO - [2024-11-11T02:26:38.874+0000] {dagbag.py:588} INFO - Filling up the DagBag from /home/airflow/.local/lib/python3.12/site-packages/airflow/example_dags/example_python_operator.py
[2024-11-11T02:26:38.881+0000] {processor.py:925} INFO - DAG(s) 'example_python_operator' retrieved from /home/airflow/.local/lib/python3.12/site-packages/airflow/example_dags/example_python_operator.py
[2024-11-11T02:26:38.892+0000] {logging_mixin.py:190} INFO - [2024-11-11T02:26:38.892+0000] {dag.py:3239} INFO - Sync 1 DAGs
[2024-11-11T02:26:38.899+0000] {logging_mixin.py:190} INFO - [2024-11-11T02:26:38.899+0000] {dag.py:4180} INFO - Setting next_dagrun for example_python_operator to None, run_after=None
[2024-11-11T02:26:38.907+0000] {processor.py:208} INFO - Processing /home/airflow/.local/lib/python3.12/site-packages/airflow/example_dags/example_python_operator.py took 0.039 seconds
[2024-11-11T02:27:09.459+0000] {processor.py:186} INFO - Started process (PID=358) to work on /home/airflow/.local/lib/python3.12/site-packages/airflow/example_dags/example_python_operator.py
[2024-11-11T02:27:09.460+0000] {processor.py:914} INFO - Processing file /home/airflow/.local/lib/python3.12/site-packages/airflow/example_dags/example_python_operator.py for tasks to queue
[2024-11-11T02:27:09.462+0000] {logging_mixin.py:190} INFO - [2024-11-11T02:27:09.462+0000] {dagbag.py:588} INFO - Filling up the DagBag from /home/airflow/.local/lib/python3.12/site-packages/airflow/example_dags/example_python_operator.py
[2024-11-11T02:27:09.468+0000] {processor.py:925} INFO - DAG(s) 'example_python_operator' retrieved from /home/airflow/.local/lib/python3.12/site-packages/airflow/example_dags/example_python_operator.py
[2024-11-11T02:27:09.480+0000] {logging_mixin.py:190} INFO - [2024-11-11T02:27:09.480+0000] {dag.py:3239} INFO - Sync 1 DAGs
[2024-11-11T02:27:09.487+0000] {logging_mixin.py:190} INFO - [2024-11-11T02:27:09.487+0000] {dag.py:4180} INFO - Setting next_dagrun for example_python_operator to None, run_after=None
[2024-11-11T02:27:09.495+0000] {processor.py:208} INFO - Processing /home/airflow/.local/lib/python3.12/site-packages/airflow/example_dags/example_python_operator.py took 0.039 seconds
[2024-11-11T02:27:40.090+0000] {processor.py:186} INFO - Started process (PID=421) to work on /home/airflow/.local/lib/python3.12/site-packages/airflow/example_dags/example_python_operator.py
[2024-11-11T02:27:40.091+0000] {processor.py:914} INFO - Processing file /home/airflow/.local/lib/python3.12/site-packages/airflow/example_dags/example_python_operator.py for tasks to queue
[2024-11-11T02:27:40.092+0000] {logging_mixin.py:190} INFO - [2024-11-11T02:27:40.092+0000] {dagbag.py:588} INFO - Filling up the DagBag from /home/airflow/.local/lib/python3.12/site-packages/airflow/example_dags/example_python_operator.py
[2024-11-11T02:27:40.099+0000] {processor.py:925} INFO - DAG(s) 'example_python_operator' retrieved from /home/airflow/.local/lib/python3.12/site-packages/airflow/example_dags/example_python_operator.py
[2024-11-11T02:27:40.110+0000] {logging_mixin.py:190} INFO - [2024-11-11T02:27:40.110+0000] {dag.py:3239} INFO - Sync 1 DAGs
[2024-11-11T02:27:40.117+0000] {logging_mixin.py:190} INFO - [2024-11-11T02:27:40.117+0000] {dag.py:4180} INFO - Setting next_dagrun for example_python_operator to None, run_after=None
[2024-11-11T02:27:40.126+0000] {processor.py:208} INFO - Processing /home/airflow/.local/lib/python3.12/site-packages/airflow/example_dags/example_python_operator.py took 0.039 seconds
[2024-11-11T02:28:10.660+0000] {processor.py:186} INFO - Started process (PID=484) to work on /home/airflow/.local/lib/python3.12/site-packages/airflow/example_dags/example_python_operator.py
[2024-11-11T02:28:10.661+0000] {processor.py:914} INFO - Processing file /home/airflow/.local/lib/python3.12/site-packages/airflow/example_dags/example_python_operator.py for tasks to queue
[2024-11-11T02:28:10.662+0000] {logging_mixin.py:190} INFO - [2024-11-11T02:28:10.662+0000] {dagbag.py:588} INFO - Filling up the DagBag from /home/airflow/.local/lib/python3.12/site-packages/airflow/example_dags/example_python_operator.py
[2024-11-11T02:28:10.669+0000] {processor.py:925} INFO - DAG(s) 'example_python_operator' retrieved from /home/airflow/.local/lib/python3.12/site-packages/airflow/example_dags/example_python_operator.py
[2024-11-11T02:28:10.681+0000] {logging_mixin.py:190} INFO - [2024-11-11T02:28:10.681+0000] {dag.py:3239} INFO - Sync 1 DAGs
[2024-11-11T02:28:10.688+0000] {logging_mixin.py:190} INFO - [2024-11-11T02:28:10.688+0000] {dag.py:4180} INFO - Setting next_dagrun for example_python_operator to None, run_after=None
[2024-11-11T02:28:10.696+0000] {processor.py:208} INFO - Processing /home/airflow/.local/lib/python3.12/site-packages/airflow/example_dags/example_python_operator.py took 0.040 seconds
[2024-11-11T02:28:41.347+0000] {processor.py:186} INFO - Started process (PID=547) to work on /home/airflow/.local/lib/python3.12/site-packages/airflow/example_dags/example_python_operator.py
[2024-11-11T02:28:41.348+0000] {processor.py:914} INFO - Processing file /home/airflow/.local/lib/python3.12/site-packages/airflow/example_dags/example_python_operator.py for tasks to queue
[2024-11-11T02:28:41.350+0000] {logging_mixin.py:190} INFO - [2024-11-11T02:28:41.349+0000] {dagbag.py:588} INFO - Filling up the DagBag from /home/airflow/.local/lib/python3.12/site-packages/airflow/example_dags/example_python_operator.py
[2024-11-11T02:28:41.357+0000] {processor.py:925} INFO - DAG(s) 'example_python_operator' retrieved from /home/airflow/.local/lib/python3.12/site-packages/airflow/example_dags/example_python_operator.py
[2024-11-11T02:28:41.368+0000] {logging_mixin.py:190} INFO - [2024-11-11T02:28:41.367+0000] {dag.py:3239} INFO - Sync 1 DAGs
[2024-11-11T02:28:41.375+0000] {logging_mixin.py:190} INFO - [2024-11-11T02:28:41.375+0000] {dag.py:4180} INFO - Setting next_dagrun for example_python_operator to None, run_after=None
[2024-11-11T02:28:41.383+0000] {processor.py:208} INFO - Processing /home/airflow/.local/lib/python3.12/site-packages/airflow/example_dags/example_python_operator.py took 0.039 seconds
[2024-11-11T02:29:12.063+0000] {processor.py:186} INFO - Started process (PID=610) to work on /home/airflow/.local/lib/python3.12/site-packages/airflow/example_dags/example_python_operator.py
[2024-11-11T02:29:12.064+0000] {processor.py:914} INFO - Processing file /home/airflow/.local/lib/python3.12/site-packages/airflow/example_dags/example_python_operator.py for tasks to queue
[2024-11-11T02:29:12.066+0000] {logging_mixin.py:190} INFO - [2024-11-11T02:29:12.065+0000] {dagbag.py:588} INFO - Filling up the DagBag from /home/airflow/.local/lib/python3.12/site-packages/airflow/example_dags/example_python_operator.py
[2024-11-11T02:29:12.072+0000] {processor.py:925} INFO - DAG(s) 'example_python_operator' retrieved from /home/airflow/.local/lib/python3.12/site-packages/airflow/example_dags/example_python_operator.py
[2024-11-11T02:29:12.084+0000] {logging_mixin.py:190} INFO - [2024-11-11T02:29:12.084+0000] {dag.py:3239} INFO - Sync 1 DAGs
[2024-11-11T02:29:12.091+0000] {logging_mixin.py:190} INFO - [2024-11-11T02:29:12.091+0000] {dag.py:4180} INFO - Setting next_dagrun for example_python_operator to None, run_after=None
[2024-11-11T02:29:12.099+0000] {processor.py:208} INFO - Processing /home/airflow/.local/lib/python3.12/site-packages/airflow/example_dags/example_python_operator.py took 0.039 seconds
[2024-11-11T02:29:42.692+0000] {processor.py:186} INFO - Started process (PID=673) to work on /home/airflow/.local/lib/python3.12/site-packages/airflow/example_dags/example_python_operator.py
[2024-11-11T02:29:42.692+0000] {processor.py:914} INFO - Processing file /home/airflow/.local/lib/python3.12/site-packages/airflow/example_dags/example_python_operator.py for tasks to queue
[2024-11-11T02:29:42.694+0000] {logging_mixin.py:190} INFO - [2024-11-11T02:29:42.694+0000] {dagbag.py:588} INFO - Filling up the DagBag from /home/airflow/.local/lib/python3.12/site-packages/airflow/example_dags/example_python_operator.py
[2024-11-11T02:29:42.701+0000] {processor.py:925} INFO - DAG(s) 'example_python_operator' retrieved from /home/airflow/.local/lib/python3.12/site-packages/airflow/example_dags/example_python_operator.py
[2024-11-11T02:29:42.712+0000] {logging_mixin.py:190} INFO - [2024-11-11T02:29:42.712+0000] {dag.py:3239} INFO - Sync 1 DAGs
[2024-11-11T02:29:42.719+0000] {logging_mixin.py:190} INFO - [2024-11-11T02:29:42.719+0000] {dag.py:4180} INFO - Setting next_dagrun for example_python_operator to None, run_after=None
[2024-11-11T02:29:42.728+0000] {processor.py:208} INFO - Processing /home/airflow/.local/lib/python3.12/site-packages/airflow/example_dags/example_python_operator.py took 0.039 seconds
[2024-11-11T02:30:13.467+0000] {processor.py:186} INFO - Started process (PID=735) to work on /home/airflow/.local/lib/python3.12/site-packages/airflow/example_dags/example_python_operator.py
[2024-11-11T02:30:13.468+0000] {processor.py:914} INFO - Processing file /home/airflow/.local/lib/python3.12/site-packages/airflow/example_dags/example_python_operator.py for tasks to queue
[2024-11-11T02:30:13.470+0000] {logging_mixin.py:190} INFO - [2024-11-11T02:30:13.470+0000] {dagbag.py:588} INFO - Filling up the DagBag from /home/airflow/.local/lib/python3.12/site-packages/airflow/example_dags/example_python_operator.py
[2024-11-11T02:30:13.477+0000] {processor.py:925} INFO - DAG(s) 'example_python_operator' retrieved from /home/airflow/.local/lib/python3.12/site-packages/airflow/example_dags/example_python_operator.py
[2024-11-11T02:30:13.489+0000] {logging_mixin.py:190} INFO - [2024-11-11T02:30:13.489+0000] {dag.py:3239} INFO - Sync 1 DAGs
[2024-11-11T02:30:13.496+0000] {logging_mixin.py:190} INFO - [2024-11-11T02:30:13.496+0000] {dag.py:4180} INFO - Setting next_dagrun for example_python_operator to None, run_after=None
[2024-11-11T02:30:13.504+0000] {processor.py:208} INFO - Processing /home/airflow/.local/lib/python3.12/site-packages/airflow/example_dags/example_python_operator.py took 0.040 seconds
[2024-11-11T02:30:44.032+0000] {processor.py:186} INFO - Started process (PID=798) to work on /home/airflow/.local/lib/python3.12/site-packages/airflow/example_dags/example_python_operator.py
[2024-11-11T02:30:44.032+0000] {processor.py:914} INFO - Processing file /home/airflow/.local/lib/python3.12/site-packages/airflow/example_dags/example_python_operator.py for tasks to queue
[2024-11-11T02:30:44.034+0000] {logging_mixin.py:190} INFO - [2024-11-11T02:30:44.034+0000] {dagbag.py:588} INFO - Filling up the DagBag from /home/airflow/.local/lib/python3.12/site-packages/airflow/example_dags/example_python_operator.py
[2024-11-11T02:30:44.041+0000] {processor.py:925} INFO - DAG(s) 'example_python_operator' retrieved from /home/airflow/.local/lib/python3.12/site-packages/airflow/example_dags/example_python_operator.py
[2024-11-11T02:30:44.052+0000] {logging_mixin.py:190} INFO - [2024-11-11T02:30:44.052+0000] {dag.py:3239} INFO - Sync 1 DAGs
[2024-11-11T02:30:44.059+0000] {logging_mixin.py:190} INFO - [2024-11-11T02:30:44.059+0000] {dag.py:4180} INFO - Setting next_dagrun for example_python_operator to None, run_after=None
[2024-11-11T02:30:44.067+0000] {processor.py:208} INFO - Processing /home/airflow/.local/lib/python3.12/site-packages/airflow/example_dags/example_python_operator.py took 0.039 seconds
[2024-11-11T02:31:14.703+0000] {processor.py:186} INFO - Started process (PID=870) to work on /home/airflow/.local/lib/python3.12/site-packages/airflow/example_dags/example_python_operator.py
[2024-11-11T02:31:14.704+0000] {processor.py:914} INFO - Processing file /home/airflow/.local/lib/python3.12/site-packages/airflow/example_dags/example_python_operator.py for tasks to queue
[2024-11-11T02:31:14.705+0000] {logging_mixin.py:190} INFO - [2024-11-11T02:31:14.705+0000] {dagbag.py:588} INFO - Filling up the DagBag from /home/airflow/.local/lib/python3.12/site-packages/airflow/example_dags/example_python_operator.py
[2024-11-11T02:31:14.712+0000] {processor.py:925} INFO - DAG(s) 'example_python_operator' retrieved from /home/airflow/.local/lib/python3.12/site-packages/airflow/example_dags/example_python_operator.py
[2024-11-11T02:31:14.723+0000] {logging_mixin.py:190} INFO - [2024-11-11T02:31:14.723+0000] {dag.py:3239} INFO - Sync 1 DAGs
[2024-11-11T02:31:14.730+0000] {logging_mixin.py:190} INFO - [2024-11-11T02:31:14.730+0000] {dag.py:4180} INFO - Setting next_dagrun for example_python_operator to None, run_after=None
[2024-11-11T02:31:14.739+0000] {processor.py:208} INFO - Processing /home/airflow/.local/lib/python3.12/site-packages/airflow/example_dags/example_python_operator.py took 0.039 seconds
[2024-11-11T02:31:45.249+0000] {processor.py:186} INFO - Started process (PID=934) to work on /home/airflow/.local/lib/python3.12/site-packages/airflow/example_dags/example_python_operator.py
[2024-11-11T02:31:45.250+0000] {processor.py:914} INFO - Processing file /home/airflow/.local/lib/python3.12/site-packages/airflow/example_dags/example_python_operator.py for tasks to queue
[2024-11-11T02:31:45.252+0000] {logging_mixin.py:190} INFO - [2024-11-11T02:31:45.251+0000] {dagbag.py:588} INFO - Filling up the DagBag from /home/airflow/.local/lib/python3.12/site-packages/airflow/example_dags/example_python_operator.py
[2024-11-11T02:31:45.258+0000] {processor.py:925} INFO - DAG(s) 'example_python_operator' retrieved from /home/airflow/.local/lib/python3.12/site-packages/airflow/example_dags/example_python_operator.py
[2024-11-11T02:31:45.270+0000] {logging_mixin.py:190} INFO - [2024-11-11T02:31:45.270+0000] {dag.py:3239} INFO - Sync 1 DAGs
[2024-11-11T02:31:45.277+0000] {logging_mixin.py:190} INFO - [2024-11-11T02:31:45.277+0000] {dag.py:4180} INFO - Setting next_dagrun for example_python_operator to None, run_after=None
[2024-11-11T02:31:45.285+0000] {processor.py:208} INFO - Processing /home/airflow/.local/lib/python3.12/site-packages/airflow/example_dags/example_python_operator.py took 0.040 seconds
[2024-11-11T02:32:16.034+0000] {processor.py:186} INFO - Started process (PID=995) to work on /home/airflow/.local/lib/python3.12/site-packages/airflow/example_dags/example_python_operator.py
[2024-11-11T02:32:16.035+0000] {processor.py:914} INFO - Processing file /home/airflow/.local/lib/python3.12/site-packages/airflow/example_dags/example_python_operator.py for tasks to queue
[2024-11-11T02:32:16.037+0000] {logging_mixin.py:190} INFO - [2024-11-11T02:32:16.036+0000] {dagbag.py:588} INFO - Filling up the DagBag from /home/airflow/.local/lib/python3.12/site-packages/airflow/example_dags/example_python_operator.py
[2024-11-11T02:32:16.044+0000] {processor.py:925} INFO - DAG(s) 'example_python_operator' retrieved from /home/airflow/.local/lib/python3.12/site-packages/airflow/example_dags/example_python_operator.py
[2024-11-11T02:32:16.055+0000] {logging_mixin.py:190} INFO - [2024-11-11T02:32:16.055+0000] {dag.py:3239} INFO - Sync 1 DAGs
[2024-11-11T02:32:16.062+0000] {logging_mixin.py:190} INFO - [2024-11-11T02:32:16.062+0000] {dag.py:4180} INFO - Setting next_dagrun for example_python_operator to None, run_after=None
[2024-11-11T02:32:16.071+0000] {processor.py:208} INFO - Processing /home/airflow/.local/lib/python3.12/site-packages/airflow/example_dags/example_python_operator.py took 0.039 seconds
[2024-11-11T02:32:46.630+0000] {processor.py:186} INFO - Started process (PID=1057) to work on /home/airflow/.local/lib/python3.12/site-packages/airflow/example_dags/example_python_operator.py
[2024-11-11T02:32:46.631+0000] {processor.py:914} INFO - Processing file /home/airflow/.local/lib/python3.12/site-packages/airflow/example_dags/example_python_operator.py for tasks to queue
[2024-11-11T02:32:46.633+0000] {logging_mixin.py:190} INFO - [2024-11-11T02:32:46.633+0000] {dagbag.py:588} INFO - Filling up the DagBag from /home/airflow/.local/lib/python3.12/site-packages/airflow/example_dags/example_python_operator.py
[2024-11-11T02:32:46.641+0000] {processor.py:925} INFO - DAG(s) 'example_python_operator' retrieved from /home/airflow/.local/lib/python3.12/site-packages/airflow/example_dags/example_python_operator.py
[2024-11-11T02:32:46.655+0000] {logging_mixin.py:190} INFO - [2024-11-11T02:32:46.655+0000] {dag.py:3239} INFO - Sync 1 DAGs
[2024-11-11T02:32:46.663+0000] {logging_mixin.py:190} INFO - [2024-11-11T02:32:46.663+0000] {dag.py:4180} INFO - Setting next_dagrun for example_python_operator to None, run_after=None
[2024-11-11T02:32:46.671+0000] {processor.py:208} INFO - Processing /home/airflow/.local/lib/python3.12/site-packages/airflow/example_dags/example_python_operator.py took 0.046 seconds
[2024-11-11T02:33:17.286+0000] {processor.py:186} INFO - Started process (PID=1120) to work on /home/airflow/.local/lib/python3.12/site-packages/airflow/example_dags/example_python_operator.py
[2024-11-11T02:33:17.287+0000] {processor.py:914} INFO - Processing file /home/airflow/.local/lib/python3.12/site-packages/airflow/example_dags/example_python_operator.py for tasks to queue
[2024-11-11T02:33:17.289+0000] {logging_mixin.py:190} INFO - [2024-11-11T02:33:17.288+0000] {dagbag.py:588} INFO - Filling up the DagBag from /home/airflow/.local/lib/python3.12/site-packages/airflow/example_dags/example_python_operator.py
[2024-11-11T02:33:17.296+0000] {processor.py:925} INFO - DAG(s) 'example_python_operator' retrieved from /home/airflow/.local/lib/python3.12/site-packages/airflow/example_dags/example_python_operator.py
[2024-11-11T02:33:17.309+0000] {logging_mixin.py:190} INFO - [2024-11-11T02:33:17.309+0000] {dag.py:3239} INFO - Sync 1 DAGs
[2024-11-11T02:33:17.316+0000] {logging_mixin.py:190} INFO - [2024-11-11T02:33:17.316+0000] {dag.py:4180} INFO - Setting next_dagrun for example_python_operator to None, run_after=None
[2024-11-11T02:33:17.325+0000] {processor.py:208} INFO - Processing /home/airflow/.local/lib/python3.12/site-packages/airflow/example_dags/example_python_operator.py took 0.043 seconds
[2024-11-11T02:33:48.081+0000] {processor.py:186} INFO - Started process (PID=1183) to work on /home/airflow/.local/lib/python3.12/site-packages/airflow/example_dags/example_python_operator.py
[2024-11-11T02:33:48.082+0000] {processor.py:914} INFO - Processing file /home/airflow/.local/lib/python3.12/site-packages/airflow/example_dags/example_python_operator.py for tasks to queue
[2024-11-11T02:33:48.083+0000] {logging_mixin.py:190} INFO - [2024-11-11T02:33:48.083+0000] {dagbag.py:588} INFO - Filling up the DagBag from /home/airflow/.local/lib/python3.12/site-packages/airflow/example_dags/example_python_operator.py
[2024-11-11T02:33:48.090+0000] {processor.py:925} INFO - DAG(s) 'example_python_operator' retrieved from /home/airflow/.local/lib/python3.12/site-packages/airflow/example_dags/example_python_operator.py
[2024-11-11T02:33:48.102+0000] {logging_mixin.py:190} INFO - [2024-11-11T02:33:48.101+0000] {dag.py:3239} INFO - Sync 1 DAGs
[2024-11-11T02:33:48.108+0000] {logging_mixin.py:190} INFO - [2024-11-11T02:33:48.108+0000] {dag.py:4180} INFO - Setting next_dagrun for example_python_operator to None, run_after=None
[2024-11-11T02:33:48.117+0000] {processor.py:208} INFO - Processing /home/airflow/.local/lib/python3.12/site-packages/airflow/example_dags/example_python_operator.py took 0.040 seconds
[2024-11-11T02:34:18.670+0000] {processor.py:186} INFO - Started process (PID=1246) to work on /home/airflow/.local/lib/python3.12/site-packages/airflow/example_dags/example_python_operator.py
[2024-11-11T02:34:18.671+0000] {processor.py:914} INFO - Processing file /home/airflow/.local/lib/python3.12/site-packages/airflow/example_dags/example_python_operator.py for tasks to queue
[2024-11-11T02:34:18.673+0000] {logging_mixin.py:190} INFO - [2024-11-11T02:34:18.672+0000] {dagbag.py:588} INFO - Filling up the DagBag from /home/airflow/.local/lib/python3.12/site-packages/airflow/example_dags/example_python_operator.py
[2024-11-11T02:34:18.680+0000] {processor.py:925} INFO - DAG(s) 'example_python_operator' retrieved from /home/airflow/.local/lib/python3.12/site-packages/airflow/example_dags/example_python_operator.py
[2024-11-11T02:34:18.692+0000] {logging_mixin.py:190} INFO - [2024-11-11T02:34:18.692+0000] {dag.py:3239} INFO - Sync 1 DAGs
[2024-11-11T02:34:18.699+0000] {logging_mixin.py:190} INFO - [2024-11-11T02:34:18.699+0000] {dag.py:4180} INFO - Setting next_dagrun for example_python_operator to None, run_after=None
[2024-11-11T02:34:18.709+0000] {processor.py:208} INFO - Processing /home/airflow/.local/lib/python3.12/site-packages/airflow/example_dags/example_python_operator.py took 0.042 seconds
[2024-11-11T02:34:49.347+0000] {processor.py:186} INFO - Started process (PID=1309) to work on /home/airflow/.local/lib/python3.12/site-packages/airflow/example_dags/example_python_operator.py
[2024-11-11T02:34:49.348+0000] {processor.py:914} INFO - Processing file /home/airflow/.local/lib/python3.12/site-packages/airflow/example_dags/example_python_operator.py for tasks to queue
[2024-11-11T02:34:49.350+0000] {logging_mixin.py:190} INFO - [2024-11-11T02:34:49.349+0000] {dagbag.py:588} INFO - Filling up the DagBag from /home/airflow/.local/lib/python3.12/site-packages/airflow/example_dags/example_python_operator.py
[2024-11-11T02:34:49.357+0000] {processor.py:925} INFO - DAG(s) 'example_python_operator' retrieved from /home/airflow/.local/lib/python3.12/site-packages/airflow/example_dags/example_python_operator.py
[2024-11-11T02:34:49.368+0000] {logging_mixin.py:190} INFO - [2024-11-11T02:34:49.368+0000] {dag.py:3239} INFO - Sync 1 DAGs
[2024-11-11T02:34:49.376+0000] {logging_mixin.py:190} INFO - [2024-11-11T02:34:49.376+0000] {dag.py:4180} INFO - Setting next_dagrun for example_python_operator to None, run_after=None
[2024-11-11T02:34:49.384+0000] {processor.py:208} INFO - Processing /home/airflow/.local/lib/python3.12/site-packages/airflow/example_dags/example_python_operator.py took 0.040 seconds
[2024-11-11T02:35:20.234+0000] {processor.py:186} INFO - Started process (PID=1372) to work on /home/airflow/.local/lib/python3.12/site-packages/airflow/example_dags/example_python_operator.py
[2024-11-11T02:35:20.234+0000] {processor.py:914} INFO - Processing file /home/airflow/.local/lib/python3.12/site-packages/airflow/example_dags/example_python_operator.py for tasks to queue
[2024-11-11T02:35:20.236+0000] {logging_mixin.py:190} INFO - [2024-11-11T02:35:20.235+0000] {dagbag.py:588} INFO - Filling up the DagBag from /home/airflow/.local/lib/python3.12/site-packages/airflow/example_dags/example_python_operator.py
[2024-11-11T02:35:20.243+0000] {processor.py:925} INFO - DAG(s) 'example_python_operator' retrieved from /home/airflow/.local/lib/python3.12/site-packages/airflow/example_dags/example_python_operator.py
[2024-11-11T02:35:20.254+0000] {logging_mixin.py:190} INFO - [2024-11-11T02:35:20.254+0000] {dag.py:3239} INFO - Sync 1 DAGs
[2024-11-11T02:35:20.261+0000] {logging_mixin.py:190} INFO - [2024-11-11T02:35:20.261+0000] {dag.py:4180} INFO - Setting next_dagrun for example_python_operator to None, run_after=None
[2024-11-11T02:35:20.269+0000] {processor.py:208} INFO - Processing /home/airflow/.local/lib/python3.12/site-packages/airflow/example_dags/example_python_operator.py took 0.039 seconds
[2024-11-11T02:35:51.048+0000] {processor.py:186} INFO - Started process (PID=1435) to work on /home/airflow/.local/lib/python3.12/site-packages/airflow/example_dags/example_python_operator.py
[2024-11-11T02:35:51.049+0000] {processor.py:914} INFO - Processing file /home/airflow/.local/lib/python3.12/site-packages/airflow/example_dags/example_python_operator.py for tasks to queue
[2024-11-11T02:35:51.050+0000] {logging_mixin.py:190} INFO - [2024-11-11T02:35:51.050+0000] {dagbag.py:588} INFO - Filling up the DagBag from /home/airflow/.local/lib/python3.12/site-packages/airflow/example_dags/example_python_operator.py
[2024-11-11T02:35:51.057+0000] {processor.py:925} INFO - DAG(s) 'example_python_operator' retrieved from /home/airflow/.local/lib/python3.12/site-packages/airflow/example_dags/example_python_operator.py
[2024-11-11T02:35:51.069+0000] {logging_mixin.py:190} INFO - [2024-11-11T02:35:51.068+0000] {dag.py:3239} INFO - Sync 1 DAGs
[2024-11-11T02:35:51.076+0000] {logging_mixin.py:190} INFO - [2024-11-11T02:35:51.076+0000] {dag.py:4180} INFO - Setting next_dagrun for example_python_operator to None, run_after=None
[2024-11-11T02:35:51.084+0000] {processor.py:208} INFO - Processing /home/airflow/.local/lib/python3.12/site-packages/airflow/example_dags/example_python_operator.py took 0.040 seconds
[2024-11-11T02:36:21.665+0000] {processor.py:186} INFO - Started process (PID=1498) to work on /home/airflow/.local/lib/python3.12/site-packages/airflow/example_dags/example_python_operator.py
[2024-11-11T02:36:21.665+0000] {processor.py:914} INFO - Processing file /home/airflow/.local/lib/python3.12/site-packages/airflow/example_dags/example_python_operator.py for tasks to queue
[2024-11-11T02:36:21.667+0000] {logging_mixin.py:190} INFO - [2024-11-11T02:36:21.667+0000] {dagbag.py:588} INFO - Filling up the DagBag from /home/airflow/.local/lib/python3.12/site-packages/airflow/example_dags/example_python_operator.py
[2024-11-11T02:36:21.674+0000] {processor.py:925} INFO - DAG(s) 'example_python_operator' retrieved from /home/airflow/.local/lib/python3.12/site-packages/airflow/example_dags/example_python_operator.py
[2024-11-11T02:36:21.685+0000] {logging_mixin.py:190} INFO - [2024-11-11T02:36:21.685+0000] {dag.py:3239} INFO - Sync 1 DAGs
[2024-11-11T02:36:21.692+0000] {logging_mixin.py:190} INFO - [2024-11-11T02:36:21.692+0000] {dag.py:4180} INFO - Setting next_dagrun for example_python_operator to None, run_after=None
[2024-11-11T02:36:21.701+0000] {processor.py:208} INFO - Processing /home/airflow/.local/lib/python3.12/site-packages/airflow/example_dags/example_python_operator.py took 0.039 seconds
[2024-11-11T02:36:52.472+0000] {processor.py:186} INFO - Started process (PID=1561) to work on /home/airflow/.local/lib/python3.12/site-packages/airflow/example_dags/example_python_operator.py
[2024-11-11T02:36:52.473+0000] {processor.py:914} INFO - Processing file /home/airflow/.local/lib/python3.12/site-packages/airflow/example_dags/example_python_operator.py for tasks to queue
[2024-11-11T02:36:52.474+0000] {logging_mixin.py:190} INFO - [2024-11-11T02:36:52.474+0000] {dagbag.py:588} INFO - Filling up the DagBag from /home/airflow/.local/lib/python3.12/site-packages/airflow/example_dags/example_python_operator.py
[2024-11-11T02:36:52.481+0000] {processor.py:925} INFO - DAG(s) 'example_python_operator' retrieved from /home/airflow/.local/lib/python3.12/site-packages/airflow/example_dags/example_python_operator.py
[2024-11-11T02:36:52.493+0000] {logging_mixin.py:190} INFO - [2024-11-11T02:36:52.493+0000] {dag.py:3239} INFO - Sync 1 DAGs
[2024-11-11T02:36:52.500+0000] {logging_mixin.py:190} INFO - [2024-11-11T02:36:52.500+0000] {dag.py:4180} INFO - Setting next_dagrun for example_python_operator to None, run_after=None
[2024-11-11T02:36:52.508+0000] {processor.py:208} INFO - Processing /home/airflow/.local/lib/python3.12/site-packages/airflow/example_dags/example_python_operator.py took 0.039 seconds
[2024-11-11T02:37:23.064+0000] {processor.py:186} INFO - Started process (PID=1624) to work on /home/airflow/.local/lib/python3.12/site-packages/airflow/example_dags/example_python_operator.py
[2024-11-11T02:37:23.064+0000] {processor.py:914} INFO - Processing file /home/airflow/.local/lib/python3.12/site-packages/airflow/example_dags/example_python_operator.py for tasks to queue
[2024-11-11T02:37:23.066+0000] {logging_mixin.py:190} INFO - [2024-11-11T02:37:23.066+0000] {dagbag.py:588} INFO - Filling up the DagBag from /home/airflow/.local/lib/python3.12/site-packages/airflow/example_dags/example_python_operator.py
[2024-11-11T02:37:23.073+0000] {processor.py:925} INFO - DAG(s) 'example_python_operator' retrieved from /home/airflow/.local/lib/python3.12/site-packages/airflow/example_dags/example_python_operator.py
[2024-11-11T02:37:23.084+0000] {logging_mixin.py:190} INFO - [2024-11-11T02:37:23.084+0000] {dag.py:3239} INFO - Sync 1 DAGs
[2024-11-11T02:37:23.091+0000] {logging_mixin.py:190} INFO - [2024-11-11T02:37:23.091+0000] {dag.py:4180} INFO - Setting next_dagrun for example_python_operator to None, run_after=None
[2024-11-11T02:37:23.100+0000] {processor.py:208} INFO - Processing /home/airflow/.local/lib/python3.12/site-packages/airflow/example_dags/example_python_operator.py took 0.039 seconds
[2024-11-11T02:37:53.700+0000] {processor.py:186} INFO - Started process (PID=1687) to work on /home/airflow/.local/lib/python3.12/site-packages/airflow/example_dags/example_python_operator.py
[2024-11-11T02:37:53.700+0000] {processor.py:914} INFO - Processing file /home/airflow/.local/lib/python3.12/site-packages/airflow/example_dags/example_python_operator.py for tasks to queue
[2024-11-11T02:37:53.702+0000] {logging_mixin.py:190} INFO - [2024-11-11T02:37:53.702+0000] {dagbag.py:588} INFO - Filling up the DagBag from /home/airflow/.local/lib/python3.12/site-packages/airflow/example_dags/example_python_operator.py
[2024-11-11T02:37:53.709+0000] {processor.py:925} INFO - DAG(s) 'example_python_operator' retrieved from /home/airflow/.local/lib/python3.12/site-packages/airflow/example_dags/example_python_operator.py
[2024-11-11T02:37:53.720+0000] {logging_mixin.py:190} INFO - [2024-11-11T02:37:53.720+0000] {dag.py:3239} INFO - Sync 1 DAGs
[2024-11-11T02:37:53.728+0000] {logging_mixin.py:190} INFO - [2024-11-11T02:37:53.728+0000] {dag.py:4180} INFO - Setting next_dagrun for example_python_operator to None, run_after=None
[2024-11-11T02:37:53.736+0000] {processor.py:208} INFO - Processing /home/airflow/.local/lib/python3.12/site-packages/airflow/example_dags/example_python_operator.py took 0.040 seconds
[2024-11-11T02:38:24.411+0000] {processor.py:186} INFO - Started process (PID=1756) to work on /home/airflow/.local/lib/python3.12/site-packages/airflow/example_dags/example_python_operator.py
[2024-11-11T02:38:24.412+0000] {processor.py:914} INFO - Processing file /home/airflow/.local/lib/python3.12/site-packages/airflow/example_dags/example_python_operator.py for tasks to queue
[2024-11-11T02:38:24.414+0000] {logging_mixin.py:190} INFO - [2024-11-11T02:38:24.414+0000] {dagbag.py:588} INFO - Filling up the DagBag from /home/airflow/.local/lib/python3.12/site-packages/airflow/example_dags/example_python_operator.py
[2024-11-11T02:38:24.423+0000] {processor.py:925} INFO - DAG(s) 'example_python_operator' retrieved from /home/airflow/.local/lib/python3.12/site-packages/airflow/example_dags/example_python_operator.py
[2024-11-11T02:38:24.436+0000] {logging_mixin.py:190} INFO - [2024-11-11T02:38:24.436+0000] {dag.py:3239} INFO - Sync 1 DAGs
[2024-11-11T02:38:24.444+0000] {logging_mixin.py:190} INFO - [2024-11-11T02:38:24.443+0000] {dag.py:4180} INFO - Setting next_dagrun for example_python_operator to None, run_after=None
[2024-11-11T02:38:24.453+0000] {processor.py:208} INFO - Processing /home/airflow/.local/lib/python3.12/site-packages/airflow/example_dags/example_python_operator.py took 0.046 seconds
[2024-11-11T02:38:55.373+0000] {processor.py:186} INFO - Started process (PID=1819) to work on /home/airflow/.local/lib/python3.12/site-packages/airflow/example_dags/example_python_operator.py
[2024-11-11T02:38:55.374+0000] {processor.py:914} INFO - Processing file /home/airflow/.local/lib/python3.12/site-packages/airflow/example_dags/example_python_operator.py for tasks to queue
[2024-11-11T02:38:55.375+0000] {logging_mixin.py:190} INFO - [2024-11-11T02:38:55.375+0000] {dagbag.py:588} INFO - Filling up the DagBag from /home/airflow/.local/lib/python3.12/site-packages/airflow/example_dags/example_python_operator.py
[2024-11-11T02:38:55.382+0000] {processor.py:925} INFO - DAG(s) 'example_python_operator' retrieved from /home/airflow/.local/lib/python3.12/site-packages/airflow/example_dags/example_python_operator.py
[2024-11-11T02:38:55.393+0000] {logging_mixin.py:190} INFO - [2024-11-11T02:38:55.393+0000] {dag.py:3239} INFO - Sync 1 DAGs
[2024-11-11T02:38:55.400+0000] {logging_mixin.py:190} INFO - [2024-11-11T02:38:55.400+0000] {dag.py:4180} INFO - Setting next_dagrun for example_python_operator to None, run_after=None
[2024-11-11T02:38:55.409+0000] {processor.py:208} INFO - Processing /home/airflow/.local/lib/python3.12/site-packages/airflow/example_dags/example_python_operator.py took 0.039 seconds
[2024-11-11T02:39:25.952+0000] {processor.py:186} INFO - Started process (PID=1882) to work on /home/airflow/.local/lib/python3.12/site-packages/airflow/example_dags/example_python_operator.py
[2024-11-11T02:39:25.953+0000] {processor.py:914} INFO - Processing file /home/airflow/.local/lib/python3.12/site-packages/airflow/example_dags/example_python_operator.py for tasks to queue
[2024-11-11T02:39:25.955+0000] {logging_mixin.py:190} INFO - [2024-11-11T02:39:25.954+0000] {dagbag.py:588} INFO - Filling up the DagBag from /home/airflow/.local/lib/python3.12/site-packages/airflow/example_dags/example_python_operator.py
[2024-11-11T02:39:25.962+0000] {processor.py:925} INFO - DAG(s) 'example_python_operator' retrieved from /home/airflow/.local/lib/python3.12/site-packages/airflow/example_dags/example_python_operator.py
[2024-11-11T02:39:25.973+0000] {logging_mixin.py:190} INFO - [2024-11-11T02:39:25.972+0000] {dag.py:3239} INFO - Sync 1 DAGs
[2024-11-11T02:39:25.980+0000] {logging_mixin.py:190} INFO - [2024-11-11T02:39:25.980+0000] {dag.py:4180} INFO - Setting next_dagrun for example_python_operator to None, run_after=None
[2024-11-11T02:39:25.990+0000] {processor.py:208} INFO - Processing /home/airflow/.local/lib/python3.12/site-packages/airflow/example_dags/example_python_operator.py took 0.041 seconds
[2024-11-11T02:39:56.654+0000] {processor.py:186} INFO - Started process (PID=1945) to work on /home/airflow/.local/lib/python3.12/site-packages/airflow/example_dags/example_python_operator.py
[2024-11-11T02:39:56.654+0000] {processor.py:914} INFO - Processing file /home/airflow/.local/lib/python3.12/site-packages/airflow/example_dags/example_python_operator.py for tasks to queue
[2024-11-11T02:39:56.656+0000] {logging_mixin.py:190} INFO - [2024-11-11T02:39:56.656+0000] {dagbag.py:588} INFO - Filling up the DagBag from /home/airflow/.local/lib/python3.12/site-packages/airflow/example_dags/example_python_operator.py
[2024-11-11T02:39:56.663+0000] {processor.py:925} INFO - DAG(s) 'example_python_operator' retrieved from /home/airflow/.local/lib/python3.12/site-packages/airflow/example_dags/example_python_operator.py
[2024-11-11T02:39:56.675+0000] {logging_mixin.py:190} INFO - [2024-11-11T02:39:56.674+0000] {dag.py:3239} INFO - Sync 1 DAGs
[2024-11-11T02:39:56.682+0000] {logging_mixin.py:190} INFO - [2024-11-11T02:39:56.682+0000] {dag.py:4180} INFO - Setting next_dagrun for example_python_operator to None, run_after=None
[2024-11-11T02:39:56.690+0000] {processor.py:208} INFO - Processing /home/airflow/.local/lib/python3.12/site-packages/airflow/example_dags/example_python_operator.py took 0.040 seconds
[2024-11-11T02:40:27.668+0000] {processor.py:186} INFO - Started process (PID=2008) to work on /home/airflow/.local/lib/python3.12/site-packages/airflow/example_dags/example_python_operator.py
[2024-11-11T02:40:27.669+0000] {processor.py:914} INFO - Processing file /home/airflow/.local/lib/python3.12/site-packages/airflow/example_dags/example_python_operator.py for tasks to queue
[2024-11-11T02:40:27.671+0000] {logging_mixin.py:190} INFO - [2024-11-11T02:40:27.670+0000] {dagbag.py:588} INFO - Filling up the DagBag from /home/airflow/.local/lib/python3.12/site-packages/airflow/example_dags/example_python_operator.py
[2024-11-11T02:40:27.679+0000] {processor.py:925} INFO - DAG(s) 'example_python_operator' retrieved from /home/airflow/.local/lib/python3.12/site-packages/airflow/example_dags/example_python_operator.py
[2024-11-11T02:40:27.692+0000] {logging_mixin.py:190} INFO - [2024-11-11T02:40:27.692+0000] {dag.py:3239} INFO - Sync 1 DAGs
[2024-11-11T02:40:27.702+0000] {logging_mixin.py:190} INFO - [2024-11-11T02:40:27.702+0000] {dag.py:4180} INFO - Setting next_dagrun for example_python_operator to None, run_after=None
[2024-11-11T02:40:27.711+0000] {processor.py:208} INFO - Processing /home/airflow/.local/lib/python3.12/site-packages/airflow/example_dags/example_python_operator.py took 0.048 seconds
[2024-11-11T02:40:58.725+0000] {processor.py:186} INFO - Started process (PID=2071) to work on /home/airflow/.local/lib/python3.12/site-packages/airflow/example_dags/example_python_operator.py
[2024-11-11T02:40:58.726+0000] {processor.py:914} INFO - Processing file /home/airflow/.local/lib/python3.12/site-packages/airflow/example_dags/example_python_operator.py for tasks to queue
[2024-11-11T02:40:58.727+0000] {logging_mixin.py:190} INFO - [2024-11-11T02:40:58.727+0000] {dagbag.py:588} INFO - Filling up the DagBag from /home/airflow/.local/lib/python3.12/site-packages/airflow/example_dags/example_python_operator.py
[2024-11-11T02:40:58.734+0000] {processor.py:925} INFO - DAG(s) 'example_python_operator' retrieved from /home/airflow/.local/lib/python3.12/site-packages/airflow/example_dags/example_python_operator.py
[2024-11-11T02:40:58.746+0000] {logging_mixin.py:190} INFO - [2024-11-11T02:40:58.746+0000] {dag.py:3239} INFO - Sync 1 DAGs
[2024-11-11T02:40:58.753+0000] {logging_mixin.py:190} INFO - [2024-11-11T02:40:58.753+0000] {dag.py:4180} INFO - Setting next_dagrun for example_python_operator to None, run_after=None
[2024-11-11T02:40:58.762+0000] {processor.py:208} INFO - Processing /home/airflow/.local/lib/python3.12/site-packages/airflow/example_dags/example_python_operator.py took 0.041 seconds
[2024-11-11T02:41:29.419+0000] {processor.py:186} INFO - Started process (PID=2134) to work on /home/airflow/.local/lib/python3.12/site-packages/airflow/example_dags/example_python_operator.py
[2024-11-11T02:41:29.420+0000] {processor.py:914} INFO - Processing file /home/airflow/.local/lib/python3.12/site-packages/airflow/example_dags/example_python_operator.py for tasks to queue
[2024-11-11T02:41:29.421+0000] {logging_mixin.py:190} INFO - [2024-11-11T02:41:29.421+0000] {dagbag.py:588} INFO - Filling up the DagBag from /home/airflow/.local/lib/python3.12/site-packages/airflow/example_dags/example_python_operator.py
[2024-11-11T02:41:29.429+0000] {processor.py:925} INFO - DAG(s) 'example_python_operator' retrieved from /home/airflow/.local/lib/python3.12/site-packages/airflow/example_dags/example_python_operator.py
[2024-11-11T02:41:29.441+0000] {logging_mixin.py:190} INFO - [2024-11-11T02:41:29.441+0000] {dag.py:3239} INFO - Sync 1 DAGs
[2024-11-11T02:41:29.449+0000] {logging_mixin.py:190} INFO - [2024-11-11T02:41:29.449+0000] {dag.py:4180} INFO - Setting next_dagrun for example_python_operator to None, run_after=None
[2024-11-11T02:41:29.459+0000] {processor.py:208} INFO - Processing /home/airflow/.local/lib/python3.12/site-packages/airflow/example_dags/example_python_operator.py took 0.044 seconds
[2024-11-11T02:42:00.121+0000] {processor.py:186} INFO - Started process (PID=2197) to work on /home/airflow/.local/lib/python3.12/site-packages/airflow/example_dags/example_python_operator.py
[2024-11-11T02:42:00.121+0000] {processor.py:914} INFO - Processing file /home/airflow/.local/lib/python3.12/site-packages/airflow/example_dags/example_python_operator.py for tasks to queue
[2024-11-11T02:42:00.123+0000] {logging_mixin.py:190} INFO - [2024-11-11T02:42:00.123+0000] {dagbag.py:588} INFO - Filling up the DagBag from /home/airflow/.local/lib/python3.12/site-packages/airflow/example_dags/example_python_operator.py
[2024-11-11T02:42:00.130+0000] {processor.py:925} INFO - DAG(s) 'example_python_operator' retrieved from /home/airflow/.local/lib/python3.12/site-packages/airflow/example_dags/example_python_operator.py
[2024-11-11T02:42:00.142+0000] {logging_mixin.py:190} INFO - [2024-11-11T02:42:00.141+0000] {dag.py:3239} INFO - Sync 1 DAGs
[2024-11-11T02:42:00.149+0000] {logging_mixin.py:190} INFO - [2024-11-11T02:42:00.149+0000] {dag.py:4180} INFO - Setting next_dagrun for example_python_operator to None, run_after=None
[2024-11-11T02:42:00.157+0000] {processor.py:208} INFO - Processing /home/airflow/.local/lib/python3.12/site-packages/airflow/example_dags/example_python_operator.py took 0.040 seconds
[2024-11-11T02:42:30.882+0000] {processor.py:186} INFO - Started process (PID=2260) to work on /home/airflow/.local/lib/python3.12/site-packages/airflow/example_dags/example_python_operator.py
[2024-11-11T02:42:30.883+0000] {processor.py:914} INFO - Processing file /home/airflow/.local/lib/python3.12/site-packages/airflow/example_dags/example_python_operator.py for tasks to queue
[2024-11-11T02:42:30.884+0000] {logging_mixin.py:190} INFO - [2024-11-11T02:42:30.884+0000] {dagbag.py:588} INFO - Filling up the DagBag from /home/airflow/.local/lib/python3.12/site-packages/airflow/example_dags/example_python_operator.py
[2024-11-11T02:42:30.892+0000] {processor.py:925} INFO - DAG(s) 'example_python_operator' retrieved from /home/airflow/.local/lib/python3.12/site-packages/airflow/example_dags/example_python_operator.py
[2024-11-11T02:42:30.903+0000] {logging_mixin.py:190} INFO - [2024-11-11T02:42:30.903+0000] {dag.py:3239} INFO - Sync 1 DAGs
[2024-11-11T02:42:30.911+0000] {logging_mixin.py:190} INFO - [2024-11-11T02:42:30.911+0000] {dag.py:4180} INFO - Setting next_dagrun for example_python_operator to None, run_after=None
[2024-11-11T02:42:30.919+0000] {processor.py:208} INFO - Processing /home/airflow/.local/lib/python3.12/site-packages/airflow/example_dags/example_python_operator.py took 0.041 seconds
[2024-11-11T02:43:01.612+0000] {processor.py:186} INFO - Started process (PID=2323) to work on /home/airflow/.local/lib/python3.12/site-packages/airflow/example_dags/example_python_operator.py
[2024-11-11T02:43:01.613+0000] {processor.py:914} INFO - Processing file /home/airflow/.local/lib/python3.12/site-packages/airflow/example_dags/example_python_operator.py for tasks to queue
[2024-11-11T02:43:01.614+0000] {logging_mixin.py:190} INFO - [2024-11-11T02:43:01.614+0000] {dagbag.py:588} INFO - Filling up the DagBag from /home/airflow/.local/lib/python3.12/site-packages/airflow/example_dags/example_python_operator.py
[2024-11-11T02:43:01.621+0000] {processor.py:925} INFO - DAG(s) 'example_python_operator' retrieved from /home/airflow/.local/lib/python3.12/site-packages/airflow/example_dags/example_python_operator.py
[2024-11-11T02:43:01.632+0000] {logging_mixin.py:190} INFO - [2024-11-11T02:43:01.632+0000] {dag.py:3239} INFO - Sync 1 DAGs
[2024-11-11T02:43:01.640+0000] {logging_mixin.py:190} INFO - [2024-11-11T02:43:01.640+0000] {dag.py:4180} INFO - Setting next_dagrun for example_python_operator to None, run_after=None
[2024-11-11T02:43:01.648+0000] {processor.py:208} INFO - Processing /home/airflow/.local/lib/python3.12/site-packages/airflow/example_dags/example_python_operator.py took 0.039 seconds
[2024-11-11T02:43:32.163+0000] {processor.py:186} INFO - Started process (PID=2386) to work on /home/airflow/.local/lib/python3.12/site-packages/airflow/example_dags/example_python_operator.py
[2024-11-11T02:43:32.163+0000] {processor.py:914} INFO - Processing file /home/airflow/.local/lib/python3.12/site-packages/airflow/example_dags/example_python_operator.py for tasks to queue
[2024-11-11T02:43:32.165+0000] {logging_mixin.py:190} INFO - [2024-11-11T02:43:32.164+0000] {dagbag.py:588} INFO - Filling up the DagBag from /home/airflow/.local/lib/python3.12/site-packages/airflow/example_dags/example_python_operator.py
[2024-11-11T02:43:32.171+0000] {processor.py:925} INFO - DAG(s) 'example_python_operator' retrieved from /home/airflow/.local/lib/python3.12/site-packages/airflow/example_dags/example_python_operator.py
[2024-11-11T02:43:32.183+0000] {logging_mixin.py:190} INFO - [2024-11-11T02:43:32.183+0000] {dag.py:3239} INFO - Sync 1 DAGs
[2024-11-11T02:43:32.192+0000] {logging_mixin.py:190} INFO - [2024-11-11T02:43:32.192+0000] {dag.py:4180} INFO - Setting next_dagrun for example_python_operator to None, run_after=None
[2024-11-11T02:43:32.201+0000] {processor.py:208} INFO - Processing /home/airflow/.local/lib/python3.12/site-packages/airflow/example_dags/example_python_operator.py took 0.042 seconds
[2024-11-11T02:44:03.222+0000] {processor.py:186} INFO - Started process (PID=2450) to work on /home/airflow/.local/lib/python3.12/site-packages/airflow/example_dags/example_python_operator.py
[2024-11-11T02:44:03.223+0000] {processor.py:914} INFO - Processing file /home/airflow/.local/lib/python3.12/site-packages/airflow/example_dags/example_python_operator.py for tasks to queue
[2024-11-11T02:44:03.225+0000] {logging_mixin.py:190} INFO - [2024-11-11T02:44:03.225+0000] {dagbag.py:588} INFO - Filling up the DagBag from /home/airflow/.local/lib/python3.12/site-packages/airflow/example_dags/example_python_operator.py
[2024-11-11T02:44:03.231+0000] {processor.py:925} INFO - DAG(s) 'example_python_operator' retrieved from /home/airflow/.local/lib/python3.12/site-packages/airflow/example_dags/example_python_operator.py
[2024-11-11T02:44:03.242+0000] {logging_mixin.py:190} INFO - [2024-11-11T02:44:03.242+0000] {dag.py:3239} INFO - Sync 1 DAGs
[2024-11-11T02:44:03.249+0000] {logging_mixin.py:190} INFO - [2024-11-11T02:44:03.249+0000] {dag.py:4180} INFO - Setting next_dagrun for example_python_operator to None, run_after=None
[2024-11-11T02:44:03.257+0000] {processor.py:208} INFO - Processing /home/airflow/.local/lib/python3.12/site-packages/airflow/example_dags/example_python_operator.py took 0.037 seconds
[2024-11-11T02:44:33.753+0000] {processor.py:186} INFO - Started process (PID=2513) to work on /home/airflow/.local/lib/python3.12/site-packages/airflow/example_dags/example_python_operator.py
[2024-11-11T02:44:33.754+0000] {processor.py:914} INFO - Processing file /home/airflow/.local/lib/python3.12/site-packages/airflow/example_dags/example_python_operator.py for tasks to queue
[2024-11-11T02:44:33.755+0000] {logging_mixin.py:190} INFO - [2024-11-11T02:44:33.755+0000] {dagbag.py:588} INFO - Filling up the DagBag from /home/airflow/.local/lib/python3.12/site-packages/airflow/example_dags/example_python_operator.py
[2024-11-11T02:44:33.762+0000] {processor.py:925} INFO - DAG(s) 'example_python_operator' retrieved from /home/airflow/.local/lib/python3.12/site-packages/airflow/example_dags/example_python_operator.py
[2024-11-11T02:44:33.774+0000] {logging_mixin.py:190} INFO - [2024-11-11T02:44:33.774+0000] {dag.py:3239} INFO - Sync 1 DAGs
[2024-11-11T02:44:33.781+0000] {logging_mixin.py:190} INFO - [2024-11-11T02:44:33.781+0000] {dag.py:4180} INFO - Setting next_dagrun for example_python_operator to None, run_after=None
[2024-11-11T02:44:33.789+0000] {processor.py:208} INFO - Processing /home/airflow/.local/lib/python3.12/site-packages/airflow/example_dags/example_python_operator.py took 0.039 seconds
[2024-11-11T02:45:04.402+0000] {processor.py:186} INFO - Started process (PID=2575) to work on /home/airflow/.local/lib/python3.12/site-packages/airflow/example_dags/example_python_operator.py
[2024-11-11T02:45:04.403+0000] {processor.py:914} INFO - Processing file /home/airflow/.local/lib/python3.12/site-packages/airflow/example_dags/example_python_operator.py for tasks to queue
[2024-11-11T02:45:04.404+0000] {logging_mixin.py:190} INFO - [2024-11-11T02:45:04.404+0000] {dagbag.py:588} INFO - Filling up the DagBag from /home/airflow/.local/lib/python3.12/site-packages/airflow/example_dags/example_python_operator.py
[2024-11-11T02:45:04.411+0000] {processor.py:925} INFO - DAG(s) 'example_python_operator' retrieved from /home/airflow/.local/lib/python3.12/site-packages/airflow/example_dags/example_python_operator.py
[2024-11-11T02:45:04.422+0000] {logging_mixin.py:190} INFO - [2024-11-11T02:45:04.422+0000] {dag.py:3239} INFO - Sync 1 DAGs
[2024-11-11T02:45:04.429+0000] {logging_mixin.py:190} INFO - [2024-11-11T02:45:04.429+0000] {dag.py:4180} INFO - Setting next_dagrun for example_python_operator to None, run_after=None
[2024-11-11T02:45:04.438+0000] {processor.py:208} INFO - Processing /home/airflow/.local/lib/python3.12/site-packages/airflow/example_dags/example_python_operator.py took 0.039 seconds
[2024-11-11T02:45:35.059+0000] {processor.py:186} INFO - Started process (PID=2638) to work on /home/airflow/.local/lib/python3.12/site-packages/airflow/example_dags/example_python_operator.py
[2024-11-11T02:45:35.060+0000] {processor.py:914} INFO - Processing file /home/airflow/.local/lib/python3.12/site-packages/airflow/example_dags/example_python_operator.py for tasks to queue
[2024-11-11T02:45:35.061+0000] {logging_mixin.py:190} INFO - [2024-11-11T02:45:35.061+0000] {dagbag.py:588} INFO - Filling up the DagBag from /home/airflow/.local/lib/python3.12/site-packages/airflow/example_dags/example_python_operator.py
[2024-11-11T02:45:35.068+0000] {processor.py:925} INFO - DAG(s) 'example_python_operator' retrieved from /home/airflow/.local/lib/python3.12/site-packages/airflow/example_dags/example_python_operator.py
[2024-11-11T02:45:35.079+0000] {logging_mixin.py:190} INFO - [2024-11-11T02:45:35.079+0000] {dag.py:3239} INFO - Sync 1 DAGs
[2024-11-11T02:45:35.086+0000] {logging_mixin.py:190} INFO - [2024-11-11T02:45:35.086+0000] {dag.py:4180} INFO - Setting next_dagrun for example_python_operator to None, run_after=None
[2024-11-11T02:45:35.095+0000] {processor.py:208} INFO - Processing /home/airflow/.local/lib/python3.12/site-packages/airflow/example_dags/example_python_operator.py took 0.040 seconds
[2024-11-11T02:46:05.696+0000] {processor.py:186} INFO - Started process (PID=2700) to work on /home/airflow/.local/lib/python3.12/site-packages/airflow/example_dags/example_python_operator.py
[2024-11-11T02:46:05.697+0000] {processor.py:914} INFO - Processing file /home/airflow/.local/lib/python3.12/site-packages/airflow/example_dags/example_python_operator.py for tasks to queue
[2024-11-11T02:46:05.698+0000] {logging_mixin.py:190} INFO - [2024-11-11T02:46:05.698+0000] {dagbag.py:588} INFO - Filling up the DagBag from /home/airflow/.local/lib/python3.12/site-packages/airflow/example_dags/example_python_operator.py
[2024-11-11T02:46:05.706+0000] {processor.py:925} INFO - DAG(s) 'example_python_operator' retrieved from /home/airflow/.local/lib/python3.12/site-packages/airflow/example_dags/example_python_operator.py
[2024-11-11T02:46:05.717+0000] {logging_mixin.py:190} INFO - [2024-11-11T02:46:05.717+0000] {dag.py:3239} INFO - Sync 1 DAGs
[2024-11-11T02:46:05.724+0000] {logging_mixin.py:190} INFO - [2024-11-11T02:46:05.724+0000] {dag.py:4180} INFO - Setting next_dagrun for example_python_operator to None, run_after=None
[2024-11-11T02:46:05.733+0000] {processor.py:208} INFO - Processing /home/airflow/.local/lib/python3.12/site-packages/airflow/example_dags/example_python_operator.py took 0.040 seconds
[2024-11-11T02:46:36.368+0000] {processor.py:186} INFO - Started process (PID=2763) to work on /home/airflow/.local/lib/python3.12/site-packages/airflow/example_dags/example_python_operator.py
[2024-11-11T02:46:36.369+0000] {processor.py:914} INFO - Processing file /home/airflow/.local/lib/python3.12/site-packages/airflow/example_dags/example_python_operator.py for tasks to queue
[2024-11-11T02:46:36.370+0000] {logging_mixin.py:190} INFO - [2024-11-11T02:46:36.370+0000] {dagbag.py:588} INFO - Filling up the DagBag from /home/airflow/.local/lib/python3.12/site-packages/airflow/example_dags/example_python_operator.py
[2024-11-11T02:46:36.377+0000] {processor.py:925} INFO - DAG(s) 'example_python_operator' retrieved from /home/airflow/.local/lib/python3.12/site-packages/airflow/example_dags/example_python_operator.py
[2024-11-11T02:46:36.390+0000] {logging_mixin.py:190} INFO - [2024-11-11T02:46:36.389+0000] {dag.py:3239} INFO - Sync 1 DAGs
[2024-11-11T02:46:36.398+0000] {logging_mixin.py:190} INFO - [2024-11-11T02:46:36.398+0000] {dag.py:4180} INFO - Setting next_dagrun for example_python_operator to None, run_after=None
[2024-11-11T02:46:36.407+0000] {processor.py:208} INFO - Processing /home/airflow/.local/lib/python3.12/site-packages/airflow/example_dags/example_python_operator.py took 0.043 seconds
[2024-11-11T02:47:07.033+0000] {processor.py:186} INFO - Started process (PID=2826) to work on /home/airflow/.local/lib/python3.12/site-packages/airflow/example_dags/example_python_operator.py
[2024-11-11T02:47:07.034+0000] {processor.py:914} INFO - Processing file /home/airflow/.local/lib/python3.12/site-packages/airflow/example_dags/example_python_operator.py for tasks to queue
[2024-11-11T02:47:07.035+0000] {logging_mixin.py:190} INFO - [2024-11-11T02:47:07.035+0000] {dagbag.py:588} INFO - Filling up the DagBag from /home/airflow/.local/lib/python3.12/site-packages/airflow/example_dags/example_python_operator.py
[2024-11-11T02:47:07.043+0000] {processor.py:925} INFO - DAG(s) 'example_python_operator' retrieved from /home/airflow/.local/lib/python3.12/site-packages/airflow/example_dags/example_python_operator.py
[2024-11-11T02:47:07.054+0000] {logging_mixin.py:190} INFO - [2024-11-11T02:47:07.054+0000] {dag.py:3239} INFO - Sync 1 DAGs
[2024-11-11T02:47:07.061+0000] {logging_mixin.py:190} INFO - [2024-11-11T02:47:07.061+0000] {dag.py:4180} INFO - Setting next_dagrun for example_python_operator to None, run_after=None
[2024-11-11T02:47:07.069+0000] {processor.py:208} INFO - Processing /home/airflow/.local/lib/python3.12/site-packages/airflow/example_dags/example_python_operator.py took 0.039 seconds
[2024-11-11T02:47:37.614+0000] {processor.py:186} INFO - Started process (PID=2889) to work on /home/airflow/.local/lib/python3.12/site-packages/airflow/example_dags/example_python_operator.py
[2024-11-11T02:47:37.615+0000] {processor.py:914} INFO - Processing file /home/airflow/.local/lib/python3.12/site-packages/airflow/example_dags/example_python_operator.py for tasks to queue
[2024-11-11T02:47:37.616+0000] {logging_mixin.py:190} INFO - [2024-11-11T02:47:37.616+0000] {dagbag.py:588} INFO - Filling up the DagBag from /home/airflow/.local/lib/python3.12/site-packages/airflow/example_dags/example_python_operator.py
[2024-11-11T02:47:37.623+0000] {processor.py:925} INFO - DAG(s) 'example_python_operator' retrieved from /home/airflow/.local/lib/python3.12/site-packages/airflow/example_dags/example_python_operator.py
[2024-11-11T02:47:37.634+0000] {logging_mixin.py:190} INFO - [2024-11-11T02:47:37.634+0000] {dag.py:3239} INFO - Sync 1 DAGs
[2024-11-11T02:47:37.641+0000] {logging_mixin.py:190} INFO - [2024-11-11T02:47:37.641+0000] {dag.py:4180} INFO - Setting next_dagrun for example_python_operator to None, run_after=None
[2024-11-11T02:47:37.650+0000] {processor.py:208} INFO - Processing /home/airflow/.local/lib/python3.12/site-packages/airflow/example_dags/example_python_operator.py took 0.039 seconds
[2024-11-11T02:48:08.233+0000] {processor.py:186} INFO - Started process (PID=2952) to work on /home/airflow/.local/lib/python3.12/site-packages/airflow/example_dags/example_python_operator.py
[2024-11-11T02:48:08.234+0000] {processor.py:914} INFO - Processing file /home/airflow/.local/lib/python3.12/site-packages/airflow/example_dags/example_python_operator.py for tasks to queue
[2024-11-11T02:48:08.236+0000] {logging_mixin.py:190} INFO - [2024-11-11T02:48:08.235+0000] {dagbag.py:588} INFO - Filling up the DagBag from /home/airflow/.local/lib/python3.12/site-packages/airflow/example_dags/example_python_operator.py
[2024-11-11T02:48:08.243+0000] {processor.py:925} INFO - DAG(s) 'example_python_operator' retrieved from /home/airflow/.local/lib/python3.12/site-packages/airflow/example_dags/example_python_operator.py
[2024-11-11T02:48:08.254+0000] {logging_mixin.py:190} INFO - [2024-11-11T02:48:08.253+0000] {dag.py:3239} INFO - Sync 1 DAGs
[2024-11-11T02:48:08.261+0000] {logging_mixin.py:190} INFO - [2024-11-11T02:48:08.261+0000] {dag.py:4180} INFO - Setting next_dagrun for example_python_operator to None, run_after=None
[2024-11-11T02:48:08.269+0000] {processor.py:208} INFO - Processing /home/airflow/.local/lib/python3.12/site-packages/airflow/example_dags/example_python_operator.py took 0.039 seconds
[2024-11-11T02:48:38.824+0000] {processor.py:186} INFO - Started process (PID=3015) to work on /home/airflow/.local/lib/python3.12/site-packages/airflow/example_dags/example_python_operator.py
[2024-11-11T02:48:38.824+0000] {processor.py:914} INFO - Processing file /home/airflow/.local/lib/python3.12/site-packages/airflow/example_dags/example_python_operator.py for tasks to queue
[2024-11-11T02:48:38.826+0000] {logging_mixin.py:190} INFO - [2024-11-11T02:48:38.826+0000] {dagbag.py:588} INFO - Filling up the DagBag from /home/airflow/.local/lib/python3.12/site-packages/airflow/example_dags/example_python_operator.py
[2024-11-11T02:48:38.833+0000] {processor.py:925} INFO - DAG(s) 'example_python_operator' retrieved from /home/airflow/.local/lib/python3.12/site-packages/airflow/example_dags/example_python_operator.py
[2024-11-11T02:48:38.844+0000] {logging_mixin.py:190} INFO - [2024-11-11T02:48:38.844+0000] {dag.py:3239} INFO - Sync 1 DAGs
[2024-11-11T02:48:38.851+0000] {logging_mixin.py:190} INFO - [2024-11-11T02:48:38.851+0000] {dag.py:4180} INFO - Setting next_dagrun for example_python_operator to None, run_after=None
[2024-11-11T02:48:38.860+0000] {processor.py:208} INFO - Processing /home/airflow/.local/lib/python3.12/site-packages/airflow/example_dags/example_python_operator.py took 0.040 seconds
[2024-11-11T02:49:09.392+0000] {processor.py:186} INFO - Started process (PID=3078) to work on /home/airflow/.local/lib/python3.12/site-packages/airflow/example_dags/example_python_operator.py
[2024-11-11T02:49:09.393+0000] {processor.py:914} INFO - Processing file /home/airflow/.local/lib/python3.12/site-packages/airflow/example_dags/example_python_operator.py for tasks to queue
[2024-11-11T02:49:09.394+0000] {logging_mixin.py:190} INFO - [2024-11-11T02:49:09.394+0000] {dagbag.py:588} INFO - Filling up the DagBag from /home/airflow/.local/lib/python3.12/site-packages/airflow/example_dags/example_python_operator.py
[2024-11-11T02:49:09.401+0000] {processor.py:925} INFO - DAG(s) 'example_python_operator' retrieved from /home/airflow/.local/lib/python3.12/site-packages/airflow/example_dags/example_python_operator.py
[2024-11-11T02:49:09.413+0000] {logging_mixin.py:190} INFO - [2024-11-11T02:49:09.412+0000] {dag.py:3239} INFO - Sync 1 DAGs
[2024-11-11T02:49:09.420+0000] {logging_mixin.py:190} INFO - [2024-11-11T02:49:09.420+0000] {dag.py:4180} INFO - Setting next_dagrun for example_python_operator to None, run_after=None
[2024-11-11T02:49:09.429+0000] {processor.py:208} INFO - Processing /home/airflow/.local/lib/python3.12/site-packages/airflow/example_dags/example_python_operator.py took 0.039 seconds
[2024-11-11T02:49:40.154+0000] {processor.py:186} INFO - Started process (PID=3141) to work on /home/airflow/.local/lib/python3.12/site-packages/airflow/example_dags/example_python_operator.py
[2024-11-11T02:49:40.155+0000] {processor.py:914} INFO - Processing file /home/airflow/.local/lib/python3.12/site-packages/airflow/example_dags/example_python_operator.py for tasks to queue
[2024-11-11T02:49:40.156+0000] {logging_mixin.py:190} INFO - [2024-11-11T02:49:40.156+0000] {dagbag.py:588} INFO - Filling up the DagBag from /home/airflow/.local/lib/python3.12/site-packages/airflow/example_dags/example_python_operator.py
[2024-11-11T02:49:40.163+0000] {processor.py:925} INFO - DAG(s) 'example_python_operator' retrieved from /home/airflow/.local/lib/python3.12/site-packages/airflow/example_dags/example_python_operator.py
[2024-11-11T02:49:40.174+0000] {logging_mixin.py:190} INFO - [2024-11-11T02:49:40.174+0000] {dag.py:3239} INFO - Sync 1 DAGs
[2024-11-11T02:49:40.182+0000] {logging_mixin.py:190} INFO - [2024-11-11T02:49:40.182+0000] {dag.py:4180} INFO - Setting next_dagrun for example_python_operator to None, run_after=None
[2024-11-11T02:49:40.191+0000] {processor.py:208} INFO - Processing /home/airflow/.local/lib/python3.12/site-packages/airflow/example_dags/example_python_operator.py took 0.041 seconds
[2024-11-11T02:50:10.846+0000] {processor.py:186} INFO - Started process (PID=3204) to work on /home/airflow/.local/lib/python3.12/site-packages/airflow/example_dags/example_python_operator.py
[2024-11-11T02:50:10.847+0000] {processor.py:914} INFO - Processing file /home/airflow/.local/lib/python3.12/site-packages/airflow/example_dags/example_python_operator.py for tasks to queue
[2024-11-11T02:50:10.848+0000] {logging_mixin.py:190} INFO - [2024-11-11T02:50:10.848+0000] {dagbag.py:588} INFO - Filling up the DagBag from /home/airflow/.local/lib/python3.12/site-packages/airflow/example_dags/example_python_operator.py
[2024-11-11T02:50:10.855+0000] {processor.py:925} INFO - DAG(s) 'example_python_operator' retrieved from /home/airflow/.local/lib/python3.12/site-packages/airflow/example_dags/example_python_operator.py
[2024-11-11T02:50:10.867+0000] {logging_mixin.py:190} INFO - [2024-11-11T02:50:10.867+0000] {dag.py:3239} INFO - Sync 1 DAGs
[2024-11-11T02:50:10.874+0000] {logging_mixin.py:190} INFO - [2024-11-11T02:50:10.874+0000] {dag.py:4180} INFO - Setting next_dagrun for example_python_operator to None, run_after=None
[2024-11-11T02:50:10.882+0000] {processor.py:208} INFO - Processing /home/airflow/.local/lib/python3.12/site-packages/airflow/example_dags/example_python_operator.py took 0.040 seconds
[2024-11-11T02:50:41.726+0000] {processor.py:186} INFO - Started process (PID=3267) to work on /home/airflow/.local/lib/python3.12/site-packages/airflow/example_dags/example_python_operator.py
[2024-11-11T02:50:41.727+0000] {processor.py:914} INFO - Processing file /home/airflow/.local/lib/python3.12/site-packages/airflow/example_dags/example_python_operator.py for tasks to queue
[2024-11-11T02:50:41.728+0000] {logging_mixin.py:190} INFO - [2024-11-11T02:50:41.728+0000] {dagbag.py:588} INFO - Filling up the DagBag from /home/airflow/.local/lib/python3.12/site-packages/airflow/example_dags/example_python_operator.py
[2024-11-11T02:50:41.735+0000] {processor.py:925} INFO - DAG(s) 'example_python_operator' retrieved from /home/airflow/.local/lib/python3.12/site-packages/airflow/example_dags/example_python_operator.py
[2024-11-11T02:50:41.746+0000] {logging_mixin.py:190} INFO - [2024-11-11T02:50:41.746+0000] {dag.py:3239} INFO - Sync 1 DAGs
[2024-11-11T02:50:41.753+0000] {logging_mixin.py:190} INFO - [2024-11-11T02:50:41.753+0000] {dag.py:4180} INFO - Setting next_dagrun for example_python_operator to None, run_after=None
[2024-11-11T02:50:41.762+0000] {processor.py:208} INFO - Processing /home/airflow/.local/lib/python3.12/site-packages/airflow/example_dags/example_python_operator.py took 0.039 seconds
[2024-11-11T02:51:12.480+0000] {processor.py:186} INFO - Started process (PID=3330) to work on /home/airflow/.local/lib/python3.12/site-packages/airflow/example_dags/example_python_operator.py
[2024-11-11T02:51:12.481+0000] {processor.py:914} INFO - Processing file /home/airflow/.local/lib/python3.12/site-packages/airflow/example_dags/example_python_operator.py for tasks to queue
[2024-11-11T02:51:12.482+0000] {logging_mixin.py:190} INFO - [2024-11-11T02:51:12.482+0000] {dagbag.py:588} INFO - Filling up the DagBag from /home/airflow/.local/lib/python3.12/site-packages/airflow/example_dags/example_python_operator.py
[2024-11-11T02:51:12.489+0000] {processor.py:925} INFO - DAG(s) 'example_python_operator' retrieved from /home/airflow/.local/lib/python3.12/site-packages/airflow/example_dags/example_python_operator.py
[2024-11-11T02:51:12.500+0000] {logging_mixin.py:190} INFO - [2024-11-11T02:51:12.500+0000] {dag.py:3239} INFO - Sync 1 DAGs
[2024-11-11T02:51:12.508+0000] {logging_mixin.py:190} INFO - [2024-11-11T02:51:12.507+0000] {dag.py:4180} INFO - Setting next_dagrun for example_python_operator to None, run_after=None
[2024-11-11T02:51:12.516+0000] {processor.py:208} INFO - Processing /home/airflow/.local/lib/python3.12/site-packages/airflow/example_dags/example_python_operator.py took 0.039 seconds
[2024-11-11T02:51:43.468+0000] {processor.py:186} INFO - Started process (PID=3393) to work on /home/airflow/.local/lib/python3.12/site-packages/airflow/example_dags/example_python_operator.py
[2024-11-11T02:51:43.469+0000] {processor.py:914} INFO - Processing file /home/airflow/.local/lib/python3.12/site-packages/airflow/example_dags/example_python_operator.py for tasks to queue
[2024-11-11T02:51:43.471+0000] {logging_mixin.py:190} INFO - [2024-11-11T02:51:43.470+0000] {dagbag.py:588} INFO - Filling up the DagBag from /home/airflow/.local/lib/python3.12/site-packages/airflow/example_dags/example_python_operator.py
[2024-11-11T02:51:43.478+0000] {processor.py:925} INFO - DAG(s) 'example_python_operator' retrieved from /home/airflow/.local/lib/python3.12/site-packages/airflow/example_dags/example_python_operator.py
[2024-11-11T02:51:43.489+0000] {logging_mixin.py:190} INFO - [2024-11-11T02:51:43.489+0000] {dag.py:3239} INFO - Sync 1 DAGs
[2024-11-11T02:51:43.605+0000] {logging_mixin.py:190} INFO - [2024-11-11T02:51:43.605+0000] {dag.py:4180} INFO - Setting next_dagrun for example_python_operator to None, run_after=None
[2024-11-11T02:51:43.614+0000] {processor.py:208} INFO - Processing /home/airflow/.local/lib/python3.12/site-packages/airflow/example_dags/example_python_operator.py took 0.149 seconds
[2024-11-11T02:52:14.313+0000] {processor.py:186} INFO - Started process (PID=3456) to work on /home/airflow/.local/lib/python3.12/site-packages/airflow/example_dags/example_python_operator.py
[2024-11-11T02:52:14.314+0000] {processor.py:914} INFO - Processing file /home/airflow/.local/lib/python3.12/site-packages/airflow/example_dags/example_python_operator.py for tasks to queue
[2024-11-11T02:52:14.315+0000] {logging_mixin.py:190} INFO - [2024-11-11T02:52:14.315+0000] {dagbag.py:588} INFO - Filling up the DagBag from /home/airflow/.local/lib/python3.12/site-packages/airflow/example_dags/example_python_operator.py
[2024-11-11T02:52:14.322+0000] {processor.py:925} INFO - DAG(s) 'example_python_operator' retrieved from /home/airflow/.local/lib/python3.12/site-packages/airflow/example_dags/example_python_operator.py
[2024-11-11T02:52:14.334+0000] {logging_mixin.py:190} INFO - [2024-11-11T02:52:14.334+0000] {dag.py:3239} INFO - Sync 1 DAGs
[2024-11-11T02:52:14.342+0000] {logging_mixin.py:190} INFO - [2024-11-11T02:52:14.342+0000] {dag.py:4180} INFO - Setting next_dagrun for example_python_operator to None, run_after=None
[2024-11-11T02:52:14.460+0000] {processor.py:208} INFO - Processing /home/airflow/.local/lib/python3.12/site-packages/airflow/example_dags/example_python_operator.py took 0.150 seconds
[2024-11-11T02:52:45.457+0000] {processor.py:186} INFO - Started process (PID=3520) to work on /home/airflow/.local/lib/python3.12/site-packages/airflow/example_dags/example_python_operator.py
[2024-11-11T02:52:45.458+0000] {processor.py:914} INFO - Processing file /home/airflow/.local/lib/python3.12/site-packages/airflow/example_dags/example_python_operator.py for tasks to queue
[2024-11-11T02:52:45.459+0000] {logging_mixin.py:190} INFO - [2024-11-11T02:52:45.459+0000] {dagbag.py:588} INFO - Filling up the DagBag from /home/airflow/.local/lib/python3.12/site-packages/airflow/example_dags/example_python_operator.py
[2024-11-11T02:52:45.466+0000] {processor.py:925} INFO - DAG(s) 'example_python_operator' retrieved from /home/airflow/.local/lib/python3.12/site-packages/airflow/example_dags/example_python_operator.py
[2024-11-11T02:52:45.477+0000] {logging_mixin.py:190} INFO - [2024-11-11T02:52:45.477+0000] {dag.py:3239} INFO - Sync 1 DAGs
[2024-11-11T02:52:45.483+0000] {logging_mixin.py:190} INFO - [2024-11-11T02:52:45.483+0000] {dag.py:4180} INFO - Setting next_dagrun for example_python_operator to None, run_after=None
[2024-11-11T02:52:45.491+0000] {processor.py:208} INFO - Processing /home/airflow/.local/lib/python3.12/site-packages/airflow/example_dags/example_python_operator.py took 0.037 seconds
[2024-11-11T02:53:15.866+0000] {processor.py:186} INFO - Started process (PID=3583) to work on /home/airflow/.local/lib/python3.12/site-packages/airflow/example_dags/example_python_operator.py
[2024-11-11T02:53:15.867+0000] {processor.py:914} INFO - Processing file /home/airflow/.local/lib/python3.12/site-packages/airflow/example_dags/example_python_operator.py for tasks to queue
[2024-11-11T02:53:15.868+0000] {logging_mixin.py:190} INFO - [2024-11-11T02:53:15.868+0000] {dagbag.py:588} INFO - Filling up the DagBag from /home/airflow/.local/lib/python3.12/site-packages/airflow/example_dags/example_python_operator.py
[2024-11-11T02:53:15.876+0000] {processor.py:925} INFO - DAG(s) 'example_python_operator' retrieved from /home/airflow/.local/lib/python3.12/site-packages/airflow/example_dags/example_python_operator.py
[2024-11-11T02:53:15.889+0000] {logging_mixin.py:190} INFO - [2024-11-11T02:53:15.889+0000] {dag.py:3239} INFO - Sync 1 DAGs
[2024-11-11T02:53:15.896+0000] {logging_mixin.py:190} INFO - [2024-11-11T02:53:15.896+0000] {dag.py:4180} INFO - Setting next_dagrun for example_python_operator to None, run_after=None
[2024-11-11T02:53:15.907+0000] {processor.py:208} INFO - Processing /home/airflow/.local/lib/python3.12/site-packages/airflow/example_dags/example_python_operator.py took 0.044 seconds
[2024-11-11T02:53:46.983+0000] {processor.py:186} INFO - Started process (PID=3646) to work on /home/airflow/.local/lib/python3.12/site-packages/airflow/example_dags/example_python_operator.py
[2024-11-11T02:53:46.984+0000] {processor.py:914} INFO - Processing file /home/airflow/.local/lib/python3.12/site-packages/airflow/example_dags/example_python_operator.py for tasks to queue
[2024-11-11T02:53:46.986+0000] {logging_mixin.py:190} INFO - [2024-11-11T02:53:46.985+0000] {dagbag.py:588} INFO - Filling up the DagBag from /home/airflow/.local/lib/python3.12/site-packages/airflow/example_dags/example_python_operator.py
[2024-11-11T02:53:46.994+0000] {processor.py:925} INFO - DAG(s) 'example_python_operator' retrieved from /home/airflow/.local/lib/python3.12/site-packages/airflow/example_dags/example_python_operator.py
[2024-11-11T02:53:47.144+0000] {logging_mixin.py:190} INFO - [2024-11-11T02:53:47.143+0000] {dag.py:3239} INFO - Sync 1 DAGs
[2024-11-11T02:53:47.151+0000] {logging_mixin.py:190} INFO - [2024-11-11T02:53:47.151+0000] {dag.py:4180} INFO - Setting next_dagrun for example_python_operator to None, run_after=None
[2024-11-11T02:53:47.162+0000] {processor.py:208} INFO - Processing /home/airflow/.local/lib/python3.12/site-packages/airflow/example_dags/example_python_operator.py took 0.184 seconds
[2024-11-11T02:54:17.260+0000] {processor.py:186} INFO - Started process (PID=3709) to work on /home/airflow/.local/lib/python3.12/site-packages/airflow/example_dags/example_python_operator.py
[2024-11-11T02:54:17.261+0000] {processor.py:914} INFO - Processing file /home/airflow/.local/lib/python3.12/site-packages/airflow/example_dags/example_python_operator.py for tasks to queue
[2024-11-11T02:54:17.262+0000] {logging_mixin.py:190} INFO - [2024-11-11T02:54:17.262+0000] {dagbag.py:588} INFO - Filling up the DagBag from /home/airflow/.local/lib/python3.12/site-packages/airflow/example_dags/example_python_operator.py
[2024-11-11T02:54:17.269+0000] {processor.py:925} INFO - DAG(s) 'example_python_operator' retrieved from /home/airflow/.local/lib/python3.12/site-packages/airflow/example_dags/example_python_operator.py
[2024-11-11T02:54:17.280+0000] {logging_mixin.py:190} INFO - [2024-11-11T02:54:17.280+0000] {dag.py:3239} INFO - Sync 1 DAGs
[2024-11-11T02:54:17.287+0000] {logging_mixin.py:190} INFO - [2024-11-11T02:54:17.287+0000] {dag.py:4180} INFO - Setting next_dagrun for example_python_operator to None, run_after=None
[2024-11-11T02:54:17.296+0000] {processor.py:208} INFO - Processing /home/airflow/.local/lib/python3.12/site-packages/airflow/example_dags/example_python_operator.py took 0.039 seconds
[2024-11-11T02:54:47.664+0000] {processor.py:186} INFO - Started process (PID=3772) to work on /home/airflow/.local/lib/python3.12/site-packages/airflow/example_dags/example_python_operator.py
[2024-11-11T02:54:47.665+0000] {processor.py:914} INFO - Processing file /home/airflow/.local/lib/python3.12/site-packages/airflow/example_dags/example_python_operator.py for tasks to queue
[2024-11-11T02:54:47.666+0000] {logging_mixin.py:190} INFO - [2024-11-11T02:54:47.666+0000] {dagbag.py:588} INFO - Filling up the DagBag from /home/airflow/.local/lib/python3.12/site-packages/airflow/example_dags/example_python_operator.py
[2024-11-11T02:54:47.673+0000] {processor.py:925} INFO - DAG(s) 'example_python_operator' retrieved from /home/airflow/.local/lib/python3.12/site-packages/airflow/example_dags/example_python_operator.py
[2024-11-11T02:54:47.684+0000] {logging_mixin.py:190} INFO - [2024-11-11T02:54:47.684+0000] {dag.py:3239} INFO - Sync 1 DAGs
[2024-11-11T02:54:47.691+0000] {logging_mixin.py:190} INFO - [2024-11-11T02:54:47.691+0000] {dag.py:4180} INFO - Setting next_dagrun for example_python_operator to None, run_after=None
[2024-11-11T02:54:47.699+0000] {processor.py:208} INFO - Processing /home/airflow/.local/lib/python3.12/site-packages/airflow/example_dags/example_python_operator.py took 0.038 seconds
[2024-11-11T02:55:18.139+0000] {processor.py:186} INFO - Started process (PID=3834) to work on /home/airflow/.local/lib/python3.12/site-packages/airflow/example_dags/example_python_operator.py
[2024-11-11T02:55:18.140+0000] {processor.py:914} INFO - Processing file /home/airflow/.local/lib/python3.12/site-packages/airflow/example_dags/example_python_operator.py for tasks to queue
[2024-11-11T02:55:18.141+0000] {logging_mixin.py:190} INFO - [2024-11-11T02:55:18.141+0000] {dagbag.py:588} INFO - Filling up the DagBag from /home/airflow/.local/lib/python3.12/site-packages/airflow/example_dags/example_python_operator.py
[2024-11-11T02:55:18.148+0000] {processor.py:925} INFO - DAG(s) 'example_python_operator' retrieved from /home/airflow/.local/lib/python3.12/site-packages/airflow/example_dags/example_python_operator.py
[2024-11-11T02:55:18.159+0000] {logging_mixin.py:190} INFO - [2024-11-11T02:55:18.159+0000] {dag.py:3239} INFO - Sync 1 DAGs
[2024-11-11T02:55:18.166+0000] {logging_mixin.py:190} INFO - [2024-11-11T02:55:18.166+0000] {dag.py:4180} INFO - Setting next_dagrun for example_python_operator to None, run_after=None
[2024-11-11T02:55:18.175+0000] {processor.py:208} INFO - Processing /home/airflow/.local/lib/python3.12/site-packages/airflow/example_dags/example_python_operator.py took 0.039 seconds
[2024-11-11T02:55:48.578+0000] {processor.py:186} INFO - Started process (PID=3898) to work on /home/airflow/.local/lib/python3.12/site-packages/airflow/example_dags/example_python_operator.py
[2024-11-11T02:55:48.579+0000] {processor.py:914} INFO - Processing file /home/airflow/.local/lib/python3.12/site-packages/airflow/example_dags/example_python_operator.py for tasks to queue
[2024-11-11T02:55:48.580+0000] {logging_mixin.py:190} INFO - [2024-11-11T02:55:48.580+0000] {dagbag.py:588} INFO - Filling up the DagBag from /home/airflow/.local/lib/python3.12/site-packages/airflow/example_dags/example_python_operator.py
[2024-11-11T02:55:48.587+0000] {processor.py:925} INFO - DAG(s) 'example_python_operator' retrieved from /home/airflow/.local/lib/python3.12/site-packages/airflow/example_dags/example_python_operator.py
[2024-11-11T02:55:48.598+0000] {logging_mixin.py:190} INFO - [2024-11-11T02:55:48.598+0000] {dag.py:3239} INFO - Sync 1 DAGs
[2024-11-11T02:55:48.605+0000] {logging_mixin.py:190} INFO - [2024-11-11T02:55:48.605+0000] {dag.py:4180} INFO - Setting next_dagrun for example_python_operator to None, run_after=None
[2024-11-11T02:55:48.613+0000] {processor.py:208} INFO - Processing /home/airflow/.local/lib/python3.12/site-packages/airflow/example_dags/example_python_operator.py took 0.038 seconds
[2024-11-11T02:56:19.203+0000] {processor.py:186} INFO - Started process (PID=3961) to work on /home/airflow/.local/lib/python3.12/site-packages/airflow/example_dags/example_python_operator.py
[2024-11-11T02:56:19.204+0000] {processor.py:914} INFO - Processing file /home/airflow/.local/lib/python3.12/site-packages/airflow/example_dags/example_python_operator.py for tasks to queue
[2024-11-11T02:56:19.205+0000] {logging_mixin.py:190} INFO - [2024-11-11T02:56:19.205+0000] {dagbag.py:588} INFO - Filling up the DagBag from /home/airflow/.local/lib/python3.12/site-packages/airflow/example_dags/example_python_operator.py
[2024-11-11T02:56:19.212+0000] {processor.py:925} INFO - DAG(s) 'example_python_operator' retrieved from /home/airflow/.local/lib/python3.12/site-packages/airflow/example_dags/example_python_operator.py
[2024-11-11T02:56:19.223+0000] {logging_mixin.py:190} INFO - [2024-11-11T02:56:19.223+0000] {dag.py:3239} INFO - Sync 1 DAGs
[2024-11-11T02:56:19.230+0000] {logging_mixin.py:190} INFO - [2024-11-11T02:56:19.229+0000] {dag.py:4180} INFO - Setting next_dagrun for example_python_operator to None, run_after=None
[2024-11-11T02:56:19.238+0000] {processor.py:208} INFO - Processing /home/airflow/.local/lib/python3.12/site-packages/airflow/example_dags/example_python_operator.py took 0.038 seconds
[2024-11-11T02:56:49.730+0000] {processor.py:186} INFO - Started process (PID=4024) to work on /home/airflow/.local/lib/python3.12/site-packages/airflow/example_dags/example_python_operator.py
[2024-11-11T02:56:49.731+0000] {processor.py:914} INFO - Processing file /home/airflow/.local/lib/python3.12/site-packages/airflow/example_dags/example_python_operator.py for tasks to queue
[2024-11-11T02:56:49.732+0000] {logging_mixin.py:190} INFO - [2024-11-11T02:56:49.732+0000] {dagbag.py:588} INFO - Filling up the DagBag from /home/airflow/.local/lib/python3.12/site-packages/airflow/example_dags/example_python_operator.py
[2024-11-11T02:56:49.739+0000] {processor.py:925} INFO - DAG(s) 'example_python_operator' retrieved from /home/airflow/.local/lib/python3.12/site-packages/airflow/example_dags/example_python_operator.py
[2024-11-11T02:56:49.751+0000] {logging_mixin.py:190} INFO - [2024-11-11T02:56:49.750+0000] {dag.py:3239} INFO - Sync 1 DAGs
[2024-11-11T02:56:49.758+0000] {logging_mixin.py:190} INFO - [2024-11-11T02:56:49.758+0000] {dag.py:4180} INFO - Setting next_dagrun for example_python_operator to None, run_after=None
[2024-11-11T02:56:49.766+0000] {processor.py:208} INFO - Processing /home/airflow/.local/lib/python3.12/site-packages/airflow/example_dags/example_python_operator.py took 0.040 seconds
[2024-11-11T02:57:20.254+0000] {processor.py:186} INFO - Started process (PID=4087) to work on /home/airflow/.local/lib/python3.12/site-packages/airflow/example_dags/example_python_operator.py
[2024-11-11T02:57:20.254+0000] {processor.py:914} INFO - Processing file /home/airflow/.local/lib/python3.12/site-packages/airflow/example_dags/example_python_operator.py for tasks to queue
[2024-11-11T02:57:20.256+0000] {logging_mixin.py:190} INFO - [2024-11-11T02:57:20.256+0000] {dagbag.py:588} INFO - Filling up the DagBag from /home/airflow/.local/lib/python3.12/site-packages/airflow/example_dags/example_python_operator.py
[2024-11-11T02:57:20.263+0000] {processor.py:925} INFO - DAG(s) 'example_python_operator' retrieved from /home/airflow/.local/lib/python3.12/site-packages/airflow/example_dags/example_python_operator.py
[2024-11-11T02:57:20.273+0000] {logging_mixin.py:190} INFO - [2024-11-11T02:57:20.273+0000] {dag.py:3239} INFO - Sync 1 DAGs
[2024-11-11T02:57:20.280+0000] {logging_mixin.py:190} INFO - [2024-11-11T02:57:20.280+0000] {dag.py:4180} INFO - Setting next_dagrun for example_python_operator to None, run_after=None
[2024-11-11T02:57:20.288+0000] {processor.py:208} INFO - Processing /home/airflow/.local/lib/python3.12/site-packages/airflow/example_dags/example_python_operator.py took 0.038 seconds
[2024-11-11T02:57:50.660+0000] {processor.py:186} INFO - Started process (PID=4150) to work on /home/airflow/.local/lib/python3.12/site-packages/airflow/example_dags/example_python_operator.py
[2024-11-11T02:57:50.660+0000] {processor.py:914} INFO - Processing file /home/airflow/.local/lib/python3.12/site-packages/airflow/example_dags/example_python_operator.py for tasks to queue
[2024-11-11T02:57:50.662+0000] {logging_mixin.py:190} INFO - [2024-11-11T02:57:50.662+0000] {dagbag.py:588} INFO - Filling up the DagBag from /home/airflow/.local/lib/python3.12/site-packages/airflow/example_dags/example_python_operator.py
[2024-11-11T02:57:50.669+0000] {processor.py:925} INFO - DAG(s) 'example_python_operator' retrieved from /home/airflow/.local/lib/python3.12/site-packages/airflow/example_dags/example_python_operator.py
[2024-11-11T02:57:50.680+0000] {logging_mixin.py:190} INFO - [2024-11-11T02:57:50.680+0000] {dag.py:3239} INFO - Sync 1 DAGs
[2024-11-11T02:57:50.688+0000] {logging_mixin.py:190} INFO - [2024-11-11T02:57:50.688+0000] {dag.py:4180} INFO - Setting next_dagrun for example_python_operator to None, run_after=None
[2024-11-11T02:57:50.696+0000] {processor.py:208} INFO - Processing /home/airflow/.local/lib/python3.12/site-packages/airflow/example_dags/example_python_operator.py took 0.040 seconds
[2024-11-11T02:58:21.162+0000] {processor.py:186} INFO - Started process (PID=4212) to work on /home/airflow/.local/lib/python3.12/site-packages/airflow/example_dags/example_python_operator.py
[2024-11-11T02:58:21.163+0000] {processor.py:914} INFO - Processing file /home/airflow/.local/lib/python3.12/site-packages/airflow/example_dags/example_python_operator.py for tasks to queue
[2024-11-11T02:58:21.164+0000] {logging_mixin.py:190} INFO - [2024-11-11T02:58:21.164+0000] {dagbag.py:588} INFO - Filling up the DagBag from /home/airflow/.local/lib/python3.12/site-packages/airflow/example_dags/example_python_operator.py
[2024-11-11T02:58:21.171+0000] {processor.py:925} INFO - DAG(s) 'example_python_operator' retrieved from /home/airflow/.local/lib/python3.12/site-packages/airflow/example_dags/example_python_operator.py
[2024-11-11T02:58:21.183+0000] {logging_mixin.py:190} INFO - [2024-11-11T02:58:21.182+0000] {dag.py:3239} INFO - Sync 1 DAGs
[2024-11-11T02:58:21.190+0000] {logging_mixin.py:190} INFO - [2024-11-11T02:58:21.190+0000] {dag.py:4180} INFO - Setting next_dagrun for example_python_operator to None, run_after=None
[2024-11-11T02:58:21.198+0000] {processor.py:208} INFO - Processing /home/airflow/.local/lib/python3.12/site-packages/airflow/example_dags/example_python_operator.py took 0.040 seconds
[2024-11-11T02:58:51.610+0000] {processor.py:186} INFO - Started process (PID=4276) to work on /home/airflow/.local/lib/python3.12/site-packages/airflow/example_dags/example_python_operator.py
[2024-11-11T02:58:51.611+0000] {processor.py:914} INFO - Processing file /home/airflow/.local/lib/python3.12/site-packages/airflow/example_dags/example_python_operator.py for tasks to queue
[2024-11-11T02:58:51.612+0000] {logging_mixin.py:190} INFO - [2024-11-11T02:58:51.612+0000] {dagbag.py:588} INFO - Filling up the DagBag from /home/airflow/.local/lib/python3.12/site-packages/airflow/example_dags/example_python_operator.py
[2024-11-11T02:58:51.619+0000] {processor.py:925} INFO - DAG(s) 'example_python_operator' retrieved from /home/airflow/.local/lib/python3.12/site-packages/airflow/example_dags/example_python_operator.py
[2024-11-11T02:58:51.631+0000] {logging_mixin.py:190} INFO - [2024-11-11T02:58:51.630+0000] {dag.py:3239} INFO - Sync 1 DAGs
[2024-11-11T02:58:51.638+0000] {logging_mixin.py:190} INFO - [2024-11-11T02:58:51.638+0000] {dag.py:4180} INFO - Setting next_dagrun for example_python_operator to None, run_after=None
[2024-11-11T02:58:51.646+0000] {processor.py:208} INFO - Processing /home/airflow/.local/lib/python3.12/site-packages/airflow/example_dags/example_python_operator.py took 0.039 seconds
[2024-11-11T02:59:22.062+0000] {processor.py:186} INFO - Started process (PID=4338) to work on /home/airflow/.local/lib/python3.12/site-packages/airflow/example_dags/example_python_operator.py
[2024-11-11T02:59:22.063+0000] {processor.py:914} INFO - Processing file /home/airflow/.local/lib/python3.12/site-packages/airflow/example_dags/example_python_operator.py for tasks to queue
[2024-11-11T02:59:22.064+0000] {logging_mixin.py:190} INFO - [2024-11-11T02:59:22.064+0000] {dagbag.py:588} INFO - Filling up the DagBag from /home/airflow/.local/lib/python3.12/site-packages/airflow/example_dags/example_python_operator.py
[2024-11-11T02:59:22.071+0000] {processor.py:925} INFO - DAG(s) 'example_python_operator' retrieved from /home/airflow/.local/lib/python3.12/site-packages/airflow/example_dags/example_python_operator.py
[2024-11-11T02:59:22.083+0000] {logging_mixin.py:190} INFO - [2024-11-11T02:59:22.083+0000] {dag.py:3239} INFO - Sync 1 DAGs
[2024-11-11T02:59:22.091+0000] {logging_mixin.py:190} INFO - [2024-11-11T02:59:22.090+0000] {dag.py:4180} INFO - Setting next_dagrun for example_python_operator to None, run_after=None
[2024-11-11T02:59:22.099+0000] {processor.py:208} INFO - Processing /home/airflow/.local/lib/python3.12/site-packages/airflow/example_dags/example_python_operator.py took 0.040 seconds
[2024-11-11T02:59:52.592+0000] {processor.py:186} INFO - Started process (PID=4401) to work on /home/airflow/.local/lib/python3.12/site-packages/airflow/example_dags/example_python_operator.py
[2024-11-11T02:59:52.593+0000] {processor.py:914} INFO - Processing file /home/airflow/.local/lib/python3.12/site-packages/airflow/example_dags/example_python_operator.py for tasks to queue
[2024-11-11T02:59:52.594+0000] {logging_mixin.py:190} INFO - [2024-11-11T02:59:52.594+0000] {dagbag.py:588} INFO - Filling up the DagBag from /home/airflow/.local/lib/python3.12/site-packages/airflow/example_dags/example_python_operator.py
[2024-11-11T02:59:52.601+0000] {processor.py:925} INFO - DAG(s) 'example_python_operator' retrieved from /home/airflow/.local/lib/python3.12/site-packages/airflow/example_dags/example_python_operator.py
[2024-11-11T02:59:52.613+0000] {logging_mixin.py:190} INFO - [2024-11-11T02:59:52.612+0000] {dag.py:3239} INFO - Sync 1 DAGs
[2024-11-11T02:59:52.620+0000] {logging_mixin.py:190} INFO - [2024-11-11T02:59:52.620+0000] {dag.py:4180} INFO - Setting next_dagrun for example_python_operator to None, run_after=None
[2024-11-11T02:59:52.628+0000] {processor.py:208} INFO - Processing /home/airflow/.local/lib/python3.12/site-packages/airflow/example_dags/example_python_operator.py took 0.039 seconds
[2024-11-11T03:00:23.095+0000] {processor.py:186} INFO - Started process (PID=4464) to work on /home/airflow/.local/lib/python3.12/site-packages/airflow/example_dags/example_python_operator.py
[2024-11-11T03:00:23.096+0000] {processor.py:914} INFO - Processing file /home/airflow/.local/lib/python3.12/site-packages/airflow/example_dags/example_python_operator.py for tasks to queue
[2024-11-11T03:00:23.098+0000] {logging_mixin.py:190} INFO - [2024-11-11T03:00:23.098+0000] {dagbag.py:588} INFO - Filling up the DagBag from /home/airflow/.local/lib/python3.12/site-packages/airflow/example_dags/example_python_operator.py
[2024-11-11T03:00:23.105+0000] {processor.py:925} INFO - DAG(s) 'example_python_operator' retrieved from /home/airflow/.local/lib/python3.12/site-packages/airflow/example_dags/example_python_operator.py
[2024-11-11T03:00:23.116+0000] {logging_mixin.py:190} INFO - [2024-11-11T03:00:23.116+0000] {dag.py:3239} INFO - Sync 1 DAGs
[2024-11-11T03:00:23.123+0000] {logging_mixin.py:190} INFO - [2024-11-11T03:00:23.123+0000] {dag.py:4180} INFO - Setting next_dagrun for example_python_operator to None, run_after=None
[2024-11-11T03:00:23.132+0000] {processor.py:208} INFO - Processing /home/airflow/.local/lib/python3.12/site-packages/airflow/example_dags/example_python_operator.py took 0.040 seconds
[2024-11-11T03:00:53.539+0000] {processor.py:186} INFO - Started process (PID=4528) to work on /home/airflow/.local/lib/python3.12/site-packages/airflow/example_dags/example_python_operator.py
[2024-11-11T03:00:53.540+0000] {processor.py:914} INFO - Processing file /home/airflow/.local/lib/python3.12/site-packages/airflow/example_dags/example_python_operator.py for tasks to queue
[2024-11-11T03:00:53.541+0000] {logging_mixin.py:190} INFO - [2024-11-11T03:00:53.541+0000] {dagbag.py:588} INFO - Filling up the DagBag from /home/airflow/.local/lib/python3.12/site-packages/airflow/example_dags/example_python_operator.py
[2024-11-11T03:00:53.548+0000] {processor.py:925} INFO - DAG(s) 'example_python_operator' retrieved from /home/airflow/.local/lib/python3.12/site-packages/airflow/example_dags/example_python_operator.py
[2024-11-11T03:00:53.559+0000] {logging_mixin.py:190} INFO - [2024-11-11T03:00:53.559+0000] {dag.py:3239} INFO - Sync 1 DAGs
[2024-11-11T03:00:53.566+0000] {logging_mixin.py:190} INFO - [2024-11-11T03:00:53.566+0000] {dag.py:4180} INFO - Setting next_dagrun for example_python_operator to None, run_after=None
[2024-11-11T03:00:53.574+0000] {processor.py:208} INFO - Processing /home/airflow/.local/lib/python3.12/site-packages/airflow/example_dags/example_python_operator.py took 0.038 seconds
[2024-11-11T03:01:24.002+0000] {processor.py:186} INFO - Started process (PID=4590) to work on /home/airflow/.local/lib/python3.12/site-packages/airflow/example_dags/example_python_operator.py
[2024-11-11T03:01:24.002+0000] {processor.py:914} INFO - Processing file /home/airflow/.local/lib/python3.12/site-packages/airflow/example_dags/example_python_operator.py for tasks to queue
[2024-11-11T03:01:24.004+0000] {logging_mixin.py:190} INFO - [2024-11-11T03:01:24.004+0000] {dagbag.py:588} INFO - Filling up the DagBag from /home/airflow/.local/lib/python3.12/site-packages/airflow/example_dags/example_python_operator.py
[2024-11-11T03:01:24.011+0000] {processor.py:925} INFO - DAG(s) 'example_python_operator' retrieved from /home/airflow/.local/lib/python3.12/site-packages/airflow/example_dags/example_python_operator.py
[2024-11-11T03:01:24.022+0000] {logging_mixin.py:190} INFO - [2024-11-11T03:01:24.022+0000] {dag.py:3239} INFO - Sync 1 DAGs
[2024-11-11T03:01:24.029+0000] {logging_mixin.py:190} INFO - [2024-11-11T03:01:24.029+0000] {dag.py:4180} INFO - Setting next_dagrun for example_python_operator to None, run_after=None
[2024-11-11T03:01:24.038+0000] {processor.py:208} INFO - Processing /home/airflow/.local/lib/python3.12/site-packages/airflow/example_dags/example_python_operator.py took 0.040 seconds
[2024-11-11T03:01:54.858+0000] {processor.py:186} INFO - Started process (PID=4654) to work on /home/airflow/.local/lib/python3.12/site-packages/airflow/example_dags/example_python_operator.py
[2024-11-11T03:01:54.859+0000] {processor.py:914} INFO - Processing file /home/airflow/.local/lib/python3.12/site-packages/airflow/example_dags/example_python_operator.py for tasks to queue
[2024-11-11T03:01:54.860+0000] {logging_mixin.py:190} INFO - [2024-11-11T03:01:54.860+0000] {dagbag.py:588} INFO - Filling up the DagBag from /home/airflow/.local/lib/python3.12/site-packages/airflow/example_dags/example_python_operator.py
[2024-11-11T03:01:54.867+0000] {processor.py:925} INFO - DAG(s) 'example_python_operator' retrieved from /home/airflow/.local/lib/python3.12/site-packages/airflow/example_dags/example_python_operator.py
[2024-11-11T03:01:54.878+0000] {logging_mixin.py:190} INFO - [2024-11-11T03:01:54.877+0000] {dag.py:3239} INFO - Sync 1 DAGs
[2024-11-11T03:01:54.884+0000] {logging_mixin.py:190} INFO - [2024-11-11T03:01:54.884+0000] {dag.py:4180} INFO - Setting next_dagrun for example_python_operator to None, run_after=None
[2024-11-11T03:01:54.893+0000] {processor.py:208} INFO - Processing /home/airflow/.local/lib/python3.12/site-packages/airflow/example_dags/example_python_operator.py took 0.038 seconds
[2024-11-11T03:03:15.421+0000] {processor.py:186} INFO - Started process (PID=4717) to work on /home/airflow/.local/lib/python3.12/site-packages/airflow/example_dags/example_python_operator.py
[2024-11-11T03:03:15.421+0000] {processor.py:914} INFO - Processing file /home/airflow/.local/lib/python3.12/site-packages/airflow/example_dags/example_python_operator.py for tasks to queue
[2024-11-11T03:03:15.423+0000] {logging_mixin.py:190} INFO - [2024-11-11T03:03:15.423+0000] {dagbag.py:588} INFO - Filling up the DagBag from /home/airflow/.local/lib/python3.12/site-packages/airflow/example_dags/example_python_operator.py
[2024-11-11T03:03:15.429+0000] {processor.py:925} INFO - DAG(s) 'example_python_operator' retrieved from /home/airflow/.local/lib/python3.12/site-packages/airflow/example_dags/example_python_operator.py
[2024-11-11T03:03:15.440+0000] {logging_mixin.py:190} INFO - [2024-11-11T03:03:15.440+0000] {dag.py:3239} INFO - Sync 1 DAGs
[2024-11-11T03:03:15.446+0000] {logging_mixin.py:190} INFO - [2024-11-11T03:03:15.446+0000] {dag.py:4180} INFO - Setting next_dagrun for example_python_operator to None, run_after=None
[2024-11-11T03:03:15.454+0000] {processor.py:208} INFO - Processing /home/airflow/.local/lib/python3.12/site-packages/airflow/example_dags/example_python_operator.py took 0.037 seconds
[2024-11-11T03:03:45.857+0000] {processor.py:186} INFO - Started process (PID=4780) to work on /home/airflow/.local/lib/python3.12/site-packages/airflow/example_dags/example_python_operator.py
[2024-11-11T03:03:45.858+0000] {processor.py:914} INFO - Processing file /home/airflow/.local/lib/python3.12/site-packages/airflow/example_dags/example_python_operator.py for tasks to queue
[2024-11-11T03:03:45.859+0000] {logging_mixin.py:190} INFO - [2024-11-11T03:03:45.859+0000] {dagbag.py:588} INFO - Filling up the DagBag from /home/airflow/.local/lib/python3.12/site-packages/airflow/example_dags/example_python_operator.py
[2024-11-11T03:03:45.867+0000] {processor.py:925} INFO - DAG(s) 'example_python_operator' retrieved from /home/airflow/.local/lib/python3.12/site-packages/airflow/example_dags/example_python_operator.py
[2024-11-11T03:03:45.879+0000] {logging_mixin.py:190} INFO - [2024-11-11T03:03:45.879+0000] {dag.py:3239} INFO - Sync 1 DAGs
[2024-11-11T03:03:45.886+0000] {logging_mixin.py:190} INFO - [2024-11-11T03:03:45.886+0000] {dag.py:4180} INFO - Setting next_dagrun for example_python_operator to None, run_after=None
[2024-11-11T03:03:45.895+0000] {processor.py:208} INFO - Processing /home/airflow/.local/lib/python3.12/site-packages/airflow/example_dags/example_python_operator.py took 0.042 seconds
[2024-11-11T03:04:16.349+0000] {processor.py:186} INFO - Started process (PID=4843) to work on /home/airflow/.local/lib/python3.12/site-packages/airflow/example_dags/example_python_operator.py
[2024-11-11T03:04:16.350+0000] {processor.py:914} INFO - Processing file /home/airflow/.local/lib/python3.12/site-packages/airflow/example_dags/example_python_operator.py for tasks to queue
[2024-11-11T03:04:16.351+0000] {logging_mixin.py:190} INFO - [2024-11-11T03:04:16.351+0000] {dagbag.py:588} INFO - Filling up the DagBag from /home/airflow/.local/lib/python3.12/site-packages/airflow/example_dags/example_python_operator.py
[2024-11-11T03:04:16.358+0000] {processor.py:925} INFO - DAG(s) 'example_python_operator' retrieved from /home/airflow/.local/lib/python3.12/site-packages/airflow/example_dags/example_python_operator.py
[2024-11-11T03:04:16.369+0000] {logging_mixin.py:190} INFO - [2024-11-11T03:04:16.369+0000] {dag.py:3239} INFO - Sync 1 DAGs
[2024-11-11T03:04:16.376+0000] {logging_mixin.py:190} INFO - [2024-11-11T03:04:16.376+0000] {dag.py:4180} INFO - Setting next_dagrun for example_python_operator to None, run_after=None
[2024-11-11T03:04:16.384+0000] {processor.py:208} INFO - Processing /home/airflow/.local/lib/python3.12/site-packages/airflow/example_dags/example_python_operator.py took 0.038 seconds
[2024-11-11T03:04:46.819+0000] {processor.py:186} INFO - Started process (PID=4906) to work on /home/airflow/.local/lib/python3.12/site-packages/airflow/example_dags/example_python_operator.py
[2024-11-11T03:04:46.820+0000] {processor.py:914} INFO - Processing file /home/airflow/.local/lib/python3.12/site-packages/airflow/example_dags/example_python_operator.py for tasks to queue
[2024-11-11T03:04:46.821+0000] {logging_mixin.py:190} INFO - [2024-11-11T03:04:46.821+0000] {dagbag.py:588} INFO - Filling up the DagBag from /home/airflow/.local/lib/python3.12/site-packages/airflow/example_dags/example_python_operator.py
[2024-11-11T03:04:46.827+0000] {processor.py:925} INFO - DAG(s) 'example_python_operator' retrieved from /home/airflow/.local/lib/python3.12/site-packages/airflow/example_dags/example_python_operator.py
[2024-11-11T03:04:46.839+0000] {logging_mixin.py:190} INFO - [2024-11-11T03:04:46.838+0000] {dag.py:3239} INFO - Sync 1 DAGs
[2024-11-11T03:04:46.845+0000] {logging_mixin.py:190} INFO - [2024-11-11T03:04:46.845+0000] {dag.py:4180} INFO - Setting next_dagrun for example_python_operator to None, run_after=None
[2024-11-11T03:04:46.854+0000] {processor.py:208} INFO - Processing /home/airflow/.local/lib/python3.12/site-packages/airflow/example_dags/example_python_operator.py took 0.038 seconds
[2024-11-11T03:05:17.348+0000] {processor.py:186} INFO - Started process (PID=4968) to work on /home/airflow/.local/lib/python3.12/site-packages/airflow/example_dags/example_python_operator.py
[2024-11-11T03:05:17.349+0000] {processor.py:914} INFO - Processing file /home/airflow/.local/lib/python3.12/site-packages/airflow/example_dags/example_python_operator.py for tasks to queue
[2024-11-11T03:05:17.351+0000] {logging_mixin.py:190} INFO - [2024-11-11T03:05:17.350+0000] {dagbag.py:588} INFO - Filling up the DagBag from /home/airflow/.local/lib/python3.12/site-packages/airflow/example_dags/example_python_operator.py
[2024-11-11T03:05:17.357+0000] {processor.py:925} INFO - DAG(s) 'example_python_operator' retrieved from /home/airflow/.local/lib/python3.12/site-packages/airflow/example_dags/example_python_operator.py
[2024-11-11T03:05:17.368+0000] {logging_mixin.py:190} INFO - [2024-11-11T03:05:17.368+0000] {dag.py:3239} INFO - Sync 1 DAGs
[2024-11-11T03:05:17.375+0000] {logging_mixin.py:190} INFO - [2024-11-11T03:05:17.375+0000] {dag.py:4180} INFO - Setting next_dagrun for example_python_operator to None, run_after=None
[2024-11-11T03:05:17.384+0000] {processor.py:208} INFO - Processing /home/airflow/.local/lib/python3.12/site-packages/airflow/example_dags/example_python_operator.py took 0.039 seconds
[2024-11-11T03:05:47.735+0000] {processor.py:186} INFO - Started process (PID=5032) to work on /home/airflow/.local/lib/python3.12/site-packages/airflow/example_dags/example_python_operator.py
[2024-11-11T03:05:47.736+0000] {processor.py:914} INFO - Processing file /home/airflow/.local/lib/python3.12/site-packages/airflow/example_dags/example_python_operator.py for tasks to queue
[2024-11-11T03:05:47.737+0000] {logging_mixin.py:190} INFO - [2024-11-11T03:05:47.737+0000] {dagbag.py:588} INFO - Filling up the DagBag from /home/airflow/.local/lib/python3.12/site-packages/airflow/example_dags/example_python_operator.py
[2024-11-11T03:05:47.744+0000] {processor.py:925} INFO - DAG(s) 'example_python_operator' retrieved from /home/airflow/.local/lib/python3.12/site-packages/airflow/example_dags/example_python_operator.py
[2024-11-11T03:05:47.755+0000] {logging_mixin.py:190} INFO - [2024-11-11T03:05:47.755+0000] {dag.py:3239} INFO - Sync 1 DAGs
[2024-11-11T03:05:47.762+0000] {logging_mixin.py:190} INFO - [2024-11-11T03:05:47.762+0000] {dag.py:4180} INFO - Setting next_dagrun for example_python_operator to None, run_after=None
[2024-11-11T03:05:47.770+0000] {processor.py:208} INFO - Processing /home/airflow/.local/lib/python3.12/site-packages/airflow/example_dags/example_python_operator.py took 0.038 seconds
[2024-11-11T03:06:18.013+0000] {processor.py:186} INFO - Started process (PID=5094) to work on /home/airflow/.local/lib/python3.12/site-packages/airflow/example_dags/example_python_operator.py
[2024-11-11T03:06:18.013+0000] {processor.py:914} INFO - Processing file /home/airflow/.local/lib/python3.12/site-packages/airflow/example_dags/example_python_operator.py for tasks to queue
[2024-11-11T03:06:18.015+0000] {logging_mixin.py:190} INFO - [2024-11-11T03:06:18.015+0000] {dagbag.py:588} INFO - Filling up the DagBag from /home/airflow/.local/lib/python3.12/site-packages/airflow/example_dags/example_python_operator.py
[2024-11-11T03:06:18.022+0000] {processor.py:925} INFO - DAG(s) 'example_python_operator' retrieved from /home/airflow/.local/lib/python3.12/site-packages/airflow/example_dags/example_python_operator.py
[2024-11-11T03:06:18.033+0000] {logging_mixin.py:190} INFO - [2024-11-11T03:06:18.033+0000] {dag.py:3239} INFO - Sync 1 DAGs
[2024-11-11T03:06:18.040+0000] {logging_mixin.py:190} INFO - [2024-11-11T03:06:18.040+0000] {dag.py:4180} INFO - Setting next_dagrun for example_python_operator to None, run_after=None
[2024-11-11T03:06:18.048+0000] {processor.py:208} INFO - Processing /home/airflow/.local/lib/python3.12/site-packages/airflow/example_dags/example_python_operator.py took 0.039 seconds
[2024-11-11T03:06:48.335+0000] {processor.py:186} INFO - Started process (PID=5157) to work on /home/airflow/.local/lib/python3.12/site-packages/airflow/example_dags/example_python_operator.py
[2024-11-11T03:06:48.336+0000] {processor.py:914} INFO - Processing file /home/airflow/.local/lib/python3.12/site-packages/airflow/example_dags/example_python_operator.py for tasks to queue
[2024-11-11T03:06:48.338+0000] {logging_mixin.py:190} INFO - [2024-11-11T03:06:48.337+0000] {dagbag.py:588} INFO - Filling up the DagBag from /home/airflow/.local/lib/python3.12/site-packages/airflow/example_dags/example_python_operator.py
[2024-11-11T03:06:48.346+0000] {processor.py:925} INFO - DAG(s) 'example_python_operator' retrieved from /home/airflow/.local/lib/python3.12/site-packages/airflow/example_dags/example_python_operator.py
[2024-11-11T03:06:48.361+0000] {logging_mixin.py:190} INFO - [2024-11-11T03:06:48.361+0000] {dag.py:3239} INFO - Sync 1 DAGs
[2024-11-11T03:06:48.368+0000] {logging_mixin.py:190} INFO - [2024-11-11T03:06:48.368+0000] {dag.py:4180} INFO - Setting next_dagrun for example_python_operator to None, run_after=None
[2024-11-11T03:06:48.377+0000] {processor.py:208} INFO - Processing /home/airflow/.local/lib/python3.12/site-packages/airflow/example_dags/example_python_operator.py took 0.045 seconds
[2024-11-11T03:07:18.911+0000] {processor.py:186} INFO - Started process (PID=5221) to work on /home/airflow/.local/lib/python3.12/site-packages/airflow/example_dags/example_python_operator.py
[2024-11-11T03:07:18.912+0000] {processor.py:914} INFO - Processing file /home/airflow/.local/lib/python3.12/site-packages/airflow/example_dags/example_python_operator.py for tasks to queue
[2024-11-11T03:07:18.913+0000] {logging_mixin.py:190} INFO - [2024-11-11T03:07:18.913+0000] {dagbag.py:588} INFO - Filling up the DagBag from /home/airflow/.local/lib/python3.12/site-packages/airflow/example_dags/example_python_operator.py
[2024-11-11T03:07:18.920+0000] {processor.py:925} INFO - DAG(s) 'example_python_operator' retrieved from /home/airflow/.local/lib/python3.12/site-packages/airflow/example_dags/example_python_operator.py
[2024-11-11T03:07:18.932+0000] {logging_mixin.py:190} INFO - [2024-11-11T03:07:18.932+0000] {dag.py:3239} INFO - Sync 1 DAGs
[2024-11-11T03:07:18.939+0000] {logging_mixin.py:190} INFO - [2024-11-11T03:07:18.939+0000] {dag.py:4180} INFO - Setting next_dagrun for example_python_operator to None, run_after=None
[2024-11-11T03:07:18.948+0000] {processor.py:208} INFO - Processing /home/airflow/.local/lib/python3.12/site-packages/airflow/example_dags/example_python_operator.py took 0.040 seconds
[2024-11-11T03:07:49.608+0000] {processor.py:186} INFO - Started process (PID=5284) to work on /home/airflow/.local/lib/python3.12/site-packages/airflow/example_dags/example_python_operator.py
[2024-11-11T03:07:49.609+0000] {processor.py:914} INFO - Processing file /home/airflow/.local/lib/python3.12/site-packages/airflow/example_dags/example_python_operator.py for tasks to queue
[2024-11-11T03:07:49.610+0000] {logging_mixin.py:190} INFO - [2024-11-11T03:07:49.610+0000] {dagbag.py:588} INFO - Filling up the DagBag from /home/airflow/.local/lib/python3.12/site-packages/airflow/example_dags/example_python_operator.py
[2024-11-11T03:07:49.617+0000] {processor.py:925} INFO - DAG(s) 'example_python_operator' retrieved from /home/airflow/.local/lib/python3.12/site-packages/airflow/example_dags/example_python_operator.py
[2024-11-11T03:07:49.629+0000] {logging_mixin.py:190} INFO - [2024-11-11T03:07:49.628+0000] {dag.py:3239} INFO - Sync 1 DAGs
[2024-11-11T03:07:49.636+0000] {logging_mixin.py:190} INFO - [2024-11-11T03:07:49.636+0000] {dag.py:4180} INFO - Setting next_dagrun for example_python_operator to None, run_after=None
[2024-11-11T03:07:49.645+0000] {processor.py:208} INFO - Processing /home/airflow/.local/lib/python3.12/site-packages/airflow/example_dags/example_python_operator.py took 0.040 seconds
[2024-11-11T03:08:20.275+0000] {processor.py:186} INFO - Started process (PID=5347) to work on /home/airflow/.local/lib/python3.12/site-packages/airflow/example_dags/example_python_operator.py
[2024-11-11T03:08:20.275+0000] {processor.py:914} INFO - Processing file /home/airflow/.local/lib/python3.12/site-packages/airflow/example_dags/example_python_operator.py for tasks to queue
[2024-11-11T03:08:20.277+0000] {logging_mixin.py:190} INFO - [2024-11-11T03:08:20.276+0000] {dagbag.py:588} INFO - Filling up the DagBag from /home/airflow/.local/lib/python3.12/site-packages/airflow/example_dags/example_python_operator.py
[2024-11-11T03:08:20.283+0000] {processor.py:925} INFO - DAG(s) 'example_python_operator' retrieved from /home/airflow/.local/lib/python3.12/site-packages/airflow/example_dags/example_python_operator.py
[2024-11-11T03:08:20.294+0000] {logging_mixin.py:190} INFO - [2024-11-11T03:08:20.294+0000] {dag.py:3239} INFO - Sync 1 DAGs
[2024-11-11T03:08:20.303+0000] {logging_mixin.py:190} INFO - [2024-11-11T03:08:20.303+0000] {dag.py:4180} INFO - Setting next_dagrun for example_python_operator to None, run_after=None
[2024-11-11T03:08:20.318+0000] {processor.py:208} INFO - Processing /home/airflow/.local/lib/python3.12/site-packages/airflow/example_dags/example_python_operator.py took 0.047 seconds
[2024-11-11T03:08:50.879+0000] {processor.py:186} INFO - Started process (PID=5410) to work on /home/airflow/.local/lib/python3.12/site-packages/airflow/example_dags/example_python_operator.py
[2024-11-11T03:08:50.880+0000] {processor.py:914} INFO - Processing file /home/airflow/.local/lib/python3.12/site-packages/airflow/example_dags/example_python_operator.py for tasks to queue
[2024-11-11T03:08:50.881+0000] {logging_mixin.py:190} INFO - [2024-11-11T03:08:50.881+0000] {dagbag.py:588} INFO - Filling up the DagBag from /home/airflow/.local/lib/python3.12/site-packages/airflow/example_dags/example_python_operator.py
[2024-11-11T03:08:50.888+0000] {processor.py:925} INFO - DAG(s) 'example_python_operator' retrieved from /home/airflow/.local/lib/python3.12/site-packages/airflow/example_dags/example_python_operator.py
[2024-11-11T03:08:50.898+0000] {logging_mixin.py:190} INFO - [2024-11-11T03:08:50.898+0000] {dag.py:3239} INFO - Sync 1 DAGs
[2024-11-11T03:08:50.905+0000] {logging_mixin.py:190} INFO - [2024-11-11T03:08:50.905+0000] {dag.py:4180} INFO - Setting next_dagrun for example_python_operator to None, run_after=None
[2024-11-11T03:08:50.913+0000] {processor.py:208} INFO - Processing /home/airflow/.local/lib/python3.12/site-packages/airflow/example_dags/example_python_operator.py took 0.036 seconds
[2024-11-11T03:09:21.406+0000] {processor.py:186} INFO - Started process (PID=5474) to work on /home/airflow/.local/lib/python3.12/site-packages/airflow/example_dags/example_python_operator.py
[2024-11-11T03:09:21.406+0000] {processor.py:914} INFO - Processing file /home/airflow/.local/lib/python3.12/site-packages/airflow/example_dags/example_python_operator.py for tasks to queue
[2024-11-11T03:09:21.408+0000] {logging_mixin.py:190} INFO - [2024-11-11T03:09:21.408+0000] {dagbag.py:588} INFO - Filling up the DagBag from /home/airflow/.local/lib/python3.12/site-packages/airflow/example_dags/example_python_operator.py
[2024-11-11T03:09:21.414+0000] {processor.py:925} INFO - DAG(s) 'example_python_operator' retrieved from /home/airflow/.local/lib/python3.12/site-packages/airflow/example_dags/example_python_operator.py
[2024-11-11T03:09:21.425+0000] {logging_mixin.py:190} INFO - [2024-11-11T03:09:21.425+0000] {dag.py:3239} INFO - Sync 1 DAGs
[2024-11-11T03:09:21.432+0000] {logging_mixin.py:190} INFO - [2024-11-11T03:09:21.432+0000] {dag.py:4180} INFO - Setting next_dagrun for example_python_operator to None, run_after=None
[2024-11-11T03:09:21.440+0000] {processor.py:208} INFO - Processing /home/airflow/.local/lib/python3.12/site-packages/airflow/example_dags/example_python_operator.py took 0.038 seconds
[2024-11-11T03:09:52.010+0000] {processor.py:186} INFO - Started process (PID=5536) to work on /home/airflow/.local/lib/python3.12/site-packages/airflow/example_dags/example_python_operator.py
[2024-11-11T03:09:52.011+0000] {processor.py:914} INFO - Processing file /home/airflow/.local/lib/python3.12/site-packages/airflow/example_dags/example_python_operator.py for tasks to queue
[2024-11-11T03:09:52.012+0000] {logging_mixin.py:190} INFO - [2024-11-11T03:09:52.012+0000] {dagbag.py:588} INFO - Filling up the DagBag from /home/airflow/.local/lib/python3.12/site-packages/airflow/example_dags/example_python_operator.py
[2024-11-11T03:09:52.019+0000] {processor.py:925} INFO - DAG(s) 'example_python_operator' retrieved from /home/airflow/.local/lib/python3.12/site-packages/airflow/example_dags/example_python_operator.py
[2024-11-11T03:09:52.030+0000] {logging_mixin.py:190} INFO - [2024-11-11T03:09:52.030+0000] {dag.py:3239} INFO - Sync 1 DAGs
[2024-11-11T03:09:52.036+0000] {logging_mixin.py:190} INFO - [2024-11-11T03:09:52.036+0000] {dag.py:4180} INFO - Setting next_dagrun for example_python_operator to None, run_after=None
[2024-11-11T03:09:52.045+0000] {processor.py:208} INFO - Processing /home/airflow/.local/lib/python3.12/site-packages/airflow/example_dags/example_python_operator.py took 0.038 seconds
[2024-11-11T03:10:22.674+0000] {processor.py:186} INFO - Started process (PID=5599) to work on /home/airflow/.local/lib/python3.12/site-packages/airflow/example_dags/example_python_operator.py
[2024-11-11T03:10:22.675+0000] {processor.py:914} INFO - Processing file /home/airflow/.local/lib/python3.12/site-packages/airflow/example_dags/example_python_operator.py for tasks to queue
[2024-11-11T03:10:22.676+0000] {logging_mixin.py:190} INFO - [2024-11-11T03:10:22.676+0000] {dagbag.py:588} INFO - Filling up the DagBag from /home/airflow/.local/lib/python3.12/site-packages/airflow/example_dags/example_python_operator.py
[2024-11-11T03:10:22.683+0000] {processor.py:925} INFO - DAG(s) 'example_python_operator' retrieved from /home/airflow/.local/lib/python3.12/site-packages/airflow/example_dags/example_python_operator.py
[2024-11-11T03:10:22.694+0000] {logging_mixin.py:190} INFO - [2024-11-11T03:10:22.694+0000] {dag.py:3239} INFO - Sync 1 DAGs
[2024-11-11T03:10:22.701+0000] {logging_mixin.py:190} INFO - [2024-11-11T03:10:22.701+0000] {dag.py:4180} INFO - Setting next_dagrun for example_python_operator to None, run_after=None
[2024-11-11T03:10:22.709+0000] {processor.py:208} INFO - Processing /home/airflow/.local/lib/python3.12/site-packages/airflow/example_dags/example_python_operator.py took 0.038 seconds
[2024-11-11T03:10:53.479+0000] {processor.py:186} INFO - Started process (PID=5662) to work on /home/airflow/.local/lib/python3.12/site-packages/airflow/example_dags/example_python_operator.py
[2024-11-11T03:10:53.479+0000] {processor.py:914} INFO - Processing file /home/airflow/.local/lib/python3.12/site-packages/airflow/example_dags/example_python_operator.py for tasks to queue
[2024-11-11T03:10:53.481+0000] {logging_mixin.py:190} INFO - [2024-11-11T03:10:53.480+0000] {dagbag.py:588} INFO - Filling up the DagBag from /home/airflow/.local/lib/python3.12/site-packages/airflow/example_dags/example_python_operator.py
[2024-11-11T03:10:53.488+0000] {processor.py:925} INFO - DAG(s) 'example_python_operator' retrieved from /home/airflow/.local/lib/python3.12/site-packages/airflow/example_dags/example_python_operator.py
[2024-11-11T03:10:53.500+0000] {logging_mixin.py:190} INFO - [2024-11-11T03:10:53.500+0000] {dag.py:3239} INFO - Sync 1 DAGs
[2024-11-11T03:10:53.507+0000] {logging_mixin.py:190} INFO - [2024-11-11T03:10:53.507+0000] {dag.py:4180} INFO - Setting next_dagrun for example_python_operator to None, run_after=None
[2024-11-11T03:10:53.517+0000] {processor.py:208} INFO - Processing /home/airflow/.local/lib/python3.12/site-packages/airflow/example_dags/example_python_operator.py took 0.042 seconds
[2024-11-11T03:22:05.173+0000] {processor.py:186} INFO - Started process (PID=5726) to work on /home/airflow/.local/lib/python3.12/site-packages/airflow/example_dags/example_python_operator.py
[2024-11-11T03:22:05.173+0000] {processor.py:914} INFO - Processing file /home/airflow/.local/lib/python3.12/site-packages/airflow/example_dags/example_python_operator.py for tasks to queue
[2024-11-11T03:22:05.175+0000] {logging_mixin.py:190} INFO - [2024-11-11T03:22:05.175+0000] {dagbag.py:588} INFO - Filling up the DagBag from /home/airflow/.local/lib/python3.12/site-packages/airflow/example_dags/example_python_operator.py
[2024-11-11T03:22:05.182+0000] {processor.py:925} INFO - DAG(s) 'example_python_operator' retrieved from /home/airflow/.local/lib/python3.12/site-packages/airflow/example_dags/example_python_operator.py
[2024-11-11T03:22:05.194+0000] {logging_mixin.py:190} INFO - [2024-11-11T03:22:05.193+0000] {dag.py:3239} INFO - Sync 1 DAGs
[2024-11-11T03:22:05.201+0000] {logging_mixin.py:190} INFO - [2024-11-11T03:22:05.201+0000] {dag.py:4180} INFO - Setting next_dagrun for example_python_operator to None, run_after=None
[2024-11-11T03:22:05.210+0000] {processor.py:208} INFO - Processing /home/airflow/.local/lib/python3.12/site-packages/airflow/example_dags/example_python_operator.py took 0.041 seconds
[2024-11-11T03:22:36.135+0000] {processor.py:186} INFO - Started process (PID=5789) to work on /home/airflow/.local/lib/python3.12/site-packages/airflow/example_dags/example_python_operator.py
[2024-11-11T03:22:36.136+0000] {processor.py:914} INFO - Processing file /home/airflow/.local/lib/python3.12/site-packages/airflow/example_dags/example_python_operator.py for tasks to queue
[2024-11-11T03:22:36.137+0000] {logging_mixin.py:190} INFO - [2024-11-11T03:22:36.137+0000] {dagbag.py:588} INFO - Filling up the DagBag from /home/airflow/.local/lib/python3.12/site-packages/airflow/example_dags/example_python_operator.py
[2024-11-11T03:22:36.145+0000] {processor.py:925} INFO - DAG(s) 'example_python_operator' retrieved from /home/airflow/.local/lib/python3.12/site-packages/airflow/example_dags/example_python_operator.py
[2024-11-11T03:22:36.158+0000] {logging_mixin.py:190} INFO - [2024-11-11T03:22:36.157+0000] {dag.py:3239} INFO - Sync 1 DAGs
[2024-11-11T03:22:36.166+0000] {logging_mixin.py:190} INFO - [2024-11-11T03:22:36.166+0000] {dag.py:4180} INFO - Setting next_dagrun for example_python_operator to None, run_after=None
[2024-11-11T03:22:36.175+0000] {processor.py:208} INFO - Processing /home/airflow/.local/lib/python3.12/site-packages/airflow/example_dags/example_python_operator.py took 0.044 seconds
[2024-11-11T03:23:07.294+0000] {processor.py:186} INFO - Started process (PID=5852) to work on /home/airflow/.local/lib/python3.12/site-packages/airflow/example_dags/example_python_operator.py
[2024-11-11T03:23:07.295+0000] {processor.py:914} INFO - Processing file /home/airflow/.local/lib/python3.12/site-packages/airflow/example_dags/example_python_operator.py for tasks to queue
[2024-11-11T03:23:07.296+0000] {logging_mixin.py:190} INFO - [2024-11-11T03:23:07.296+0000] {dagbag.py:588} INFO - Filling up the DagBag from /home/airflow/.local/lib/python3.12/site-packages/airflow/example_dags/example_python_operator.py
[2024-11-11T03:23:07.304+0000] {processor.py:925} INFO - DAG(s) 'example_python_operator' retrieved from /home/airflow/.local/lib/python3.12/site-packages/airflow/example_dags/example_python_operator.py
[2024-11-11T03:23:07.316+0000] {logging_mixin.py:190} INFO - [2024-11-11T03:23:07.316+0000] {dag.py:3239} INFO - Sync 1 DAGs
[2024-11-11T03:23:07.323+0000] {logging_mixin.py:190} INFO - [2024-11-11T03:23:07.323+0000] {dag.py:4180} INFO - Setting next_dagrun for example_python_operator to None, run_after=None
[2024-11-11T03:23:07.333+0000] {processor.py:208} INFO - Processing /home/airflow/.local/lib/python3.12/site-packages/airflow/example_dags/example_python_operator.py took 0.043 seconds
[2024-11-11T03:23:38.183+0000] {processor.py:186} INFO - Started process (PID=5915) to work on /home/airflow/.local/lib/python3.12/site-packages/airflow/example_dags/example_python_operator.py
[2024-11-11T03:23:38.184+0000] {processor.py:914} INFO - Processing file /home/airflow/.local/lib/python3.12/site-packages/airflow/example_dags/example_python_operator.py for tasks to queue
[2024-11-11T03:23:38.185+0000] {logging_mixin.py:190} INFO - [2024-11-11T03:23:38.185+0000] {dagbag.py:588} INFO - Filling up the DagBag from /home/airflow/.local/lib/python3.12/site-packages/airflow/example_dags/example_python_operator.py
[2024-11-11T03:23:38.192+0000] {processor.py:925} INFO - DAG(s) 'example_python_operator' retrieved from /home/airflow/.local/lib/python3.12/site-packages/airflow/example_dags/example_python_operator.py
[2024-11-11T03:23:38.205+0000] {logging_mixin.py:190} INFO - [2024-11-11T03:23:38.205+0000] {dag.py:3239} INFO - Sync 1 DAGs
[2024-11-11T03:23:38.213+0000] {logging_mixin.py:190} INFO - [2024-11-11T03:23:38.212+0000] {dag.py:4180} INFO - Setting next_dagrun for example_python_operator to None, run_after=None
[2024-11-11T03:23:38.222+0000] {processor.py:208} INFO - Processing /home/airflow/.local/lib/python3.12/site-packages/airflow/example_dags/example_python_operator.py took 0.042 seconds
[2024-11-11T03:24:09.168+0000] {processor.py:186} INFO - Started process (PID=5978) to work on /home/airflow/.local/lib/python3.12/site-packages/airflow/example_dags/example_python_operator.py
[2024-11-11T03:24:09.169+0000] {processor.py:914} INFO - Processing file /home/airflow/.local/lib/python3.12/site-packages/airflow/example_dags/example_python_operator.py for tasks to queue
[2024-11-11T03:24:09.171+0000] {logging_mixin.py:190} INFO - [2024-11-11T03:24:09.171+0000] {dagbag.py:588} INFO - Filling up the DagBag from /home/airflow/.local/lib/python3.12/site-packages/airflow/example_dags/example_python_operator.py
[2024-11-11T03:24:09.178+0000] {processor.py:925} INFO - DAG(s) 'example_python_operator' retrieved from /home/airflow/.local/lib/python3.12/site-packages/airflow/example_dags/example_python_operator.py
[2024-11-11T03:24:09.191+0000] {logging_mixin.py:190} INFO - [2024-11-11T03:24:09.191+0000] {dag.py:3239} INFO - Sync 1 DAGs
[2024-11-11T03:24:09.199+0000] {logging_mixin.py:190} INFO - [2024-11-11T03:24:09.199+0000] {dag.py:4180} INFO - Setting next_dagrun for example_python_operator to None, run_after=None
[2024-11-11T03:24:09.210+0000] {processor.py:208} INFO - Processing /home/airflow/.local/lib/python3.12/site-packages/airflow/example_dags/example_python_operator.py took 0.045 seconds
[2024-11-11T03:24:39.827+0000] {processor.py:186} INFO - Started process (PID=6039) to work on /home/airflow/.local/lib/python3.12/site-packages/airflow/example_dags/example_python_operator.py
[2024-11-11T03:24:39.836+0000] {processor.py:914} INFO - Processing file /home/airflow/.local/lib/python3.12/site-packages/airflow/example_dags/example_python_operator.py for tasks to queue
[2024-11-11T03:24:39.838+0000] {logging_mixin.py:190} INFO - [2024-11-11T03:24:39.838+0000] {dagbag.py:588} INFO - Filling up the DagBag from /home/airflow/.local/lib/python3.12/site-packages/airflow/example_dags/example_python_operator.py
[2024-11-11T03:24:39.848+0000] {processor.py:925} INFO - DAG(s) 'example_python_operator' retrieved from /home/airflow/.local/lib/python3.12/site-packages/airflow/example_dags/example_python_operator.py
[2024-11-11T03:24:39.861+0000] {logging_mixin.py:190} INFO - [2024-11-11T03:24:39.861+0000] {dag.py:3239} INFO - Sync 1 DAGs
[2024-11-11T03:24:39.868+0000] {logging_mixin.py:190} INFO - [2024-11-11T03:24:39.868+0000] {dag.py:4180} INFO - Setting next_dagrun for example_python_operator to None, run_after=None
[2024-11-11T03:24:39.878+0000] {processor.py:208} INFO - Processing /home/airflow/.local/lib/python3.12/site-packages/airflow/example_dags/example_python_operator.py took 0.055 seconds
[2024-11-11T03:25:10.611+0000] {processor.py:186} INFO - Started process (PID=6102) to work on /home/airflow/.local/lib/python3.12/site-packages/airflow/example_dags/example_python_operator.py
[2024-11-11T03:25:10.611+0000] {processor.py:914} INFO - Processing file /home/airflow/.local/lib/python3.12/site-packages/airflow/example_dags/example_python_operator.py for tasks to queue
[2024-11-11T03:25:10.613+0000] {logging_mixin.py:190} INFO - [2024-11-11T03:25:10.613+0000] {dagbag.py:588} INFO - Filling up the DagBag from /home/airflow/.local/lib/python3.12/site-packages/airflow/example_dags/example_python_operator.py
[2024-11-11T03:25:10.620+0000] {processor.py:925} INFO - DAG(s) 'example_python_operator' retrieved from /home/airflow/.local/lib/python3.12/site-packages/airflow/example_dags/example_python_operator.py
[2024-11-11T03:25:10.631+0000] {logging_mixin.py:190} INFO - [2024-11-11T03:25:10.631+0000] {dag.py:3239} INFO - Sync 1 DAGs
[2024-11-11T03:25:10.639+0000] {logging_mixin.py:190} INFO - [2024-11-11T03:25:10.639+0000] {dag.py:4180} INFO - Setting next_dagrun for example_python_operator to None, run_after=None
[2024-11-11T03:25:10.647+0000] {processor.py:208} INFO - Processing /home/airflow/.local/lib/python3.12/site-packages/airflow/example_dags/example_python_operator.py took 0.040 seconds
[2024-11-11T03:25:41.548+0000] {processor.py:186} INFO - Started process (PID=6165) to work on /home/airflow/.local/lib/python3.12/site-packages/airflow/example_dags/example_python_operator.py
[2024-11-11T03:25:41.549+0000] {processor.py:914} INFO - Processing file /home/airflow/.local/lib/python3.12/site-packages/airflow/example_dags/example_python_operator.py for tasks to queue
[2024-11-11T03:25:41.550+0000] {logging_mixin.py:190} INFO - [2024-11-11T03:25:41.550+0000] {dagbag.py:588} INFO - Filling up the DagBag from /home/airflow/.local/lib/python3.12/site-packages/airflow/example_dags/example_python_operator.py
[2024-11-11T03:25:41.558+0000] {processor.py:925} INFO - DAG(s) 'example_python_operator' retrieved from /home/airflow/.local/lib/python3.12/site-packages/airflow/example_dags/example_python_operator.py
[2024-11-11T03:25:41.569+0000] {logging_mixin.py:190} INFO - [2024-11-11T03:25:41.569+0000] {dag.py:3239} INFO - Sync 1 DAGs
[2024-11-11T03:25:41.576+0000] {logging_mixin.py:190} INFO - [2024-11-11T03:25:41.576+0000] {dag.py:4180} INFO - Setting next_dagrun for example_python_operator to None, run_after=None
[2024-11-11T03:25:41.585+0000] {processor.py:208} INFO - Processing /home/airflow/.local/lib/python3.12/site-packages/airflow/example_dags/example_python_operator.py took 0.040 seconds
[2024-11-11T03:26:12.451+0000] {processor.py:186} INFO - Started process (PID=6228) to work on /home/airflow/.local/lib/python3.12/site-packages/airflow/example_dags/example_python_operator.py
[2024-11-11T03:26:12.452+0000] {processor.py:914} INFO - Processing file /home/airflow/.local/lib/python3.12/site-packages/airflow/example_dags/example_python_operator.py for tasks to queue
[2024-11-11T03:26:12.453+0000] {logging_mixin.py:190} INFO - [2024-11-11T03:26:12.453+0000] {dagbag.py:588} INFO - Filling up the DagBag from /home/airflow/.local/lib/python3.12/site-packages/airflow/example_dags/example_python_operator.py
[2024-11-11T03:26:12.460+0000] {processor.py:925} INFO - DAG(s) 'example_python_operator' retrieved from /home/airflow/.local/lib/python3.12/site-packages/airflow/example_dags/example_python_operator.py
[2024-11-11T03:26:12.472+0000] {logging_mixin.py:190} INFO - [2024-11-11T03:26:12.472+0000] {dag.py:3239} INFO - Sync 1 DAGs
[2024-11-11T03:26:12.479+0000] {logging_mixin.py:190} INFO - [2024-11-11T03:26:12.479+0000] {dag.py:4180} INFO - Setting next_dagrun for example_python_operator to None, run_after=None
[2024-11-11T03:26:12.487+0000] {processor.py:208} INFO - Processing /home/airflow/.local/lib/python3.12/site-packages/airflow/example_dags/example_python_operator.py took 0.040 seconds
[2024-11-11T03:26:43.078+0000] {processor.py:186} INFO - Started process (PID=6291) to work on /home/airflow/.local/lib/python3.12/site-packages/airflow/example_dags/example_python_operator.py
[2024-11-11T03:26:43.079+0000] {processor.py:914} INFO - Processing file /home/airflow/.local/lib/python3.12/site-packages/airflow/example_dags/example_python_operator.py for tasks to queue
[2024-11-11T03:26:43.080+0000] {logging_mixin.py:190} INFO - [2024-11-11T03:26:43.080+0000] {dagbag.py:588} INFO - Filling up the DagBag from /home/airflow/.local/lib/python3.12/site-packages/airflow/example_dags/example_python_operator.py
[2024-11-11T03:26:43.088+0000] {processor.py:925} INFO - DAG(s) 'example_python_operator' retrieved from /home/airflow/.local/lib/python3.12/site-packages/airflow/example_dags/example_python_operator.py
[2024-11-11T03:26:43.099+0000] {logging_mixin.py:190} INFO - [2024-11-11T03:26:43.099+0000] {dag.py:3239} INFO - Sync 1 DAGs
[2024-11-11T03:26:43.106+0000] {logging_mixin.py:190} INFO - [2024-11-11T03:26:43.106+0000] {dag.py:4180} INFO - Setting next_dagrun for example_python_operator to None, run_after=None
[2024-11-11T03:26:43.135+0000] {processor.py:208} INFO - Processing /home/airflow/.local/lib/python3.12/site-packages/airflow/example_dags/example_python_operator.py took 0.060 seconds
[2024-11-11T03:27:13.960+0000] {processor.py:186} INFO - Started process (PID=6354) to work on /home/airflow/.local/lib/python3.12/site-packages/airflow/example_dags/example_python_operator.py
[2024-11-11T03:27:13.961+0000] {processor.py:914} INFO - Processing file /home/airflow/.local/lib/python3.12/site-packages/airflow/example_dags/example_python_operator.py for tasks to queue
[2024-11-11T03:27:13.963+0000] {logging_mixin.py:190} INFO - [2024-11-11T03:27:13.962+0000] {dagbag.py:588} INFO - Filling up the DagBag from /home/airflow/.local/lib/python3.12/site-packages/airflow/example_dags/example_python_operator.py
[2024-11-11T03:27:13.970+0000] {processor.py:925} INFO - DAG(s) 'example_python_operator' retrieved from /home/airflow/.local/lib/python3.12/site-packages/airflow/example_dags/example_python_operator.py
[2024-11-11T03:27:13.982+0000] {logging_mixin.py:190} INFO - [2024-11-11T03:27:13.981+0000] {dag.py:3239} INFO - Sync 1 DAGs
[2024-11-11T03:27:13.989+0000] {logging_mixin.py:190} INFO - [2024-11-11T03:27:13.989+0000] {dag.py:4180} INFO - Setting next_dagrun for example_python_operator to None, run_after=None
[2024-11-11T03:27:13.998+0000] {processor.py:208} INFO - Processing /home/airflow/.local/lib/python3.12/site-packages/airflow/example_dags/example_python_operator.py took 0.041 seconds
[2024-11-11T03:27:44.764+0000] {processor.py:186} INFO - Started process (PID=6417) to work on /home/airflow/.local/lib/python3.12/site-packages/airflow/example_dags/example_python_operator.py
[2024-11-11T03:27:44.764+0000] {processor.py:914} INFO - Processing file /home/airflow/.local/lib/python3.12/site-packages/airflow/example_dags/example_python_operator.py for tasks to queue
[2024-11-11T03:27:44.766+0000] {logging_mixin.py:190} INFO - [2024-11-11T03:27:44.766+0000] {dagbag.py:588} INFO - Filling up the DagBag from /home/airflow/.local/lib/python3.12/site-packages/airflow/example_dags/example_python_operator.py
[2024-11-11T03:27:44.774+0000] {processor.py:925} INFO - DAG(s) 'example_python_operator' retrieved from /home/airflow/.local/lib/python3.12/site-packages/airflow/example_dags/example_python_operator.py
[2024-11-11T03:27:44.787+0000] {logging_mixin.py:190} INFO - [2024-11-11T03:27:44.786+0000] {dag.py:3239} INFO - Sync 1 DAGs
[2024-11-11T03:27:44.794+0000] {logging_mixin.py:190} INFO - [2024-11-11T03:27:44.794+0000] {dag.py:4180} INFO - Setting next_dagrun for example_python_operator to None, run_after=None
[2024-11-11T03:27:44.803+0000] {processor.py:208} INFO - Processing /home/airflow/.local/lib/python3.12/site-packages/airflow/example_dags/example_python_operator.py took 0.043 seconds
[2024-11-11T03:28:15.545+0000] {processor.py:186} INFO - Started process (PID=6480) to work on /home/airflow/.local/lib/python3.12/site-packages/airflow/example_dags/example_python_operator.py
[2024-11-11T03:28:15.545+0000] {processor.py:914} INFO - Processing file /home/airflow/.local/lib/python3.12/site-packages/airflow/example_dags/example_python_operator.py for tasks to queue
[2024-11-11T03:28:15.547+0000] {logging_mixin.py:190} INFO - [2024-11-11T03:28:15.547+0000] {dagbag.py:588} INFO - Filling up the DagBag from /home/airflow/.local/lib/python3.12/site-packages/airflow/example_dags/example_python_operator.py
[2024-11-11T03:28:15.554+0000] {processor.py:925} INFO - DAG(s) 'example_python_operator' retrieved from /home/airflow/.local/lib/python3.12/site-packages/airflow/example_dags/example_python_operator.py
[2024-11-11T03:28:15.567+0000] {logging_mixin.py:190} INFO - [2024-11-11T03:28:15.567+0000] {dag.py:3239} INFO - Sync 1 DAGs
[2024-11-11T03:28:15.575+0000] {logging_mixin.py:190} INFO - [2024-11-11T03:28:15.574+0000] {dag.py:4180} INFO - Setting next_dagrun for example_python_operator to None, run_after=None
[2024-11-11T03:28:15.583+0000] {processor.py:208} INFO - Processing /home/airflow/.local/lib/python3.12/site-packages/airflow/example_dags/example_python_operator.py took 0.042 seconds
[2024-11-11T03:28:46.365+0000] {processor.py:186} INFO - Started process (PID=6543) to work on /home/airflow/.local/lib/python3.12/site-packages/airflow/example_dags/example_python_operator.py
[2024-11-11T03:28:46.366+0000] {processor.py:914} INFO - Processing file /home/airflow/.local/lib/python3.12/site-packages/airflow/example_dags/example_python_operator.py for tasks to queue
[2024-11-11T03:28:46.367+0000] {logging_mixin.py:190} INFO - [2024-11-11T03:28:46.367+0000] {dagbag.py:588} INFO - Filling up the DagBag from /home/airflow/.local/lib/python3.12/site-packages/airflow/example_dags/example_python_operator.py
[2024-11-11T03:28:46.374+0000] {processor.py:925} INFO - DAG(s) 'example_python_operator' retrieved from /home/airflow/.local/lib/python3.12/site-packages/airflow/example_dags/example_python_operator.py
[2024-11-11T03:28:46.386+0000] {logging_mixin.py:190} INFO - [2024-11-11T03:28:46.385+0000] {dag.py:3239} INFO - Sync 1 DAGs
[2024-11-11T03:28:46.393+0000] {logging_mixin.py:190} INFO - [2024-11-11T03:28:46.393+0000] {dag.py:4180} INFO - Setting next_dagrun for example_python_operator to None, run_after=None
[2024-11-11T03:28:46.401+0000] {processor.py:208} INFO - Processing /home/airflow/.local/lib/python3.12/site-packages/airflow/example_dags/example_python_operator.py took 0.039 seconds
[2024-11-11T03:29:17.002+0000] {processor.py:186} INFO - Started process (PID=6606) to work on /home/airflow/.local/lib/python3.12/site-packages/airflow/example_dags/example_python_operator.py
[2024-11-11T03:29:17.002+0000] {processor.py:914} INFO - Processing file /home/airflow/.local/lib/python3.12/site-packages/airflow/example_dags/example_python_operator.py for tasks to queue
[2024-11-11T03:29:17.004+0000] {logging_mixin.py:190} INFO - [2024-11-11T03:29:17.003+0000] {dagbag.py:588} INFO - Filling up the DagBag from /home/airflow/.local/lib/python3.12/site-packages/airflow/example_dags/example_python_operator.py
[2024-11-11T03:29:17.011+0000] {processor.py:925} INFO - DAG(s) 'example_python_operator' retrieved from /home/airflow/.local/lib/python3.12/site-packages/airflow/example_dags/example_python_operator.py
[2024-11-11T03:29:17.024+0000] {logging_mixin.py:190} INFO - [2024-11-11T03:29:17.023+0000] {dag.py:3239} INFO - Sync 1 DAGs
[2024-11-11T03:29:17.032+0000] {logging_mixin.py:190} INFO - [2024-11-11T03:29:17.032+0000] {dag.py:4180} INFO - Setting next_dagrun for example_python_operator to None, run_after=None
[2024-11-11T03:29:17.042+0000] {processor.py:208} INFO - Processing /home/airflow/.local/lib/python3.12/site-packages/airflow/example_dags/example_python_operator.py took 0.044 seconds
[2024-11-11T03:29:47.973+0000] {processor.py:186} INFO - Started process (PID=6668) to work on /home/airflow/.local/lib/python3.12/site-packages/airflow/example_dags/example_python_operator.py
[2024-11-11T03:29:47.974+0000] {processor.py:914} INFO - Processing file /home/airflow/.local/lib/python3.12/site-packages/airflow/example_dags/example_python_operator.py for tasks to queue
[2024-11-11T03:29:47.976+0000] {logging_mixin.py:190} INFO - [2024-11-11T03:29:47.976+0000] {dagbag.py:588} INFO - Filling up the DagBag from /home/airflow/.local/lib/python3.12/site-packages/airflow/example_dags/example_python_operator.py
[2024-11-11T03:29:47.985+0000] {processor.py:925} INFO - DAG(s) 'example_python_operator' retrieved from /home/airflow/.local/lib/python3.12/site-packages/airflow/example_dags/example_python_operator.py
[2024-11-11T03:29:47.999+0000] {logging_mixin.py:190} INFO - [2024-11-11T03:29:47.999+0000] {dag.py:3239} INFO - Sync 1 DAGs
[2024-11-11T03:29:48.009+0000] {logging_mixin.py:190} INFO - [2024-11-11T03:29:48.008+0000] {dag.py:4180} INFO - Setting next_dagrun for example_python_operator to None, run_after=None
[2024-11-11T03:29:48.019+0000] {processor.py:208} INFO - Processing /home/airflow/.local/lib/python3.12/site-packages/airflow/example_dags/example_python_operator.py took 0.050 seconds
[2024-11-11T03:30:19.020+0000] {processor.py:186} INFO - Started process (PID=6731) to work on /home/airflow/.local/lib/python3.12/site-packages/airflow/example_dags/example_python_operator.py
[2024-11-11T03:30:19.020+0000] {processor.py:914} INFO - Processing file /home/airflow/.local/lib/python3.12/site-packages/airflow/example_dags/example_python_operator.py for tasks to queue
[2024-11-11T03:30:19.022+0000] {logging_mixin.py:190} INFO - [2024-11-11T03:30:19.022+0000] {dagbag.py:588} INFO - Filling up the DagBag from /home/airflow/.local/lib/python3.12/site-packages/airflow/example_dags/example_python_operator.py
[2024-11-11T03:30:19.030+0000] {processor.py:925} INFO - DAG(s) 'example_python_operator' retrieved from /home/airflow/.local/lib/python3.12/site-packages/airflow/example_dags/example_python_operator.py
[2024-11-11T03:30:19.043+0000] {logging_mixin.py:190} INFO - [2024-11-11T03:30:19.042+0000] {dag.py:3239} INFO - Sync 1 DAGs
[2024-11-11T03:30:19.050+0000] {logging_mixin.py:190} INFO - [2024-11-11T03:30:19.050+0000] {dag.py:4180} INFO - Setting next_dagrun for example_python_operator to None, run_after=None
[2024-11-11T03:30:19.061+0000] {processor.py:208} INFO - Processing /home/airflow/.local/lib/python3.12/site-packages/airflow/example_dags/example_python_operator.py took 0.044 seconds
[2024-11-11T03:30:50.082+0000] {processor.py:186} INFO - Started process (PID=6794) to work on /home/airflow/.local/lib/python3.12/site-packages/airflow/example_dags/example_python_operator.py
[2024-11-11T03:30:50.083+0000] {processor.py:914} INFO - Processing file /home/airflow/.local/lib/python3.12/site-packages/airflow/example_dags/example_python_operator.py for tasks to queue
[2024-11-11T03:30:50.084+0000] {logging_mixin.py:190} INFO - [2024-11-11T03:30:50.084+0000] {dagbag.py:588} INFO - Filling up the DagBag from /home/airflow/.local/lib/python3.12/site-packages/airflow/example_dags/example_python_operator.py
[2024-11-11T03:30:50.093+0000] {processor.py:925} INFO - DAG(s) 'example_python_operator' retrieved from /home/airflow/.local/lib/python3.12/site-packages/airflow/example_dags/example_python_operator.py
[2024-11-11T03:30:50.107+0000] {logging_mixin.py:190} INFO - [2024-11-11T03:30:50.107+0000] {dag.py:3239} INFO - Sync 1 DAGs
[2024-11-11T03:30:50.116+0000] {logging_mixin.py:190} INFO - [2024-11-11T03:30:50.116+0000] {dag.py:4180} INFO - Setting next_dagrun for example_python_operator to None, run_after=None
[2024-11-11T03:30:50.128+0000] {processor.py:208} INFO - Processing /home/airflow/.local/lib/python3.12/site-packages/airflow/example_dags/example_python_operator.py took 0.049 seconds
[2024-11-11T03:31:20.986+0000] {processor.py:186} INFO - Started process (PID=6857) to work on /home/airflow/.local/lib/python3.12/site-packages/airflow/example_dags/example_python_operator.py
[2024-11-11T03:31:20.987+0000] {processor.py:914} INFO - Processing file /home/airflow/.local/lib/python3.12/site-packages/airflow/example_dags/example_python_operator.py for tasks to queue
[2024-11-11T03:31:20.988+0000] {logging_mixin.py:190} INFO - [2024-11-11T03:31:20.988+0000] {dagbag.py:588} INFO - Filling up the DagBag from /home/airflow/.local/lib/python3.12/site-packages/airflow/example_dags/example_python_operator.py
[2024-11-11T03:31:20.996+0000] {processor.py:925} INFO - DAG(s) 'example_python_operator' retrieved from /home/airflow/.local/lib/python3.12/site-packages/airflow/example_dags/example_python_operator.py
[2024-11-11T03:31:21.008+0000] {logging_mixin.py:190} INFO - [2024-11-11T03:31:21.008+0000] {dag.py:3239} INFO - Sync 1 DAGs
[2024-11-11T03:31:21.016+0000] {logging_mixin.py:190} INFO - [2024-11-11T03:31:21.016+0000] {dag.py:4180} INFO - Setting next_dagrun for example_python_operator to None, run_after=None
[2024-11-11T03:31:21.027+0000] {processor.py:208} INFO - Processing /home/airflow/.local/lib/python3.12/site-packages/airflow/example_dags/example_python_operator.py took 0.044 seconds
[2024-11-11T03:31:51.933+0000] {processor.py:186} INFO - Started process (PID=6920) to work on /home/airflow/.local/lib/python3.12/site-packages/airflow/example_dags/example_python_operator.py
[2024-11-11T03:31:51.933+0000] {processor.py:914} INFO - Processing file /home/airflow/.local/lib/python3.12/site-packages/airflow/example_dags/example_python_operator.py for tasks to queue
[2024-11-11T03:31:51.935+0000] {logging_mixin.py:190} INFO - [2024-11-11T03:31:51.935+0000] {dagbag.py:588} INFO - Filling up the DagBag from /home/airflow/.local/lib/python3.12/site-packages/airflow/example_dags/example_python_operator.py
[2024-11-11T03:31:51.943+0000] {processor.py:925} INFO - DAG(s) 'example_python_operator' retrieved from /home/airflow/.local/lib/python3.12/site-packages/airflow/example_dags/example_python_operator.py
[2024-11-11T03:31:51.955+0000] {logging_mixin.py:190} INFO - [2024-11-11T03:31:51.955+0000] {dag.py:3239} INFO - Sync 1 DAGs
[2024-11-11T03:31:51.963+0000] {logging_mixin.py:190} INFO - [2024-11-11T03:31:51.963+0000] {dag.py:4180} INFO - Setting next_dagrun for example_python_operator to None, run_after=None
[2024-11-11T03:31:51.972+0000] {processor.py:208} INFO - Processing /home/airflow/.local/lib/python3.12/site-packages/airflow/example_dags/example_python_operator.py took 0.043 seconds
[2024-11-11T03:32:23.384+0000] {processor.py:186} INFO - Started process (PID=6983) to work on /home/airflow/.local/lib/python3.12/site-packages/airflow/example_dags/example_python_operator.py
[2024-11-11T03:32:23.385+0000] {processor.py:914} INFO - Processing file /home/airflow/.local/lib/python3.12/site-packages/airflow/example_dags/example_python_operator.py for tasks to queue
[2024-11-11T03:32:23.386+0000] {logging_mixin.py:190} INFO - [2024-11-11T03:32:23.386+0000] {dagbag.py:588} INFO - Filling up the DagBag from /home/airflow/.local/lib/python3.12/site-packages/airflow/example_dags/example_python_operator.py
[2024-11-11T03:32:23.394+0000] {processor.py:925} INFO - DAG(s) 'example_python_operator' retrieved from /home/airflow/.local/lib/python3.12/site-packages/airflow/example_dags/example_python_operator.py
[2024-11-11T03:32:23.406+0000] {logging_mixin.py:190} INFO - [2024-11-11T03:32:23.406+0000] {dag.py:3239} INFO - Sync 1 DAGs
[2024-11-11T03:32:23.413+0000] {logging_mixin.py:190} INFO - [2024-11-11T03:32:23.413+0000] {dag.py:4180} INFO - Setting next_dagrun for example_python_operator to None, run_after=None
[2024-11-11T03:32:23.422+0000] {processor.py:208} INFO - Processing /home/airflow/.local/lib/python3.12/site-packages/airflow/example_dags/example_python_operator.py took 0.041 seconds
[2024-11-11T03:32:54.435+0000] {processor.py:186} INFO - Started process (PID=7047) to work on /home/airflow/.local/lib/python3.12/site-packages/airflow/example_dags/example_python_operator.py
[2024-11-11T03:32:54.436+0000] {processor.py:914} INFO - Processing file /home/airflow/.local/lib/python3.12/site-packages/airflow/example_dags/example_python_operator.py for tasks to queue
[2024-11-11T03:32:54.437+0000] {logging_mixin.py:190} INFO - [2024-11-11T03:32:54.437+0000] {dagbag.py:588} INFO - Filling up the DagBag from /home/airflow/.local/lib/python3.12/site-packages/airflow/example_dags/example_python_operator.py
[2024-11-11T03:32:54.445+0000] {processor.py:925} INFO - DAG(s) 'example_python_operator' retrieved from /home/airflow/.local/lib/python3.12/site-packages/airflow/example_dags/example_python_operator.py
[2024-11-11T03:32:54.458+0000] {logging_mixin.py:190} INFO - [2024-11-11T03:32:54.458+0000] {dag.py:3239} INFO - Sync 1 DAGs
[2024-11-11T03:32:54.466+0000] {logging_mixin.py:190} INFO - [2024-11-11T03:32:54.466+0000] {dag.py:4180} INFO - Setting next_dagrun for example_python_operator to None, run_after=None
[2024-11-11T03:32:54.477+0000] {processor.py:208} INFO - Processing /home/airflow/.local/lib/python3.12/site-packages/airflow/example_dags/example_python_operator.py took 0.045 seconds
[2024-11-11T03:33:25.264+0000] {processor.py:186} INFO - Started process (PID=7110) to work on /home/airflow/.local/lib/python3.12/site-packages/airflow/example_dags/example_python_operator.py
[2024-11-11T03:33:25.264+0000] {processor.py:914} INFO - Processing file /home/airflow/.local/lib/python3.12/site-packages/airflow/example_dags/example_python_operator.py for tasks to queue
[2024-11-11T03:33:25.266+0000] {logging_mixin.py:190} INFO - [2024-11-11T03:33:25.265+0000] {dagbag.py:588} INFO - Filling up the DagBag from /home/airflow/.local/lib/python3.12/site-packages/airflow/example_dags/example_python_operator.py
[2024-11-11T03:33:25.273+0000] {processor.py:925} INFO - DAG(s) 'example_python_operator' retrieved from /home/airflow/.local/lib/python3.12/site-packages/airflow/example_dags/example_python_operator.py
[2024-11-11T03:33:25.284+0000] {logging_mixin.py:190} INFO - [2024-11-11T03:33:25.284+0000] {dag.py:3239} INFO - Sync 1 DAGs
[2024-11-11T03:33:25.292+0000] {logging_mixin.py:190} INFO - [2024-11-11T03:33:25.292+0000] {dag.py:4180} INFO - Setting next_dagrun for example_python_operator to None, run_after=None
[2024-11-11T03:33:25.300+0000] {processor.py:208} INFO - Processing /home/airflow/.local/lib/python3.12/site-packages/airflow/example_dags/example_python_operator.py took 0.040 seconds
[2024-11-11T03:33:55.902+0000] {processor.py:186} INFO - Started process (PID=7173) to work on /home/airflow/.local/lib/python3.12/site-packages/airflow/example_dags/example_python_operator.py
[2024-11-11T03:33:55.903+0000] {processor.py:914} INFO - Processing file /home/airflow/.local/lib/python3.12/site-packages/airflow/example_dags/example_python_operator.py for tasks to queue
[2024-11-11T03:33:55.904+0000] {logging_mixin.py:190} INFO - [2024-11-11T03:33:55.904+0000] {dagbag.py:588} INFO - Filling up the DagBag from /home/airflow/.local/lib/python3.12/site-packages/airflow/example_dags/example_python_operator.py
[2024-11-11T03:33:55.912+0000] {processor.py:925} INFO - DAG(s) 'example_python_operator' retrieved from /home/airflow/.local/lib/python3.12/site-packages/airflow/example_dags/example_python_operator.py
[2024-11-11T03:33:55.924+0000] {logging_mixin.py:190} INFO - [2024-11-11T03:33:55.924+0000] {dag.py:3239} INFO - Sync 1 DAGs
[2024-11-11T03:33:55.932+0000] {logging_mixin.py:190} INFO - [2024-11-11T03:33:55.932+0000] {dag.py:4180} INFO - Setting next_dagrun for example_python_operator to None, run_after=None
[2024-11-11T03:33:55.941+0000] {processor.py:208} INFO - Processing /home/airflow/.local/lib/python3.12/site-packages/airflow/example_dags/example_python_operator.py took 0.043 seconds
[2024-11-11T03:34:26.689+0000] {processor.py:186} INFO - Started process (PID=7235) to work on /home/airflow/.local/lib/python3.12/site-packages/airflow/example_dags/example_python_operator.py
[2024-11-11T03:34:26.690+0000] {processor.py:914} INFO - Processing file /home/airflow/.local/lib/python3.12/site-packages/airflow/example_dags/example_python_operator.py for tasks to queue
[2024-11-11T03:34:26.691+0000] {logging_mixin.py:190} INFO - [2024-11-11T03:34:26.691+0000] {dagbag.py:588} INFO - Filling up the DagBag from /home/airflow/.local/lib/python3.12/site-packages/airflow/example_dags/example_python_operator.py
[2024-11-11T03:34:26.698+0000] {processor.py:925} INFO - DAG(s) 'example_python_operator' retrieved from /home/airflow/.local/lib/python3.12/site-packages/airflow/example_dags/example_python_operator.py
[2024-11-11T03:34:26.710+0000] {logging_mixin.py:190} INFO - [2024-11-11T03:34:26.710+0000] {dag.py:3239} INFO - Sync 1 DAGs
[2024-11-11T03:34:26.718+0000] {logging_mixin.py:190} INFO - [2024-11-11T03:34:26.718+0000] {dag.py:4180} INFO - Setting next_dagrun for example_python_operator to None, run_after=None
[2024-11-11T03:34:26.726+0000] {processor.py:208} INFO - Processing /home/airflow/.local/lib/python3.12/site-packages/airflow/example_dags/example_python_operator.py took 0.040 seconds
[2024-11-11T03:34:57.525+0000] {processor.py:186} INFO - Started process (PID=7298) to work on /home/airflow/.local/lib/python3.12/site-packages/airflow/example_dags/example_python_operator.py
[2024-11-11T03:34:57.526+0000] {processor.py:914} INFO - Processing file /home/airflow/.local/lib/python3.12/site-packages/airflow/example_dags/example_python_operator.py for tasks to queue
[2024-11-11T03:34:57.527+0000] {logging_mixin.py:190} INFO - [2024-11-11T03:34:57.527+0000] {dagbag.py:588} INFO - Filling up the DagBag from /home/airflow/.local/lib/python3.12/site-packages/airflow/example_dags/example_python_operator.py
[2024-11-11T03:34:57.535+0000] {processor.py:925} INFO - DAG(s) 'example_python_operator' retrieved from /home/airflow/.local/lib/python3.12/site-packages/airflow/example_dags/example_python_operator.py
[2024-11-11T03:34:57.546+0000] {logging_mixin.py:190} INFO - [2024-11-11T03:34:57.546+0000] {dag.py:3239} INFO - Sync 1 DAGs
[2024-11-11T03:34:57.553+0000] {logging_mixin.py:190} INFO - [2024-11-11T03:34:57.553+0000] {dag.py:4180} INFO - Setting next_dagrun for example_python_operator to None, run_after=None
[2024-11-11T03:34:57.561+0000] {processor.py:208} INFO - Processing /home/airflow/.local/lib/python3.12/site-packages/airflow/example_dags/example_python_operator.py took 0.040 seconds
[2024-11-11T03:35:28.208+0000] {processor.py:186} INFO - Started process (PID=7361) to work on /home/airflow/.local/lib/python3.12/site-packages/airflow/example_dags/example_python_operator.py
[2024-11-11T03:35:28.209+0000] {processor.py:914} INFO - Processing file /home/airflow/.local/lib/python3.12/site-packages/airflow/example_dags/example_python_operator.py for tasks to queue
[2024-11-11T03:35:28.210+0000] {logging_mixin.py:190} INFO - [2024-11-11T03:35:28.210+0000] {dagbag.py:588} INFO - Filling up the DagBag from /home/airflow/.local/lib/python3.12/site-packages/airflow/example_dags/example_python_operator.py
[2024-11-11T03:35:28.217+0000] {processor.py:925} INFO - DAG(s) 'example_python_operator' retrieved from /home/airflow/.local/lib/python3.12/site-packages/airflow/example_dags/example_python_operator.py
[2024-11-11T03:35:28.229+0000] {logging_mixin.py:190} INFO - [2024-11-11T03:35:28.228+0000] {dag.py:3239} INFO - Sync 1 DAGs
[2024-11-11T03:35:28.236+0000] {logging_mixin.py:190} INFO - [2024-11-11T03:35:28.236+0000] {dag.py:4180} INFO - Setting next_dagrun for example_python_operator to None, run_after=None
[2024-11-11T03:35:28.244+0000] {processor.py:208} INFO - Processing /home/airflow/.local/lib/python3.12/site-packages/airflow/example_dags/example_python_operator.py took 0.040 seconds
[2024-11-11T03:35:58.947+0000] {processor.py:186} INFO - Started process (PID=7423) to work on /home/airflow/.local/lib/python3.12/site-packages/airflow/example_dags/example_python_operator.py
[2024-11-11T03:35:58.947+0000] {processor.py:914} INFO - Processing file /home/airflow/.local/lib/python3.12/site-packages/airflow/example_dags/example_python_operator.py for tasks to queue
[2024-11-11T03:35:58.949+0000] {logging_mixin.py:190} INFO - [2024-11-11T03:35:58.949+0000] {dagbag.py:588} INFO - Filling up the DagBag from /home/airflow/.local/lib/python3.12/site-packages/airflow/example_dags/example_python_operator.py
[2024-11-11T03:35:58.956+0000] {processor.py:925} INFO - DAG(s) 'example_python_operator' retrieved from /home/airflow/.local/lib/python3.12/site-packages/airflow/example_dags/example_python_operator.py
[2024-11-11T03:35:58.968+0000] {logging_mixin.py:190} INFO - [2024-11-11T03:35:58.967+0000] {dag.py:3239} INFO - Sync 1 DAGs
[2024-11-11T03:35:58.975+0000] {logging_mixin.py:190} INFO - [2024-11-11T03:35:58.974+0000] {dag.py:4180} INFO - Setting next_dagrun for example_python_operator to None, run_after=None
[2024-11-11T03:35:58.983+0000] {processor.py:208} INFO - Processing /home/airflow/.local/lib/python3.12/site-packages/airflow/example_dags/example_python_operator.py took 0.040 seconds
[2024-11-11T03:36:29.538+0000] {processor.py:186} INFO - Started process (PID=7486) to work on /home/airflow/.local/lib/python3.12/site-packages/airflow/example_dags/example_python_operator.py
[2024-11-11T03:36:29.539+0000] {processor.py:914} INFO - Processing file /home/airflow/.local/lib/python3.12/site-packages/airflow/example_dags/example_python_operator.py for tasks to queue
[2024-11-11T03:36:29.540+0000] {logging_mixin.py:190} INFO - [2024-11-11T03:36:29.540+0000] {dagbag.py:588} INFO - Filling up the DagBag from /home/airflow/.local/lib/python3.12/site-packages/airflow/example_dags/example_python_operator.py
[2024-11-11T03:36:29.548+0000] {processor.py:925} INFO - DAG(s) 'example_python_operator' retrieved from /home/airflow/.local/lib/python3.12/site-packages/airflow/example_dags/example_python_operator.py
[2024-11-11T03:36:29.561+0000] {logging_mixin.py:190} INFO - [2024-11-11T03:36:29.560+0000] {dag.py:3239} INFO - Sync 1 DAGs
[2024-11-11T03:36:29.568+0000] {logging_mixin.py:190} INFO - [2024-11-11T03:36:29.568+0000] {dag.py:4180} INFO - Setting next_dagrun for example_python_operator to None, run_after=None
[2024-11-11T03:36:29.577+0000] {processor.py:208} INFO - Processing /home/airflow/.local/lib/python3.12/site-packages/airflow/example_dags/example_python_operator.py took 0.042 seconds
[2024-11-11T03:37:00.363+0000] {processor.py:186} INFO - Started process (PID=7549) to work on /home/airflow/.local/lib/python3.12/site-packages/airflow/example_dags/example_python_operator.py
[2024-11-11T03:37:00.364+0000] {processor.py:914} INFO - Processing file /home/airflow/.local/lib/python3.12/site-packages/airflow/example_dags/example_python_operator.py for tasks to queue
[2024-11-11T03:37:00.365+0000] {logging_mixin.py:190} INFO - [2024-11-11T03:37:00.365+0000] {dagbag.py:588} INFO - Filling up the DagBag from /home/airflow/.local/lib/python3.12/site-packages/airflow/example_dags/example_python_operator.py
[2024-11-11T03:37:00.373+0000] {processor.py:925} INFO - DAG(s) 'example_python_operator' retrieved from /home/airflow/.local/lib/python3.12/site-packages/airflow/example_dags/example_python_operator.py
[2024-11-11T03:37:00.387+0000] {logging_mixin.py:190} INFO - [2024-11-11T03:37:00.386+0000] {dag.py:3239} INFO - Sync 1 DAGs
[2024-11-11T03:37:00.395+0000] {logging_mixin.py:190} INFO - [2024-11-11T03:37:00.395+0000] {dag.py:4180} INFO - Setting next_dagrun for example_python_operator to None, run_after=None
[2024-11-11T03:37:00.405+0000] {processor.py:208} INFO - Processing /home/airflow/.local/lib/python3.12/site-packages/airflow/example_dags/example_python_operator.py took 0.045 seconds
[2024-11-11T03:37:30.891+0000] {processor.py:186} INFO - Started process (PID=7612) to work on /home/airflow/.local/lib/python3.12/site-packages/airflow/example_dags/example_python_operator.py
[2024-11-11T03:37:30.892+0000] {processor.py:914} INFO - Processing file /home/airflow/.local/lib/python3.12/site-packages/airflow/example_dags/example_python_operator.py for tasks to queue
[2024-11-11T03:37:30.894+0000] {logging_mixin.py:190} INFO - [2024-11-11T03:37:30.893+0000] {dagbag.py:588} INFO - Filling up the DagBag from /home/airflow/.local/lib/python3.12/site-packages/airflow/example_dags/example_python_operator.py
[2024-11-11T03:37:30.901+0000] {processor.py:925} INFO - DAG(s) 'example_python_operator' retrieved from /home/airflow/.local/lib/python3.12/site-packages/airflow/example_dags/example_python_operator.py
[2024-11-11T03:37:30.912+0000] {logging_mixin.py:190} INFO - [2024-11-11T03:37:30.912+0000] {dag.py:3239} INFO - Sync 1 DAGs
[2024-11-11T03:37:30.919+0000] {logging_mixin.py:190} INFO - [2024-11-11T03:37:30.919+0000] {dag.py:4180} INFO - Setting next_dagrun for example_python_operator to None, run_after=None
[2024-11-11T03:37:30.927+0000] {processor.py:208} INFO - Processing /home/airflow/.local/lib/python3.12/site-packages/airflow/example_dags/example_python_operator.py took 0.039 seconds
[2024-11-11T03:38:01.499+0000] {processor.py:186} INFO - Started process (PID=7679) to work on /home/airflow/.local/lib/python3.12/site-packages/airflow/example_dags/example_python_operator.py
[2024-11-11T03:38:01.500+0000] {processor.py:914} INFO - Processing file /home/airflow/.local/lib/python3.12/site-packages/airflow/example_dags/example_python_operator.py for tasks to queue
[2024-11-11T03:38:01.501+0000] {logging_mixin.py:190} INFO - [2024-11-11T03:38:01.501+0000] {dagbag.py:588} INFO - Filling up the DagBag from /home/airflow/.local/lib/python3.12/site-packages/airflow/example_dags/example_python_operator.py
[2024-11-11T03:38:01.508+0000] {processor.py:925} INFO - DAG(s) 'example_python_operator' retrieved from /home/airflow/.local/lib/python3.12/site-packages/airflow/example_dags/example_python_operator.py
[2024-11-11T03:38:01.520+0000] {logging_mixin.py:190} INFO - [2024-11-11T03:38:01.520+0000] {dag.py:3239} INFO - Sync 1 DAGs
[2024-11-11T03:38:01.528+0000] {logging_mixin.py:190} INFO - [2024-11-11T03:38:01.528+0000] {dag.py:4180} INFO - Setting next_dagrun for example_python_operator to None, run_after=None
[2024-11-11T03:38:01.537+0000] {processor.py:208} INFO - Processing /home/airflow/.local/lib/python3.12/site-packages/airflow/example_dags/example_python_operator.py took 0.041 seconds
[2024-11-11T03:38:32.145+0000] {processor.py:186} INFO - Started process (PID=7742) to work on /home/airflow/.local/lib/python3.12/site-packages/airflow/example_dags/example_python_operator.py
[2024-11-11T03:38:32.146+0000] {processor.py:914} INFO - Processing file /home/airflow/.local/lib/python3.12/site-packages/airflow/example_dags/example_python_operator.py for tasks to queue
[2024-11-11T03:38:32.147+0000] {logging_mixin.py:190} INFO - [2024-11-11T03:38:32.147+0000] {dagbag.py:588} INFO - Filling up the DagBag from /home/airflow/.local/lib/python3.12/site-packages/airflow/example_dags/example_python_operator.py
[2024-11-11T03:38:32.154+0000] {processor.py:925} INFO - DAG(s) 'example_python_operator' retrieved from /home/airflow/.local/lib/python3.12/site-packages/airflow/example_dags/example_python_operator.py
[2024-11-11T03:38:32.165+0000] {logging_mixin.py:190} INFO - [2024-11-11T03:38:32.165+0000] {dag.py:3239} INFO - Sync 1 DAGs
[2024-11-11T03:38:32.172+0000] {logging_mixin.py:190} INFO - [2024-11-11T03:38:32.172+0000] {dag.py:4180} INFO - Setting next_dagrun for example_python_operator to None, run_after=None
[2024-11-11T03:38:32.181+0000] {processor.py:208} INFO - Processing /home/airflow/.local/lib/python3.12/site-packages/airflow/example_dags/example_python_operator.py took 0.039 seconds
[2024-11-11T03:39:02.822+0000] {processor.py:186} INFO - Started process (PID=7805) to work on /home/airflow/.local/lib/python3.12/site-packages/airflow/example_dags/example_python_operator.py
[2024-11-11T03:39:02.823+0000] {processor.py:914} INFO - Processing file /home/airflow/.local/lib/python3.12/site-packages/airflow/example_dags/example_python_operator.py for tasks to queue
[2024-11-11T03:39:02.824+0000] {logging_mixin.py:190} INFO - [2024-11-11T03:39:02.824+0000] {dagbag.py:588} INFO - Filling up the DagBag from /home/airflow/.local/lib/python3.12/site-packages/airflow/example_dags/example_python_operator.py
[2024-11-11T03:39:02.832+0000] {processor.py:925} INFO - DAG(s) 'example_python_operator' retrieved from /home/airflow/.local/lib/python3.12/site-packages/airflow/example_dags/example_python_operator.py
[2024-11-11T03:39:02.844+0000] {logging_mixin.py:190} INFO - [2024-11-11T03:39:02.844+0000] {dag.py:3239} INFO - Sync 1 DAGs
[2024-11-11T03:39:02.852+0000] {logging_mixin.py:190} INFO - [2024-11-11T03:39:02.852+0000] {dag.py:4180} INFO - Setting next_dagrun for example_python_operator to None, run_after=None
[2024-11-11T03:39:02.861+0000] {processor.py:208} INFO - Processing /home/airflow/.local/lib/python3.12/site-packages/airflow/example_dags/example_python_operator.py took 0.043 seconds
[2024-11-11T03:39:33.553+0000] {processor.py:186} INFO - Started process (PID=7868) to work on /home/airflow/.local/lib/python3.12/site-packages/airflow/example_dags/example_python_operator.py
[2024-11-11T03:39:33.554+0000] {processor.py:914} INFO - Processing file /home/airflow/.local/lib/python3.12/site-packages/airflow/example_dags/example_python_operator.py for tasks to queue
[2024-11-11T03:39:33.555+0000] {logging_mixin.py:190} INFO - [2024-11-11T03:39:33.555+0000] {dagbag.py:588} INFO - Filling up the DagBag from /home/airflow/.local/lib/python3.12/site-packages/airflow/example_dags/example_python_operator.py
[2024-11-11T03:39:33.563+0000] {processor.py:925} INFO - DAG(s) 'example_python_operator' retrieved from /home/airflow/.local/lib/python3.12/site-packages/airflow/example_dags/example_python_operator.py
[2024-11-11T03:39:33.575+0000] {logging_mixin.py:190} INFO - [2024-11-11T03:39:33.575+0000] {dag.py:3239} INFO - Sync 1 DAGs
[2024-11-11T03:39:33.584+0000] {logging_mixin.py:190} INFO - [2024-11-11T03:39:33.584+0000] {dag.py:4180} INFO - Setting next_dagrun for example_python_operator to None, run_after=None
[2024-11-11T03:39:33.593+0000] {processor.py:208} INFO - Processing /home/airflow/.local/lib/python3.12/site-packages/airflow/example_dags/example_python_operator.py took 0.044 seconds
[2024-11-11T03:40:04.155+0000] {processor.py:186} INFO - Started process (PID=7931) to work on /home/airflow/.local/lib/python3.12/site-packages/airflow/example_dags/example_python_operator.py
[2024-11-11T03:40:04.155+0000] {processor.py:914} INFO - Processing file /home/airflow/.local/lib/python3.12/site-packages/airflow/example_dags/example_python_operator.py for tasks to queue
[2024-11-11T03:40:04.157+0000] {logging_mixin.py:190} INFO - [2024-11-11T03:40:04.157+0000] {dagbag.py:588} INFO - Filling up the DagBag from /home/airflow/.local/lib/python3.12/site-packages/airflow/example_dags/example_python_operator.py
[2024-11-11T03:40:04.164+0000] {processor.py:925} INFO - DAG(s) 'example_python_operator' retrieved from /home/airflow/.local/lib/python3.12/site-packages/airflow/example_dags/example_python_operator.py
[2024-11-11T03:40:04.176+0000] {logging_mixin.py:190} INFO - [2024-11-11T03:40:04.176+0000] {dag.py:3239} INFO - Sync 1 DAGs
[2024-11-11T03:40:04.184+0000] {logging_mixin.py:190} INFO - [2024-11-11T03:40:04.184+0000] {dag.py:4180} INFO - Setting next_dagrun for example_python_operator to None, run_after=None
[2024-11-11T03:40:04.197+0000] {processor.py:208} INFO - Processing /home/airflow/.local/lib/python3.12/site-packages/airflow/example_dags/example_python_operator.py took 0.046 seconds
[2024-11-11T03:40:34.984+0000] {processor.py:186} INFO - Started process (PID=7994) to work on /home/airflow/.local/lib/python3.12/site-packages/airflow/example_dags/example_python_operator.py
[2024-11-11T03:40:34.985+0000] {processor.py:914} INFO - Processing file /home/airflow/.local/lib/python3.12/site-packages/airflow/example_dags/example_python_operator.py for tasks to queue
[2024-11-11T03:40:34.987+0000] {logging_mixin.py:190} INFO - [2024-11-11T03:40:34.987+0000] {dagbag.py:588} INFO - Filling up the DagBag from /home/airflow/.local/lib/python3.12/site-packages/airflow/example_dags/example_python_operator.py
[2024-11-11T03:40:34.994+0000] {processor.py:925} INFO - DAG(s) 'example_python_operator' retrieved from /home/airflow/.local/lib/python3.12/site-packages/airflow/example_dags/example_python_operator.py
[2024-11-11T03:40:35.005+0000] {logging_mixin.py:190} INFO - [2024-11-11T03:40:35.005+0000] {dag.py:3239} INFO - Sync 1 DAGs
[2024-11-11T03:40:35.012+0000] {logging_mixin.py:190} INFO - [2024-11-11T03:40:35.012+0000] {dag.py:4180} INFO - Setting next_dagrun for example_python_operator to None, run_after=None
[2024-11-11T03:40:35.021+0000] {processor.py:208} INFO - Processing /home/airflow/.local/lib/python3.12/site-packages/airflow/example_dags/example_python_operator.py took 0.040 seconds
[2024-11-11T03:41:05.925+0000] {processor.py:186} INFO - Started process (PID=8057) to work on /home/airflow/.local/lib/python3.12/site-packages/airflow/example_dags/example_python_operator.py
[2024-11-11T03:41:05.925+0000] {processor.py:914} INFO - Processing file /home/airflow/.local/lib/python3.12/site-packages/airflow/example_dags/example_python_operator.py for tasks to queue
[2024-11-11T03:41:05.927+0000] {logging_mixin.py:190} INFO - [2024-11-11T03:41:05.927+0000] {dagbag.py:588} INFO - Filling up the DagBag from /home/airflow/.local/lib/python3.12/site-packages/airflow/example_dags/example_python_operator.py
[2024-11-11T03:41:05.934+0000] {processor.py:925} INFO - DAG(s) 'example_python_operator' retrieved from /home/airflow/.local/lib/python3.12/site-packages/airflow/example_dags/example_python_operator.py
[2024-11-11T03:41:05.945+0000] {logging_mixin.py:190} INFO - [2024-11-11T03:41:05.945+0000] {dag.py:3239} INFO - Sync 1 DAGs
[2024-11-11T03:41:05.953+0000] {logging_mixin.py:190} INFO - [2024-11-11T03:41:05.953+0000] {dag.py:4180} INFO - Setting next_dagrun for example_python_operator to None, run_after=None
[2024-11-11T03:41:05.961+0000] {processor.py:208} INFO - Processing /home/airflow/.local/lib/python3.12/site-packages/airflow/example_dags/example_python_operator.py took 0.040 seconds
[2024-11-11T03:41:36.551+0000] {processor.py:186} INFO - Started process (PID=8119) to work on /home/airflow/.local/lib/python3.12/site-packages/airflow/example_dags/example_python_operator.py
[2024-11-11T03:41:36.551+0000] {processor.py:914} INFO - Processing file /home/airflow/.local/lib/python3.12/site-packages/airflow/example_dags/example_python_operator.py for tasks to queue
[2024-11-11T03:41:36.553+0000] {logging_mixin.py:190} INFO - [2024-11-11T03:41:36.553+0000] {dagbag.py:588} INFO - Filling up the DagBag from /home/airflow/.local/lib/python3.12/site-packages/airflow/example_dags/example_python_operator.py
[2024-11-11T03:41:36.560+0000] {processor.py:925} INFO - DAG(s) 'example_python_operator' retrieved from /home/airflow/.local/lib/python3.12/site-packages/airflow/example_dags/example_python_operator.py
[2024-11-11T03:41:36.571+0000] {logging_mixin.py:190} INFO - [2024-11-11T03:41:36.571+0000] {dag.py:3239} INFO - Sync 1 DAGs
[2024-11-11T03:41:36.579+0000] {logging_mixin.py:190} INFO - [2024-11-11T03:41:36.579+0000] {dag.py:4180} INFO - Setting next_dagrun for example_python_operator to None, run_after=None
[2024-11-11T03:41:36.588+0000] {processor.py:208} INFO - Processing /home/airflow/.local/lib/python3.12/site-packages/airflow/example_dags/example_python_operator.py took 0.040 seconds
[2024-11-11T03:42:07.412+0000] {processor.py:186} INFO - Started process (PID=8182) to work on /home/airflow/.local/lib/python3.12/site-packages/airflow/example_dags/example_python_operator.py
[2024-11-11T03:42:07.413+0000] {processor.py:914} INFO - Processing file /home/airflow/.local/lib/python3.12/site-packages/airflow/example_dags/example_python_operator.py for tasks to queue
[2024-11-11T03:42:07.414+0000] {logging_mixin.py:190} INFO - [2024-11-11T03:42:07.414+0000] {dagbag.py:588} INFO - Filling up the DagBag from /home/airflow/.local/lib/python3.12/site-packages/airflow/example_dags/example_python_operator.py
[2024-11-11T03:42:07.422+0000] {processor.py:925} INFO - DAG(s) 'example_python_operator' retrieved from /home/airflow/.local/lib/python3.12/site-packages/airflow/example_dags/example_python_operator.py
[2024-11-11T03:42:07.434+0000] {logging_mixin.py:190} INFO - [2024-11-11T03:42:07.434+0000] {dag.py:3239} INFO - Sync 1 DAGs
[2024-11-11T03:42:07.441+0000] {logging_mixin.py:190} INFO - [2024-11-11T03:42:07.441+0000] {dag.py:4180} INFO - Setting next_dagrun for example_python_operator to None, run_after=None
[2024-11-11T03:42:07.449+0000] {processor.py:208} INFO - Processing /home/airflow/.local/lib/python3.12/site-packages/airflow/example_dags/example_python_operator.py took 0.041 seconds
[2024-11-11T03:42:38.116+0000] {processor.py:186} INFO - Started process (PID=8245) to work on /home/airflow/.local/lib/python3.12/site-packages/airflow/example_dags/example_python_operator.py
[2024-11-11T03:42:38.117+0000] {processor.py:914} INFO - Processing file /home/airflow/.local/lib/python3.12/site-packages/airflow/example_dags/example_python_operator.py for tasks to queue
[2024-11-11T03:42:38.118+0000] {logging_mixin.py:190} INFO - [2024-11-11T03:42:38.118+0000] {dagbag.py:588} INFO - Filling up the DagBag from /home/airflow/.local/lib/python3.12/site-packages/airflow/example_dags/example_python_operator.py
[2024-11-11T03:42:38.125+0000] {processor.py:925} INFO - DAG(s) 'example_python_operator' retrieved from /home/airflow/.local/lib/python3.12/site-packages/airflow/example_dags/example_python_operator.py
[2024-11-11T03:42:38.137+0000] {logging_mixin.py:190} INFO - [2024-11-11T03:42:38.137+0000] {dag.py:3239} INFO - Sync 1 DAGs
[2024-11-11T03:42:38.145+0000] {logging_mixin.py:190} INFO - [2024-11-11T03:42:38.144+0000] {dag.py:4180} INFO - Setting next_dagrun for example_python_operator to None, run_after=None
[2024-11-11T03:42:38.154+0000] {processor.py:208} INFO - Processing /home/airflow/.local/lib/python3.12/site-packages/airflow/example_dags/example_python_operator.py took 0.042 seconds
[2024-11-11T03:43:08.880+0000] {processor.py:186} INFO - Started process (PID=8308) to work on /home/airflow/.local/lib/python3.12/site-packages/airflow/example_dags/example_python_operator.py
[2024-11-11T03:43:08.880+0000] {processor.py:914} INFO - Processing file /home/airflow/.local/lib/python3.12/site-packages/airflow/example_dags/example_python_operator.py for tasks to queue
[2024-11-11T03:43:08.882+0000] {logging_mixin.py:190} INFO - [2024-11-11T03:43:08.881+0000] {dagbag.py:588} INFO - Filling up the DagBag from /home/airflow/.local/lib/python3.12/site-packages/airflow/example_dags/example_python_operator.py
[2024-11-11T03:43:08.889+0000] {processor.py:925} INFO - DAG(s) 'example_python_operator' retrieved from /home/airflow/.local/lib/python3.12/site-packages/airflow/example_dags/example_python_operator.py
[2024-11-11T03:43:08.900+0000] {logging_mixin.py:190} INFO - [2024-11-11T03:43:08.900+0000] {dag.py:3239} INFO - Sync 1 DAGs
[2024-11-11T03:43:08.907+0000] {logging_mixin.py:190} INFO - [2024-11-11T03:43:08.907+0000] {dag.py:4180} INFO - Setting next_dagrun for example_python_operator to None, run_after=None
[2024-11-11T03:43:08.916+0000] {processor.py:208} INFO - Processing /home/airflow/.local/lib/python3.12/site-packages/airflow/example_dags/example_python_operator.py took 0.040 seconds
[2024-11-11T03:43:39.418+0000] {processor.py:186} INFO - Started process (PID=8371) to work on /home/airflow/.local/lib/python3.12/site-packages/airflow/example_dags/example_python_operator.py
[2024-11-11T03:43:39.419+0000] {processor.py:914} INFO - Processing file /home/airflow/.local/lib/python3.12/site-packages/airflow/example_dags/example_python_operator.py for tasks to queue
[2024-11-11T03:43:39.421+0000] {logging_mixin.py:190} INFO - [2024-11-11T03:43:39.421+0000] {dagbag.py:588} INFO - Filling up the DagBag from /home/airflow/.local/lib/python3.12/site-packages/airflow/example_dags/example_python_operator.py
[2024-11-11T03:43:39.428+0000] {processor.py:925} INFO - DAG(s) 'example_python_operator' retrieved from /home/airflow/.local/lib/python3.12/site-packages/airflow/example_dags/example_python_operator.py
[2024-11-11T03:43:39.440+0000] {logging_mixin.py:190} INFO - [2024-11-11T03:43:39.439+0000] {dag.py:3239} INFO - Sync 1 DAGs
[2024-11-11T03:43:39.447+0000] {logging_mixin.py:190} INFO - [2024-11-11T03:43:39.447+0000] {dag.py:4180} INFO - Setting next_dagrun for example_python_operator to None, run_after=None
[2024-11-11T03:43:39.455+0000] {processor.py:208} INFO - Processing /home/airflow/.local/lib/python3.12/site-packages/airflow/example_dags/example_python_operator.py took 0.040 seconds
[2024-11-11T03:44:10.028+0000] {processor.py:186} INFO - Started process (PID=8434) to work on /home/airflow/.local/lib/python3.12/site-packages/airflow/example_dags/example_python_operator.py
[2024-11-11T03:44:10.028+0000] {processor.py:914} INFO - Processing file /home/airflow/.local/lib/python3.12/site-packages/airflow/example_dags/example_python_operator.py for tasks to queue
[2024-11-11T03:44:10.030+0000] {logging_mixin.py:190} INFO - [2024-11-11T03:44:10.030+0000] {dagbag.py:588} INFO - Filling up the DagBag from /home/airflow/.local/lib/python3.12/site-packages/airflow/example_dags/example_python_operator.py
[2024-11-11T03:44:10.038+0000] {processor.py:925} INFO - DAG(s) 'example_python_operator' retrieved from /home/airflow/.local/lib/python3.12/site-packages/airflow/example_dags/example_python_operator.py
[2024-11-11T03:44:10.050+0000] {logging_mixin.py:190} INFO - [2024-11-11T03:44:10.050+0000] {dag.py:3239} INFO - Sync 1 DAGs
[2024-11-11T03:44:10.059+0000] {logging_mixin.py:190} INFO - [2024-11-11T03:44:10.059+0000] {dag.py:4180} INFO - Setting next_dagrun for example_python_operator to None, run_after=None
[2024-11-11T03:44:10.070+0000] {processor.py:208} INFO - Processing /home/airflow/.local/lib/python3.12/site-packages/airflow/example_dags/example_python_operator.py took 0.046 seconds
[2024-11-11T03:44:40.769+0000] {processor.py:186} INFO - Started process (PID=8497) to work on /home/airflow/.local/lib/python3.12/site-packages/airflow/example_dags/example_python_operator.py
[2024-11-11T03:44:40.770+0000] {processor.py:914} INFO - Processing file /home/airflow/.local/lib/python3.12/site-packages/airflow/example_dags/example_python_operator.py for tasks to queue
[2024-11-11T03:44:40.771+0000] {logging_mixin.py:190} INFO - [2024-11-11T03:44:40.771+0000] {dagbag.py:588} INFO - Filling up the DagBag from /home/airflow/.local/lib/python3.12/site-packages/airflow/example_dags/example_python_operator.py
[2024-11-11T03:44:40.779+0000] {processor.py:925} INFO - DAG(s) 'example_python_operator' retrieved from /home/airflow/.local/lib/python3.12/site-packages/airflow/example_dags/example_python_operator.py
[2024-11-11T03:44:40.791+0000] {logging_mixin.py:190} INFO - [2024-11-11T03:44:40.791+0000] {dag.py:3239} INFO - Sync 1 DAGs
[2024-11-11T03:44:40.798+0000] {logging_mixin.py:190} INFO - [2024-11-11T03:44:40.798+0000] {dag.py:4180} INFO - Setting next_dagrun for example_python_operator to None, run_after=None
[2024-11-11T03:44:40.807+0000] {processor.py:208} INFO - Processing /home/airflow/.local/lib/python3.12/site-packages/airflow/example_dags/example_python_operator.py took 0.042 seconds
[2024-11-11T03:45:11.624+0000] {processor.py:186} INFO - Started process (PID=8560) to work on /home/airflow/.local/lib/python3.12/site-packages/airflow/example_dags/example_python_operator.py
[2024-11-11T03:45:11.625+0000] {processor.py:914} INFO - Processing file /home/airflow/.local/lib/python3.12/site-packages/airflow/example_dags/example_python_operator.py for tasks to queue
[2024-11-11T03:45:11.626+0000] {logging_mixin.py:190} INFO - [2024-11-11T03:45:11.626+0000] {dagbag.py:588} INFO - Filling up the DagBag from /home/airflow/.local/lib/python3.12/site-packages/airflow/example_dags/example_python_operator.py
[2024-11-11T03:45:11.634+0000] {processor.py:925} INFO - DAG(s) 'example_python_operator' retrieved from /home/airflow/.local/lib/python3.12/site-packages/airflow/example_dags/example_python_operator.py
[2024-11-11T03:45:11.645+0000] {logging_mixin.py:190} INFO - [2024-11-11T03:45:11.645+0000] {dag.py:3239} INFO - Sync 1 DAGs
[2024-11-11T03:45:11.652+0000] {logging_mixin.py:190} INFO - [2024-11-11T03:45:11.652+0000] {dag.py:4180} INFO - Setting next_dagrun for example_python_operator to None, run_after=None
[2024-11-11T03:45:11.661+0000] {processor.py:208} INFO - Processing /home/airflow/.local/lib/python3.12/site-packages/airflow/example_dags/example_python_operator.py took 0.040 seconds
[2024-11-11T03:45:42.141+0000] {processor.py:186} INFO - Started process (PID=8623) to work on /home/airflow/.local/lib/python3.12/site-packages/airflow/example_dags/example_python_operator.py
[2024-11-11T03:45:42.142+0000] {processor.py:914} INFO - Processing file /home/airflow/.local/lib/python3.12/site-packages/airflow/example_dags/example_python_operator.py for tasks to queue
[2024-11-11T03:45:42.143+0000] {logging_mixin.py:190} INFO - [2024-11-11T03:45:42.143+0000] {dagbag.py:588} INFO - Filling up the DagBag from /home/airflow/.local/lib/python3.12/site-packages/airflow/example_dags/example_python_operator.py
[2024-11-11T03:45:42.151+0000] {processor.py:925} INFO - DAG(s) 'example_python_operator' retrieved from /home/airflow/.local/lib/python3.12/site-packages/airflow/example_dags/example_python_operator.py
[2024-11-11T03:45:42.162+0000] {logging_mixin.py:190} INFO - [2024-11-11T03:45:42.162+0000] {dag.py:3239} INFO - Sync 1 DAGs
[2024-11-11T03:45:42.169+0000] {logging_mixin.py:190} INFO - [2024-11-11T03:45:42.169+0000] {dag.py:4180} INFO - Setting next_dagrun for example_python_operator to None, run_after=None
[2024-11-11T03:45:42.178+0000] {processor.py:208} INFO - Processing /home/airflow/.local/lib/python3.12/site-packages/airflow/example_dags/example_python_operator.py took 0.040 seconds
[2024-11-11T03:46:12.911+0000] {processor.py:186} INFO - Started process (PID=8686) to work on /home/airflow/.local/lib/python3.12/site-packages/airflow/example_dags/example_python_operator.py
[2024-11-11T03:46:12.912+0000] {processor.py:914} INFO - Processing file /home/airflow/.local/lib/python3.12/site-packages/airflow/example_dags/example_python_operator.py for tasks to queue
[2024-11-11T03:46:12.913+0000] {logging_mixin.py:190} INFO - [2024-11-11T03:46:12.913+0000] {dagbag.py:588} INFO - Filling up the DagBag from /home/airflow/.local/lib/python3.12/site-packages/airflow/example_dags/example_python_operator.py
[2024-11-11T03:46:12.921+0000] {processor.py:925} INFO - DAG(s) 'example_python_operator' retrieved from /home/airflow/.local/lib/python3.12/site-packages/airflow/example_dags/example_python_operator.py
[2024-11-11T03:46:12.932+0000] {logging_mixin.py:190} INFO - [2024-11-11T03:46:12.932+0000] {dag.py:3239} INFO - Sync 1 DAGs
[2024-11-11T03:46:12.939+0000] {logging_mixin.py:190} INFO - [2024-11-11T03:46:12.939+0000] {dag.py:4180} INFO - Setting next_dagrun for example_python_operator to None, run_after=None
[2024-11-11T03:46:12.947+0000] {processor.py:208} INFO - Processing /home/airflow/.local/lib/python3.12/site-packages/airflow/example_dags/example_python_operator.py took 0.039 seconds
[2024-11-11T03:46:43.418+0000] {processor.py:186} INFO - Started process (PID=8749) to work on /home/airflow/.local/lib/python3.12/site-packages/airflow/example_dags/example_python_operator.py
[2024-11-11T03:46:43.419+0000] {processor.py:914} INFO - Processing file /home/airflow/.local/lib/python3.12/site-packages/airflow/example_dags/example_python_operator.py for tasks to queue
[2024-11-11T03:46:43.420+0000] {logging_mixin.py:190} INFO - [2024-11-11T03:46:43.420+0000] {dagbag.py:588} INFO - Filling up the DagBag from /home/airflow/.local/lib/python3.12/site-packages/airflow/example_dags/example_python_operator.py
[2024-11-11T03:46:43.427+0000] {processor.py:925} INFO - DAG(s) 'example_python_operator' retrieved from /home/airflow/.local/lib/python3.12/site-packages/airflow/example_dags/example_python_operator.py
[2024-11-11T03:46:43.439+0000] {logging_mixin.py:190} INFO - [2024-11-11T03:46:43.438+0000] {dag.py:3239} INFO - Sync 1 DAGs
[2024-11-11T03:46:43.446+0000] {logging_mixin.py:190} INFO - [2024-11-11T03:46:43.446+0000] {dag.py:4180} INFO - Setting next_dagrun for example_python_operator to None, run_after=None
[2024-11-11T03:46:43.454+0000] {processor.py:208} INFO - Processing /home/airflow/.local/lib/python3.12/site-packages/airflow/example_dags/example_python_operator.py took 0.040 seconds
[2024-11-11T03:47:13.948+0000] {processor.py:186} INFO - Started process (PID=8812) to work on /home/airflow/.local/lib/python3.12/site-packages/airflow/example_dags/example_python_operator.py
[2024-11-11T03:47:13.949+0000] {processor.py:914} INFO - Processing file /home/airflow/.local/lib/python3.12/site-packages/airflow/example_dags/example_python_operator.py for tasks to queue
[2024-11-11T03:47:13.950+0000] {logging_mixin.py:190} INFO - [2024-11-11T03:47:13.950+0000] {dagbag.py:588} INFO - Filling up the DagBag from /home/airflow/.local/lib/python3.12/site-packages/airflow/example_dags/example_python_operator.py
[2024-11-11T03:47:13.958+0000] {processor.py:925} INFO - DAG(s) 'example_python_operator' retrieved from /home/airflow/.local/lib/python3.12/site-packages/airflow/example_dags/example_python_operator.py
[2024-11-11T03:47:13.969+0000] {logging_mixin.py:190} INFO - [2024-11-11T03:47:13.969+0000] {dag.py:3239} INFO - Sync 1 DAGs
[2024-11-11T03:47:13.976+0000] {logging_mixin.py:190} INFO - [2024-11-11T03:47:13.976+0000] {dag.py:4180} INFO - Setting next_dagrun for example_python_operator to None, run_after=None
[2024-11-11T03:47:13.985+0000] {processor.py:208} INFO - Processing /home/airflow/.local/lib/python3.12/site-packages/airflow/example_dags/example_python_operator.py took 0.040 seconds
[2024-11-11T03:47:44.485+0000] {processor.py:186} INFO - Started process (PID=8875) to work on /home/airflow/.local/lib/python3.12/site-packages/airflow/example_dags/example_python_operator.py
[2024-11-11T03:47:44.486+0000] {processor.py:914} INFO - Processing file /home/airflow/.local/lib/python3.12/site-packages/airflow/example_dags/example_python_operator.py for tasks to queue
[2024-11-11T03:47:44.488+0000] {logging_mixin.py:190} INFO - [2024-11-11T03:47:44.487+0000] {dagbag.py:588} INFO - Filling up the DagBag from /home/airflow/.local/lib/python3.12/site-packages/airflow/example_dags/example_python_operator.py
[2024-11-11T03:47:44.495+0000] {processor.py:925} INFO - DAG(s) 'example_python_operator' retrieved from /home/airflow/.local/lib/python3.12/site-packages/airflow/example_dags/example_python_operator.py
[2024-11-11T03:47:44.507+0000] {logging_mixin.py:190} INFO - [2024-11-11T03:47:44.506+0000] {dag.py:3239} INFO - Sync 1 DAGs
[2024-11-11T03:47:44.514+0000] {logging_mixin.py:190} INFO - [2024-11-11T03:47:44.514+0000] {dag.py:4180} INFO - Setting next_dagrun for example_python_operator to None, run_after=None
[2024-11-11T03:47:44.522+0000] {processor.py:208} INFO - Processing /home/airflow/.local/lib/python3.12/site-packages/airflow/example_dags/example_python_operator.py took 0.040 seconds
[2024-11-11T03:48:15.113+0000] {processor.py:186} INFO - Started process (PID=8938) to work on /home/airflow/.local/lib/python3.12/site-packages/airflow/example_dags/example_python_operator.py
[2024-11-11T03:48:15.113+0000] {processor.py:914} INFO - Processing file /home/airflow/.local/lib/python3.12/site-packages/airflow/example_dags/example_python_operator.py for tasks to queue
[2024-11-11T03:48:15.115+0000] {logging_mixin.py:190} INFO - [2024-11-11T03:48:15.114+0000] {dagbag.py:588} INFO - Filling up the DagBag from /home/airflow/.local/lib/python3.12/site-packages/airflow/example_dags/example_python_operator.py
[2024-11-11T03:48:15.122+0000] {processor.py:925} INFO - DAG(s) 'example_python_operator' retrieved from /home/airflow/.local/lib/python3.12/site-packages/airflow/example_dags/example_python_operator.py
[2024-11-11T03:48:15.133+0000] {logging_mixin.py:190} INFO - [2024-11-11T03:48:15.133+0000] {dag.py:3239} INFO - Sync 1 DAGs
[2024-11-11T03:48:15.141+0000] {logging_mixin.py:190} INFO - [2024-11-11T03:48:15.141+0000] {dag.py:4180} INFO - Setting next_dagrun for example_python_operator to None, run_after=None
[2024-11-11T03:48:15.149+0000] {processor.py:208} INFO - Processing /home/airflow/.local/lib/python3.12/site-packages/airflow/example_dags/example_python_operator.py took 0.040 seconds
[2024-11-11T03:48:45.879+0000] {processor.py:186} INFO - Started process (PID=9001) to work on /home/airflow/.local/lib/python3.12/site-packages/airflow/example_dags/example_python_operator.py
[2024-11-11T03:48:45.880+0000] {processor.py:914} INFO - Processing file /home/airflow/.local/lib/python3.12/site-packages/airflow/example_dags/example_python_operator.py for tasks to queue
[2024-11-11T03:48:45.881+0000] {logging_mixin.py:190} INFO - [2024-11-11T03:48:45.881+0000] {dagbag.py:588} INFO - Filling up the DagBag from /home/airflow/.local/lib/python3.12/site-packages/airflow/example_dags/example_python_operator.py
[2024-11-11T03:48:45.888+0000] {processor.py:925} INFO - DAG(s) 'example_python_operator' retrieved from /home/airflow/.local/lib/python3.12/site-packages/airflow/example_dags/example_python_operator.py
[2024-11-11T03:48:45.900+0000] {logging_mixin.py:190} INFO - [2024-11-11T03:48:45.900+0000] {dag.py:3239} INFO - Sync 1 DAGs
[2024-11-11T03:48:45.907+0000] {logging_mixin.py:190} INFO - [2024-11-11T03:48:45.907+0000] {dag.py:4180} INFO - Setting next_dagrun for example_python_operator to None, run_after=None
[2024-11-11T03:48:45.916+0000] {processor.py:208} INFO - Processing /home/airflow/.local/lib/python3.12/site-packages/airflow/example_dags/example_python_operator.py took 0.041 seconds
[2024-11-11T03:49:16.571+0000] {processor.py:186} INFO - Started process (PID=9064) to work on /home/airflow/.local/lib/python3.12/site-packages/airflow/example_dags/example_python_operator.py
[2024-11-11T03:49:16.572+0000] {processor.py:914} INFO - Processing file /home/airflow/.local/lib/python3.12/site-packages/airflow/example_dags/example_python_operator.py for tasks to queue
[2024-11-11T03:49:16.573+0000] {logging_mixin.py:190} INFO - [2024-11-11T03:49:16.573+0000] {dagbag.py:588} INFO - Filling up the DagBag from /home/airflow/.local/lib/python3.12/site-packages/airflow/example_dags/example_python_operator.py
[2024-11-11T03:49:16.580+0000] {processor.py:925} INFO - DAG(s) 'example_python_operator' retrieved from /home/airflow/.local/lib/python3.12/site-packages/airflow/example_dags/example_python_operator.py
[2024-11-11T03:49:16.592+0000] {logging_mixin.py:190} INFO - [2024-11-11T03:49:16.591+0000] {dag.py:3239} INFO - Sync 1 DAGs
[2024-11-11T03:49:16.599+0000] {logging_mixin.py:190} INFO - [2024-11-11T03:49:16.599+0000] {dag.py:4180} INFO - Setting next_dagrun for example_python_operator to None, run_after=None
[2024-11-11T03:49:16.607+0000] {processor.py:208} INFO - Processing /home/airflow/.local/lib/python3.12/site-packages/airflow/example_dags/example_python_operator.py took 0.039 seconds
[2024-11-11T03:59:42.108+0000] {processor.py:186} INFO - Started process (PID=9128) to work on /home/airflow/.local/lib/python3.12/site-packages/airflow/example_dags/example_python_operator.py
[2024-11-11T03:59:42.109+0000] {processor.py:914} INFO - Processing file /home/airflow/.local/lib/python3.12/site-packages/airflow/example_dags/example_python_operator.py for tasks to queue
[2024-11-11T03:59:42.110+0000] {logging_mixin.py:190} INFO - [2024-11-11T03:59:42.110+0000] {dagbag.py:588} INFO - Filling up the DagBag from /home/airflow/.local/lib/python3.12/site-packages/airflow/example_dags/example_python_operator.py
[2024-11-11T03:59:42.122+0000] {processor.py:925} INFO - DAG(s) 'example_python_operator' retrieved from /home/airflow/.local/lib/python3.12/site-packages/airflow/example_dags/example_python_operator.py
[2024-11-11T03:59:42.134+0000] {logging_mixin.py:190} INFO - [2024-11-11T03:59:42.134+0000] {dag.py:3239} INFO - Sync 1 DAGs
[2024-11-11T03:59:42.141+0000] {logging_mixin.py:190} INFO - [2024-11-11T03:59:42.141+0000] {dag.py:4180} INFO - Setting next_dagrun for example_python_operator to None, run_after=None
[2024-11-11T03:59:42.149+0000] {processor.py:208} INFO - Processing /home/airflow/.local/lib/python3.12/site-packages/airflow/example_dags/example_python_operator.py took 0.045 seconds
[2024-11-11T04:00:12.791+0000] {processor.py:186} INFO - Started process (PID=9190) to work on /home/airflow/.local/lib/python3.12/site-packages/airflow/example_dags/example_python_operator.py
[2024-11-11T04:00:12.791+0000] {processor.py:914} INFO - Processing file /home/airflow/.local/lib/python3.12/site-packages/airflow/example_dags/example_python_operator.py for tasks to queue
[2024-11-11T04:00:12.793+0000] {logging_mixin.py:190} INFO - [2024-11-11T04:00:12.793+0000] {dagbag.py:588} INFO - Filling up the DagBag from /home/airflow/.local/lib/python3.12/site-packages/airflow/example_dags/example_python_operator.py
[2024-11-11T04:00:12.800+0000] {processor.py:925} INFO - DAG(s) 'example_python_operator' retrieved from /home/airflow/.local/lib/python3.12/site-packages/airflow/example_dags/example_python_operator.py
[2024-11-11T04:00:12.811+0000] {logging_mixin.py:190} INFO - [2024-11-11T04:00:12.811+0000] {dag.py:3239} INFO - Sync 1 DAGs
[2024-11-11T04:00:12.818+0000] {logging_mixin.py:190} INFO - [2024-11-11T04:00:12.817+0000] {dag.py:4180} INFO - Setting next_dagrun for example_python_operator to None, run_after=None
[2024-11-11T04:00:12.826+0000] {processor.py:208} INFO - Processing /home/airflow/.local/lib/python3.12/site-packages/airflow/example_dags/example_python_operator.py took 0.038 seconds
[2024-11-11T04:00:43.491+0000] {processor.py:186} INFO - Started process (PID=9253) to work on /home/airflow/.local/lib/python3.12/site-packages/airflow/example_dags/example_python_operator.py
[2024-11-11T04:00:43.492+0000] {processor.py:914} INFO - Processing file /home/airflow/.local/lib/python3.12/site-packages/airflow/example_dags/example_python_operator.py for tasks to queue
[2024-11-11T04:00:43.493+0000] {logging_mixin.py:190} INFO - [2024-11-11T04:00:43.493+0000] {dagbag.py:588} INFO - Filling up the DagBag from /home/airflow/.local/lib/python3.12/site-packages/airflow/example_dags/example_python_operator.py
[2024-11-11T04:00:43.500+0000] {processor.py:925} INFO - DAG(s) 'example_python_operator' retrieved from /home/airflow/.local/lib/python3.12/site-packages/airflow/example_dags/example_python_operator.py
[2024-11-11T04:00:43.511+0000] {logging_mixin.py:190} INFO - [2024-11-11T04:00:43.511+0000] {dag.py:3239} INFO - Sync 1 DAGs
[2024-11-11T04:00:43.518+0000] {logging_mixin.py:190} INFO - [2024-11-11T04:00:43.518+0000] {dag.py:4180} INFO - Setting next_dagrun for example_python_operator to None, run_after=None
[2024-11-11T04:00:43.534+0000] {processor.py:208} INFO - Processing /home/airflow/.local/lib/python3.12/site-packages/airflow/example_dags/example_python_operator.py took 0.046 seconds
[2024-11-11T04:01:14.240+0000] {processor.py:186} INFO - Started process (PID=9316) to work on /home/airflow/.local/lib/python3.12/site-packages/airflow/example_dags/example_python_operator.py
[2024-11-11T04:01:14.240+0000] {processor.py:914} INFO - Processing file /home/airflow/.local/lib/python3.12/site-packages/airflow/example_dags/example_python_operator.py for tasks to queue
[2024-11-11T04:01:14.242+0000] {logging_mixin.py:190} INFO - [2024-11-11T04:01:14.242+0000] {dagbag.py:588} INFO - Filling up the DagBag from /home/airflow/.local/lib/python3.12/site-packages/airflow/example_dags/example_python_operator.py
[2024-11-11T04:01:14.249+0000] {processor.py:925} INFO - DAG(s) 'example_python_operator' retrieved from /home/airflow/.local/lib/python3.12/site-packages/airflow/example_dags/example_python_operator.py
[2024-11-11T04:01:14.260+0000] {logging_mixin.py:190} INFO - [2024-11-11T04:01:14.260+0000] {dag.py:3239} INFO - Sync 1 DAGs
[2024-11-11T04:01:14.267+0000] {logging_mixin.py:190} INFO - [2024-11-11T04:01:14.267+0000] {dag.py:4180} INFO - Setting next_dagrun for example_python_operator to None, run_after=None
[2024-11-11T04:01:14.276+0000] {processor.py:208} INFO - Processing /home/airflow/.local/lib/python3.12/site-packages/airflow/example_dags/example_python_operator.py took 0.039 seconds
[2024-11-11T04:01:45.024+0000] {processor.py:186} INFO - Started process (PID=9379) to work on /home/airflow/.local/lib/python3.12/site-packages/airflow/example_dags/example_python_operator.py
[2024-11-11T04:01:45.025+0000] {processor.py:914} INFO - Processing file /home/airflow/.local/lib/python3.12/site-packages/airflow/example_dags/example_python_operator.py for tasks to queue
[2024-11-11T04:01:45.026+0000] {logging_mixin.py:190} INFO - [2024-11-11T04:01:45.026+0000] {dagbag.py:588} INFO - Filling up the DagBag from /home/airflow/.local/lib/python3.12/site-packages/airflow/example_dags/example_python_operator.py
[2024-11-11T04:01:45.033+0000] {processor.py:925} INFO - DAG(s) 'example_python_operator' retrieved from /home/airflow/.local/lib/python3.12/site-packages/airflow/example_dags/example_python_operator.py
[2024-11-11T04:01:45.045+0000] {logging_mixin.py:190} INFO - [2024-11-11T04:01:45.044+0000] {dag.py:3239} INFO - Sync 1 DAGs
[2024-11-11T04:01:45.052+0000] {logging_mixin.py:190} INFO - [2024-11-11T04:01:45.052+0000] {dag.py:4180} INFO - Setting next_dagrun for example_python_operator to None, run_after=None
[2024-11-11T04:01:45.061+0000] {processor.py:208} INFO - Processing /home/airflow/.local/lib/python3.12/site-packages/airflow/example_dags/example_python_operator.py took 0.040 seconds
[2024-11-11T04:02:15.936+0000] {processor.py:186} INFO - Started process (PID=9442) to work on /home/airflow/.local/lib/python3.12/site-packages/airflow/example_dags/example_python_operator.py
[2024-11-11T04:02:15.937+0000] {processor.py:914} INFO - Processing file /home/airflow/.local/lib/python3.12/site-packages/airflow/example_dags/example_python_operator.py for tasks to queue
[2024-11-11T04:02:15.938+0000] {logging_mixin.py:190} INFO - [2024-11-11T04:02:15.938+0000] {dagbag.py:588} INFO - Filling up the DagBag from /home/airflow/.local/lib/python3.12/site-packages/airflow/example_dags/example_python_operator.py
[2024-11-11T04:02:15.946+0000] {processor.py:925} INFO - DAG(s) 'example_python_operator' retrieved from /home/airflow/.local/lib/python3.12/site-packages/airflow/example_dags/example_python_operator.py
[2024-11-11T04:02:15.959+0000] {logging_mixin.py:190} INFO - [2024-11-11T04:02:15.959+0000] {dag.py:3239} INFO - Sync 1 DAGs
[2024-11-11T04:02:15.967+0000] {logging_mixin.py:190} INFO - [2024-11-11T04:02:15.967+0000] {dag.py:4180} INFO - Setting next_dagrun for example_python_operator to None, run_after=None
[2024-11-11T04:02:15.977+0000] {processor.py:208} INFO - Processing /home/airflow/.local/lib/python3.12/site-packages/airflow/example_dags/example_python_operator.py took 0.044 seconds
[2024-11-11T04:02:46.668+0000] {processor.py:186} INFO - Started process (PID=9505) to work on /home/airflow/.local/lib/python3.12/site-packages/airflow/example_dags/example_python_operator.py
[2024-11-11T04:02:46.668+0000] {processor.py:914} INFO - Processing file /home/airflow/.local/lib/python3.12/site-packages/airflow/example_dags/example_python_operator.py for tasks to queue
[2024-11-11T04:02:46.670+0000] {logging_mixin.py:190} INFO - [2024-11-11T04:02:46.670+0000] {dagbag.py:588} INFO - Filling up the DagBag from /home/airflow/.local/lib/python3.12/site-packages/airflow/example_dags/example_python_operator.py
[2024-11-11T04:02:46.677+0000] {processor.py:925} INFO - DAG(s) 'example_python_operator' retrieved from /home/airflow/.local/lib/python3.12/site-packages/airflow/example_dags/example_python_operator.py
[2024-11-11T04:02:46.688+0000] {logging_mixin.py:190} INFO - [2024-11-11T04:02:46.688+0000] {dag.py:3239} INFO - Sync 1 DAGs
[2024-11-11T04:02:46.696+0000] {logging_mixin.py:190} INFO - [2024-11-11T04:02:46.696+0000] {dag.py:4180} INFO - Setting next_dagrun for example_python_operator to None, run_after=None
[2024-11-11T04:02:46.706+0000] {processor.py:208} INFO - Processing /home/airflow/.local/lib/python3.12/site-packages/airflow/example_dags/example_python_operator.py took 0.041 seconds
[2024-11-11T04:03:17.354+0000] {processor.py:186} INFO - Started process (PID=9568) to work on /home/airflow/.local/lib/python3.12/site-packages/airflow/example_dags/example_python_operator.py
[2024-11-11T04:03:17.355+0000] {processor.py:914} INFO - Processing file /home/airflow/.local/lib/python3.12/site-packages/airflow/example_dags/example_python_operator.py for tasks to queue
[2024-11-11T04:03:17.356+0000] {logging_mixin.py:190} INFO - [2024-11-11T04:03:17.356+0000] {dagbag.py:588} INFO - Filling up the DagBag from /home/airflow/.local/lib/python3.12/site-packages/airflow/example_dags/example_python_operator.py
[2024-11-11T04:03:17.363+0000] {processor.py:925} INFO - DAG(s) 'example_python_operator' retrieved from /home/airflow/.local/lib/python3.12/site-packages/airflow/example_dags/example_python_operator.py
[2024-11-11T04:03:17.374+0000] {logging_mixin.py:190} INFO - [2024-11-11T04:03:17.374+0000] {dag.py:3239} INFO - Sync 1 DAGs
[2024-11-11T04:03:17.382+0000] {logging_mixin.py:190} INFO - [2024-11-11T04:03:17.381+0000] {dag.py:4180} INFO - Setting next_dagrun for example_python_operator to None, run_after=None
[2024-11-11T04:03:17.390+0000] {processor.py:208} INFO - Processing /home/airflow/.local/lib/python3.12/site-packages/airflow/example_dags/example_python_operator.py took 0.040 seconds
[2024-11-11T04:03:48.184+0000] {processor.py:186} INFO - Started process (PID=9631) to work on /home/airflow/.local/lib/python3.12/site-packages/airflow/example_dags/example_python_operator.py
[2024-11-11T04:03:48.184+0000] {processor.py:914} INFO - Processing file /home/airflow/.local/lib/python3.12/site-packages/airflow/example_dags/example_python_operator.py for tasks to queue
[2024-11-11T04:03:48.186+0000] {logging_mixin.py:190} INFO - [2024-11-11T04:03:48.186+0000] {dagbag.py:588} INFO - Filling up the DagBag from /home/airflow/.local/lib/python3.12/site-packages/airflow/example_dags/example_python_operator.py
[2024-11-11T04:03:48.193+0000] {processor.py:925} INFO - DAG(s) 'example_python_operator' retrieved from /home/airflow/.local/lib/python3.12/site-packages/airflow/example_dags/example_python_operator.py
[2024-11-11T04:03:48.203+0000] {logging_mixin.py:190} INFO - [2024-11-11T04:03:48.203+0000] {dag.py:3239} INFO - Sync 1 DAGs
[2024-11-11T04:03:48.210+0000] {logging_mixin.py:190} INFO - [2024-11-11T04:03:48.210+0000] {dag.py:4180} INFO - Setting next_dagrun for example_python_operator to None, run_after=None
[2024-11-11T04:03:48.218+0000] {processor.py:208} INFO - Processing /home/airflow/.local/lib/python3.12/site-packages/airflow/example_dags/example_python_operator.py took 0.037 seconds
[2024-11-11T04:04:18.962+0000] {processor.py:186} INFO - Started process (PID=9694) to work on /home/airflow/.local/lib/python3.12/site-packages/airflow/example_dags/example_python_operator.py
[2024-11-11T04:04:18.962+0000] {processor.py:914} INFO - Processing file /home/airflow/.local/lib/python3.12/site-packages/airflow/example_dags/example_python_operator.py for tasks to queue
[2024-11-11T04:04:18.964+0000] {logging_mixin.py:190} INFO - [2024-11-11T04:04:18.963+0000] {dagbag.py:588} INFO - Filling up the DagBag from /home/airflow/.local/lib/python3.12/site-packages/airflow/example_dags/example_python_operator.py
[2024-11-11T04:04:18.970+0000] {processor.py:925} INFO - DAG(s) 'example_python_operator' retrieved from /home/airflow/.local/lib/python3.12/site-packages/airflow/example_dags/example_python_operator.py
[2024-11-11T04:04:18.982+0000] {logging_mixin.py:190} INFO - [2024-11-11T04:04:18.982+0000] {dag.py:3239} INFO - Sync 1 DAGs
[2024-11-11T04:04:19.006+0000] {logging_mixin.py:190} INFO - [2024-11-11T04:04:19.005+0000] {dag.py:4180} INFO - Setting next_dagrun for example_python_operator to None, run_after=None
[2024-11-11T04:04:19.030+0000] {processor.py:208} INFO - Processing /home/airflow/.local/lib/python3.12/site-packages/airflow/example_dags/example_python_operator.py took 0.072 seconds
[2024-11-11T04:04:50.087+0000] {processor.py:186} INFO - Started process (PID=9757) to work on /home/airflow/.local/lib/python3.12/site-packages/airflow/example_dags/example_python_operator.py
[2024-11-11T04:04:50.087+0000] {processor.py:914} INFO - Processing file /home/airflow/.local/lib/python3.12/site-packages/airflow/example_dags/example_python_operator.py for tasks to queue
[2024-11-11T04:04:50.089+0000] {logging_mixin.py:190} INFO - [2024-11-11T04:04:50.088+0000] {dagbag.py:588} INFO - Filling up the DagBag from /home/airflow/.local/lib/python3.12/site-packages/airflow/example_dags/example_python_operator.py
[2024-11-11T04:04:50.096+0000] {processor.py:925} INFO - DAG(s) 'example_python_operator' retrieved from /home/airflow/.local/lib/python3.12/site-packages/airflow/example_dags/example_python_operator.py
[2024-11-11T04:04:50.107+0000] {logging_mixin.py:190} INFO - [2024-11-11T04:04:50.107+0000] {dag.py:3239} INFO - Sync 1 DAGs
[2024-11-11T04:04:50.114+0000] {logging_mixin.py:190} INFO - [2024-11-11T04:04:50.114+0000] {dag.py:4180} INFO - Setting next_dagrun for example_python_operator to None, run_after=None
[2024-11-11T04:04:50.123+0000] {processor.py:208} INFO - Processing /home/airflow/.local/lib/python3.12/site-packages/airflow/example_dags/example_python_operator.py took 0.041 seconds
[2024-11-11T04:05:20.889+0000] {processor.py:186} INFO - Started process (PID=9820) to work on /home/airflow/.local/lib/python3.12/site-packages/airflow/example_dags/example_python_operator.py
[2024-11-11T04:05:20.890+0000] {processor.py:914} INFO - Processing file /home/airflow/.local/lib/python3.12/site-packages/airflow/example_dags/example_python_operator.py for tasks to queue
[2024-11-11T04:05:20.892+0000] {logging_mixin.py:190} INFO - [2024-11-11T04:05:20.891+0000] {dagbag.py:588} INFO - Filling up the DagBag from /home/airflow/.local/lib/python3.12/site-packages/airflow/example_dags/example_python_operator.py
[2024-11-11T04:05:20.899+0000] {processor.py:925} INFO - DAG(s) 'example_python_operator' retrieved from /home/airflow/.local/lib/python3.12/site-packages/airflow/example_dags/example_python_operator.py
[2024-11-11T04:05:20.910+0000] {logging_mixin.py:190} INFO - [2024-11-11T04:05:20.910+0000] {dag.py:3239} INFO - Sync 1 DAGs
[2024-11-11T04:05:20.917+0000] {logging_mixin.py:190} INFO - [2024-11-11T04:05:20.917+0000] {dag.py:4180} INFO - Setting next_dagrun for example_python_operator to None, run_after=None
[2024-11-11T04:05:20.927+0000] {processor.py:208} INFO - Processing /home/airflow/.local/lib/python3.12/site-packages/airflow/example_dags/example_python_operator.py took 0.043 seconds
[2024-11-11T04:05:51.568+0000] {processor.py:186} INFO - Started process (PID=9883) to work on /home/airflow/.local/lib/python3.12/site-packages/airflow/example_dags/example_python_operator.py
[2024-11-11T04:05:51.569+0000] {processor.py:914} INFO - Processing file /home/airflow/.local/lib/python3.12/site-packages/airflow/example_dags/example_python_operator.py for tasks to queue
[2024-11-11T04:05:51.570+0000] {logging_mixin.py:190} INFO - [2024-11-11T04:05:51.570+0000] {dagbag.py:588} INFO - Filling up the DagBag from /home/airflow/.local/lib/python3.12/site-packages/airflow/example_dags/example_python_operator.py
[2024-11-11T04:05:51.577+0000] {processor.py:925} INFO - DAG(s) 'example_python_operator' retrieved from /home/airflow/.local/lib/python3.12/site-packages/airflow/example_dags/example_python_operator.py
[2024-11-11T04:05:51.588+0000] {logging_mixin.py:190} INFO - [2024-11-11T04:05:51.588+0000] {dag.py:3239} INFO - Sync 1 DAGs
[2024-11-11T04:05:51.595+0000] {logging_mixin.py:190} INFO - [2024-11-11T04:05:51.595+0000] {dag.py:4180} INFO - Setting next_dagrun for example_python_operator to None, run_after=None
[2024-11-11T04:05:51.604+0000] {processor.py:208} INFO - Processing /home/airflow/.local/lib/python3.12/site-packages/airflow/example_dags/example_python_operator.py took 0.039 seconds
[2024-11-11T04:06:22.333+0000] {processor.py:186} INFO - Started process (PID=9947) to work on /home/airflow/.local/lib/python3.12/site-packages/airflow/example_dags/example_python_operator.py
[2024-11-11T04:06:22.334+0000] {processor.py:914} INFO - Processing file /home/airflow/.local/lib/python3.12/site-packages/airflow/example_dags/example_python_operator.py for tasks to queue
[2024-11-11T04:06:22.337+0000] {logging_mixin.py:190} INFO - [2024-11-11T04:06:22.337+0000] {dagbag.py:588} INFO - Filling up the DagBag from /home/airflow/.local/lib/python3.12/site-packages/airflow/example_dags/example_python_operator.py
[2024-11-11T04:06:22.349+0000] {processor.py:925} INFO - DAG(s) 'example_python_operator' retrieved from /home/airflow/.local/lib/python3.12/site-packages/airflow/example_dags/example_python_operator.py
[2024-11-11T04:06:22.361+0000] {logging_mixin.py:190} INFO - [2024-11-11T04:06:22.361+0000] {dag.py:3239} INFO - Sync 1 DAGs
[2024-11-11T04:06:22.368+0000] {logging_mixin.py:190} INFO - [2024-11-11T04:06:22.368+0000] {dag.py:4180} INFO - Setting next_dagrun for example_python_operator to None, run_after=None
[2024-11-11T04:06:22.380+0000] {processor.py:208} INFO - Processing /home/airflow/.local/lib/python3.12/site-packages/airflow/example_dags/example_python_operator.py took 0.051 seconds
[2024-11-11T04:06:53.083+0000] {processor.py:186} INFO - Started process (PID=10009) to work on /home/airflow/.local/lib/python3.12/site-packages/airflow/example_dags/example_python_operator.py
[2024-11-11T04:06:53.083+0000] {processor.py:914} INFO - Processing file /home/airflow/.local/lib/python3.12/site-packages/airflow/example_dags/example_python_operator.py for tasks to queue
[2024-11-11T04:06:53.085+0000] {logging_mixin.py:190} INFO - [2024-11-11T04:06:53.085+0000] {dagbag.py:588} INFO - Filling up the DagBag from /home/airflow/.local/lib/python3.12/site-packages/airflow/example_dags/example_python_operator.py
[2024-11-11T04:06:53.092+0000] {processor.py:925} INFO - DAG(s) 'example_python_operator' retrieved from /home/airflow/.local/lib/python3.12/site-packages/airflow/example_dags/example_python_operator.py
[2024-11-11T04:06:53.103+0000] {logging_mixin.py:190} INFO - [2024-11-11T04:06:53.103+0000] {dag.py:3239} INFO - Sync 1 DAGs
[2024-11-11T04:06:53.110+0000] {logging_mixin.py:190} INFO - [2024-11-11T04:06:53.110+0000] {dag.py:4180} INFO - Setting next_dagrun for example_python_operator to None, run_after=None
[2024-11-11T04:06:53.118+0000] {processor.py:208} INFO - Processing /home/airflow/.local/lib/python3.12/site-packages/airflow/example_dags/example_python_operator.py took 0.039 seconds
[2024-11-11T04:07:23.831+0000] {processor.py:186} INFO - Started process (PID=10072) to work on /home/airflow/.local/lib/python3.12/site-packages/airflow/example_dags/example_python_operator.py
[2024-11-11T04:07:23.832+0000] {processor.py:914} INFO - Processing file /home/airflow/.local/lib/python3.12/site-packages/airflow/example_dags/example_python_operator.py for tasks to queue
[2024-11-11T04:07:23.833+0000] {logging_mixin.py:190} INFO - [2024-11-11T04:07:23.833+0000] {dagbag.py:588} INFO - Filling up the DagBag from /home/airflow/.local/lib/python3.12/site-packages/airflow/example_dags/example_python_operator.py
[2024-11-11T04:07:23.840+0000] {processor.py:925} INFO - DAG(s) 'example_python_operator' retrieved from /home/airflow/.local/lib/python3.12/site-packages/airflow/example_dags/example_python_operator.py
[2024-11-11T04:07:23.851+0000] {logging_mixin.py:190} INFO - [2024-11-11T04:07:23.851+0000] {dag.py:3239} INFO - Sync 1 DAGs
[2024-11-11T04:07:23.858+0000] {logging_mixin.py:190} INFO - [2024-11-11T04:07:23.858+0000] {dag.py:4180} INFO - Setting next_dagrun for example_python_operator to None, run_after=None
[2024-11-11T04:07:23.866+0000] {processor.py:208} INFO - Processing /home/airflow/.local/lib/python3.12/site-packages/airflow/example_dags/example_python_operator.py took 0.039 seconds
[2024-11-11T04:07:54.706+0000] {processor.py:186} INFO - Started process (PID=10135) to work on /home/airflow/.local/lib/python3.12/site-packages/airflow/example_dags/example_python_operator.py
[2024-11-11T04:07:54.706+0000] {processor.py:914} INFO - Processing file /home/airflow/.local/lib/python3.12/site-packages/airflow/example_dags/example_python_operator.py for tasks to queue
[2024-11-11T04:07:54.708+0000] {logging_mixin.py:190} INFO - [2024-11-11T04:07:54.707+0000] {dagbag.py:588} INFO - Filling up the DagBag from /home/airflow/.local/lib/python3.12/site-packages/airflow/example_dags/example_python_operator.py
[2024-11-11T04:07:54.714+0000] {processor.py:925} INFO - DAG(s) 'example_python_operator' retrieved from /home/airflow/.local/lib/python3.12/site-packages/airflow/example_dags/example_python_operator.py
[2024-11-11T04:07:54.725+0000] {logging_mixin.py:190} INFO - [2024-11-11T04:07:54.725+0000] {dag.py:3239} INFO - Sync 1 DAGs
[2024-11-11T04:07:54.732+0000] {logging_mixin.py:190} INFO - [2024-11-11T04:07:54.732+0000] {dag.py:4180} INFO - Setting next_dagrun for example_python_operator to None, run_after=None
[2024-11-11T04:07:54.739+0000] {processor.py:208} INFO - Processing /home/airflow/.local/lib/python3.12/site-packages/airflow/example_dags/example_python_operator.py took 0.037 seconds
[2024-11-11T04:08:25.491+0000] {processor.py:186} INFO - Started process (PID=10198) to work on /home/airflow/.local/lib/python3.12/site-packages/airflow/example_dags/example_python_operator.py
[2024-11-11T04:08:25.491+0000] {processor.py:914} INFO - Processing file /home/airflow/.local/lib/python3.12/site-packages/airflow/example_dags/example_python_operator.py for tasks to queue
[2024-11-11T04:08:25.493+0000] {logging_mixin.py:190} INFO - [2024-11-11T04:08:25.493+0000] {dagbag.py:588} INFO - Filling up the DagBag from /home/airflow/.local/lib/python3.12/site-packages/airflow/example_dags/example_python_operator.py
[2024-11-11T04:08:25.500+0000] {processor.py:925} INFO - DAG(s) 'example_python_operator' retrieved from /home/airflow/.local/lib/python3.12/site-packages/airflow/example_dags/example_python_operator.py
[2024-11-11T04:08:25.510+0000] {logging_mixin.py:190} INFO - [2024-11-11T04:08:25.510+0000] {dag.py:3239} INFO - Sync 1 DAGs
[2024-11-11T04:08:25.516+0000] {logging_mixin.py:190} INFO - [2024-11-11T04:08:25.516+0000] {dag.py:4180} INFO - Setting next_dagrun for example_python_operator to None, run_after=None
[2024-11-11T04:08:25.524+0000] {processor.py:208} INFO - Processing /home/airflow/.local/lib/python3.12/site-packages/airflow/example_dags/example_python_operator.py took 0.037 seconds
[2024-11-11T04:08:56.216+0000] {processor.py:186} INFO - Started process (PID=10261) to work on /home/airflow/.local/lib/python3.12/site-packages/airflow/example_dags/example_python_operator.py
[2024-11-11T04:08:56.217+0000] {processor.py:914} INFO - Processing file /home/airflow/.local/lib/python3.12/site-packages/airflow/example_dags/example_python_operator.py for tasks to queue
[2024-11-11T04:08:56.218+0000] {logging_mixin.py:190} INFO - [2024-11-11T04:08:56.218+0000] {dagbag.py:588} INFO - Filling up the DagBag from /home/airflow/.local/lib/python3.12/site-packages/airflow/example_dags/example_python_operator.py
[2024-11-11T04:08:56.225+0000] {processor.py:925} INFO - DAG(s) 'example_python_operator' retrieved from /home/airflow/.local/lib/python3.12/site-packages/airflow/example_dags/example_python_operator.py
[2024-11-11T04:08:56.237+0000] {logging_mixin.py:190} INFO - [2024-11-11T04:08:56.237+0000] {dag.py:3239} INFO - Sync 1 DAGs
[2024-11-11T04:08:56.244+0000] {logging_mixin.py:190} INFO - [2024-11-11T04:08:56.244+0000] {dag.py:4180} INFO - Setting next_dagrun for example_python_operator to None, run_after=None
[2024-11-11T04:08:56.253+0000] {processor.py:208} INFO - Processing /home/airflow/.local/lib/python3.12/site-packages/airflow/example_dags/example_python_operator.py took 0.040 seconds
[2024-11-11T04:09:26.797+0000] {processor.py:186} INFO - Started process (PID=10325) to work on /home/airflow/.local/lib/python3.12/site-packages/airflow/example_dags/example_python_operator.py
[2024-11-11T04:09:26.798+0000] {processor.py:914} INFO - Processing file /home/airflow/.local/lib/python3.12/site-packages/airflow/example_dags/example_python_operator.py for tasks to queue
[2024-11-11T04:09:26.799+0000] {logging_mixin.py:190} INFO - [2024-11-11T04:09:26.799+0000] {dagbag.py:588} INFO - Filling up the DagBag from /home/airflow/.local/lib/python3.12/site-packages/airflow/example_dags/example_python_operator.py
[2024-11-11T04:09:26.806+0000] {processor.py:925} INFO - DAG(s) 'example_python_operator' retrieved from /home/airflow/.local/lib/python3.12/site-packages/airflow/example_dags/example_python_operator.py
[2024-11-11T04:09:26.817+0000] {logging_mixin.py:190} INFO - [2024-11-11T04:09:26.817+0000] {dag.py:3239} INFO - Sync 1 DAGs
[2024-11-11T04:09:26.825+0000] {logging_mixin.py:190} INFO - [2024-11-11T04:09:26.825+0000] {dag.py:4180} INFO - Setting next_dagrun for example_python_operator to None, run_after=None
[2024-11-11T04:09:26.834+0000] {processor.py:208} INFO - Processing /home/airflow/.local/lib/python3.12/site-packages/airflow/example_dags/example_python_operator.py took 0.040 seconds
[2024-11-11T04:09:57.653+0000] {processor.py:186} INFO - Started process (PID=10388) to work on /home/airflow/.local/lib/python3.12/site-packages/airflow/example_dags/example_python_operator.py
[2024-11-11T04:09:57.653+0000] {processor.py:914} INFO - Processing file /home/airflow/.local/lib/python3.12/site-packages/airflow/example_dags/example_python_operator.py for tasks to queue
[2024-11-11T04:09:57.655+0000] {logging_mixin.py:190} INFO - [2024-11-11T04:09:57.654+0000] {dagbag.py:588} INFO - Filling up the DagBag from /home/airflow/.local/lib/python3.12/site-packages/airflow/example_dags/example_python_operator.py
[2024-11-11T04:09:57.662+0000] {processor.py:925} INFO - DAG(s) 'example_python_operator' retrieved from /home/airflow/.local/lib/python3.12/site-packages/airflow/example_dags/example_python_operator.py
[2024-11-11T04:09:57.675+0000] {logging_mixin.py:190} INFO - [2024-11-11T04:09:57.674+0000] {dag.py:3239} INFO - Sync 1 DAGs
[2024-11-11T04:09:57.683+0000] {logging_mixin.py:190} INFO - [2024-11-11T04:09:57.682+0000] {dag.py:4180} INFO - Setting next_dagrun for example_python_operator to None, run_after=None
[2024-11-11T04:09:57.797+0000] {processor.py:208} INFO - Processing /home/airflow/.local/lib/python3.12/site-packages/airflow/example_dags/example_python_operator.py took 0.148 seconds
[2024-11-11T04:10:28.006+0000] {processor.py:186} INFO - Started process (PID=10451) to work on /home/airflow/.local/lib/python3.12/site-packages/airflow/example_dags/example_python_operator.py
[2024-11-11T04:10:28.007+0000] {processor.py:914} INFO - Processing file /home/airflow/.local/lib/python3.12/site-packages/airflow/example_dags/example_python_operator.py for tasks to queue
[2024-11-11T04:10:28.008+0000] {logging_mixin.py:190} INFO - [2024-11-11T04:10:28.008+0000] {dagbag.py:588} INFO - Filling up the DagBag from /home/airflow/.local/lib/python3.12/site-packages/airflow/example_dags/example_python_operator.py
[2024-11-11T04:10:28.015+0000] {processor.py:925} INFO - DAG(s) 'example_python_operator' retrieved from /home/airflow/.local/lib/python3.12/site-packages/airflow/example_dags/example_python_operator.py
[2024-11-11T04:10:28.028+0000] {logging_mixin.py:190} INFO - [2024-11-11T04:10:28.028+0000] {dag.py:3239} INFO - Sync 1 DAGs
[2024-11-11T04:10:28.035+0000] {logging_mixin.py:190} INFO - [2024-11-11T04:10:28.035+0000] {dag.py:4180} INFO - Setting next_dagrun for example_python_operator to None, run_after=None
[2024-11-11T04:10:28.045+0000] {processor.py:208} INFO - Processing /home/airflow/.local/lib/python3.12/site-packages/airflow/example_dags/example_python_operator.py took 0.043 seconds
[2024-11-11T04:10:58.806+0000] {processor.py:186} INFO - Started process (PID=10513) to work on /home/airflow/.local/lib/python3.12/site-packages/airflow/example_dags/example_python_operator.py
[2024-11-11T04:10:58.806+0000] {processor.py:914} INFO - Processing file /home/airflow/.local/lib/python3.12/site-packages/airflow/example_dags/example_python_operator.py for tasks to queue
[2024-11-11T04:10:58.808+0000] {logging_mixin.py:190} INFO - [2024-11-11T04:10:58.808+0000] {dagbag.py:588} INFO - Filling up the DagBag from /home/airflow/.local/lib/python3.12/site-packages/airflow/example_dags/example_python_operator.py
[2024-11-11T04:10:58.815+0000] {processor.py:925} INFO - DAG(s) 'example_python_operator' retrieved from /home/airflow/.local/lib/python3.12/site-packages/airflow/example_dags/example_python_operator.py
[2024-11-11T04:10:58.826+0000] {logging_mixin.py:190} INFO - [2024-11-11T04:10:58.826+0000] {dag.py:3239} INFO - Sync 1 DAGs
[2024-11-11T04:10:58.833+0000] {logging_mixin.py:190} INFO - [2024-11-11T04:10:58.833+0000] {dag.py:4180} INFO - Setting next_dagrun for example_python_operator to None, run_after=None
[2024-11-11T04:10:58.841+0000] {processor.py:208} INFO - Processing /home/airflow/.local/lib/python3.12/site-packages/airflow/example_dags/example_python_operator.py took 0.039 seconds
[2024-11-11T04:11:29.324+0000] {processor.py:186} INFO - Started process (PID=10576) to work on /home/airflow/.local/lib/python3.12/site-packages/airflow/example_dags/example_python_operator.py
[2024-11-11T04:11:29.325+0000] {processor.py:914} INFO - Processing file /home/airflow/.local/lib/python3.12/site-packages/airflow/example_dags/example_python_operator.py for tasks to queue
[2024-11-11T04:11:29.326+0000] {logging_mixin.py:190} INFO - [2024-11-11T04:11:29.326+0000] {dagbag.py:588} INFO - Filling up the DagBag from /home/airflow/.local/lib/python3.12/site-packages/airflow/example_dags/example_python_operator.py
[2024-11-11T04:11:29.334+0000] {processor.py:925} INFO - DAG(s) 'example_python_operator' retrieved from /home/airflow/.local/lib/python3.12/site-packages/airflow/example_dags/example_python_operator.py
[2024-11-11T04:11:29.347+0000] {logging_mixin.py:190} INFO - [2024-11-11T04:11:29.347+0000] {dag.py:3239} INFO - Sync 1 DAGs
[2024-11-11T04:11:29.476+0000] {logging_mixin.py:190} INFO - [2024-11-11T04:11:29.476+0000] {dag.py:4180} INFO - Setting next_dagrun for example_python_operator to None, run_after=None
[2024-11-11T04:11:29.485+0000] {processor.py:208} INFO - Processing /home/airflow/.local/lib/python3.12/site-packages/airflow/example_dags/example_python_operator.py took 0.166 seconds
[2024-11-11T04:11:59.714+0000] {processor.py:186} INFO - Started process (PID=10639) to work on /home/airflow/.local/lib/python3.12/site-packages/airflow/example_dags/example_python_operator.py
[2024-11-11T04:11:59.715+0000] {processor.py:914} INFO - Processing file /home/airflow/.local/lib/python3.12/site-packages/airflow/example_dags/example_python_operator.py for tasks to queue
[2024-11-11T04:11:59.717+0000] {logging_mixin.py:190} INFO - [2024-11-11T04:11:59.716+0000] {dagbag.py:588} INFO - Filling up the DagBag from /home/airflow/.local/lib/python3.12/site-packages/airflow/example_dags/example_python_operator.py
[2024-11-11T04:11:59.724+0000] {processor.py:925} INFO - DAG(s) 'example_python_operator' retrieved from /home/airflow/.local/lib/python3.12/site-packages/airflow/example_dags/example_python_operator.py
[2024-11-11T04:11:59.736+0000] {logging_mixin.py:190} INFO - [2024-11-11T04:11:59.736+0000] {dag.py:3239} INFO - Sync 1 DAGs
[2024-11-11T04:11:59.744+0000] {logging_mixin.py:190} INFO - [2024-11-11T04:11:59.744+0000] {dag.py:4180} INFO - Setting next_dagrun for example_python_operator to None, run_after=None
[2024-11-11T04:11:59.863+0000] {processor.py:208} INFO - Processing /home/airflow/.local/lib/python3.12/site-packages/airflow/example_dags/example_python_operator.py took 0.152 seconds
[2024-11-11T04:12:30.899+0000] {processor.py:186} INFO - Started process (PID=10703) to work on /home/airflow/.local/lib/python3.12/site-packages/airflow/example_dags/example_python_operator.py
[2024-11-11T04:12:30.900+0000] {processor.py:914} INFO - Processing file /home/airflow/.local/lib/python3.12/site-packages/airflow/example_dags/example_python_operator.py for tasks to queue
[2024-11-11T04:12:30.901+0000] {logging_mixin.py:190} INFO - [2024-11-11T04:12:30.901+0000] {dagbag.py:588} INFO - Filling up the DagBag from /home/airflow/.local/lib/python3.12/site-packages/airflow/example_dags/example_python_operator.py
[2024-11-11T04:12:30.908+0000] {processor.py:925} INFO - DAG(s) 'example_python_operator' retrieved from /home/airflow/.local/lib/python3.12/site-packages/airflow/example_dags/example_python_operator.py
[2024-11-11T04:12:30.920+0000] {logging_mixin.py:190} INFO - [2024-11-11T04:12:30.920+0000] {dag.py:3239} INFO - Sync 1 DAGs
[2024-11-11T04:12:30.927+0000] {logging_mixin.py:190} INFO - [2024-11-11T04:12:30.927+0000] {dag.py:4180} INFO - Setting next_dagrun for example_python_operator to None, run_after=None
[2024-11-11T04:12:30.935+0000] {processor.py:208} INFO - Processing /home/airflow/.local/lib/python3.12/site-packages/airflow/example_dags/example_python_operator.py took 0.040 seconds
[2024-11-11T04:13:01.363+0000] {processor.py:186} INFO - Started process (PID=10766) to work on /home/airflow/.local/lib/python3.12/site-packages/airflow/example_dags/example_python_operator.py
[2024-11-11T04:13:01.364+0000] {processor.py:914} INFO - Processing file /home/airflow/.local/lib/python3.12/site-packages/airflow/example_dags/example_python_operator.py for tasks to queue
[2024-11-11T04:13:01.366+0000] {logging_mixin.py:190} INFO - [2024-11-11T04:13:01.365+0000] {dagbag.py:588} INFO - Filling up the DagBag from /home/airflow/.local/lib/python3.12/site-packages/airflow/example_dags/example_python_operator.py
[2024-11-11T04:13:01.373+0000] {processor.py:925} INFO - DAG(s) 'example_python_operator' retrieved from /home/airflow/.local/lib/python3.12/site-packages/airflow/example_dags/example_python_operator.py
[2024-11-11T04:13:01.385+0000] {logging_mixin.py:190} INFO - [2024-11-11T04:13:01.385+0000] {dag.py:3239} INFO - Sync 1 DAGs
[2024-11-11T04:13:01.392+0000] {logging_mixin.py:190} INFO - [2024-11-11T04:13:01.392+0000] {dag.py:4180} INFO - Setting next_dagrun for example_python_operator to None, run_after=None
[2024-11-11T04:13:01.401+0000] {processor.py:208} INFO - Processing /home/airflow/.local/lib/python3.12/site-packages/airflow/example_dags/example_python_operator.py took 0.041 seconds
[2024-11-11T04:13:31.889+0000] {processor.py:186} INFO - Started process (PID=10829) to work on /home/airflow/.local/lib/python3.12/site-packages/airflow/example_dags/example_python_operator.py
[2024-11-11T04:13:31.890+0000] {processor.py:914} INFO - Processing file /home/airflow/.local/lib/python3.12/site-packages/airflow/example_dags/example_python_operator.py for tasks to queue
[2024-11-11T04:13:31.891+0000] {logging_mixin.py:190} INFO - [2024-11-11T04:13:31.891+0000] {dagbag.py:588} INFO - Filling up the DagBag from /home/airflow/.local/lib/python3.12/site-packages/airflow/example_dags/example_python_operator.py
[2024-11-11T04:13:31.899+0000] {processor.py:925} INFO - DAG(s) 'example_python_operator' retrieved from /home/airflow/.local/lib/python3.12/site-packages/airflow/example_dags/example_python_operator.py
[2024-11-11T04:13:31.910+0000] {logging_mixin.py:190} INFO - [2024-11-11T04:13:31.909+0000] {dag.py:3239} INFO - Sync 1 DAGs
[2024-11-11T04:13:31.917+0000] {logging_mixin.py:190} INFO - [2024-11-11T04:13:31.917+0000] {dag.py:4180} INFO - Setting next_dagrun for example_python_operator to None, run_after=None
[2024-11-11T04:13:31.925+0000] {processor.py:208} INFO - Processing /home/airflow/.local/lib/python3.12/site-packages/airflow/example_dags/example_python_operator.py took 0.040 seconds
[2024-11-11T04:47:35.816+0000] {processor.py:186} INFO - Started process (PID=10892) to work on /home/airflow/.local/lib/python3.12/site-packages/airflow/example_dags/example_python_operator.py
[2024-11-11T04:47:35.816+0000] {processor.py:914} INFO - Processing file /home/airflow/.local/lib/python3.12/site-packages/airflow/example_dags/example_python_operator.py for tasks to queue
[2024-11-11T04:47:35.818+0000] {logging_mixin.py:190} INFO - [2024-11-11T04:47:35.817+0000] {dagbag.py:588} INFO - Filling up the DagBag from /home/airflow/.local/lib/python3.12/site-packages/airflow/example_dags/example_python_operator.py
[2024-11-11T04:47:35.825+0000] {processor.py:925} INFO - DAG(s) 'example_python_operator' retrieved from /home/airflow/.local/lib/python3.12/site-packages/airflow/example_dags/example_python_operator.py
[2024-11-11T04:47:35.837+0000] {logging_mixin.py:190} INFO - [2024-11-11T04:47:35.836+0000] {dag.py:3239} INFO - Sync 1 DAGs
[2024-11-11T04:47:35.845+0000] {logging_mixin.py:190} INFO - [2024-11-11T04:47:35.845+0000] {dag.py:4180} INFO - Setting next_dagrun for example_python_operator to None, run_after=None
[2024-11-11T04:47:35.853+0000] {processor.py:208} INFO - Processing /home/airflow/.local/lib/python3.12/site-packages/airflow/example_dags/example_python_operator.py took 0.041 seconds
[2024-11-11T05:54:19.967+0000] {processor.py:186} INFO - Started process (PID=10954) to work on /home/airflow/.local/lib/python3.12/site-packages/airflow/example_dags/example_python_operator.py
[2024-11-11T05:54:19.968+0000] {processor.py:914} INFO - Processing file /home/airflow/.local/lib/python3.12/site-packages/airflow/example_dags/example_python_operator.py for tasks to queue
[2024-11-11T05:54:19.969+0000] {logging_mixin.py:190} INFO - [2024-11-11T05:54:19.969+0000] {dagbag.py:588} INFO - Filling up the DagBag from /home/airflow/.local/lib/python3.12/site-packages/airflow/example_dags/example_python_operator.py
[2024-11-11T05:54:19.976+0000] {processor.py:925} INFO - DAG(s) 'example_python_operator' retrieved from /home/airflow/.local/lib/python3.12/site-packages/airflow/example_dags/example_python_operator.py
[2024-11-11T05:54:19.987+0000] {logging_mixin.py:190} INFO - [2024-11-11T05:54:19.987+0000] {dag.py:3239} INFO - Sync 1 DAGs
[2024-11-11T05:54:19.994+0000] {logging_mixin.py:190} INFO - [2024-11-11T05:54:19.994+0000] {dag.py:4180} INFO - Setting next_dagrun for example_python_operator to None, run_after=None
[2024-11-11T05:54:20.002+0000] {processor.py:208} INFO - Processing /home/airflow/.local/lib/python3.12/site-packages/airflow/example_dags/example_python_operator.py took 0.038 seconds
[2024-11-11T05:54:50.360+0000] {processor.py:186} INFO - Started process (PID=11017) to work on /home/airflow/.local/lib/python3.12/site-packages/airflow/example_dags/example_python_operator.py
[2024-11-11T05:54:50.360+0000] {processor.py:914} INFO - Processing file /home/airflow/.local/lib/python3.12/site-packages/airflow/example_dags/example_python_operator.py for tasks to queue
[2024-11-11T05:54:50.362+0000] {logging_mixin.py:190} INFO - [2024-11-11T05:54:50.362+0000] {dagbag.py:588} INFO - Filling up the DagBag from /home/airflow/.local/lib/python3.12/site-packages/airflow/example_dags/example_python_operator.py
[2024-11-11T05:54:50.368+0000] {processor.py:925} INFO - DAG(s) 'example_python_operator' retrieved from /home/airflow/.local/lib/python3.12/site-packages/airflow/example_dags/example_python_operator.py
[2024-11-11T05:54:50.379+0000] {logging_mixin.py:190} INFO - [2024-11-11T05:54:50.378+0000] {dag.py:3239} INFO - Sync 1 DAGs
[2024-11-11T05:54:50.385+0000] {logging_mixin.py:190} INFO - [2024-11-11T05:54:50.385+0000] {dag.py:4180} INFO - Setting next_dagrun for example_python_operator to None, run_after=None
[2024-11-11T05:54:50.394+0000] {processor.py:208} INFO - Processing /home/airflow/.local/lib/python3.12/site-packages/airflow/example_dags/example_python_operator.py took 0.038 seconds
[2024-11-11T05:55:20.810+0000] {processor.py:186} INFO - Started process (PID=11080) to work on /home/airflow/.local/lib/python3.12/site-packages/airflow/example_dags/example_python_operator.py
[2024-11-11T05:55:20.811+0000] {processor.py:914} INFO - Processing file /home/airflow/.local/lib/python3.12/site-packages/airflow/example_dags/example_python_operator.py for tasks to queue
[2024-11-11T05:55:20.812+0000] {logging_mixin.py:190} INFO - [2024-11-11T05:55:20.812+0000] {dagbag.py:588} INFO - Filling up the DagBag from /home/airflow/.local/lib/python3.12/site-packages/airflow/example_dags/example_python_operator.py
[2024-11-11T05:55:20.819+0000] {processor.py:925} INFO - DAG(s) 'example_python_operator' retrieved from /home/airflow/.local/lib/python3.12/site-packages/airflow/example_dags/example_python_operator.py
[2024-11-11T05:55:20.830+0000] {logging_mixin.py:190} INFO - [2024-11-11T05:55:20.830+0000] {dag.py:3239} INFO - Sync 1 DAGs
[2024-11-11T05:55:20.836+0000] {logging_mixin.py:190} INFO - [2024-11-11T05:55:20.836+0000] {dag.py:4180} INFO - Setting next_dagrun for example_python_operator to None, run_after=None
[2024-11-11T05:55:20.845+0000] {processor.py:208} INFO - Processing /home/airflow/.local/lib/python3.12/site-packages/airflow/example_dags/example_python_operator.py took 0.038 seconds
[2024-11-11T05:55:51.252+0000] {processor.py:186} INFO - Started process (PID=11143) to work on /home/airflow/.local/lib/python3.12/site-packages/airflow/example_dags/example_python_operator.py
[2024-11-11T05:55:51.253+0000] {processor.py:914} INFO - Processing file /home/airflow/.local/lib/python3.12/site-packages/airflow/example_dags/example_python_operator.py for tasks to queue
[2024-11-11T05:55:51.254+0000] {logging_mixin.py:190} INFO - [2024-11-11T05:55:51.254+0000] {dagbag.py:588} INFO - Filling up the DagBag from /home/airflow/.local/lib/python3.12/site-packages/airflow/example_dags/example_python_operator.py
[2024-11-11T05:55:51.261+0000] {processor.py:925} INFO - DAG(s) 'example_python_operator' retrieved from /home/airflow/.local/lib/python3.12/site-packages/airflow/example_dags/example_python_operator.py
[2024-11-11T05:55:51.272+0000] {logging_mixin.py:190} INFO - [2024-11-11T05:55:51.271+0000] {dag.py:3239} INFO - Sync 1 DAGs
[2024-11-11T05:55:51.278+0000] {logging_mixin.py:190} INFO - [2024-11-11T05:55:51.278+0000] {dag.py:4180} INFO - Setting next_dagrun for example_python_operator to None, run_after=None
[2024-11-11T05:55:51.287+0000] {processor.py:208} INFO - Processing /home/airflow/.local/lib/python3.12/site-packages/airflow/example_dags/example_python_operator.py took 0.038 seconds
[2024-11-11T05:56:21.798+0000] {processor.py:186} INFO - Started process (PID=11206) to work on /home/airflow/.local/lib/python3.12/site-packages/airflow/example_dags/example_python_operator.py
[2024-11-11T05:56:21.799+0000] {processor.py:914} INFO - Processing file /home/airflow/.local/lib/python3.12/site-packages/airflow/example_dags/example_python_operator.py for tasks to queue
[2024-11-11T05:56:21.800+0000] {logging_mixin.py:190} INFO - [2024-11-11T05:56:21.800+0000] {dagbag.py:588} INFO - Filling up the DagBag from /home/airflow/.local/lib/python3.12/site-packages/airflow/example_dags/example_python_operator.py
[2024-11-11T05:56:21.807+0000] {processor.py:925} INFO - DAG(s) 'example_python_operator' retrieved from /home/airflow/.local/lib/python3.12/site-packages/airflow/example_dags/example_python_operator.py
[2024-11-11T05:56:21.819+0000] {logging_mixin.py:190} INFO - [2024-11-11T05:56:21.819+0000] {dag.py:3239} INFO - Sync 1 DAGs
[2024-11-11T05:56:21.826+0000] {logging_mixin.py:190} INFO - [2024-11-11T05:56:21.826+0000] {dag.py:4180} INFO - Setting next_dagrun for example_python_operator to None, run_after=None
[2024-11-11T05:56:21.834+0000] {processor.py:208} INFO - Processing /home/airflow/.local/lib/python3.12/site-packages/airflow/example_dags/example_python_operator.py took 0.040 seconds
[2024-11-11T05:56:52.123+0000] {processor.py:186} INFO - Started process (PID=11269) to work on /home/airflow/.local/lib/python3.12/site-packages/airflow/example_dags/example_python_operator.py
[2024-11-11T05:56:52.124+0000] {processor.py:914} INFO - Processing file /home/airflow/.local/lib/python3.12/site-packages/airflow/example_dags/example_python_operator.py for tasks to queue
[2024-11-11T05:56:52.125+0000] {logging_mixin.py:190} INFO - [2024-11-11T05:56:52.125+0000] {dagbag.py:588} INFO - Filling up the DagBag from /home/airflow/.local/lib/python3.12/site-packages/airflow/example_dags/example_python_operator.py
[2024-11-11T05:56:52.132+0000] {processor.py:925} INFO - DAG(s) 'example_python_operator' retrieved from /home/airflow/.local/lib/python3.12/site-packages/airflow/example_dags/example_python_operator.py
[2024-11-11T05:56:52.143+0000] {logging_mixin.py:190} INFO - [2024-11-11T05:56:52.143+0000] {dag.py:3239} INFO - Sync 1 DAGs
[2024-11-11T05:56:52.152+0000] {logging_mixin.py:190} INFO - [2024-11-11T05:56:52.151+0000] {dag.py:4180} INFO - Setting next_dagrun for example_python_operator to None, run_after=None
[2024-11-11T05:56:52.160+0000] {processor.py:208} INFO - Processing /home/airflow/.local/lib/python3.12/site-packages/airflow/example_dags/example_python_operator.py took 0.041 seconds
