[2024-11-11T02:24:39.338+0000] {processor.py:186} INFO - Started process (PID=83) to work on /home/airflow/.local/lib/python3.12/site-packages/airflow/example_dags/example_sensor_decorator.py
[2024-11-11T02:24:39.339+0000] {processor.py:914} INFO - Processing file /home/airflow/.local/lib/python3.12/site-packages/airflow/example_dags/example_sensor_decorator.py for tasks to queue
[2024-11-11T02:24:39.340+0000] {logging_mixin.py:190} INFO - [2024-11-11T02:24:39.340+0000] {dagbag.py:588} INFO - Filling up the DagBag from /home/airflow/.local/lib/python3.12/site-packages/airflow/example_dags/example_sensor_decorator.py
[2024-11-11T02:24:39.346+0000] {processor.py:925} INFO - DAG(s) 'example_sensor_decorator' retrieved from /home/airflow/.local/lib/python3.12/site-packages/airflow/example_dags/example_sensor_decorator.py
[2024-11-11T02:24:39.396+0000] {logging_mixin.py:190} INFO - [2024-11-11T02:24:39.396+0000] {override.py:1911} INFO - Created Permission View: can edit on DAG:example_sensor_decorator
[2024-11-11T02:24:39.401+0000] {logging_mixin.py:190} INFO - [2024-11-11T02:24:39.401+0000] {override.py:1911} INFO - Created Permission View: can read on DAG:example_sensor_decorator
[2024-11-11T02:24:39.404+0000] {logging_mixin.py:190} INFO - [2024-11-11T02:24:39.404+0000] {override.py:1911} INFO - Created Permission View: can delete on DAG:example_sensor_decorator
[2024-11-11T02:24:39.407+0000] {logging_mixin.py:190} INFO - [2024-11-11T02:24:39.407+0000] {override.py:1911} INFO - Created Permission View: can read on DAG Run:example_sensor_decorator
[2024-11-11T02:24:39.409+0000] {logging_mixin.py:190} INFO - [2024-11-11T02:24:39.409+0000] {override.py:1911} INFO - Created Permission View: can create on DAG Run:example_sensor_decorator
[2024-11-11T02:24:39.412+0000] {logging_mixin.py:190} INFO - [2024-11-11T02:24:39.411+0000] {override.py:1911} INFO - Created Permission View: can delete on DAG Run:example_sensor_decorator
[2024-11-11T02:24:39.414+0000] {logging_mixin.py:190} INFO - [2024-11-11T02:24:39.414+0000] {override.py:1911} INFO - Created Permission View: menu access on DAG Run:example_sensor_decorator
[2024-11-11T02:24:39.414+0000] {logging_mixin.py:190} INFO - [2024-11-11T02:24:39.414+0000] {dag.py:3239} INFO - Sync 1 DAGs
[2024-11-11T02:24:39.420+0000] {logging_mixin.py:190} INFO - [2024-11-11T02:24:39.420+0000] {dag.py:3262} INFO - Creating ORM DAG for example_sensor_decorator
[2024-11-11T02:24:39.420+0000] {logging_mixin.py:190} INFO - [2024-11-11T02:24:39.420+0000] {dag.py:4180} INFO - Setting next_dagrun for example_sensor_decorator to None, run_after=None
[2024-11-11T02:24:39.427+0000] {processor.py:208} INFO - Processing /home/airflow/.local/lib/python3.12/site-packages/airflow/example_dags/example_sensor_decorator.py took 0.093 seconds
[2024-11-11T02:25:10.441+0000] {processor.py:186} INFO - Started process (PID=146) to work on /home/airflow/.local/lib/python3.12/site-packages/airflow/example_dags/example_sensor_decorator.py
[2024-11-11T02:25:10.442+0000] {processor.py:914} INFO - Processing file /home/airflow/.local/lib/python3.12/site-packages/airflow/example_dags/example_sensor_decorator.py for tasks to queue
[2024-11-11T02:25:10.444+0000] {logging_mixin.py:190} INFO - [2024-11-11T02:25:10.443+0000] {dagbag.py:588} INFO - Filling up the DagBag from /home/airflow/.local/lib/python3.12/site-packages/airflow/example_dags/example_sensor_decorator.py
[2024-11-11T02:25:10.448+0000] {processor.py:925} INFO - DAG(s) 'example_sensor_decorator' retrieved from /home/airflow/.local/lib/python3.12/site-packages/airflow/example_dags/example_sensor_decorator.py
[2024-11-11T02:25:10.458+0000] {logging_mixin.py:190} INFO - [2024-11-11T02:25:10.458+0000] {dag.py:3239} INFO - Sync 1 DAGs
[2024-11-11T02:25:10.465+0000] {logging_mixin.py:190} INFO - [2024-11-11T02:25:10.465+0000] {dag.py:4180} INFO - Setting next_dagrun for example_sensor_decorator to None, run_after=None
[2024-11-11T02:25:10.474+0000] {processor.py:208} INFO - Processing /home/airflow/.local/lib/python3.12/site-packages/airflow/example_dags/example_sensor_decorator.py took 0.036 seconds
[2024-11-11T02:25:41.208+0000] {processor.py:186} INFO - Started process (PID=209) to work on /home/airflow/.local/lib/python3.12/site-packages/airflow/example_dags/example_sensor_decorator.py
[2024-11-11T02:25:41.209+0000] {processor.py:914} INFO - Processing file /home/airflow/.local/lib/python3.12/site-packages/airflow/example_dags/example_sensor_decorator.py for tasks to queue
[2024-11-11T02:25:41.211+0000] {logging_mixin.py:190} INFO - [2024-11-11T02:25:41.210+0000] {dagbag.py:588} INFO - Filling up the DagBag from /home/airflow/.local/lib/python3.12/site-packages/airflow/example_dags/example_sensor_decorator.py
[2024-11-11T02:25:41.215+0000] {processor.py:925} INFO - DAG(s) 'example_sensor_decorator' retrieved from /home/airflow/.local/lib/python3.12/site-packages/airflow/example_dags/example_sensor_decorator.py
[2024-11-11T02:25:41.225+0000] {logging_mixin.py:190} INFO - [2024-11-11T02:25:41.225+0000] {dag.py:3239} INFO - Sync 1 DAGs
[2024-11-11T02:25:41.232+0000] {logging_mixin.py:190} INFO - [2024-11-11T02:25:41.232+0000] {dag.py:4180} INFO - Setting next_dagrun for example_sensor_decorator to None, run_after=None
[2024-11-11T02:25:41.242+0000] {processor.py:208} INFO - Processing /home/airflow/.local/lib/python3.12/site-packages/airflow/example_dags/example_sensor_decorator.py took 0.037 seconds
[2024-11-11T02:26:11.837+0000] {processor.py:186} INFO - Started process (PID=272) to work on /home/airflow/.local/lib/python3.12/site-packages/airflow/example_dags/example_sensor_decorator.py
[2024-11-11T02:26:11.838+0000] {processor.py:914} INFO - Processing file /home/airflow/.local/lib/python3.12/site-packages/airflow/example_dags/example_sensor_decorator.py for tasks to queue
[2024-11-11T02:26:11.839+0000] {logging_mixin.py:190} INFO - [2024-11-11T02:26:11.839+0000] {dagbag.py:588} INFO - Filling up the DagBag from /home/airflow/.local/lib/python3.12/site-packages/airflow/example_dags/example_sensor_decorator.py
[2024-11-11T02:26:11.844+0000] {processor.py:925} INFO - DAG(s) 'example_sensor_decorator' retrieved from /home/airflow/.local/lib/python3.12/site-packages/airflow/example_dags/example_sensor_decorator.py
[2024-11-11T02:26:11.854+0000] {logging_mixin.py:190} INFO - [2024-11-11T02:26:11.854+0000] {dag.py:3239} INFO - Sync 1 DAGs
[2024-11-11T02:26:11.861+0000] {logging_mixin.py:190} INFO - [2024-11-11T02:26:11.861+0000] {dag.py:4180} INFO - Setting next_dagrun for example_sensor_decorator to None, run_after=None
[2024-11-11T02:26:11.869+0000] {processor.py:208} INFO - Processing /home/airflow/.local/lib/python3.12/site-packages/airflow/example_dags/example_sensor_decorator.py took 0.036 seconds
[2024-11-11T02:26:42.443+0000] {processor.py:186} INFO - Started process (PID=335) to work on /home/airflow/.local/lib/python3.12/site-packages/airflow/example_dags/example_sensor_decorator.py
[2024-11-11T02:26:42.443+0000] {processor.py:914} INFO - Processing file /home/airflow/.local/lib/python3.12/site-packages/airflow/example_dags/example_sensor_decorator.py for tasks to queue
[2024-11-11T02:26:42.445+0000] {logging_mixin.py:190} INFO - [2024-11-11T02:26:42.445+0000] {dagbag.py:588} INFO - Filling up the DagBag from /home/airflow/.local/lib/python3.12/site-packages/airflow/example_dags/example_sensor_decorator.py
[2024-11-11T02:26:42.450+0000] {processor.py:925} INFO - DAG(s) 'example_sensor_decorator' retrieved from /home/airflow/.local/lib/python3.12/site-packages/airflow/example_dags/example_sensor_decorator.py
[2024-11-11T02:26:42.460+0000] {logging_mixin.py:190} INFO - [2024-11-11T02:26:42.460+0000] {dag.py:3239} INFO - Sync 1 DAGs
[2024-11-11T02:26:42.468+0000] {logging_mixin.py:190} INFO - [2024-11-11T02:26:42.467+0000] {dag.py:4180} INFO - Setting next_dagrun for example_sensor_decorator to None, run_after=None
[2024-11-11T02:26:42.476+0000] {processor.py:208} INFO - Processing /home/airflow/.local/lib/python3.12/site-packages/airflow/example_dags/example_sensor_decorator.py took 0.037 seconds
[2024-11-11T02:27:13.050+0000] {processor.py:186} INFO - Started process (PID=398) to work on /home/airflow/.local/lib/python3.12/site-packages/airflow/example_dags/example_sensor_decorator.py
[2024-11-11T02:27:13.051+0000] {processor.py:914} INFO - Processing file /home/airflow/.local/lib/python3.12/site-packages/airflow/example_dags/example_sensor_decorator.py for tasks to queue
[2024-11-11T02:27:13.052+0000] {logging_mixin.py:190} INFO - [2024-11-11T02:27:13.052+0000] {dagbag.py:588} INFO - Filling up the DagBag from /home/airflow/.local/lib/python3.12/site-packages/airflow/example_dags/example_sensor_decorator.py
[2024-11-11T02:27:13.057+0000] {processor.py:925} INFO - DAG(s) 'example_sensor_decorator' retrieved from /home/airflow/.local/lib/python3.12/site-packages/airflow/example_dags/example_sensor_decorator.py
[2024-11-11T02:27:13.068+0000] {logging_mixin.py:190} INFO - [2024-11-11T02:27:13.068+0000] {dag.py:3239} INFO - Sync 1 DAGs
[2024-11-11T02:27:13.076+0000] {logging_mixin.py:190} INFO - [2024-11-11T02:27:13.075+0000] {dag.py:4180} INFO - Setting next_dagrun for example_sensor_decorator to None, run_after=None
[2024-11-11T02:27:13.086+0000] {processor.py:208} INFO - Processing /home/airflow/.local/lib/python3.12/site-packages/airflow/example_dags/example_sensor_decorator.py took 0.039 seconds
[2024-11-11T02:27:43.610+0000] {processor.py:186} INFO - Started process (PID=461) to work on /home/airflow/.local/lib/python3.12/site-packages/airflow/example_dags/example_sensor_decorator.py
[2024-11-11T02:27:43.611+0000] {processor.py:914} INFO - Processing file /home/airflow/.local/lib/python3.12/site-packages/airflow/example_dags/example_sensor_decorator.py for tasks to queue
[2024-11-11T02:27:43.613+0000] {logging_mixin.py:190} INFO - [2024-11-11T02:27:43.612+0000] {dagbag.py:588} INFO - Filling up the DagBag from /home/airflow/.local/lib/python3.12/site-packages/airflow/example_dags/example_sensor_decorator.py
[2024-11-11T02:27:43.617+0000] {processor.py:925} INFO - DAG(s) 'example_sensor_decorator' retrieved from /home/airflow/.local/lib/python3.12/site-packages/airflow/example_dags/example_sensor_decorator.py
[2024-11-11T02:27:43.627+0000] {logging_mixin.py:190} INFO - [2024-11-11T02:27:43.627+0000] {dag.py:3239} INFO - Sync 1 DAGs
[2024-11-11T02:27:43.634+0000] {logging_mixin.py:190} INFO - [2024-11-11T02:27:43.634+0000] {dag.py:4180} INFO - Setting next_dagrun for example_sensor_decorator to None, run_after=None
[2024-11-11T02:27:43.643+0000] {processor.py:208} INFO - Processing /home/airflow/.local/lib/python3.12/site-packages/airflow/example_dags/example_sensor_decorator.py took 0.036 seconds
[2024-11-11T02:28:14.364+0000] {processor.py:186} INFO - Started process (PID=524) to work on /home/airflow/.local/lib/python3.12/site-packages/airflow/example_dags/example_sensor_decorator.py
[2024-11-11T02:28:14.364+0000] {processor.py:914} INFO - Processing file /home/airflow/.local/lib/python3.12/site-packages/airflow/example_dags/example_sensor_decorator.py for tasks to queue
[2024-11-11T02:28:14.366+0000] {logging_mixin.py:190} INFO - [2024-11-11T02:28:14.366+0000] {dagbag.py:588} INFO - Filling up the DagBag from /home/airflow/.local/lib/python3.12/site-packages/airflow/example_dags/example_sensor_decorator.py
[2024-11-11T02:28:14.371+0000] {processor.py:925} INFO - DAG(s) 'example_sensor_decorator' retrieved from /home/airflow/.local/lib/python3.12/site-packages/airflow/example_dags/example_sensor_decorator.py
[2024-11-11T02:28:14.381+0000] {logging_mixin.py:190} INFO - [2024-11-11T02:28:14.381+0000] {dag.py:3239} INFO - Sync 1 DAGs
[2024-11-11T02:28:14.388+0000] {logging_mixin.py:190} INFO - [2024-11-11T02:28:14.388+0000] {dag.py:4180} INFO - Setting next_dagrun for example_sensor_decorator to None, run_after=None
[2024-11-11T02:28:14.396+0000] {processor.py:208} INFO - Processing /home/airflow/.local/lib/python3.12/site-packages/airflow/example_dags/example_sensor_decorator.py took 0.036 seconds
[2024-11-11T02:28:44.977+0000] {processor.py:186} INFO - Started process (PID=587) to work on /home/airflow/.local/lib/python3.12/site-packages/airflow/example_dags/example_sensor_decorator.py
[2024-11-11T02:28:44.978+0000] {processor.py:914} INFO - Processing file /home/airflow/.local/lib/python3.12/site-packages/airflow/example_dags/example_sensor_decorator.py for tasks to queue
[2024-11-11T02:28:44.979+0000] {logging_mixin.py:190} INFO - [2024-11-11T02:28:44.979+0000] {dagbag.py:588} INFO - Filling up the DagBag from /home/airflow/.local/lib/python3.12/site-packages/airflow/example_dags/example_sensor_decorator.py
[2024-11-11T02:28:44.984+0000] {processor.py:925} INFO - DAG(s) 'example_sensor_decorator' retrieved from /home/airflow/.local/lib/python3.12/site-packages/airflow/example_dags/example_sensor_decorator.py
[2024-11-11T02:28:44.994+0000] {logging_mixin.py:190} INFO - [2024-11-11T02:28:44.994+0000] {dag.py:3239} INFO - Sync 1 DAGs
[2024-11-11T02:28:45.001+0000] {logging_mixin.py:190} INFO - [2024-11-11T02:28:45.001+0000] {dag.py:4180} INFO - Setting next_dagrun for example_sensor_decorator to None, run_after=None
[2024-11-11T02:28:45.010+0000] {processor.py:208} INFO - Processing /home/airflow/.local/lib/python3.12/site-packages/airflow/example_dags/example_sensor_decorator.py took 0.036 seconds
[2024-11-11T02:29:15.587+0000] {processor.py:186} INFO - Started process (PID=650) to work on /home/airflow/.local/lib/python3.12/site-packages/airflow/example_dags/example_sensor_decorator.py
[2024-11-11T02:29:15.588+0000] {processor.py:914} INFO - Processing file /home/airflow/.local/lib/python3.12/site-packages/airflow/example_dags/example_sensor_decorator.py for tasks to queue
[2024-11-11T02:29:15.589+0000] {logging_mixin.py:190} INFO - [2024-11-11T02:29:15.589+0000] {dagbag.py:588} INFO - Filling up the DagBag from /home/airflow/.local/lib/python3.12/site-packages/airflow/example_dags/example_sensor_decorator.py
[2024-11-11T02:29:15.594+0000] {processor.py:925} INFO - DAG(s) 'example_sensor_decorator' retrieved from /home/airflow/.local/lib/python3.12/site-packages/airflow/example_dags/example_sensor_decorator.py
[2024-11-11T02:29:15.604+0000] {logging_mixin.py:190} INFO - [2024-11-11T02:29:15.604+0000] {dag.py:3239} INFO - Sync 1 DAGs
[2024-11-11T02:29:15.611+0000] {logging_mixin.py:190} INFO - [2024-11-11T02:29:15.611+0000] {dag.py:4180} INFO - Setting next_dagrun for example_sensor_decorator to None, run_after=None
[2024-11-11T02:29:15.620+0000] {processor.py:208} INFO - Processing /home/airflow/.local/lib/python3.12/site-packages/airflow/example_dags/example_sensor_decorator.py took 0.036 seconds
[2024-11-11T02:29:46.412+0000] {processor.py:186} INFO - Started process (PID=713) to work on /home/airflow/.local/lib/python3.12/site-packages/airflow/example_dags/example_sensor_decorator.py
[2024-11-11T02:29:46.413+0000] {processor.py:914} INFO - Processing file /home/airflow/.local/lib/python3.12/site-packages/airflow/example_dags/example_sensor_decorator.py for tasks to queue
[2024-11-11T02:29:46.414+0000] {logging_mixin.py:190} INFO - [2024-11-11T02:29:46.414+0000] {dagbag.py:588} INFO - Filling up the DagBag from /home/airflow/.local/lib/python3.12/site-packages/airflow/example_dags/example_sensor_decorator.py
[2024-11-11T02:29:46.419+0000] {processor.py:925} INFO - DAG(s) 'example_sensor_decorator' retrieved from /home/airflow/.local/lib/python3.12/site-packages/airflow/example_dags/example_sensor_decorator.py
[2024-11-11T02:29:46.429+0000] {logging_mixin.py:190} INFO - [2024-11-11T02:29:46.429+0000] {dag.py:3239} INFO - Sync 1 DAGs
[2024-11-11T02:29:46.437+0000] {logging_mixin.py:190} INFO - [2024-11-11T02:29:46.437+0000] {dag.py:4180} INFO - Setting next_dagrun for example_sensor_decorator to None, run_after=None
[2024-11-11T02:29:46.446+0000] {processor.py:208} INFO - Processing /home/airflow/.local/lib/python3.12/site-packages/airflow/example_dags/example_sensor_decorator.py took 0.037 seconds
[2024-11-11T02:30:16.980+0000] {processor.py:186} INFO - Started process (PID=775) to work on /home/airflow/.local/lib/python3.12/site-packages/airflow/example_dags/example_sensor_decorator.py
[2024-11-11T02:30:16.981+0000] {processor.py:914} INFO - Processing file /home/airflow/.local/lib/python3.12/site-packages/airflow/example_dags/example_sensor_decorator.py for tasks to queue
[2024-11-11T02:30:16.983+0000] {logging_mixin.py:190} INFO - [2024-11-11T02:30:16.983+0000] {dagbag.py:588} INFO - Filling up the DagBag from /home/airflow/.local/lib/python3.12/site-packages/airflow/example_dags/example_sensor_decorator.py
[2024-11-11T02:30:16.988+0000] {processor.py:925} INFO - DAG(s) 'example_sensor_decorator' retrieved from /home/airflow/.local/lib/python3.12/site-packages/airflow/example_dags/example_sensor_decorator.py
[2024-11-11T02:30:17.000+0000] {logging_mixin.py:190} INFO - [2024-11-11T02:30:16.999+0000] {dag.py:3239} INFO - Sync 1 DAGs
[2024-11-11T02:30:17.007+0000] {logging_mixin.py:190} INFO - [2024-11-11T02:30:17.007+0000] {dag.py:4180} INFO - Setting next_dagrun for example_sensor_decorator to None, run_after=None
[2024-11-11T02:30:17.015+0000] {processor.py:208} INFO - Processing /home/airflow/.local/lib/python3.12/site-packages/airflow/example_dags/example_sensor_decorator.py took 0.039 seconds
[2024-11-11T02:30:47.793+0000] {processor.py:186} INFO - Started process (PID=838) to work on /home/airflow/.local/lib/python3.12/site-packages/airflow/example_dags/example_sensor_decorator.py
[2024-11-11T02:30:47.794+0000] {processor.py:914} INFO - Processing file /home/airflow/.local/lib/python3.12/site-packages/airflow/example_dags/example_sensor_decorator.py for tasks to queue
[2024-11-11T02:30:47.796+0000] {logging_mixin.py:190} INFO - [2024-11-11T02:30:47.796+0000] {dagbag.py:588} INFO - Filling up the DagBag from /home/airflow/.local/lib/python3.12/site-packages/airflow/example_dags/example_sensor_decorator.py
[2024-11-11T02:30:47.801+0000] {processor.py:925} INFO - DAG(s) 'example_sensor_decorator' retrieved from /home/airflow/.local/lib/python3.12/site-packages/airflow/example_dags/example_sensor_decorator.py
[2024-11-11T02:30:47.811+0000] {logging_mixin.py:190} INFO - [2024-11-11T02:30:47.811+0000] {dag.py:3239} INFO - Sync 1 DAGs
[2024-11-11T02:30:47.818+0000] {logging_mixin.py:190} INFO - [2024-11-11T02:30:47.818+0000] {dag.py:4180} INFO - Setting next_dagrun for example_sensor_decorator to None, run_after=None
[2024-11-11T02:30:47.826+0000] {processor.py:208} INFO - Processing /home/airflow/.local/lib/python3.12/site-packages/airflow/example_dags/example_sensor_decorator.py took 0.036 seconds
[2024-11-11T02:31:18.225+0000] {processor.py:186} INFO - Started process (PID=910) to work on /home/airflow/.local/lib/python3.12/site-packages/airflow/example_dags/example_sensor_decorator.py
[2024-11-11T02:31:18.226+0000] {processor.py:914} INFO - Processing file /home/airflow/.local/lib/python3.12/site-packages/airflow/example_dags/example_sensor_decorator.py for tasks to queue
[2024-11-11T02:31:18.227+0000] {logging_mixin.py:190} INFO - [2024-11-11T02:31:18.227+0000] {dagbag.py:588} INFO - Filling up the DagBag from /home/airflow/.local/lib/python3.12/site-packages/airflow/example_dags/example_sensor_decorator.py
[2024-11-11T02:31:18.232+0000] {processor.py:925} INFO - DAG(s) 'example_sensor_decorator' retrieved from /home/airflow/.local/lib/python3.12/site-packages/airflow/example_dags/example_sensor_decorator.py
[2024-11-11T02:31:18.242+0000] {logging_mixin.py:190} INFO - [2024-11-11T02:31:18.242+0000] {dag.py:3239} INFO - Sync 1 DAGs
[2024-11-11T02:31:18.250+0000] {logging_mixin.py:190} INFO - [2024-11-11T02:31:18.250+0000] {dag.py:4180} INFO - Setting next_dagrun for example_sensor_decorator to None, run_after=None
[2024-11-11T02:31:18.258+0000] {processor.py:208} INFO - Processing /home/airflow/.local/lib/python3.12/site-packages/airflow/example_dags/example_sensor_decorator.py took 0.037 seconds
[2024-11-11T02:31:48.978+0000] {processor.py:186} INFO - Started process (PID=973) to work on /home/airflow/.local/lib/python3.12/site-packages/airflow/example_dags/example_sensor_decorator.py
[2024-11-11T02:31:48.979+0000] {processor.py:914} INFO - Processing file /home/airflow/.local/lib/python3.12/site-packages/airflow/example_dags/example_sensor_decorator.py for tasks to queue
[2024-11-11T02:31:48.980+0000] {logging_mixin.py:190} INFO - [2024-11-11T02:31:48.980+0000] {dagbag.py:588} INFO - Filling up the DagBag from /home/airflow/.local/lib/python3.12/site-packages/airflow/example_dags/example_sensor_decorator.py
[2024-11-11T02:31:48.985+0000] {processor.py:925} INFO - DAG(s) 'example_sensor_decorator' retrieved from /home/airflow/.local/lib/python3.12/site-packages/airflow/example_dags/example_sensor_decorator.py
[2024-11-11T02:31:48.995+0000] {logging_mixin.py:190} INFO - [2024-11-11T02:31:48.995+0000] {dag.py:3239} INFO - Sync 1 DAGs
[2024-11-11T02:31:49.002+0000] {logging_mixin.py:190} INFO - [2024-11-11T02:31:49.002+0000] {dag.py:4180} INFO - Setting next_dagrun for example_sensor_decorator to None, run_after=None
[2024-11-11T02:31:49.011+0000] {processor.py:208} INFO - Processing /home/airflow/.local/lib/python3.12/site-packages/airflow/example_dags/example_sensor_decorator.py took 0.036 seconds
[2024-11-11T02:32:19.543+0000] {processor.py:186} INFO - Started process (PID=1035) to work on /home/airflow/.local/lib/python3.12/site-packages/airflow/example_dags/example_sensor_decorator.py
[2024-11-11T02:32:19.543+0000] {processor.py:914} INFO - Processing file /home/airflow/.local/lib/python3.12/site-packages/airflow/example_dags/example_sensor_decorator.py for tasks to queue
[2024-11-11T02:32:19.545+0000] {logging_mixin.py:190} INFO - [2024-11-11T02:32:19.545+0000] {dagbag.py:588} INFO - Filling up the DagBag from /home/airflow/.local/lib/python3.12/site-packages/airflow/example_dags/example_sensor_decorator.py
[2024-11-11T02:32:19.550+0000] {processor.py:925} INFO - DAG(s) 'example_sensor_decorator' retrieved from /home/airflow/.local/lib/python3.12/site-packages/airflow/example_dags/example_sensor_decorator.py
[2024-11-11T02:32:19.560+0000] {logging_mixin.py:190} INFO - [2024-11-11T02:32:19.560+0000] {dag.py:3239} INFO - Sync 1 DAGs
[2024-11-11T02:32:19.567+0000] {logging_mixin.py:190} INFO - [2024-11-11T02:32:19.567+0000] {dag.py:4180} INFO - Setting next_dagrun for example_sensor_decorator to None, run_after=None
[2024-11-11T02:32:19.576+0000] {processor.py:208} INFO - Processing /home/airflow/.local/lib/python3.12/site-packages/airflow/example_dags/example_sensor_decorator.py took 0.036 seconds
[2024-11-11T02:32:50.230+0000] {processor.py:186} INFO - Started process (PID=1097) to work on /home/airflow/.local/lib/python3.12/site-packages/airflow/example_dags/example_sensor_decorator.py
[2024-11-11T02:32:50.231+0000] {processor.py:914} INFO - Processing file /home/airflow/.local/lib/python3.12/site-packages/airflow/example_dags/example_sensor_decorator.py for tasks to queue
[2024-11-11T02:32:50.232+0000] {logging_mixin.py:190} INFO - [2024-11-11T02:32:50.232+0000] {dagbag.py:588} INFO - Filling up the DagBag from /home/airflow/.local/lib/python3.12/site-packages/airflow/example_dags/example_sensor_decorator.py
[2024-11-11T02:32:50.237+0000] {processor.py:925} INFO - DAG(s) 'example_sensor_decorator' retrieved from /home/airflow/.local/lib/python3.12/site-packages/airflow/example_dags/example_sensor_decorator.py
[2024-11-11T02:32:50.248+0000] {logging_mixin.py:190} INFO - [2024-11-11T02:32:50.248+0000] {dag.py:3239} INFO - Sync 1 DAGs
[2024-11-11T02:32:50.255+0000] {logging_mixin.py:190} INFO - [2024-11-11T02:32:50.255+0000] {dag.py:4180} INFO - Setting next_dagrun for example_sensor_decorator to None, run_after=None
[2024-11-11T02:32:50.263+0000] {processor.py:208} INFO - Processing /home/airflow/.local/lib/python3.12/site-packages/airflow/example_dags/example_sensor_decorator.py took 0.036 seconds
[2024-11-11T02:33:20.906+0000] {processor.py:186} INFO - Started process (PID=1160) to work on /home/airflow/.local/lib/python3.12/site-packages/airflow/example_dags/example_sensor_decorator.py
[2024-11-11T02:33:20.906+0000] {processor.py:914} INFO - Processing file /home/airflow/.local/lib/python3.12/site-packages/airflow/example_dags/example_sensor_decorator.py for tasks to queue
[2024-11-11T02:33:20.908+0000] {logging_mixin.py:190} INFO - [2024-11-11T02:33:20.908+0000] {dagbag.py:588} INFO - Filling up the DagBag from /home/airflow/.local/lib/python3.12/site-packages/airflow/example_dags/example_sensor_decorator.py
[2024-11-11T02:33:20.913+0000] {processor.py:925} INFO - DAG(s) 'example_sensor_decorator' retrieved from /home/airflow/.local/lib/python3.12/site-packages/airflow/example_dags/example_sensor_decorator.py
[2024-11-11T02:33:20.923+0000] {logging_mixin.py:190} INFO - [2024-11-11T02:33:20.923+0000] {dag.py:3239} INFO - Sync 1 DAGs
[2024-11-11T02:33:20.930+0000] {logging_mixin.py:190} INFO - [2024-11-11T02:33:20.930+0000] {dag.py:4180} INFO - Setting next_dagrun for example_sensor_decorator to None, run_after=None
[2024-11-11T02:33:20.939+0000] {processor.py:208} INFO - Processing /home/airflow/.local/lib/python3.12/site-packages/airflow/example_dags/example_sensor_decorator.py took 0.037 seconds
[2024-11-11T02:33:51.669+0000] {processor.py:186} INFO - Started process (PID=1223) to work on /home/airflow/.local/lib/python3.12/site-packages/airflow/example_dags/example_sensor_decorator.py
[2024-11-11T02:33:51.670+0000] {processor.py:914} INFO - Processing file /home/airflow/.local/lib/python3.12/site-packages/airflow/example_dags/example_sensor_decorator.py for tasks to queue
[2024-11-11T02:33:51.671+0000] {logging_mixin.py:190} INFO - [2024-11-11T02:33:51.671+0000] {dagbag.py:588} INFO - Filling up the DagBag from /home/airflow/.local/lib/python3.12/site-packages/airflow/example_dags/example_sensor_decorator.py
[2024-11-11T02:33:51.676+0000] {processor.py:925} INFO - DAG(s) 'example_sensor_decorator' retrieved from /home/airflow/.local/lib/python3.12/site-packages/airflow/example_dags/example_sensor_decorator.py
[2024-11-11T02:33:51.686+0000] {logging_mixin.py:190} INFO - [2024-11-11T02:33:51.686+0000] {dag.py:3239} INFO - Sync 1 DAGs
[2024-11-11T02:33:51.694+0000] {logging_mixin.py:190} INFO - [2024-11-11T02:33:51.693+0000] {dag.py:4180} INFO - Setting next_dagrun for example_sensor_decorator to None, run_after=None
[2024-11-11T02:33:51.702+0000] {processor.py:208} INFO - Processing /home/airflow/.local/lib/python3.12/site-packages/airflow/example_dags/example_sensor_decorator.py took 0.036 seconds
[2024-11-11T02:34:22.235+0000] {processor.py:186} INFO - Started process (PID=1286) to work on /home/airflow/.local/lib/python3.12/site-packages/airflow/example_dags/example_sensor_decorator.py
[2024-11-11T02:34:22.236+0000] {processor.py:914} INFO - Processing file /home/airflow/.local/lib/python3.12/site-packages/airflow/example_dags/example_sensor_decorator.py for tasks to queue
[2024-11-11T02:34:22.237+0000] {logging_mixin.py:190} INFO - [2024-11-11T02:34:22.237+0000] {dagbag.py:588} INFO - Filling up the DagBag from /home/airflow/.local/lib/python3.12/site-packages/airflow/example_dags/example_sensor_decorator.py
[2024-11-11T02:34:22.242+0000] {processor.py:925} INFO - DAG(s) 'example_sensor_decorator' retrieved from /home/airflow/.local/lib/python3.12/site-packages/airflow/example_dags/example_sensor_decorator.py
[2024-11-11T02:34:22.253+0000] {logging_mixin.py:190} INFO - [2024-11-11T02:34:22.253+0000] {dag.py:3239} INFO - Sync 1 DAGs
[2024-11-11T02:34:22.260+0000] {logging_mixin.py:190} INFO - [2024-11-11T02:34:22.260+0000] {dag.py:4180} INFO - Setting next_dagrun for example_sensor_decorator to None, run_after=None
[2024-11-11T02:34:22.269+0000] {processor.py:208} INFO - Processing /home/airflow/.local/lib/python3.12/site-packages/airflow/example_dags/example_sensor_decorator.py took 0.037 seconds
[2024-11-11T02:34:53.140+0000] {processor.py:186} INFO - Started process (PID=1349) to work on /home/airflow/.local/lib/python3.12/site-packages/airflow/example_dags/example_sensor_decorator.py
[2024-11-11T02:34:53.140+0000] {processor.py:914} INFO - Processing file /home/airflow/.local/lib/python3.12/site-packages/airflow/example_dags/example_sensor_decorator.py for tasks to queue
[2024-11-11T02:34:53.142+0000] {logging_mixin.py:190} INFO - [2024-11-11T02:34:53.141+0000] {dagbag.py:588} INFO - Filling up the DagBag from /home/airflow/.local/lib/python3.12/site-packages/airflow/example_dags/example_sensor_decorator.py
[2024-11-11T02:34:53.147+0000] {processor.py:925} INFO - DAG(s) 'example_sensor_decorator' retrieved from /home/airflow/.local/lib/python3.12/site-packages/airflow/example_dags/example_sensor_decorator.py
[2024-11-11T02:34:53.156+0000] {logging_mixin.py:190} INFO - [2024-11-11T02:34:53.156+0000] {dag.py:3239} INFO - Sync 1 DAGs
[2024-11-11T02:34:53.163+0000] {logging_mixin.py:190} INFO - [2024-11-11T02:34:53.163+0000] {dag.py:4180} INFO - Setting next_dagrun for example_sensor_decorator to None, run_after=None
[2024-11-11T02:34:53.172+0000] {processor.py:208} INFO - Processing /home/airflow/.local/lib/python3.12/site-packages/airflow/example_dags/example_sensor_decorator.py took 0.036 seconds
[2024-11-11T02:35:23.942+0000] {processor.py:186} INFO - Started process (PID=1418) to work on /home/airflow/.local/lib/python3.12/site-packages/airflow/example_dags/example_sensor_decorator.py
[2024-11-11T02:35:23.943+0000] {processor.py:914} INFO - Processing file /home/airflow/.local/lib/python3.12/site-packages/airflow/example_dags/example_sensor_decorator.py for tasks to queue
[2024-11-11T02:35:23.945+0000] {logging_mixin.py:190} INFO - [2024-11-11T02:35:23.945+0000] {dagbag.py:588} INFO - Filling up the DagBag from /home/airflow/.local/lib/python3.12/site-packages/airflow/example_dags/example_sensor_decorator.py
[2024-11-11T02:35:23.950+0000] {processor.py:925} INFO - DAG(s) 'example_sensor_decorator' retrieved from /home/airflow/.local/lib/python3.12/site-packages/airflow/example_dags/example_sensor_decorator.py
[2024-11-11T02:35:23.961+0000] {logging_mixin.py:190} INFO - [2024-11-11T02:35:23.961+0000] {dag.py:3239} INFO - Sync 1 DAGs
[2024-11-11T02:35:23.968+0000] {logging_mixin.py:190} INFO - [2024-11-11T02:35:23.968+0000] {dag.py:4180} INFO - Setting next_dagrun for example_sensor_decorator to None, run_after=None
[2024-11-11T02:35:23.979+0000] {processor.py:208} INFO - Processing /home/airflow/.local/lib/python3.12/site-packages/airflow/example_dags/example_sensor_decorator.py took 0.040 seconds
[2024-11-11T02:35:54.641+0000] {processor.py:186} INFO - Started process (PID=1481) to work on /home/airflow/.local/lib/python3.12/site-packages/airflow/example_dags/example_sensor_decorator.py
[2024-11-11T02:35:54.642+0000] {processor.py:914} INFO - Processing file /home/airflow/.local/lib/python3.12/site-packages/airflow/example_dags/example_sensor_decorator.py for tasks to queue
[2024-11-11T02:35:54.644+0000] {logging_mixin.py:190} INFO - [2024-11-11T02:35:54.644+0000] {dagbag.py:588} INFO - Filling up the DagBag from /home/airflow/.local/lib/python3.12/site-packages/airflow/example_dags/example_sensor_decorator.py
[2024-11-11T02:35:54.650+0000] {processor.py:925} INFO - DAG(s) 'example_sensor_decorator' retrieved from /home/airflow/.local/lib/python3.12/site-packages/airflow/example_dags/example_sensor_decorator.py
[2024-11-11T02:35:54.663+0000] {logging_mixin.py:190} INFO - [2024-11-11T02:35:54.662+0000] {dag.py:3239} INFO - Sync 1 DAGs
[2024-11-11T02:35:54.670+0000] {logging_mixin.py:190} INFO - [2024-11-11T02:35:54.670+0000] {dag.py:4180} INFO - Setting next_dagrun for example_sensor_decorator to None, run_after=None
[2024-11-11T02:35:54.680+0000] {processor.py:208} INFO - Processing /home/airflow/.local/lib/python3.12/site-packages/airflow/example_dags/example_sensor_decorator.py took 0.044 seconds
[2024-11-11T02:36:25.362+0000] {processor.py:186} INFO - Started process (PID=1544) to work on /home/airflow/.local/lib/python3.12/site-packages/airflow/example_dags/example_sensor_decorator.py
[2024-11-11T02:36:25.363+0000] {processor.py:914} INFO - Processing file /home/airflow/.local/lib/python3.12/site-packages/airflow/example_dags/example_sensor_decorator.py for tasks to queue
[2024-11-11T02:36:25.365+0000] {logging_mixin.py:190} INFO - [2024-11-11T02:36:25.365+0000] {dagbag.py:588} INFO - Filling up the DagBag from /home/airflow/.local/lib/python3.12/site-packages/airflow/example_dags/example_sensor_decorator.py
[2024-11-11T02:36:25.371+0000] {processor.py:925} INFO - DAG(s) 'example_sensor_decorator' retrieved from /home/airflow/.local/lib/python3.12/site-packages/airflow/example_dags/example_sensor_decorator.py
[2024-11-11T02:36:25.383+0000] {logging_mixin.py:190} INFO - [2024-11-11T02:36:25.383+0000] {dag.py:3239} INFO - Sync 1 DAGs
[2024-11-11T02:36:25.392+0000] {logging_mixin.py:190} INFO - [2024-11-11T02:36:25.392+0000] {dag.py:4180} INFO - Setting next_dagrun for example_sensor_decorator to None, run_after=None
[2024-11-11T02:36:25.403+0000] {processor.py:208} INFO - Processing /home/airflow/.local/lib/python3.12/site-packages/airflow/example_dags/example_sensor_decorator.py took 0.047 seconds
[2024-11-11T02:36:55.987+0000] {processor.py:186} INFO - Started process (PID=1607) to work on /home/airflow/.local/lib/python3.12/site-packages/airflow/example_dags/example_sensor_decorator.py
[2024-11-11T02:36:55.988+0000] {processor.py:914} INFO - Processing file /home/airflow/.local/lib/python3.12/site-packages/airflow/example_dags/example_sensor_decorator.py for tasks to queue
[2024-11-11T02:36:55.989+0000] {logging_mixin.py:190} INFO - [2024-11-11T02:36:55.989+0000] {dagbag.py:588} INFO - Filling up the DagBag from /home/airflow/.local/lib/python3.12/site-packages/airflow/example_dags/example_sensor_decorator.py
[2024-11-11T02:36:55.994+0000] {processor.py:925} INFO - DAG(s) 'example_sensor_decorator' retrieved from /home/airflow/.local/lib/python3.12/site-packages/airflow/example_dags/example_sensor_decorator.py
[2024-11-11T02:36:56.007+0000] {logging_mixin.py:190} INFO - [2024-11-11T02:36:56.006+0000] {dag.py:3239} INFO - Sync 1 DAGs
[2024-11-11T02:36:56.014+0000] {logging_mixin.py:190} INFO - [2024-11-11T02:36:56.014+0000] {dag.py:4180} INFO - Setting next_dagrun for example_sensor_decorator to None, run_after=None
[2024-11-11T02:36:56.023+0000] {processor.py:208} INFO - Processing /home/airflow/.local/lib/python3.12/site-packages/airflow/example_dags/example_sensor_decorator.py took 0.040 seconds
[2024-11-11T02:37:26.650+0000] {processor.py:186} INFO - Started process (PID=1670) to work on /home/airflow/.local/lib/python3.12/site-packages/airflow/example_dags/example_sensor_decorator.py
[2024-11-11T02:37:26.651+0000] {processor.py:914} INFO - Processing file /home/airflow/.local/lib/python3.12/site-packages/airflow/example_dags/example_sensor_decorator.py for tasks to queue
[2024-11-11T02:37:26.653+0000] {logging_mixin.py:190} INFO - [2024-11-11T02:37:26.652+0000] {dagbag.py:588} INFO - Filling up the DagBag from /home/airflow/.local/lib/python3.12/site-packages/airflow/example_dags/example_sensor_decorator.py
[2024-11-11T02:37:26.657+0000] {processor.py:925} INFO - DAG(s) 'example_sensor_decorator' retrieved from /home/airflow/.local/lib/python3.12/site-packages/airflow/example_dags/example_sensor_decorator.py
[2024-11-11T02:37:26.668+0000] {logging_mixin.py:190} INFO - [2024-11-11T02:37:26.667+0000] {dag.py:3239} INFO - Sync 1 DAGs
[2024-11-11T02:37:26.674+0000] {logging_mixin.py:190} INFO - [2024-11-11T02:37:26.674+0000] {dag.py:4180} INFO - Setting next_dagrun for example_sensor_decorator to None, run_after=None
[2024-11-11T02:37:26.683+0000] {processor.py:208} INFO - Processing /home/airflow/.local/lib/python3.12/site-packages/airflow/example_dags/example_sensor_decorator.py took 0.036 seconds
[2024-11-11T02:37:57.288+0000] {processor.py:186} INFO - Started process (PID=1733) to work on /home/airflow/.local/lib/python3.12/site-packages/airflow/example_dags/example_sensor_decorator.py
[2024-11-11T02:37:57.288+0000] {processor.py:914} INFO - Processing file /home/airflow/.local/lib/python3.12/site-packages/airflow/example_dags/example_sensor_decorator.py for tasks to queue
[2024-11-11T02:37:57.290+0000] {logging_mixin.py:190} INFO - [2024-11-11T02:37:57.290+0000] {dagbag.py:588} INFO - Filling up the DagBag from /home/airflow/.local/lib/python3.12/site-packages/airflow/example_dags/example_sensor_decorator.py
[2024-11-11T02:37:57.295+0000] {processor.py:925} INFO - DAG(s) 'example_sensor_decorator' retrieved from /home/airflow/.local/lib/python3.12/site-packages/airflow/example_dags/example_sensor_decorator.py
[2024-11-11T02:37:57.305+0000] {logging_mixin.py:190} INFO - [2024-11-11T02:37:57.305+0000] {dag.py:3239} INFO - Sync 1 DAGs
[2024-11-11T02:37:57.312+0000] {logging_mixin.py:190} INFO - [2024-11-11T02:37:57.312+0000] {dag.py:4180} INFO - Setting next_dagrun for example_sensor_decorator to None, run_after=None
[2024-11-11T02:37:57.320+0000] {processor.py:208} INFO - Processing /home/airflow/.local/lib/python3.12/site-packages/airflow/example_dags/example_sensor_decorator.py took 0.036 seconds
[2024-11-11T02:38:28.335+0000] {processor.py:186} INFO - Started process (PID=1796) to work on /home/airflow/.local/lib/python3.12/site-packages/airflow/example_dags/example_sensor_decorator.py
[2024-11-11T02:38:28.336+0000] {processor.py:914} INFO - Processing file /home/airflow/.local/lib/python3.12/site-packages/airflow/example_dags/example_sensor_decorator.py for tasks to queue
[2024-11-11T02:38:28.337+0000] {logging_mixin.py:190} INFO - [2024-11-11T02:38:28.337+0000] {dagbag.py:588} INFO - Filling up the DagBag from /home/airflow/.local/lib/python3.12/site-packages/airflow/example_dags/example_sensor_decorator.py
[2024-11-11T02:38:28.342+0000] {processor.py:925} INFO - DAG(s) 'example_sensor_decorator' retrieved from /home/airflow/.local/lib/python3.12/site-packages/airflow/example_dags/example_sensor_decorator.py
[2024-11-11T02:38:28.352+0000] {logging_mixin.py:190} INFO - [2024-11-11T02:38:28.352+0000] {dag.py:3239} INFO - Sync 1 DAGs
[2024-11-11T02:38:28.359+0000] {logging_mixin.py:190} INFO - [2024-11-11T02:38:28.359+0000] {dag.py:4180} INFO - Setting next_dagrun for example_sensor_decorator to None, run_after=None
[2024-11-11T02:38:28.368+0000] {processor.py:208} INFO - Processing /home/airflow/.local/lib/python3.12/site-packages/airflow/example_dags/example_sensor_decorator.py took 0.036 seconds
[2024-11-11T02:38:58.942+0000] {processor.py:186} INFO - Started process (PID=1859) to work on /home/airflow/.local/lib/python3.12/site-packages/airflow/example_dags/example_sensor_decorator.py
[2024-11-11T02:38:58.943+0000] {processor.py:914} INFO - Processing file /home/airflow/.local/lib/python3.12/site-packages/airflow/example_dags/example_sensor_decorator.py for tasks to queue
[2024-11-11T02:38:58.944+0000] {logging_mixin.py:190} INFO - [2024-11-11T02:38:58.944+0000] {dagbag.py:588} INFO - Filling up the DagBag from /home/airflow/.local/lib/python3.12/site-packages/airflow/example_dags/example_sensor_decorator.py
[2024-11-11T02:38:58.950+0000] {processor.py:925} INFO - DAG(s) 'example_sensor_decorator' retrieved from /home/airflow/.local/lib/python3.12/site-packages/airflow/example_dags/example_sensor_decorator.py
[2024-11-11T02:38:58.961+0000] {logging_mixin.py:190} INFO - [2024-11-11T02:38:58.960+0000] {dag.py:3239} INFO - Sync 1 DAGs
[2024-11-11T02:38:58.969+0000] {logging_mixin.py:190} INFO - [2024-11-11T02:38:58.969+0000] {dag.py:4180} INFO - Setting next_dagrun for example_sensor_decorator to None, run_after=None
[2024-11-11T02:38:58.979+0000] {processor.py:208} INFO - Processing /home/airflow/.local/lib/python3.12/site-packages/airflow/example_dags/example_sensor_decorator.py took 0.041 seconds
[2024-11-11T02:39:29.611+0000] {processor.py:186} INFO - Started process (PID=1922) to work on /home/airflow/.local/lib/python3.12/site-packages/airflow/example_dags/example_sensor_decorator.py
[2024-11-11T02:39:29.611+0000] {processor.py:914} INFO - Processing file /home/airflow/.local/lib/python3.12/site-packages/airflow/example_dags/example_sensor_decorator.py for tasks to queue
[2024-11-11T02:39:29.613+0000] {logging_mixin.py:190} INFO - [2024-11-11T02:39:29.613+0000] {dagbag.py:588} INFO - Filling up the DagBag from /home/airflow/.local/lib/python3.12/site-packages/airflow/example_dags/example_sensor_decorator.py
[2024-11-11T02:39:29.618+0000] {processor.py:925} INFO - DAG(s) 'example_sensor_decorator' retrieved from /home/airflow/.local/lib/python3.12/site-packages/airflow/example_dags/example_sensor_decorator.py
[2024-11-11T02:39:29.628+0000] {logging_mixin.py:190} INFO - [2024-11-11T02:39:29.628+0000] {dag.py:3239} INFO - Sync 1 DAGs
[2024-11-11T02:39:29.635+0000] {logging_mixin.py:190} INFO - [2024-11-11T02:39:29.635+0000] {dag.py:4180} INFO - Setting next_dagrun for example_sensor_decorator to None, run_after=None
[2024-11-11T02:39:29.644+0000] {processor.py:208} INFO - Processing /home/airflow/.local/lib/python3.12/site-packages/airflow/example_dags/example_sensor_decorator.py took 0.037 seconds
[2024-11-11T02:40:00.457+0000] {processor.py:186} INFO - Started process (PID=1985) to work on /home/airflow/.local/lib/python3.12/site-packages/airflow/example_dags/example_sensor_decorator.py
[2024-11-11T02:40:00.457+0000] {processor.py:914} INFO - Processing file /home/airflow/.local/lib/python3.12/site-packages/airflow/example_dags/example_sensor_decorator.py for tasks to queue
[2024-11-11T02:40:00.459+0000] {logging_mixin.py:190} INFO - [2024-11-11T02:40:00.459+0000] {dagbag.py:588} INFO - Filling up the DagBag from /home/airflow/.local/lib/python3.12/site-packages/airflow/example_dags/example_sensor_decorator.py
[2024-11-11T02:40:00.464+0000] {processor.py:925} INFO - DAG(s) 'example_sensor_decorator' retrieved from /home/airflow/.local/lib/python3.12/site-packages/airflow/example_dags/example_sensor_decorator.py
[2024-11-11T02:40:00.473+0000] {logging_mixin.py:190} INFO - [2024-11-11T02:40:00.473+0000] {dag.py:3239} INFO - Sync 1 DAGs
[2024-11-11T02:40:00.481+0000] {logging_mixin.py:190} INFO - [2024-11-11T02:40:00.481+0000] {dag.py:4180} INFO - Setting next_dagrun for example_sensor_decorator to None, run_after=None
[2024-11-11T02:40:00.489+0000] {processor.py:208} INFO - Processing /home/airflow/.local/lib/python3.12/site-packages/airflow/example_dags/example_sensor_decorator.py took 0.036 seconds
[2024-11-11T02:40:31.693+0000] {processor.py:186} INFO - Started process (PID=2048) to work on /home/airflow/.local/lib/python3.12/site-packages/airflow/example_dags/example_sensor_decorator.py
[2024-11-11T02:40:31.694+0000] {processor.py:914} INFO - Processing file /home/airflow/.local/lib/python3.12/site-packages/airflow/example_dags/example_sensor_decorator.py for tasks to queue
[2024-11-11T02:40:31.696+0000] {logging_mixin.py:190} INFO - [2024-11-11T02:40:31.695+0000] {dagbag.py:588} INFO - Filling up the DagBag from /home/airflow/.local/lib/python3.12/site-packages/airflow/example_dags/example_sensor_decorator.py
[2024-11-11T02:40:31.701+0000] {processor.py:925} INFO - DAG(s) 'example_sensor_decorator' retrieved from /home/airflow/.local/lib/python3.12/site-packages/airflow/example_dags/example_sensor_decorator.py
[2024-11-11T02:40:31.712+0000] {logging_mixin.py:190} INFO - [2024-11-11T02:40:31.712+0000] {dag.py:3239} INFO - Sync 1 DAGs
[2024-11-11T02:40:31.719+0000] {logging_mixin.py:190} INFO - [2024-11-11T02:40:31.719+0000] {dag.py:4180} INFO - Setting next_dagrun for example_sensor_decorator to None, run_after=None
[2024-11-11T02:40:31.728+0000] {processor.py:208} INFO - Processing /home/airflow/.local/lib/python3.12/site-packages/airflow/example_dags/example_sensor_decorator.py took 0.038 seconds
[2024-11-11T02:41:02.377+0000] {processor.py:186} INFO - Started process (PID=2111) to work on /home/airflow/.local/lib/python3.12/site-packages/airflow/example_dags/example_sensor_decorator.py
[2024-11-11T02:41:02.377+0000] {processor.py:914} INFO - Processing file /home/airflow/.local/lib/python3.12/site-packages/airflow/example_dags/example_sensor_decorator.py for tasks to queue
[2024-11-11T02:41:02.379+0000] {logging_mixin.py:190} INFO - [2024-11-11T02:41:02.379+0000] {dagbag.py:588} INFO - Filling up the DagBag from /home/airflow/.local/lib/python3.12/site-packages/airflow/example_dags/example_sensor_decorator.py
[2024-11-11T02:41:02.384+0000] {processor.py:925} INFO - DAG(s) 'example_sensor_decorator' retrieved from /home/airflow/.local/lib/python3.12/site-packages/airflow/example_dags/example_sensor_decorator.py
[2024-11-11T02:41:02.394+0000] {logging_mixin.py:190} INFO - [2024-11-11T02:41:02.394+0000] {dag.py:3239} INFO - Sync 1 DAGs
[2024-11-11T02:41:02.401+0000] {logging_mixin.py:190} INFO - [2024-11-11T02:41:02.401+0000] {dag.py:4180} INFO - Setting next_dagrun for example_sensor_decorator to None, run_after=None
[2024-11-11T02:41:02.409+0000] {processor.py:208} INFO - Processing /home/airflow/.local/lib/python3.12/site-packages/airflow/example_dags/example_sensor_decorator.py took 0.036 seconds
[2024-11-11T02:41:33.180+0000] {processor.py:186} INFO - Started process (PID=2174) to work on /home/airflow/.local/lib/python3.12/site-packages/airflow/example_dags/example_sensor_decorator.py
[2024-11-11T02:41:33.180+0000] {processor.py:914} INFO - Processing file /home/airflow/.local/lib/python3.12/site-packages/airflow/example_dags/example_sensor_decorator.py for tasks to queue
[2024-11-11T02:41:33.182+0000] {logging_mixin.py:190} INFO - [2024-11-11T02:41:33.182+0000] {dagbag.py:588} INFO - Filling up the DagBag from /home/airflow/.local/lib/python3.12/site-packages/airflow/example_dags/example_sensor_decorator.py
[2024-11-11T02:41:33.187+0000] {processor.py:925} INFO - DAG(s) 'example_sensor_decorator' retrieved from /home/airflow/.local/lib/python3.12/site-packages/airflow/example_dags/example_sensor_decorator.py
[2024-11-11T02:41:33.198+0000] {logging_mixin.py:190} INFO - [2024-11-11T02:41:33.198+0000] {dag.py:3239} INFO - Sync 1 DAGs
[2024-11-11T02:41:33.206+0000] {logging_mixin.py:190} INFO - [2024-11-11T02:41:33.206+0000] {dag.py:4180} INFO - Setting next_dagrun for example_sensor_decorator to None, run_after=None
[2024-11-11T02:41:33.216+0000] {processor.py:208} INFO - Processing /home/airflow/.local/lib/python3.12/site-packages/airflow/example_dags/example_sensor_decorator.py took 0.040 seconds
[2024-11-11T02:42:03.836+0000] {processor.py:186} INFO - Started process (PID=2237) to work on /home/airflow/.local/lib/python3.12/site-packages/airflow/example_dags/example_sensor_decorator.py
[2024-11-11T02:42:03.836+0000] {processor.py:914} INFO - Processing file /home/airflow/.local/lib/python3.12/site-packages/airflow/example_dags/example_sensor_decorator.py for tasks to queue
[2024-11-11T02:42:03.838+0000] {logging_mixin.py:190} INFO - [2024-11-11T02:42:03.838+0000] {dagbag.py:588} INFO - Filling up the DagBag from /home/airflow/.local/lib/python3.12/site-packages/airflow/example_dags/example_sensor_decorator.py
[2024-11-11T02:42:03.844+0000] {processor.py:925} INFO - DAG(s) 'example_sensor_decorator' retrieved from /home/airflow/.local/lib/python3.12/site-packages/airflow/example_dags/example_sensor_decorator.py
[2024-11-11T02:42:03.854+0000] {logging_mixin.py:190} INFO - [2024-11-11T02:42:03.854+0000] {dag.py:3239} INFO - Sync 1 DAGs
[2024-11-11T02:42:03.861+0000] {logging_mixin.py:190} INFO - [2024-11-11T02:42:03.861+0000] {dag.py:4180} INFO - Setting next_dagrun for example_sensor_decorator to None, run_after=None
[2024-11-11T02:42:03.869+0000] {processor.py:208} INFO - Processing /home/airflow/.local/lib/python3.12/site-packages/airflow/example_dags/example_sensor_decorator.py took 0.037 seconds
[2024-11-11T02:42:34.495+0000] {processor.py:186} INFO - Started process (PID=2300) to work on /home/airflow/.local/lib/python3.12/site-packages/airflow/example_dags/example_sensor_decorator.py
[2024-11-11T02:42:34.496+0000] {processor.py:914} INFO - Processing file /home/airflow/.local/lib/python3.12/site-packages/airflow/example_dags/example_sensor_decorator.py for tasks to queue
[2024-11-11T02:42:34.497+0000] {logging_mixin.py:190} INFO - [2024-11-11T02:42:34.497+0000] {dagbag.py:588} INFO - Filling up the DagBag from /home/airflow/.local/lib/python3.12/site-packages/airflow/example_dags/example_sensor_decorator.py
[2024-11-11T02:42:34.502+0000] {processor.py:925} INFO - DAG(s) 'example_sensor_decorator' retrieved from /home/airflow/.local/lib/python3.12/site-packages/airflow/example_dags/example_sensor_decorator.py
[2024-11-11T02:42:34.513+0000] {logging_mixin.py:190} INFO - [2024-11-11T02:42:34.513+0000] {dag.py:3239} INFO - Sync 1 DAGs
[2024-11-11T02:42:34.520+0000] {logging_mixin.py:190} INFO - [2024-11-11T02:42:34.520+0000] {dag.py:4180} INFO - Setting next_dagrun for example_sensor_decorator to None, run_after=None
[2024-11-11T02:42:34.532+0000] {processor.py:208} INFO - Processing /home/airflow/.local/lib/python3.12/site-packages/airflow/example_dags/example_sensor_decorator.py took 0.040 seconds
[2024-11-11T02:43:05.179+0000] {processor.py:186} INFO - Started process (PID=2363) to work on /home/airflow/.local/lib/python3.12/site-packages/airflow/example_dags/example_sensor_decorator.py
[2024-11-11T02:43:05.180+0000] {processor.py:914} INFO - Processing file /home/airflow/.local/lib/python3.12/site-packages/airflow/example_dags/example_sensor_decorator.py for tasks to queue
[2024-11-11T02:43:05.181+0000] {logging_mixin.py:190} INFO - [2024-11-11T02:43:05.181+0000] {dagbag.py:588} INFO - Filling up the DagBag from /home/airflow/.local/lib/python3.12/site-packages/airflow/example_dags/example_sensor_decorator.py
[2024-11-11T02:43:05.186+0000] {processor.py:925} INFO - DAG(s) 'example_sensor_decorator' retrieved from /home/airflow/.local/lib/python3.12/site-packages/airflow/example_dags/example_sensor_decorator.py
[2024-11-11T02:43:05.197+0000] {logging_mixin.py:190} INFO - [2024-11-11T02:43:05.197+0000] {dag.py:3239} INFO - Sync 1 DAGs
[2024-11-11T02:43:05.204+0000] {logging_mixin.py:190} INFO - [2024-11-11T02:43:05.204+0000] {dag.py:4180} INFO - Setting next_dagrun for example_sensor_decorator to None, run_after=None
[2024-11-11T02:43:05.213+0000] {processor.py:208} INFO - Processing /home/airflow/.local/lib/python3.12/site-packages/airflow/example_dags/example_sensor_decorator.py took 0.037 seconds
[2024-11-11T02:43:36.032+0000] {processor.py:186} INFO - Started process (PID=2426) to work on /home/airflow/.local/lib/python3.12/site-packages/airflow/example_dags/example_sensor_decorator.py
[2024-11-11T02:43:36.032+0000] {processor.py:914} INFO - Processing file /home/airflow/.local/lib/python3.12/site-packages/airflow/example_dags/example_sensor_decorator.py for tasks to queue
[2024-11-11T02:43:36.034+0000] {logging_mixin.py:190} INFO - [2024-11-11T02:43:36.033+0000] {dagbag.py:588} INFO - Filling up the DagBag from /home/airflow/.local/lib/python3.12/site-packages/airflow/example_dags/example_sensor_decorator.py
[2024-11-11T02:43:36.039+0000] {processor.py:925} INFO - DAG(s) 'example_sensor_decorator' retrieved from /home/airflow/.local/lib/python3.12/site-packages/airflow/example_dags/example_sensor_decorator.py
[2024-11-11T02:43:36.049+0000] {logging_mixin.py:190} INFO - [2024-11-11T02:43:36.049+0000] {dag.py:3239} INFO - Sync 1 DAGs
[2024-11-11T02:43:36.056+0000] {logging_mixin.py:190} INFO - [2024-11-11T02:43:36.056+0000] {dag.py:4180} INFO - Setting next_dagrun for example_sensor_decorator to None, run_after=None
[2024-11-11T02:43:36.064+0000] {processor.py:208} INFO - Processing /home/airflow/.local/lib/python3.12/site-packages/airflow/example_dags/example_sensor_decorator.py took 0.036 seconds
[2024-11-11T02:44:06.714+0000] {processor.py:186} INFO - Started process (PID=2489) to work on /home/airflow/.local/lib/python3.12/site-packages/airflow/example_dags/example_sensor_decorator.py
[2024-11-11T02:44:06.714+0000] {processor.py:914} INFO - Processing file /home/airflow/.local/lib/python3.12/site-packages/airflow/example_dags/example_sensor_decorator.py for tasks to queue
[2024-11-11T02:44:06.716+0000] {logging_mixin.py:190} INFO - [2024-11-11T02:44:06.716+0000] {dagbag.py:588} INFO - Filling up the DagBag from /home/airflow/.local/lib/python3.12/site-packages/airflow/example_dags/example_sensor_decorator.py
[2024-11-11T02:44:06.721+0000] {processor.py:925} INFO - DAG(s) 'example_sensor_decorator' retrieved from /home/airflow/.local/lib/python3.12/site-packages/airflow/example_dags/example_sensor_decorator.py
[2024-11-11T02:44:06.732+0000] {logging_mixin.py:190} INFO - [2024-11-11T02:44:06.731+0000] {dag.py:3239} INFO - Sync 1 DAGs
[2024-11-11T02:44:06.738+0000] {logging_mixin.py:190} INFO - [2024-11-11T02:44:06.738+0000] {dag.py:4180} INFO - Setting next_dagrun for example_sensor_decorator to None, run_after=None
[2024-11-11T02:44:06.747+0000] {processor.py:208} INFO - Processing /home/airflow/.local/lib/python3.12/site-packages/airflow/example_dags/example_sensor_decorator.py took 0.036 seconds
[2024-11-11T02:44:37.411+0000] {processor.py:186} INFO - Started process (PID=2552) to work on /home/airflow/.local/lib/python3.12/site-packages/airflow/example_dags/example_sensor_decorator.py
[2024-11-11T02:44:37.411+0000] {processor.py:914} INFO - Processing file /home/airflow/.local/lib/python3.12/site-packages/airflow/example_dags/example_sensor_decorator.py for tasks to queue
[2024-11-11T02:44:37.413+0000] {logging_mixin.py:190} INFO - [2024-11-11T02:44:37.413+0000] {dagbag.py:588} INFO - Filling up the DagBag from /home/airflow/.local/lib/python3.12/site-packages/airflow/example_dags/example_sensor_decorator.py
[2024-11-11T02:44:37.418+0000] {processor.py:925} INFO - DAG(s) 'example_sensor_decorator' retrieved from /home/airflow/.local/lib/python3.12/site-packages/airflow/example_dags/example_sensor_decorator.py
[2024-11-11T02:44:37.428+0000] {logging_mixin.py:190} INFO - [2024-11-11T02:44:37.428+0000] {dag.py:3239} INFO - Sync 1 DAGs
[2024-11-11T02:44:37.435+0000] {logging_mixin.py:190} INFO - [2024-11-11T02:44:37.435+0000] {dag.py:4180} INFO - Setting next_dagrun for example_sensor_decorator to None, run_after=None
[2024-11-11T02:44:37.443+0000] {processor.py:208} INFO - Processing /home/airflow/.local/lib/python3.12/site-packages/airflow/example_dags/example_sensor_decorator.py took 0.036 seconds
[2024-11-11T02:45:07.960+0000] {processor.py:186} INFO - Started process (PID=2615) to work on /home/airflow/.local/lib/python3.12/site-packages/airflow/example_dags/example_sensor_decorator.py
[2024-11-11T02:45:07.961+0000] {processor.py:914} INFO - Processing file /home/airflow/.local/lib/python3.12/site-packages/airflow/example_dags/example_sensor_decorator.py for tasks to queue
[2024-11-11T02:45:07.962+0000] {logging_mixin.py:190} INFO - [2024-11-11T02:45:07.962+0000] {dagbag.py:588} INFO - Filling up the DagBag from /home/airflow/.local/lib/python3.12/site-packages/airflow/example_dags/example_sensor_decorator.py
[2024-11-11T02:45:07.967+0000] {processor.py:925} INFO - DAG(s) 'example_sensor_decorator' retrieved from /home/airflow/.local/lib/python3.12/site-packages/airflow/example_dags/example_sensor_decorator.py
[2024-11-11T02:45:07.978+0000] {logging_mixin.py:190} INFO - [2024-11-11T02:45:07.977+0000] {dag.py:3239} INFO - Sync 1 DAGs
[2024-11-11T02:45:07.984+0000] {logging_mixin.py:190} INFO - [2024-11-11T02:45:07.984+0000] {dag.py:4180} INFO - Setting next_dagrun for example_sensor_decorator to None, run_after=None
[2024-11-11T02:45:07.993+0000] {processor.py:208} INFO - Processing /home/airflow/.local/lib/python3.12/site-packages/airflow/example_dags/example_sensor_decorator.py took 0.036 seconds
[2024-11-11T02:45:38.639+0000] {processor.py:186} INFO - Started process (PID=2678) to work on /home/airflow/.local/lib/python3.12/site-packages/airflow/example_dags/example_sensor_decorator.py
[2024-11-11T02:45:38.639+0000] {processor.py:914} INFO - Processing file /home/airflow/.local/lib/python3.12/site-packages/airflow/example_dags/example_sensor_decorator.py for tasks to queue
[2024-11-11T02:45:38.640+0000] {logging_mixin.py:190} INFO - [2024-11-11T02:45:38.640+0000] {dagbag.py:588} INFO - Filling up the DagBag from /home/airflow/.local/lib/python3.12/site-packages/airflow/example_dags/example_sensor_decorator.py
[2024-11-11T02:45:38.645+0000] {processor.py:925} INFO - DAG(s) 'example_sensor_decorator' retrieved from /home/airflow/.local/lib/python3.12/site-packages/airflow/example_dags/example_sensor_decorator.py
[2024-11-11T02:45:38.656+0000] {logging_mixin.py:190} INFO - [2024-11-11T02:45:38.656+0000] {dag.py:3239} INFO - Sync 1 DAGs
[2024-11-11T02:45:38.662+0000] {logging_mixin.py:190} INFO - [2024-11-11T02:45:38.662+0000] {dag.py:4180} INFO - Setting next_dagrun for example_sensor_decorator to None, run_after=None
[2024-11-11T02:45:38.670+0000] {processor.py:208} INFO - Processing /home/airflow/.local/lib/python3.12/site-packages/airflow/example_dags/example_sensor_decorator.py took 0.035 seconds
[2024-11-11T02:46:09.291+0000] {processor.py:186} INFO - Started process (PID=2740) to work on /home/airflow/.local/lib/python3.12/site-packages/airflow/example_dags/example_sensor_decorator.py
[2024-11-11T02:46:09.291+0000] {processor.py:914} INFO - Processing file /home/airflow/.local/lib/python3.12/site-packages/airflow/example_dags/example_sensor_decorator.py for tasks to queue
[2024-11-11T02:46:09.293+0000] {logging_mixin.py:190} INFO - [2024-11-11T02:46:09.293+0000] {dagbag.py:588} INFO - Filling up the DagBag from /home/airflow/.local/lib/python3.12/site-packages/airflow/example_dags/example_sensor_decorator.py
[2024-11-11T02:46:09.298+0000] {processor.py:925} INFO - DAG(s) 'example_sensor_decorator' retrieved from /home/airflow/.local/lib/python3.12/site-packages/airflow/example_dags/example_sensor_decorator.py
[2024-11-11T02:46:09.308+0000] {logging_mixin.py:190} INFO - [2024-11-11T02:46:09.308+0000] {dag.py:3239} INFO - Sync 1 DAGs
[2024-11-11T02:46:09.315+0000] {logging_mixin.py:190} INFO - [2024-11-11T02:46:09.315+0000] {dag.py:4180} INFO - Setting next_dagrun for example_sensor_decorator to None, run_after=None
[2024-11-11T02:46:09.324+0000] {processor.py:208} INFO - Processing /home/airflow/.local/lib/python3.12/site-packages/airflow/example_dags/example_sensor_decorator.py took 0.036 seconds
[2024-11-11T02:46:40.034+0000] {processor.py:186} INFO - Started process (PID=2803) to work on /home/airflow/.local/lib/python3.12/site-packages/airflow/example_dags/example_sensor_decorator.py
[2024-11-11T02:46:40.035+0000] {processor.py:914} INFO - Processing file /home/airflow/.local/lib/python3.12/site-packages/airflow/example_dags/example_sensor_decorator.py for tasks to queue
[2024-11-11T02:46:40.036+0000] {logging_mixin.py:190} INFO - [2024-11-11T02:46:40.036+0000] {dagbag.py:588} INFO - Filling up the DagBag from /home/airflow/.local/lib/python3.12/site-packages/airflow/example_dags/example_sensor_decorator.py
[2024-11-11T02:46:40.042+0000] {processor.py:925} INFO - DAG(s) 'example_sensor_decorator' retrieved from /home/airflow/.local/lib/python3.12/site-packages/airflow/example_dags/example_sensor_decorator.py
[2024-11-11T02:46:40.053+0000] {logging_mixin.py:190} INFO - [2024-11-11T02:46:40.052+0000] {dag.py:3239} INFO - Sync 1 DAGs
[2024-11-11T02:46:40.059+0000] {logging_mixin.py:190} INFO - [2024-11-11T02:46:40.059+0000] {dag.py:4180} INFO - Setting next_dagrun for example_sensor_decorator to None, run_after=None
[2024-11-11T02:46:40.069+0000] {processor.py:208} INFO - Processing /home/airflow/.local/lib/python3.12/site-packages/airflow/example_dags/example_sensor_decorator.py took 0.039 seconds
[2024-11-11T02:47:10.616+0000] {processor.py:186} INFO - Started process (PID=2866) to work on /home/airflow/.local/lib/python3.12/site-packages/airflow/example_dags/example_sensor_decorator.py
[2024-11-11T02:47:10.617+0000] {processor.py:914} INFO - Processing file /home/airflow/.local/lib/python3.12/site-packages/airflow/example_dags/example_sensor_decorator.py for tasks to queue
[2024-11-11T02:47:10.618+0000] {logging_mixin.py:190} INFO - [2024-11-11T02:47:10.618+0000] {dagbag.py:588} INFO - Filling up the DagBag from /home/airflow/.local/lib/python3.12/site-packages/airflow/example_dags/example_sensor_decorator.py
[2024-11-11T02:47:10.623+0000] {processor.py:925} INFO - DAG(s) 'example_sensor_decorator' retrieved from /home/airflow/.local/lib/python3.12/site-packages/airflow/example_dags/example_sensor_decorator.py
[2024-11-11T02:47:10.634+0000] {logging_mixin.py:190} INFO - [2024-11-11T02:47:10.633+0000] {dag.py:3239} INFO - Sync 1 DAGs
[2024-11-11T02:47:10.640+0000] {logging_mixin.py:190} INFO - [2024-11-11T02:47:10.640+0000] {dag.py:4180} INFO - Setting next_dagrun for example_sensor_decorator to None, run_after=None
[2024-11-11T02:47:10.648+0000] {processor.py:208} INFO - Processing /home/airflow/.local/lib/python3.12/site-packages/airflow/example_dags/example_sensor_decorator.py took 0.036 seconds
[2024-11-11T02:47:41.196+0000] {processor.py:186} INFO - Started process (PID=2929) to work on /home/airflow/.local/lib/python3.12/site-packages/airflow/example_dags/example_sensor_decorator.py
[2024-11-11T02:47:41.197+0000] {processor.py:914} INFO - Processing file /home/airflow/.local/lib/python3.12/site-packages/airflow/example_dags/example_sensor_decorator.py for tasks to queue
[2024-11-11T02:47:41.198+0000] {logging_mixin.py:190} INFO - [2024-11-11T02:47:41.198+0000] {dagbag.py:588} INFO - Filling up the DagBag from /home/airflow/.local/lib/python3.12/site-packages/airflow/example_dags/example_sensor_decorator.py
[2024-11-11T02:47:41.204+0000] {processor.py:925} INFO - DAG(s) 'example_sensor_decorator' retrieved from /home/airflow/.local/lib/python3.12/site-packages/airflow/example_dags/example_sensor_decorator.py
[2024-11-11T02:47:41.214+0000] {logging_mixin.py:190} INFO - [2024-11-11T02:47:41.214+0000] {dag.py:3239} INFO - Sync 1 DAGs
[2024-11-11T02:47:41.222+0000] {logging_mixin.py:190} INFO - [2024-11-11T02:47:41.222+0000] {dag.py:4180} INFO - Setting next_dagrun for example_sensor_decorator to None, run_after=None
[2024-11-11T02:47:41.231+0000] {processor.py:208} INFO - Processing /home/airflow/.local/lib/python3.12/site-packages/airflow/example_dags/example_sensor_decorator.py took 0.038 seconds
[2024-11-11T02:48:11.793+0000] {processor.py:186} INFO - Started process (PID=2992) to work on /home/airflow/.local/lib/python3.12/site-packages/airflow/example_dags/example_sensor_decorator.py
[2024-11-11T02:48:11.794+0000] {processor.py:914} INFO - Processing file /home/airflow/.local/lib/python3.12/site-packages/airflow/example_dags/example_sensor_decorator.py for tasks to queue
[2024-11-11T02:48:11.796+0000] {logging_mixin.py:190} INFO - [2024-11-11T02:48:11.795+0000] {dagbag.py:588} INFO - Filling up the DagBag from /home/airflow/.local/lib/python3.12/site-packages/airflow/example_dags/example_sensor_decorator.py
[2024-11-11T02:48:11.800+0000] {processor.py:925} INFO - DAG(s) 'example_sensor_decorator' retrieved from /home/airflow/.local/lib/python3.12/site-packages/airflow/example_dags/example_sensor_decorator.py
[2024-11-11T02:48:11.811+0000] {logging_mixin.py:190} INFO - [2024-11-11T02:48:11.810+0000] {dag.py:3239} INFO - Sync 1 DAGs
[2024-11-11T02:48:11.817+0000] {logging_mixin.py:190} INFO - [2024-11-11T02:48:11.817+0000] {dag.py:4180} INFO - Setting next_dagrun for example_sensor_decorator to None, run_after=None
[2024-11-11T02:48:11.826+0000] {processor.py:208} INFO - Processing /home/airflow/.local/lib/python3.12/site-packages/airflow/example_dags/example_sensor_decorator.py took 0.036 seconds
[2024-11-11T02:48:42.389+0000] {processor.py:186} INFO - Started process (PID=3055) to work on /home/airflow/.local/lib/python3.12/site-packages/airflow/example_dags/example_sensor_decorator.py
[2024-11-11T02:48:42.390+0000] {processor.py:914} INFO - Processing file /home/airflow/.local/lib/python3.12/site-packages/airflow/example_dags/example_sensor_decorator.py for tasks to queue
[2024-11-11T02:48:42.391+0000] {logging_mixin.py:190} INFO - [2024-11-11T02:48:42.391+0000] {dagbag.py:588} INFO - Filling up the DagBag from /home/airflow/.local/lib/python3.12/site-packages/airflow/example_dags/example_sensor_decorator.py
[2024-11-11T02:48:42.396+0000] {processor.py:925} INFO - DAG(s) 'example_sensor_decorator' retrieved from /home/airflow/.local/lib/python3.12/site-packages/airflow/example_dags/example_sensor_decorator.py
[2024-11-11T02:48:42.406+0000] {logging_mixin.py:190} INFO - [2024-11-11T02:48:42.406+0000] {dag.py:3239} INFO - Sync 1 DAGs
[2024-11-11T02:48:42.413+0000] {logging_mixin.py:190} INFO - [2024-11-11T02:48:42.413+0000] {dag.py:4180} INFO - Setting next_dagrun for example_sensor_decorator to None, run_after=None
[2024-11-11T02:48:42.421+0000] {processor.py:208} INFO - Processing /home/airflow/.local/lib/python3.12/site-packages/airflow/example_dags/example_sensor_decorator.py took 0.036 seconds
[2024-11-11T02:49:12.958+0000] {processor.py:186} INFO - Started process (PID=3118) to work on /home/airflow/.local/lib/python3.12/site-packages/airflow/example_dags/example_sensor_decorator.py
[2024-11-11T02:49:12.959+0000] {processor.py:914} INFO - Processing file /home/airflow/.local/lib/python3.12/site-packages/airflow/example_dags/example_sensor_decorator.py for tasks to queue
[2024-11-11T02:49:12.960+0000] {logging_mixin.py:190} INFO - [2024-11-11T02:49:12.960+0000] {dagbag.py:588} INFO - Filling up the DagBag from /home/airflow/.local/lib/python3.12/site-packages/airflow/example_dags/example_sensor_decorator.py
[2024-11-11T02:49:12.965+0000] {processor.py:925} INFO - DAG(s) 'example_sensor_decorator' retrieved from /home/airflow/.local/lib/python3.12/site-packages/airflow/example_dags/example_sensor_decorator.py
[2024-11-11T02:49:12.976+0000] {logging_mixin.py:190} INFO - [2024-11-11T02:49:12.975+0000] {dag.py:3239} INFO - Sync 1 DAGs
[2024-11-11T02:49:12.982+0000] {logging_mixin.py:190} INFO - [2024-11-11T02:49:12.982+0000] {dag.py:4180} INFO - Setting next_dagrun for example_sensor_decorator to None, run_after=None
[2024-11-11T02:49:12.990+0000] {processor.py:208} INFO - Processing /home/airflow/.local/lib/python3.12/site-packages/airflow/example_dags/example_sensor_decorator.py took 0.036 seconds
[2024-11-11T02:49:43.814+0000] {processor.py:186} INFO - Started process (PID=3181) to work on /home/airflow/.local/lib/python3.12/site-packages/airflow/example_dags/example_sensor_decorator.py
[2024-11-11T02:49:43.815+0000] {processor.py:914} INFO - Processing file /home/airflow/.local/lib/python3.12/site-packages/airflow/example_dags/example_sensor_decorator.py for tasks to queue
[2024-11-11T02:49:43.816+0000] {logging_mixin.py:190} INFO - [2024-11-11T02:49:43.816+0000] {dagbag.py:588} INFO - Filling up the DagBag from /home/airflow/.local/lib/python3.12/site-packages/airflow/example_dags/example_sensor_decorator.py
[2024-11-11T02:49:43.821+0000] {processor.py:925} INFO - DAG(s) 'example_sensor_decorator' retrieved from /home/airflow/.local/lib/python3.12/site-packages/airflow/example_dags/example_sensor_decorator.py
[2024-11-11T02:49:43.831+0000] {logging_mixin.py:190} INFO - [2024-11-11T02:49:43.831+0000] {dag.py:3239} INFO - Sync 1 DAGs
[2024-11-11T02:49:43.838+0000] {logging_mixin.py:190} INFO - [2024-11-11T02:49:43.838+0000] {dag.py:4180} INFO - Setting next_dagrun for example_sensor_decorator to None, run_after=None
[2024-11-11T02:49:43.846+0000] {processor.py:208} INFO - Processing /home/airflow/.local/lib/python3.12/site-packages/airflow/example_dags/example_sensor_decorator.py took 0.035 seconds
[2024-11-11T02:50:14.702+0000] {processor.py:186} INFO - Started process (PID=3244) to work on /home/airflow/.local/lib/python3.12/site-packages/airflow/example_dags/example_sensor_decorator.py
[2024-11-11T02:50:14.703+0000] {processor.py:914} INFO - Processing file /home/airflow/.local/lib/python3.12/site-packages/airflow/example_dags/example_sensor_decorator.py for tasks to queue
[2024-11-11T02:50:14.704+0000] {logging_mixin.py:190} INFO - [2024-11-11T02:50:14.704+0000] {dagbag.py:588} INFO - Filling up the DagBag from /home/airflow/.local/lib/python3.12/site-packages/airflow/example_dags/example_sensor_decorator.py
[2024-11-11T02:50:14.709+0000] {processor.py:925} INFO - DAG(s) 'example_sensor_decorator' retrieved from /home/airflow/.local/lib/python3.12/site-packages/airflow/example_dags/example_sensor_decorator.py
[2024-11-11T02:50:14.720+0000] {logging_mixin.py:190} INFO - [2024-11-11T02:50:14.719+0000] {dag.py:3239} INFO - Sync 1 DAGs
[2024-11-11T02:50:14.726+0000] {logging_mixin.py:190} INFO - [2024-11-11T02:50:14.726+0000] {dag.py:4180} INFO - Setting next_dagrun for example_sensor_decorator to None, run_after=None
[2024-11-11T02:50:14.734+0000] {processor.py:208} INFO - Processing /home/airflow/.local/lib/python3.12/site-packages/airflow/example_dags/example_sensor_decorator.py took 0.036 seconds
[2024-11-11T02:50:45.312+0000] {processor.py:186} INFO - Started process (PID=3307) to work on /home/airflow/.local/lib/python3.12/site-packages/airflow/example_dags/example_sensor_decorator.py
[2024-11-11T02:50:45.313+0000] {processor.py:914} INFO - Processing file /home/airflow/.local/lib/python3.12/site-packages/airflow/example_dags/example_sensor_decorator.py for tasks to queue
[2024-11-11T02:50:45.315+0000] {logging_mixin.py:190} INFO - [2024-11-11T02:50:45.315+0000] {dagbag.py:588} INFO - Filling up the DagBag from /home/airflow/.local/lib/python3.12/site-packages/airflow/example_dags/example_sensor_decorator.py
[2024-11-11T02:50:45.320+0000] {processor.py:925} INFO - DAG(s) 'example_sensor_decorator' retrieved from /home/airflow/.local/lib/python3.12/site-packages/airflow/example_dags/example_sensor_decorator.py
[2024-11-11T02:50:45.331+0000] {logging_mixin.py:190} INFO - [2024-11-11T02:50:45.331+0000] {dag.py:3239} INFO - Sync 1 DAGs
[2024-11-11T02:50:45.338+0000] {logging_mixin.py:190} INFO - [2024-11-11T02:50:45.338+0000] {dag.py:4180} INFO - Setting next_dagrun for example_sensor_decorator to None, run_after=None
[2024-11-11T02:50:45.349+0000] {processor.py:208} INFO - Processing /home/airflow/.local/lib/python3.12/site-packages/airflow/example_dags/example_sensor_decorator.py took 0.042 seconds
[2024-11-11T02:51:16.101+0000] {processor.py:186} INFO - Started process (PID=3370) to work on /home/airflow/.local/lib/python3.12/site-packages/airflow/example_dags/example_sensor_decorator.py
[2024-11-11T02:51:16.102+0000] {processor.py:914} INFO - Processing file /home/airflow/.local/lib/python3.12/site-packages/airflow/example_dags/example_sensor_decorator.py for tasks to queue
[2024-11-11T02:51:16.103+0000] {logging_mixin.py:190} INFO - [2024-11-11T02:51:16.103+0000] {dagbag.py:588} INFO - Filling up the DagBag from /home/airflow/.local/lib/python3.12/site-packages/airflow/example_dags/example_sensor_decorator.py
[2024-11-11T02:51:16.108+0000] {processor.py:925} INFO - DAG(s) 'example_sensor_decorator' retrieved from /home/airflow/.local/lib/python3.12/site-packages/airflow/example_dags/example_sensor_decorator.py
[2024-11-11T02:51:16.118+0000] {logging_mixin.py:190} INFO - [2024-11-11T02:51:16.118+0000] {dag.py:3239} INFO - Sync 1 DAGs
[2024-11-11T02:51:16.125+0000] {logging_mixin.py:190} INFO - [2024-11-11T02:51:16.125+0000] {dag.py:4180} INFO - Setting next_dagrun for example_sensor_decorator to None, run_after=None
[2024-11-11T02:51:16.133+0000] {processor.py:208} INFO - Processing /home/airflow/.local/lib/python3.12/site-packages/airflow/example_dags/example_sensor_decorator.py took 0.035 seconds
[2024-11-11T02:51:47.238+0000] {processor.py:186} INFO - Started process (PID=3433) to work on /home/airflow/.local/lib/python3.12/site-packages/airflow/example_dags/example_sensor_decorator.py
[2024-11-11T02:51:47.239+0000] {processor.py:914} INFO - Processing file /home/airflow/.local/lib/python3.12/site-packages/airflow/example_dags/example_sensor_decorator.py for tasks to queue
[2024-11-11T02:51:47.240+0000] {logging_mixin.py:190} INFO - [2024-11-11T02:51:47.240+0000] {dagbag.py:588} INFO - Filling up the DagBag from /home/airflow/.local/lib/python3.12/site-packages/airflow/example_dags/example_sensor_decorator.py
[2024-11-11T02:51:47.245+0000] {processor.py:925} INFO - DAG(s) 'example_sensor_decorator' retrieved from /home/airflow/.local/lib/python3.12/site-packages/airflow/example_dags/example_sensor_decorator.py
[2024-11-11T02:51:47.255+0000] {logging_mixin.py:190} INFO - [2024-11-11T02:51:47.255+0000] {dag.py:3239} INFO - Sync 1 DAGs
[2024-11-11T02:51:47.262+0000] {logging_mixin.py:190} INFO - [2024-11-11T02:51:47.262+0000] {dag.py:4180} INFO - Setting next_dagrun for example_sensor_decorator to None, run_after=None
[2024-11-11T02:51:47.271+0000] {processor.py:208} INFO - Processing /home/airflow/.local/lib/python3.12/site-packages/airflow/example_dags/example_sensor_decorator.py took 0.036 seconds
[2024-11-11T02:52:18.099+0000] {processor.py:186} INFO - Started process (PID=3496) to work on /home/airflow/.local/lib/python3.12/site-packages/airflow/example_dags/example_sensor_decorator.py
[2024-11-11T02:52:18.100+0000] {processor.py:914} INFO - Processing file /home/airflow/.local/lib/python3.12/site-packages/airflow/example_dags/example_sensor_decorator.py for tasks to queue
[2024-11-11T02:52:18.101+0000] {logging_mixin.py:190} INFO - [2024-11-11T02:52:18.101+0000] {dagbag.py:588} INFO - Filling up the DagBag from /home/airflow/.local/lib/python3.12/site-packages/airflow/example_dags/example_sensor_decorator.py
[2024-11-11T02:52:18.106+0000] {processor.py:925} INFO - DAG(s) 'example_sensor_decorator' retrieved from /home/airflow/.local/lib/python3.12/site-packages/airflow/example_dags/example_sensor_decorator.py
[2024-11-11T02:52:18.117+0000] {logging_mixin.py:190} INFO - [2024-11-11T02:52:18.117+0000] {dag.py:3239} INFO - Sync 1 DAGs
[2024-11-11T02:52:18.227+0000] {logging_mixin.py:190} INFO - [2024-11-11T02:52:18.227+0000] {dag.py:4180} INFO - Setting next_dagrun for example_sensor_decorator to None, run_after=None
[2024-11-11T02:52:18.235+0000] {processor.py:208} INFO - Processing /home/airflow/.local/lib/python3.12/site-packages/airflow/example_dags/example_sensor_decorator.py took 0.139 seconds
[2024-11-11T02:52:49.465+0000] {processor.py:186} INFO - Started process (PID=3559) to work on /home/airflow/.local/lib/python3.12/site-packages/airflow/example_dags/example_sensor_decorator.py
[2024-11-11T02:52:49.465+0000] {processor.py:914} INFO - Processing file /home/airflow/.local/lib/python3.12/site-packages/airflow/example_dags/example_sensor_decorator.py for tasks to queue
[2024-11-11T02:52:49.467+0000] {logging_mixin.py:190} INFO - [2024-11-11T02:52:49.466+0000] {dagbag.py:588} INFO - Filling up the DagBag from /home/airflow/.local/lib/python3.12/site-packages/airflow/example_dags/example_sensor_decorator.py
[2024-11-11T02:52:49.472+0000] {processor.py:925} INFO - DAG(s) 'example_sensor_decorator' retrieved from /home/airflow/.local/lib/python3.12/site-packages/airflow/example_dags/example_sensor_decorator.py
[2024-11-11T02:52:49.482+0000] {logging_mixin.py:190} INFO - [2024-11-11T02:52:49.482+0000] {dag.py:3239} INFO - Sync 1 DAGs
[2024-11-11T02:52:49.589+0000] {logging_mixin.py:190} INFO - [2024-11-11T02:52:49.589+0000] {dag.py:4180} INFO - Setting next_dagrun for example_sensor_decorator to None, run_after=None
[2024-11-11T02:52:49.597+0000] {processor.py:208} INFO - Processing /home/airflow/.local/lib/python3.12/site-packages/airflow/example_dags/example_sensor_decorator.py took 0.135 seconds
[2024-11-11T02:53:20.269+0000] {processor.py:186} INFO - Started process (PID=3622) to work on /home/airflow/.local/lib/python3.12/site-packages/airflow/example_dags/example_sensor_decorator.py
[2024-11-11T02:53:20.270+0000] {processor.py:914} INFO - Processing file /home/airflow/.local/lib/python3.12/site-packages/airflow/example_dags/example_sensor_decorator.py for tasks to queue
[2024-11-11T02:53:20.271+0000] {logging_mixin.py:190} INFO - [2024-11-11T02:53:20.271+0000] {dagbag.py:588} INFO - Filling up the DagBag from /home/airflow/.local/lib/python3.12/site-packages/airflow/example_dags/example_sensor_decorator.py
[2024-11-11T02:53:20.277+0000] {processor.py:925} INFO - DAG(s) 'example_sensor_decorator' retrieved from /home/airflow/.local/lib/python3.12/site-packages/airflow/example_dags/example_sensor_decorator.py
[2024-11-11T02:53:20.287+0000] {logging_mixin.py:190} INFO - [2024-11-11T02:53:20.287+0000] {dag.py:3239} INFO - Sync 1 DAGs
[2024-11-11T02:53:20.293+0000] {logging_mixin.py:190} INFO - [2024-11-11T02:53:20.293+0000] {dag.py:4180} INFO - Setting next_dagrun for example_sensor_decorator to None, run_after=None
[2024-11-11T02:53:20.302+0000] {processor.py:208} INFO - Processing /home/airflow/.local/lib/python3.12/site-packages/airflow/example_dags/example_sensor_decorator.py took 0.036 seconds
[2024-11-11T02:53:51.169+0000] {processor.py:186} INFO - Started process (PID=3685) to work on /home/airflow/.local/lib/python3.12/site-packages/airflow/example_dags/example_sensor_decorator.py
[2024-11-11T02:53:51.170+0000] {processor.py:914} INFO - Processing file /home/airflow/.local/lib/python3.12/site-packages/airflow/example_dags/example_sensor_decorator.py for tasks to queue
[2024-11-11T02:53:51.171+0000] {logging_mixin.py:190} INFO - [2024-11-11T02:53:51.171+0000] {dagbag.py:588} INFO - Filling up the DagBag from /home/airflow/.local/lib/python3.12/site-packages/airflow/example_dags/example_sensor_decorator.py
[2024-11-11T02:53:51.176+0000] {processor.py:925} INFO - DAG(s) 'example_sensor_decorator' retrieved from /home/airflow/.local/lib/python3.12/site-packages/airflow/example_dags/example_sensor_decorator.py
[2024-11-11T02:53:51.186+0000] {logging_mixin.py:190} INFO - [2024-11-11T02:53:51.186+0000] {dag.py:3239} INFO - Sync 1 DAGs
[2024-11-11T02:53:51.193+0000] {logging_mixin.py:190} INFO - [2024-11-11T02:53:51.193+0000] {dag.py:4180} INFO - Setting next_dagrun for example_sensor_decorator to None, run_after=None
[2024-11-11T02:53:51.201+0000] {processor.py:208} INFO - Processing /home/airflow/.local/lib/python3.12/site-packages/airflow/example_dags/example_sensor_decorator.py took 0.035 seconds
[2024-11-11T02:54:21.678+0000] {processor.py:186} INFO - Started process (PID=3748) to work on /home/airflow/.local/lib/python3.12/site-packages/airflow/example_dags/example_sensor_decorator.py
[2024-11-11T02:54:21.679+0000] {processor.py:914} INFO - Processing file /home/airflow/.local/lib/python3.12/site-packages/airflow/example_dags/example_sensor_decorator.py for tasks to queue
[2024-11-11T02:54:21.680+0000] {logging_mixin.py:190} INFO - [2024-11-11T02:54:21.680+0000] {dagbag.py:588} INFO - Filling up the DagBag from /home/airflow/.local/lib/python3.12/site-packages/airflow/example_dags/example_sensor_decorator.py
[2024-11-11T02:54:21.685+0000] {processor.py:925} INFO - DAG(s) 'example_sensor_decorator' retrieved from /home/airflow/.local/lib/python3.12/site-packages/airflow/example_dags/example_sensor_decorator.py
[2024-11-11T02:54:21.696+0000] {logging_mixin.py:190} INFO - [2024-11-11T02:54:21.695+0000] {dag.py:3239} INFO - Sync 1 DAGs
[2024-11-11T02:54:21.702+0000] {logging_mixin.py:190} INFO - [2024-11-11T02:54:21.702+0000] {dag.py:4180} INFO - Setting next_dagrun for example_sensor_decorator to None, run_after=None
[2024-11-11T02:54:21.710+0000] {processor.py:208} INFO - Processing /home/airflow/.local/lib/python3.12/site-packages/airflow/example_dags/example_sensor_decorator.py took 0.036 seconds
[2024-11-11T02:54:52.178+0000] {processor.py:186} INFO - Started process (PID=3811) to work on /home/airflow/.local/lib/python3.12/site-packages/airflow/example_dags/example_sensor_decorator.py
[2024-11-11T02:54:52.179+0000] {processor.py:914} INFO - Processing file /home/airflow/.local/lib/python3.12/site-packages/airflow/example_dags/example_sensor_decorator.py for tasks to queue
[2024-11-11T02:54:52.181+0000] {logging_mixin.py:190} INFO - [2024-11-11T02:54:52.180+0000] {dagbag.py:588} INFO - Filling up the DagBag from /home/airflow/.local/lib/python3.12/site-packages/airflow/example_dags/example_sensor_decorator.py
[2024-11-11T02:54:52.186+0000] {processor.py:925} INFO - DAG(s) 'example_sensor_decorator' retrieved from /home/airflow/.local/lib/python3.12/site-packages/airflow/example_dags/example_sensor_decorator.py
[2024-11-11T02:54:52.196+0000] {logging_mixin.py:190} INFO - [2024-11-11T02:54:52.196+0000] {dag.py:3239} INFO - Sync 1 DAGs
[2024-11-11T02:54:52.202+0000] {logging_mixin.py:190} INFO - [2024-11-11T02:54:52.202+0000] {dag.py:4180} INFO - Setting next_dagrun for example_sensor_decorator to None, run_after=None
[2024-11-11T02:54:52.210+0000] {processor.py:208} INFO - Processing /home/airflow/.local/lib/python3.12/site-packages/airflow/example_dags/example_sensor_decorator.py took 0.035 seconds
[2024-11-11T02:55:22.589+0000] {processor.py:186} INFO - Started process (PID=3874) to work on /home/airflow/.local/lib/python3.12/site-packages/airflow/example_dags/example_sensor_decorator.py
[2024-11-11T02:55:22.590+0000] {processor.py:914} INFO - Processing file /home/airflow/.local/lib/python3.12/site-packages/airflow/example_dags/example_sensor_decorator.py for tasks to queue
[2024-11-11T02:55:22.591+0000] {logging_mixin.py:190} INFO - [2024-11-11T02:55:22.591+0000] {dagbag.py:588} INFO - Filling up the DagBag from /home/airflow/.local/lib/python3.12/site-packages/airflow/example_dags/example_sensor_decorator.py
[2024-11-11T02:55:22.596+0000] {processor.py:925} INFO - DAG(s) 'example_sensor_decorator' retrieved from /home/airflow/.local/lib/python3.12/site-packages/airflow/example_dags/example_sensor_decorator.py
[2024-11-11T02:55:22.607+0000] {logging_mixin.py:190} INFO - [2024-11-11T02:55:22.607+0000] {dag.py:3239} INFO - Sync 1 DAGs
[2024-11-11T02:55:22.614+0000] {logging_mixin.py:190} INFO - [2024-11-11T02:55:22.614+0000] {dag.py:4180} INFO - Setting next_dagrun for example_sensor_decorator to None, run_after=None
[2024-11-11T02:55:22.623+0000] {processor.py:208} INFO - Processing /home/airflow/.local/lib/python3.12/site-packages/airflow/example_dags/example_sensor_decorator.py took 0.037 seconds
[2024-11-11T02:55:53.092+0000] {processor.py:186} INFO - Started process (PID=3937) to work on /home/airflow/.local/lib/python3.12/site-packages/airflow/example_dags/example_sensor_decorator.py
[2024-11-11T02:55:53.092+0000] {processor.py:914} INFO - Processing file /home/airflow/.local/lib/python3.12/site-packages/airflow/example_dags/example_sensor_decorator.py for tasks to queue
[2024-11-11T02:55:53.094+0000] {logging_mixin.py:190} INFO - [2024-11-11T02:55:53.094+0000] {dagbag.py:588} INFO - Filling up the DagBag from /home/airflow/.local/lib/python3.12/site-packages/airflow/example_dags/example_sensor_decorator.py
[2024-11-11T02:55:53.099+0000] {processor.py:925} INFO - DAG(s) 'example_sensor_decorator' retrieved from /home/airflow/.local/lib/python3.12/site-packages/airflow/example_dags/example_sensor_decorator.py
[2024-11-11T02:55:53.110+0000] {logging_mixin.py:190} INFO - [2024-11-11T02:55:53.110+0000] {dag.py:3239} INFO - Sync 1 DAGs
[2024-11-11T02:55:53.117+0000] {logging_mixin.py:190} INFO - [2024-11-11T02:55:53.117+0000] {dag.py:4180} INFO - Setting next_dagrun for example_sensor_decorator to None, run_after=None
[2024-11-11T02:55:53.126+0000] {processor.py:208} INFO - Processing /home/airflow/.local/lib/python3.12/site-packages/airflow/example_dags/example_sensor_decorator.py took 0.038 seconds
[2024-11-11T02:56:23.677+0000] {processor.py:186} INFO - Started process (PID=4000) to work on /home/airflow/.local/lib/python3.12/site-packages/airflow/example_dags/example_sensor_decorator.py
[2024-11-11T02:56:23.678+0000] {processor.py:914} INFO - Processing file /home/airflow/.local/lib/python3.12/site-packages/airflow/example_dags/example_sensor_decorator.py for tasks to queue
[2024-11-11T02:56:23.680+0000] {logging_mixin.py:190} INFO - [2024-11-11T02:56:23.679+0000] {dagbag.py:588} INFO - Filling up the DagBag from /home/airflow/.local/lib/python3.12/site-packages/airflow/example_dags/example_sensor_decorator.py
[2024-11-11T02:56:23.685+0000] {processor.py:925} INFO - DAG(s) 'example_sensor_decorator' retrieved from /home/airflow/.local/lib/python3.12/site-packages/airflow/example_dags/example_sensor_decorator.py
[2024-11-11T02:56:23.696+0000] {logging_mixin.py:190} INFO - [2024-11-11T02:56:23.696+0000] {dag.py:3239} INFO - Sync 1 DAGs
[2024-11-11T02:56:23.703+0000] {logging_mixin.py:190} INFO - [2024-11-11T02:56:23.703+0000] {dag.py:4180} INFO - Setting next_dagrun for example_sensor_decorator to None, run_after=None
[2024-11-11T02:56:23.712+0000] {processor.py:208} INFO - Processing /home/airflow/.local/lib/python3.12/site-packages/airflow/example_dags/example_sensor_decorator.py took 0.038 seconds
[2024-11-11T02:56:54.185+0000] {processor.py:186} INFO - Started process (PID=4063) to work on /home/airflow/.local/lib/python3.12/site-packages/airflow/example_dags/example_sensor_decorator.py
[2024-11-11T02:56:54.185+0000] {processor.py:914} INFO - Processing file /home/airflow/.local/lib/python3.12/site-packages/airflow/example_dags/example_sensor_decorator.py for tasks to queue
[2024-11-11T02:56:54.187+0000] {logging_mixin.py:190} INFO - [2024-11-11T02:56:54.187+0000] {dagbag.py:588} INFO - Filling up the DagBag from /home/airflow/.local/lib/python3.12/site-packages/airflow/example_dags/example_sensor_decorator.py
[2024-11-11T02:56:54.192+0000] {processor.py:925} INFO - DAG(s) 'example_sensor_decorator' retrieved from /home/airflow/.local/lib/python3.12/site-packages/airflow/example_dags/example_sensor_decorator.py
[2024-11-11T02:56:54.203+0000] {logging_mixin.py:190} INFO - [2024-11-11T02:56:54.202+0000] {dag.py:3239} INFO - Sync 1 DAGs
[2024-11-11T02:56:54.209+0000] {logging_mixin.py:190} INFO - [2024-11-11T02:56:54.209+0000] {dag.py:4180} INFO - Setting next_dagrun for example_sensor_decorator to None, run_after=None
[2024-11-11T02:56:54.218+0000] {processor.py:208} INFO - Processing /home/airflow/.local/lib/python3.12/site-packages/airflow/example_dags/example_sensor_decorator.py took 0.037 seconds
[2024-11-11T02:57:24.724+0000] {processor.py:186} INFO - Started process (PID=4126) to work on /home/airflow/.local/lib/python3.12/site-packages/airflow/example_dags/example_sensor_decorator.py
[2024-11-11T02:57:24.725+0000] {processor.py:914} INFO - Processing file /home/airflow/.local/lib/python3.12/site-packages/airflow/example_dags/example_sensor_decorator.py for tasks to queue
[2024-11-11T02:57:24.726+0000] {logging_mixin.py:190} INFO - [2024-11-11T02:57:24.726+0000] {dagbag.py:588} INFO - Filling up the DagBag from /home/airflow/.local/lib/python3.12/site-packages/airflow/example_dags/example_sensor_decorator.py
[2024-11-11T02:57:24.731+0000] {processor.py:925} INFO - DAG(s) 'example_sensor_decorator' retrieved from /home/airflow/.local/lib/python3.12/site-packages/airflow/example_dags/example_sensor_decorator.py
[2024-11-11T02:57:24.741+0000] {logging_mixin.py:190} INFO - [2024-11-11T02:57:24.741+0000] {dag.py:3239} INFO - Sync 1 DAGs
[2024-11-11T02:57:24.748+0000] {logging_mixin.py:190} INFO - [2024-11-11T02:57:24.748+0000] {dag.py:4180} INFO - Setting next_dagrun for example_sensor_decorator to None, run_after=None
[2024-11-11T02:57:24.756+0000] {processor.py:208} INFO - Processing /home/airflow/.local/lib/python3.12/site-packages/airflow/example_dags/example_sensor_decorator.py took 0.036 seconds
[2024-11-11T02:57:55.201+0000] {processor.py:186} INFO - Started process (PID=4189) to work on /home/airflow/.local/lib/python3.12/site-packages/airflow/example_dags/example_sensor_decorator.py
[2024-11-11T02:57:55.201+0000] {processor.py:914} INFO - Processing file /home/airflow/.local/lib/python3.12/site-packages/airflow/example_dags/example_sensor_decorator.py for tasks to queue
[2024-11-11T02:57:55.203+0000] {logging_mixin.py:190} INFO - [2024-11-11T02:57:55.203+0000] {dagbag.py:588} INFO - Filling up the DagBag from /home/airflow/.local/lib/python3.12/site-packages/airflow/example_dags/example_sensor_decorator.py
[2024-11-11T02:57:55.208+0000] {processor.py:925} INFO - DAG(s) 'example_sensor_decorator' retrieved from /home/airflow/.local/lib/python3.12/site-packages/airflow/example_dags/example_sensor_decorator.py
[2024-11-11T02:57:55.218+0000] {logging_mixin.py:190} INFO - [2024-11-11T02:57:55.218+0000] {dag.py:3239} INFO - Sync 1 DAGs
[2024-11-11T02:57:55.225+0000] {logging_mixin.py:190} INFO - [2024-11-11T02:57:55.225+0000] {dag.py:4180} INFO - Setting next_dagrun for example_sensor_decorator to None, run_after=None
[2024-11-11T02:57:55.233+0000] {processor.py:208} INFO - Processing /home/airflow/.local/lib/python3.12/site-packages/airflow/example_dags/example_sensor_decorator.py took 0.036 seconds
[2024-11-11T02:58:25.658+0000] {processor.py:186} INFO - Started process (PID=4252) to work on /home/airflow/.local/lib/python3.12/site-packages/airflow/example_dags/example_sensor_decorator.py
[2024-11-11T02:58:25.659+0000] {processor.py:914} INFO - Processing file /home/airflow/.local/lib/python3.12/site-packages/airflow/example_dags/example_sensor_decorator.py for tasks to queue
[2024-11-11T02:58:25.660+0000] {logging_mixin.py:190} INFO - [2024-11-11T02:58:25.660+0000] {dagbag.py:588} INFO - Filling up the DagBag from /home/airflow/.local/lib/python3.12/site-packages/airflow/example_dags/example_sensor_decorator.py
[2024-11-11T02:58:25.665+0000] {processor.py:925} INFO - DAG(s) 'example_sensor_decorator' retrieved from /home/airflow/.local/lib/python3.12/site-packages/airflow/example_dags/example_sensor_decorator.py
[2024-11-11T02:58:25.675+0000] {logging_mixin.py:190} INFO - [2024-11-11T02:58:25.675+0000] {dag.py:3239} INFO - Sync 1 DAGs
[2024-11-11T02:58:25.682+0000] {logging_mixin.py:190} INFO - [2024-11-11T02:58:25.682+0000] {dag.py:4180} INFO - Setting next_dagrun for example_sensor_decorator to None, run_after=None
[2024-11-11T02:58:25.690+0000] {processor.py:208} INFO - Processing /home/airflow/.local/lib/python3.12/site-packages/airflow/example_dags/example_sensor_decorator.py took 0.036 seconds
[2024-11-11T02:58:56.119+0000] {processor.py:186} INFO - Started process (PID=4315) to work on /home/airflow/.local/lib/python3.12/site-packages/airflow/example_dags/example_sensor_decorator.py
[2024-11-11T02:58:56.120+0000] {processor.py:914} INFO - Processing file /home/airflow/.local/lib/python3.12/site-packages/airflow/example_dags/example_sensor_decorator.py for tasks to queue
[2024-11-11T02:58:56.121+0000] {logging_mixin.py:190} INFO - [2024-11-11T02:58:56.121+0000] {dagbag.py:588} INFO - Filling up the DagBag from /home/airflow/.local/lib/python3.12/site-packages/airflow/example_dags/example_sensor_decorator.py
[2024-11-11T02:58:56.126+0000] {processor.py:925} INFO - DAG(s) 'example_sensor_decorator' retrieved from /home/airflow/.local/lib/python3.12/site-packages/airflow/example_dags/example_sensor_decorator.py
[2024-11-11T02:58:56.137+0000] {logging_mixin.py:190} INFO - [2024-11-11T02:58:56.137+0000] {dag.py:3239} INFO - Sync 1 DAGs
[2024-11-11T02:58:56.144+0000] {logging_mixin.py:190} INFO - [2024-11-11T02:58:56.144+0000] {dag.py:4180} INFO - Setting next_dagrun for example_sensor_decorator to None, run_after=None
[2024-11-11T02:58:56.152+0000] {processor.py:208} INFO - Processing /home/airflow/.local/lib/python3.12/site-packages/airflow/example_dags/example_sensor_decorator.py took 0.036 seconds
[2024-11-11T02:59:26.589+0000] {processor.py:186} INFO - Started process (PID=4384) to work on /home/airflow/.local/lib/python3.12/site-packages/airflow/example_dags/example_sensor_decorator.py
[2024-11-11T02:59:26.590+0000] {processor.py:914} INFO - Processing file /home/airflow/.local/lib/python3.12/site-packages/airflow/example_dags/example_sensor_decorator.py for tasks to queue
[2024-11-11T02:59:26.591+0000] {logging_mixin.py:190} INFO - [2024-11-11T02:59:26.591+0000] {dagbag.py:588} INFO - Filling up the DagBag from /home/airflow/.local/lib/python3.12/site-packages/airflow/example_dags/example_sensor_decorator.py
[2024-11-11T02:59:26.596+0000] {processor.py:925} INFO - DAG(s) 'example_sensor_decorator' retrieved from /home/airflow/.local/lib/python3.12/site-packages/airflow/example_dags/example_sensor_decorator.py
[2024-11-11T02:59:26.607+0000] {logging_mixin.py:190} INFO - [2024-11-11T02:59:26.606+0000] {dag.py:3239} INFO - Sync 1 DAGs
[2024-11-11T02:59:26.614+0000] {logging_mixin.py:190} INFO - [2024-11-11T02:59:26.614+0000] {dag.py:4180} INFO - Setting next_dagrun for example_sensor_decorator to None, run_after=None
[2024-11-11T02:59:26.622+0000] {processor.py:208} INFO - Processing /home/airflow/.local/lib/python3.12/site-packages/airflow/example_dags/example_sensor_decorator.py took 0.036 seconds
[2024-11-11T02:59:57.092+0000] {processor.py:186} INFO - Started process (PID=4447) to work on /home/airflow/.local/lib/python3.12/site-packages/airflow/example_dags/example_sensor_decorator.py
[2024-11-11T02:59:57.093+0000] {processor.py:914} INFO - Processing file /home/airflow/.local/lib/python3.12/site-packages/airflow/example_dags/example_sensor_decorator.py for tasks to queue
[2024-11-11T02:59:57.095+0000] {logging_mixin.py:190} INFO - [2024-11-11T02:59:57.095+0000] {dagbag.py:588} INFO - Filling up the DagBag from /home/airflow/.local/lib/python3.12/site-packages/airflow/example_dags/example_sensor_decorator.py
[2024-11-11T02:59:57.101+0000] {processor.py:925} INFO - DAG(s) 'example_sensor_decorator' retrieved from /home/airflow/.local/lib/python3.12/site-packages/airflow/example_dags/example_sensor_decorator.py
[2024-11-11T02:59:57.114+0000] {logging_mixin.py:190} INFO - [2024-11-11T02:59:57.113+0000] {dag.py:3239} INFO - Sync 1 DAGs
[2024-11-11T02:59:57.122+0000] {logging_mixin.py:190} INFO - [2024-11-11T02:59:57.122+0000] {dag.py:4180} INFO - Setting next_dagrun for example_sensor_decorator to None, run_after=None
[2024-11-11T02:59:57.133+0000] {processor.py:208} INFO - Processing /home/airflow/.local/lib/python3.12/site-packages/airflow/example_dags/example_sensor_decorator.py took 0.046 seconds
[2024-11-11T03:00:27.576+0000] {processor.py:186} INFO - Started process (PID=4510) to work on /home/airflow/.local/lib/python3.12/site-packages/airflow/example_dags/example_sensor_decorator.py
[2024-11-11T03:00:27.577+0000] {processor.py:914} INFO - Processing file /home/airflow/.local/lib/python3.12/site-packages/airflow/example_dags/example_sensor_decorator.py for tasks to queue
[2024-11-11T03:00:27.578+0000] {logging_mixin.py:190} INFO - [2024-11-11T03:00:27.578+0000] {dagbag.py:588} INFO - Filling up the DagBag from /home/airflow/.local/lib/python3.12/site-packages/airflow/example_dags/example_sensor_decorator.py
[2024-11-11T03:00:27.583+0000] {processor.py:925} INFO - DAG(s) 'example_sensor_decorator' retrieved from /home/airflow/.local/lib/python3.12/site-packages/airflow/example_dags/example_sensor_decorator.py
[2024-11-11T03:00:27.594+0000] {logging_mixin.py:190} INFO - [2024-11-11T03:00:27.594+0000] {dag.py:3239} INFO - Sync 1 DAGs
[2024-11-11T03:00:27.601+0000] {logging_mixin.py:190} INFO - [2024-11-11T03:00:27.601+0000] {dag.py:4180} INFO - Setting next_dagrun for example_sensor_decorator to None, run_after=None
[2024-11-11T03:00:27.610+0000] {processor.py:208} INFO - Processing /home/airflow/.local/lib/python3.12/site-packages/airflow/example_dags/example_sensor_decorator.py took 0.038 seconds
[2024-11-11T03:00:58.077+0000] {processor.py:186} INFO - Started process (PID=4573) to work on /home/airflow/.local/lib/python3.12/site-packages/airflow/example_dags/example_sensor_decorator.py
[2024-11-11T03:00:58.078+0000] {processor.py:914} INFO - Processing file /home/airflow/.local/lib/python3.12/site-packages/airflow/example_dags/example_sensor_decorator.py for tasks to queue
[2024-11-11T03:00:58.079+0000] {logging_mixin.py:190} INFO - [2024-11-11T03:00:58.079+0000] {dagbag.py:588} INFO - Filling up the DagBag from /home/airflow/.local/lib/python3.12/site-packages/airflow/example_dags/example_sensor_decorator.py
[2024-11-11T03:00:58.084+0000] {processor.py:925} INFO - DAG(s) 'example_sensor_decorator' retrieved from /home/airflow/.local/lib/python3.12/site-packages/airflow/example_dags/example_sensor_decorator.py
[2024-11-11T03:00:58.094+0000] {logging_mixin.py:190} INFO - [2024-11-11T03:00:58.094+0000] {dag.py:3239} INFO - Sync 1 DAGs
[2024-11-11T03:00:58.101+0000] {logging_mixin.py:190} INFO - [2024-11-11T03:00:58.101+0000] {dag.py:4180} INFO - Setting next_dagrun for example_sensor_decorator to None, run_after=None
[2024-11-11T03:00:58.109+0000] {processor.py:208} INFO - Processing /home/airflow/.local/lib/python3.12/site-packages/airflow/example_dags/example_sensor_decorator.py took 0.036 seconds
[2024-11-11T03:01:28.571+0000] {processor.py:186} INFO - Started process (PID=4636) to work on /home/airflow/.local/lib/python3.12/site-packages/airflow/example_dags/example_sensor_decorator.py
[2024-11-11T03:01:28.572+0000] {processor.py:914} INFO - Processing file /home/airflow/.local/lib/python3.12/site-packages/airflow/example_dags/example_sensor_decorator.py for tasks to queue
[2024-11-11T03:01:28.573+0000] {logging_mixin.py:190} INFO - [2024-11-11T03:01:28.573+0000] {dagbag.py:588} INFO - Filling up the DagBag from /home/airflow/.local/lib/python3.12/site-packages/airflow/example_dags/example_sensor_decorator.py
[2024-11-11T03:01:28.578+0000] {processor.py:925} INFO - DAG(s) 'example_sensor_decorator' retrieved from /home/airflow/.local/lib/python3.12/site-packages/airflow/example_dags/example_sensor_decorator.py
[2024-11-11T03:01:28.589+0000] {logging_mixin.py:190} INFO - [2024-11-11T03:01:28.589+0000] {dag.py:3239} INFO - Sync 1 DAGs
[2024-11-11T03:01:28.595+0000] {logging_mixin.py:190} INFO - [2024-11-11T03:01:28.595+0000] {dag.py:4180} INFO - Setting next_dagrun for example_sensor_decorator to None, run_after=None
[2024-11-11T03:01:28.603+0000] {processor.py:208} INFO - Processing /home/airflow/.local/lib/python3.12/site-packages/airflow/example_dags/example_sensor_decorator.py took 0.036 seconds
[2024-11-11T03:01:59.306+0000] {processor.py:186} INFO - Started process (PID=4699) to work on /home/airflow/.local/lib/python3.12/site-packages/airflow/example_dags/example_sensor_decorator.py
[2024-11-11T03:01:59.307+0000] {processor.py:914} INFO - Processing file /home/airflow/.local/lib/python3.12/site-packages/airflow/example_dags/example_sensor_decorator.py for tasks to queue
[2024-11-11T03:01:59.308+0000] {logging_mixin.py:190} INFO - [2024-11-11T03:01:59.308+0000] {dagbag.py:588} INFO - Filling up the DagBag from /home/airflow/.local/lib/python3.12/site-packages/airflow/example_dags/example_sensor_decorator.py
[2024-11-11T03:01:59.313+0000] {processor.py:925} INFO - DAG(s) 'example_sensor_decorator' retrieved from /home/airflow/.local/lib/python3.12/site-packages/airflow/example_dags/example_sensor_decorator.py
[2024-11-11T03:01:59.324+0000] {logging_mixin.py:190} INFO - [2024-11-11T03:01:59.324+0000] {dag.py:3239} INFO - Sync 1 DAGs
[2024-11-11T03:01:59.330+0000] {logging_mixin.py:190} INFO - [2024-11-11T03:01:59.330+0000] {dag.py:4180} INFO - Setting next_dagrun for example_sensor_decorator to None, run_after=None
[2024-11-11T03:01:59.339+0000] {processor.py:208} INFO - Processing /home/airflow/.local/lib/python3.12/site-packages/airflow/example_dags/example_sensor_decorator.py took 0.036 seconds
[2024-11-11T03:03:16.825+0000] {processor.py:186} INFO - Started process (PID=4756) to work on /home/airflow/.local/lib/python3.12/site-packages/airflow/example_dags/example_sensor_decorator.py
[2024-11-11T03:03:16.826+0000] {processor.py:914} INFO - Processing file /home/airflow/.local/lib/python3.12/site-packages/airflow/example_dags/example_sensor_decorator.py for tasks to queue
[2024-11-11T03:03:16.827+0000] {logging_mixin.py:190} INFO - [2024-11-11T03:03:16.827+0000] {dagbag.py:588} INFO - Filling up the DagBag from /home/airflow/.local/lib/python3.12/site-packages/airflow/example_dags/example_sensor_decorator.py
[2024-11-11T03:03:16.832+0000] {processor.py:925} INFO - DAG(s) 'example_sensor_decorator' retrieved from /home/airflow/.local/lib/python3.12/site-packages/airflow/example_dags/example_sensor_decorator.py
[2024-11-11T03:03:16.842+0000] {logging_mixin.py:190} INFO - [2024-11-11T03:03:16.842+0000] {dag.py:3239} INFO - Sync 1 DAGs
[2024-11-11T03:03:16.848+0000] {logging_mixin.py:190} INFO - [2024-11-11T03:03:16.848+0000] {dag.py:4180} INFO - Setting next_dagrun for example_sensor_decorator to None, run_after=None
[2024-11-11T03:03:16.856+0000] {processor.py:208} INFO - Processing /home/airflow/.local/lib/python3.12/site-packages/airflow/example_dags/example_sensor_decorator.py took 0.035 seconds
[2024-11-11T03:03:47.245+0000] {processor.py:186} INFO - Started process (PID=4819) to work on /home/airflow/.local/lib/python3.12/site-packages/airflow/example_dags/example_sensor_decorator.py
[2024-11-11T03:03:47.246+0000] {processor.py:914} INFO - Processing file /home/airflow/.local/lib/python3.12/site-packages/airflow/example_dags/example_sensor_decorator.py for tasks to queue
[2024-11-11T03:03:47.248+0000] {logging_mixin.py:190} INFO - [2024-11-11T03:03:47.247+0000] {dagbag.py:588} INFO - Filling up the DagBag from /home/airflow/.local/lib/python3.12/site-packages/airflow/example_dags/example_sensor_decorator.py
[2024-11-11T03:03:47.252+0000] {processor.py:925} INFO - DAG(s) 'example_sensor_decorator' retrieved from /home/airflow/.local/lib/python3.12/site-packages/airflow/example_dags/example_sensor_decorator.py
[2024-11-11T03:03:47.262+0000] {logging_mixin.py:190} INFO - [2024-11-11T03:03:47.262+0000] {dag.py:3239} INFO - Sync 1 DAGs
[2024-11-11T03:03:47.269+0000] {logging_mixin.py:190} INFO - [2024-11-11T03:03:47.269+0000] {dag.py:4180} INFO - Setting next_dagrun for example_sensor_decorator to None, run_after=None
[2024-11-11T03:03:47.277+0000] {processor.py:208} INFO - Processing /home/airflow/.local/lib/python3.12/site-packages/airflow/example_dags/example_sensor_decorator.py took 0.035 seconds
[2024-11-11T03:04:17.641+0000] {processor.py:186} INFO - Started process (PID=4881) to work on /home/airflow/.local/lib/python3.12/site-packages/airflow/example_dags/example_sensor_decorator.py
[2024-11-11T03:04:17.642+0000] {processor.py:914} INFO - Processing file /home/airflow/.local/lib/python3.12/site-packages/airflow/example_dags/example_sensor_decorator.py for tasks to queue
[2024-11-11T03:04:17.644+0000] {logging_mixin.py:190} INFO - [2024-11-11T03:04:17.644+0000] {dagbag.py:588} INFO - Filling up the DagBag from /home/airflow/.local/lib/python3.12/site-packages/airflow/example_dags/example_sensor_decorator.py
[2024-11-11T03:04:17.649+0000] {processor.py:925} INFO - DAG(s) 'example_sensor_decorator' retrieved from /home/airflow/.local/lib/python3.12/site-packages/airflow/example_dags/example_sensor_decorator.py
[2024-11-11T03:04:17.659+0000] {logging_mixin.py:190} INFO - [2024-11-11T03:04:17.659+0000] {dag.py:3239} INFO - Sync 1 DAGs
[2024-11-11T03:04:17.666+0000] {logging_mixin.py:190} INFO - [2024-11-11T03:04:17.666+0000] {dag.py:4180} INFO - Setting next_dagrun for example_sensor_decorator to None, run_after=None
[2024-11-11T03:04:17.675+0000] {processor.py:208} INFO - Processing /home/airflow/.local/lib/python3.12/site-packages/airflow/example_dags/example_sensor_decorator.py took 0.037 seconds
[2024-11-11T03:04:48.160+0000] {processor.py:186} INFO - Started process (PID=4944) to work on /home/airflow/.local/lib/python3.12/site-packages/airflow/example_dags/example_sensor_decorator.py
[2024-11-11T03:04:48.160+0000] {processor.py:914} INFO - Processing file /home/airflow/.local/lib/python3.12/site-packages/airflow/example_dags/example_sensor_decorator.py for tasks to queue
[2024-11-11T03:04:48.162+0000] {logging_mixin.py:190} INFO - [2024-11-11T03:04:48.162+0000] {dagbag.py:588} INFO - Filling up the DagBag from /home/airflow/.local/lib/python3.12/site-packages/airflow/example_dags/example_sensor_decorator.py
[2024-11-11T03:04:48.166+0000] {processor.py:925} INFO - DAG(s) 'example_sensor_decorator' retrieved from /home/airflow/.local/lib/python3.12/site-packages/airflow/example_dags/example_sensor_decorator.py
[2024-11-11T03:04:48.180+0000] {logging_mixin.py:190} INFO - [2024-11-11T03:04:48.179+0000] {dag.py:3239} INFO - Sync 1 DAGs
[2024-11-11T03:04:48.187+0000] {logging_mixin.py:190} INFO - [2024-11-11T03:04:48.186+0000] {dag.py:4180} INFO - Setting next_dagrun for example_sensor_decorator to None, run_after=None
[2024-11-11T03:04:48.197+0000] {processor.py:208} INFO - Processing /home/airflow/.local/lib/python3.12/site-packages/airflow/example_dags/example_sensor_decorator.py took 0.040 seconds
[2024-11-11T03:05:18.553+0000] {processor.py:186} INFO - Started process (PID=5007) to work on /home/airflow/.local/lib/python3.12/site-packages/airflow/example_dags/example_sensor_decorator.py
[2024-11-11T03:05:18.554+0000] {processor.py:914} INFO - Processing file /home/airflow/.local/lib/python3.12/site-packages/airflow/example_dags/example_sensor_decorator.py for tasks to queue
[2024-11-11T03:05:18.555+0000] {logging_mixin.py:190} INFO - [2024-11-11T03:05:18.555+0000] {dagbag.py:588} INFO - Filling up the DagBag from /home/airflow/.local/lib/python3.12/site-packages/airflow/example_dags/example_sensor_decorator.py
[2024-11-11T03:05:18.560+0000] {processor.py:925} INFO - DAG(s) 'example_sensor_decorator' retrieved from /home/airflow/.local/lib/python3.12/site-packages/airflow/example_dags/example_sensor_decorator.py
[2024-11-11T03:05:18.570+0000] {logging_mixin.py:190} INFO - [2024-11-11T03:05:18.570+0000] {dag.py:3239} INFO - Sync 1 DAGs
[2024-11-11T03:05:18.577+0000] {logging_mixin.py:190} INFO - [2024-11-11T03:05:18.577+0000] {dag.py:4180} INFO - Setting next_dagrun for example_sensor_decorator to None, run_after=None
[2024-11-11T03:05:18.585+0000] {processor.py:208} INFO - Processing /home/airflow/.local/lib/python3.12/site-packages/airflow/example_dags/example_sensor_decorator.py took 0.034 seconds
[2024-11-11T03:05:48.827+0000] {processor.py:186} INFO - Started process (PID=5070) to work on /home/airflow/.local/lib/python3.12/site-packages/airflow/example_dags/example_sensor_decorator.py
[2024-11-11T03:05:48.828+0000] {processor.py:914} INFO - Processing file /home/airflow/.local/lib/python3.12/site-packages/airflow/example_dags/example_sensor_decorator.py for tasks to queue
[2024-11-11T03:05:48.829+0000] {logging_mixin.py:190} INFO - [2024-11-11T03:05:48.829+0000] {dagbag.py:588} INFO - Filling up the DagBag from /home/airflow/.local/lib/python3.12/site-packages/airflow/example_dags/example_sensor_decorator.py
[2024-11-11T03:05:48.834+0000] {processor.py:925} INFO - DAG(s) 'example_sensor_decorator' retrieved from /home/airflow/.local/lib/python3.12/site-packages/airflow/example_dags/example_sensor_decorator.py
[2024-11-11T03:05:48.844+0000] {logging_mixin.py:190} INFO - [2024-11-11T03:05:48.844+0000] {dag.py:3239} INFO - Sync 1 DAGs
[2024-11-11T03:05:48.851+0000] {logging_mixin.py:190} INFO - [2024-11-11T03:05:48.851+0000] {dag.py:4180} INFO - Setting next_dagrun for example_sensor_decorator to None, run_after=None
[2024-11-11T03:05:48.859+0000] {processor.py:208} INFO - Processing /home/airflow/.local/lib/python3.12/site-packages/airflow/example_dags/example_sensor_decorator.py took 0.035 seconds
[2024-11-11T03:06:19.128+0000] {processor.py:186} INFO - Started process (PID=5132) to work on /home/airflow/.local/lib/python3.12/site-packages/airflow/example_dags/example_sensor_decorator.py
[2024-11-11T03:06:19.128+0000] {processor.py:914} INFO - Processing file /home/airflow/.local/lib/python3.12/site-packages/airflow/example_dags/example_sensor_decorator.py for tasks to queue
[2024-11-11T03:06:19.130+0000] {logging_mixin.py:190} INFO - [2024-11-11T03:06:19.130+0000] {dagbag.py:588} INFO - Filling up the DagBag from /home/airflow/.local/lib/python3.12/site-packages/airflow/example_dags/example_sensor_decorator.py
[2024-11-11T03:06:19.135+0000] {processor.py:925} INFO - DAG(s) 'example_sensor_decorator' retrieved from /home/airflow/.local/lib/python3.12/site-packages/airflow/example_dags/example_sensor_decorator.py
[2024-11-11T03:06:19.145+0000] {logging_mixin.py:190} INFO - [2024-11-11T03:06:19.144+0000] {dag.py:3239} INFO - Sync 1 DAGs
[2024-11-11T03:06:19.151+0000] {logging_mixin.py:190} INFO - [2024-11-11T03:06:19.151+0000] {dag.py:4180} INFO - Setting next_dagrun for example_sensor_decorator to None, run_after=None
[2024-11-11T03:06:19.159+0000] {processor.py:208} INFO - Processing /home/airflow/.local/lib/python3.12/site-packages/airflow/example_dags/example_sensor_decorator.py took 0.035 seconds
[2024-11-11T03:06:49.649+0000] {processor.py:186} INFO - Started process (PID=5195) to work on /home/airflow/.local/lib/python3.12/site-packages/airflow/example_dags/example_sensor_decorator.py
[2024-11-11T03:06:49.650+0000] {processor.py:914} INFO - Processing file /home/airflow/.local/lib/python3.12/site-packages/airflow/example_dags/example_sensor_decorator.py for tasks to queue
[2024-11-11T03:06:49.651+0000] {logging_mixin.py:190} INFO - [2024-11-11T03:06:49.651+0000] {dagbag.py:588} INFO - Filling up the DagBag from /home/airflow/.local/lib/python3.12/site-packages/airflow/example_dags/example_sensor_decorator.py
[2024-11-11T03:06:49.656+0000] {processor.py:925} INFO - DAG(s) 'example_sensor_decorator' retrieved from /home/airflow/.local/lib/python3.12/site-packages/airflow/example_dags/example_sensor_decorator.py
[2024-11-11T03:06:49.666+0000] {logging_mixin.py:190} INFO - [2024-11-11T03:06:49.666+0000] {dag.py:3239} INFO - Sync 1 DAGs
[2024-11-11T03:06:49.674+0000] {logging_mixin.py:190} INFO - [2024-11-11T03:06:49.674+0000] {dag.py:4180} INFO - Setting next_dagrun for example_sensor_decorator to None, run_after=None
[2024-11-11T03:06:49.682+0000] {processor.py:208} INFO - Processing /home/airflow/.local/lib/python3.12/site-packages/airflow/example_dags/example_sensor_decorator.py took 0.036 seconds
[2024-11-11T03:07:20.133+0000] {processor.py:186} INFO - Started process (PID=5259) to work on /home/airflow/.local/lib/python3.12/site-packages/airflow/example_dags/example_sensor_decorator.py
[2024-11-11T03:07:20.133+0000] {processor.py:914} INFO - Processing file /home/airflow/.local/lib/python3.12/site-packages/airflow/example_dags/example_sensor_decorator.py for tasks to queue
[2024-11-11T03:07:20.135+0000] {logging_mixin.py:190} INFO - [2024-11-11T03:07:20.135+0000] {dagbag.py:588} INFO - Filling up the DagBag from /home/airflow/.local/lib/python3.12/site-packages/airflow/example_dags/example_sensor_decorator.py
[2024-11-11T03:07:20.140+0000] {processor.py:925} INFO - DAG(s) 'example_sensor_decorator' retrieved from /home/airflow/.local/lib/python3.12/site-packages/airflow/example_dags/example_sensor_decorator.py
[2024-11-11T03:07:20.150+0000] {logging_mixin.py:190} INFO - [2024-11-11T03:07:20.150+0000] {dag.py:3239} INFO - Sync 1 DAGs
[2024-11-11T03:07:20.157+0000] {logging_mixin.py:190} INFO - [2024-11-11T03:07:20.157+0000] {dag.py:4180} INFO - Setting next_dagrun for example_sensor_decorator to None, run_after=None
[2024-11-11T03:07:20.166+0000] {processor.py:208} INFO - Processing /home/airflow/.local/lib/python3.12/site-packages/airflow/example_dags/example_sensor_decorator.py took 0.037 seconds
[2024-11-11T03:07:50.959+0000] {processor.py:186} INFO - Started process (PID=5322) to work on /home/airflow/.local/lib/python3.12/site-packages/airflow/example_dags/example_sensor_decorator.py
[2024-11-11T03:07:50.960+0000] {processor.py:914} INFO - Processing file /home/airflow/.local/lib/python3.12/site-packages/airflow/example_dags/example_sensor_decorator.py for tasks to queue
[2024-11-11T03:07:50.961+0000] {logging_mixin.py:190} INFO - [2024-11-11T03:07:50.961+0000] {dagbag.py:588} INFO - Filling up the DagBag from /home/airflow/.local/lib/python3.12/site-packages/airflow/example_dags/example_sensor_decorator.py
[2024-11-11T03:07:50.966+0000] {processor.py:925} INFO - DAG(s) 'example_sensor_decorator' retrieved from /home/airflow/.local/lib/python3.12/site-packages/airflow/example_dags/example_sensor_decorator.py
[2024-11-11T03:07:50.977+0000] {logging_mixin.py:190} INFO - [2024-11-11T03:07:50.977+0000] {dag.py:3239} INFO - Sync 1 DAGs
[2024-11-11T03:07:50.985+0000] {logging_mixin.py:190} INFO - [2024-11-11T03:07:50.984+0000] {dag.py:4180} INFO - Setting next_dagrun for example_sensor_decorator to None, run_after=None
[2024-11-11T03:07:50.994+0000] {processor.py:208} INFO - Processing /home/airflow/.local/lib/python3.12/site-packages/airflow/example_dags/example_sensor_decorator.py took 0.039 seconds
[2024-11-11T03:08:21.806+0000] {processor.py:186} INFO - Started process (PID=5387) to work on /home/airflow/.local/lib/python3.12/site-packages/airflow/example_dags/example_sensor_decorator.py
[2024-11-11T03:08:21.807+0000] {processor.py:914} INFO - Processing file /home/airflow/.local/lib/python3.12/site-packages/airflow/example_dags/example_sensor_decorator.py for tasks to queue
[2024-11-11T03:08:21.809+0000] {logging_mixin.py:190} INFO - [2024-11-11T03:08:21.809+0000] {dagbag.py:588} INFO - Filling up the DagBag from /home/airflow/.local/lib/python3.12/site-packages/airflow/example_dags/example_sensor_decorator.py
[2024-11-11T03:08:21.815+0000] {processor.py:925} INFO - DAG(s) 'example_sensor_decorator' retrieved from /home/airflow/.local/lib/python3.12/site-packages/airflow/example_dags/example_sensor_decorator.py
[2024-11-11T03:08:21.827+0000] {logging_mixin.py:190} INFO - [2024-11-11T03:08:21.827+0000] {dag.py:3239} INFO - Sync 1 DAGs
[2024-11-11T03:08:21.835+0000] {logging_mixin.py:190} INFO - [2024-11-11T03:08:21.835+0000] {dag.py:4180} INFO - Setting next_dagrun for example_sensor_decorator to None, run_after=None
[2024-11-11T03:08:21.846+0000] {processor.py:208} INFO - Processing /home/airflow/.local/lib/python3.12/site-packages/airflow/example_dags/example_sensor_decorator.py took 0.044 seconds
[2024-11-11T03:08:52.094+0000] {processor.py:186} INFO - Started process (PID=5449) to work on /home/airflow/.local/lib/python3.12/site-packages/airflow/example_dags/example_sensor_decorator.py
[2024-11-11T03:08:52.094+0000] {processor.py:914} INFO - Processing file /home/airflow/.local/lib/python3.12/site-packages/airflow/example_dags/example_sensor_decorator.py for tasks to queue
[2024-11-11T03:08:52.096+0000] {logging_mixin.py:190} INFO - [2024-11-11T03:08:52.096+0000] {dagbag.py:588} INFO - Filling up the DagBag from /home/airflow/.local/lib/python3.12/site-packages/airflow/example_dags/example_sensor_decorator.py
[2024-11-11T03:08:52.101+0000] {processor.py:925} INFO - DAG(s) 'example_sensor_decorator' retrieved from /home/airflow/.local/lib/python3.12/site-packages/airflow/example_dags/example_sensor_decorator.py
[2024-11-11T03:08:52.111+0000] {logging_mixin.py:190} INFO - [2024-11-11T03:08:52.111+0000] {dag.py:3239} INFO - Sync 1 DAGs
[2024-11-11T03:08:52.117+0000] {logging_mixin.py:190} INFO - [2024-11-11T03:08:52.117+0000] {dag.py:4180} INFO - Setting next_dagrun for example_sensor_decorator to None, run_after=None
[2024-11-11T03:08:52.126+0000] {processor.py:208} INFO - Processing /home/airflow/.local/lib/python3.12/site-packages/airflow/example_dags/example_sensor_decorator.py took 0.035 seconds
[2024-11-11T03:09:22.509+0000] {processor.py:186} INFO - Started process (PID=5511) to work on /home/airflow/.local/lib/python3.12/site-packages/airflow/example_dags/example_sensor_decorator.py
[2024-11-11T03:09:22.510+0000] {processor.py:914} INFO - Processing file /home/airflow/.local/lib/python3.12/site-packages/airflow/example_dags/example_sensor_decorator.py for tasks to queue
[2024-11-11T03:09:22.511+0000] {logging_mixin.py:190} INFO - [2024-11-11T03:09:22.511+0000] {dagbag.py:588} INFO - Filling up the DagBag from /home/airflow/.local/lib/python3.12/site-packages/airflow/example_dags/example_sensor_decorator.py
[2024-11-11T03:09:22.516+0000] {processor.py:925} INFO - DAG(s) 'example_sensor_decorator' retrieved from /home/airflow/.local/lib/python3.12/site-packages/airflow/example_dags/example_sensor_decorator.py
[2024-11-11T03:09:22.526+0000] {logging_mixin.py:190} INFO - [2024-11-11T03:09:22.526+0000] {dag.py:3239} INFO - Sync 1 DAGs
[2024-11-11T03:09:22.533+0000] {logging_mixin.py:190} INFO - [2024-11-11T03:09:22.533+0000] {dag.py:4180} INFO - Setting next_dagrun for example_sensor_decorator to None, run_after=None
[2024-11-11T03:09:22.541+0000] {processor.py:208} INFO - Processing /home/airflow/.local/lib/python3.12/site-packages/airflow/example_dags/example_sensor_decorator.py took 0.035 seconds
[2024-11-11T03:09:53.185+0000] {processor.py:186} INFO - Started process (PID=5574) to work on /home/airflow/.local/lib/python3.12/site-packages/airflow/example_dags/example_sensor_decorator.py
[2024-11-11T03:09:53.186+0000] {processor.py:914} INFO - Processing file /home/airflow/.local/lib/python3.12/site-packages/airflow/example_dags/example_sensor_decorator.py for tasks to queue
[2024-11-11T03:09:53.187+0000] {logging_mixin.py:190} INFO - [2024-11-11T03:09:53.187+0000] {dagbag.py:588} INFO - Filling up the DagBag from /home/airflow/.local/lib/python3.12/site-packages/airflow/example_dags/example_sensor_decorator.py
[2024-11-11T03:09:53.192+0000] {processor.py:925} INFO - DAG(s) 'example_sensor_decorator' retrieved from /home/airflow/.local/lib/python3.12/site-packages/airflow/example_dags/example_sensor_decorator.py
[2024-11-11T03:09:53.202+0000] {logging_mixin.py:190} INFO - [2024-11-11T03:09:53.202+0000] {dag.py:3239} INFO - Sync 1 DAGs
[2024-11-11T03:09:53.209+0000] {logging_mixin.py:190} INFO - [2024-11-11T03:09:53.209+0000] {dag.py:4180} INFO - Setting next_dagrun for example_sensor_decorator to None, run_after=None
[2024-11-11T03:09:53.217+0000] {processor.py:208} INFO - Processing /home/airflow/.local/lib/python3.12/site-packages/airflow/example_dags/example_sensor_decorator.py took 0.035 seconds
[2024-11-11T03:10:23.889+0000] {processor.py:186} INFO - Started process (PID=5637) to work on /home/airflow/.local/lib/python3.12/site-packages/airflow/example_dags/example_sensor_decorator.py
[2024-11-11T03:10:23.890+0000] {processor.py:914} INFO - Processing file /home/airflow/.local/lib/python3.12/site-packages/airflow/example_dags/example_sensor_decorator.py for tasks to queue
[2024-11-11T03:10:23.892+0000] {logging_mixin.py:190} INFO - [2024-11-11T03:10:23.891+0000] {dagbag.py:588} INFO - Filling up the DagBag from /home/airflow/.local/lib/python3.12/site-packages/airflow/example_dags/example_sensor_decorator.py
[2024-11-11T03:10:23.896+0000] {processor.py:925} INFO - DAG(s) 'example_sensor_decorator' retrieved from /home/airflow/.local/lib/python3.12/site-packages/airflow/example_dags/example_sensor_decorator.py
[2024-11-11T03:10:23.906+0000] {logging_mixin.py:190} INFO - [2024-11-11T03:10:23.906+0000] {dag.py:3239} INFO - Sync 1 DAGs
[2024-11-11T03:10:23.912+0000] {logging_mixin.py:190} INFO - [2024-11-11T03:10:23.912+0000] {dag.py:4180} INFO - Setting next_dagrun for example_sensor_decorator to None, run_after=None
[2024-11-11T03:10:23.920+0000] {processor.py:208} INFO - Processing /home/airflow/.local/lib/python3.12/site-packages/airflow/example_dags/example_sensor_decorator.py took 0.034 seconds
[2024-11-11T03:10:55.190+0000] {processor.py:186} INFO - Started process (PID=5702) to work on /home/airflow/.local/lib/python3.12/site-packages/airflow/example_dags/example_sensor_decorator.py
[2024-11-11T03:10:55.190+0000] {processor.py:914} INFO - Processing file /home/airflow/.local/lib/python3.12/site-packages/airflow/example_dags/example_sensor_decorator.py for tasks to queue
[2024-11-11T03:10:55.192+0000] {logging_mixin.py:190} INFO - [2024-11-11T03:10:55.192+0000] {dagbag.py:588} INFO - Filling up the DagBag from /home/airflow/.local/lib/python3.12/site-packages/airflow/example_dags/example_sensor_decorator.py
[2024-11-11T03:10:55.198+0000] {processor.py:925} INFO - DAG(s) 'example_sensor_decorator' retrieved from /home/airflow/.local/lib/python3.12/site-packages/airflow/example_dags/example_sensor_decorator.py
[2024-11-11T03:10:55.212+0000] {logging_mixin.py:190} INFO - [2024-11-11T03:10:55.212+0000] {dag.py:3239} INFO - Sync 1 DAGs
[2024-11-11T03:10:55.221+0000] {logging_mixin.py:190} INFO - [2024-11-11T03:10:55.221+0000] {dag.py:4180} INFO - Setting next_dagrun for example_sensor_decorator to None, run_after=None
[2024-11-11T03:10:55.230+0000] {processor.py:208} INFO - Processing /home/airflow/.local/lib/python3.12/site-packages/airflow/example_dags/example_sensor_decorator.py took 0.044 seconds
[2024-11-11T03:22:06.792+0000] {processor.py:186} INFO - Started process (PID=5765) to work on /home/airflow/.local/lib/python3.12/site-packages/airflow/example_dags/example_sensor_decorator.py
[2024-11-11T03:22:06.793+0000] {processor.py:914} INFO - Processing file /home/airflow/.local/lib/python3.12/site-packages/airflow/example_dags/example_sensor_decorator.py for tasks to queue
[2024-11-11T03:22:06.794+0000] {logging_mixin.py:190} INFO - [2024-11-11T03:22:06.794+0000] {dagbag.py:588} INFO - Filling up the DagBag from /home/airflow/.local/lib/python3.12/site-packages/airflow/example_dags/example_sensor_decorator.py
[2024-11-11T03:22:06.799+0000] {processor.py:925} INFO - DAG(s) 'example_sensor_decorator' retrieved from /home/airflow/.local/lib/python3.12/site-packages/airflow/example_dags/example_sensor_decorator.py
[2024-11-11T03:22:06.811+0000] {logging_mixin.py:190} INFO - [2024-11-11T03:22:06.811+0000] {dag.py:3239} INFO - Sync 1 DAGs
[2024-11-11T03:22:06.819+0000] {logging_mixin.py:190} INFO - [2024-11-11T03:22:06.819+0000] {dag.py:4180} INFO - Setting next_dagrun for example_sensor_decorator to None, run_after=None
[2024-11-11T03:22:06.829+0000] {processor.py:208} INFO - Processing /home/airflow/.local/lib/python3.12/site-packages/airflow/example_dags/example_sensor_decorator.py took 0.041 seconds
[2024-11-11T03:22:38.024+0000] {processor.py:186} INFO - Started process (PID=5828) to work on /home/airflow/.local/lib/python3.12/site-packages/airflow/example_dags/example_sensor_decorator.py
[2024-11-11T03:22:38.025+0000] {processor.py:914} INFO - Processing file /home/airflow/.local/lib/python3.12/site-packages/airflow/example_dags/example_sensor_decorator.py for tasks to queue
[2024-11-11T03:22:38.026+0000] {logging_mixin.py:190} INFO - [2024-11-11T03:22:38.026+0000] {dagbag.py:588} INFO - Filling up the DagBag from /home/airflow/.local/lib/python3.12/site-packages/airflow/example_dags/example_sensor_decorator.py
[2024-11-11T03:22:38.031+0000] {processor.py:925} INFO - DAG(s) 'example_sensor_decorator' retrieved from /home/airflow/.local/lib/python3.12/site-packages/airflow/example_dags/example_sensor_decorator.py
[2024-11-11T03:22:38.041+0000] {logging_mixin.py:190} INFO - [2024-11-11T03:22:38.041+0000] {dag.py:3239} INFO - Sync 1 DAGs
[2024-11-11T03:22:38.048+0000] {logging_mixin.py:190} INFO - [2024-11-11T03:22:38.048+0000] {dag.py:4180} INFO - Setting next_dagrun for example_sensor_decorator to None, run_after=None
[2024-11-11T03:22:38.056+0000] {processor.py:208} INFO - Processing /home/airflow/.local/lib/python3.12/site-packages/airflow/example_dags/example_sensor_decorator.py took 0.035 seconds
[2024-11-11T03:23:08.867+0000] {processor.py:186} INFO - Started process (PID=5891) to work on /home/airflow/.local/lib/python3.12/site-packages/airflow/example_dags/example_sensor_decorator.py
[2024-11-11T03:23:08.868+0000] {processor.py:914} INFO - Processing file /home/airflow/.local/lib/python3.12/site-packages/airflow/example_dags/example_sensor_decorator.py for tasks to queue
[2024-11-11T03:23:08.871+0000] {logging_mixin.py:190} INFO - [2024-11-11T03:23:08.871+0000] {dagbag.py:588} INFO - Filling up the DagBag from /home/airflow/.local/lib/python3.12/site-packages/airflow/example_dags/example_sensor_decorator.py
[2024-11-11T03:23:08.879+0000] {processor.py:925} INFO - DAG(s) 'example_sensor_decorator' retrieved from /home/airflow/.local/lib/python3.12/site-packages/airflow/example_dags/example_sensor_decorator.py
[2024-11-11T03:23:08.893+0000] {logging_mixin.py:190} INFO - [2024-11-11T03:23:08.893+0000] {dag.py:3239} INFO - Sync 1 DAGs
[2024-11-11T03:23:08.903+0000] {logging_mixin.py:190} INFO - [2024-11-11T03:23:08.902+0000] {dag.py:4180} INFO - Setting next_dagrun for example_sensor_decorator to None, run_after=None
[2024-11-11T03:23:08.917+0000] {processor.py:208} INFO - Processing /home/airflow/.local/lib/python3.12/site-packages/airflow/example_dags/example_sensor_decorator.py took 0.056 seconds
[2024-11-11T03:23:39.965+0000] {processor.py:186} INFO - Started process (PID=5954) to work on /home/airflow/.local/lib/python3.12/site-packages/airflow/example_dags/example_sensor_decorator.py
[2024-11-11T03:23:39.965+0000] {processor.py:914} INFO - Processing file /home/airflow/.local/lib/python3.12/site-packages/airflow/example_dags/example_sensor_decorator.py for tasks to queue
[2024-11-11T03:23:39.967+0000] {logging_mixin.py:190} INFO - [2024-11-11T03:23:39.967+0000] {dagbag.py:588} INFO - Filling up the DagBag from /home/airflow/.local/lib/python3.12/site-packages/airflow/example_dags/example_sensor_decorator.py
[2024-11-11T03:23:39.972+0000] {processor.py:925} INFO - DAG(s) 'example_sensor_decorator' retrieved from /home/airflow/.local/lib/python3.12/site-packages/airflow/example_dags/example_sensor_decorator.py
[2024-11-11T03:23:39.983+0000] {logging_mixin.py:190} INFO - [2024-11-11T03:23:39.982+0000] {dag.py:3239} INFO - Sync 1 DAGs
[2024-11-11T03:23:39.990+0000] {logging_mixin.py:190} INFO - [2024-11-11T03:23:39.990+0000] {dag.py:4180} INFO - Setting next_dagrun for example_sensor_decorator to None, run_after=None
[2024-11-11T03:23:39.998+0000] {processor.py:208} INFO - Processing /home/airflow/.local/lib/python3.12/site-packages/airflow/example_dags/example_sensor_decorator.py took 0.037 seconds
[2024-11-11T03:24:10.579+0000] {processor.py:186} INFO - Started process (PID=6017) to work on /home/airflow/.local/lib/python3.12/site-packages/airflow/example_dags/example_sensor_decorator.py
[2024-11-11T03:24:10.580+0000] {processor.py:914} INFO - Processing file /home/airflow/.local/lib/python3.12/site-packages/airflow/example_dags/example_sensor_decorator.py for tasks to queue
[2024-11-11T03:24:10.582+0000] {logging_mixin.py:190} INFO - [2024-11-11T03:24:10.582+0000] {dagbag.py:588} INFO - Filling up the DagBag from /home/airflow/.local/lib/python3.12/site-packages/airflow/example_dags/example_sensor_decorator.py
[2024-11-11T03:24:10.587+0000] {processor.py:925} INFO - DAG(s) 'example_sensor_decorator' retrieved from /home/airflow/.local/lib/python3.12/site-packages/airflow/example_dags/example_sensor_decorator.py
[2024-11-11T03:24:10.601+0000] {logging_mixin.py:190} INFO - [2024-11-11T03:24:10.601+0000] {dag.py:3239} INFO - Sync 1 DAGs
[2024-11-11T03:24:10.611+0000] {logging_mixin.py:190} INFO - [2024-11-11T03:24:10.610+0000] {dag.py:4180} INFO - Setting next_dagrun for example_sensor_decorator to None, run_after=None
[2024-11-11T03:24:10.619+0000] {processor.py:208} INFO - Processing /home/airflow/.local/lib/python3.12/site-packages/airflow/example_dags/example_sensor_decorator.py took 0.044 seconds
[2024-11-11T03:24:41.503+0000] {processor.py:186} INFO - Started process (PID=6079) to work on /home/airflow/.local/lib/python3.12/site-packages/airflow/example_dags/example_sensor_decorator.py
[2024-11-11T03:24:41.503+0000] {processor.py:914} INFO - Processing file /home/airflow/.local/lib/python3.12/site-packages/airflow/example_dags/example_sensor_decorator.py for tasks to queue
[2024-11-11T03:24:41.504+0000] {logging_mixin.py:190} INFO - [2024-11-11T03:24:41.504+0000] {dagbag.py:588} INFO - Filling up the DagBag from /home/airflow/.local/lib/python3.12/site-packages/airflow/example_dags/example_sensor_decorator.py
[2024-11-11T03:24:41.509+0000] {processor.py:925} INFO - DAG(s) 'example_sensor_decorator' retrieved from /home/airflow/.local/lib/python3.12/site-packages/airflow/example_dags/example_sensor_decorator.py
[2024-11-11T03:24:41.520+0000] {logging_mixin.py:190} INFO - [2024-11-11T03:24:41.520+0000] {dag.py:3239} INFO - Sync 1 DAGs
[2024-11-11T03:24:41.527+0000] {logging_mixin.py:190} INFO - [2024-11-11T03:24:41.527+0000] {dag.py:4180} INFO - Setting next_dagrun for example_sensor_decorator to None, run_after=None
[2024-11-11T03:24:41.535+0000] {processor.py:208} INFO - Processing /home/airflow/.local/lib/python3.12/site-packages/airflow/example_dags/example_sensor_decorator.py took 0.037 seconds
[2024-11-11T03:25:12.191+0000] {processor.py:186} INFO - Started process (PID=6142) to work on /home/airflow/.local/lib/python3.12/site-packages/airflow/example_dags/example_sensor_decorator.py
[2024-11-11T03:25:12.192+0000] {processor.py:914} INFO - Processing file /home/airflow/.local/lib/python3.12/site-packages/airflow/example_dags/example_sensor_decorator.py for tasks to queue
[2024-11-11T03:25:12.194+0000] {logging_mixin.py:190} INFO - [2024-11-11T03:25:12.194+0000] {dagbag.py:588} INFO - Filling up the DagBag from /home/airflow/.local/lib/python3.12/site-packages/airflow/example_dags/example_sensor_decorator.py
[2024-11-11T03:25:12.199+0000] {processor.py:925} INFO - DAG(s) 'example_sensor_decorator' retrieved from /home/airflow/.local/lib/python3.12/site-packages/airflow/example_dags/example_sensor_decorator.py
[2024-11-11T03:25:12.212+0000] {logging_mixin.py:190} INFO - [2024-11-11T03:25:12.212+0000] {dag.py:3239} INFO - Sync 1 DAGs
[2024-11-11T03:25:12.220+0000] {logging_mixin.py:190} INFO - [2024-11-11T03:25:12.220+0000] {dag.py:4180} INFO - Setting next_dagrun for example_sensor_decorator to None, run_after=None
[2024-11-11T03:25:12.232+0000] {processor.py:208} INFO - Processing /home/airflow/.local/lib/python3.12/site-packages/airflow/example_dags/example_sensor_decorator.py took 0.044 seconds
[2024-11-11T03:25:43.276+0000] {processor.py:186} INFO - Started process (PID=6205) to work on /home/airflow/.local/lib/python3.12/site-packages/airflow/example_dags/example_sensor_decorator.py
[2024-11-11T03:25:43.277+0000] {processor.py:914} INFO - Processing file /home/airflow/.local/lib/python3.12/site-packages/airflow/example_dags/example_sensor_decorator.py for tasks to queue
[2024-11-11T03:25:43.280+0000] {logging_mixin.py:190} INFO - [2024-11-11T03:25:43.279+0000] {dagbag.py:588} INFO - Filling up the DagBag from /home/airflow/.local/lib/python3.12/site-packages/airflow/example_dags/example_sensor_decorator.py
[2024-11-11T03:25:43.286+0000] {processor.py:925} INFO - DAG(s) 'example_sensor_decorator' retrieved from /home/airflow/.local/lib/python3.12/site-packages/airflow/example_dags/example_sensor_decorator.py
[2024-11-11T03:25:43.296+0000] {logging_mixin.py:190} INFO - [2024-11-11T03:25:43.296+0000] {dag.py:3239} INFO - Sync 1 DAGs
[2024-11-11T03:25:43.303+0000] {logging_mixin.py:190} INFO - [2024-11-11T03:25:43.303+0000] {dag.py:4180} INFO - Setting next_dagrun for example_sensor_decorator to None, run_after=None
[2024-11-11T03:25:43.312+0000] {processor.py:208} INFO - Processing /home/airflow/.local/lib/python3.12/site-packages/airflow/example_dags/example_sensor_decorator.py took 0.043 seconds
[2024-11-11T03:26:13.982+0000] {processor.py:186} INFO - Started process (PID=6268) to work on /home/airflow/.local/lib/python3.12/site-packages/airflow/example_dags/example_sensor_decorator.py
[2024-11-11T03:26:13.982+0000] {processor.py:914} INFO - Processing file /home/airflow/.local/lib/python3.12/site-packages/airflow/example_dags/example_sensor_decorator.py for tasks to queue
[2024-11-11T03:26:13.984+0000] {logging_mixin.py:190} INFO - [2024-11-11T03:26:13.984+0000] {dagbag.py:588} INFO - Filling up the DagBag from /home/airflow/.local/lib/python3.12/site-packages/airflow/example_dags/example_sensor_decorator.py
[2024-11-11T03:26:13.990+0000] {processor.py:925} INFO - DAG(s) 'example_sensor_decorator' retrieved from /home/airflow/.local/lib/python3.12/site-packages/airflow/example_dags/example_sensor_decorator.py
[2024-11-11T03:26:14.004+0000] {logging_mixin.py:190} INFO - [2024-11-11T03:26:14.004+0000] {dag.py:3239} INFO - Sync 1 DAGs
[2024-11-11T03:26:14.013+0000] {logging_mixin.py:190} INFO - [2024-11-11T03:26:14.013+0000] {dag.py:4180} INFO - Setting next_dagrun for example_sensor_decorator to None, run_after=None
[2024-11-11T03:26:14.021+0000] {processor.py:208} INFO - Processing /home/airflow/.local/lib/python3.12/site-packages/airflow/example_dags/example_sensor_decorator.py took 0.044 seconds
[2024-11-11T03:26:44.824+0000] {processor.py:186} INFO - Started process (PID=6331) to work on /home/airflow/.local/lib/python3.12/site-packages/airflow/example_dags/example_sensor_decorator.py
[2024-11-11T03:26:44.825+0000] {processor.py:914} INFO - Processing file /home/airflow/.local/lib/python3.12/site-packages/airflow/example_dags/example_sensor_decorator.py for tasks to queue
[2024-11-11T03:26:44.826+0000] {logging_mixin.py:190} INFO - [2024-11-11T03:26:44.826+0000] {dagbag.py:588} INFO - Filling up the DagBag from /home/airflow/.local/lib/python3.12/site-packages/airflow/example_dags/example_sensor_decorator.py
[2024-11-11T03:26:44.831+0000] {processor.py:925} INFO - DAG(s) 'example_sensor_decorator' retrieved from /home/airflow/.local/lib/python3.12/site-packages/airflow/example_dags/example_sensor_decorator.py
[2024-11-11T03:26:44.842+0000] {logging_mixin.py:190} INFO - [2024-11-11T03:26:44.842+0000] {dag.py:3239} INFO - Sync 1 DAGs
[2024-11-11T03:26:44.849+0000] {logging_mixin.py:190} INFO - [2024-11-11T03:26:44.849+0000] {dag.py:4180} INFO - Setting next_dagrun for example_sensor_decorator to None, run_after=None
[2024-11-11T03:26:44.857+0000] {processor.py:208} INFO - Processing /home/airflow/.local/lib/python3.12/site-packages/airflow/example_dags/example_sensor_decorator.py took 0.036 seconds
[2024-11-11T03:27:15.627+0000] {processor.py:186} INFO - Started process (PID=6394) to work on /home/airflow/.local/lib/python3.12/site-packages/airflow/example_dags/example_sensor_decorator.py
[2024-11-11T03:27:15.628+0000] {processor.py:914} INFO - Processing file /home/airflow/.local/lib/python3.12/site-packages/airflow/example_dags/example_sensor_decorator.py for tasks to queue
[2024-11-11T03:27:15.631+0000] {logging_mixin.py:190} INFO - [2024-11-11T03:27:15.631+0000] {dagbag.py:588} INFO - Filling up the DagBag from /home/airflow/.local/lib/python3.12/site-packages/airflow/example_dags/example_sensor_decorator.py
[2024-11-11T03:27:15.637+0000] {processor.py:925} INFO - DAG(s) 'example_sensor_decorator' retrieved from /home/airflow/.local/lib/python3.12/site-packages/airflow/example_dags/example_sensor_decorator.py
[2024-11-11T03:27:15.648+0000] {logging_mixin.py:190} INFO - [2024-11-11T03:27:15.648+0000] {dag.py:3239} INFO - Sync 1 DAGs
[2024-11-11T03:27:15.655+0000] {logging_mixin.py:190} INFO - [2024-11-11T03:27:15.655+0000] {dag.py:4180} INFO - Setting next_dagrun for example_sensor_decorator to None, run_after=None
[2024-11-11T03:27:15.665+0000] {processor.py:208} INFO - Processing /home/airflow/.local/lib/python3.12/site-packages/airflow/example_dags/example_sensor_decorator.py took 0.045 seconds
[2024-11-11T03:27:46.412+0000] {processor.py:186} INFO - Started process (PID=6457) to work on /home/airflow/.local/lib/python3.12/site-packages/airflow/example_dags/example_sensor_decorator.py
[2024-11-11T03:27:46.412+0000] {processor.py:914} INFO - Processing file /home/airflow/.local/lib/python3.12/site-packages/airflow/example_dags/example_sensor_decorator.py for tasks to queue
[2024-11-11T03:27:46.414+0000] {logging_mixin.py:190} INFO - [2024-11-11T03:27:46.414+0000] {dagbag.py:588} INFO - Filling up the DagBag from /home/airflow/.local/lib/python3.12/site-packages/airflow/example_dags/example_sensor_decorator.py
[2024-11-11T03:27:46.419+0000] {processor.py:925} INFO - DAG(s) 'example_sensor_decorator' retrieved from /home/airflow/.local/lib/python3.12/site-packages/airflow/example_dags/example_sensor_decorator.py
[2024-11-11T03:27:46.433+0000] {logging_mixin.py:190} INFO - [2024-11-11T03:27:46.433+0000] {dag.py:3239} INFO - Sync 1 DAGs
[2024-11-11T03:27:46.442+0000] {logging_mixin.py:190} INFO - [2024-11-11T03:27:46.442+0000] {dag.py:4180} INFO - Setting next_dagrun for example_sensor_decorator to None, run_after=None
[2024-11-11T03:27:46.453+0000] {processor.py:208} INFO - Processing /home/airflow/.local/lib/python3.12/site-packages/airflow/example_dags/example_sensor_decorator.py took 0.046 seconds
[2024-11-11T03:28:16.952+0000] {processor.py:186} INFO - Started process (PID=6519) to work on /home/airflow/.local/lib/python3.12/site-packages/airflow/example_dags/example_sensor_decorator.py
[2024-11-11T03:28:16.953+0000] {processor.py:914} INFO - Processing file /home/airflow/.local/lib/python3.12/site-packages/airflow/example_dags/example_sensor_decorator.py for tasks to queue
[2024-11-11T03:28:16.954+0000] {logging_mixin.py:190} INFO - [2024-11-11T03:28:16.954+0000] {dagbag.py:588} INFO - Filling up the DagBag from /home/airflow/.local/lib/python3.12/site-packages/airflow/example_dags/example_sensor_decorator.py
[2024-11-11T03:28:16.960+0000] {processor.py:925} INFO - DAG(s) 'example_sensor_decorator' retrieved from /home/airflow/.local/lib/python3.12/site-packages/airflow/example_dags/example_sensor_decorator.py
[2024-11-11T03:28:16.973+0000] {logging_mixin.py:190} INFO - [2024-11-11T03:28:16.972+0000] {dag.py:3239} INFO - Sync 1 DAGs
[2024-11-11T03:28:16.981+0000] {logging_mixin.py:190} INFO - [2024-11-11T03:28:16.980+0000] {dag.py:4180} INFO - Setting next_dagrun for example_sensor_decorator to None, run_after=None
[2024-11-11T03:28:16.991+0000] {processor.py:208} INFO - Processing /home/airflow/.local/lib/python3.12/site-packages/airflow/example_dags/example_sensor_decorator.py took 0.042 seconds
[2024-11-11T03:28:47.812+0000] {processor.py:186} INFO - Started process (PID=6582) to work on /home/airflow/.local/lib/python3.12/site-packages/airflow/example_dags/example_sensor_decorator.py
[2024-11-11T03:28:47.812+0000] {processor.py:914} INFO - Processing file /home/airflow/.local/lib/python3.12/site-packages/airflow/example_dags/example_sensor_decorator.py for tasks to queue
[2024-11-11T03:28:47.814+0000] {logging_mixin.py:190} INFO - [2024-11-11T03:28:47.814+0000] {dagbag.py:588} INFO - Filling up the DagBag from /home/airflow/.local/lib/python3.12/site-packages/airflow/example_dags/example_sensor_decorator.py
[2024-11-11T03:28:47.819+0000] {processor.py:925} INFO - DAG(s) 'example_sensor_decorator' retrieved from /home/airflow/.local/lib/python3.12/site-packages/airflow/example_dags/example_sensor_decorator.py
[2024-11-11T03:28:47.831+0000] {logging_mixin.py:190} INFO - [2024-11-11T03:28:47.831+0000] {dag.py:3239} INFO - Sync 1 DAGs
[2024-11-11T03:28:47.839+0000] {logging_mixin.py:190} INFO - [2024-11-11T03:28:47.839+0000] {dag.py:4180} INFO - Setting next_dagrun for example_sensor_decorator to None, run_after=None
[2024-11-11T03:28:47.849+0000] {processor.py:208} INFO - Processing /home/airflow/.local/lib/python3.12/site-packages/airflow/example_dags/example_sensor_decorator.py took 0.041 seconds
[2024-11-11T03:29:18.921+0000] {processor.py:186} INFO - Started process (PID=6646) to work on /home/airflow/.local/lib/python3.12/site-packages/airflow/example_dags/example_sensor_decorator.py
[2024-11-11T03:29:18.922+0000] {processor.py:914} INFO - Processing file /home/airflow/.local/lib/python3.12/site-packages/airflow/example_dags/example_sensor_decorator.py for tasks to queue
[2024-11-11T03:29:18.923+0000] {logging_mixin.py:190} INFO - [2024-11-11T03:29:18.923+0000] {dagbag.py:588} INFO - Filling up the DagBag from /home/airflow/.local/lib/python3.12/site-packages/airflow/example_dags/example_sensor_decorator.py
[2024-11-11T03:29:18.929+0000] {processor.py:925} INFO - DAG(s) 'example_sensor_decorator' retrieved from /home/airflow/.local/lib/python3.12/site-packages/airflow/example_dags/example_sensor_decorator.py
[2024-11-11T03:29:18.941+0000] {logging_mixin.py:190} INFO - [2024-11-11T03:29:18.941+0000] {dag.py:3239} INFO - Sync 1 DAGs
[2024-11-11T03:29:18.948+0000] {logging_mixin.py:190} INFO - [2024-11-11T03:29:18.948+0000] {dag.py:4180} INFO - Setting next_dagrun for example_sensor_decorator to None, run_after=None
[2024-11-11T03:29:18.958+0000] {processor.py:208} INFO - Processing /home/airflow/.local/lib/python3.12/site-packages/airflow/example_dags/example_sensor_decorator.py took 0.041 seconds
[2024-11-11T03:29:49.805+0000] {processor.py:186} INFO - Started process (PID=6708) to work on /home/airflow/.local/lib/python3.12/site-packages/airflow/example_dags/example_sensor_decorator.py
[2024-11-11T03:29:49.806+0000] {processor.py:914} INFO - Processing file /home/airflow/.local/lib/python3.12/site-packages/airflow/example_dags/example_sensor_decorator.py for tasks to queue
[2024-11-11T03:29:49.808+0000] {logging_mixin.py:190} INFO - [2024-11-11T03:29:49.808+0000] {dagbag.py:588} INFO - Filling up the DagBag from /home/airflow/.local/lib/python3.12/site-packages/airflow/example_dags/example_sensor_decorator.py
[2024-11-11T03:29:49.814+0000] {processor.py:925} INFO - DAG(s) 'example_sensor_decorator' retrieved from /home/airflow/.local/lib/python3.12/site-packages/airflow/example_dags/example_sensor_decorator.py
[2024-11-11T03:29:49.825+0000] {logging_mixin.py:190} INFO - [2024-11-11T03:29:49.824+0000] {dag.py:3239} INFO - Sync 1 DAGs
[2024-11-11T03:29:49.832+0000] {logging_mixin.py:190} INFO - [2024-11-11T03:29:49.832+0000] {dag.py:4180} INFO - Setting next_dagrun for example_sensor_decorator to None, run_after=None
[2024-11-11T03:29:49.841+0000] {processor.py:208} INFO - Processing /home/airflow/.local/lib/python3.12/site-packages/airflow/example_dags/example_sensor_decorator.py took 0.040 seconds
[2024-11-11T03:30:20.825+0000] {processor.py:186} INFO - Started process (PID=6771) to work on /home/airflow/.local/lib/python3.12/site-packages/airflow/example_dags/example_sensor_decorator.py
[2024-11-11T03:30:20.826+0000] {processor.py:914} INFO - Processing file /home/airflow/.local/lib/python3.12/site-packages/airflow/example_dags/example_sensor_decorator.py for tasks to queue
[2024-11-11T03:30:20.829+0000] {logging_mixin.py:190} INFO - [2024-11-11T03:30:20.829+0000] {dagbag.py:588} INFO - Filling up the DagBag from /home/airflow/.local/lib/python3.12/site-packages/airflow/example_dags/example_sensor_decorator.py
[2024-11-11T03:30:20.838+0000] {processor.py:925} INFO - DAG(s) 'example_sensor_decorator' retrieved from /home/airflow/.local/lib/python3.12/site-packages/airflow/example_dags/example_sensor_decorator.py
[2024-11-11T03:30:20.852+0000] {logging_mixin.py:190} INFO - [2024-11-11T03:30:20.852+0000] {dag.py:3239} INFO - Sync 1 DAGs
[2024-11-11T03:30:20.860+0000] {logging_mixin.py:190} INFO - [2024-11-11T03:30:20.859+0000] {dag.py:4180} INFO - Setting next_dagrun for example_sensor_decorator to None, run_after=None
[2024-11-11T03:30:20.869+0000] {processor.py:208} INFO - Processing /home/airflow/.local/lib/python3.12/site-packages/airflow/example_dags/example_sensor_decorator.py took 0.049 seconds
[2024-11-11T03:30:51.929+0000] {processor.py:186} INFO - Started process (PID=6834) to work on /home/airflow/.local/lib/python3.12/site-packages/airflow/example_dags/example_sensor_decorator.py
[2024-11-11T03:30:51.930+0000] {processor.py:914} INFO - Processing file /home/airflow/.local/lib/python3.12/site-packages/airflow/example_dags/example_sensor_decorator.py for tasks to queue
[2024-11-11T03:30:51.931+0000] {logging_mixin.py:190} INFO - [2024-11-11T03:30:51.931+0000] {dagbag.py:588} INFO - Filling up the DagBag from /home/airflow/.local/lib/python3.12/site-packages/airflow/example_dags/example_sensor_decorator.py
[2024-11-11T03:30:51.937+0000] {processor.py:925} INFO - DAG(s) 'example_sensor_decorator' retrieved from /home/airflow/.local/lib/python3.12/site-packages/airflow/example_dags/example_sensor_decorator.py
[2024-11-11T03:30:51.950+0000] {logging_mixin.py:190} INFO - [2024-11-11T03:30:51.950+0000] {dag.py:3239} INFO - Sync 1 DAGs
[2024-11-11T03:30:51.958+0000] {logging_mixin.py:190} INFO - [2024-11-11T03:30:51.958+0000] {dag.py:4180} INFO - Setting next_dagrun for example_sensor_decorator to None, run_after=None
[2024-11-11T03:30:51.968+0000] {processor.py:208} INFO - Processing /home/airflow/.local/lib/python3.12/site-packages/airflow/example_dags/example_sensor_decorator.py took 0.043 seconds
[2024-11-11T03:31:22.801+0000] {processor.py:186} INFO - Started process (PID=6897) to work on /home/airflow/.local/lib/python3.12/site-packages/airflow/example_dags/example_sensor_decorator.py
[2024-11-11T03:31:22.801+0000] {processor.py:914} INFO - Processing file /home/airflow/.local/lib/python3.12/site-packages/airflow/example_dags/example_sensor_decorator.py for tasks to queue
[2024-11-11T03:31:22.803+0000] {logging_mixin.py:190} INFO - [2024-11-11T03:31:22.803+0000] {dagbag.py:588} INFO - Filling up the DagBag from /home/airflow/.local/lib/python3.12/site-packages/airflow/example_dags/example_sensor_decorator.py
[2024-11-11T03:31:22.812+0000] {processor.py:925} INFO - DAG(s) 'example_sensor_decorator' retrieved from /home/airflow/.local/lib/python3.12/site-packages/airflow/example_dags/example_sensor_decorator.py
[2024-11-11T03:31:22.825+0000] {logging_mixin.py:190} INFO - [2024-11-11T03:31:22.825+0000] {dag.py:3239} INFO - Sync 1 DAGs
[2024-11-11T03:31:22.832+0000] {logging_mixin.py:190} INFO - [2024-11-11T03:31:22.832+0000] {dag.py:4180} INFO - Setting next_dagrun for example_sensor_decorator to None, run_after=None
[2024-11-11T03:31:22.842+0000] {processor.py:208} INFO - Processing /home/airflow/.local/lib/python3.12/site-packages/airflow/example_dags/example_sensor_decorator.py took 0.045 seconds
[2024-11-11T03:31:53.914+0000] {processor.py:186} INFO - Started process (PID=6960) to work on /home/airflow/.local/lib/python3.12/site-packages/airflow/example_dags/example_sensor_decorator.py
[2024-11-11T03:31:53.915+0000] {processor.py:914} INFO - Processing file /home/airflow/.local/lib/python3.12/site-packages/airflow/example_dags/example_sensor_decorator.py for tasks to queue
[2024-11-11T03:31:53.918+0000] {logging_mixin.py:190} INFO - [2024-11-11T03:31:53.918+0000] {dagbag.py:588} INFO - Filling up the DagBag from /home/airflow/.local/lib/python3.12/site-packages/airflow/example_dags/example_sensor_decorator.py
[2024-11-11T03:31:53.925+0000] {processor.py:925} INFO - DAG(s) 'example_sensor_decorator' retrieved from /home/airflow/.local/lib/python3.12/site-packages/airflow/example_dags/example_sensor_decorator.py
[2024-11-11T03:31:53.940+0000] {logging_mixin.py:190} INFO - [2024-11-11T03:31:53.940+0000] {dag.py:3239} INFO - Sync 1 DAGs
[2024-11-11T03:31:53.949+0000] {logging_mixin.py:190} INFO - [2024-11-11T03:31:53.949+0000] {dag.py:4180} INFO - Setting next_dagrun for example_sensor_decorator to None, run_after=None
[2024-11-11T03:31:53.959+0000] {processor.py:208} INFO - Processing /home/airflow/.local/lib/python3.12/site-packages/airflow/example_dags/example_sensor_decorator.py took 0.050 seconds
[2024-11-11T03:32:25.305+0000] {processor.py:186} INFO - Started process (PID=7023) to work on /home/airflow/.local/lib/python3.12/site-packages/airflow/example_dags/example_sensor_decorator.py
[2024-11-11T03:32:25.306+0000] {processor.py:914} INFO - Processing file /home/airflow/.local/lib/python3.12/site-packages/airflow/example_dags/example_sensor_decorator.py for tasks to queue
[2024-11-11T03:32:25.308+0000] {logging_mixin.py:190} INFO - [2024-11-11T03:32:25.307+0000] {dagbag.py:588} INFO - Filling up the DagBag from /home/airflow/.local/lib/python3.12/site-packages/airflow/example_dags/example_sensor_decorator.py
[2024-11-11T03:32:25.313+0000] {processor.py:925} INFO - DAG(s) 'example_sensor_decorator' retrieved from /home/airflow/.local/lib/python3.12/site-packages/airflow/example_dags/example_sensor_decorator.py
[2024-11-11T03:32:25.324+0000] {logging_mixin.py:190} INFO - [2024-11-11T03:32:25.324+0000] {dag.py:3239} INFO - Sync 1 DAGs
[2024-11-11T03:32:25.332+0000] {logging_mixin.py:190} INFO - [2024-11-11T03:32:25.332+0000] {dag.py:4180} INFO - Setting next_dagrun for example_sensor_decorator to None, run_after=None
[2024-11-11T03:32:25.341+0000] {processor.py:208} INFO - Processing /home/airflow/.local/lib/python3.12/site-packages/airflow/example_dags/example_sensor_decorator.py took 0.040 seconds
[2024-11-11T03:32:56.152+0000] {processor.py:186} INFO - Started process (PID=7087) to work on /home/airflow/.local/lib/python3.12/site-packages/airflow/example_dags/example_sensor_decorator.py
[2024-11-11T03:32:56.153+0000] {processor.py:914} INFO - Processing file /home/airflow/.local/lib/python3.12/site-packages/airflow/example_dags/example_sensor_decorator.py for tasks to queue
[2024-11-11T03:32:56.154+0000] {logging_mixin.py:190} INFO - [2024-11-11T03:32:56.154+0000] {dagbag.py:588} INFO - Filling up the DagBag from /home/airflow/.local/lib/python3.12/site-packages/airflow/example_dags/example_sensor_decorator.py
[2024-11-11T03:32:56.160+0000] {processor.py:925} INFO - DAG(s) 'example_sensor_decorator' retrieved from /home/airflow/.local/lib/python3.12/site-packages/airflow/example_dags/example_sensor_decorator.py
[2024-11-11T03:32:56.172+0000] {logging_mixin.py:190} INFO - [2024-11-11T03:32:56.171+0000] {dag.py:3239} INFO - Sync 1 DAGs
[2024-11-11T03:32:56.181+0000] {logging_mixin.py:190} INFO - [2024-11-11T03:32:56.181+0000] {dag.py:4180} INFO - Setting next_dagrun for example_sensor_decorator to None, run_after=None
[2024-11-11T03:32:56.193+0000] {processor.py:208} INFO - Processing /home/airflow/.local/lib/python3.12/site-packages/airflow/example_dags/example_sensor_decorator.py took 0.045 seconds
[2024-11-11T03:33:26.839+0000] {processor.py:186} INFO - Started process (PID=7150) to work on /home/airflow/.local/lib/python3.12/site-packages/airflow/example_dags/example_sensor_decorator.py
[2024-11-11T03:33:26.840+0000] {processor.py:914} INFO - Processing file /home/airflow/.local/lib/python3.12/site-packages/airflow/example_dags/example_sensor_decorator.py for tasks to queue
[2024-11-11T03:33:26.841+0000] {logging_mixin.py:190} INFO - [2024-11-11T03:33:26.841+0000] {dagbag.py:588} INFO - Filling up the DagBag from /home/airflow/.local/lib/python3.12/site-packages/airflow/example_dags/example_sensor_decorator.py
[2024-11-11T03:33:26.846+0000] {processor.py:925} INFO - DAG(s) 'example_sensor_decorator' retrieved from /home/airflow/.local/lib/python3.12/site-packages/airflow/example_dags/example_sensor_decorator.py
[2024-11-11T03:33:26.856+0000] {logging_mixin.py:190} INFO - [2024-11-11T03:33:26.856+0000] {dag.py:3239} INFO - Sync 1 DAGs
[2024-11-11T03:33:26.863+0000] {logging_mixin.py:190} INFO - [2024-11-11T03:33:26.863+0000] {dag.py:4180} INFO - Setting next_dagrun for example_sensor_decorator to None, run_after=None
[2024-11-11T03:33:26.872+0000] {processor.py:208} INFO - Processing /home/airflow/.local/lib/python3.12/site-packages/airflow/example_dags/example_sensor_decorator.py took 0.036 seconds
[2024-11-11T03:33:57.597+0000] {processor.py:186} INFO - Started process (PID=7213) to work on /home/airflow/.local/lib/python3.12/site-packages/airflow/example_dags/example_sensor_decorator.py
[2024-11-11T03:33:57.598+0000] {processor.py:914} INFO - Processing file /home/airflow/.local/lib/python3.12/site-packages/airflow/example_dags/example_sensor_decorator.py for tasks to queue
[2024-11-11T03:33:57.599+0000] {logging_mixin.py:190} INFO - [2024-11-11T03:33:57.599+0000] {dagbag.py:588} INFO - Filling up the DagBag from /home/airflow/.local/lib/python3.12/site-packages/airflow/example_dags/example_sensor_decorator.py
[2024-11-11T03:33:57.604+0000] {processor.py:925} INFO - DAG(s) 'example_sensor_decorator' retrieved from /home/airflow/.local/lib/python3.12/site-packages/airflow/example_dags/example_sensor_decorator.py
[2024-11-11T03:33:57.615+0000] {logging_mixin.py:190} INFO - [2024-11-11T03:33:57.615+0000] {dag.py:3239} INFO - Sync 1 DAGs
[2024-11-11T03:33:57.622+0000] {logging_mixin.py:190} INFO - [2024-11-11T03:33:57.622+0000] {dag.py:4180} INFO - Setting next_dagrun for example_sensor_decorator to None, run_after=None
[2024-11-11T03:33:57.631+0000] {processor.py:208} INFO - Processing /home/airflow/.local/lib/python3.12/site-packages/airflow/example_dags/example_sensor_decorator.py took 0.038 seconds
[2024-11-11T03:34:28.308+0000] {processor.py:186} INFO - Started process (PID=7275) to work on /home/airflow/.local/lib/python3.12/site-packages/airflow/example_dags/example_sensor_decorator.py
[2024-11-11T03:34:28.308+0000] {processor.py:914} INFO - Processing file /home/airflow/.local/lib/python3.12/site-packages/airflow/example_dags/example_sensor_decorator.py for tasks to queue
[2024-11-11T03:34:28.309+0000] {logging_mixin.py:190} INFO - [2024-11-11T03:34:28.309+0000] {dagbag.py:588} INFO - Filling up the DagBag from /home/airflow/.local/lib/python3.12/site-packages/airflow/example_dags/example_sensor_decorator.py
[2024-11-11T03:34:28.314+0000] {processor.py:925} INFO - DAG(s) 'example_sensor_decorator' retrieved from /home/airflow/.local/lib/python3.12/site-packages/airflow/example_dags/example_sensor_decorator.py
[2024-11-11T03:34:28.324+0000] {logging_mixin.py:190} INFO - [2024-11-11T03:34:28.324+0000] {dag.py:3239} INFO - Sync 1 DAGs
[2024-11-11T03:34:28.331+0000] {logging_mixin.py:190} INFO - [2024-11-11T03:34:28.331+0000] {dag.py:4180} INFO - Setting next_dagrun for example_sensor_decorator to None, run_after=None
[2024-11-11T03:34:28.339+0000] {processor.py:208} INFO - Processing /home/airflow/.local/lib/python3.12/site-packages/airflow/example_dags/example_sensor_decorator.py took 0.035 seconds
[2024-11-11T03:34:59.091+0000] {processor.py:186} INFO - Started process (PID=7338) to work on /home/airflow/.local/lib/python3.12/site-packages/airflow/example_dags/example_sensor_decorator.py
[2024-11-11T03:34:59.091+0000] {processor.py:914} INFO - Processing file /home/airflow/.local/lib/python3.12/site-packages/airflow/example_dags/example_sensor_decorator.py for tasks to queue
[2024-11-11T03:34:59.093+0000] {logging_mixin.py:190} INFO - [2024-11-11T03:34:59.092+0000] {dagbag.py:588} INFO - Filling up the DagBag from /home/airflow/.local/lib/python3.12/site-packages/airflow/example_dags/example_sensor_decorator.py
[2024-11-11T03:34:59.097+0000] {processor.py:925} INFO - DAG(s) 'example_sensor_decorator' retrieved from /home/airflow/.local/lib/python3.12/site-packages/airflow/example_dags/example_sensor_decorator.py
[2024-11-11T03:34:59.108+0000] {logging_mixin.py:190} INFO - [2024-11-11T03:34:59.108+0000] {dag.py:3239} INFO - Sync 1 DAGs
[2024-11-11T03:34:59.115+0000] {logging_mixin.py:190} INFO - [2024-11-11T03:34:59.115+0000] {dag.py:4180} INFO - Setting next_dagrun for example_sensor_decorator to None, run_after=None
[2024-11-11T03:34:59.123+0000] {processor.py:208} INFO - Processing /home/airflow/.local/lib/python3.12/site-packages/airflow/example_dags/example_sensor_decorator.py took 0.036 seconds
[2024-11-11T03:35:29.818+0000] {processor.py:186} INFO - Started process (PID=7401) to work on /home/airflow/.local/lib/python3.12/site-packages/airflow/example_dags/example_sensor_decorator.py
[2024-11-11T03:35:29.819+0000] {processor.py:914} INFO - Processing file /home/airflow/.local/lib/python3.12/site-packages/airflow/example_dags/example_sensor_decorator.py for tasks to queue
[2024-11-11T03:35:29.820+0000] {logging_mixin.py:190} INFO - [2024-11-11T03:35:29.820+0000] {dagbag.py:588} INFO - Filling up the DagBag from /home/airflow/.local/lib/python3.12/site-packages/airflow/example_dags/example_sensor_decorator.py
[2024-11-11T03:35:29.825+0000] {processor.py:925} INFO - DAG(s) 'example_sensor_decorator' retrieved from /home/airflow/.local/lib/python3.12/site-packages/airflow/example_dags/example_sensor_decorator.py
[2024-11-11T03:35:29.835+0000] {logging_mixin.py:190} INFO - [2024-11-11T03:35:29.835+0000] {dag.py:3239} INFO - Sync 1 DAGs
[2024-11-11T03:35:29.842+0000] {logging_mixin.py:190} INFO - [2024-11-11T03:35:29.842+0000] {dag.py:4180} INFO - Setting next_dagrun for example_sensor_decorator to None, run_after=None
[2024-11-11T03:35:29.850+0000] {processor.py:208} INFO - Processing /home/airflow/.local/lib/python3.12/site-packages/airflow/example_dags/example_sensor_decorator.py took 0.036 seconds
[2024-11-11T03:36:00.453+0000] {processor.py:186} INFO - Started process (PID=7463) to work on /home/airflow/.local/lib/python3.12/site-packages/airflow/example_dags/example_sensor_decorator.py
[2024-11-11T03:36:00.453+0000] {processor.py:914} INFO - Processing file /home/airflow/.local/lib/python3.12/site-packages/airflow/example_dags/example_sensor_decorator.py for tasks to queue
[2024-11-11T03:36:00.455+0000] {logging_mixin.py:190} INFO - [2024-11-11T03:36:00.454+0000] {dagbag.py:588} INFO - Filling up the DagBag from /home/airflow/.local/lib/python3.12/site-packages/airflow/example_dags/example_sensor_decorator.py
[2024-11-11T03:36:00.460+0000] {processor.py:925} INFO - DAG(s) 'example_sensor_decorator' retrieved from /home/airflow/.local/lib/python3.12/site-packages/airflow/example_dags/example_sensor_decorator.py
[2024-11-11T03:36:00.470+0000] {logging_mixin.py:190} INFO - [2024-11-11T03:36:00.470+0000] {dag.py:3239} INFO - Sync 1 DAGs
[2024-11-11T03:36:00.477+0000] {logging_mixin.py:190} INFO - [2024-11-11T03:36:00.477+0000] {dag.py:4180} INFO - Setting next_dagrun for example_sensor_decorator to None, run_after=None
[2024-11-11T03:36:00.485+0000] {processor.py:208} INFO - Processing /home/airflow/.local/lib/python3.12/site-packages/airflow/example_dags/example_sensor_decorator.py took 0.036 seconds
[2024-11-11T03:36:31.090+0000] {processor.py:186} INFO - Started process (PID=7526) to work on /home/airflow/.local/lib/python3.12/site-packages/airflow/example_dags/example_sensor_decorator.py
[2024-11-11T03:36:31.091+0000] {processor.py:914} INFO - Processing file /home/airflow/.local/lib/python3.12/site-packages/airflow/example_dags/example_sensor_decorator.py for tasks to queue
[2024-11-11T03:36:31.092+0000] {logging_mixin.py:190} INFO - [2024-11-11T03:36:31.092+0000] {dagbag.py:588} INFO - Filling up the DagBag from /home/airflow/.local/lib/python3.12/site-packages/airflow/example_dags/example_sensor_decorator.py
[2024-11-11T03:36:31.097+0000] {processor.py:925} INFO - DAG(s) 'example_sensor_decorator' retrieved from /home/airflow/.local/lib/python3.12/site-packages/airflow/example_dags/example_sensor_decorator.py
[2024-11-11T03:36:31.108+0000] {logging_mixin.py:190} INFO - [2024-11-11T03:36:31.107+0000] {dag.py:3239} INFO - Sync 1 DAGs
[2024-11-11T03:36:31.114+0000] {logging_mixin.py:190} INFO - [2024-11-11T03:36:31.114+0000] {dag.py:4180} INFO - Setting next_dagrun for example_sensor_decorator to None, run_after=None
[2024-11-11T03:36:31.123+0000] {processor.py:208} INFO - Processing /home/airflow/.local/lib/python3.12/site-packages/airflow/example_dags/example_sensor_decorator.py took 0.036 seconds
[2024-11-11T03:37:01.694+0000] {processor.py:186} INFO - Started process (PID=7594) to work on /home/airflow/.local/lib/python3.12/site-packages/airflow/example_dags/example_sensor_decorator.py
[2024-11-11T03:37:01.695+0000] {processor.py:914} INFO - Processing file /home/airflow/.local/lib/python3.12/site-packages/airflow/example_dags/example_sensor_decorator.py for tasks to queue
[2024-11-11T03:37:01.697+0000] {logging_mixin.py:190} INFO - [2024-11-11T03:37:01.696+0000] {dagbag.py:588} INFO - Filling up the DagBag from /home/airflow/.local/lib/python3.12/site-packages/airflow/example_dags/example_sensor_decorator.py
[2024-11-11T03:37:01.702+0000] {processor.py:925} INFO - DAG(s) 'example_sensor_decorator' retrieved from /home/airflow/.local/lib/python3.12/site-packages/airflow/example_dags/example_sensor_decorator.py
[2024-11-11T03:37:01.715+0000] {logging_mixin.py:190} INFO - [2024-11-11T03:37:01.714+0000] {dag.py:3239} INFO - Sync 1 DAGs
[2024-11-11T03:37:01.723+0000] {logging_mixin.py:190} INFO - [2024-11-11T03:37:01.723+0000] {dag.py:4180} INFO - Setting next_dagrun for example_sensor_decorator to None, run_after=None
[2024-11-11T03:37:01.734+0000] {processor.py:208} INFO - Processing /home/airflow/.local/lib/python3.12/site-packages/airflow/example_dags/example_sensor_decorator.py took 0.044 seconds
[2024-11-11T03:37:32.205+0000] {processor.py:186} INFO - Started process (PID=7656) to work on /home/airflow/.local/lib/python3.12/site-packages/airflow/example_dags/example_sensor_decorator.py
[2024-11-11T03:37:32.206+0000] {processor.py:914} INFO - Processing file /home/airflow/.local/lib/python3.12/site-packages/airflow/example_dags/example_sensor_decorator.py for tasks to queue
[2024-11-11T03:37:32.207+0000] {logging_mixin.py:190} INFO - [2024-11-11T03:37:32.207+0000] {dagbag.py:588} INFO - Filling up the DagBag from /home/airflow/.local/lib/python3.12/site-packages/airflow/example_dags/example_sensor_decorator.py
[2024-11-11T03:37:32.213+0000] {processor.py:925} INFO - DAG(s) 'example_sensor_decorator' retrieved from /home/airflow/.local/lib/python3.12/site-packages/airflow/example_dags/example_sensor_decorator.py
[2024-11-11T03:37:32.224+0000] {logging_mixin.py:190} INFO - [2024-11-11T03:37:32.224+0000] {dag.py:3239} INFO - Sync 1 DAGs
[2024-11-11T03:37:32.232+0000] {logging_mixin.py:190} INFO - [2024-11-11T03:37:32.232+0000] {dag.py:4180} INFO - Setting next_dagrun for example_sensor_decorator to None, run_after=None
[2024-11-11T03:37:32.242+0000] {processor.py:208} INFO - Processing /home/airflow/.local/lib/python3.12/site-packages/airflow/example_dags/example_sensor_decorator.py took 0.041 seconds
[2024-11-11T03:38:03.123+0000] {processor.py:186} INFO - Started process (PID=7719) to work on /home/airflow/.local/lib/python3.12/site-packages/airflow/example_dags/example_sensor_decorator.py
[2024-11-11T03:38:03.123+0000] {processor.py:914} INFO - Processing file /home/airflow/.local/lib/python3.12/site-packages/airflow/example_dags/example_sensor_decorator.py for tasks to queue
[2024-11-11T03:38:03.125+0000] {logging_mixin.py:190} INFO - [2024-11-11T03:38:03.125+0000] {dagbag.py:588} INFO - Filling up the DagBag from /home/airflow/.local/lib/python3.12/site-packages/airflow/example_dags/example_sensor_decorator.py
[2024-11-11T03:38:03.130+0000] {processor.py:925} INFO - DAG(s) 'example_sensor_decorator' retrieved from /home/airflow/.local/lib/python3.12/site-packages/airflow/example_dags/example_sensor_decorator.py
[2024-11-11T03:38:03.140+0000] {logging_mixin.py:190} INFO - [2024-11-11T03:38:03.140+0000] {dag.py:3239} INFO - Sync 1 DAGs
[2024-11-11T03:38:03.147+0000] {logging_mixin.py:190} INFO - [2024-11-11T03:38:03.147+0000] {dag.py:4180} INFO - Setting next_dagrun for example_sensor_decorator to None, run_after=None
[2024-11-11T03:38:03.155+0000] {processor.py:208} INFO - Processing /home/airflow/.local/lib/python3.12/site-packages/airflow/example_dags/example_sensor_decorator.py took 0.036 seconds
[2024-11-11T03:38:33.724+0000] {processor.py:186} INFO - Started process (PID=7782) to work on /home/airflow/.local/lib/python3.12/site-packages/airflow/example_dags/example_sensor_decorator.py
[2024-11-11T03:38:33.725+0000] {processor.py:914} INFO - Processing file /home/airflow/.local/lib/python3.12/site-packages/airflow/example_dags/example_sensor_decorator.py for tasks to queue
[2024-11-11T03:38:33.726+0000] {logging_mixin.py:190} INFO - [2024-11-11T03:38:33.726+0000] {dagbag.py:588} INFO - Filling up the DagBag from /home/airflow/.local/lib/python3.12/site-packages/airflow/example_dags/example_sensor_decorator.py
[2024-11-11T03:38:33.731+0000] {processor.py:925} INFO - DAG(s) 'example_sensor_decorator' retrieved from /home/airflow/.local/lib/python3.12/site-packages/airflow/example_dags/example_sensor_decorator.py
[2024-11-11T03:38:33.741+0000] {logging_mixin.py:190} INFO - [2024-11-11T03:38:33.741+0000] {dag.py:3239} INFO - Sync 1 DAGs
[2024-11-11T03:38:33.748+0000] {logging_mixin.py:190} INFO - [2024-11-11T03:38:33.748+0000] {dag.py:4180} INFO - Setting next_dagrun for example_sensor_decorator to None, run_after=None
[2024-11-11T03:38:33.757+0000] {processor.py:208} INFO - Processing /home/airflow/.local/lib/python3.12/site-packages/airflow/example_dags/example_sensor_decorator.py took 0.037 seconds
[2024-11-11T03:39:04.448+0000] {processor.py:186} INFO - Started process (PID=7845) to work on /home/airflow/.local/lib/python3.12/site-packages/airflow/example_dags/example_sensor_decorator.py
[2024-11-11T03:39:04.448+0000] {processor.py:914} INFO - Processing file /home/airflow/.local/lib/python3.12/site-packages/airflow/example_dags/example_sensor_decorator.py for tasks to queue
[2024-11-11T03:39:04.450+0000] {logging_mixin.py:190} INFO - [2024-11-11T03:39:04.450+0000] {dagbag.py:588} INFO - Filling up the DagBag from /home/airflow/.local/lib/python3.12/site-packages/airflow/example_dags/example_sensor_decorator.py
[2024-11-11T03:39:04.455+0000] {processor.py:925} INFO - DAG(s) 'example_sensor_decorator' retrieved from /home/airflow/.local/lib/python3.12/site-packages/airflow/example_dags/example_sensor_decorator.py
[2024-11-11T03:39:04.465+0000] {logging_mixin.py:190} INFO - [2024-11-11T03:39:04.465+0000] {dag.py:3239} INFO - Sync 1 DAGs
[2024-11-11T03:39:04.473+0000] {logging_mixin.py:190} INFO - [2024-11-11T03:39:04.472+0000] {dag.py:4180} INFO - Setting next_dagrun for example_sensor_decorator to None, run_after=None
[2024-11-11T03:39:04.481+0000] {processor.py:208} INFO - Processing /home/airflow/.local/lib/python3.12/site-packages/airflow/example_dags/example_sensor_decorator.py took 0.037 seconds
[2024-11-11T03:39:35.070+0000] {processor.py:186} INFO - Started process (PID=7908) to work on /home/airflow/.local/lib/python3.12/site-packages/airflow/example_dags/example_sensor_decorator.py
[2024-11-11T03:39:35.071+0000] {processor.py:914} INFO - Processing file /home/airflow/.local/lib/python3.12/site-packages/airflow/example_dags/example_sensor_decorator.py for tasks to queue
[2024-11-11T03:39:35.072+0000] {logging_mixin.py:190} INFO - [2024-11-11T03:39:35.072+0000] {dagbag.py:588} INFO - Filling up the DagBag from /home/airflow/.local/lib/python3.12/site-packages/airflow/example_dags/example_sensor_decorator.py
[2024-11-11T03:39:35.077+0000] {processor.py:925} INFO - DAG(s) 'example_sensor_decorator' retrieved from /home/airflow/.local/lib/python3.12/site-packages/airflow/example_dags/example_sensor_decorator.py
[2024-11-11T03:39:35.088+0000] {logging_mixin.py:190} INFO - [2024-11-11T03:39:35.088+0000] {dag.py:3239} INFO - Sync 1 DAGs
[2024-11-11T03:39:35.095+0000] {logging_mixin.py:190} INFO - [2024-11-11T03:39:35.095+0000] {dag.py:4180} INFO - Setting next_dagrun for example_sensor_decorator to None, run_after=None
[2024-11-11T03:39:35.103+0000] {processor.py:208} INFO - Processing /home/airflow/.local/lib/python3.12/site-packages/airflow/example_dags/example_sensor_decorator.py took 0.036 seconds
[2024-11-11T03:40:05.717+0000] {processor.py:186} INFO - Started process (PID=7971) to work on /home/airflow/.local/lib/python3.12/site-packages/airflow/example_dags/example_sensor_decorator.py
[2024-11-11T03:40:05.718+0000] {processor.py:914} INFO - Processing file /home/airflow/.local/lib/python3.12/site-packages/airflow/example_dags/example_sensor_decorator.py for tasks to queue
[2024-11-11T03:40:05.720+0000] {logging_mixin.py:190} INFO - [2024-11-11T03:40:05.720+0000] {dagbag.py:588} INFO - Filling up the DagBag from /home/airflow/.local/lib/python3.12/site-packages/airflow/example_dags/example_sensor_decorator.py
[2024-11-11T03:40:05.725+0000] {processor.py:925} INFO - DAG(s) 'example_sensor_decorator' retrieved from /home/airflow/.local/lib/python3.12/site-packages/airflow/example_dags/example_sensor_decorator.py
[2024-11-11T03:40:05.736+0000] {logging_mixin.py:190} INFO - [2024-11-11T03:40:05.736+0000] {dag.py:3239} INFO - Sync 1 DAGs
[2024-11-11T03:40:05.743+0000] {logging_mixin.py:190} INFO - [2024-11-11T03:40:05.743+0000] {dag.py:4180} INFO - Setting next_dagrun for example_sensor_decorator to None, run_after=None
[2024-11-11T03:40:05.751+0000] {processor.py:208} INFO - Processing /home/airflow/.local/lib/python3.12/site-packages/airflow/example_dags/example_sensor_decorator.py took 0.037 seconds
[2024-11-11T03:40:36.399+0000] {processor.py:186} INFO - Started process (PID=8033) to work on /home/airflow/.local/lib/python3.12/site-packages/airflow/example_dags/example_sensor_decorator.py
[2024-11-11T03:40:36.400+0000] {processor.py:914} INFO - Processing file /home/airflow/.local/lib/python3.12/site-packages/airflow/example_dags/example_sensor_decorator.py for tasks to queue
[2024-11-11T03:40:36.401+0000] {logging_mixin.py:190} INFO - [2024-11-11T03:40:36.401+0000] {dagbag.py:588} INFO - Filling up the DagBag from /home/airflow/.local/lib/python3.12/site-packages/airflow/example_dags/example_sensor_decorator.py
[2024-11-11T03:40:36.407+0000] {processor.py:925} INFO - DAG(s) 'example_sensor_decorator' retrieved from /home/airflow/.local/lib/python3.12/site-packages/airflow/example_dags/example_sensor_decorator.py
[2024-11-11T03:40:36.418+0000] {logging_mixin.py:190} INFO - [2024-11-11T03:40:36.418+0000] {dag.py:3239} INFO - Sync 1 DAGs
[2024-11-11T03:40:36.427+0000] {logging_mixin.py:190} INFO - [2024-11-11T03:40:36.426+0000] {dag.py:4180} INFO - Setting next_dagrun for example_sensor_decorator to None, run_after=None
[2024-11-11T03:40:36.437+0000] {processor.py:208} INFO - Processing /home/airflow/.local/lib/python3.12/site-packages/airflow/example_dags/example_sensor_decorator.py took 0.042 seconds
[2024-11-11T03:41:07.451+0000] {processor.py:186} INFO - Started process (PID=8097) to work on /home/airflow/.local/lib/python3.12/site-packages/airflow/example_dags/example_sensor_decorator.py
[2024-11-11T03:41:07.452+0000] {processor.py:914} INFO - Processing file /home/airflow/.local/lib/python3.12/site-packages/airflow/example_dags/example_sensor_decorator.py for tasks to queue
[2024-11-11T03:41:07.453+0000] {logging_mixin.py:190} INFO - [2024-11-11T03:41:07.453+0000] {dagbag.py:588} INFO - Filling up the DagBag from /home/airflow/.local/lib/python3.12/site-packages/airflow/example_dags/example_sensor_decorator.py
[2024-11-11T03:41:07.458+0000] {processor.py:925} INFO - DAG(s) 'example_sensor_decorator' retrieved from /home/airflow/.local/lib/python3.12/site-packages/airflow/example_dags/example_sensor_decorator.py
[2024-11-11T03:41:07.468+0000] {logging_mixin.py:190} INFO - [2024-11-11T03:41:07.468+0000] {dag.py:3239} INFO - Sync 1 DAGs
[2024-11-11T03:41:07.475+0000] {logging_mixin.py:190} INFO - [2024-11-11T03:41:07.475+0000] {dag.py:4180} INFO - Setting next_dagrun for example_sensor_decorator to None, run_after=None
[2024-11-11T03:41:07.484+0000] {processor.py:208} INFO - Processing /home/airflow/.local/lib/python3.12/site-packages/airflow/example_dags/example_sensor_decorator.py took 0.036 seconds
[2024-11-11T03:41:38.327+0000] {processor.py:186} INFO - Started process (PID=8159) to work on /home/airflow/.local/lib/python3.12/site-packages/airflow/example_dags/example_sensor_decorator.py
[2024-11-11T03:41:38.327+0000] {processor.py:914} INFO - Processing file /home/airflow/.local/lib/python3.12/site-packages/airflow/example_dags/example_sensor_decorator.py for tasks to queue
[2024-11-11T03:41:38.329+0000] {logging_mixin.py:190} INFO - [2024-11-11T03:41:38.329+0000] {dagbag.py:588} INFO - Filling up the DagBag from /home/airflow/.local/lib/python3.12/site-packages/airflow/example_dags/example_sensor_decorator.py
[2024-11-11T03:41:38.335+0000] {processor.py:925} INFO - DAG(s) 'example_sensor_decorator' retrieved from /home/airflow/.local/lib/python3.12/site-packages/airflow/example_dags/example_sensor_decorator.py
[2024-11-11T03:41:38.346+0000] {logging_mixin.py:190} INFO - [2024-11-11T03:41:38.346+0000] {dag.py:3239} INFO - Sync 1 DAGs
[2024-11-11T03:41:38.354+0000] {logging_mixin.py:190} INFO - [2024-11-11T03:41:38.354+0000] {dag.py:4180} INFO - Setting next_dagrun for example_sensor_decorator to None, run_after=None
[2024-11-11T03:41:38.362+0000] {processor.py:208} INFO - Processing /home/airflow/.local/lib/python3.12/site-packages/airflow/example_dags/example_sensor_decorator.py took 0.040 seconds
[2024-11-11T03:42:09.080+0000] {processor.py:186} INFO - Started process (PID=8222) to work on /home/airflow/.local/lib/python3.12/site-packages/airflow/example_dags/example_sensor_decorator.py
[2024-11-11T03:42:09.080+0000] {processor.py:914} INFO - Processing file /home/airflow/.local/lib/python3.12/site-packages/airflow/example_dags/example_sensor_decorator.py for tasks to queue
[2024-11-11T03:42:09.082+0000] {logging_mixin.py:190} INFO - [2024-11-11T03:42:09.082+0000] {dagbag.py:588} INFO - Filling up the DagBag from /home/airflow/.local/lib/python3.12/site-packages/airflow/example_dags/example_sensor_decorator.py
[2024-11-11T03:42:09.087+0000] {processor.py:925} INFO - DAG(s) 'example_sensor_decorator' retrieved from /home/airflow/.local/lib/python3.12/site-packages/airflow/example_dags/example_sensor_decorator.py
[2024-11-11T03:42:09.097+0000] {logging_mixin.py:190} INFO - [2024-11-11T03:42:09.097+0000] {dag.py:3239} INFO - Sync 1 DAGs
[2024-11-11T03:42:09.104+0000] {logging_mixin.py:190} INFO - [2024-11-11T03:42:09.104+0000] {dag.py:4180} INFO - Setting next_dagrun for example_sensor_decorator to None, run_after=None
[2024-11-11T03:42:09.112+0000] {processor.py:208} INFO - Processing /home/airflow/.local/lib/python3.12/site-packages/airflow/example_dags/example_sensor_decorator.py took 0.036 seconds
[2024-11-11T03:42:39.782+0000] {processor.py:186} INFO - Started process (PID=8285) to work on /home/airflow/.local/lib/python3.12/site-packages/airflow/example_dags/example_sensor_decorator.py
[2024-11-11T03:42:39.783+0000] {processor.py:914} INFO - Processing file /home/airflow/.local/lib/python3.12/site-packages/airflow/example_dags/example_sensor_decorator.py for tasks to queue
[2024-11-11T03:42:39.785+0000] {logging_mixin.py:190} INFO - [2024-11-11T03:42:39.785+0000] {dagbag.py:588} INFO - Filling up the DagBag from /home/airflow/.local/lib/python3.12/site-packages/airflow/example_dags/example_sensor_decorator.py
[2024-11-11T03:42:39.791+0000] {processor.py:925} INFO - DAG(s) 'example_sensor_decorator' retrieved from /home/airflow/.local/lib/python3.12/site-packages/airflow/example_dags/example_sensor_decorator.py
[2024-11-11T03:42:39.807+0000] {logging_mixin.py:190} INFO - [2024-11-11T03:42:39.807+0000] {dag.py:3239} INFO - Sync 1 DAGs
[2024-11-11T03:42:39.815+0000] {logging_mixin.py:190} INFO - [2024-11-11T03:42:39.815+0000] {dag.py:4180} INFO - Setting next_dagrun for example_sensor_decorator to None, run_after=None
[2024-11-11T03:42:39.824+0000] {processor.py:208} INFO - Processing /home/airflow/.local/lib/python3.12/site-packages/airflow/example_dags/example_sensor_decorator.py took 0.046 seconds
[2024-11-11T03:43:10.398+0000] {processor.py:186} INFO - Started process (PID=8348) to work on /home/airflow/.local/lib/python3.12/site-packages/airflow/example_dags/example_sensor_decorator.py
[2024-11-11T03:43:10.399+0000] {processor.py:914} INFO - Processing file /home/airflow/.local/lib/python3.12/site-packages/airflow/example_dags/example_sensor_decorator.py for tasks to queue
[2024-11-11T03:43:10.401+0000] {logging_mixin.py:190} INFO - [2024-11-11T03:43:10.401+0000] {dagbag.py:588} INFO - Filling up the DagBag from /home/airflow/.local/lib/python3.12/site-packages/airflow/example_dags/example_sensor_decorator.py
[2024-11-11T03:43:10.406+0000] {processor.py:925} INFO - DAG(s) 'example_sensor_decorator' retrieved from /home/airflow/.local/lib/python3.12/site-packages/airflow/example_dags/example_sensor_decorator.py
[2024-11-11T03:43:10.416+0000] {logging_mixin.py:190} INFO - [2024-11-11T03:43:10.416+0000] {dag.py:3239} INFO - Sync 1 DAGs
[2024-11-11T03:43:10.423+0000] {logging_mixin.py:190} INFO - [2024-11-11T03:43:10.423+0000] {dag.py:4180} INFO - Setting next_dagrun for example_sensor_decorator to None, run_after=None
[2024-11-11T03:43:10.432+0000] {processor.py:208} INFO - Processing /home/airflow/.local/lib/python3.12/site-packages/airflow/example_dags/example_sensor_decorator.py took 0.037 seconds
[2024-11-11T03:43:40.719+0000] {processor.py:186} INFO - Started process (PID=8410) to work on /home/airflow/.local/lib/python3.12/site-packages/airflow/example_dags/example_sensor_decorator.py
[2024-11-11T03:43:40.720+0000] {processor.py:914} INFO - Processing file /home/airflow/.local/lib/python3.12/site-packages/airflow/example_dags/example_sensor_decorator.py for tasks to queue
[2024-11-11T03:43:40.721+0000] {logging_mixin.py:190} INFO - [2024-11-11T03:43:40.721+0000] {dagbag.py:588} INFO - Filling up the DagBag from /home/airflow/.local/lib/python3.12/site-packages/airflow/example_dags/example_sensor_decorator.py
[2024-11-11T03:43:40.727+0000] {processor.py:925} INFO - DAG(s) 'example_sensor_decorator' retrieved from /home/airflow/.local/lib/python3.12/site-packages/airflow/example_dags/example_sensor_decorator.py
[2024-11-11T03:43:40.739+0000] {logging_mixin.py:190} INFO - [2024-11-11T03:43:40.739+0000] {dag.py:3239} INFO - Sync 1 DAGs
[2024-11-11T03:43:40.749+0000] {logging_mixin.py:190} INFO - [2024-11-11T03:43:40.749+0000] {dag.py:4180} INFO - Setting next_dagrun for example_sensor_decorator to None, run_after=None
[2024-11-11T03:43:40.757+0000] {processor.py:208} INFO - Processing /home/airflow/.local/lib/python3.12/site-packages/airflow/example_dags/example_sensor_decorator.py took 0.042 seconds
[2024-11-11T03:44:11.344+0000] {processor.py:186} INFO - Started process (PID=8472) to work on /home/airflow/.local/lib/python3.12/site-packages/airflow/example_dags/example_sensor_decorator.py
[2024-11-11T03:44:11.345+0000] {processor.py:914} INFO - Processing file /home/airflow/.local/lib/python3.12/site-packages/airflow/example_dags/example_sensor_decorator.py for tasks to queue
[2024-11-11T03:44:11.347+0000] {logging_mixin.py:190} INFO - [2024-11-11T03:44:11.346+0000] {dagbag.py:588} INFO - Filling up the DagBag from /home/airflow/.local/lib/python3.12/site-packages/airflow/example_dags/example_sensor_decorator.py
[2024-11-11T03:44:11.352+0000] {processor.py:925} INFO - DAG(s) 'example_sensor_decorator' retrieved from /home/airflow/.local/lib/python3.12/site-packages/airflow/example_dags/example_sensor_decorator.py
[2024-11-11T03:44:11.361+0000] {logging_mixin.py:190} INFO - [2024-11-11T03:44:11.361+0000] {dag.py:3239} INFO - Sync 1 DAGs
[2024-11-11T03:44:11.368+0000] {logging_mixin.py:190} INFO - [2024-11-11T03:44:11.368+0000] {dag.py:4180} INFO - Setting next_dagrun for example_sensor_decorator to None, run_after=None
[2024-11-11T03:44:11.376+0000] {processor.py:208} INFO - Processing /home/airflow/.local/lib/python3.12/site-packages/airflow/example_dags/example_sensor_decorator.py took 0.035 seconds
[2024-11-11T03:44:42.004+0000] {processor.py:186} INFO - Started process (PID=8535) to work on /home/airflow/.local/lib/python3.12/site-packages/airflow/example_dags/example_sensor_decorator.py
[2024-11-11T03:44:42.004+0000] {processor.py:914} INFO - Processing file /home/airflow/.local/lib/python3.12/site-packages/airflow/example_dags/example_sensor_decorator.py for tasks to queue
[2024-11-11T03:44:42.006+0000] {logging_mixin.py:190} INFO - [2024-11-11T03:44:42.005+0000] {dagbag.py:588} INFO - Filling up the DagBag from /home/airflow/.local/lib/python3.12/site-packages/airflow/example_dags/example_sensor_decorator.py
[2024-11-11T03:44:42.011+0000] {processor.py:925} INFO - DAG(s) 'example_sensor_decorator' retrieved from /home/airflow/.local/lib/python3.12/site-packages/airflow/example_dags/example_sensor_decorator.py
[2024-11-11T03:44:42.021+0000] {logging_mixin.py:190} INFO - [2024-11-11T03:44:42.021+0000] {dag.py:3239} INFO - Sync 1 DAGs
[2024-11-11T03:44:42.028+0000] {logging_mixin.py:190} INFO - [2024-11-11T03:44:42.028+0000] {dag.py:4180} INFO - Setting next_dagrun for example_sensor_decorator to None, run_after=None
[2024-11-11T03:44:42.037+0000] {processor.py:208} INFO - Processing /home/airflow/.local/lib/python3.12/site-packages/airflow/example_dags/example_sensor_decorator.py took 0.037 seconds
[2024-11-11T03:45:13.010+0000] {processor.py:186} INFO - Started process (PID=8599) to work on /home/airflow/.local/lib/python3.12/site-packages/airflow/example_dags/example_sensor_decorator.py
[2024-11-11T03:45:13.010+0000] {processor.py:914} INFO - Processing file /home/airflow/.local/lib/python3.12/site-packages/airflow/example_dags/example_sensor_decorator.py for tasks to queue
[2024-11-11T03:45:13.012+0000] {logging_mixin.py:190} INFO - [2024-11-11T03:45:13.012+0000] {dagbag.py:588} INFO - Filling up the DagBag from /home/airflow/.local/lib/python3.12/site-packages/airflow/example_dags/example_sensor_decorator.py
[2024-11-11T03:45:13.017+0000] {processor.py:925} INFO - DAG(s) 'example_sensor_decorator' retrieved from /home/airflow/.local/lib/python3.12/site-packages/airflow/example_dags/example_sensor_decorator.py
[2024-11-11T03:45:13.027+0000] {logging_mixin.py:190} INFO - [2024-11-11T03:45:13.027+0000] {dag.py:3239} INFO - Sync 1 DAGs
[2024-11-11T03:45:13.034+0000] {logging_mixin.py:190} INFO - [2024-11-11T03:45:13.034+0000] {dag.py:4180} INFO - Setting next_dagrun for example_sensor_decorator to None, run_after=None
[2024-11-11T03:45:13.042+0000] {processor.py:208} INFO - Processing /home/airflow/.local/lib/python3.12/site-packages/airflow/example_dags/example_sensor_decorator.py took 0.039 seconds
[2024-11-11T03:45:43.442+0000] {processor.py:186} INFO - Started process (PID=8662) to work on /home/airflow/.local/lib/python3.12/site-packages/airflow/example_dags/example_sensor_decorator.py
[2024-11-11T03:45:43.443+0000] {processor.py:914} INFO - Processing file /home/airflow/.local/lib/python3.12/site-packages/airflow/example_dags/example_sensor_decorator.py for tasks to queue
[2024-11-11T03:45:43.444+0000] {logging_mixin.py:190} INFO - [2024-11-11T03:45:43.444+0000] {dagbag.py:588} INFO - Filling up the DagBag from /home/airflow/.local/lib/python3.12/site-packages/airflow/example_dags/example_sensor_decorator.py
[2024-11-11T03:45:43.450+0000] {processor.py:925} INFO - DAG(s) 'example_sensor_decorator' retrieved from /home/airflow/.local/lib/python3.12/site-packages/airflow/example_dags/example_sensor_decorator.py
[2024-11-11T03:45:43.461+0000] {logging_mixin.py:190} INFO - [2024-11-11T03:45:43.461+0000] {dag.py:3239} INFO - Sync 1 DAGs
[2024-11-11T03:45:43.469+0000] {logging_mixin.py:190} INFO - [2024-11-11T03:45:43.469+0000] {dag.py:4180} INFO - Setting next_dagrun for example_sensor_decorator to None, run_after=None
[2024-11-11T03:45:43.479+0000] {processor.py:208} INFO - Processing /home/airflow/.local/lib/python3.12/site-packages/airflow/example_dags/example_sensor_decorator.py took 0.041 seconds
[2024-11-11T03:46:14.252+0000] {processor.py:186} INFO - Started process (PID=8725) to work on /home/airflow/.local/lib/python3.12/site-packages/airflow/example_dags/example_sensor_decorator.py
[2024-11-11T03:46:14.253+0000] {processor.py:914} INFO - Processing file /home/airflow/.local/lib/python3.12/site-packages/airflow/example_dags/example_sensor_decorator.py for tasks to queue
[2024-11-11T03:46:14.254+0000] {logging_mixin.py:190} INFO - [2024-11-11T03:46:14.254+0000] {dagbag.py:588} INFO - Filling up the DagBag from /home/airflow/.local/lib/python3.12/site-packages/airflow/example_dags/example_sensor_decorator.py
[2024-11-11T03:46:14.258+0000] {processor.py:925} INFO - DAG(s) 'example_sensor_decorator' retrieved from /home/airflow/.local/lib/python3.12/site-packages/airflow/example_dags/example_sensor_decorator.py
[2024-11-11T03:46:14.269+0000] {logging_mixin.py:190} INFO - [2024-11-11T03:46:14.268+0000] {dag.py:3239} INFO - Sync 1 DAGs
[2024-11-11T03:46:14.275+0000] {logging_mixin.py:190} INFO - [2024-11-11T03:46:14.275+0000] {dag.py:4180} INFO - Setting next_dagrun for example_sensor_decorator to None, run_after=None
[2024-11-11T03:46:14.284+0000] {processor.py:208} INFO - Processing /home/airflow/.local/lib/python3.12/site-packages/airflow/example_dags/example_sensor_decorator.py took 0.035 seconds
[2024-11-11T03:46:44.646+0000] {processor.py:186} INFO - Started process (PID=8788) to work on /home/airflow/.local/lib/python3.12/site-packages/airflow/example_dags/example_sensor_decorator.py
[2024-11-11T03:46:44.646+0000] {processor.py:914} INFO - Processing file /home/airflow/.local/lib/python3.12/site-packages/airflow/example_dags/example_sensor_decorator.py for tasks to queue
[2024-11-11T03:46:44.648+0000] {logging_mixin.py:190} INFO - [2024-11-11T03:46:44.648+0000] {dagbag.py:588} INFO - Filling up the DagBag from /home/airflow/.local/lib/python3.12/site-packages/airflow/example_dags/example_sensor_decorator.py
[2024-11-11T03:46:44.653+0000] {processor.py:925} INFO - DAG(s) 'example_sensor_decorator' retrieved from /home/airflow/.local/lib/python3.12/site-packages/airflow/example_dags/example_sensor_decorator.py
[2024-11-11T03:46:44.663+0000] {logging_mixin.py:190} INFO - [2024-11-11T03:46:44.663+0000] {dag.py:3239} INFO - Sync 1 DAGs
[2024-11-11T03:46:44.670+0000] {logging_mixin.py:190} INFO - [2024-11-11T03:46:44.669+0000] {dag.py:4180} INFO - Setting next_dagrun for example_sensor_decorator to None, run_after=None
[2024-11-11T03:46:44.679+0000] {processor.py:208} INFO - Processing /home/airflow/.local/lib/python3.12/site-packages/airflow/example_dags/example_sensor_decorator.py took 0.036 seconds
[2024-11-11T03:47:15.146+0000] {processor.py:186} INFO - Started process (PID=8850) to work on /home/airflow/.local/lib/python3.12/site-packages/airflow/example_dags/example_sensor_decorator.py
[2024-11-11T03:47:15.146+0000] {processor.py:914} INFO - Processing file /home/airflow/.local/lib/python3.12/site-packages/airflow/example_dags/example_sensor_decorator.py for tasks to queue
[2024-11-11T03:47:15.148+0000] {logging_mixin.py:190} INFO - [2024-11-11T03:47:15.148+0000] {dagbag.py:588} INFO - Filling up the DagBag from /home/airflow/.local/lib/python3.12/site-packages/airflow/example_dags/example_sensor_decorator.py
[2024-11-11T03:47:15.153+0000] {processor.py:925} INFO - DAG(s) 'example_sensor_decorator' retrieved from /home/airflow/.local/lib/python3.12/site-packages/airflow/example_dags/example_sensor_decorator.py
[2024-11-11T03:47:15.163+0000] {logging_mixin.py:190} INFO - [2024-11-11T03:47:15.163+0000] {dag.py:3239} INFO - Sync 1 DAGs
[2024-11-11T03:47:15.170+0000] {logging_mixin.py:190} INFO - [2024-11-11T03:47:15.170+0000] {dag.py:4180} INFO - Setting next_dagrun for example_sensor_decorator to None, run_after=None
[2024-11-11T03:47:15.179+0000] {processor.py:208} INFO - Processing /home/airflow/.local/lib/python3.12/site-packages/airflow/example_dags/example_sensor_decorator.py took 0.037 seconds
[2024-11-11T03:47:45.685+0000] {processor.py:186} INFO - Started process (PID=8913) to work on /home/airflow/.local/lib/python3.12/site-packages/airflow/example_dags/example_sensor_decorator.py
[2024-11-11T03:47:45.685+0000] {processor.py:914} INFO - Processing file /home/airflow/.local/lib/python3.12/site-packages/airflow/example_dags/example_sensor_decorator.py for tasks to queue
[2024-11-11T03:47:45.687+0000] {logging_mixin.py:190} INFO - [2024-11-11T03:47:45.687+0000] {dagbag.py:588} INFO - Filling up the DagBag from /home/airflow/.local/lib/python3.12/site-packages/airflow/example_dags/example_sensor_decorator.py
[2024-11-11T03:47:45.692+0000] {processor.py:925} INFO - DAG(s) 'example_sensor_decorator' retrieved from /home/airflow/.local/lib/python3.12/site-packages/airflow/example_dags/example_sensor_decorator.py
[2024-11-11T03:47:45.703+0000] {logging_mixin.py:190} INFO - [2024-11-11T03:47:45.703+0000] {dag.py:3239} INFO - Sync 1 DAGs
[2024-11-11T03:47:45.710+0000] {logging_mixin.py:190} INFO - [2024-11-11T03:47:45.709+0000] {dag.py:4180} INFO - Setting next_dagrun for example_sensor_decorator to None, run_after=None
[2024-11-11T03:47:45.718+0000] {processor.py:208} INFO - Processing /home/airflow/.local/lib/python3.12/site-packages/airflow/example_dags/example_sensor_decorator.py took 0.037 seconds
[2024-11-11T03:48:16.622+0000] {processor.py:186} INFO - Started process (PID=8978) to work on /home/airflow/.local/lib/python3.12/site-packages/airflow/example_dags/example_sensor_decorator.py
[2024-11-11T03:48:16.623+0000] {processor.py:914} INFO - Processing file /home/airflow/.local/lib/python3.12/site-packages/airflow/example_dags/example_sensor_decorator.py for tasks to queue
[2024-11-11T03:48:16.624+0000] {logging_mixin.py:190} INFO - [2024-11-11T03:48:16.624+0000] {dagbag.py:588} INFO - Filling up the DagBag from /home/airflow/.local/lib/python3.12/site-packages/airflow/example_dags/example_sensor_decorator.py
[2024-11-11T03:48:16.629+0000] {processor.py:925} INFO - DAG(s) 'example_sensor_decorator' retrieved from /home/airflow/.local/lib/python3.12/site-packages/airflow/example_dags/example_sensor_decorator.py
[2024-11-11T03:48:16.639+0000] {logging_mixin.py:190} INFO - [2024-11-11T03:48:16.639+0000] {dag.py:3239} INFO - Sync 1 DAGs
[2024-11-11T03:48:16.646+0000] {logging_mixin.py:190} INFO - [2024-11-11T03:48:16.646+0000] {dag.py:4180} INFO - Setting next_dagrun for example_sensor_decorator to None, run_after=None
[2024-11-11T03:48:16.654+0000] {processor.py:208} INFO - Processing /home/airflow/.local/lib/python3.12/site-packages/airflow/example_dags/example_sensor_decorator.py took 0.035 seconds
[2024-11-11T03:48:47.420+0000] {processor.py:186} INFO - Started process (PID=9041) to work on /home/airflow/.local/lib/python3.12/site-packages/airflow/example_dags/example_sensor_decorator.py
[2024-11-11T03:48:47.421+0000] {processor.py:914} INFO - Processing file /home/airflow/.local/lib/python3.12/site-packages/airflow/example_dags/example_sensor_decorator.py for tasks to queue
[2024-11-11T03:48:47.422+0000] {logging_mixin.py:190} INFO - [2024-11-11T03:48:47.422+0000] {dagbag.py:588} INFO - Filling up the DagBag from /home/airflow/.local/lib/python3.12/site-packages/airflow/example_dags/example_sensor_decorator.py
[2024-11-11T03:48:47.427+0000] {processor.py:925} INFO - DAG(s) 'example_sensor_decorator' retrieved from /home/airflow/.local/lib/python3.12/site-packages/airflow/example_dags/example_sensor_decorator.py
[2024-11-11T03:48:47.437+0000] {logging_mixin.py:190} INFO - [2024-11-11T03:48:47.437+0000] {dag.py:3239} INFO - Sync 1 DAGs
[2024-11-11T03:48:47.444+0000] {logging_mixin.py:190} INFO - [2024-11-11T03:48:47.444+0000] {dag.py:4180} INFO - Setting next_dagrun for example_sensor_decorator to None, run_after=None
[2024-11-11T03:48:47.452+0000] {processor.py:208} INFO - Processing /home/airflow/.local/lib/python3.12/site-packages/airflow/example_dags/example_sensor_decorator.py took 0.035 seconds
[2024-11-11T03:49:18.090+0000] {processor.py:186} INFO - Started process (PID=9104) to work on /home/airflow/.local/lib/python3.12/site-packages/airflow/example_dags/example_sensor_decorator.py
[2024-11-11T03:49:18.090+0000] {processor.py:914} INFO - Processing file /home/airflow/.local/lib/python3.12/site-packages/airflow/example_dags/example_sensor_decorator.py for tasks to queue
[2024-11-11T03:49:18.092+0000] {logging_mixin.py:190} INFO - [2024-11-11T03:49:18.092+0000] {dagbag.py:588} INFO - Filling up the DagBag from /home/airflow/.local/lib/python3.12/site-packages/airflow/example_dags/example_sensor_decorator.py
[2024-11-11T03:49:18.097+0000] {processor.py:925} INFO - DAG(s) 'example_sensor_decorator' retrieved from /home/airflow/.local/lib/python3.12/site-packages/airflow/example_dags/example_sensor_decorator.py
[2024-11-11T03:49:18.107+0000] {logging_mixin.py:190} INFO - [2024-11-11T03:49:18.107+0000] {dag.py:3239} INFO - Sync 1 DAGs
[2024-11-11T03:49:18.114+0000] {logging_mixin.py:190} INFO - [2024-11-11T03:49:18.113+0000] {dag.py:4180} INFO - Setting next_dagrun for example_sensor_decorator to None, run_after=None
[2024-11-11T03:49:18.122+0000] {processor.py:208} INFO - Processing /home/airflow/.local/lib/python3.12/site-packages/airflow/example_dags/example_sensor_decorator.py took 0.036 seconds
[2024-11-11T03:59:43.673+0000] {processor.py:186} INFO - Started process (PID=9167) to work on /home/airflow/.local/lib/python3.12/site-packages/airflow/example_dags/example_sensor_decorator.py
[2024-11-11T03:59:43.674+0000] {processor.py:914} INFO - Processing file /home/airflow/.local/lib/python3.12/site-packages/airflow/example_dags/example_sensor_decorator.py for tasks to queue
[2024-11-11T03:59:43.676+0000] {logging_mixin.py:190} INFO - [2024-11-11T03:59:43.675+0000] {dagbag.py:588} INFO - Filling up the DagBag from /home/airflow/.local/lib/python3.12/site-packages/airflow/example_dags/example_sensor_decorator.py
[2024-11-11T03:59:43.681+0000] {processor.py:925} INFO - DAG(s) 'example_sensor_decorator' retrieved from /home/airflow/.local/lib/python3.12/site-packages/airflow/example_dags/example_sensor_decorator.py
[2024-11-11T03:59:43.691+0000] {logging_mixin.py:190} INFO - [2024-11-11T03:59:43.691+0000] {dag.py:3239} INFO - Sync 1 DAGs
[2024-11-11T03:59:43.697+0000] {logging_mixin.py:190} INFO - [2024-11-11T03:59:43.697+0000] {dag.py:4180} INFO - Setting next_dagrun for example_sensor_decorator to None, run_after=None
[2024-11-11T03:59:43.706+0000] {processor.py:208} INFO - Processing /home/airflow/.local/lib/python3.12/site-packages/airflow/example_dags/example_sensor_decorator.py took 0.036 seconds
[2024-11-11T04:00:14.382+0000] {processor.py:186} INFO - Started process (PID=9230) to work on /home/airflow/.local/lib/python3.12/site-packages/airflow/example_dags/example_sensor_decorator.py
[2024-11-11T04:00:14.383+0000] {processor.py:914} INFO - Processing file /home/airflow/.local/lib/python3.12/site-packages/airflow/example_dags/example_sensor_decorator.py for tasks to queue
[2024-11-11T04:00:14.384+0000] {logging_mixin.py:190} INFO - [2024-11-11T04:00:14.384+0000] {dagbag.py:588} INFO - Filling up the DagBag from /home/airflow/.local/lib/python3.12/site-packages/airflow/example_dags/example_sensor_decorator.py
[2024-11-11T04:00:14.389+0000] {processor.py:925} INFO - DAG(s) 'example_sensor_decorator' retrieved from /home/airflow/.local/lib/python3.12/site-packages/airflow/example_dags/example_sensor_decorator.py
[2024-11-11T04:00:14.400+0000] {logging_mixin.py:190} INFO - [2024-11-11T04:00:14.400+0000] {dag.py:3239} INFO - Sync 1 DAGs
[2024-11-11T04:00:14.407+0000] {logging_mixin.py:190} INFO - [2024-11-11T04:00:14.406+0000] {dag.py:4180} INFO - Setting next_dagrun for example_sensor_decorator to None, run_after=None
[2024-11-11T04:00:14.415+0000] {processor.py:208} INFO - Processing /home/airflow/.local/lib/python3.12/site-packages/airflow/example_dags/example_sensor_decorator.py took 0.036 seconds
[2024-11-11T04:00:45.166+0000] {processor.py:186} INFO - Started process (PID=9293) to work on /home/airflow/.local/lib/python3.12/site-packages/airflow/example_dags/example_sensor_decorator.py
[2024-11-11T04:00:45.167+0000] {processor.py:914} INFO - Processing file /home/airflow/.local/lib/python3.12/site-packages/airflow/example_dags/example_sensor_decorator.py for tasks to queue
[2024-11-11T04:00:45.168+0000] {logging_mixin.py:190} INFO - [2024-11-11T04:00:45.168+0000] {dagbag.py:588} INFO - Filling up the DagBag from /home/airflow/.local/lib/python3.12/site-packages/airflow/example_dags/example_sensor_decorator.py
[2024-11-11T04:00:45.173+0000] {processor.py:925} INFO - DAG(s) 'example_sensor_decorator' retrieved from /home/airflow/.local/lib/python3.12/site-packages/airflow/example_dags/example_sensor_decorator.py
[2024-11-11T04:00:45.184+0000] {logging_mixin.py:190} INFO - [2024-11-11T04:00:45.184+0000] {dag.py:3239} INFO - Sync 1 DAGs
[2024-11-11T04:00:45.191+0000] {logging_mixin.py:190} INFO - [2024-11-11T04:00:45.190+0000] {dag.py:4180} INFO - Setting next_dagrun for example_sensor_decorator to None, run_after=None
[2024-11-11T04:00:45.199+0000] {processor.py:208} INFO - Processing /home/airflow/.local/lib/python3.12/site-packages/airflow/example_dags/example_sensor_decorator.py took 0.036 seconds
[2024-11-11T04:01:15.874+0000] {processor.py:186} INFO - Started process (PID=9356) to work on /home/airflow/.local/lib/python3.12/site-packages/airflow/example_dags/example_sensor_decorator.py
[2024-11-11T04:01:15.875+0000] {processor.py:914} INFO - Processing file /home/airflow/.local/lib/python3.12/site-packages/airflow/example_dags/example_sensor_decorator.py for tasks to queue
[2024-11-11T04:01:15.877+0000] {logging_mixin.py:190} INFO - [2024-11-11T04:01:15.877+0000] {dagbag.py:588} INFO - Filling up the DagBag from /home/airflow/.local/lib/python3.12/site-packages/airflow/example_dags/example_sensor_decorator.py
[2024-11-11T04:01:15.884+0000] {processor.py:925} INFO - DAG(s) 'example_sensor_decorator' retrieved from /home/airflow/.local/lib/python3.12/site-packages/airflow/example_dags/example_sensor_decorator.py
[2024-11-11T04:01:15.899+0000] {logging_mixin.py:190} INFO - [2024-11-11T04:01:15.899+0000] {dag.py:3239} INFO - Sync 1 DAGs
[2024-11-11T04:01:15.908+0000] {logging_mixin.py:190} INFO - [2024-11-11T04:01:15.908+0000] {dag.py:4180} INFO - Setting next_dagrun for example_sensor_decorator to None, run_after=None
[2024-11-11T04:01:15.922+0000] {processor.py:208} INFO - Processing /home/airflow/.local/lib/python3.12/site-packages/airflow/example_dags/example_sensor_decorator.py took 0.053 seconds
[2024-11-11T04:01:46.756+0000] {processor.py:186} INFO - Started process (PID=9419) to work on /home/airflow/.local/lib/python3.12/site-packages/airflow/example_dags/example_sensor_decorator.py
[2024-11-11T04:01:46.757+0000] {processor.py:914} INFO - Processing file /home/airflow/.local/lib/python3.12/site-packages/airflow/example_dags/example_sensor_decorator.py for tasks to queue
[2024-11-11T04:01:46.758+0000] {logging_mixin.py:190} INFO - [2024-11-11T04:01:46.758+0000] {dagbag.py:588} INFO - Filling up the DagBag from /home/airflow/.local/lib/python3.12/site-packages/airflow/example_dags/example_sensor_decorator.py
[2024-11-11T04:01:46.763+0000] {processor.py:925} INFO - DAG(s) 'example_sensor_decorator' retrieved from /home/airflow/.local/lib/python3.12/site-packages/airflow/example_dags/example_sensor_decorator.py
[2024-11-11T04:01:46.775+0000] {logging_mixin.py:190} INFO - [2024-11-11T04:01:46.775+0000] {dag.py:3239} INFO - Sync 1 DAGs
[2024-11-11T04:01:46.782+0000] {logging_mixin.py:190} INFO - [2024-11-11T04:01:46.782+0000] {dag.py:4180} INFO - Setting next_dagrun for example_sensor_decorator to None, run_after=None
[2024-11-11T04:01:46.791+0000] {processor.py:208} INFO - Processing /home/airflow/.local/lib/python3.12/site-packages/airflow/example_dags/example_sensor_decorator.py took 0.038 seconds
[2024-11-11T04:02:17.547+0000] {processor.py:186} INFO - Started process (PID=9482) to work on /home/airflow/.local/lib/python3.12/site-packages/airflow/example_dags/example_sensor_decorator.py
[2024-11-11T04:02:17.548+0000] {processor.py:914} INFO - Processing file /home/airflow/.local/lib/python3.12/site-packages/airflow/example_dags/example_sensor_decorator.py for tasks to queue
[2024-11-11T04:02:17.550+0000] {logging_mixin.py:190} INFO - [2024-11-11T04:02:17.550+0000] {dagbag.py:588} INFO - Filling up the DagBag from /home/airflow/.local/lib/python3.12/site-packages/airflow/example_dags/example_sensor_decorator.py
[2024-11-11T04:02:17.555+0000] {processor.py:925} INFO - DAG(s) 'example_sensor_decorator' retrieved from /home/airflow/.local/lib/python3.12/site-packages/airflow/example_dags/example_sensor_decorator.py
[2024-11-11T04:02:17.566+0000] {logging_mixin.py:190} INFO - [2024-11-11T04:02:17.565+0000] {dag.py:3239} INFO - Sync 1 DAGs
[2024-11-11T04:02:17.573+0000] {logging_mixin.py:190} INFO - [2024-11-11T04:02:17.573+0000] {dag.py:4180} INFO - Setting next_dagrun for example_sensor_decorator to None, run_after=None
[2024-11-11T04:02:17.582+0000] {processor.py:208} INFO - Processing /home/airflow/.local/lib/python3.12/site-packages/airflow/example_dags/example_sensor_decorator.py took 0.038 seconds
[2024-11-11T04:02:48.236+0000] {processor.py:186} INFO - Started process (PID=9545) to work on /home/airflow/.local/lib/python3.12/site-packages/airflow/example_dags/example_sensor_decorator.py
[2024-11-11T04:02:48.237+0000] {processor.py:914} INFO - Processing file /home/airflow/.local/lib/python3.12/site-packages/airflow/example_dags/example_sensor_decorator.py for tasks to queue
[2024-11-11T04:02:48.238+0000] {logging_mixin.py:190} INFO - [2024-11-11T04:02:48.238+0000] {dagbag.py:588} INFO - Filling up the DagBag from /home/airflow/.local/lib/python3.12/site-packages/airflow/example_dags/example_sensor_decorator.py
[2024-11-11T04:02:48.243+0000] {processor.py:925} INFO - DAG(s) 'example_sensor_decorator' retrieved from /home/airflow/.local/lib/python3.12/site-packages/airflow/example_dags/example_sensor_decorator.py
[2024-11-11T04:02:48.253+0000] {logging_mixin.py:190} INFO - [2024-11-11T04:02:48.253+0000] {dag.py:3239} INFO - Sync 1 DAGs
[2024-11-11T04:02:48.261+0000] {logging_mixin.py:190} INFO - [2024-11-11T04:02:48.261+0000] {dag.py:4180} INFO - Setting next_dagrun for example_sensor_decorator to None, run_after=None
[2024-11-11T04:02:48.270+0000] {processor.py:208} INFO - Processing /home/airflow/.local/lib/python3.12/site-packages/airflow/example_dags/example_sensor_decorator.py took 0.037 seconds
[2024-11-11T04:03:19.001+0000] {processor.py:186} INFO - Started process (PID=9608) to work on /home/airflow/.local/lib/python3.12/site-packages/airflow/example_dags/example_sensor_decorator.py
[2024-11-11T04:03:19.001+0000] {processor.py:914} INFO - Processing file /home/airflow/.local/lib/python3.12/site-packages/airflow/example_dags/example_sensor_decorator.py for tasks to queue
[2024-11-11T04:03:19.003+0000] {logging_mixin.py:190} INFO - [2024-11-11T04:03:19.003+0000] {dagbag.py:588} INFO - Filling up the DagBag from /home/airflow/.local/lib/python3.12/site-packages/airflow/example_dags/example_sensor_decorator.py
[2024-11-11T04:03:19.008+0000] {processor.py:925} INFO - DAG(s) 'example_sensor_decorator' retrieved from /home/airflow/.local/lib/python3.12/site-packages/airflow/example_dags/example_sensor_decorator.py
[2024-11-11T04:03:19.019+0000] {logging_mixin.py:190} INFO - [2024-11-11T04:03:19.018+0000] {dag.py:3239} INFO - Sync 1 DAGs
[2024-11-11T04:03:19.025+0000] {logging_mixin.py:190} INFO - [2024-11-11T04:03:19.025+0000] {dag.py:4180} INFO - Setting next_dagrun for example_sensor_decorator to None, run_after=None
[2024-11-11T04:03:19.034+0000] {processor.py:208} INFO - Processing /home/airflow/.local/lib/python3.12/site-packages/airflow/example_dags/example_sensor_decorator.py took 0.037 seconds
[2024-11-11T04:03:49.814+0000] {processor.py:186} INFO - Started process (PID=9671) to work on /home/airflow/.local/lib/python3.12/site-packages/airflow/example_dags/example_sensor_decorator.py
[2024-11-11T04:03:49.814+0000] {processor.py:914} INFO - Processing file /home/airflow/.local/lib/python3.12/site-packages/airflow/example_dags/example_sensor_decorator.py for tasks to queue
[2024-11-11T04:03:49.816+0000] {logging_mixin.py:190} INFO - [2024-11-11T04:03:49.815+0000] {dagbag.py:588} INFO - Filling up the DagBag from /home/airflow/.local/lib/python3.12/site-packages/airflow/example_dags/example_sensor_decorator.py
[2024-11-11T04:03:49.821+0000] {processor.py:925} INFO - DAG(s) 'example_sensor_decorator' retrieved from /home/airflow/.local/lib/python3.12/site-packages/airflow/example_dags/example_sensor_decorator.py
[2024-11-11T04:03:49.831+0000] {logging_mixin.py:190} INFO - [2024-11-11T04:03:49.831+0000] {dag.py:3239} INFO - Sync 1 DAGs
[2024-11-11T04:03:49.838+0000] {logging_mixin.py:190} INFO - [2024-11-11T04:03:49.838+0000] {dag.py:4180} INFO - Setting next_dagrun for example_sensor_decorator to None, run_after=None
[2024-11-11T04:03:49.846+0000] {processor.py:208} INFO - Processing /home/airflow/.local/lib/python3.12/site-packages/airflow/example_dags/example_sensor_decorator.py took 0.036 seconds
[2024-11-11T04:04:20.821+0000] {processor.py:186} INFO - Started process (PID=9734) to work on /home/airflow/.local/lib/python3.12/site-packages/airflow/example_dags/example_sensor_decorator.py
[2024-11-11T04:04:20.822+0000] {processor.py:914} INFO - Processing file /home/airflow/.local/lib/python3.12/site-packages/airflow/example_dags/example_sensor_decorator.py for tasks to queue
[2024-11-11T04:04:20.823+0000] {logging_mixin.py:190} INFO - [2024-11-11T04:04:20.823+0000] {dagbag.py:588} INFO - Filling up the DagBag from /home/airflow/.local/lib/python3.12/site-packages/airflow/example_dags/example_sensor_decorator.py
[2024-11-11T04:04:20.828+0000] {processor.py:925} INFO - DAG(s) 'example_sensor_decorator' retrieved from /home/airflow/.local/lib/python3.12/site-packages/airflow/example_dags/example_sensor_decorator.py
[2024-11-11T04:04:20.839+0000] {logging_mixin.py:190} INFO - [2024-11-11T04:04:20.838+0000] {dag.py:3239} INFO - Sync 1 DAGs
[2024-11-11T04:04:20.846+0000] {logging_mixin.py:190} INFO - [2024-11-11T04:04:20.846+0000] {dag.py:4180} INFO - Setting next_dagrun for example_sensor_decorator to None, run_after=None
[2024-11-11T04:04:20.857+0000] {processor.py:208} INFO - Processing /home/airflow/.local/lib/python3.12/site-packages/airflow/example_dags/example_sensor_decorator.py took 0.039 seconds
[2024-11-11T04:04:51.790+0000] {processor.py:186} INFO - Started process (PID=9797) to work on /home/airflow/.local/lib/python3.12/site-packages/airflow/example_dags/example_sensor_decorator.py
[2024-11-11T04:04:51.791+0000] {processor.py:914} INFO - Processing file /home/airflow/.local/lib/python3.12/site-packages/airflow/example_dags/example_sensor_decorator.py for tasks to queue
[2024-11-11T04:04:51.792+0000] {logging_mixin.py:190} INFO - [2024-11-11T04:04:51.792+0000] {dagbag.py:588} INFO - Filling up the DagBag from /home/airflow/.local/lib/python3.12/site-packages/airflow/example_dags/example_sensor_decorator.py
[2024-11-11T04:04:51.797+0000] {processor.py:925} INFO - DAG(s) 'example_sensor_decorator' retrieved from /home/airflow/.local/lib/python3.12/site-packages/airflow/example_dags/example_sensor_decorator.py
[2024-11-11T04:04:51.808+0000] {logging_mixin.py:190} INFO - [2024-11-11T04:04:51.808+0000] {dag.py:3239} INFO - Sync 1 DAGs
[2024-11-11T04:04:51.815+0000] {logging_mixin.py:190} INFO - [2024-11-11T04:04:51.815+0000] {dag.py:4180} INFO - Setting next_dagrun for example_sensor_decorator to None, run_after=None
[2024-11-11T04:04:51.824+0000] {processor.py:208} INFO - Processing /home/airflow/.local/lib/python3.12/site-packages/airflow/example_dags/example_sensor_decorator.py took 0.037 seconds
[2024-11-11T04:05:22.396+0000] {processor.py:186} INFO - Started process (PID=9860) to work on /home/airflow/.local/lib/python3.12/site-packages/airflow/example_dags/example_sensor_decorator.py
[2024-11-11T04:05:22.397+0000] {processor.py:914} INFO - Processing file /home/airflow/.local/lib/python3.12/site-packages/airflow/example_dags/example_sensor_decorator.py for tasks to queue
[2024-11-11T04:05:22.399+0000] {logging_mixin.py:190} INFO - [2024-11-11T04:05:22.399+0000] {dagbag.py:588} INFO - Filling up the DagBag from /home/airflow/.local/lib/python3.12/site-packages/airflow/example_dags/example_sensor_decorator.py
[2024-11-11T04:05:22.405+0000] {processor.py:925} INFO - DAG(s) 'example_sensor_decorator' retrieved from /home/airflow/.local/lib/python3.12/site-packages/airflow/example_dags/example_sensor_decorator.py
[2024-11-11T04:05:22.422+0000] {logging_mixin.py:190} INFO - [2024-11-11T04:05:22.422+0000] {dag.py:3239} INFO - Sync 1 DAGs
[2024-11-11T04:05:22.432+0000] {logging_mixin.py:190} INFO - [2024-11-11T04:05:22.432+0000] {dag.py:4180} INFO - Setting next_dagrun for example_sensor_decorator to None, run_after=None
[2024-11-11T04:05:22.441+0000] {processor.py:208} INFO - Processing /home/airflow/.local/lib/python3.12/site-packages/airflow/example_dags/example_sensor_decorator.py took 0.051 seconds
[2024-11-11T04:05:53.088+0000] {processor.py:186} INFO - Started process (PID=9923) to work on /home/airflow/.local/lib/python3.12/site-packages/airflow/example_dags/example_sensor_decorator.py
[2024-11-11T04:05:53.089+0000] {processor.py:914} INFO - Processing file /home/airflow/.local/lib/python3.12/site-packages/airflow/example_dags/example_sensor_decorator.py for tasks to queue
[2024-11-11T04:05:53.090+0000] {logging_mixin.py:190} INFO - [2024-11-11T04:05:53.090+0000] {dagbag.py:588} INFO - Filling up the DagBag from /home/airflow/.local/lib/python3.12/site-packages/airflow/example_dags/example_sensor_decorator.py
[2024-11-11T04:05:53.095+0000] {processor.py:925} INFO - DAG(s) 'example_sensor_decorator' retrieved from /home/airflow/.local/lib/python3.12/site-packages/airflow/example_dags/example_sensor_decorator.py
[2024-11-11T04:05:53.106+0000] {logging_mixin.py:190} INFO - [2024-11-11T04:05:53.106+0000] {dag.py:3239} INFO - Sync 1 DAGs
[2024-11-11T04:05:53.113+0000] {logging_mixin.py:190} INFO - [2024-11-11T04:05:53.112+0000] {dag.py:4180} INFO - Setting next_dagrun for example_sensor_decorator to None, run_after=None
[2024-11-11T04:05:53.121+0000] {processor.py:208} INFO - Processing /home/airflow/.local/lib/python3.12/site-packages/airflow/example_dags/example_sensor_decorator.py took 0.036 seconds
[2024-11-11T04:06:23.875+0000] {processor.py:186} INFO - Started process (PID=9986) to work on /home/airflow/.local/lib/python3.12/site-packages/airflow/example_dags/example_sensor_decorator.py
[2024-11-11T04:06:23.875+0000] {processor.py:914} INFO - Processing file /home/airflow/.local/lib/python3.12/site-packages/airflow/example_dags/example_sensor_decorator.py for tasks to queue
[2024-11-11T04:06:23.877+0000] {logging_mixin.py:190} INFO - [2024-11-11T04:06:23.877+0000] {dagbag.py:588} INFO - Filling up the DagBag from /home/airflow/.local/lib/python3.12/site-packages/airflow/example_dags/example_sensor_decorator.py
[2024-11-11T04:06:23.883+0000] {processor.py:925} INFO - DAG(s) 'example_sensor_decorator' retrieved from /home/airflow/.local/lib/python3.12/site-packages/airflow/example_dags/example_sensor_decorator.py
[2024-11-11T04:06:23.894+0000] {logging_mixin.py:190} INFO - [2024-11-11T04:06:23.893+0000] {dag.py:3239} INFO - Sync 1 DAGs
[2024-11-11T04:06:23.901+0000] {logging_mixin.py:190} INFO - [2024-11-11T04:06:23.901+0000] {dag.py:4180} INFO - Setting next_dagrun for example_sensor_decorator to None, run_after=None
[2024-11-11T04:06:23.911+0000] {processor.py:208} INFO - Processing /home/airflow/.local/lib/python3.12/site-packages/airflow/example_dags/example_sensor_decorator.py took 0.040 seconds
[2024-11-11T04:06:54.709+0000] {processor.py:186} INFO - Started process (PID=10049) to work on /home/airflow/.local/lib/python3.12/site-packages/airflow/example_dags/example_sensor_decorator.py
[2024-11-11T04:06:54.709+0000] {processor.py:914} INFO - Processing file /home/airflow/.local/lib/python3.12/site-packages/airflow/example_dags/example_sensor_decorator.py for tasks to queue
[2024-11-11T04:06:54.711+0000] {logging_mixin.py:190} INFO - [2024-11-11T04:06:54.711+0000] {dagbag.py:588} INFO - Filling up the DagBag from /home/airflow/.local/lib/python3.12/site-packages/airflow/example_dags/example_sensor_decorator.py
[2024-11-11T04:06:54.717+0000] {processor.py:925} INFO - DAG(s) 'example_sensor_decorator' retrieved from /home/airflow/.local/lib/python3.12/site-packages/airflow/example_dags/example_sensor_decorator.py
[2024-11-11T04:06:54.730+0000] {logging_mixin.py:190} INFO - [2024-11-11T04:06:54.729+0000] {dag.py:3239} INFO - Sync 1 DAGs
[2024-11-11T04:06:54.738+0000] {logging_mixin.py:190} INFO - [2024-11-11T04:06:54.737+0000] {dag.py:4180} INFO - Setting next_dagrun for example_sensor_decorator to None, run_after=None
[2024-11-11T04:06:54.748+0000] {processor.py:208} INFO - Processing /home/airflow/.local/lib/python3.12/site-packages/airflow/example_dags/example_sensor_decorator.py took 0.043 seconds
[2024-11-11T04:07:25.542+0000] {processor.py:186} INFO - Started process (PID=10112) to work on /home/airflow/.local/lib/python3.12/site-packages/airflow/example_dags/example_sensor_decorator.py
[2024-11-11T04:07:25.543+0000] {processor.py:914} INFO - Processing file /home/airflow/.local/lib/python3.12/site-packages/airflow/example_dags/example_sensor_decorator.py for tasks to queue
[2024-11-11T04:07:25.545+0000] {logging_mixin.py:190} INFO - [2024-11-11T04:07:25.545+0000] {dagbag.py:588} INFO - Filling up the DagBag from /home/airflow/.local/lib/python3.12/site-packages/airflow/example_dags/example_sensor_decorator.py
[2024-11-11T04:07:25.550+0000] {processor.py:925} INFO - DAG(s) 'example_sensor_decorator' retrieved from /home/airflow/.local/lib/python3.12/site-packages/airflow/example_dags/example_sensor_decorator.py
[2024-11-11T04:07:25.561+0000] {logging_mixin.py:190} INFO - [2024-11-11T04:07:25.561+0000] {dag.py:3239} INFO - Sync 1 DAGs
[2024-11-11T04:07:25.568+0000] {logging_mixin.py:190} INFO - [2024-11-11T04:07:25.568+0000] {dag.py:4180} INFO - Setting next_dagrun for example_sensor_decorator to None, run_after=None
[2024-11-11T04:07:25.577+0000] {processor.py:208} INFO - Processing /home/airflow/.local/lib/python3.12/site-packages/airflow/example_dags/example_sensor_decorator.py took 0.038 seconds
[2024-11-11T04:07:56.278+0000] {processor.py:186} INFO - Started process (PID=10175) to work on /home/airflow/.local/lib/python3.12/site-packages/airflow/example_dags/example_sensor_decorator.py
[2024-11-11T04:07:56.279+0000] {processor.py:914} INFO - Processing file /home/airflow/.local/lib/python3.12/site-packages/airflow/example_dags/example_sensor_decorator.py for tasks to queue
[2024-11-11T04:07:56.281+0000] {logging_mixin.py:190} INFO - [2024-11-11T04:07:56.280+0000] {dagbag.py:588} INFO - Filling up the DagBag from /home/airflow/.local/lib/python3.12/site-packages/airflow/example_dags/example_sensor_decorator.py
[2024-11-11T04:07:56.286+0000] {processor.py:925} INFO - DAG(s) 'example_sensor_decorator' retrieved from /home/airflow/.local/lib/python3.12/site-packages/airflow/example_dags/example_sensor_decorator.py
[2024-11-11T04:07:56.296+0000] {logging_mixin.py:190} INFO - [2024-11-11T04:07:56.296+0000] {dag.py:3239} INFO - Sync 1 DAGs
[2024-11-11T04:07:56.304+0000] {logging_mixin.py:190} INFO - [2024-11-11T04:07:56.304+0000] {dag.py:4180} INFO - Setting next_dagrun for example_sensor_decorator to None, run_after=None
[2024-11-11T04:07:56.313+0000] {processor.py:208} INFO - Processing /home/airflow/.local/lib/python3.12/site-packages/airflow/example_dags/example_sensor_decorator.py took 0.038 seconds
[2024-11-11T04:08:27.100+0000] {processor.py:186} INFO - Started process (PID=10238) to work on /home/airflow/.local/lib/python3.12/site-packages/airflow/example_dags/example_sensor_decorator.py
[2024-11-11T04:08:27.100+0000] {processor.py:914} INFO - Processing file /home/airflow/.local/lib/python3.12/site-packages/airflow/example_dags/example_sensor_decorator.py for tasks to queue
[2024-11-11T04:08:27.102+0000] {logging_mixin.py:190} INFO - [2024-11-11T04:08:27.102+0000] {dagbag.py:588} INFO - Filling up the DagBag from /home/airflow/.local/lib/python3.12/site-packages/airflow/example_dags/example_sensor_decorator.py
[2024-11-11T04:08:27.107+0000] {processor.py:925} INFO - DAG(s) 'example_sensor_decorator' retrieved from /home/airflow/.local/lib/python3.12/site-packages/airflow/example_dags/example_sensor_decorator.py
[2024-11-11T04:08:27.116+0000] {logging_mixin.py:190} INFO - [2024-11-11T04:08:27.116+0000] {dag.py:3239} INFO - Sync 1 DAGs
[2024-11-11T04:08:27.123+0000] {logging_mixin.py:190} INFO - [2024-11-11T04:08:27.123+0000] {dag.py:4180} INFO - Setting next_dagrun for example_sensor_decorator to None, run_after=None
[2024-11-11T04:08:27.131+0000] {processor.py:208} INFO - Processing /home/airflow/.local/lib/python3.12/site-packages/airflow/example_dags/example_sensor_decorator.py took 0.035 seconds
[2024-11-11T04:08:57.822+0000] {processor.py:186} INFO - Started process (PID=10301) to work on /home/airflow/.local/lib/python3.12/site-packages/airflow/example_dags/example_sensor_decorator.py
[2024-11-11T04:08:57.823+0000] {processor.py:914} INFO - Processing file /home/airflow/.local/lib/python3.12/site-packages/airflow/example_dags/example_sensor_decorator.py for tasks to queue
[2024-11-11T04:08:57.824+0000] {logging_mixin.py:190} INFO - [2024-11-11T04:08:57.824+0000] {dagbag.py:588} INFO - Filling up the DagBag from /home/airflow/.local/lib/python3.12/site-packages/airflow/example_dags/example_sensor_decorator.py
[2024-11-11T04:08:57.829+0000] {processor.py:925} INFO - DAG(s) 'example_sensor_decorator' retrieved from /home/airflow/.local/lib/python3.12/site-packages/airflow/example_dags/example_sensor_decorator.py
[2024-11-11T04:08:57.840+0000] {logging_mixin.py:190} INFO - [2024-11-11T04:08:57.840+0000] {dag.py:3239} INFO - Sync 1 DAGs
[2024-11-11T04:08:57.848+0000] {logging_mixin.py:190} INFO - [2024-11-11T04:08:57.847+0000] {dag.py:4180} INFO - Setting next_dagrun for example_sensor_decorator to None, run_after=None
[2024-11-11T04:08:57.856+0000] {processor.py:208} INFO - Processing /home/airflow/.local/lib/python3.12/site-packages/airflow/example_dags/example_sensor_decorator.py took 0.038 seconds
[2024-11-11T04:09:28.263+0000] {processor.py:186} INFO - Started process (PID=10364) to work on /home/airflow/.local/lib/python3.12/site-packages/airflow/example_dags/example_sensor_decorator.py
[2024-11-11T04:09:28.264+0000] {processor.py:914} INFO - Processing file /home/airflow/.local/lib/python3.12/site-packages/airflow/example_dags/example_sensor_decorator.py for tasks to queue
[2024-11-11T04:09:28.265+0000] {logging_mixin.py:190} INFO - [2024-11-11T04:09:28.265+0000] {dagbag.py:588} INFO - Filling up the DagBag from /home/airflow/.local/lib/python3.12/site-packages/airflow/example_dags/example_sensor_decorator.py
[2024-11-11T04:09:28.270+0000] {processor.py:925} INFO - DAG(s) 'example_sensor_decorator' retrieved from /home/airflow/.local/lib/python3.12/site-packages/airflow/example_dags/example_sensor_decorator.py
[2024-11-11T04:09:28.280+0000] {logging_mixin.py:190} INFO - [2024-11-11T04:09:28.280+0000] {dag.py:3239} INFO - Sync 1 DAGs
[2024-11-11T04:09:28.287+0000] {logging_mixin.py:190} INFO - [2024-11-11T04:09:28.287+0000] {dag.py:4180} INFO - Setting next_dagrun for example_sensor_decorator to None, run_after=None
[2024-11-11T04:09:28.295+0000] {processor.py:208} INFO - Processing /home/airflow/.local/lib/python3.12/site-packages/airflow/example_dags/example_sensor_decorator.py took 0.035 seconds
[2024-11-11T04:09:59.789+0000] {processor.py:186} INFO - Started process (PID=10427) to work on /home/airflow/.local/lib/python3.12/site-packages/airflow/example_dags/example_sensor_decorator.py
[2024-11-11T04:09:59.790+0000] {processor.py:914} INFO - Processing file /home/airflow/.local/lib/python3.12/site-packages/airflow/example_dags/example_sensor_decorator.py for tasks to queue
[2024-11-11T04:09:59.792+0000] {logging_mixin.py:190} INFO - [2024-11-11T04:09:59.791+0000] {dagbag.py:588} INFO - Filling up the DagBag from /home/airflow/.local/lib/python3.12/site-packages/airflow/example_dags/example_sensor_decorator.py
[2024-11-11T04:09:59.797+0000] {processor.py:925} INFO - DAG(s) 'example_sensor_decorator' retrieved from /home/airflow/.local/lib/python3.12/site-packages/airflow/example_dags/example_sensor_decorator.py
[2024-11-11T04:09:59.807+0000] {logging_mixin.py:190} INFO - [2024-11-11T04:09:59.807+0000] {dag.py:3239} INFO - Sync 1 DAGs
[2024-11-11T04:09:59.814+0000] {logging_mixin.py:190} INFO - [2024-11-11T04:09:59.814+0000] {dag.py:4180} INFO - Setting next_dagrun for example_sensor_decorator to None, run_after=None
[2024-11-11T04:09:59.823+0000] {processor.py:208} INFO - Processing /home/airflow/.local/lib/python3.12/site-packages/airflow/example_dags/example_sensor_decorator.py took 0.037 seconds
[2024-11-11T04:10:32.390+0000] {processor.py:186} INFO - Started process (PID=10490) to work on /home/airflow/.local/lib/python3.12/site-packages/airflow/example_dags/example_sensor_decorator.py
[2024-11-11T04:10:32.391+0000] {processor.py:914} INFO - Processing file /home/airflow/.local/lib/python3.12/site-packages/airflow/example_dags/example_sensor_decorator.py for tasks to queue
[2024-11-11T04:10:32.392+0000] {logging_mixin.py:190} INFO - [2024-11-11T04:10:32.392+0000] {dagbag.py:588} INFO - Filling up the DagBag from /home/airflow/.local/lib/python3.12/site-packages/airflow/example_dags/example_sensor_decorator.py
[2024-11-11T04:10:32.397+0000] {processor.py:925} INFO - DAG(s) 'example_sensor_decorator' retrieved from /home/airflow/.local/lib/python3.12/site-packages/airflow/example_dags/example_sensor_decorator.py
[2024-11-11T04:10:32.407+0000] {logging_mixin.py:190} INFO - [2024-11-11T04:10:32.407+0000] {dag.py:3239} INFO - Sync 1 DAGs
[2024-11-11T04:10:32.522+0000] {logging_mixin.py:190} INFO - [2024-11-11T04:10:32.522+0000] {dag.py:4180} INFO - Setting next_dagrun for example_sensor_decorator to None, run_after=None
[2024-11-11T04:10:32.532+0000] {processor.py:208} INFO - Processing /home/airflow/.local/lib/python3.12/site-packages/airflow/example_dags/example_sensor_decorator.py took 0.145 seconds
[2024-11-11T04:11:02.713+0000] {processor.py:186} INFO - Started process (PID=10553) to work on /home/airflow/.local/lib/python3.12/site-packages/airflow/example_dags/example_sensor_decorator.py
[2024-11-11T04:11:02.714+0000] {processor.py:914} INFO - Processing file /home/airflow/.local/lib/python3.12/site-packages/airflow/example_dags/example_sensor_decorator.py for tasks to queue
[2024-11-11T04:11:02.716+0000] {logging_mixin.py:190} INFO - [2024-11-11T04:11:02.715+0000] {dagbag.py:588} INFO - Filling up the DagBag from /home/airflow/.local/lib/python3.12/site-packages/airflow/example_dags/example_sensor_decorator.py
[2024-11-11T04:11:02.721+0000] {processor.py:925} INFO - DAG(s) 'example_sensor_decorator' retrieved from /home/airflow/.local/lib/python3.12/site-packages/airflow/example_dags/example_sensor_decorator.py
[2024-11-11T04:11:02.733+0000] {logging_mixin.py:190} INFO - [2024-11-11T04:11:02.733+0000] {dag.py:3239} INFO - Sync 1 DAGs
[2024-11-11T04:11:02.742+0000] {logging_mixin.py:190} INFO - [2024-11-11T04:11:02.741+0000] {dag.py:4180} INFO - Setting next_dagrun for example_sensor_decorator to None, run_after=None
[2024-11-11T04:11:02.751+0000] {processor.py:208} INFO - Processing /home/airflow/.local/lib/python3.12/site-packages/airflow/example_dags/example_sensor_decorator.py took 0.042 seconds
[2024-11-11T04:11:33.031+0000] {processor.py:186} INFO - Started process (PID=10615) to work on /home/airflow/.local/lib/python3.12/site-packages/airflow/example_dags/example_sensor_decorator.py
[2024-11-11T04:11:33.031+0000] {processor.py:914} INFO - Processing file /home/airflow/.local/lib/python3.12/site-packages/airflow/example_dags/example_sensor_decorator.py for tasks to queue
[2024-11-11T04:11:33.033+0000] {logging_mixin.py:190} INFO - [2024-11-11T04:11:33.033+0000] {dagbag.py:588} INFO - Filling up the DagBag from /home/airflow/.local/lib/python3.12/site-packages/airflow/example_dags/example_sensor_decorator.py
[2024-11-11T04:11:33.038+0000] {processor.py:925} INFO - DAG(s) 'example_sensor_decorator' retrieved from /home/airflow/.local/lib/python3.12/site-packages/airflow/example_dags/example_sensor_decorator.py
[2024-11-11T04:11:33.048+0000] {logging_mixin.py:190} INFO - [2024-11-11T04:11:33.048+0000] {dag.py:3239} INFO - Sync 1 DAGs
[2024-11-11T04:11:33.054+0000] {logging_mixin.py:190} INFO - [2024-11-11T04:11:33.054+0000] {dag.py:4180} INFO - Setting next_dagrun for example_sensor_decorator to None, run_after=None
[2024-11-11T04:11:33.062+0000] {processor.py:208} INFO - Processing /home/airflow/.local/lib/python3.12/site-packages/airflow/example_dags/example_sensor_decorator.py took 0.035 seconds
[2024-11-11T04:12:04.408+0000] {processor.py:186} INFO - Started process (PID=10678) to work on /home/airflow/.local/lib/python3.12/site-packages/airflow/example_dags/example_sensor_decorator.py
[2024-11-11T04:12:04.409+0000] {processor.py:914} INFO - Processing file /home/airflow/.local/lib/python3.12/site-packages/airflow/example_dags/example_sensor_decorator.py for tasks to queue
[2024-11-11T04:12:04.411+0000] {logging_mixin.py:190} INFO - [2024-11-11T04:12:04.410+0000] {dagbag.py:588} INFO - Filling up the DagBag from /home/airflow/.local/lib/python3.12/site-packages/airflow/example_dags/example_sensor_decorator.py
[2024-11-11T04:12:04.416+0000] {processor.py:925} INFO - DAG(s) 'example_sensor_decorator' retrieved from /home/airflow/.local/lib/python3.12/site-packages/airflow/example_dags/example_sensor_decorator.py
[2024-11-11T04:12:04.539+0000] {logging_mixin.py:190} INFO - [2024-11-11T04:12:04.539+0000] {dag.py:3239} INFO - Sync 1 DAGs
[2024-11-11T04:12:04.545+0000] {logging_mixin.py:190} INFO - [2024-11-11T04:12:04.545+0000] {dag.py:4180} INFO - Setting next_dagrun for example_sensor_decorator to None, run_after=None
[2024-11-11T04:12:04.554+0000] {processor.py:208} INFO - Processing /home/airflow/.local/lib/python3.12/site-packages/airflow/example_dags/example_sensor_decorator.py took 0.150 seconds
[2024-11-11T04:12:35.333+0000] {processor.py:186} INFO - Started process (PID=10742) to work on /home/airflow/.local/lib/python3.12/site-packages/airflow/example_dags/example_sensor_decorator.py
[2024-11-11T04:12:35.334+0000] {processor.py:914} INFO - Processing file /home/airflow/.local/lib/python3.12/site-packages/airflow/example_dags/example_sensor_decorator.py for tasks to queue
[2024-11-11T04:12:35.335+0000] {logging_mixin.py:190} INFO - [2024-11-11T04:12:35.335+0000] {dagbag.py:588} INFO - Filling up the DagBag from /home/airflow/.local/lib/python3.12/site-packages/airflow/example_dags/example_sensor_decorator.py
[2024-11-11T04:12:35.340+0000] {processor.py:925} INFO - DAG(s) 'example_sensor_decorator' retrieved from /home/airflow/.local/lib/python3.12/site-packages/airflow/example_dags/example_sensor_decorator.py
[2024-11-11T04:12:35.351+0000] {logging_mixin.py:190} INFO - [2024-11-11T04:12:35.351+0000] {dag.py:3239} INFO - Sync 1 DAGs
[2024-11-11T04:12:35.358+0000] {logging_mixin.py:190} INFO - [2024-11-11T04:12:35.357+0000] {dag.py:4180} INFO - Setting next_dagrun for example_sensor_decorator to None, run_after=None
[2024-11-11T04:12:35.366+0000] {processor.py:208} INFO - Processing /home/airflow/.local/lib/python3.12/site-packages/airflow/example_dags/example_sensor_decorator.py took 0.036 seconds
[2024-11-11T04:13:05.824+0000] {processor.py:186} INFO - Started process (PID=10805) to work on /home/airflow/.local/lib/python3.12/site-packages/airflow/example_dags/example_sensor_decorator.py
[2024-11-11T04:13:05.824+0000] {processor.py:914} INFO - Processing file /home/airflow/.local/lib/python3.12/site-packages/airflow/example_dags/example_sensor_decorator.py for tasks to queue
[2024-11-11T04:13:05.826+0000] {logging_mixin.py:190} INFO - [2024-11-11T04:13:05.826+0000] {dagbag.py:588} INFO - Filling up the DagBag from /home/airflow/.local/lib/python3.12/site-packages/airflow/example_dags/example_sensor_decorator.py
[2024-11-11T04:13:05.831+0000] {processor.py:925} INFO - DAG(s) 'example_sensor_decorator' retrieved from /home/airflow/.local/lib/python3.12/site-packages/airflow/example_dags/example_sensor_decorator.py
[2024-11-11T04:13:05.841+0000] {logging_mixin.py:190} INFO - [2024-11-11T04:13:05.841+0000] {dag.py:3239} INFO - Sync 1 DAGs
[2024-11-11T04:13:05.848+0000] {logging_mixin.py:190} INFO - [2024-11-11T04:13:05.848+0000] {dag.py:4180} INFO - Setting next_dagrun for example_sensor_decorator to None, run_after=None
[2024-11-11T04:13:05.856+0000] {processor.py:208} INFO - Processing /home/airflow/.local/lib/python3.12/site-packages/airflow/example_dags/example_sensor_decorator.py took 0.036 seconds
[2024-11-11T04:13:36.670+0000] {processor.py:186} INFO - Started process (PID=10868) to work on /home/airflow/.local/lib/python3.12/site-packages/airflow/example_dags/example_sensor_decorator.py
[2024-11-11T04:13:36.671+0000] {processor.py:914} INFO - Processing file /home/airflow/.local/lib/python3.12/site-packages/airflow/example_dags/example_sensor_decorator.py for tasks to queue
[2024-11-11T04:13:36.672+0000] {logging_mixin.py:190} INFO - [2024-11-11T04:13:36.672+0000] {dagbag.py:588} INFO - Filling up the DagBag from /home/airflow/.local/lib/python3.12/site-packages/airflow/example_dags/example_sensor_decorator.py
[2024-11-11T04:13:36.677+0000] {processor.py:925} INFO - DAG(s) 'example_sensor_decorator' retrieved from /home/airflow/.local/lib/python3.12/site-packages/airflow/example_dags/example_sensor_decorator.py
[2024-11-11T04:13:36.687+0000] {logging_mixin.py:190} INFO - [2024-11-11T04:13:36.687+0000] {dag.py:3239} INFO - Sync 1 DAGs
[2024-11-11T04:13:36.694+0000] {logging_mixin.py:190} INFO - [2024-11-11T04:13:36.694+0000] {dag.py:4180} INFO - Setting next_dagrun for example_sensor_decorator to None, run_after=None
[2024-11-11T04:13:36.702+0000] {processor.py:208} INFO - Processing /home/airflow/.local/lib/python3.12/site-packages/airflow/example_dags/example_sensor_decorator.py took 0.035 seconds
[2024-11-11T04:47:37.109+0000] {processor.py:186} INFO - Started process (PID=10931) to work on /home/airflow/.local/lib/python3.12/site-packages/airflow/example_dags/example_sensor_decorator.py
[2024-11-11T04:47:37.110+0000] {processor.py:914} INFO - Processing file /home/airflow/.local/lib/python3.12/site-packages/airflow/example_dags/example_sensor_decorator.py for tasks to queue
[2024-11-11T04:47:37.111+0000] {logging_mixin.py:190} INFO - [2024-11-11T04:47:37.111+0000] {dagbag.py:588} INFO - Filling up the DagBag from /home/airflow/.local/lib/python3.12/site-packages/airflow/example_dags/example_sensor_decorator.py
[2024-11-11T04:47:37.116+0000] {processor.py:925} INFO - DAG(s) 'example_sensor_decorator' retrieved from /home/airflow/.local/lib/python3.12/site-packages/airflow/example_dags/example_sensor_decorator.py
[2024-11-11T04:47:37.127+0000] {logging_mixin.py:190} INFO - [2024-11-11T04:47:37.127+0000] {dag.py:3239} INFO - Sync 1 DAGs
[2024-11-11T04:47:37.134+0000] {logging_mixin.py:190} INFO - [2024-11-11T04:47:37.134+0000] {dag.py:4180} INFO - Setting next_dagrun for example_sensor_decorator to None, run_after=None
[2024-11-11T04:47:37.154+0000] {processor.py:208} INFO - Processing /home/airflow/.local/lib/python3.12/site-packages/airflow/example_dags/example_sensor_decorator.py took 0.048 seconds
[2024-11-11T05:54:21.307+0000] {processor.py:186} INFO - Started process (PID=10993) to work on /home/airflow/.local/lib/python3.12/site-packages/airflow/example_dags/example_sensor_decorator.py
[2024-11-11T05:54:21.308+0000] {processor.py:914} INFO - Processing file /home/airflow/.local/lib/python3.12/site-packages/airflow/example_dags/example_sensor_decorator.py for tasks to queue
[2024-11-11T05:54:21.310+0000] {logging_mixin.py:190} INFO - [2024-11-11T05:54:21.309+0000] {dagbag.py:588} INFO - Filling up the DagBag from /home/airflow/.local/lib/python3.12/site-packages/airflow/example_dags/example_sensor_decorator.py
[2024-11-11T05:54:21.315+0000] {processor.py:925} INFO - DAG(s) 'example_sensor_decorator' retrieved from /home/airflow/.local/lib/python3.12/site-packages/airflow/example_dags/example_sensor_decorator.py
[2024-11-11T05:54:21.325+0000] {logging_mixin.py:190} INFO - [2024-11-11T05:54:21.325+0000] {dag.py:3239} INFO - Sync 1 DAGs
[2024-11-11T05:54:21.332+0000] {logging_mixin.py:190} INFO - [2024-11-11T05:54:21.331+0000] {dag.py:4180} INFO - Setting next_dagrun for example_sensor_decorator to None, run_after=None
[2024-11-11T05:54:21.340+0000] {processor.py:208} INFO - Processing /home/airflow/.local/lib/python3.12/site-packages/airflow/example_dags/example_sensor_decorator.py took 0.036 seconds
[2024-11-11T05:54:51.737+0000] {processor.py:186} INFO - Started process (PID=11056) to work on /home/airflow/.local/lib/python3.12/site-packages/airflow/example_dags/example_sensor_decorator.py
[2024-11-11T05:54:51.737+0000] {processor.py:914} INFO - Processing file /home/airflow/.local/lib/python3.12/site-packages/airflow/example_dags/example_sensor_decorator.py for tasks to queue
[2024-11-11T05:54:51.739+0000] {logging_mixin.py:190} INFO - [2024-11-11T05:54:51.739+0000] {dagbag.py:588} INFO - Filling up the DagBag from /home/airflow/.local/lib/python3.12/site-packages/airflow/example_dags/example_sensor_decorator.py
[2024-11-11T05:54:51.744+0000] {processor.py:925} INFO - DAG(s) 'example_sensor_decorator' retrieved from /home/airflow/.local/lib/python3.12/site-packages/airflow/example_dags/example_sensor_decorator.py
[2024-11-11T05:54:51.754+0000] {logging_mixin.py:190} INFO - [2024-11-11T05:54:51.754+0000] {dag.py:3239} INFO - Sync 1 DAGs
[2024-11-11T05:54:51.761+0000] {logging_mixin.py:190} INFO - [2024-11-11T05:54:51.761+0000] {dag.py:4180} INFO - Setting next_dagrun for example_sensor_decorator to None, run_after=None
[2024-11-11T05:54:51.770+0000] {processor.py:208} INFO - Processing /home/airflow/.local/lib/python3.12/site-packages/airflow/example_dags/example_sensor_decorator.py took 0.037 seconds
[2024-11-11T05:55:22.117+0000] {processor.py:186} INFO - Started process (PID=11119) to work on /home/airflow/.local/lib/python3.12/site-packages/airflow/example_dags/example_sensor_decorator.py
[2024-11-11T05:55:22.118+0000] {processor.py:914} INFO - Processing file /home/airflow/.local/lib/python3.12/site-packages/airflow/example_dags/example_sensor_decorator.py for tasks to queue
[2024-11-11T05:55:22.120+0000] {logging_mixin.py:190} INFO - [2024-11-11T05:55:22.119+0000] {dagbag.py:588} INFO - Filling up the DagBag from /home/airflow/.local/lib/python3.12/site-packages/airflow/example_dags/example_sensor_decorator.py
[2024-11-11T05:55:22.124+0000] {processor.py:925} INFO - DAG(s) 'example_sensor_decorator' retrieved from /home/airflow/.local/lib/python3.12/site-packages/airflow/example_dags/example_sensor_decorator.py
[2024-11-11T05:55:22.134+0000] {logging_mixin.py:190} INFO - [2024-11-11T05:55:22.134+0000] {dag.py:3239} INFO - Sync 1 DAGs
[2024-11-11T05:55:22.141+0000] {logging_mixin.py:190} INFO - [2024-11-11T05:55:22.141+0000] {dag.py:4180} INFO - Setting next_dagrun for example_sensor_decorator to None, run_after=None
[2024-11-11T05:55:22.149+0000] {processor.py:208} INFO - Processing /home/airflow/.local/lib/python3.12/site-packages/airflow/example_dags/example_sensor_decorator.py took 0.035 seconds
[2024-11-11T05:55:52.714+0000] {processor.py:186} INFO - Started process (PID=11182) to work on /home/airflow/.local/lib/python3.12/site-packages/airflow/example_dags/example_sensor_decorator.py
[2024-11-11T05:55:52.715+0000] {processor.py:914} INFO - Processing file /home/airflow/.local/lib/python3.12/site-packages/airflow/example_dags/example_sensor_decorator.py for tasks to queue
[2024-11-11T05:55:52.717+0000] {logging_mixin.py:190} INFO - [2024-11-11T05:55:52.716+0000] {dagbag.py:588} INFO - Filling up the DagBag from /home/airflow/.local/lib/python3.12/site-packages/airflow/example_dags/example_sensor_decorator.py
[2024-11-11T05:55:52.722+0000] {processor.py:925} INFO - DAG(s) 'example_sensor_decorator' retrieved from /home/airflow/.local/lib/python3.12/site-packages/airflow/example_dags/example_sensor_decorator.py
[2024-11-11T05:55:52.732+0000] {logging_mixin.py:190} INFO - [2024-11-11T05:55:52.732+0000] {dag.py:3239} INFO - Sync 1 DAGs
[2024-11-11T05:55:52.739+0000] {logging_mixin.py:190} INFO - [2024-11-11T05:55:52.739+0000] {dag.py:4180} INFO - Setting next_dagrun for example_sensor_decorator to None, run_after=None
[2024-11-11T05:55:52.747+0000] {processor.py:208} INFO - Processing /home/airflow/.local/lib/python3.12/site-packages/airflow/example_dags/example_sensor_decorator.py took 0.037 seconds
[2024-11-11T05:56:23.145+0000] {processor.py:186} INFO - Started process (PID=11245) to work on /home/airflow/.local/lib/python3.12/site-packages/airflow/example_dags/example_sensor_decorator.py
[2024-11-11T05:56:23.145+0000] {processor.py:914} INFO - Processing file /home/airflow/.local/lib/python3.12/site-packages/airflow/example_dags/example_sensor_decorator.py for tasks to queue
[2024-11-11T05:56:23.147+0000] {logging_mixin.py:190} INFO - [2024-11-11T05:56:23.147+0000] {dagbag.py:588} INFO - Filling up the DagBag from /home/airflow/.local/lib/python3.12/site-packages/airflow/example_dags/example_sensor_decorator.py
[2024-11-11T05:56:23.152+0000] {processor.py:925} INFO - DAG(s) 'example_sensor_decorator' retrieved from /home/airflow/.local/lib/python3.12/site-packages/airflow/example_dags/example_sensor_decorator.py
[2024-11-11T05:56:23.162+0000] {logging_mixin.py:190} INFO - [2024-11-11T05:56:23.162+0000] {dag.py:3239} INFO - Sync 1 DAGs
[2024-11-11T05:56:23.169+0000] {logging_mixin.py:190} INFO - [2024-11-11T05:56:23.169+0000] {dag.py:4180} INFO - Setting next_dagrun for example_sensor_decorator to None, run_after=None
[2024-11-11T05:56:23.178+0000] {processor.py:208} INFO - Processing /home/airflow/.local/lib/python3.12/site-packages/airflow/example_dags/example_sensor_decorator.py took 0.037 seconds
[2024-11-11T05:56:53.427+0000] {processor.py:186} INFO - Started process (PID=11307) to work on /home/airflow/.local/lib/python3.12/site-packages/airflow/example_dags/example_sensor_decorator.py
[2024-11-11T05:56:53.428+0000] {processor.py:914} INFO - Processing file /home/airflow/.local/lib/python3.12/site-packages/airflow/example_dags/example_sensor_decorator.py for tasks to queue
[2024-11-11T05:56:53.429+0000] {logging_mixin.py:190} INFO - [2024-11-11T05:56:53.429+0000] {dagbag.py:588} INFO - Filling up the DagBag from /home/airflow/.local/lib/python3.12/site-packages/airflow/example_dags/example_sensor_decorator.py
[2024-11-11T05:56:53.433+0000] {processor.py:925} INFO - DAG(s) 'example_sensor_decorator' retrieved from /home/airflow/.local/lib/python3.12/site-packages/airflow/example_dags/example_sensor_decorator.py
[2024-11-11T05:56:53.444+0000] {logging_mixin.py:190} INFO - [2024-11-11T05:56:53.444+0000] {dag.py:3239} INFO - Sync 1 DAGs
[2024-11-11T05:56:53.451+0000] {logging_mixin.py:190} INFO - [2024-11-11T05:56:53.451+0000] {dag.py:4180} INFO - Setting next_dagrun for example_sensor_decorator to None, run_after=None
[2024-11-11T05:56:53.459+0000] {processor.py:208} INFO - Processing /home/airflow/.local/lib/python3.12/site-packages/airflow/example_dags/example_sensor_decorator.py took 0.035 seconds
