[2024-11-11T02:24:38.528+0000] {processor.py:186} INFO - Started process (PID=74) to work on /home/airflow/.local/lib/python3.12/site-packages/airflow/example_dags/example_display_name.py
[2024-11-11T02:24:38.529+0000] {processor.py:914} INFO - Processing file /home/airflow/.local/lib/python3.12/site-packages/airflow/example_dags/example_display_name.py for tasks to queue
[2024-11-11T02:24:38.530+0000] {logging_mixin.py:190} INFO - [2024-11-11T02:24:38.530+0000] {dagbag.py:588} INFO - Filling up the DagBag from /home/airflow/.local/lib/python3.12/site-packages/airflow/example_dags/example_display_name.py
[2024-11-11T02:24:38.535+0000] {processor.py:925} INFO - DAG(s) 'example_display_name' retrieved from /home/airflow/.local/lib/python3.12/site-packages/airflow/example_dags/example_display_name.py
[2024-11-11T02:24:38.586+0000] {logging_mixin.py:190} INFO - [2024-11-11T02:24:38.585+0000] {override.py:1911} INFO - Created Permission View: can edit on DAG:example_display_name
[2024-11-11T02:24:38.590+0000] {logging_mixin.py:190} INFO - [2024-11-11T02:24:38.590+0000] {override.py:1911} INFO - Created Permission View: can read on DAG:example_display_name
[2024-11-11T02:24:38.593+0000] {logging_mixin.py:190} INFO - [2024-11-11T02:24:38.593+0000] {override.py:1911} INFO - Created Permission View: can delete on DAG:example_display_name
[2024-11-11T02:24:38.595+0000] {logging_mixin.py:190} INFO - [2024-11-11T02:24:38.595+0000] {override.py:1911} INFO - Created Permission View: can read on DAG Run:example_display_name
[2024-11-11T02:24:38.597+0000] {logging_mixin.py:190} INFO - [2024-11-11T02:24:38.597+0000] {override.py:1911} INFO - Created Permission View: can create on DAG Run:example_display_name
[2024-11-11T02:24:38.599+0000] {logging_mixin.py:190} INFO - [2024-11-11T02:24:38.599+0000] {override.py:1911} INFO - Created Permission View: can delete on DAG Run:example_display_name
[2024-11-11T02:24:38.602+0000] {logging_mixin.py:190} INFO - [2024-11-11T02:24:38.602+0000] {override.py:1911} INFO - Created Permission View: menu access on DAG Run:example_display_name
[2024-11-11T02:24:38.602+0000] {logging_mixin.py:190} INFO - [2024-11-11T02:24:38.602+0000] {dag.py:3239} INFO - Sync 1 DAGs
[2024-11-11T02:24:38.609+0000] {logging_mixin.py:190} INFO - [2024-11-11T02:24:38.608+0000] {dag.py:3262} INFO - Creating ORM DAG for example_display_name
[2024-11-11T02:24:38.609+0000] {logging_mixin.py:190} INFO - [2024-11-11T02:24:38.609+0000] {dag.py:4180} INFO - Setting next_dagrun for example_display_name to None, run_after=None
[2024-11-11T02:24:38.616+0000] {processor.py:208} INFO - Processing /home/airflow/.local/lib/python3.12/site-packages/airflow/example_dags/example_display_name.py took 0.092 seconds
[2024-11-11T02:25:08.863+0000] {processor.py:186} INFO - Started process (PID=137) to work on /home/airflow/.local/lib/python3.12/site-packages/airflow/example_dags/example_display_name.py
[2024-11-11T02:25:08.864+0000] {processor.py:914} INFO - Processing file /home/airflow/.local/lib/python3.12/site-packages/airflow/example_dags/example_display_name.py for tasks to queue
[2024-11-11T02:25:08.865+0000] {logging_mixin.py:190} INFO - [2024-11-11T02:25:08.865+0000] {dagbag.py:588} INFO - Filling up the DagBag from /home/airflow/.local/lib/python3.12/site-packages/airflow/example_dags/example_display_name.py
[2024-11-11T02:25:08.869+0000] {processor.py:925} INFO - DAG(s) 'example_display_name' retrieved from /home/airflow/.local/lib/python3.12/site-packages/airflow/example_dags/example_display_name.py
[2024-11-11T02:25:08.879+0000] {logging_mixin.py:190} INFO - [2024-11-11T02:25:08.879+0000] {dag.py:3239} INFO - Sync 1 DAGs
[2024-11-11T02:25:08.885+0000] {logging_mixin.py:190} INFO - [2024-11-11T02:25:08.885+0000] {dag.py:4180} INFO - Setting next_dagrun for example_display_name to None, run_after=None
[2024-11-11T02:25:08.894+0000] {processor.py:208} INFO - Processing /home/airflow/.local/lib/python3.12/site-packages/airflow/example_dags/example_display_name.py took 0.034 seconds
[2024-11-11T02:25:39.617+0000] {processor.py:186} INFO - Started process (PID=200) to work on /home/airflow/.local/lib/python3.12/site-packages/airflow/example_dags/example_display_name.py
[2024-11-11T02:25:39.617+0000] {processor.py:914} INFO - Processing file /home/airflow/.local/lib/python3.12/site-packages/airflow/example_dags/example_display_name.py for tasks to queue
[2024-11-11T02:25:39.619+0000] {logging_mixin.py:190} INFO - [2024-11-11T02:25:39.619+0000] {dagbag.py:588} INFO - Filling up the DagBag from /home/airflow/.local/lib/python3.12/site-packages/airflow/example_dags/example_display_name.py
[2024-11-11T02:25:39.624+0000] {processor.py:925} INFO - DAG(s) 'example_display_name' retrieved from /home/airflow/.local/lib/python3.12/site-packages/airflow/example_dags/example_display_name.py
[2024-11-11T02:25:39.635+0000] {logging_mixin.py:190} INFO - [2024-11-11T02:25:39.634+0000] {dag.py:3239} INFO - Sync 1 DAGs
[2024-11-11T02:25:39.642+0000] {logging_mixin.py:190} INFO - [2024-11-11T02:25:39.642+0000] {dag.py:4180} INFO - Setting next_dagrun for example_display_name to None, run_after=None
[2024-11-11T02:25:39.651+0000] {processor.py:208} INFO - Processing /home/airflow/.local/lib/python3.12/site-packages/airflow/example_dags/example_display_name.py took 0.037 seconds
[2024-11-11T02:26:10.267+0000] {processor.py:186} INFO - Started process (PID=263) to work on /home/airflow/.local/lib/python3.12/site-packages/airflow/example_dags/example_display_name.py
[2024-11-11T02:26:10.268+0000] {processor.py:914} INFO - Processing file /home/airflow/.local/lib/python3.12/site-packages/airflow/example_dags/example_display_name.py for tasks to queue
[2024-11-11T02:26:10.269+0000] {logging_mixin.py:190} INFO - [2024-11-11T02:26:10.269+0000] {dagbag.py:588} INFO - Filling up the DagBag from /home/airflow/.local/lib/python3.12/site-packages/airflow/example_dags/example_display_name.py
[2024-11-11T02:26:10.273+0000] {processor.py:925} INFO - DAG(s) 'example_display_name' retrieved from /home/airflow/.local/lib/python3.12/site-packages/airflow/example_dags/example_display_name.py
[2024-11-11T02:26:10.283+0000] {logging_mixin.py:190} INFO - [2024-11-11T02:26:10.283+0000] {dag.py:3239} INFO - Sync 1 DAGs
[2024-11-11T02:26:10.290+0000] {logging_mixin.py:190} INFO - [2024-11-11T02:26:10.290+0000] {dag.py:4180} INFO - Setting next_dagrun for example_display_name to None, run_after=None
[2024-11-11T02:26:10.299+0000] {processor.py:208} INFO - Processing /home/airflow/.local/lib/python3.12/site-packages/airflow/example_dags/example_display_name.py took 0.036 seconds
[2024-11-11T02:26:40.883+0000] {processor.py:186} INFO - Started process (PID=326) to work on /home/airflow/.local/lib/python3.12/site-packages/airflow/example_dags/example_display_name.py
[2024-11-11T02:26:40.883+0000] {processor.py:914} INFO - Processing file /home/airflow/.local/lib/python3.12/site-packages/airflow/example_dags/example_display_name.py for tasks to queue
[2024-11-11T02:26:40.885+0000] {logging_mixin.py:190} INFO - [2024-11-11T02:26:40.884+0000] {dagbag.py:588} INFO - Filling up the DagBag from /home/airflow/.local/lib/python3.12/site-packages/airflow/example_dags/example_display_name.py
[2024-11-11T02:26:40.889+0000] {processor.py:925} INFO - DAG(s) 'example_display_name' retrieved from /home/airflow/.local/lib/python3.12/site-packages/airflow/example_dags/example_display_name.py
[2024-11-11T02:26:40.899+0000] {logging_mixin.py:190} INFO - [2024-11-11T02:26:40.899+0000] {dag.py:3239} INFO - Sync 1 DAGs
[2024-11-11T02:26:40.906+0000] {logging_mixin.py:190} INFO - [2024-11-11T02:26:40.906+0000] {dag.py:4180} INFO - Setting next_dagrun for example_display_name to None, run_after=None
[2024-11-11T02:26:40.914+0000] {processor.py:208} INFO - Processing /home/airflow/.local/lib/python3.12/site-packages/airflow/example_dags/example_display_name.py took 0.035 seconds
[2024-11-11T02:27:11.476+0000] {processor.py:186} INFO - Started process (PID=389) to work on /home/airflow/.local/lib/python3.12/site-packages/airflow/example_dags/example_display_name.py
[2024-11-11T02:27:11.476+0000] {processor.py:914} INFO - Processing file /home/airflow/.local/lib/python3.12/site-packages/airflow/example_dags/example_display_name.py for tasks to queue
[2024-11-11T02:27:11.478+0000] {logging_mixin.py:190} INFO - [2024-11-11T02:27:11.477+0000] {dagbag.py:588} INFO - Filling up the DagBag from /home/airflow/.local/lib/python3.12/site-packages/airflow/example_dags/example_display_name.py
[2024-11-11T02:27:11.482+0000] {processor.py:925} INFO - DAG(s) 'example_display_name' retrieved from /home/airflow/.local/lib/python3.12/site-packages/airflow/example_dags/example_display_name.py
[2024-11-11T02:27:11.492+0000] {logging_mixin.py:190} INFO - [2024-11-11T02:27:11.492+0000] {dag.py:3239} INFO - Sync 1 DAGs
[2024-11-11T02:27:11.498+0000] {logging_mixin.py:190} INFO - [2024-11-11T02:27:11.498+0000] {dag.py:4180} INFO - Setting next_dagrun for example_display_name to None, run_after=None
[2024-11-11T02:27:11.507+0000] {processor.py:208} INFO - Processing /home/airflow/.local/lib/python3.12/site-packages/airflow/example_dags/example_display_name.py took 0.035 seconds
[2024-11-11T02:27:42.078+0000] {processor.py:186} INFO - Started process (PID=452) to work on /home/airflow/.local/lib/python3.12/site-packages/airflow/example_dags/example_display_name.py
[2024-11-11T02:27:42.078+0000] {processor.py:914} INFO - Processing file /home/airflow/.local/lib/python3.12/site-packages/airflow/example_dags/example_display_name.py for tasks to queue
[2024-11-11T02:27:42.080+0000] {logging_mixin.py:190} INFO - [2024-11-11T02:27:42.080+0000] {dagbag.py:588} INFO - Filling up the DagBag from /home/airflow/.local/lib/python3.12/site-packages/airflow/example_dags/example_display_name.py
[2024-11-11T02:27:42.084+0000] {processor.py:925} INFO - DAG(s) 'example_display_name' retrieved from /home/airflow/.local/lib/python3.12/site-packages/airflow/example_dags/example_display_name.py
[2024-11-11T02:27:42.094+0000] {logging_mixin.py:190} INFO - [2024-11-11T02:27:42.094+0000] {dag.py:3239} INFO - Sync 1 DAGs
[2024-11-11T02:27:42.100+0000] {logging_mixin.py:190} INFO - [2024-11-11T02:27:42.100+0000] {dag.py:4180} INFO - Setting next_dagrun for example_display_name to None, run_after=None
[2024-11-11T02:27:42.109+0000] {processor.py:208} INFO - Processing /home/airflow/.local/lib/python3.12/site-packages/airflow/example_dags/example_display_name.py took 0.035 seconds
[2024-11-11T02:28:12.763+0000] {processor.py:186} INFO - Started process (PID=515) to work on /home/airflow/.local/lib/python3.12/site-packages/airflow/example_dags/example_display_name.py
[2024-11-11T02:28:12.763+0000] {processor.py:914} INFO - Processing file /home/airflow/.local/lib/python3.12/site-packages/airflow/example_dags/example_display_name.py for tasks to queue
[2024-11-11T02:28:12.765+0000] {logging_mixin.py:190} INFO - [2024-11-11T02:28:12.764+0000] {dagbag.py:588} INFO - Filling up the DagBag from /home/airflow/.local/lib/python3.12/site-packages/airflow/example_dags/example_display_name.py
[2024-11-11T02:28:12.769+0000] {processor.py:925} INFO - DAG(s) 'example_display_name' retrieved from /home/airflow/.local/lib/python3.12/site-packages/airflow/example_dags/example_display_name.py
[2024-11-11T02:28:12.779+0000] {logging_mixin.py:190} INFO - [2024-11-11T02:28:12.779+0000] {dag.py:3239} INFO - Sync 1 DAGs
[2024-11-11T02:28:12.785+0000] {logging_mixin.py:190} INFO - [2024-11-11T02:28:12.785+0000] {dag.py:4180} INFO - Setting next_dagrun for example_display_name to None, run_after=None
[2024-11-11T02:28:12.793+0000] {processor.py:208} INFO - Processing /home/airflow/.local/lib/python3.12/site-packages/airflow/example_dags/example_display_name.py took 0.033 seconds
[2024-11-11T02:28:43.388+0000] {processor.py:186} INFO - Started process (PID=578) to work on /home/airflow/.local/lib/python3.12/site-packages/airflow/example_dags/example_display_name.py
[2024-11-11T02:28:43.388+0000] {processor.py:914} INFO - Processing file /home/airflow/.local/lib/python3.12/site-packages/airflow/example_dags/example_display_name.py for tasks to queue
[2024-11-11T02:28:43.389+0000] {logging_mixin.py:190} INFO - [2024-11-11T02:28:43.389+0000] {dagbag.py:588} INFO - Filling up the DagBag from /home/airflow/.local/lib/python3.12/site-packages/airflow/example_dags/example_display_name.py
[2024-11-11T02:28:43.394+0000] {processor.py:925} INFO - DAG(s) 'example_display_name' retrieved from /home/airflow/.local/lib/python3.12/site-packages/airflow/example_dags/example_display_name.py
[2024-11-11T02:28:43.403+0000] {logging_mixin.py:190} INFO - [2024-11-11T02:28:43.403+0000] {dag.py:3239} INFO - Sync 1 DAGs
[2024-11-11T02:28:43.411+0000] {logging_mixin.py:190} INFO - [2024-11-11T02:28:43.411+0000] {dag.py:4180} INFO - Setting next_dagrun for example_display_name to None, run_after=None
[2024-11-11T02:28:43.419+0000] {processor.py:208} INFO - Processing /home/airflow/.local/lib/python3.12/site-packages/airflow/example_dags/example_display_name.py took 0.034 seconds
[2024-11-11T02:29:13.999+0000] {processor.py:186} INFO - Started process (PID=641) to work on /home/airflow/.local/lib/python3.12/site-packages/airflow/example_dags/example_display_name.py
[2024-11-11T02:29:13.999+0000] {processor.py:914} INFO - Processing file /home/airflow/.local/lib/python3.12/site-packages/airflow/example_dags/example_display_name.py for tasks to queue
[2024-11-11T02:29:14.000+0000] {logging_mixin.py:190} INFO - [2024-11-11T02:29:14.000+0000] {dagbag.py:588} INFO - Filling up the DagBag from /home/airflow/.local/lib/python3.12/site-packages/airflow/example_dags/example_display_name.py
[2024-11-11T02:29:14.004+0000] {processor.py:925} INFO - DAG(s) 'example_display_name' retrieved from /home/airflow/.local/lib/python3.12/site-packages/airflow/example_dags/example_display_name.py
[2024-11-11T02:29:14.014+0000] {logging_mixin.py:190} INFO - [2024-11-11T02:29:14.014+0000] {dag.py:3239} INFO - Sync 1 DAGs
[2024-11-11T02:29:14.021+0000] {logging_mixin.py:190} INFO - [2024-11-11T02:29:14.021+0000] {dag.py:4180} INFO - Setting next_dagrun for example_display_name to None, run_after=None
[2024-11-11T02:29:14.029+0000] {processor.py:208} INFO - Processing /home/airflow/.local/lib/python3.12/site-packages/airflow/example_dags/example_display_name.py took 0.034 seconds
[2024-11-11T02:29:44.830+0000] {processor.py:186} INFO - Started process (PID=704) to work on /home/airflow/.local/lib/python3.12/site-packages/airflow/example_dags/example_display_name.py
[2024-11-11T02:29:44.830+0000] {processor.py:914} INFO - Processing file /home/airflow/.local/lib/python3.12/site-packages/airflow/example_dags/example_display_name.py for tasks to queue
[2024-11-11T02:29:44.831+0000] {logging_mixin.py:190} INFO - [2024-11-11T02:29:44.831+0000] {dagbag.py:588} INFO - Filling up the DagBag from /home/airflow/.local/lib/python3.12/site-packages/airflow/example_dags/example_display_name.py
[2024-11-11T02:29:44.836+0000] {processor.py:925} INFO - DAG(s) 'example_display_name' retrieved from /home/airflow/.local/lib/python3.12/site-packages/airflow/example_dags/example_display_name.py
[2024-11-11T02:29:44.846+0000] {logging_mixin.py:190} INFO - [2024-11-11T02:29:44.845+0000] {dag.py:3239} INFO - Sync 1 DAGs
[2024-11-11T02:29:44.854+0000] {logging_mixin.py:190} INFO - [2024-11-11T02:29:44.853+0000] {dag.py:4180} INFO - Setting next_dagrun for example_display_name to None, run_after=None
[2024-11-11T02:29:44.863+0000] {processor.py:208} INFO - Processing /home/airflow/.local/lib/python3.12/site-packages/airflow/example_dags/example_display_name.py took 0.037 seconds
[2024-11-11T02:30:15.404+0000] {processor.py:186} INFO - Started process (PID=766) to work on /home/airflow/.local/lib/python3.12/site-packages/airflow/example_dags/example_display_name.py
[2024-11-11T02:30:15.405+0000] {processor.py:914} INFO - Processing file /home/airflow/.local/lib/python3.12/site-packages/airflow/example_dags/example_display_name.py for tasks to queue
[2024-11-11T02:30:15.406+0000] {logging_mixin.py:190} INFO - [2024-11-11T02:30:15.406+0000] {dagbag.py:588} INFO - Filling up the DagBag from /home/airflow/.local/lib/python3.12/site-packages/airflow/example_dags/example_display_name.py
[2024-11-11T02:30:15.410+0000] {processor.py:925} INFO - DAG(s) 'example_display_name' retrieved from /home/airflow/.local/lib/python3.12/site-packages/airflow/example_dags/example_display_name.py
[2024-11-11T02:30:15.421+0000] {logging_mixin.py:190} INFO - [2024-11-11T02:30:15.420+0000] {dag.py:3239} INFO - Sync 1 DAGs
[2024-11-11T02:30:15.427+0000] {logging_mixin.py:190} INFO - [2024-11-11T02:30:15.427+0000] {dag.py:4180} INFO - Setting next_dagrun for example_display_name to None, run_after=None
[2024-11-11T02:30:15.435+0000] {processor.py:208} INFO - Processing /home/airflow/.local/lib/python3.12/site-packages/airflow/example_dags/example_display_name.py took 0.035 seconds
[2024-11-11T02:30:46.152+0000] {processor.py:186} INFO - Started process (PID=829) to work on /home/airflow/.local/lib/python3.12/site-packages/airflow/example_dags/example_display_name.py
[2024-11-11T02:30:46.152+0000] {processor.py:914} INFO - Processing file /home/airflow/.local/lib/python3.12/site-packages/airflow/example_dags/example_display_name.py for tasks to queue
[2024-11-11T02:30:46.153+0000] {logging_mixin.py:190} INFO - [2024-11-11T02:30:46.153+0000] {dagbag.py:588} INFO - Filling up the DagBag from /home/airflow/.local/lib/python3.12/site-packages/airflow/example_dags/example_display_name.py
[2024-11-11T02:30:46.158+0000] {processor.py:925} INFO - DAG(s) 'example_display_name' retrieved from /home/airflow/.local/lib/python3.12/site-packages/airflow/example_dags/example_display_name.py
[2024-11-11T02:30:46.168+0000] {logging_mixin.py:190} INFO - [2024-11-11T02:30:46.168+0000] {dag.py:3239} INFO - Sync 1 DAGs
[2024-11-11T02:30:46.176+0000] {logging_mixin.py:190} INFO - [2024-11-11T02:30:46.176+0000] {dag.py:4180} INFO - Setting next_dagrun for example_display_name to None, run_after=None
[2024-11-11T02:30:46.190+0000] {processor.py:208} INFO - Processing /home/airflow/.local/lib/python3.12/site-packages/airflow/example_dags/example_display_name.py took 0.041 seconds
[2024-11-11T02:31:16.637+0000] {processor.py:186} INFO - Started process (PID=901) to work on /home/airflow/.local/lib/python3.12/site-packages/airflow/example_dags/example_display_name.py
[2024-11-11T02:31:16.637+0000] {processor.py:914} INFO - Processing file /home/airflow/.local/lib/python3.12/site-packages/airflow/example_dags/example_display_name.py for tasks to queue
[2024-11-11T02:31:16.638+0000] {logging_mixin.py:190} INFO - [2024-11-11T02:31:16.638+0000] {dagbag.py:588} INFO - Filling up the DagBag from /home/airflow/.local/lib/python3.12/site-packages/airflow/example_dags/example_display_name.py
[2024-11-11T02:31:16.643+0000] {processor.py:925} INFO - DAG(s) 'example_display_name' retrieved from /home/airflow/.local/lib/python3.12/site-packages/airflow/example_dags/example_display_name.py
[2024-11-11T02:31:16.653+0000] {logging_mixin.py:190} INFO - [2024-11-11T02:31:16.652+0000] {dag.py:3239} INFO - Sync 1 DAGs
[2024-11-11T02:31:16.659+0000] {logging_mixin.py:190} INFO - [2024-11-11T02:31:16.659+0000] {dag.py:4180} INFO - Setting next_dagrun for example_display_name to None, run_after=None
[2024-11-11T02:31:16.667+0000] {processor.py:208} INFO - Processing /home/airflow/.local/lib/python3.12/site-packages/airflow/example_dags/example_display_name.py took 0.033 seconds
[2024-11-11T02:31:47.392+0000] {processor.py:186} INFO - Started process (PID=964) to work on /home/airflow/.local/lib/python3.12/site-packages/airflow/example_dags/example_display_name.py
[2024-11-11T02:31:47.392+0000] {processor.py:914} INFO - Processing file /home/airflow/.local/lib/python3.12/site-packages/airflow/example_dags/example_display_name.py for tasks to queue
[2024-11-11T02:31:47.393+0000] {logging_mixin.py:190} INFO - [2024-11-11T02:31:47.393+0000] {dagbag.py:588} INFO - Filling up the DagBag from /home/airflow/.local/lib/python3.12/site-packages/airflow/example_dags/example_display_name.py
[2024-11-11T02:31:47.398+0000] {processor.py:925} INFO - DAG(s) 'example_display_name' retrieved from /home/airflow/.local/lib/python3.12/site-packages/airflow/example_dags/example_display_name.py
[2024-11-11T02:31:47.407+0000] {logging_mixin.py:190} INFO - [2024-11-11T02:31:47.407+0000] {dag.py:3239} INFO - Sync 1 DAGs
[2024-11-11T02:31:47.414+0000] {logging_mixin.py:190} INFO - [2024-11-11T02:31:47.414+0000] {dag.py:4180} INFO - Setting next_dagrun for example_display_name to None, run_after=None
[2024-11-11T02:31:47.422+0000] {processor.py:208} INFO - Processing /home/airflow/.local/lib/python3.12/site-packages/airflow/example_dags/example_display_name.py took 0.034 seconds
[2024-11-11T02:32:17.961+0000] {processor.py:186} INFO - Started process (PID=1026) to work on /home/airflow/.local/lib/python3.12/site-packages/airflow/example_dags/example_display_name.py
[2024-11-11T02:32:17.962+0000] {processor.py:914} INFO - Processing file /home/airflow/.local/lib/python3.12/site-packages/airflow/example_dags/example_display_name.py for tasks to queue
[2024-11-11T02:32:17.963+0000] {logging_mixin.py:190} INFO - [2024-11-11T02:32:17.963+0000] {dagbag.py:588} INFO - Filling up the DagBag from /home/airflow/.local/lib/python3.12/site-packages/airflow/example_dags/example_display_name.py
[2024-11-11T02:32:17.967+0000] {processor.py:925} INFO - DAG(s) 'example_display_name' retrieved from /home/airflow/.local/lib/python3.12/site-packages/airflow/example_dags/example_display_name.py
[2024-11-11T02:32:17.977+0000] {logging_mixin.py:190} INFO - [2024-11-11T02:32:17.977+0000] {dag.py:3239} INFO - Sync 1 DAGs
[2024-11-11T02:32:17.983+0000] {logging_mixin.py:190} INFO - [2024-11-11T02:32:17.983+0000] {dag.py:4180} INFO - Setting next_dagrun for example_display_name to None, run_after=None
[2024-11-11T02:32:17.991+0000] {processor.py:208} INFO - Processing /home/airflow/.local/lib/python3.12/site-packages/airflow/example_dags/example_display_name.py took 0.033 seconds
[2024-11-11T02:32:48.673+0000] {processor.py:186} INFO - Started process (PID=1088) to work on /home/airflow/.local/lib/python3.12/site-packages/airflow/example_dags/example_display_name.py
[2024-11-11T02:32:48.673+0000] {processor.py:914} INFO - Processing file /home/airflow/.local/lib/python3.12/site-packages/airflow/example_dags/example_display_name.py for tasks to queue
[2024-11-11T02:32:48.675+0000] {logging_mixin.py:190} INFO - [2024-11-11T02:32:48.675+0000] {dagbag.py:588} INFO - Filling up the DagBag from /home/airflow/.local/lib/python3.12/site-packages/airflow/example_dags/example_display_name.py
[2024-11-11T02:32:48.680+0000] {processor.py:925} INFO - DAG(s) 'example_display_name' retrieved from /home/airflow/.local/lib/python3.12/site-packages/airflow/example_dags/example_display_name.py
[2024-11-11T02:32:48.690+0000] {logging_mixin.py:190} INFO - [2024-11-11T02:32:48.690+0000] {dag.py:3239} INFO - Sync 1 DAGs
[2024-11-11T02:32:48.697+0000] {logging_mixin.py:190} INFO - [2024-11-11T02:32:48.697+0000] {dag.py:4180} INFO - Setting next_dagrun for example_display_name to None, run_after=None
[2024-11-11T02:32:48.705+0000] {processor.py:208} INFO - Processing /home/airflow/.local/lib/python3.12/site-packages/airflow/example_dags/example_display_name.py took 0.035 seconds
[2024-11-11T02:33:19.332+0000] {processor.py:186} INFO - Started process (PID=1151) to work on /home/airflow/.local/lib/python3.12/site-packages/airflow/example_dags/example_display_name.py
[2024-11-11T02:33:19.333+0000] {processor.py:914} INFO - Processing file /home/airflow/.local/lib/python3.12/site-packages/airflow/example_dags/example_display_name.py for tasks to queue
[2024-11-11T02:33:19.335+0000] {logging_mixin.py:190} INFO - [2024-11-11T02:33:19.334+0000] {dagbag.py:588} INFO - Filling up the DagBag from /home/airflow/.local/lib/python3.12/site-packages/airflow/example_dags/example_display_name.py
[2024-11-11T02:33:19.339+0000] {processor.py:925} INFO - DAG(s) 'example_display_name' retrieved from /home/airflow/.local/lib/python3.12/site-packages/airflow/example_dags/example_display_name.py
[2024-11-11T02:33:19.350+0000] {logging_mixin.py:190} INFO - [2024-11-11T02:33:19.349+0000] {dag.py:3239} INFO - Sync 1 DAGs
[2024-11-11T02:33:19.357+0000] {logging_mixin.py:190} INFO - [2024-11-11T02:33:19.357+0000] {dag.py:4180} INFO - Setting next_dagrun for example_display_name to None, run_after=None
[2024-11-11T02:33:19.368+0000] {processor.py:208} INFO - Processing /home/airflow/.local/lib/python3.12/site-packages/airflow/example_dags/example_display_name.py took 0.039 seconds
[2024-11-11T02:33:50.085+0000] {processor.py:186} INFO - Started process (PID=1214) to work on /home/airflow/.local/lib/python3.12/site-packages/airflow/example_dags/example_display_name.py
[2024-11-11T02:33:50.086+0000] {processor.py:914} INFO - Processing file /home/airflow/.local/lib/python3.12/site-packages/airflow/example_dags/example_display_name.py for tasks to queue
[2024-11-11T02:33:50.087+0000] {logging_mixin.py:190} INFO - [2024-11-11T02:33:50.087+0000] {dagbag.py:588} INFO - Filling up the DagBag from /home/airflow/.local/lib/python3.12/site-packages/airflow/example_dags/example_display_name.py
[2024-11-11T02:33:50.091+0000] {processor.py:925} INFO - DAG(s) 'example_display_name' retrieved from /home/airflow/.local/lib/python3.12/site-packages/airflow/example_dags/example_display_name.py
[2024-11-11T02:33:50.101+0000] {logging_mixin.py:190} INFO - [2024-11-11T02:33:50.101+0000] {dag.py:3239} INFO - Sync 1 DAGs
[2024-11-11T02:33:50.108+0000] {logging_mixin.py:190} INFO - [2024-11-11T02:33:50.108+0000] {dag.py:4180} INFO - Setting next_dagrun for example_display_name to None, run_after=None
[2024-11-11T02:33:50.117+0000] {processor.py:208} INFO - Processing /home/airflow/.local/lib/python3.12/site-packages/airflow/example_dags/example_display_name.py took 0.035 seconds
[2024-11-11T02:34:20.629+0000] {processor.py:186} INFO - Started process (PID=1277) to work on /home/airflow/.local/lib/python3.12/site-packages/airflow/example_dags/example_display_name.py
[2024-11-11T02:34:20.629+0000] {processor.py:914} INFO - Processing file /home/airflow/.local/lib/python3.12/site-packages/airflow/example_dags/example_display_name.py for tasks to queue
[2024-11-11T02:34:20.631+0000] {logging_mixin.py:190} INFO - [2024-11-11T02:34:20.631+0000] {dagbag.py:588} INFO - Filling up the DagBag from /home/airflow/.local/lib/python3.12/site-packages/airflow/example_dags/example_display_name.py
[2024-11-11T02:34:20.636+0000] {processor.py:925} INFO - DAG(s) 'example_display_name' retrieved from /home/airflow/.local/lib/python3.12/site-packages/airflow/example_dags/example_display_name.py
[2024-11-11T02:34:20.646+0000] {logging_mixin.py:190} INFO - [2024-11-11T02:34:20.646+0000] {dag.py:3239} INFO - Sync 1 DAGs
[2024-11-11T02:34:20.653+0000] {logging_mixin.py:190} INFO - [2024-11-11T02:34:20.652+0000] {dag.py:4180} INFO - Setting next_dagrun for example_display_name to None, run_after=None
[2024-11-11T02:34:20.661+0000] {processor.py:208} INFO - Processing /home/airflow/.local/lib/python3.12/site-packages/airflow/example_dags/example_display_name.py took 0.035 seconds
[2024-11-11T02:34:51.454+0000] {processor.py:186} INFO - Started process (PID=1340) to work on /home/airflow/.local/lib/python3.12/site-packages/airflow/example_dags/example_display_name.py
[2024-11-11T02:34:51.455+0000] {processor.py:914} INFO - Processing file /home/airflow/.local/lib/python3.12/site-packages/airflow/example_dags/example_display_name.py for tasks to queue
[2024-11-11T02:34:51.457+0000] {logging_mixin.py:190} INFO - [2024-11-11T02:34:51.457+0000] {dagbag.py:588} INFO - Filling up the DagBag from /home/airflow/.local/lib/python3.12/site-packages/airflow/example_dags/example_display_name.py
[2024-11-11T02:34:51.462+0000] {processor.py:925} INFO - DAG(s) 'example_display_name' retrieved from /home/airflow/.local/lib/python3.12/site-packages/airflow/example_dags/example_display_name.py
[2024-11-11T02:34:51.474+0000] {logging_mixin.py:190} INFO - [2024-11-11T02:34:51.473+0000] {dag.py:3239} INFO - Sync 1 DAGs
[2024-11-11T02:34:51.482+0000] {logging_mixin.py:190} INFO - [2024-11-11T02:34:51.482+0000] {dag.py:4180} INFO - Setting next_dagrun for example_display_name to None, run_after=None
[2024-11-11T02:34:51.495+0000] {processor.py:208} INFO - Processing /home/airflow/.local/lib/python3.12/site-packages/airflow/example_dags/example_display_name.py took 0.046 seconds
[2024-11-11T02:35:22.406+0000] {processor.py:186} INFO - Started process (PID=1403) to work on /home/airflow/.local/lib/python3.12/site-packages/airflow/example_dags/example_display_name.py
[2024-11-11T02:35:22.407+0000] {processor.py:914} INFO - Processing file /home/airflow/.local/lib/python3.12/site-packages/airflow/example_dags/example_display_name.py for tasks to queue
[2024-11-11T02:35:22.409+0000] {logging_mixin.py:190} INFO - [2024-11-11T02:35:22.408+0000] {dagbag.py:588} INFO - Filling up the DagBag from /home/airflow/.local/lib/python3.12/site-packages/airflow/example_dags/example_display_name.py
[2024-11-11T02:35:22.414+0000] {processor.py:925} INFO - DAG(s) 'example_display_name' retrieved from /home/airflow/.local/lib/python3.12/site-packages/airflow/example_dags/example_display_name.py
[2024-11-11T02:35:22.425+0000] {logging_mixin.py:190} INFO - [2024-11-11T02:35:22.425+0000] {dag.py:3239} INFO - Sync 1 DAGs
[2024-11-11T02:35:22.433+0000] {logging_mixin.py:190} INFO - [2024-11-11T02:35:22.433+0000] {dag.py:4180} INFO - Setting next_dagrun for example_display_name to None, run_after=None
[2024-11-11T02:35:22.441+0000] {processor.py:208} INFO - Processing /home/airflow/.local/lib/python3.12/site-packages/airflow/example_dags/example_display_name.py took 0.039 seconds
[2024-11-11T02:35:53.064+0000] {processor.py:186} INFO - Started process (PID=1466) to work on /home/airflow/.local/lib/python3.12/site-packages/airflow/example_dags/example_display_name.py
[2024-11-11T02:35:53.065+0000] {processor.py:914} INFO - Processing file /home/airflow/.local/lib/python3.12/site-packages/airflow/example_dags/example_display_name.py for tasks to queue
[2024-11-11T02:35:53.067+0000] {logging_mixin.py:190} INFO - [2024-11-11T02:35:53.067+0000] {dagbag.py:588} INFO - Filling up the DagBag from /home/airflow/.local/lib/python3.12/site-packages/airflow/example_dags/example_display_name.py
[2024-11-11T02:35:53.072+0000] {processor.py:925} INFO - DAG(s) 'example_display_name' retrieved from /home/airflow/.local/lib/python3.12/site-packages/airflow/example_dags/example_display_name.py
[2024-11-11T02:35:53.082+0000] {logging_mixin.py:190} INFO - [2024-11-11T02:35:53.082+0000] {dag.py:3239} INFO - Sync 1 DAGs
[2024-11-11T02:35:53.089+0000] {logging_mixin.py:190} INFO - [2024-11-11T02:35:53.089+0000] {dag.py:4180} INFO - Setting next_dagrun for example_display_name to None, run_after=None
[2024-11-11T02:35:53.098+0000] {processor.py:208} INFO - Processing /home/airflow/.local/lib/python3.12/site-packages/airflow/example_dags/example_display_name.py took 0.038 seconds
[2024-11-11T02:36:23.737+0000] {processor.py:186} INFO - Started process (PID=1535) to work on /home/airflow/.local/lib/python3.12/site-packages/airflow/example_dags/example_display_name.py
[2024-11-11T02:36:23.738+0000] {processor.py:914} INFO - Processing file /home/airflow/.local/lib/python3.12/site-packages/airflow/example_dags/example_display_name.py for tasks to queue
[2024-11-11T02:36:23.739+0000] {logging_mixin.py:190} INFO - [2024-11-11T02:36:23.739+0000] {dagbag.py:588} INFO - Filling up the DagBag from /home/airflow/.local/lib/python3.12/site-packages/airflow/example_dags/example_display_name.py
[2024-11-11T02:36:23.744+0000] {processor.py:925} INFO - DAG(s) 'example_display_name' retrieved from /home/airflow/.local/lib/python3.12/site-packages/airflow/example_dags/example_display_name.py
[2024-11-11T02:36:23.754+0000] {logging_mixin.py:190} INFO - [2024-11-11T02:36:23.754+0000] {dag.py:3239} INFO - Sync 1 DAGs
[2024-11-11T02:36:23.761+0000] {logging_mixin.py:190} INFO - [2024-11-11T02:36:23.761+0000] {dag.py:4180} INFO - Setting next_dagrun for example_display_name to None, run_after=None
[2024-11-11T02:36:23.769+0000] {processor.py:208} INFO - Processing /home/airflow/.local/lib/python3.12/site-packages/airflow/example_dags/example_display_name.py took 0.035 seconds
[2024-11-11T02:36:54.437+0000] {processor.py:186} INFO - Started process (PID=1598) to work on /home/airflow/.local/lib/python3.12/site-packages/airflow/example_dags/example_display_name.py
[2024-11-11T02:36:54.438+0000] {processor.py:914} INFO - Processing file /home/airflow/.local/lib/python3.12/site-packages/airflow/example_dags/example_display_name.py for tasks to queue
[2024-11-11T02:36:54.439+0000] {logging_mixin.py:190} INFO - [2024-11-11T02:36:54.439+0000] {dagbag.py:588} INFO - Filling up the DagBag from /home/airflow/.local/lib/python3.12/site-packages/airflow/example_dags/example_display_name.py
[2024-11-11T02:36:54.444+0000] {processor.py:925} INFO - DAG(s) 'example_display_name' retrieved from /home/airflow/.local/lib/python3.12/site-packages/airflow/example_dags/example_display_name.py
[2024-11-11T02:36:54.454+0000] {logging_mixin.py:190} INFO - [2024-11-11T02:36:54.454+0000] {dag.py:3239} INFO - Sync 1 DAGs
[2024-11-11T02:36:54.461+0000] {logging_mixin.py:190} INFO - [2024-11-11T02:36:54.461+0000] {dag.py:4180} INFO - Setting next_dagrun for example_display_name to None, run_after=None
[2024-11-11T02:36:54.469+0000] {processor.py:208} INFO - Processing /home/airflow/.local/lib/python3.12/site-packages/airflow/example_dags/example_display_name.py took 0.035 seconds
[2024-11-11T02:37:25.077+0000] {processor.py:186} INFO - Started process (PID=1661) to work on /home/airflow/.local/lib/python3.12/site-packages/airflow/example_dags/example_display_name.py
[2024-11-11T02:37:25.077+0000] {processor.py:914} INFO - Processing file /home/airflow/.local/lib/python3.12/site-packages/airflow/example_dags/example_display_name.py for tasks to queue
[2024-11-11T02:37:25.079+0000] {logging_mixin.py:190} INFO - [2024-11-11T02:37:25.079+0000] {dagbag.py:588} INFO - Filling up the DagBag from /home/airflow/.local/lib/python3.12/site-packages/airflow/example_dags/example_display_name.py
[2024-11-11T02:37:25.084+0000] {processor.py:925} INFO - DAG(s) 'example_display_name' retrieved from /home/airflow/.local/lib/python3.12/site-packages/airflow/example_dags/example_display_name.py
[2024-11-11T02:37:25.094+0000] {logging_mixin.py:190} INFO - [2024-11-11T02:37:25.094+0000] {dag.py:3239} INFO - Sync 1 DAGs
[2024-11-11T02:37:25.101+0000] {logging_mixin.py:190} INFO - [2024-11-11T02:37:25.100+0000] {dag.py:4180} INFO - Setting next_dagrun for example_display_name to None, run_after=None
[2024-11-11T02:37:25.109+0000] {processor.py:208} INFO - Processing /home/airflow/.local/lib/python3.12/site-packages/airflow/example_dags/example_display_name.py took 0.035 seconds
[2024-11-11T02:37:55.718+0000] {processor.py:186} INFO - Started process (PID=1724) to work on /home/airflow/.local/lib/python3.12/site-packages/airflow/example_dags/example_display_name.py
[2024-11-11T02:37:55.719+0000] {processor.py:914} INFO - Processing file /home/airflow/.local/lib/python3.12/site-packages/airflow/example_dags/example_display_name.py for tasks to queue
[2024-11-11T02:37:55.721+0000] {logging_mixin.py:190} INFO - [2024-11-11T02:37:55.720+0000] {dagbag.py:588} INFO - Filling up the DagBag from /home/airflow/.local/lib/python3.12/site-packages/airflow/example_dags/example_display_name.py
[2024-11-11T02:37:55.725+0000] {processor.py:925} INFO - DAG(s) 'example_display_name' retrieved from /home/airflow/.local/lib/python3.12/site-packages/airflow/example_dags/example_display_name.py
[2024-11-11T02:37:55.735+0000] {logging_mixin.py:190} INFO - [2024-11-11T02:37:55.735+0000] {dag.py:3239} INFO - Sync 1 DAGs
[2024-11-11T02:37:55.742+0000] {logging_mixin.py:190} INFO - [2024-11-11T02:37:55.742+0000] {dag.py:4180} INFO - Setting next_dagrun for example_display_name to None, run_after=None
[2024-11-11T02:37:55.750+0000] {processor.py:208} INFO - Processing /home/airflow/.local/lib/python3.12/site-packages/airflow/example_dags/example_display_name.py took 0.035 seconds
[2024-11-11T02:38:26.736+0000] {processor.py:186} INFO - Started process (PID=1787) to work on /home/airflow/.local/lib/python3.12/site-packages/airflow/example_dags/example_display_name.py
[2024-11-11T02:38:26.737+0000] {processor.py:914} INFO - Processing file /home/airflow/.local/lib/python3.12/site-packages/airflow/example_dags/example_display_name.py for tasks to queue
[2024-11-11T02:38:26.739+0000] {logging_mixin.py:190} INFO - [2024-11-11T02:38:26.739+0000] {dagbag.py:588} INFO - Filling up the DagBag from /home/airflow/.local/lib/python3.12/site-packages/airflow/example_dags/example_display_name.py
[2024-11-11T02:38:26.745+0000] {processor.py:925} INFO - DAG(s) 'example_display_name' retrieved from /home/airflow/.local/lib/python3.12/site-packages/airflow/example_dags/example_display_name.py
[2024-11-11T02:38:26.759+0000] {logging_mixin.py:190} INFO - [2024-11-11T02:38:26.759+0000] {dag.py:3239} INFO - Sync 1 DAGs
[2024-11-11T02:38:26.768+0000] {logging_mixin.py:190} INFO - [2024-11-11T02:38:26.768+0000] {dag.py:4180} INFO - Setting next_dagrun for example_display_name to None, run_after=None
[2024-11-11T02:38:26.776+0000] {processor.py:208} INFO - Processing /home/airflow/.local/lib/python3.12/site-packages/airflow/example_dags/example_display_name.py took 0.044 seconds
[2024-11-11T02:38:57.358+0000] {processor.py:186} INFO - Started process (PID=1850) to work on /home/airflow/.local/lib/python3.12/site-packages/airflow/example_dags/example_display_name.py
[2024-11-11T02:38:57.359+0000] {processor.py:914} INFO - Processing file /home/airflow/.local/lib/python3.12/site-packages/airflow/example_dags/example_display_name.py for tasks to queue
[2024-11-11T02:38:57.360+0000] {logging_mixin.py:190} INFO - [2024-11-11T02:38:57.360+0000] {dagbag.py:588} INFO - Filling up the DagBag from /home/airflow/.local/lib/python3.12/site-packages/airflow/example_dags/example_display_name.py
[2024-11-11T02:38:57.365+0000] {processor.py:925} INFO - DAG(s) 'example_display_name' retrieved from /home/airflow/.local/lib/python3.12/site-packages/airflow/example_dags/example_display_name.py
[2024-11-11T02:38:57.375+0000] {logging_mixin.py:190} INFO - [2024-11-11T02:38:57.375+0000] {dag.py:3239} INFO - Sync 1 DAGs
[2024-11-11T02:38:57.382+0000] {logging_mixin.py:190} INFO - [2024-11-11T02:38:57.382+0000] {dag.py:4180} INFO - Setting next_dagrun for example_display_name to None, run_after=None
[2024-11-11T02:38:57.391+0000] {processor.py:208} INFO - Processing /home/airflow/.local/lib/python3.12/site-packages/airflow/example_dags/example_display_name.py took 0.036 seconds
[2024-11-11T02:39:28.032+0000] {processor.py:186} INFO - Started process (PID=1913) to work on /home/airflow/.local/lib/python3.12/site-packages/airflow/example_dags/example_display_name.py
[2024-11-11T02:39:28.032+0000] {processor.py:914} INFO - Processing file /home/airflow/.local/lib/python3.12/site-packages/airflow/example_dags/example_display_name.py for tasks to queue
[2024-11-11T02:39:28.033+0000] {logging_mixin.py:190} INFO - [2024-11-11T02:39:28.033+0000] {dagbag.py:588} INFO - Filling up the DagBag from /home/airflow/.local/lib/python3.12/site-packages/airflow/example_dags/example_display_name.py
[2024-11-11T02:39:28.038+0000] {processor.py:925} INFO - DAG(s) 'example_display_name' retrieved from /home/airflow/.local/lib/python3.12/site-packages/airflow/example_dags/example_display_name.py
[2024-11-11T02:39:28.048+0000] {logging_mixin.py:190} INFO - [2024-11-11T02:39:28.048+0000] {dag.py:3239} INFO - Sync 1 DAGs
[2024-11-11T02:39:28.054+0000] {logging_mixin.py:190} INFO - [2024-11-11T02:39:28.054+0000] {dag.py:4180} INFO - Setting next_dagrun for example_display_name to None, run_after=None
[2024-11-11T02:39:28.063+0000] {processor.py:208} INFO - Processing /home/airflow/.local/lib/python3.12/site-packages/airflow/example_dags/example_display_name.py took 0.035 seconds
[2024-11-11T02:39:58.856+0000] {processor.py:186} INFO - Started process (PID=1976) to work on /home/airflow/.local/lib/python3.12/site-packages/airflow/example_dags/example_display_name.py
[2024-11-11T02:39:58.857+0000] {processor.py:914} INFO - Processing file /home/airflow/.local/lib/python3.12/site-packages/airflow/example_dags/example_display_name.py for tasks to queue
[2024-11-11T02:39:58.858+0000] {logging_mixin.py:190} INFO - [2024-11-11T02:39:58.858+0000] {dagbag.py:588} INFO - Filling up the DagBag from /home/airflow/.local/lib/python3.12/site-packages/airflow/example_dags/example_display_name.py
[2024-11-11T02:39:58.863+0000] {processor.py:925} INFO - DAG(s) 'example_display_name' retrieved from /home/airflow/.local/lib/python3.12/site-packages/airflow/example_dags/example_display_name.py
[2024-11-11T02:39:58.874+0000] {logging_mixin.py:190} INFO - [2024-11-11T02:39:58.874+0000] {dag.py:3239} INFO - Sync 1 DAGs
[2024-11-11T02:39:58.881+0000] {logging_mixin.py:190} INFO - [2024-11-11T02:39:58.881+0000] {dag.py:4180} INFO - Setting next_dagrun for example_display_name to None, run_after=None
[2024-11-11T02:39:58.890+0000] {processor.py:208} INFO - Processing /home/airflow/.local/lib/python3.12/site-packages/airflow/example_dags/example_display_name.py took 0.038 seconds
[2024-11-11T02:40:29.024+0000] {processor.py:186} INFO - Started process (PID=2039) to work on /home/airflow/.local/lib/python3.12/site-packages/airflow/example_dags/example_display_name.py
[2024-11-11T02:40:29.025+0000] {processor.py:914} INFO - Processing file /home/airflow/.local/lib/python3.12/site-packages/airflow/example_dags/example_display_name.py for tasks to queue
[2024-11-11T02:40:29.026+0000] {logging_mixin.py:190} INFO - [2024-11-11T02:40:29.026+0000] {dagbag.py:588} INFO - Filling up the DagBag from /home/airflow/.local/lib/python3.12/site-packages/airflow/example_dags/example_display_name.py
[2024-11-11T02:40:29.031+0000] {processor.py:925} INFO - DAG(s) 'example_display_name' retrieved from /home/airflow/.local/lib/python3.12/site-packages/airflow/example_dags/example_display_name.py
[2024-11-11T02:40:29.043+0000] {logging_mixin.py:190} INFO - [2024-11-11T02:40:29.043+0000] {dag.py:3239} INFO - Sync 1 DAGs
[2024-11-11T02:40:29.052+0000] {logging_mixin.py:190} INFO - [2024-11-11T02:40:29.052+0000] {dag.py:4180} INFO - Setting next_dagrun for example_display_name to None, run_after=None
[2024-11-11T02:40:29.062+0000] {processor.py:208} INFO - Processing /home/airflow/.local/lib/python3.12/site-packages/airflow/example_dags/example_display_name.py took 0.041 seconds
[2024-11-11T02:40:59.765+0000] {processor.py:186} INFO - Started process (PID=2102) to work on /home/airflow/.local/lib/python3.12/site-packages/airflow/example_dags/example_display_name.py
[2024-11-11T02:40:59.766+0000] {processor.py:914} INFO - Processing file /home/airflow/.local/lib/python3.12/site-packages/airflow/example_dags/example_display_name.py for tasks to queue
[2024-11-11T02:40:59.767+0000] {logging_mixin.py:190} INFO - [2024-11-11T02:40:59.767+0000] {dagbag.py:588} INFO - Filling up the DagBag from /home/airflow/.local/lib/python3.12/site-packages/airflow/example_dags/example_display_name.py
[2024-11-11T02:40:59.772+0000] {processor.py:925} INFO - DAG(s) 'example_display_name' retrieved from /home/airflow/.local/lib/python3.12/site-packages/airflow/example_dags/example_display_name.py
[2024-11-11T02:40:59.782+0000] {logging_mixin.py:190} INFO - [2024-11-11T02:40:59.782+0000] {dag.py:3239} INFO - Sync 1 DAGs
[2024-11-11T02:40:59.790+0000] {logging_mixin.py:190} INFO - [2024-11-11T02:40:59.790+0000] {dag.py:4180} INFO - Setting next_dagrun for example_display_name to None, run_after=None
[2024-11-11T02:40:59.799+0000] {processor.py:208} INFO - Processing /home/airflow/.local/lib/python3.12/site-packages/airflow/example_dags/example_display_name.py took 0.037 seconds
[2024-11-11T02:41:30.541+0000] {processor.py:186} INFO - Started process (PID=2165) to work on /home/airflow/.local/lib/python3.12/site-packages/airflow/example_dags/example_display_name.py
[2024-11-11T02:41:30.542+0000] {processor.py:914} INFO - Processing file /home/airflow/.local/lib/python3.12/site-packages/airflow/example_dags/example_display_name.py for tasks to queue
[2024-11-11T02:41:30.543+0000] {logging_mixin.py:190} INFO - [2024-11-11T02:41:30.543+0000] {dagbag.py:588} INFO - Filling up the DagBag from /home/airflow/.local/lib/python3.12/site-packages/airflow/example_dags/example_display_name.py
[2024-11-11T02:41:30.548+0000] {processor.py:925} INFO - DAG(s) 'example_display_name' retrieved from /home/airflow/.local/lib/python3.12/site-packages/airflow/example_dags/example_display_name.py
[2024-11-11T02:41:30.559+0000] {logging_mixin.py:190} INFO - [2024-11-11T02:41:30.559+0000] {dag.py:3239} INFO - Sync 1 DAGs
[2024-11-11T02:41:30.566+0000] {logging_mixin.py:190} INFO - [2024-11-11T02:41:30.566+0000] {dag.py:4180} INFO - Setting next_dagrun for example_display_name to None, run_after=None
[2024-11-11T02:41:30.578+0000] {processor.py:208} INFO - Processing /home/airflow/.local/lib/python3.12/site-packages/airflow/example_dags/example_display_name.py took 0.041 seconds
[2024-11-11T02:42:01.181+0000] {processor.py:186} INFO - Started process (PID=2228) to work on /home/airflow/.local/lib/python3.12/site-packages/airflow/example_dags/example_display_name.py
[2024-11-11T02:42:01.181+0000] {processor.py:914} INFO - Processing file /home/airflow/.local/lib/python3.12/site-packages/airflow/example_dags/example_display_name.py for tasks to queue
[2024-11-11T02:42:01.183+0000] {logging_mixin.py:190} INFO - [2024-11-11T02:42:01.182+0000] {dagbag.py:588} INFO - Filling up the DagBag from /home/airflow/.local/lib/python3.12/site-packages/airflow/example_dags/example_display_name.py
[2024-11-11T02:42:01.187+0000] {processor.py:925} INFO - DAG(s) 'example_display_name' retrieved from /home/airflow/.local/lib/python3.12/site-packages/airflow/example_dags/example_display_name.py
[2024-11-11T02:42:01.196+0000] {logging_mixin.py:190} INFO - [2024-11-11T02:42:01.196+0000] {dag.py:3239} INFO - Sync 1 DAGs
[2024-11-11T02:42:01.203+0000] {logging_mixin.py:190} INFO - [2024-11-11T02:42:01.203+0000] {dag.py:4180} INFO - Setting next_dagrun for example_display_name to None, run_after=None
[2024-11-11T02:42:01.211+0000] {processor.py:208} INFO - Processing /home/airflow/.local/lib/python3.12/site-packages/airflow/example_dags/example_display_name.py took 0.034 seconds
[2024-11-11T02:42:31.919+0000] {processor.py:186} INFO - Started process (PID=2291) to work on /home/airflow/.local/lib/python3.12/site-packages/airflow/example_dags/example_display_name.py
[2024-11-11T02:42:31.919+0000] {processor.py:914} INFO - Processing file /home/airflow/.local/lib/python3.12/site-packages/airflow/example_dags/example_display_name.py for tasks to queue
[2024-11-11T02:42:31.921+0000] {logging_mixin.py:190} INFO - [2024-11-11T02:42:31.921+0000] {dagbag.py:588} INFO - Filling up the DagBag from /home/airflow/.local/lib/python3.12/site-packages/airflow/example_dags/example_display_name.py
[2024-11-11T02:42:31.925+0000] {processor.py:925} INFO - DAG(s) 'example_display_name' retrieved from /home/airflow/.local/lib/python3.12/site-packages/airflow/example_dags/example_display_name.py
[2024-11-11T02:42:31.935+0000] {logging_mixin.py:190} INFO - [2024-11-11T02:42:31.935+0000] {dag.py:3239} INFO - Sync 1 DAGs
[2024-11-11T02:42:31.942+0000] {logging_mixin.py:190} INFO - [2024-11-11T02:42:31.942+0000] {dag.py:4180} INFO - Setting next_dagrun for example_display_name to None, run_after=None
[2024-11-11T02:42:31.950+0000] {processor.py:208} INFO - Processing /home/airflow/.local/lib/python3.12/site-packages/airflow/example_dags/example_display_name.py took 0.035 seconds
[2024-11-11T02:43:02.577+0000] {processor.py:186} INFO - Started process (PID=2354) to work on /home/airflow/.local/lib/python3.12/site-packages/airflow/example_dags/example_display_name.py
[2024-11-11T02:43:02.578+0000] {processor.py:914} INFO - Processing file /home/airflow/.local/lib/python3.12/site-packages/airflow/example_dags/example_display_name.py for tasks to queue
[2024-11-11T02:43:02.580+0000] {logging_mixin.py:190} INFO - [2024-11-11T02:43:02.579+0000] {dagbag.py:588} INFO - Filling up the DagBag from /home/airflow/.local/lib/python3.12/site-packages/airflow/example_dags/example_display_name.py
[2024-11-11T02:43:02.584+0000] {processor.py:925} INFO - DAG(s) 'example_display_name' retrieved from /home/airflow/.local/lib/python3.12/site-packages/airflow/example_dags/example_display_name.py
[2024-11-11T02:43:02.594+0000] {logging_mixin.py:190} INFO - [2024-11-11T02:43:02.594+0000] {dag.py:3239} INFO - Sync 1 DAGs
[2024-11-11T02:43:02.601+0000] {logging_mixin.py:190} INFO - [2024-11-11T02:43:02.601+0000] {dag.py:4180} INFO - Setting next_dagrun for example_display_name to None, run_after=None
[2024-11-11T02:43:02.610+0000] {processor.py:208} INFO - Processing /home/airflow/.local/lib/python3.12/site-packages/airflow/example_dags/example_display_name.py took 0.036 seconds
[2024-11-11T02:43:33.334+0000] {processor.py:186} INFO - Started process (PID=2417) to work on /home/airflow/.local/lib/python3.12/site-packages/airflow/example_dags/example_display_name.py
[2024-11-11T02:43:33.335+0000] {processor.py:914} INFO - Processing file /home/airflow/.local/lib/python3.12/site-packages/airflow/example_dags/example_display_name.py for tasks to queue
[2024-11-11T02:43:33.336+0000] {logging_mixin.py:190} INFO - [2024-11-11T02:43:33.336+0000] {dagbag.py:588} INFO - Filling up the DagBag from /home/airflow/.local/lib/python3.12/site-packages/airflow/example_dags/example_display_name.py
[2024-11-11T02:43:33.342+0000] {processor.py:925} INFO - DAG(s) 'example_display_name' retrieved from /home/airflow/.local/lib/python3.12/site-packages/airflow/example_dags/example_display_name.py
[2024-11-11T02:43:33.356+0000] {logging_mixin.py:190} INFO - [2024-11-11T02:43:33.356+0000] {dag.py:3239} INFO - Sync 1 DAGs
[2024-11-11T02:43:33.364+0000] {logging_mixin.py:190} INFO - [2024-11-11T02:43:33.364+0000] {dag.py:4180} INFO - Setting next_dagrun for example_display_name to None, run_after=None
[2024-11-11T02:43:33.379+0000] {processor.py:208} INFO - Processing /home/airflow/.local/lib/python3.12/site-packages/airflow/example_dags/example_display_name.py took 0.050 seconds
[2024-11-11T02:44:04.117+0000] {processor.py:186} INFO - Started process (PID=2480) to work on /home/airflow/.local/lib/python3.12/site-packages/airflow/example_dags/example_display_name.py
[2024-11-11T02:44:04.117+0000] {processor.py:914} INFO - Processing file /home/airflow/.local/lib/python3.12/site-packages/airflow/example_dags/example_display_name.py for tasks to queue
[2024-11-11T02:44:04.119+0000] {logging_mixin.py:190} INFO - [2024-11-11T02:44:04.119+0000] {dagbag.py:588} INFO - Filling up the DagBag from /home/airflow/.local/lib/python3.12/site-packages/airflow/example_dags/example_display_name.py
[2024-11-11T02:44:04.124+0000] {processor.py:925} INFO - DAG(s) 'example_display_name' retrieved from /home/airflow/.local/lib/python3.12/site-packages/airflow/example_dags/example_display_name.py
[2024-11-11T02:44:04.134+0000] {logging_mixin.py:190} INFO - [2024-11-11T02:44:04.134+0000] {dag.py:3239} INFO - Sync 1 DAGs
[2024-11-11T02:44:04.141+0000] {logging_mixin.py:190} INFO - [2024-11-11T02:44:04.141+0000] {dag.py:4180} INFO - Setting next_dagrun for example_display_name to None, run_after=None
[2024-11-11T02:44:04.149+0000] {processor.py:208} INFO - Processing /home/airflow/.local/lib/python3.12/site-packages/airflow/example_dags/example_display_name.py took 0.036 seconds
[2024-11-11T02:44:34.791+0000] {processor.py:186} INFO - Started process (PID=2543) to work on /home/airflow/.local/lib/python3.12/site-packages/airflow/example_dags/example_display_name.py
[2024-11-11T02:44:34.792+0000] {processor.py:914} INFO - Processing file /home/airflow/.local/lib/python3.12/site-packages/airflow/example_dags/example_display_name.py for tasks to queue
[2024-11-11T02:44:34.793+0000] {logging_mixin.py:190} INFO - [2024-11-11T02:44:34.793+0000] {dagbag.py:588} INFO - Filling up the DagBag from /home/airflow/.local/lib/python3.12/site-packages/airflow/example_dags/example_display_name.py
[2024-11-11T02:44:34.797+0000] {processor.py:925} INFO - DAG(s) 'example_display_name' retrieved from /home/airflow/.local/lib/python3.12/site-packages/airflow/example_dags/example_display_name.py
[2024-11-11T02:44:34.807+0000] {logging_mixin.py:190} INFO - [2024-11-11T02:44:34.807+0000] {dag.py:3239} INFO - Sync 1 DAGs
[2024-11-11T02:44:34.814+0000] {logging_mixin.py:190} INFO - [2024-11-11T02:44:34.814+0000] {dag.py:4180} INFO - Setting next_dagrun for example_display_name to None, run_after=None
[2024-11-11T02:44:34.823+0000] {processor.py:208} INFO - Processing /home/airflow/.local/lib/python3.12/site-packages/airflow/example_dags/example_display_name.py took 0.035 seconds
[2024-11-11T02:45:05.356+0000] {processor.py:186} INFO - Started process (PID=2606) to work on /home/airflow/.local/lib/python3.12/site-packages/airflow/example_dags/example_display_name.py
[2024-11-11T02:45:05.358+0000] {processor.py:914} INFO - Processing file /home/airflow/.local/lib/python3.12/site-packages/airflow/example_dags/example_display_name.py for tasks to queue
[2024-11-11T02:45:05.359+0000] {logging_mixin.py:190} INFO - [2024-11-11T02:45:05.359+0000] {dagbag.py:588} INFO - Filling up the DagBag from /home/airflow/.local/lib/python3.12/site-packages/airflow/example_dags/example_display_name.py
[2024-11-11T02:45:05.364+0000] {processor.py:925} INFO - DAG(s) 'example_display_name' retrieved from /home/airflow/.local/lib/python3.12/site-packages/airflow/example_dags/example_display_name.py
[2024-11-11T02:45:05.376+0000] {logging_mixin.py:190} INFO - [2024-11-11T02:45:05.376+0000] {dag.py:3239} INFO - Sync 1 DAGs
[2024-11-11T02:45:05.384+0000] {logging_mixin.py:190} INFO - [2024-11-11T02:45:05.384+0000] {dag.py:4180} INFO - Setting next_dagrun for example_display_name to None, run_after=None
[2024-11-11T02:45:05.396+0000] {processor.py:208} INFO - Processing /home/airflow/.local/lib/python3.12/site-packages/airflow/example_dags/example_display_name.py took 0.043 seconds
[2024-11-11T02:45:36.052+0000] {processor.py:186} INFO - Started process (PID=2669) to work on /home/airflow/.local/lib/python3.12/site-packages/airflow/example_dags/example_display_name.py
[2024-11-11T02:45:36.053+0000] {processor.py:914} INFO - Processing file /home/airflow/.local/lib/python3.12/site-packages/airflow/example_dags/example_display_name.py for tasks to queue
[2024-11-11T02:45:36.055+0000] {logging_mixin.py:190} INFO - [2024-11-11T02:45:36.054+0000] {dagbag.py:588} INFO - Filling up the DagBag from /home/airflow/.local/lib/python3.12/site-packages/airflow/example_dags/example_display_name.py
[2024-11-11T02:45:36.059+0000] {processor.py:925} INFO - DAG(s) 'example_display_name' retrieved from /home/airflow/.local/lib/python3.12/site-packages/airflow/example_dags/example_display_name.py
[2024-11-11T02:45:36.069+0000] {logging_mixin.py:190} INFO - [2024-11-11T02:45:36.069+0000] {dag.py:3239} INFO - Sync 1 DAGs
[2024-11-11T02:45:36.076+0000] {logging_mixin.py:190} INFO - [2024-11-11T02:45:36.076+0000] {dag.py:4180} INFO - Setting next_dagrun for example_display_name to None, run_after=None
[2024-11-11T02:45:36.084+0000] {processor.py:208} INFO - Processing /home/airflow/.local/lib/python3.12/site-packages/airflow/example_dags/example_display_name.py took 0.036 seconds
[2024-11-11T02:46:06.686+0000] {processor.py:186} INFO - Started process (PID=2731) to work on /home/airflow/.local/lib/python3.12/site-packages/airflow/example_dags/example_display_name.py
[2024-11-11T02:46:06.687+0000] {processor.py:914} INFO - Processing file /home/airflow/.local/lib/python3.12/site-packages/airflow/example_dags/example_display_name.py for tasks to queue
[2024-11-11T02:46:06.688+0000] {logging_mixin.py:190} INFO - [2024-11-11T02:46:06.688+0000] {dagbag.py:588} INFO - Filling up the DagBag from /home/airflow/.local/lib/python3.12/site-packages/airflow/example_dags/example_display_name.py
[2024-11-11T02:46:06.693+0000] {processor.py:925} INFO - DAG(s) 'example_display_name' retrieved from /home/airflow/.local/lib/python3.12/site-packages/airflow/example_dags/example_display_name.py
[2024-11-11T02:46:06.704+0000] {logging_mixin.py:190} INFO - [2024-11-11T02:46:06.704+0000] {dag.py:3239} INFO - Sync 1 DAGs
[2024-11-11T02:46:06.711+0000] {logging_mixin.py:190} INFO - [2024-11-11T02:46:06.711+0000] {dag.py:4180} INFO - Setting next_dagrun for example_display_name to None, run_after=None
[2024-11-11T02:46:06.720+0000] {processor.py:208} INFO - Processing /home/airflow/.local/lib/python3.12/site-packages/airflow/example_dags/example_display_name.py took 0.038 seconds
[2024-11-11T02:46:37.430+0000] {processor.py:186} INFO - Started process (PID=2794) to work on /home/airflow/.local/lib/python3.12/site-packages/airflow/example_dags/example_display_name.py
[2024-11-11T02:46:37.431+0000] {processor.py:914} INFO - Processing file /home/airflow/.local/lib/python3.12/site-packages/airflow/example_dags/example_display_name.py for tasks to queue
[2024-11-11T02:46:37.432+0000] {logging_mixin.py:190} INFO - [2024-11-11T02:46:37.432+0000] {dagbag.py:588} INFO - Filling up the DagBag from /home/airflow/.local/lib/python3.12/site-packages/airflow/example_dags/example_display_name.py
[2024-11-11T02:46:37.436+0000] {processor.py:925} INFO - DAG(s) 'example_display_name' retrieved from /home/airflow/.local/lib/python3.12/site-packages/airflow/example_dags/example_display_name.py
[2024-11-11T02:46:37.447+0000] {logging_mixin.py:190} INFO - [2024-11-11T02:46:37.446+0000] {dag.py:3239} INFO - Sync 1 DAGs
[2024-11-11T02:46:37.453+0000] {logging_mixin.py:190} INFO - [2024-11-11T02:46:37.453+0000] {dag.py:4180} INFO - Setting next_dagrun for example_display_name to None, run_after=None
[2024-11-11T02:46:37.462+0000] {processor.py:208} INFO - Processing /home/airflow/.local/lib/python3.12/site-packages/airflow/example_dags/example_display_name.py took 0.036 seconds
[2024-11-11T02:47:08.017+0000] {processor.py:186} INFO - Started process (PID=2857) to work on /home/airflow/.local/lib/python3.12/site-packages/airflow/example_dags/example_display_name.py
[2024-11-11T02:47:08.018+0000] {processor.py:914} INFO - Processing file /home/airflow/.local/lib/python3.12/site-packages/airflow/example_dags/example_display_name.py for tasks to queue
[2024-11-11T02:47:08.019+0000] {logging_mixin.py:190} INFO - [2024-11-11T02:47:08.019+0000] {dagbag.py:588} INFO - Filling up the DagBag from /home/airflow/.local/lib/python3.12/site-packages/airflow/example_dags/example_display_name.py
[2024-11-11T02:47:08.024+0000] {processor.py:925} INFO - DAG(s) 'example_display_name' retrieved from /home/airflow/.local/lib/python3.12/site-packages/airflow/example_dags/example_display_name.py
[2024-11-11T02:47:08.034+0000] {logging_mixin.py:190} INFO - [2024-11-11T02:47:08.034+0000] {dag.py:3239} INFO - Sync 1 DAGs
[2024-11-11T02:47:08.041+0000] {logging_mixin.py:190} INFO - [2024-11-11T02:47:08.041+0000] {dag.py:4180} INFO - Setting next_dagrun for example_display_name to None, run_after=None
[2024-11-11T02:47:08.050+0000] {processor.py:208} INFO - Processing /home/airflow/.local/lib/python3.12/site-packages/airflow/example_dags/example_display_name.py took 0.036 seconds
[2024-11-11T02:47:38.583+0000] {processor.py:186} INFO - Started process (PID=2920) to work on /home/airflow/.local/lib/python3.12/site-packages/airflow/example_dags/example_display_name.py
[2024-11-11T02:47:38.583+0000] {processor.py:914} INFO - Processing file /home/airflow/.local/lib/python3.12/site-packages/airflow/example_dags/example_display_name.py for tasks to queue
[2024-11-11T02:47:38.585+0000] {logging_mixin.py:190} INFO - [2024-11-11T02:47:38.585+0000] {dagbag.py:588} INFO - Filling up the DagBag from /home/airflow/.local/lib/python3.12/site-packages/airflow/example_dags/example_display_name.py
[2024-11-11T02:47:38.590+0000] {processor.py:925} INFO - DAG(s) 'example_display_name' retrieved from /home/airflow/.local/lib/python3.12/site-packages/airflow/example_dags/example_display_name.py
[2024-11-11T02:47:38.600+0000] {logging_mixin.py:190} INFO - [2024-11-11T02:47:38.600+0000] {dag.py:3239} INFO - Sync 1 DAGs
[2024-11-11T02:47:38.607+0000] {logging_mixin.py:190} INFO - [2024-11-11T02:47:38.607+0000] {dag.py:4180} INFO - Setting next_dagrun for example_display_name to None, run_after=None
[2024-11-11T02:47:38.616+0000] {processor.py:208} INFO - Processing /home/airflow/.local/lib/python3.12/site-packages/airflow/example_dags/example_display_name.py took 0.036 seconds
[2024-11-11T02:48:09.204+0000] {processor.py:186} INFO - Started process (PID=2983) to work on /home/airflow/.local/lib/python3.12/site-packages/airflow/example_dags/example_display_name.py
[2024-11-11T02:48:09.205+0000] {processor.py:914} INFO - Processing file /home/airflow/.local/lib/python3.12/site-packages/airflow/example_dags/example_display_name.py for tasks to queue
[2024-11-11T02:48:09.207+0000] {logging_mixin.py:190} INFO - [2024-11-11T02:48:09.206+0000] {dagbag.py:588} INFO - Filling up the DagBag from /home/airflow/.local/lib/python3.12/site-packages/airflow/example_dags/example_display_name.py
[2024-11-11T02:48:09.211+0000] {processor.py:925} INFO - DAG(s) 'example_display_name' retrieved from /home/airflow/.local/lib/python3.12/site-packages/airflow/example_dags/example_display_name.py
[2024-11-11T02:48:09.222+0000] {logging_mixin.py:190} INFO - [2024-11-11T02:48:09.221+0000] {dag.py:3239} INFO - Sync 1 DAGs
[2024-11-11T02:48:09.228+0000] {logging_mixin.py:190} INFO - [2024-11-11T02:48:09.228+0000] {dag.py:4180} INFO - Setting next_dagrun for example_display_name to None, run_after=None
[2024-11-11T02:48:09.237+0000] {processor.py:208} INFO - Processing /home/airflow/.local/lib/python3.12/site-packages/airflow/example_dags/example_display_name.py took 0.036 seconds
[2024-11-11T02:48:39.793+0000] {processor.py:186} INFO - Started process (PID=3046) to work on /home/airflow/.local/lib/python3.12/site-packages/airflow/example_dags/example_display_name.py
[2024-11-11T02:48:39.793+0000] {processor.py:914} INFO - Processing file /home/airflow/.local/lib/python3.12/site-packages/airflow/example_dags/example_display_name.py for tasks to queue
[2024-11-11T02:48:39.795+0000] {logging_mixin.py:190} INFO - [2024-11-11T02:48:39.795+0000] {dagbag.py:588} INFO - Filling up the DagBag from /home/airflow/.local/lib/python3.12/site-packages/airflow/example_dags/example_display_name.py
[2024-11-11T02:48:39.800+0000] {processor.py:925} INFO - DAG(s) 'example_display_name' retrieved from /home/airflow/.local/lib/python3.12/site-packages/airflow/example_dags/example_display_name.py
[2024-11-11T02:48:39.810+0000] {logging_mixin.py:190} INFO - [2024-11-11T02:48:39.810+0000] {dag.py:3239} INFO - Sync 1 DAGs
[2024-11-11T02:48:39.817+0000] {logging_mixin.py:190} INFO - [2024-11-11T02:48:39.817+0000] {dag.py:4180} INFO - Setting next_dagrun for example_display_name to None, run_after=None
[2024-11-11T02:48:39.826+0000] {processor.py:208} INFO - Processing /home/airflow/.local/lib/python3.12/site-packages/airflow/example_dags/example_display_name.py took 0.036 seconds
[2024-11-11T02:49:10.355+0000] {processor.py:186} INFO - Started process (PID=3109) to work on /home/airflow/.local/lib/python3.12/site-packages/airflow/example_dags/example_display_name.py
[2024-11-11T02:49:10.356+0000] {processor.py:914} INFO - Processing file /home/airflow/.local/lib/python3.12/site-packages/airflow/example_dags/example_display_name.py for tasks to queue
[2024-11-11T02:49:10.357+0000] {logging_mixin.py:190} INFO - [2024-11-11T02:49:10.357+0000] {dagbag.py:588} INFO - Filling up the DagBag from /home/airflow/.local/lib/python3.12/site-packages/airflow/example_dags/example_display_name.py
[2024-11-11T02:49:10.362+0000] {processor.py:925} INFO - DAG(s) 'example_display_name' retrieved from /home/airflow/.local/lib/python3.12/site-packages/airflow/example_dags/example_display_name.py
[2024-11-11T02:49:10.372+0000] {logging_mixin.py:190} INFO - [2024-11-11T02:49:10.372+0000] {dag.py:3239} INFO - Sync 1 DAGs
[2024-11-11T02:49:10.379+0000] {logging_mixin.py:190} INFO - [2024-11-11T02:49:10.379+0000] {dag.py:4180} INFO - Setting next_dagrun for example_display_name to None, run_after=None
[2024-11-11T02:49:10.388+0000] {processor.py:208} INFO - Processing /home/airflow/.local/lib/python3.12/site-packages/airflow/example_dags/example_display_name.py took 0.036 seconds
[2024-11-11T02:49:41.199+0000] {processor.py:186} INFO - Started process (PID=3172) to work on /home/airflow/.local/lib/python3.12/site-packages/airflow/example_dags/example_display_name.py
[2024-11-11T02:49:41.200+0000] {processor.py:914} INFO - Processing file /home/airflow/.local/lib/python3.12/site-packages/airflow/example_dags/example_display_name.py for tasks to queue
[2024-11-11T02:49:41.202+0000] {logging_mixin.py:190} INFO - [2024-11-11T02:49:41.202+0000] {dagbag.py:588} INFO - Filling up the DagBag from /home/airflow/.local/lib/python3.12/site-packages/airflow/example_dags/example_display_name.py
[2024-11-11T02:49:41.207+0000] {processor.py:925} INFO - DAG(s) 'example_display_name' retrieved from /home/airflow/.local/lib/python3.12/site-packages/airflow/example_dags/example_display_name.py
[2024-11-11T02:49:41.217+0000] {logging_mixin.py:190} INFO - [2024-11-11T02:49:41.217+0000] {dag.py:3239} INFO - Sync 1 DAGs
[2024-11-11T02:49:41.225+0000] {logging_mixin.py:190} INFO - [2024-11-11T02:49:41.224+0000] {dag.py:4180} INFO - Setting next_dagrun for example_display_name to None, run_after=None
[2024-11-11T02:49:41.233+0000] {processor.py:208} INFO - Processing /home/airflow/.local/lib/python3.12/site-packages/airflow/example_dags/example_display_name.py took 0.038 seconds
[2024-11-11T02:50:12.108+0000] {processor.py:186} INFO - Started process (PID=3235) to work on /home/airflow/.local/lib/python3.12/site-packages/airflow/example_dags/example_display_name.py
[2024-11-11T02:50:12.109+0000] {processor.py:914} INFO - Processing file /home/airflow/.local/lib/python3.12/site-packages/airflow/example_dags/example_display_name.py for tasks to queue
[2024-11-11T02:50:12.111+0000] {logging_mixin.py:190} INFO - [2024-11-11T02:50:12.111+0000] {dagbag.py:588} INFO - Filling up the DagBag from /home/airflow/.local/lib/python3.12/site-packages/airflow/example_dags/example_display_name.py
[2024-11-11T02:50:12.115+0000] {processor.py:925} INFO - DAG(s) 'example_display_name' retrieved from /home/airflow/.local/lib/python3.12/site-packages/airflow/example_dags/example_display_name.py
[2024-11-11T02:50:12.125+0000] {logging_mixin.py:190} INFO - [2024-11-11T02:50:12.125+0000] {dag.py:3239} INFO - Sync 1 DAGs
[2024-11-11T02:50:12.133+0000] {logging_mixin.py:190} INFO - [2024-11-11T02:50:12.133+0000] {dag.py:4180} INFO - Setting next_dagrun for example_display_name to None, run_after=None
[2024-11-11T02:50:12.141+0000] {processor.py:208} INFO - Processing /home/airflow/.local/lib/python3.12/site-packages/airflow/example_dags/example_display_name.py took 0.036 seconds
[2024-11-11T02:50:43.416+0000] {processor.py:186} INFO - Started process (PID=3298) to work on /home/airflow/.local/lib/python3.12/site-packages/airflow/example_dags/example_display_name.py
[2024-11-11T02:50:43.416+0000] {processor.py:914} INFO - Processing file /home/airflow/.local/lib/python3.12/site-packages/airflow/example_dags/example_display_name.py for tasks to queue
[2024-11-11T02:50:43.418+0000] {logging_mixin.py:190} INFO - [2024-11-11T02:50:43.418+0000] {dagbag.py:588} INFO - Filling up the DagBag from /home/airflow/.local/lib/python3.12/site-packages/airflow/example_dags/example_display_name.py
[2024-11-11T02:50:43.422+0000] {processor.py:925} INFO - DAG(s) 'example_display_name' retrieved from /home/airflow/.local/lib/python3.12/site-packages/airflow/example_dags/example_display_name.py
[2024-11-11T02:50:43.431+0000] {logging_mixin.py:190} INFO - [2024-11-11T02:50:43.431+0000] {dag.py:3239} INFO - Sync 1 DAGs
[2024-11-11T02:50:43.438+0000] {logging_mixin.py:190} INFO - [2024-11-11T02:50:43.438+0000] {dag.py:4180} INFO - Setting next_dagrun for example_display_name to None, run_after=None
[2024-11-11T02:50:43.446+0000] {processor.py:208} INFO - Processing /home/airflow/.local/lib/python3.12/site-packages/airflow/example_dags/example_display_name.py took 0.033 seconds
[2024-11-11T02:51:13.534+0000] {processor.py:186} INFO - Started process (PID=3361) to work on /home/airflow/.local/lib/python3.12/site-packages/airflow/example_dags/example_display_name.py
[2024-11-11T02:51:13.535+0000] {processor.py:914} INFO - Processing file /home/airflow/.local/lib/python3.12/site-packages/airflow/example_dags/example_display_name.py for tasks to queue
[2024-11-11T02:51:13.536+0000] {logging_mixin.py:190} INFO - [2024-11-11T02:51:13.536+0000] {dagbag.py:588} INFO - Filling up the DagBag from /home/airflow/.local/lib/python3.12/site-packages/airflow/example_dags/example_display_name.py
[2024-11-11T02:51:13.541+0000] {processor.py:925} INFO - DAG(s) 'example_display_name' retrieved from /home/airflow/.local/lib/python3.12/site-packages/airflow/example_dags/example_display_name.py
[2024-11-11T02:51:13.549+0000] {logging_mixin.py:190} INFO - [2024-11-11T02:51:13.549+0000] {dag.py:3239} INFO - Sync 1 DAGs
[2024-11-11T02:51:13.556+0000] {logging_mixin.py:190} INFO - [2024-11-11T02:51:13.556+0000] {dag.py:4180} INFO - Setting next_dagrun for example_display_name to None, run_after=None
[2024-11-11T02:51:13.564+0000] {processor.py:208} INFO - Processing /home/airflow/.local/lib/python3.12/site-packages/airflow/example_dags/example_display_name.py took 0.034 seconds
[2024-11-11T02:51:44.646+0000] {processor.py:186} INFO - Started process (PID=3424) to work on /home/airflow/.local/lib/python3.12/site-packages/airflow/example_dags/example_display_name.py
[2024-11-11T02:51:44.647+0000] {processor.py:914} INFO - Processing file /home/airflow/.local/lib/python3.12/site-packages/airflow/example_dags/example_display_name.py for tasks to queue
[2024-11-11T02:51:44.648+0000] {logging_mixin.py:190} INFO - [2024-11-11T02:51:44.648+0000] {dagbag.py:588} INFO - Filling up the DagBag from /home/airflow/.local/lib/python3.12/site-packages/airflow/example_dags/example_display_name.py
[2024-11-11T02:51:44.653+0000] {processor.py:925} INFO - DAG(s) 'example_display_name' retrieved from /home/airflow/.local/lib/python3.12/site-packages/airflow/example_dags/example_display_name.py
[2024-11-11T02:51:44.663+0000] {logging_mixin.py:190} INFO - [2024-11-11T02:51:44.663+0000] {dag.py:3239} INFO - Sync 1 DAGs
[2024-11-11T02:51:44.670+0000] {logging_mixin.py:190} INFO - [2024-11-11T02:51:44.670+0000] {dag.py:4180} INFO - Setting next_dagrun for example_display_name to None, run_after=None
[2024-11-11T02:51:44.679+0000] {processor.py:208} INFO - Processing /home/airflow/.local/lib/python3.12/site-packages/airflow/example_dags/example_display_name.py took 0.036 seconds
[2024-11-11T02:52:17.148+0000] {processor.py:186} INFO - Started process (PID=3487) to work on /home/airflow/.local/lib/python3.12/site-packages/airflow/example_dags/example_display_name.py
[2024-11-11T02:52:17.148+0000] {processor.py:914} INFO - Processing file /home/airflow/.local/lib/python3.12/site-packages/airflow/example_dags/example_display_name.py for tasks to queue
[2024-11-11T02:52:17.150+0000] {logging_mixin.py:190} INFO - [2024-11-11T02:52:17.149+0000] {dagbag.py:588} INFO - Filling up the DagBag from /home/airflow/.local/lib/python3.12/site-packages/airflow/example_dags/example_display_name.py
[2024-11-11T02:52:17.154+0000] {processor.py:925} INFO - DAG(s) 'example_display_name' retrieved from /home/airflow/.local/lib/python3.12/site-packages/airflow/example_dags/example_display_name.py
[2024-11-11T02:52:17.165+0000] {logging_mixin.py:190} INFO - [2024-11-11T02:52:17.164+0000] {dag.py:3239} INFO - Sync 1 DAGs
[2024-11-11T02:52:17.276+0000] {logging_mixin.py:190} INFO - [2024-11-11T02:52:17.276+0000] {dag.py:4180} INFO - Setting next_dagrun for example_display_name to None, run_after=None
[2024-11-11T02:52:17.283+0000] {processor.py:208} INFO - Processing /home/airflow/.local/lib/python3.12/site-packages/airflow/example_dags/example_display_name.py took 0.139 seconds
[2024-11-11T02:52:47.486+0000] {processor.py:186} INFO - Started process (PID=3550) to work on /home/airflow/.local/lib/python3.12/site-packages/airflow/example_dags/example_display_name.py
[2024-11-11T02:52:47.487+0000] {processor.py:914} INFO - Processing file /home/airflow/.local/lib/python3.12/site-packages/airflow/example_dags/example_display_name.py for tasks to queue
[2024-11-11T02:52:47.488+0000] {logging_mixin.py:190} INFO - [2024-11-11T02:52:47.488+0000] {dagbag.py:588} INFO - Filling up the DagBag from /home/airflow/.local/lib/python3.12/site-packages/airflow/example_dags/example_display_name.py
[2024-11-11T02:52:47.493+0000] {processor.py:925} INFO - DAG(s) 'example_display_name' retrieved from /home/airflow/.local/lib/python3.12/site-packages/airflow/example_dags/example_display_name.py
[2024-11-11T02:52:47.502+0000] {logging_mixin.py:190} INFO - [2024-11-11T02:52:47.502+0000] {dag.py:3239} INFO - Sync 1 DAGs
[2024-11-11T02:52:47.509+0000] {logging_mixin.py:190} INFO - [2024-11-11T02:52:47.509+0000] {dag.py:4180} INFO - Setting next_dagrun for example_display_name to None, run_after=None
[2024-11-11T02:52:47.608+0000] {processor.py:208} INFO - Processing /home/airflow/.local/lib/python3.12/site-packages/airflow/example_dags/example_display_name.py took 0.125 seconds
[2024-11-11T02:53:18.345+0000] {processor.py:186} INFO - Started process (PID=3613) to work on /home/airflow/.local/lib/python3.12/site-packages/airflow/example_dags/example_display_name.py
[2024-11-11T02:53:18.346+0000] {processor.py:914} INFO - Processing file /home/airflow/.local/lib/python3.12/site-packages/airflow/example_dags/example_display_name.py for tasks to queue
[2024-11-11T02:53:18.347+0000] {logging_mixin.py:190} INFO - [2024-11-11T02:53:18.347+0000] {dagbag.py:588} INFO - Filling up the DagBag from /home/airflow/.local/lib/python3.12/site-packages/airflow/example_dags/example_display_name.py
[2024-11-11T02:53:18.352+0000] {processor.py:925} INFO - DAG(s) 'example_display_name' retrieved from /home/airflow/.local/lib/python3.12/site-packages/airflow/example_dags/example_display_name.py
[2024-11-11T02:53:18.364+0000] {logging_mixin.py:190} INFO - [2024-11-11T02:53:18.363+0000] {dag.py:3239} INFO - Sync 1 DAGs
[2024-11-11T02:53:18.371+0000] {logging_mixin.py:190} INFO - [2024-11-11T02:53:18.371+0000] {dag.py:4180} INFO - Setting next_dagrun for example_display_name to None, run_after=None
[2024-11-11T02:53:18.381+0000] {processor.py:208} INFO - Processing /home/airflow/.local/lib/python3.12/site-packages/airflow/example_dags/example_display_name.py took 0.040 seconds
[2024-11-11T02:53:48.657+0000] {processor.py:186} INFO - Started process (PID=3676) to work on /home/airflow/.local/lib/python3.12/site-packages/airflow/example_dags/example_display_name.py
[2024-11-11T02:53:48.658+0000] {processor.py:914} INFO - Processing file /home/airflow/.local/lib/python3.12/site-packages/airflow/example_dags/example_display_name.py for tasks to queue
[2024-11-11T02:53:48.659+0000] {logging_mixin.py:190} INFO - [2024-11-11T02:53:48.659+0000] {dagbag.py:588} INFO - Filling up the DagBag from /home/airflow/.local/lib/python3.12/site-packages/airflow/example_dags/example_display_name.py
[2024-11-11T02:53:48.664+0000] {processor.py:925} INFO - DAG(s) 'example_display_name' retrieved from /home/airflow/.local/lib/python3.12/site-packages/airflow/example_dags/example_display_name.py
[2024-11-11T02:53:48.673+0000] {logging_mixin.py:190} INFO - [2024-11-11T02:53:48.673+0000] {dag.py:3239} INFO - Sync 1 DAGs
[2024-11-11T02:53:48.680+0000] {logging_mixin.py:190} INFO - [2024-11-11T02:53:48.680+0000] {dag.py:4180} INFO - Setting next_dagrun for example_display_name to None, run_after=None
[2024-11-11T02:53:48.688+0000] {processor.py:208} INFO - Processing /home/airflow/.local/lib/python3.12/site-packages/airflow/example_dags/example_display_name.py took 0.034 seconds
[2024-11-11T02:54:19.169+0000] {processor.py:186} INFO - Started process (PID=3739) to work on /home/airflow/.local/lib/python3.12/site-packages/airflow/example_dags/example_display_name.py
[2024-11-11T02:54:19.170+0000] {processor.py:914} INFO - Processing file /home/airflow/.local/lib/python3.12/site-packages/airflow/example_dags/example_display_name.py for tasks to queue
[2024-11-11T02:54:19.171+0000] {logging_mixin.py:190} INFO - [2024-11-11T02:54:19.171+0000] {dagbag.py:588} INFO - Filling up the DagBag from /home/airflow/.local/lib/python3.12/site-packages/airflow/example_dags/example_display_name.py
[2024-11-11T02:54:19.176+0000] {processor.py:925} INFO - DAG(s) 'example_display_name' retrieved from /home/airflow/.local/lib/python3.12/site-packages/airflow/example_dags/example_display_name.py
[2024-11-11T02:54:19.185+0000] {logging_mixin.py:190} INFO - [2024-11-11T02:54:19.185+0000] {dag.py:3239} INFO - Sync 1 DAGs
[2024-11-11T02:54:19.192+0000] {logging_mixin.py:190} INFO - [2024-11-11T02:54:19.192+0000] {dag.py:4180} INFO - Setting next_dagrun for example_display_name to None, run_after=None
[2024-11-11T02:54:19.199+0000] {processor.py:208} INFO - Processing /home/airflow/.local/lib/python3.12/site-packages/airflow/example_dags/example_display_name.py took 0.033 seconds
[2024-11-11T02:54:49.693+0000] {processor.py:186} INFO - Started process (PID=3802) to work on /home/airflow/.local/lib/python3.12/site-packages/airflow/example_dags/example_display_name.py
[2024-11-11T02:54:49.694+0000] {processor.py:914} INFO - Processing file /home/airflow/.local/lib/python3.12/site-packages/airflow/example_dags/example_display_name.py for tasks to queue
[2024-11-11T02:54:49.697+0000] {logging_mixin.py:190} INFO - [2024-11-11T02:54:49.697+0000] {dagbag.py:588} INFO - Filling up the DagBag from /home/airflow/.local/lib/python3.12/site-packages/airflow/example_dags/example_display_name.py
[2024-11-11T02:54:49.702+0000] {processor.py:925} INFO - DAG(s) 'example_display_name' retrieved from /home/airflow/.local/lib/python3.12/site-packages/airflow/example_dags/example_display_name.py
[2024-11-11T02:54:49.712+0000] {logging_mixin.py:190} INFO - [2024-11-11T02:54:49.712+0000] {dag.py:3239} INFO - Sync 1 DAGs
[2024-11-11T02:54:49.719+0000] {logging_mixin.py:190} INFO - [2024-11-11T02:54:49.719+0000] {dag.py:4180} INFO - Setting next_dagrun for example_display_name to None, run_after=None
[2024-11-11T02:54:49.728+0000] {processor.py:208} INFO - Processing /home/airflow/.local/lib/python3.12/site-packages/airflow/example_dags/example_display_name.py took 0.040 seconds
[2024-11-11T02:55:20.107+0000] {processor.py:186} INFO - Started process (PID=3865) to work on /home/airflow/.local/lib/python3.12/site-packages/airflow/example_dags/example_display_name.py
[2024-11-11T02:55:20.107+0000] {processor.py:914} INFO - Processing file /home/airflow/.local/lib/python3.12/site-packages/airflow/example_dags/example_display_name.py for tasks to queue
[2024-11-11T02:55:20.109+0000] {logging_mixin.py:190} INFO - [2024-11-11T02:55:20.108+0000] {dagbag.py:588} INFO - Filling up the DagBag from /home/airflow/.local/lib/python3.12/site-packages/airflow/example_dags/example_display_name.py
[2024-11-11T02:55:20.113+0000] {processor.py:925} INFO - DAG(s) 'example_display_name' retrieved from /home/airflow/.local/lib/python3.12/site-packages/airflow/example_dags/example_display_name.py
[2024-11-11T02:55:20.122+0000] {logging_mixin.py:190} INFO - [2024-11-11T02:55:20.122+0000] {dag.py:3239} INFO - Sync 1 DAGs
[2024-11-11T02:55:20.129+0000] {logging_mixin.py:190} INFO - [2024-11-11T02:55:20.129+0000] {dag.py:4180} INFO - Setting next_dagrun for example_display_name to None, run_after=None
[2024-11-11T02:55:20.137+0000] {processor.py:208} INFO - Processing /home/airflow/.local/lib/python3.12/site-packages/airflow/example_dags/example_display_name.py took 0.033 seconds
[2024-11-11T02:55:50.587+0000] {processor.py:186} INFO - Started process (PID=3928) to work on /home/airflow/.local/lib/python3.12/site-packages/airflow/example_dags/example_display_name.py
[2024-11-11T02:55:50.588+0000] {processor.py:914} INFO - Processing file /home/airflow/.local/lib/python3.12/site-packages/airflow/example_dags/example_display_name.py for tasks to queue
[2024-11-11T02:55:50.589+0000] {logging_mixin.py:190} INFO - [2024-11-11T02:55:50.589+0000] {dagbag.py:588} INFO - Filling up the DagBag from /home/airflow/.local/lib/python3.12/site-packages/airflow/example_dags/example_display_name.py
[2024-11-11T02:55:50.593+0000] {processor.py:925} INFO - DAG(s) 'example_display_name' retrieved from /home/airflow/.local/lib/python3.12/site-packages/airflow/example_dags/example_display_name.py
[2024-11-11T02:55:50.602+0000] {logging_mixin.py:190} INFO - [2024-11-11T02:55:50.602+0000] {dag.py:3239} INFO - Sync 1 DAGs
[2024-11-11T02:55:50.609+0000] {logging_mixin.py:190} INFO - [2024-11-11T02:55:50.609+0000] {dag.py:4180} INFO - Setting next_dagrun for example_display_name to None, run_after=None
[2024-11-11T02:55:50.617+0000] {processor.py:208} INFO - Processing /home/airflow/.local/lib/python3.12/site-packages/airflow/example_dags/example_display_name.py took 0.033 seconds
[2024-11-11T02:56:21.174+0000] {processor.py:186} INFO - Started process (PID=3991) to work on /home/airflow/.local/lib/python3.12/site-packages/airflow/example_dags/example_display_name.py
[2024-11-11T02:56:21.175+0000] {processor.py:914} INFO - Processing file /home/airflow/.local/lib/python3.12/site-packages/airflow/example_dags/example_display_name.py for tasks to queue
[2024-11-11T02:56:21.176+0000] {logging_mixin.py:190} INFO - [2024-11-11T02:56:21.176+0000] {dagbag.py:588} INFO - Filling up the DagBag from /home/airflow/.local/lib/python3.12/site-packages/airflow/example_dags/example_display_name.py
[2024-11-11T02:56:21.181+0000] {processor.py:925} INFO - DAG(s) 'example_display_name' retrieved from /home/airflow/.local/lib/python3.12/site-packages/airflow/example_dags/example_display_name.py
[2024-11-11T02:56:21.191+0000] {logging_mixin.py:190} INFO - [2024-11-11T02:56:21.190+0000] {dag.py:3239} INFO - Sync 1 DAGs
[2024-11-11T02:56:21.197+0000] {logging_mixin.py:190} INFO - [2024-11-11T02:56:21.197+0000] {dag.py:4180} INFO - Setting next_dagrun for example_display_name to None, run_after=None
[2024-11-11T02:56:21.205+0000] {processor.py:208} INFO - Processing /home/airflow/.local/lib/python3.12/site-packages/airflow/example_dags/example_display_name.py took 0.034 seconds
[2024-11-11T02:56:51.705+0000] {processor.py:186} INFO - Started process (PID=4054) to work on /home/airflow/.local/lib/python3.12/site-packages/airflow/example_dags/example_display_name.py
[2024-11-11T02:56:51.706+0000] {processor.py:914} INFO - Processing file /home/airflow/.local/lib/python3.12/site-packages/airflow/example_dags/example_display_name.py for tasks to queue
[2024-11-11T02:56:51.707+0000] {logging_mixin.py:190} INFO - [2024-11-11T02:56:51.707+0000] {dagbag.py:588} INFO - Filling up the DagBag from /home/airflow/.local/lib/python3.12/site-packages/airflow/example_dags/example_display_name.py
[2024-11-11T02:56:51.712+0000] {processor.py:925} INFO - DAG(s) 'example_display_name' retrieved from /home/airflow/.local/lib/python3.12/site-packages/airflow/example_dags/example_display_name.py
[2024-11-11T02:56:51.722+0000] {logging_mixin.py:190} INFO - [2024-11-11T02:56:51.721+0000] {dag.py:3239} INFO - Sync 1 DAGs
[2024-11-11T02:56:51.728+0000] {logging_mixin.py:190} INFO - [2024-11-11T02:56:51.728+0000] {dag.py:4180} INFO - Setting next_dagrun for example_display_name to None, run_after=None
[2024-11-11T02:56:51.736+0000] {processor.py:208} INFO - Processing /home/airflow/.local/lib/python3.12/site-packages/airflow/example_dags/example_display_name.py took 0.035 seconds
[2024-11-11T02:57:22.234+0000] {processor.py:186} INFO - Started process (PID=4117) to work on /home/airflow/.local/lib/python3.12/site-packages/airflow/example_dags/example_display_name.py
[2024-11-11T02:57:22.235+0000] {processor.py:914} INFO - Processing file /home/airflow/.local/lib/python3.12/site-packages/airflow/example_dags/example_display_name.py for tasks to queue
[2024-11-11T02:57:22.236+0000] {logging_mixin.py:190} INFO - [2024-11-11T02:57:22.236+0000] {dagbag.py:588} INFO - Filling up the DagBag from /home/airflow/.local/lib/python3.12/site-packages/airflow/example_dags/example_display_name.py
[2024-11-11T02:57:22.240+0000] {processor.py:925} INFO - DAG(s) 'example_display_name' retrieved from /home/airflow/.local/lib/python3.12/site-packages/airflow/example_dags/example_display_name.py
[2024-11-11T02:57:22.251+0000] {logging_mixin.py:190} INFO - [2024-11-11T02:57:22.251+0000] {dag.py:3239} INFO - Sync 1 DAGs
[2024-11-11T02:57:22.258+0000] {logging_mixin.py:190} INFO - [2024-11-11T02:57:22.258+0000] {dag.py:4180} INFO - Setting next_dagrun for example_display_name to None, run_after=None
[2024-11-11T02:57:22.266+0000] {processor.py:208} INFO - Processing /home/airflow/.local/lib/python3.12/site-packages/airflow/example_dags/example_display_name.py took 0.036 seconds
[2024-11-11T02:57:52.721+0000] {processor.py:186} INFO - Started process (PID=4180) to work on /home/airflow/.local/lib/python3.12/site-packages/airflow/example_dags/example_display_name.py
[2024-11-11T02:57:52.722+0000] {processor.py:914} INFO - Processing file /home/airflow/.local/lib/python3.12/site-packages/airflow/example_dags/example_display_name.py for tasks to queue
[2024-11-11T02:57:52.723+0000] {logging_mixin.py:190} INFO - [2024-11-11T02:57:52.723+0000] {dagbag.py:588} INFO - Filling up the DagBag from /home/airflow/.local/lib/python3.12/site-packages/airflow/example_dags/example_display_name.py
[2024-11-11T02:57:52.728+0000] {processor.py:925} INFO - DAG(s) 'example_display_name' retrieved from /home/airflow/.local/lib/python3.12/site-packages/airflow/example_dags/example_display_name.py
[2024-11-11T02:57:52.738+0000] {logging_mixin.py:190} INFO - [2024-11-11T02:57:52.738+0000] {dag.py:3239} INFO - Sync 1 DAGs
[2024-11-11T02:57:52.745+0000] {logging_mixin.py:190} INFO - [2024-11-11T02:57:52.745+0000] {dag.py:4180} INFO - Setting next_dagrun for example_display_name to None, run_after=None
[2024-11-11T02:57:52.753+0000] {processor.py:208} INFO - Processing /home/airflow/.local/lib/python3.12/site-packages/airflow/example_dags/example_display_name.py took 0.035 seconds
[2024-11-11T02:58:23.154+0000] {processor.py:186} INFO - Started process (PID=4243) to work on /home/airflow/.local/lib/python3.12/site-packages/airflow/example_dags/example_display_name.py
[2024-11-11T02:58:23.154+0000] {processor.py:914} INFO - Processing file /home/airflow/.local/lib/python3.12/site-packages/airflow/example_dags/example_display_name.py for tasks to queue
[2024-11-11T02:58:23.156+0000] {logging_mixin.py:190} INFO - [2024-11-11T02:58:23.155+0000] {dagbag.py:588} INFO - Filling up the DagBag from /home/airflow/.local/lib/python3.12/site-packages/airflow/example_dags/example_display_name.py
[2024-11-11T02:58:23.160+0000] {processor.py:925} INFO - DAG(s) 'example_display_name' retrieved from /home/airflow/.local/lib/python3.12/site-packages/airflow/example_dags/example_display_name.py
[2024-11-11T02:58:23.170+0000] {logging_mixin.py:190} INFO - [2024-11-11T02:58:23.170+0000] {dag.py:3239} INFO - Sync 1 DAGs
[2024-11-11T02:58:23.177+0000] {logging_mixin.py:190} INFO - [2024-11-11T02:58:23.177+0000] {dag.py:4180} INFO - Setting next_dagrun for example_display_name to None, run_after=None
[2024-11-11T02:58:23.185+0000] {processor.py:208} INFO - Processing /home/airflow/.local/lib/python3.12/site-packages/airflow/example_dags/example_display_name.py took 0.035 seconds
[2024-11-11T02:58:53.596+0000] {processor.py:186} INFO - Started process (PID=4306) to work on /home/airflow/.local/lib/python3.12/site-packages/airflow/example_dags/example_display_name.py
[2024-11-11T02:58:53.597+0000] {processor.py:914} INFO - Processing file /home/airflow/.local/lib/python3.12/site-packages/airflow/example_dags/example_display_name.py for tasks to queue
[2024-11-11T02:58:53.599+0000] {logging_mixin.py:190} INFO - [2024-11-11T02:58:53.598+0000] {dagbag.py:588} INFO - Filling up the DagBag from /home/airflow/.local/lib/python3.12/site-packages/airflow/example_dags/example_display_name.py
[2024-11-11T02:58:53.603+0000] {processor.py:925} INFO - DAG(s) 'example_display_name' retrieved from /home/airflow/.local/lib/python3.12/site-packages/airflow/example_dags/example_display_name.py
[2024-11-11T02:58:53.614+0000] {logging_mixin.py:190} INFO - [2024-11-11T02:58:53.614+0000] {dag.py:3239} INFO - Sync 1 DAGs
[2024-11-11T02:58:53.621+0000] {logging_mixin.py:190} INFO - [2024-11-11T02:58:53.621+0000] {dag.py:4180} INFO - Setting next_dagrun for example_display_name to None, run_after=None
[2024-11-11T02:58:53.629+0000] {processor.py:208} INFO - Processing /home/airflow/.local/lib/python3.12/site-packages/airflow/example_dags/example_display_name.py took 0.036 seconds
[2024-11-11T02:59:24.071+0000] {processor.py:186} INFO - Started process (PID=4369) to work on /home/airflow/.local/lib/python3.12/site-packages/airflow/example_dags/example_display_name.py
[2024-11-11T02:59:24.071+0000] {processor.py:914} INFO - Processing file /home/airflow/.local/lib/python3.12/site-packages/airflow/example_dags/example_display_name.py for tasks to queue
[2024-11-11T02:59:24.073+0000] {logging_mixin.py:190} INFO - [2024-11-11T02:59:24.073+0000] {dagbag.py:588} INFO - Filling up the DagBag from /home/airflow/.local/lib/python3.12/site-packages/airflow/example_dags/example_display_name.py
[2024-11-11T02:59:24.078+0000] {processor.py:925} INFO - DAG(s) 'example_display_name' retrieved from /home/airflow/.local/lib/python3.12/site-packages/airflow/example_dags/example_display_name.py
[2024-11-11T02:59:24.088+0000] {logging_mixin.py:190} INFO - [2024-11-11T02:59:24.088+0000] {dag.py:3239} INFO - Sync 1 DAGs
[2024-11-11T02:59:24.096+0000] {logging_mixin.py:190} INFO - [2024-11-11T02:59:24.096+0000] {dag.py:4180} INFO - Setting next_dagrun for example_display_name to None, run_after=None
[2024-11-11T02:59:24.105+0000] {processor.py:208} INFO - Processing /home/airflow/.local/lib/python3.12/site-packages/airflow/example_dags/example_display_name.py took 0.038 seconds
[2024-11-11T02:59:54.580+0000] {processor.py:186} INFO - Started process (PID=4432) to work on /home/airflow/.local/lib/python3.12/site-packages/airflow/example_dags/example_display_name.py
[2024-11-11T02:59:54.580+0000] {processor.py:914} INFO - Processing file /home/airflow/.local/lib/python3.12/site-packages/airflow/example_dags/example_display_name.py for tasks to queue
[2024-11-11T02:59:54.582+0000] {logging_mixin.py:190} INFO - [2024-11-11T02:59:54.581+0000] {dagbag.py:588} INFO - Filling up the DagBag from /home/airflow/.local/lib/python3.12/site-packages/airflow/example_dags/example_display_name.py
[2024-11-11T02:59:54.586+0000] {processor.py:925} INFO - DAG(s) 'example_display_name' retrieved from /home/airflow/.local/lib/python3.12/site-packages/airflow/example_dags/example_display_name.py
[2024-11-11T02:59:54.596+0000] {logging_mixin.py:190} INFO - [2024-11-11T02:59:54.596+0000] {dag.py:3239} INFO - Sync 1 DAGs
[2024-11-11T02:59:54.602+0000] {logging_mixin.py:190} INFO - [2024-11-11T02:59:54.602+0000] {dag.py:4180} INFO - Setting next_dagrun for example_display_name to None, run_after=None
[2024-11-11T02:59:54.611+0000] {processor.py:208} INFO - Processing /home/airflow/.local/lib/python3.12/site-packages/airflow/example_dags/example_display_name.py took 0.035 seconds
[2024-11-11T03:00:25.092+0000] {processor.py:186} INFO - Started process (PID=4495) to work on /home/airflow/.local/lib/python3.12/site-packages/airflow/example_dags/example_display_name.py
[2024-11-11T03:00:25.092+0000] {processor.py:914} INFO - Processing file /home/airflow/.local/lib/python3.12/site-packages/airflow/example_dags/example_display_name.py for tasks to queue
[2024-11-11T03:00:25.093+0000] {logging_mixin.py:190} INFO - [2024-11-11T03:00:25.093+0000] {dagbag.py:588} INFO - Filling up the DagBag from /home/airflow/.local/lib/python3.12/site-packages/airflow/example_dags/example_display_name.py
[2024-11-11T03:00:25.098+0000] {processor.py:925} INFO - DAG(s) 'example_display_name' retrieved from /home/airflow/.local/lib/python3.12/site-packages/airflow/example_dags/example_display_name.py
[2024-11-11T03:00:25.108+0000] {logging_mixin.py:190} INFO - [2024-11-11T03:00:25.108+0000] {dag.py:3239} INFO - Sync 1 DAGs
[2024-11-11T03:00:25.114+0000] {logging_mixin.py:190} INFO - [2024-11-11T03:00:25.114+0000] {dag.py:4180} INFO - Setting next_dagrun for example_display_name to None, run_after=None
[2024-11-11T03:00:25.123+0000] {processor.py:208} INFO - Processing /home/airflow/.local/lib/python3.12/site-packages/airflow/example_dags/example_display_name.py took 0.035 seconds
[2024-11-11T03:00:55.570+0000] {processor.py:186} INFO - Started process (PID=4558) to work on /home/airflow/.local/lib/python3.12/site-packages/airflow/example_dags/example_display_name.py
[2024-11-11T03:00:55.571+0000] {processor.py:914} INFO - Processing file /home/airflow/.local/lib/python3.12/site-packages/airflow/example_dags/example_display_name.py for tasks to queue
[2024-11-11T03:00:55.572+0000] {logging_mixin.py:190} INFO - [2024-11-11T03:00:55.572+0000] {dagbag.py:588} INFO - Filling up the DagBag from /home/airflow/.local/lib/python3.12/site-packages/airflow/example_dags/example_display_name.py
[2024-11-11T03:00:55.577+0000] {processor.py:925} INFO - DAG(s) 'example_display_name' retrieved from /home/airflow/.local/lib/python3.12/site-packages/airflow/example_dags/example_display_name.py
[2024-11-11T03:00:55.587+0000] {logging_mixin.py:190} INFO - [2024-11-11T03:00:55.587+0000] {dag.py:3239} INFO - Sync 1 DAGs
[2024-11-11T03:00:55.593+0000] {logging_mixin.py:190} INFO - [2024-11-11T03:00:55.593+0000] {dag.py:4180} INFO - Setting next_dagrun for example_display_name to None, run_after=None
[2024-11-11T03:00:55.601+0000] {processor.py:208} INFO - Processing /home/airflow/.local/lib/python3.12/site-packages/airflow/example_dags/example_display_name.py took 0.035 seconds
[2024-11-11T03:01:26.068+0000] {processor.py:186} INFO - Started process (PID=4621) to work on /home/airflow/.local/lib/python3.12/site-packages/airflow/example_dags/example_display_name.py
[2024-11-11T03:01:26.068+0000] {processor.py:914} INFO - Processing file /home/airflow/.local/lib/python3.12/site-packages/airflow/example_dags/example_display_name.py for tasks to queue
[2024-11-11T03:01:26.070+0000] {logging_mixin.py:190} INFO - [2024-11-11T03:01:26.069+0000] {dagbag.py:588} INFO - Filling up the DagBag from /home/airflow/.local/lib/python3.12/site-packages/airflow/example_dags/example_display_name.py
[2024-11-11T03:01:26.074+0000] {processor.py:925} INFO - DAG(s) 'example_display_name' retrieved from /home/airflow/.local/lib/python3.12/site-packages/airflow/example_dags/example_display_name.py
[2024-11-11T03:01:26.085+0000] {logging_mixin.py:190} INFO - [2024-11-11T03:01:26.084+0000] {dag.py:3239} INFO - Sync 1 DAGs
[2024-11-11T03:01:26.092+0000] {logging_mixin.py:190} INFO - [2024-11-11T03:01:26.091+0000] {dag.py:4180} INFO - Setting next_dagrun for example_display_name to None, run_after=None
[2024-11-11T03:01:26.099+0000] {processor.py:208} INFO - Processing /home/airflow/.local/lib/python3.12/site-packages/airflow/example_dags/example_display_name.py took 0.035 seconds
[2024-11-11T03:01:56.803+0000] {processor.py:186} INFO - Started process (PID=4690) to work on /home/airflow/.local/lib/python3.12/site-packages/airflow/example_dags/example_display_name.py
[2024-11-11T03:01:56.804+0000] {processor.py:914} INFO - Processing file /home/airflow/.local/lib/python3.12/site-packages/airflow/example_dags/example_display_name.py for tasks to queue
[2024-11-11T03:01:56.805+0000] {logging_mixin.py:190} INFO - [2024-11-11T03:01:56.805+0000] {dagbag.py:588} INFO - Filling up the DagBag from /home/airflow/.local/lib/python3.12/site-packages/airflow/example_dags/example_display_name.py
[2024-11-11T03:01:56.810+0000] {processor.py:925} INFO - DAG(s) 'example_display_name' retrieved from /home/airflow/.local/lib/python3.12/site-packages/airflow/example_dags/example_display_name.py
[2024-11-11T03:01:56.820+0000] {logging_mixin.py:190} INFO - [2024-11-11T03:01:56.820+0000] {dag.py:3239} INFO - Sync 1 DAGs
[2024-11-11T03:01:56.827+0000] {logging_mixin.py:190} INFO - [2024-11-11T03:01:56.827+0000] {dag.py:4180} INFO - Setting next_dagrun for example_display_name to None, run_after=None
[2024-11-11T03:01:56.835+0000] {processor.py:208} INFO - Processing /home/airflow/.local/lib/python3.12/site-packages/airflow/example_dags/example_display_name.py took 0.036 seconds
[2024-11-11T03:03:16.409+0000] {processor.py:186} INFO - Started process (PID=4747) to work on /home/airflow/.local/lib/python3.12/site-packages/airflow/example_dags/example_display_name.py
[2024-11-11T03:03:16.410+0000] {processor.py:914} INFO - Processing file /home/airflow/.local/lib/python3.12/site-packages/airflow/example_dags/example_display_name.py for tasks to queue
[2024-11-11T03:03:16.411+0000] {logging_mixin.py:190} INFO - [2024-11-11T03:03:16.411+0000] {dagbag.py:588} INFO - Filling up the DagBag from /home/airflow/.local/lib/python3.12/site-packages/airflow/example_dags/example_display_name.py
[2024-11-11T03:03:16.416+0000] {processor.py:925} INFO - DAG(s) 'example_display_name' retrieved from /home/airflow/.local/lib/python3.12/site-packages/airflow/example_dags/example_display_name.py
[2024-11-11T03:03:16.441+0000] {logging_mixin.py:190} INFO - [2024-11-11T03:03:16.441+0000] {dag.py:3239} INFO - Sync 1 DAGs
[2024-11-11T03:03:16.452+0000] {logging_mixin.py:190} INFO - [2024-11-11T03:03:16.452+0000] {dag.py:4180} INFO - Setting next_dagrun for example_display_name to None, run_after=None
[2024-11-11T03:03:16.461+0000] {processor.py:208} INFO - Processing /home/airflow/.local/lib/python3.12/site-packages/airflow/example_dags/example_display_name.py took 0.055 seconds
[2024-11-11T03:03:46.807+0000] {processor.py:186} INFO - Started process (PID=4810) to work on /home/airflow/.local/lib/python3.12/site-packages/airflow/example_dags/example_display_name.py
[2024-11-11T03:03:46.807+0000] {processor.py:914} INFO - Processing file /home/airflow/.local/lib/python3.12/site-packages/airflow/example_dags/example_display_name.py for tasks to queue
[2024-11-11T03:03:46.809+0000] {logging_mixin.py:190} INFO - [2024-11-11T03:03:46.809+0000] {dagbag.py:588} INFO - Filling up the DagBag from /home/airflow/.local/lib/python3.12/site-packages/airflow/example_dags/example_display_name.py
[2024-11-11T03:03:46.814+0000] {processor.py:925} INFO - DAG(s) 'example_display_name' retrieved from /home/airflow/.local/lib/python3.12/site-packages/airflow/example_dags/example_display_name.py
[2024-11-11T03:03:46.824+0000] {logging_mixin.py:190} INFO - [2024-11-11T03:03:46.824+0000] {dag.py:3239} INFO - Sync 1 DAGs
[2024-11-11T03:03:46.831+0000] {logging_mixin.py:190} INFO - [2024-11-11T03:03:46.831+0000] {dag.py:4180} INFO - Setting next_dagrun for example_display_name to None, run_after=None
[2024-11-11T03:03:46.840+0000] {processor.py:208} INFO - Processing /home/airflow/.local/lib/python3.12/site-packages/airflow/example_dags/example_display_name.py took 0.036 seconds
[2024-11-11T03:04:17.324+0000] {processor.py:186} INFO - Started process (PID=4873) to work on /home/airflow/.local/lib/python3.12/site-packages/airflow/example_dags/example_display_name.py
[2024-11-11T03:04:17.325+0000] {processor.py:914} INFO - Processing file /home/airflow/.local/lib/python3.12/site-packages/airflow/example_dags/example_display_name.py for tasks to queue
[2024-11-11T03:04:17.326+0000] {logging_mixin.py:190} INFO - [2024-11-11T03:04:17.326+0000] {dagbag.py:588} INFO - Filling up the DagBag from /home/airflow/.local/lib/python3.12/site-packages/airflow/example_dags/example_display_name.py
[2024-11-11T03:04:17.331+0000] {processor.py:925} INFO - DAG(s) 'example_display_name' retrieved from /home/airflow/.local/lib/python3.12/site-packages/airflow/example_dags/example_display_name.py
[2024-11-11T03:04:17.345+0000] {logging_mixin.py:190} INFO - [2024-11-11T03:04:17.345+0000] {dag.py:3239} INFO - Sync 1 DAGs
[2024-11-11T03:04:17.352+0000] {logging_mixin.py:190} INFO - [2024-11-11T03:04:17.352+0000] {dag.py:4180} INFO - Setting next_dagrun for example_display_name to None, run_after=None
[2024-11-11T03:04:17.361+0000] {processor.py:208} INFO - Processing /home/airflow/.local/lib/python3.12/site-packages/airflow/example_dags/example_display_name.py took 0.041 seconds
[2024-11-11T03:04:47.859+0000] {processor.py:186} INFO - Started process (PID=4936) to work on /home/airflow/.local/lib/python3.12/site-packages/airflow/example_dags/example_display_name.py
[2024-11-11T03:04:47.860+0000] {processor.py:914} INFO - Processing file /home/airflow/.local/lib/python3.12/site-packages/airflow/example_dags/example_display_name.py for tasks to queue
[2024-11-11T03:04:47.861+0000] {logging_mixin.py:190} INFO - [2024-11-11T03:04:47.861+0000] {dagbag.py:588} INFO - Filling up the DagBag from /home/airflow/.local/lib/python3.12/site-packages/airflow/example_dags/example_display_name.py
[2024-11-11T03:04:47.865+0000] {processor.py:925} INFO - DAG(s) 'example_display_name' retrieved from /home/airflow/.local/lib/python3.12/site-packages/airflow/example_dags/example_display_name.py
[2024-11-11T03:04:47.875+0000] {logging_mixin.py:190} INFO - [2024-11-11T03:04:47.875+0000] {dag.py:3239} INFO - Sync 1 DAGs
[2024-11-11T03:04:47.882+0000] {logging_mixin.py:190} INFO - [2024-11-11T03:04:47.882+0000] {dag.py:4180} INFO - Setting next_dagrun for example_display_name to None, run_after=None
[2024-11-11T03:04:47.892+0000] {processor.py:208} INFO - Processing /home/airflow/.local/lib/python3.12/site-packages/airflow/example_dags/example_display_name.py took 0.036 seconds
[2024-11-11T03:05:18.262+0000] {processor.py:186} INFO - Started process (PID=4999) to work on /home/airflow/.local/lib/python3.12/site-packages/airflow/example_dags/example_display_name.py
[2024-11-11T03:05:18.263+0000] {processor.py:914} INFO - Processing file /home/airflow/.local/lib/python3.12/site-packages/airflow/example_dags/example_display_name.py for tasks to queue
[2024-11-11T03:05:18.264+0000] {logging_mixin.py:190} INFO - [2024-11-11T03:05:18.264+0000] {dagbag.py:588} INFO - Filling up the DagBag from /home/airflow/.local/lib/python3.12/site-packages/airflow/example_dags/example_display_name.py
[2024-11-11T03:05:18.268+0000] {processor.py:925} INFO - DAG(s) 'example_display_name' retrieved from /home/airflow/.local/lib/python3.12/site-packages/airflow/example_dags/example_display_name.py
[2024-11-11T03:05:18.279+0000] {logging_mixin.py:190} INFO - [2024-11-11T03:05:18.278+0000] {dag.py:3239} INFO - Sync 1 DAGs
[2024-11-11T03:05:18.286+0000] {logging_mixin.py:190} INFO - [2024-11-11T03:05:18.286+0000] {dag.py:4180} INFO - Setting next_dagrun for example_display_name to None, run_after=None
[2024-11-11T03:05:18.295+0000] {processor.py:208} INFO - Processing /home/airflow/.local/lib/python3.12/site-packages/airflow/example_dags/example_display_name.py took 0.036 seconds
[2024-11-11T03:05:48.599+0000] {processor.py:186} INFO - Started process (PID=5062) to work on /home/airflow/.local/lib/python3.12/site-packages/airflow/example_dags/example_display_name.py
[2024-11-11T03:05:48.599+0000] {processor.py:914} INFO - Processing file /home/airflow/.local/lib/python3.12/site-packages/airflow/example_dags/example_display_name.py for tasks to queue
[2024-11-11T03:05:48.601+0000] {logging_mixin.py:190} INFO - [2024-11-11T03:05:48.601+0000] {dagbag.py:588} INFO - Filling up the DagBag from /home/airflow/.local/lib/python3.12/site-packages/airflow/example_dags/example_display_name.py
[2024-11-11T03:05:48.605+0000] {processor.py:925} INFO - DAG(s) 'example_display_name' retrieved from /home/airflow/.local/lib/python3.12/site-packages/airflow/example_dags/example_display_name.py
[2024-11-11T03:05:48.615+0000] {logging_mixin.py:190} INFO - [2024-11-11T03:05:48.615+0000] {dag.py:3239} INFO - Sync 1 DAGs
[2024-11-11T03:05:48.622+0000] {logging_mixin.py:190} INFO - [2024-11-11T03:05:48.622+0000] {dag.py:4180} INFO - Setting next_dagrun for example_display_name to None, run_after=None
[2024-11-11T03:05:48.631+0000] {processor.py:208} INFO - Processing /home/airflow/.local/lib/python3.12/site-packages/airflow/example_dags/example_display_name.py took 0.036 seconds
[2024-11-11T03:06:18.938+0000] {processor.py:186} INFO - Started process (PID=5125) to work on /home/airflow/.local/lib/python3.12/site-packages/airflow/example_dags/example_display_name.py
[2024-11-11T03:06:18.939+0000] {processor.py:914} INFO - Processing file /home/airflow/.local/lib/python3.12/site-packages/airflow/example_dags/example_display_name.py for tasks to queue
[2024-11-11T03:06:18.940+0000] {logging_mixin.py:190} INFO - [2024-11-11T03:06:18.940+0000] {dagbag.py:588} INFO - Filling up the DagBag from /home/airflow/.local/lib/python3.12/site-packages/airflow/example_dags/example_display_name.py
[2024-11-11T03:06:18.945+0000] {processor.py:925} INFO - DAG(s) 'example_display_name' retrieved from /home/airflow/.local/lib/python3.12/site-packages/airflow/example_dags/example_display_name.py
[2024-11-11T03:06:18.956+0000] {logging_mixin.py:190} INFO - [2024-11-11T03:06:18.956+0000] {dag.py:3239} INFO - Sync 1 DAGs
[2024-11-11T03:06:18.963+0000] {logging_mixin.py:190} INFO - [2024-11-11T03:06:18.963+0000] {dag.py:4180} INFO - Setting next_dagrun for example_display_name to None, run_after=None
[2024-11-11T03:06:18.975+0000] {processor.py:208} INFO - Processing /home/airflow/.local/lib/python3.12/site-packages/airflow/example_dags/example_display_name.py took 0.040 seconds
[2024-11-11T03:06:49.449+0000] {processor.py:186} INFO - Started process (PID=5188) to work on /home/airflow/.local/lib/python3.12/site-packages/airflow/example_dags/example_display_name.py
[2024-11-11T03:06:49.450+0000] {processor.py:914} INFO - Processing file /home/airflow/.local/lib/python3.12/site-packages/airflow/example_dags/example_display_name.py for tasks to queue
[2024-11-11T03:06:49.451+0000] {logging_mixin.py:190} INFO - [2024-11-11T03:06:49.451+0000] {dagbag.py:588} INFO - Filling up the DagBag from /home/airflow/.local/lib/python3.12/site-packages/airflow/example_dags/example_display_name.py
[2024-11-11T03:06:49.456+0000] {processor.py:925} INFO - DAG(s) 'example_display_name' retrieved from /home/airflow/.local/lib/python3.12/site-packages/airflow/example_dags/example_display_name.py
[2024-11-11T03:06:49.466+0000] {logging_mixin.py:190} INFO - [2024-11-11T03:06:49.465+0000] {dag.py:3239} INFO - Sync 1 DAGs
[2024-11-11T03:06:49.472+0000] {logging_mixin.py:190} INFO - [2024-11-11T03:06:49.472+0000] {dag.py:4180} INFO - Setting next_dagrun for example_display_name to None, run_after=None
[2024-11-11T03:06:49.480+0000] {processor.py:208} INFO - Processing /home/airflow/.local/lib/python3.12/site-packages/airflow/example_dags/example_display_name.py took 0.033 seconds
[2024-11-11T03:07:19.934+0000] {processor.py:186} INFO - Started process (PID=5252) to work on /home/airflow/.local/lib/python3.12/site-packages/airflow/example_dags/example_display_name.py
[2024-11-11T03:07:19.934+0000] {processor.py:914} INFO - Processing file /home/airflow/.local/lib/python3.12/site-packages/airflow/example_dags/example_display_name.py for tasks to queue
[2024-11-11T03:07:19.936+0000] {logging_mixin.py:190} INFO - [2024-11-11T03:07:19.936+0000] {dagbag.py:588} INFO - Filling up the DagBag from /home/airflow/.local/lib/python3.12/site-packages/airflow/example_dags/example_display_name.py
[2024-11-11T03:07:19.940+0000] {processor.py:925} INFO - DAG(s) 'example_display_name' retrieved from /home/airflow/.local/lib/python3.12/site-packages/airflow/example_dags/example_display_name.py
[2024-11-11T03:07:19.950+0000] {logging_mixin.py:190} INFO - [2024-11-11T03:07:19.950+0000] {dag.py:3239} INFO - Sync 1 DAGs
[2024-11-11T03:07:19.957+0000] {logging_mixin.py:190} INFO - [2024-11-11T03:07:19.957+0000] {dag.py:4180} INFO - Setting next_dagrun for example_display_name to None, run_after=None
[2024-11-11T03:07:19.967+0000] {processor.py:208} INFO - Processing /home/airflow/.local/lib/python3.12/site-packages/airflow/example_dags/example_display_name.py took 0.036 seconds
[2024-11-11T03:07:50.758+0000] {processor.py:186} INFO - Started process (PID=5315) to work on /home/airflow/.local/lib/python3.12/site-packages/airflow/example_dags/example_display_name.py
[2024-11-11T03:07:50.758+0000] {processor.py:914} INFO - Processing file /home/airflow/.local/lib/python3.12/site-packages/airflow/example_dags/example_display_name.py for tasks to queue
[2024-11-11T03:07:50.760+0000] {logging_mixin.py:190} INFO - [2024-11-11T03:07:50.760+0000] {dagbag.py:588} INFO - Filling up the DagBag from /home/airflow/.local/lib/python3.12/site-packages/airflow/example_dags/example_display_name.py
[2024-11-11T03:07:50.764+0000] {processor.py:925} INFO - DAG(s) 'example_display_name' retrieved from /home/airflow/.local/lib/python3.12/site-packages/airflow/example_dags/example_display_name.py
[2024-11-11T03:07:50.774+0000] {logging_mixin.py:190} INFO - [2024-11-11T03:07:50.774+0000] {dag.py:3239} INFO - Sync 1 DAGs
[2024-11-11T03:07:50.781+0000] {logging_mixin.py:190} INFO - [2024-11-11T03:07:50.781+0000] {dag.py:4180} INFO - Setting next_dagrun for example_display_name to None, run_after=None
[2024-11-11T03:07:50.789+0000] {processor.py:208} INFO - Processing /home/airflow/.local/lib/python3.12/site-packages/airflow/example_dags/example_display_name.py took 0.035 seconds
[2024-11-11T03:08:21.286+0000] {processor.py:186} INFO - Started process (PID=5378) to work on /home/airflow/.local/lib/python3.12/site-packages/airflow/example_dags/example_display_name.py
[2024-11-11T03:08:21.287+0000] {processor.py:914} INFO - Processing file /home/airflow/.local/lib/python3.12/site-packages/airflow/example_dags/example_display_name.py for tasks to queue
[2024-11-11T03:08:21.289+0000] {logging_mixin.py:190} INFO - [2024-11-11T03:08:21.288+0000] {dagbag.py:588} INFO - Filling up the DagBag from /home/airflow/.local/lib/python3.12/site-packages/airflow/example_dags/example_display_name.py
[2024-11-11T03:08:21.293+0000] {processor.py:925} INFO - DAG(s) 'example_display_name' retrieved from /home/airflow/.local/lib/python3.12/site-packages/airflow/example_dags/example_display_name.py
[2024-11-11T03:08:21.304+0000] {logging_mixin.py:190} INFO - [2024-11-11T03:08:21.304+0000] {dag.py:3239} INFO - Sync 1 DAGs
[2024-11-11T03:08:21.311+0000] {logging_mixin.py:190} INFO - [2024-11-11T03:08:21.311+0000] {dag.py:4180} INFO - Setting next_dagrun for example_display_name to None, run_after=None
[2024-11-11T03:08:21.320+0000] {processor.py:208} INFO - Processing /home/airflow/.local/lib/python3.12/site-packages/airflow/example_dags/example_display_name.py took 0.037 seconds
[2024-11-11T03:08:51.811+0000] {processor.py:186} INFO - Started process (PID=5441) to work on /home/airflow/.local/lib/python3.12/site-packages/airflow/example_dags/example_display_name.py
[2024-11-11T03:08:51.812+0000] {processor.py:914} INFO - Processing file /home/airflow/.local/lib/python3.12/site-packages/airflow/example_dags/example_display_name.py for tasks to queue
[2024-11-11T03:08:51.814+0000] {logging_mixin.py:190} INFO - [2024-11-11T03:08:51.813+0000] {dagbag.py:588} INFO - Filling up the DagBag from /home/airflow/.local/lib/python3.12/site-packages/airflow/example_dags/example_display_name.py
[2024-11-11T03:08:51.818+0000] {processor.py:925} INFO - DAG(s) 'example_display_name' retrieved from /home/airflow/.local/lib/python3.12/site-packages/airflow/example_dags/example_display_name.py
[2024-11-11T03:08:51.829+0000] {logging_mixin.py:190} INFO - [2024-11-11T03:08:51.828+0000] {dag.py:3239} INFO - Sync 1 DAGs
[2024-11-11T03:08:51.836+0000] {logging_mixin.py:190} INFO - [2024-11-11T03:08:51.836+0000] {dag.py:4180} INFO - Setting next_dagrun for example_display_name to None, run_after=None
[2024-11-11T03:08:51.845+0000] {processor.py:208} INFO - Processing /home/airflow/.local/lib/python3.12/site-packages/airflow/example_dags/example_display_name.py took 0.036 seconds
[2024-11-11T03:09:22.288+0000] {processor.py:186} INFO - Started process (PID=5504) to work on /home/airflow/.local/lib/python3.12/site-packages/airflow/example_dags/example_display_name.py
[2024-11-11T03:09:22.289+0000] {processor.py:914} INFO - Processing file /home/airflow/.local/lib/python3.12/site-packages/airflow/example_dags/example_display_name.py for tasks to queue
[2024-11-11T03:09:22.290+0000] {logging_mixin.py:190} INFO - [2024-11-11T03:09:22.290+0000] {dagbag.py:588} INFO - Filling up the DagBag from /home/airflow/.local/lib/python3.12/site-packages/airflow/example_dags/example_display_name.py
[2024-11-11T03:09:22.295+0000] {processor.py:925} INFO - DAG(s) 'example_display_name' retrieved from /home/airflow/.local/lib/python3.12/site-packages/airflow/example_dags/example_display_name.py
[2024-11-11T03:09:22.305+0000] {logging_mixin.py:190} INFO - [2024-11-11T03:09:22.305+0000] {dag.py:3239} INFO - Sync 1 DAGs
[2024-11-11T03:09:22.313+0000] {logging_mixin.py:190} INFO - [2024-11-11T03:09:22.312+0000] {dag.py:4180} INFO - Setting next_dagrun for example_display_name to None, run_after=None
[2024-11-11T03:09:22.321+0000] {processor.py:208} INFO - Processing /home/airflow/.local/lib/python3.12/site-packages/airflow/example_dags/example_display_name.py took 0.036 seconds
[2024-11-11T03:09:52.999+0000] {processor.py:186} INFO - Started process (PID=5567) to work on /home/airflow/.local/lib/python3.12/site-packages/airflow/example_dags/example_display_name.py
[2024-11-11T03:09:52.999+0000] {processor.py:914} INFO - Processing file /home/airflow/.local/lib/python3.12/site-packages/airflow/example_dags/example_display_name.py for tasks to queue
[2024-11-11T03:09:53.001+0000] {logging_mixin.py:190} INFO - [2024-11-11T03:09:53.000+0000] {dagbag.py:588} INFO - Filling up the DagBag from /home/airflow/.local/lib/python3.12/site-packages/airflow/example_dags/example_display_name.py
[2024-11-11T03:09:53.005+0000] {processor.py:925} INFO - DAG(s) 'example_display_name' retrieved from /home/airflow/.local/lib/python3.12/site-packages/airflow/example_dags/example_display_name.py
[2024-11-11T03:09:53.016+0000] {logging_mixin.py:190} INFO - [2024-11-11T03:09:53.015+0000] {dag.py:3239} INFO - Sync 1 DAGs
[2024-11-11T03:09:53.023+0000] {logging_mixin.py:190} INFO - [2024-11-11T03:09:53.023+0000] {dag.py:4180} INFO - Setting next_dagrun for example_display_name to None, run_after=None
[2024-11-11T03:09:53.032+0000] {processor.py:208} INFO - Processing /home/airflow/.local/lib/python3.12/site-packages/airflow/example_dags/example_display_name.py took 0.037 seconds
[2024-11-11T03:10:23.669+0000] {processor.py:186} INFO - Started process (PID=5630) to work on /home/airflow/.local/lib/python3.12/site-packages/airflow/example_dags/example_display_name.py
[2024-11-11T03:10:23.669+0000] {processor.py:914} INFO - Processing file /home/airflow/.local/lib/python3.12/site-packages/airflow/example_dags/example_display_name.py for tasks to queue
[2024-11-11T03:10:23.671+0000] {logging_mixin.py:190} INFO - [2024-11-11T03:10:23.671+0000] {dagbag.py:588} INFO - Filling up the DagBag from /home/airflow/.local/lib/python3.12/site-packages/airflow/example_dags/example_display_name.py
[2024-11-11T03:10:23.676+0000] {processor.py:925} INFO - DAG(s) 'example_display_name' retrieved from /home/airflow/.local/lib/python3.12/site-packages/airflow/example_dags/example_display_name.py
[2024-11-11T03:10:23.686+0000] {logging_mixin.py:190} INFO - [2024-11-11T03:10:23.685+0000] {dag.py:3239} INFO - Sync 1 DAGs
[2024-11-11T03:10:23.693+0000] {logging_mixin.py:190} INFO - [2024-11-11T03:10:23.693+0000] {dag.py:4180} INFO - Setting next_dagrun for example_display_name to None, run_after=None
[2024-11-11T03:10:23.702+0000] {processor.py:208} INFO - Processing /home/airflow/.local/lib/python3.12/site-packages/airflow/example_dags/example_display_name.py took 0.037 seconds
[2024-11-11T03:10:54.665+0000] {processor.py:186} INFO - Started process (PID=5693) to work on /home/airflow/.local/lib/python3.12/site-packages/airflow/example_dags/example_display_name.py
[2024-11-11T03:10:54.666+0000] {processor.py:914} INFO - Processing file /home/airflow/.local/lib/python3.12/site-packages/airflow/example_dags/example_display_name.py for tasks to queue
[2024-11-11T03:10:54.667+0000] {logging_mixin.py:190} INFO - [2024-11-11T03:10:54.667+0000] {dagbag.py:588} INFO - Filling up the DagBag from /home/airflow/.local/lib/python3.12/site-packages/airflow/example_dags/example_display_name.py
[2024-11-11T03:10:54.672+0000] {processor.py:925} INFO - DAG(s) 'example_display_name' retrieved from /home/airflow/.local/lib/python3.12/site-packages/airflow/example_dags/example_display_name.py
[2024-11-11T03:10:54.682+0000] {logging_mixin.py:190} INFO - [2024-11-11T03:10:54.682+0000] {dag.py:3239} INFO - Sync 1 DAGs
[2024-11-11T03:10:54.689+0000] {logging_mixin.py:190} INFO - [2024-11-11T03:10:54.689+0000] {dag.py:4180} INFO - Setting next_dagrun for example_display_name to None, run_after=None
[2024-11-11T03:10:54.698+0000] {processor.py:208} INFO - Processing /home/airflow/.local/lib/python3.12/site-packages/airflow/example_dags/example_display_name.py took 0.037 seconds
[2024-11-11T03:22:06.278+0000] {processor.py:186} INFO - Started process (PID=5756) to work on /home/airflow/.local/lib/python3.12/site-packages/airflow/example_dags/example_display_name.py
[2024-11-11T03:22:06.279+0000] {processor.py:914} INFO - Processing file /home/airflow/.local/lib/python3.12/site-packages/airflow/example_dags/example_display_name.py for tasks to queue
[2024-11-11T03:22:06.280+0000] {logging_mixin.py:190} INFO - [2024-11-11T03:22:06.280+0000] {dagbag.py:588} INFO - Filling up the DagBag from /home/airflow/.local/lib/python3.12/site-packages/airflow/example_dags/example_display_name.py
[2024-11-11T03:22:06.285+0000] {processor.py:925} INFO - DAG(s) 'example_display_name' retrieved from /home/airflow/.local/lib/python3.12/site-packages/airflow/example_dags/example_display_name.py
[2024-11-11T03:22:06.294+0000] {logging_mixin.py:190} INFO - [2024-11-11T03:22:06.294+0000] {dag.py:3239} INFO - Sync 1 DAGs
[2024-11-11T03:22:06.300+0000] {logging_mixin.py:190} INFO - [2024-11-11T03:22:06.300+0000] {dag.py:4180} INFO - Setting next_dagrun for example_display_name to None, run_after=None
[2024-11-11T03:22:06.308+0000] {processor.py:208} INFO - Processing /home/airflow/.local/lib/python3.12/site-packages/airflow/example_dags/example_display_name.py took 0.033 seconds
[2024-11-11T03:22:37.192+0000] {processor.py:186} INFO - Started process (PID=5819) to work on /home/airflow/.local/lib/python3.12/site-packages/airflow/example_dags/example_display_name.py
[2024-11-11T03:22:37.193+0000] {processor.py:914} INFO - Processing file /home/airflow/.local/lib/python3.12/site-packages/airflow/example_dags/example_display_name.py for tasks to queue
[2024-11-11T03:22:37.197+0000] {logging_mixin.py:190} INFO - [2024-11-11T03:22:37.197+0000] {dagbag.py:588} INFO - Filling up the DagBag from /home/airflow/.local/lib/python3.12/site-packages/airflow/example_dags/example_display_name.py
[2024-11-11T03:22:37.204+0000] {processor.py:925} INFO - DAG(s) 'example_display_name' retrieved from /home/airflow/.local/lib/python3.12/site-packages/airflow/example_dags/example_display_name.py
[2024-11-11T03:22:37.217+0000] {logging_mixin.py:190} INFO - [2024-11-11T03:22:37.217+0000] {dag.py:3239} INFO - Sync 1 DAGs
[2024-11-11T03:22:37.225+0000] {logging_mixin.py:190} INFO - [2024-11-11T03:22:37.225+0000] {dag.py:4180} INFO - Setting next_dagrun for example_display_name to None, run_after=None
[2024-11-11T03:22:37.235+0000] {processor.py:208} INFO - Processing /home/airflow/.local/lib/python3.12/site-packages/airflow/example_dags/example_display_name.py took 0.051 seconds
[2024-11-11T03:23:08.319+0000] {processor.py:186} INFO - Started process (PID=5882) to work on /home/airflow/.local/lib/python3.12/site-packages/airflow/example_dags/example_display_name.py
[2024-11-11T03:23:08.320+0000] {processor.py:914} INFO - Processing file /home/airflow/.local/lib/python3.12/site-packages/airflow/example_dags/example_display_name.py for tasks to queue
[2024-11-11T03:23:08.321+0000] {logging_mixin.py:190} INFO - [2024-11-11T03:23:08.321+0000] {dagbag.py:588} INFO - Filling up the DagBag from /home/airflow/.local/lib/python3.12/site-packages/airflow/example_dags/example_display_name.py
[2024-11-11T03:23:08.326+0000] {processor.py:925} INFO - DAG(s) 'example_display_name' retrieved from /home/airflow/.local/lib/python3.12/site-packages/airflow/example_dags/example_display_name.py
[2024-11-11T03:23:08.336+0000] {logging_mixin.py:190} INFO - [2024-11-11T03:23:08.336+0000] {dag.py:3239} INFO - Sync 1 DAGs
[2024-11-11T03:23:08.343+0000] {logging_mixin.py:190} INFO - [2024-11-11T03:23:08.343+0000] {dag.py:4180} INFO - Setting next_dagrun for example_display_name to None, run_after=None
[2024-11-11T03:23:08.353+0000] {processor.py:208} INFO - Processing /home/airflow/.local/lib/python3.12/site-packages/airflow/example_dags/example_display_name.py took 0.037 seconds
[2024-11-11T03:23:39.092+0000] {processor.py:186} INFO - Started process (PID=5945) to work on /home/airflow/.local/lib/python3.12/site-packages/airflow/example_dags/example_display_name.py
[2024-11-11T03:23:39.093+0000] {processor.py:914} INFO - Processing file /home/airflow/.local/lib/python3.12/site-packages/airflow/example_dags/example_display_name.py for tasks to queue
[2024-11-11T03:23:39.095+0000] {logging_mixin.py:190} INFO - [2024-11-11T03:23:39.094+0000] {dagbag.py:588} INFO - Filling up the DagBag from /home/airflow/.local/lib/python3.12/site-packages/airflow/example_dags/example_display_name.py
[2024-11-11T03:23:39.099+0000] {processor.py:925} INFO - DAG(s) 'example_display_name' retrieved from /home/airflow/.local/lib/python3.12/site-packages/airflow/example_dags/example_display_name.py
[2024-11-11T03:23:39.110+0000] {logging_mixin.py:190} INFO - [2024-11-11T03:23:39.110+0000] {dag.py:3239} INFO - Sync 1 DAGs
[2024-11-11T03:23:39.117+0000] {logging_mixin.py:190} INFO - [2024-11-11T03:23:39.117+0000] {dag.py:4180} INFO - Setting next_dagrun for example_display_name to None, run_after=None
[2024-11-11T03:23:39.126+0000] {processor.py:208} INFO - Processing /home/airflow/.local/lib/python3.12/site-packages/airflow/example_dags/example_display_name.py took 0.037 seconds
[2024-11-11T03:24:10.058+0000] {processor.py:186} INFO - Started process (PID=6008) to work on /home/airflow/.local/lib/python3.12/site-packages/airflow/example_dags/example_display_name.py
[2024-11-11T03:24:10.058+0000] {processor.py:914} INFO - Processing file /home/airflow/.local/lib/python3.12/site-packages/airflow/example_dags/example_display_name.py for tasks to queue
[2024-11-11T03:24:10.060+0000] {logging_mixin.py:190} INFO - [2024-11-11T03:24:10.060+0000] {dagbag.py:588} INFO - Filling up the DagBag from /home/airflow/.local/lib/python3.12/site-packages/airflow/example_dags/example_display_name.py
[2024-11-11T03:24:10.064+0000] {processor.py:925} INFO - DAG(s) 'example_display_name' retrieved from /home/airflow/.local/lib/python3.12/site-packages/airflow/example_dags/example_display_name.py
[2024-11-11T03:24:10.075+0000] {logging_mixin.py:190} INFO - [2024-11-11T03:24:10.075+0000] {dag.py:3239} INFO - Sync 1 DAGs
[2024-11-11T03:24:10.082+0000] {logging_mixin.py:190} INFO - [2024-11-11T03:24:10.082+0000] {dag.py:4180} INFO - Setting next_dagrun for example_display_name to None, run_after=None
[2024-11-11T03:24:10.091+0000] {processor.py:208} INFO - Processing /home/airflow/.local/lib/python3.12/site-packages/airflow/example_dags/example_display_name.py took 0.038 seconds
[2024-11-11T03:24:40.938+0000] {processor.py:186} INFO - Started process (PID=6070) to work on /home/airflow/.local/lib/python3.12/site-packages/airflow/example_dags/example_display_name.py
[2024-11-11T03:24:40.939+0000] {processor.py:914} INFO - Processing file /home/airflow/.local/lib/python3.12/site-packages/airflow/example_dags/example_display_name.py for tasks to queue
[2024-11-11T03:24:40.940+0000] {logging_mixin.py:190} INFO - [2024-11-11T03:24:40.940+0000] {dagbag.py:588} INFO - Filling up the DagBag from /home/airflow/.local/lib/python3.12/site-packages/airflow/example_dags/example_display_name.py
[2024-11-11T03:24:40.945+0000] {processor.py:925} INFO - DAG(s) 'example_display_name' retrieved from /home/airflow/.local/lib/python3.12/site-packages/airflow/example_dags/example_display_name.py
[2024-11-11T03:24:40.956+0000] {logging_mixin.py:190} INFO - [2024-11-11T03:24:40.956+0000] {dag.py:3239} INFO - Sync 1 DAGs
[2024-11-11T03:24:40.963+0000] {logging_mixin.py:190} INFO - [2024-11-11T03:24:40.963+0000] {dag.py:4180} INFO - Setting next_dagrun for example_display_name to None, run_after=None
[2024-11-11T03:24:40.973+0000] {processor.py:208} INFO - Processing /home/airflow/.local/lib/python3.12/site-packages/airflow/example_dags/example_display_name.py took 0.039 seconds
[2024-11-11T03:25:11.638+0000] {processor.py:186} INFO - Started process (PID=6133) to work on /home/airflow/.local/lib/python3.12/site-packages/airflow/example_dags/example_display_name.py
[2024-11-11T03:25:11.638+0000] {processor.py:914} INFO - Processing file /home/airflow/.local/lib/python3.12/site-packages/airflow/example_dags/example_display_name.py for tasks to queue
[2024-11-11T03:25:11.640+0000] {logging_mixin.py:190} INFO - [2024-11-11T03:25:11.640+0000] {dagbag.py:588} INFO - Filling up the DagBag from /home/airflow/.local/lib/python3.12/site-packages/airflow/example_dags/example_display_name.py
[2024-11-11T03:25:11.645+0000] {processor.py:925} INFO - DAG(s) 'example_display_name' retrieved from /home/airflow/.local/lib/python3.12/site-packages/airflow/example_dags/example_display_name.py
[2024-11-11T03:25:11.655+0000] {logging_mixin.py:190} INFO - [2024-11-11T03:25:11.655+0000] {dag.py:3239} INFO - Sync 1 DAGs
[2024-11-11T03:25:11.663+0000] {logging_mixin.py:190} INFO - [2024-11-11T03:25:11.662+0000] {dag.py:4180} INFO - Setting next_dagrun for example_display_name to None, run_after=None
[2024-11-11T03:25:11.672+0000] {processor.py:208} INFO - Processing /home/airflow/.local/lib/python3.12/site-packages/airflow/example_dags/example_display_name.py took 0.037 seconds
[2024-11-11T03:25:42.729+0000] {processor.py:186} INFO - Started process (PID=6196) to work on /home/airflow/.local/lib/python3.12/site-packages/airflow/example_dags/example_display_name.py
[2024-11-11T03:25:42.730+0000] {processor.py:914} INFO - Processing file /home/airflow/.local/lib/python3.12/site-packages/airflow/example_dags/example_display_name.py for tasks to queue
[2024-11-11T03:25:42.732+0000] {logging_mixin.py:190} INFO - [2024-11-11T03:25:42.731+0000] {dagbag.py:588} INFO - Filling up the DagBag from /home/airflow/.local/lib/python3.12/site-packages/airflow/example_dags/example_display_name.py
[2024-11-11T03:25:42.737+0000] {processor.py:925} INFO - DAG(s) 'example_display_name' retrieved from /home/airflow/.local/lib/python3.12/site-packages/airflow/example_dags/example_display_name.py
[2024-11-11T03:25:42.747+0000] {logging_mixin.py:190} INFO - [2024-11-11T03:25:42.747+0000] {dag.py:3239} INFO - Sync 1 DAGs
[2024-11-11T03:25:42.755+0000] {logging_mixin.py:190} INFO - [2024-11-11T03:25:42.755+0000] {dag.py:4180} INFO - Setting next_dagrun for example_display_name to None, run_after=None
[2024-11-11T03:25:42.764+0000] {processor.py:208} INFO - Processing /home/airflow/.local/lib/python3.12/site-packages/airflow/example_dags/example_display_name.py took 0.038 seconds
[2024-11-11T03:26:13.461+0000] {processor.py:186} INFO - Started process (PID=6259) to work on /home/airflow/.local/lib/python3.12/site-packages/airflow/example_dags/example_display_name.py
[2024-11-11T03:26:13.462+0000] {processor.py:914} INFO - Processing file /home/airflow/.local/lib/python3.12/site-packages/airflow/example_dags/example_display_name.py for tasks to queue
[2024-11-11T03:26:13.464+0000] {logging_mixin.py:190} INFO - [2024-11-11T03:26:13.463+0000] {dagbag.py:588} INFO - Filling up the DagBag from /home/airflow/.local/lib/python3.12/site-packages/airflow/example_dags/example_display_name.py
[2024-11-11T03:26:13.469+0000] {processor.py:925} INFO - DAG(s) 'example_display_name' retrieved from /home/airflow/.local/lib/python3.12/site-packages/airflow/example_dags/example_display_name.py
[2024-11-11T03:26:13.479+0000] {logging_mixin.py:190} INFO - [2024-11-11T03:26:13.479+0000] {dag.py:3239} INFO - Sync 1 DAGs
[2024-11-11T03:26:13.486+0000] {logging_mixin.py:190} INFO - [2024-11-11T03:26:13.486+0000] {dag.py:4180} INFO - Setting next_dagrun for example_display_name to None, run_after=None
[2024-11-11T03:26:13.495+0000] {processor.py:208} INFO - Processing /home/airflow/.local/lib/python3.12/site-packages/airflow/example_dags/example_display_name.py took 0.038 seconds
[2024-11-11T03:26:44.176+0000] {processor.py:186} INFO - Started process (PID=6322) to work on /home/airflow/.local/lib/python3.12/site-packages/airflow/example_dags/example_display_name.py
[2024-11-11T03:26:44.177+0000] {processor.py:914} INFO - Processing file /home/airflow/.local/lib/python3.12/site-packages/airflow/example_dags/example_display_name.py for tasks to queue
[2024-11-11T03:26:44.178+0000] {logging_mixin.py:190} INFO - [2024-11-11T03:26:44.178+0000] {dagbag.py:588} INFO - Filling up the DagBag from /home/airflow/.local/lib/python3.12/site-packages/airflow/example_dags/example_display_name.py
[2024-11-11T03:26:44.183+0000] {processor.py:925} INFO - DAG(s) 'example_display_name' retrieved from /home/airflow/.local/lib/python3.12/site-packages/airflow/example_dags/example_display_name.py
[2024-11-11T03:26:44.194+0000] {logging_mixin.py:190} INFO - [2024-11-11T03:26:44.194+0000] {dag.py:3239} INFO - Sync 1 DAGs
[2024-11-11T03:26:44.211+0000] {logging_mixin.py:190} INFO - [2024-11-11T03:26:44.210+0000] {dag.py:4180} INFO - Setting next_dagrun for example_display_name to None, run_after=None
[2024-11-11T03:26:44.222+0000] {processor.py:208} INFO - Processing /home/airflow/.local/lib/python3.12/site-packages/airflow/example_dags/example_display_name.py took 0.050 seconds
[2024-11-11T03:27:15.092+0000] {processor.py:186} INFO - Started process (PID=6385) to work on /home/airflow/.local/lib/python3.12/site-packages/airflow/example_dags/example_display_name.py
[2024-11-11T03:27:15.093+0000] {processor.py:914} INFO - Processing file /home/airflow/.local/lib/python3.12/site-packages/airflow/example_dags/example_display_name.py for tasks to queue
[2024-11-11T03:27:15.094+0000] {logging_mixin.py:190} INFO - [2024-11-11T03:27:15.094+0000] {dagbag.py:588} INFO - Filling up the DagBag from /home/airflow/.local/lib/python3.12/site-packages/airflow/example_dags/example_display_name.py
[2024-11-11T03:27:15.099+0000] {processor.py:925} INFO - DAG(s) 'example_display_name' retrieved from /home/airflow/.local/lib/python3.12/site-packages/airflow/example_dags/example_display_name.py
[2024-11-11T03:27:15.109+0000] {logging_mixin.py:190} INFO - [2024-11-11T03:27:15.109+0000] {dag.py:3239} INFO - Sync 1 DAGs
[2024-11-11T03:27:15.117+0000] {logging_mixin.py:190} INFO - [2024-11-11T03:27:15.117+0000] {dag.py:4180} INFO - Setting next_dagrun for example_display_name to None, run_after=None
[2024-11-11T03:27:15.128+0000] {processor.py:208} INFO - Processing /home/airflow/.local/lib/python3.12/site-packages/airflow/example_dags/example_display_name.py took 0.039 seconds
[2024-11-11T03:27:45.853+0000] {processor.py:186} INFO - Started process (PID=6448) to work on /home/airflow/.local/lib/python3.12/site-packages/airflow/example_dags/example_display_name.py
[2024-11-11T03:27:45.854+0000] {processor.py:914} INFO - Processing file /home/airflow/.local/lib/python3.12/site-packages/airflow/example_dags/example_display_name.py for tasks to queue
[2024-11-11T03:27:45.855+0000] {logging_mixin.py:190} INFO - [2024-11-11T03:27:45.855+0000] {dagbag.py:588} INFO - Filling up the DagBag from /home/airflow/.local/lib/python3.12/site-packages/airflow/example_dags/example_display_name.py
[2024-11-11T03:27:45.861+0000] {processor.py:925} INFO - DAG(s) 'example_display_name' retrieved from /home/airflow/.local/lib/python3.12/site-packages/airflow/example_dags/example_display_name.py
[2024-11-11T03:27:45.872+0000] {logging_mixin.py:190} INFO - [2024-11-11T03:27:45.871+0000] {dag.py:3239} INFO - Sync 1 DAGs
[2024-11-11T03:27:45.886+0000] {logging_mixin.py:190} INFO - [2024-11-11T03:27:45.886+0000] {dag.py:4180} INFO - Setting next_dagrun for example_display_name to None, run_after=None
[2024-11-11T03:27:45.913+0000] {processor.py:208} INFO - Processing /home/airflow/.local/lib/python3.12/site-packages/airflow/example_dags/example_display_name.py took 0.064 seconds
[2024-11-11T03:28:16.633+0000] {processor.py:186} INFO - Started process (PID=6511) to work on /home/airflow/.local/lib/python3.12/site-packages/airflow/example_dags/example_display_name.py
[2024-11-11T03:28:16.634+0000] {processor.py:914} INFO - Processing file /home/airflow/.local/lib/python3.12/site-packages/airflow/example_dags/example_display_name.py for tasks to queue
[2024-11-11T03:28:16.635+0000] {logging_mixin.py:190} INFO - [2024-11-11T03:28:16.635+0000] {dagbag.py:588} INFO - Filling up the DagBag from /home/airflow/.local/lib/python3.12/site-packages/airflow/example_dags/example_display_name.py
[2024-11-11T03:28:16.641+0000] {processor.py:925} INFO - DAG(s) 'example_display_name' retrieved from /home/airflow/.local/lib/python3.12/site-packages/airflow/example_dags/example_display_name.py
[2024-11-11T03:28:16.652+0000] {logging_mixin.py:190} INFO - [2024-11-11T03:28:16.652+0000] {dag.py:3239} INFO - Sync 1 DAGs
[2024-11-11T03:28:16.660+0000] {logging_mixin.py:190} INFO - [2024-11-11T03:28:16.660+0000] {dag.py:4180} INFO - Setting next_dagrun for example_display_name to None, run_after=None
[2024-11-11T03:28:16.670+0000] {processor.py:208} INFO - Processing /home/airflow/.local/lib/python3.12/site-packages/airflow/example_dags/example_display_name.py took 0.041 seconds
[2024-11-11T03:28:47.488+0000] {processor.py:186} INFO - Started process (PID=6574) to work on /home/airflow/.local/lib/python3.12/site-packages/airflow/example_dags/example_display_name.py
[2024-11-11T03:28:47.489+0000] {processor.py:914} INFO - Processing file /home/airflow/.local/lib/python3.12/site-packages/airflow/example_dags/example_display_name.py for tasks to queue
[2024-11-11T03:28:47.491+0000] {logging_mixin.py:190} INFO - [2024-11-11T03:28:47.490+0000] {dagbag.py:588} INFO - Filling up the DagBag from /home/airflow/.local/lib/python3.12/site-packages/airflow/example_dags/example_display_name.py
[2024-11-11T03:28:47.495+0000] {processor.py:925} INFO - DAG(s) 'example_display_name' retrieved from /home/airflow/.local/lib/python3.12/site-packages/airflow/example_dags/example_display_name.py
[2024-11-11T03:28:47.505+0000] {logging_mixin.py:190} INFO - [2024-11-11T03:28:47.505+0000] {dag.py:3239} INFO - Sync 1 DAGs
[2024-11-11T03:28:47.513+0000] {logging_mixin.py:190} INFO - [2024-11-11T03:28:47.512+0000] {dag.py:4180} INFO - Setting next_dagrun for example_display_name to None, run_after=None
[2024-11-11T03:28:47.521+0000] {processor.py:208} INFO - Processing /home/airflow/.local/lib/python3.12/site-packages/airflow/example_dags/example_display_name.py took 0.036 seconds
[2024-11-11T03:29:18.243+0000] {processor.py:186} INFO - Started process (PID=6637) to work on /home/airflow/.local/lib/python3.12/site-packages/airflow/example_dags/example_display_name.py
[2024-11-11T03:29:18.244+0000] {processor.py:914} INFO - Processing file /home/airflow/.local/lib/python3.12/site-packages/airflow/example_dags/example_display_name.py for tasks to queue
[2024-11-11T03:29:18.246+0000] {logging_mixin.py:190} INFO - [2024-11-11T03:29:18.246+0000] {dagbag.py:588} INFO - Filling up the DagBag from /home/airflow/.local/lib/python3.12/site-packages/airflow/example_dags/example_display_name.py
[2024-11-11T03:29:18.251+0000] {processor.py:925} INFO - DAG(s) 'example_display_name' retrieved from /home/airflow/.local/lib/python3.12/site-packages/airflow/example_dags/example_display_name.py
[2024-11-11T03:29:18.263+0000] {logging_mixin.py:190} INFO - [2024-11-11T03:29:18.263+0000] {dag.py:3239} INFO - Sync 1 DAGs
[2024-11-11T03:29:18.270+0000] {logging_mixin.py:190} INFO - [2024-11-11T03:29:18.270+0000] {dag.py:4180} INFO - Setting next_dagrun for example_display_name to None, run_after=None
[2024-11-11T03:29:18.281+0000] {processor.py:208} INFO - Processing /home/airflow/.local/lib/python3.12/site-packages/airflow/example_dags/example_display_name.py took 0.042 seconds
[2024-11-11T03:29:49.127+0000] {processor.py:186} INFO - Started process (PID=6699) to work on /home/airflow/.local/lib/python3.12/site-packages/airflow/example_dags/example_display_name.py
[2024-11-11T03:29:49.128+0000] {processor.py:914} INFO - Processing file /home/airflow/.local/lib/python3.12/site-packages/airflow/example_dags/example_display_name.py for tasks to queue
[2024-11-11T03:29:49.130+0000] {logging_mixin.py:190} INFO - [2024-11-11T03:29:49.130+0000] {dagbag.py:588} INFO - Filling up the DagBag from /home/airflow/.local/lib/python3.12/site-packages/airflow/example_dags/example_display_name.py
[2024-11-11T03:29:49.135+0000] {processor.py:925} INFO - DAG(s) 'example_display_name' retrieved from /home/airflow/.local/lib/python3.12/site-packages/airflow/example_dags/example_display_name.py
[2024-11-11T03:29:49.149+0000] {logging_mixin.py:190} INFO - [2024-11-11T03:29:49.149+0000] {dag.py:3239} INFO - Sync 1 DAGs
[2024-11-11T03:29:49.158+0000] {logging_mixin.py:190} INFO - [2024-11-11T03:29:49.158+0000] {dag.py:4180} INFO - Setting next_dagrun for example_display_name to None, run_after=None
[2024-11-11T03:29:49.169+0000] {processor.py:208} INFO - Processing /home/airflow/.local/lib/python3.12/site-packages/airflow/example_dags/example_display_name.py took 0.047 seconds
[2024-11-11T03:30:20.191+0000] {processor.py:186} INFO - Started process (PID=6762) to work on /home/airflow/.local/lib/python3.12/site-packages/airflow/example_dags/example_display_name.py
[2024-11-11T03:30:20.192+0000] {processor.py:914} INFO - Processing file /home/airflow/.local/lib/python3.12/site-packages/airflow/example_dags/example_display_name.py for tasks to queue
[2024-11-11T03:30:20.194+0000] {logging_mixin.py:190} INFO - [2024-11-11T03:30:20.193+0000] {dagbag.py:588} INFO - Filling up the DagBag from /home/airflow/.local/lib/python3.12/site-packages/airflow/example_dags/example_display_name.py
[2024-11-11T03:30:20.198+0000] {processor.py:925} INFO - DAG(s) 'example_display_name' retrieved from /home/airflow/.local/lib/python3.12/site-packages/airflow/example_dags/example_display_name.py
[2024-11-11T03:30:20.209+0000] {logging_mixin.py:190} INFO - [2024-11-11T03:30:20.209+0000] {dag.py:3239} INFO - Sync 1 DAGs
[2024-11-11T03:30:20.216+0000] {logging_mixin.py:190} INFO - [2024-11-11T03:30:20.216+0000] {dag.py:4180} INFO - Setting next_dagrun for example_display_name to None, run_after=None
[2024-11-11T03:30:20.225+0000] {processor.py:208} INFO - Processing /home/airflow/.local/lib/python3.12/site-packages/airflow/example_dags/example_display_name.py took 0.038 seconds
[2024-11-11T03:30:51.314+0000] {processor.py:186} INFO - Started process (PID=6825) to work on /home/airflow/.local/lib/python3.12/site-packages/airflow/example_dags/example_display_name.py
[2024-11-11T03:30:51.315+0000] {processor.py:914} INFO - Processing file /home/airflow/.local/lib/python3.12/site-packages/airflow/example_dags/example_display_name.py for tasks to queue
[2024-11-11T03:30:51.316+0000] {logging_mixin.py:190} INFO - [2024-11-11T03:30:51.316+0000] {dagbag.py:588} INFO - Filling up the DagBag from /home/airflow/.local/lib/python3.12/site-packages/airflow/example_dags/example_display_name.py
[2024-11-11T03:30:51.321+0000] {processor.py:925} INFO - DAG(s) 'example_display_name' retrieved from /home/airflow/.local/lib/python3.12/site-packages/airflow/example_dags/example_display_name.py
[2024-11-11T03:30:51.332+0000] {logging_mixin.py:190} INFO - [2024-11-11T03:30:51.332+0000] {dag.py:3239} INFO - Sync 1 DAGs
[2024-11-11T03:30:51.339+0000] {logging_mixin.py:190} INFO - [2024-11-11T03:30:51.339+0000] {dag.py:4180} INFO - Setting next_dagrun for example_display_name to None, run_after=None
[2024-11-11T03:30:51.348+0000] {processor.py:208} INFO - Processing /home/airflow/.local/lib/python3.12/site-packages/airflow/example_dags/example_display_name.py took 0.037 seconds
[2024-11-11T03:31:22.272+0000] {processor.py:186} INFO - Started process (PID=6888) to work on /home/airflow/.local/lib/python3.12/site-packages/airflow/example_dags/example_display_name.py
[2024-11-11T03:31:22.273+0000] {processor.py:914} INFO - Processing file /home/airflow/.local/lib/python3.12/site-packages/airflow/example_dags/example_display_name.py for tasks to queue
[2024-11-11T03:31:22.274+0000] {logging_mixin.py:190} INFO - [2024-11-11T03:31:22.274+0000] {dagbag.py:588} INFO - Filling up the DagBag from /home/airflow/.local/lib/python3.12/site-packages/airflow/example_dags/example_display_name.py
[2024-11-11T03:31:22.279+0000] {processor.py:925} INFO - DAG(s) 'example_display_name' retrieved from /home/airflow/.local/lib/python3.12/site-packages/airflow/example_dags/example_display_name.py
[2024-11-11T03:31:22.290+0000] {logging_mixin.py:190} INFO - [2024-11-11T03:31:22.290+0000] {dag.py:3239} INFO - Sync 1 DAGs
[2024-11-11T03:31:22.297+0000] {logging_mixin.py:190} INFO - [2024-11-11T03:31:22.297+0000] {dag.py:4180} INFO - Setting next_dagrun for example_display_name to None, run_after=None
[2024-11-11T03:31:22.305+0000] {processor.py:208} INFO - Processing /home/airflow/.local/lib/python3.12/site-packages/airflow/example_dags/example_display_name.py took 0.037 seconds
[2024-11-11T03:31:53.256+0000] {processor.py:186} INFO - Started process (PID=6951) to work on /home/airflow/.local/lib/python3.12/site-packages/airflow/example_dags/example_display_name.py
[2024-11-11T03:31:53.258+0000] {processor.py:914} INFO - Processing file /home/airflow/.local/lib/python3.12/site-packages/airflow/example_dags/example_display_name.py for tasks to queue
[2024-11-11T03:31:53.260+0000] {logging_mixin.py:190} INFO - [2024-11-11T03:31:53.260+0000] {dagbag.py:588} INFO - Filling up the DagBag from /home/airflow/.local/lib/python3.12/site-packages/airflow/example_dags/example_display_name.py
[2024-11-11T03:31:53.265+0000] {processor.py:925} INFO - DAG(s) 'example_display_name' retrieved from /home/airflow/.local/lib/python3.12/site-packages/airflow/example_dags/example_display_name.py
[2024-11-11T03:31:53.279+0000] {logging_mixin.py:190} INFO - [2024-11-11T03:31:53.279+0000] {dag.py:3239} INFO - Sync 1 DAGs
[2024-11-11T03:31:53.287+0000] {logging_mixin.py:190} INFO - [2024-11-11T03:31:53.287+0000] {dag.py:4180} INFO - Setting next_dagrun for example_display_name to None, run_after=None
[2024-11-11T03:31:53.299+0000] {processor.py:208} INFO - Processing /home/airflow/.local/lib/python3.12/site-packages/airflow/example_dags/example_display_name.py took 0.047 seconds
[2024-11-11T03:32:24.609+0000] {processor.py:186} INFO - Started process (PID=7014) to work on /home/airflow/.local/lib/python3.12/site-packages/airflow/example_dags/example_display_name.py
[2024-11-11T03:32:24.610+0000] {processor.py:914} INFO - Processing file /home/airflow/.local/lib/python3.12/site-packages/airflow/example_dags/example_display_name.py for tasks to queue
[2024-11-11T03:32:24.612+0000] {logging_mixin.py:190} INFO - [2024-11-11T03:32:24.612+0000] {dagbag.py:588} INFO - Filling up the DagBag from /home/airflow/.local/lib/python3.12/site-packages/airflow/example_dags/example_display_name.py
[2024-11-11T03:32:24.617+0000] {processor.py:925} INFO - DAG(s) 'example_display_name' retrieved from /home/airflow/.local/lib/python3.12/site-packages/airflow/example_dags/example_display_name.py
[2024-11-11T03:32:24.628+0000] {logging_mixin.py:190} INFO - [2024-11-11T03:32:24.628+0000] {dag.py:3239} INFO - Sync 1 DAGs
[2024-11-11T03:32:24.636+0000] {logging_mixin.py:190} INFO - [2024-11-11T03:32:24.636+0000] {dag.py:4180} INFO - Setting next_dagrun for example_display_name to None, run_after=None
[2024-11-11T03:32:24.646+0000] {processor.py:208} INFO - Processing /home/airflow/.local/lib/python3.12/site-packages/airflow/example_dags/example_display_name.py took 0.041 seconds
[2024-11-11T03:32:55.514+0000] {processor.py:186} INFO - Started process (PID=7078) to work on /home/airflow/.local/lib/python3.12/site-packages/airflow/example_dags/example_display_name.py
[2024-11-11T03:32:55.514+0000] {processor.py:914} INFO - Processing file /home/airflow/.local/lib/python3.12/site-packages/airflow/example_dags/example_display_name.py for tasks to queue
[2024-11-11T03:32:55.516+0000] {logging_mixin.py:190} INFO - [2024-11-11T03:32:55.516+0000] {dagbag.py:588} INFO - Filling up the DagBag from /home/airflow/.local/lib/python3.12/site-packages/airflow/example_dags/example_display_name.py
[2024-11-11T03:32:55.520+0000] {processor.py:925} INFO - DAG(s) 'example_display_name' retrieved from /home/airflow/.local/lib/python3.12/site-packages/airflow/example_dags/example_display_name.py
[2024-11-11T03:32:55.529+0000] {logging_mixin.py:190} INFO - [2024-11-11T03:32:55.529+0000] {dag.py:3239} INFO - Sync 1 DAGs
[2024-11-11T03:32:55.536+0000] {logging_mixin.py:190} INFO - [2024-11-11T03:32:55.536+0000] {dag.py:4180} INFO - Setting next_dagrun for example_display_name to None, run_after=None
[2024-11-11T03:32:55.544+0000] {processor.py:208} INFO - Processing /home/airflow/.local/lib/python3.12/site-packages/airflow/example_dags/example_display_name.py took 0.034 seconds
[2024-11-11T03:33:26.305+0000] {processor.py:186} INFO - Started process (PID=7141) to work on /home/airflow/.local/lib/python3.12/site-packages/airflow/example_dags/example_display_name.py
[2024-11-11T03:33:26.306+0000] {processor.py:914} INFO - Processing file /home/airflow/.local/lib/python3.12/site-packages/airflow/example_dags/example_display_name.py for tasks to queue
[2024-11-11T03:33:26.308+0000] {logging_mixin.py:190} INFO - [2024-11-11T03:33:26.307+0000] {dagbag.py:588} INFO - Filling up the DagBag from /home/airflow/.local/lib/python3.12/site-packages/airflow/example_dags/example_display_name.py
[2024-11-11T03:33:26.314+0000] {processor.py:925} INFO - DAG(s) 'example_display_name' retrieved from /home/airflow/.local/lib/python3.12/site-packages/airflow/example_dags/example_display_name.py
[2024-11-11T03:33:26.324+0000] {logging_mixin.py:190} INFO - [2024-11-11T03:33:26.324+0000] {dag.py:3239} INFO - Sync 1 DAGs
[2024-11-11T03:33:26.331+0000] {logging_mixin.py:190} INFO - [2024-11-11T03:33:26.331+0000] {dag.py:4180} INFO - Setting next_dagrun for example_display_name to None, run_after=None
[2024-11-11T03:33:26.340+0000] {processor.py:208} INFO - Processing /home/airflow/.local/lib/python3.12/site-packages/airflow/example_dags/example_display_name.py took 0.039 seconds
[2024-11-11T03:33:57.003+0000] {processor.py:186} INFO - Started process (PID=7204) to work on /home/airflow/.local/lib/python3.12/site-packages/airflow/example_dags/example_display_name.py
[2024-11-11T03:33:57.003+0000] {processor.py:914} INFO - Processing file /home/airflow/.local/lib/python3.12/site-packages/airflow/example_dags/example_display_name.py for tasks to queue
[2024-11-11T03:33:57.005+0000] {logging_mixin.py:190} INFO - [2024-11-11T03:33:57.005+0000] {dagbag.py:588} INFO - Filling up the DagBag from /home/airflow/.local/lib/python3.12/site-packages/airflow/example_dags/example_display_name.py
[2024-11-11T03:33:57.010+0000] {processor.py:925} INFO - DAG(s) 'example_display_name' retrieved from /home/airflow/.local/lib/python3.12/site-packages/airflow/example_dags/example_display_name.py
[2024-11-11T03:33:57.021+0000] {logging_mixin.py:190} INFO - [2024-11-11T03:33:57.020+0000] {dag.py:3239} INFO - Sync 1 DAGs
[2024-11-11T03:33:57.029+0000] {logging_mixin.py:190} INFO - [2024-11-11T03:33:57.029+0000] {dag.py:4180} INFO - Setting next_dagrun for example_display_name to None, run_after=None
[2024-11-11T03:33:57.038+0000] {processor.py:208} INFO - Processing /home/airflow/.local/lib/python3.12/site-packages/airflow/example_dags/example_display_name.py took 0.039 seconds
[2024-11-11T03:34:27.787+0000] {processor.py:186} INFO - Started process (PID=7266) to work on /home/airflow/.local/lib/python3.12/site-packages/airflow/example_dags/example_display_name.py
[2024-11-11T03:34:27.788+0000] {processor.py:914} INFO - Processing file /home/airflow/.local/lib/python3.12/site-packages/airflow/example_dags/example_display_name.py for tasks to queue
[2024-11-11T03:34:27.789+0000] {logging_mixin.py:190} INFO - [2024-11-11T03:34:27.789+0000] {dagbag.py:588} INFO - Filling up the DagBag from /home/airflow/.local/lib/python3.12/site-packages/airflow/example_dags/example_display_name.py
[2024-11-11T03:34:27.794+0000] {processor.py:925} INFO - DAG(s) 'example_display_name' retrieved from /home/airflow/.local/lib/python3.12/site-packages/airflow/example_dags/example_display_name.py
[2024-11-11T03:34:27.804+0000] {logging_mixin.py:190} INFO - [2024-11-11T03:34:27.804+0000] {dag.py:3239} INFO - Sync 1 DAGs
[2024-11-11T03:34:27.811+0000] {logging_mixin.py:190} INFO - [2024-11-11T03:34:27.811+0000] {dag.py:4180} INFO - Setting next_dagrun for example_display_name to None, run_after=None
[2024-11-11T03:34:27.819+0000] {processor.py:208} INFO - Processing /home/airflow/.local/lib/python3.12/site-packages/airflow/example_dags/example_display_name.py took 0.036 seconds
[2024-11-11T03:34:58.572+0000] {processor.py:186} INFO - Started process (PID=7329) to work on /home/airflow/.local/lib/python3.12/site-packages/airflow/example_dags/example_display_name.py
[2024-11-11T03:34:58.572+0000] {processor.py:914} INFO - Processing file /home/airflow/.local/lib/python3.12/site-packages/airflow/example_dags/example_display_name.py for tasks to queue
[2024-11-11T03:34:58.574+0000] {logging_mixin.py:190} INFO - [2024-11-11T03:34:58.574+0000] {dagbag.py:588} INFO - Filling up the DagBag from /home/airflow/.local/lib/python3.12/site-packages/airflow/example_dags/example_display_name.py
[2024-11-11T03:34:58.578+0000] {processor.py:925} INFO - DAG(s) 'example_display_name' retrieved from /home/airflow/.local/lib/python3.12/site-packages/airflow/example_dags/example_display_name.py
[2024-11-11T03:34:58.588+0000] {logging_mixin.py:190} INFO - [2024-11-11T03:34:58.588+0000] {dag.py:3239} INFO - Sync 1 DAGs
[2024-11-11T03:34:58.595+0000] {logging_mixin.py:190} INFO - [2024-11-11T03:34:58.595+0000] {dag.py:4180} INFO - Setting next_dagrun for example_display_name to None, run_after=None
[2024-11-11T03:34:58.604+0000] {processor.py:208} INFO - Processing /home/airflow/.local/lib/python3.12/site-packages/airflow/example_dags/example_display_name.py took 0.036 seconds
[2024-11-11T03:35:29.294+0000] {processor.py:186} INFO - Started process (PID=7392) to work on /home/airflow/.local/lib/python3.12/site-packages/airflow/example_dags/example_display_name.py
[2024-11-11T03:35:29.294+0000] {processor.py:914} INFO - Processing file /home/airflow/.local/lib/python3.12/site-packages/airflow/example_dags/example_display_name.py for tasks to queue
[2024-11-11T03:35:29.296+0000] {logging_mixin.py:190} INFO - [2024-11-11T03:35:29.296+0000] {dagbag.py:588} INFO - Filling up the DagBag from /home/airflow/.local/lib/python3.12/site-packages/airflow/example_dags/example_display_name.py
[2024-11-11T03:35:29.300+0000] {processor.py:925} INFO - DAG(s) 'example_display_name' retrieved from /home/airflow/.local/lib/python3.12/site-packages/airflow/example_dags/example_display_name.py
[2024-11-11T03:35:29.311+0000] {logging_mixin.py:190} INFO - [2024-11-11T03:35:29.310+0000] {dag.py:3239} INFO - Sync 1 DAGs
[2024-11-11T03:35:29.317+0000] {logging_mixin.py:190} INFO - [2024-11-11T03:35:29.317+0000] {dag.py:4180} INFO - Setting next_dagrun for example_display_name to None, run_after=None
[2024-11-11T03:35:29.326+0000] {processor.py:208} INFO - Processing /home/airflow/.local/lib/python3.12/site-packages/airflow/example_dags/example_display_name.py took 0.036 seconds
[2024-11-11T03:35:59.931+0000] {processor.py:186} INFO - Started process (PID=7454) to work on /home/airflow/.local/lib/python3.12/site-packages/airflow/example_dags/example_display_name.py
[2024-11-11T03:35:59.932+0000] {processor.py:914} INFO - Processing file /home/airflow/.local/lib/python3.12/site-packages/airflow/example_dags/example_display_name.py for tasks to queue
[2024-11-11T03:35:59.933+0000] {logging_mixin.py:190} INFO - [2024-11-11T03:35:59.933+0000] {dagbag.py:588} INFO - Filling up the DagBag from /home/airflow/.local/lib/python3.12/site-packages/airflow/example_dags/example_display_name.py
[2024-11-11T03:35:59.938+0000] {processor.py:925} INFO - DAG(s) 'example_display_name' retrieved from /home/airflow/.local/lib/python3.12/site-packages/airflow/example_dags/example_display_name.py
[2024-11-11T03:35:59.948+0000] {logging_mixin.py:190} INFO - [2024-11-11T03:35:59.948+0000] {dag.py:3239} INFO - Sync 1 DAGs
[2024-11-11T03:35:59.955+0000] {logging_mixin.py:190} INFO - [2024-11-11T03:35:59.955+0000] {dag.py:4180} INFO - Setting next_dagrun for example_display_name to None, run_after=None
[2024-11-11T03:35:59.964+0000] {processor.py:208} INFO - Processing /home/airflow/.local/lib/python3.12/site-packages/airflow/example_dags/example_display_name.py took 0.036 seconds
[2024-11-11T03:36:30.551+0000] {processor.py:186} INFO - Started process (PID=7517) to work on /home/airflow/.local/lib/python3.12/site-packages/airflow/example_dags/example_display_name.py
[2024-11-11T03:36:30.552+0000] {processor.py:914} INFO - Processing file /home/airflow/.local/lib/python3.12/site-packages/airflow/example_dags/example_display_name.py for tasks to queue
[2024-11-11T03:36:30.553+0000] {logging_mixin.py:190} INFO - [2024-11-11T03:36:30.553+0000] {dagbag.py:588} INFO - Filling up the DagBag from /home/airflow/.local/lib/python3.12/site-packages/airflow/example_dags/example_display_name.py
[2024-11-11T03:36:30.558+0000] {processor.py:925} INFO - DAG(s) 'example_display_name' retrieved from /home/airflow/.local/lib/python3.12/site-packages/airflow/example_dags/example_display_name.py
[2024-11-11T03:36:30.568+0000] {logging_mixin.py:190} INFO - [2024-11-11T03:36:30.568+0000] {dag.py:3239} INFO - Sync 1 DAGs
[2024-11-11T03:36:30.576+0000] {logging_mixin.py:190} INFO - [2024-11-11T03:36:30.576+0000] {dag.py:4180} INFO - Setting next_dagrun for example_display_name to None, run_after=None
[2024-11-11T03:36:30.585+0000] {processor.py:208} INFO - Processing /home/airflow/.local/lib/python3.12/site-packages/airflow/example_dags/example_display_name.py took 0.037 seconds
[2024-11-11T03:37:01.379+0000] {processor.py:186} INFO - Started process (PID=7586) to work on /home/airflow/.local/lib/python3.12/site-packages/airflow/example_dags/example_display_name.py
[2024-11-11T03:37:01.380+0000] {processor.py:914} INFO - Processing file /home/airflow/.local/lib/python3.12/site-packages/airflow/example_dags/example_display_name.py for tasks to queue
[2024-11-11T03:37:01.381+0000] {logging_mixin.py:190} INFO - [2024-11-11T03:37:01.381+0000] {dagbag.py:588} INFO - Filling up the DagBag from /home/airflow/.local/lib/python3.12/site-packages/airflow/example_dags/example_display_name.py
[2024-11-11T03:37:01.387+0000] {processor.py:925} INFO - DAG(s) 'example_display_name' retrieved from /home/airflow/.local/lib/python3.12/site-packages/airflow/example_dags/example_display_name.py
[2024-11-11T03:37:01.398+0000] {logging_mixin.py:190} INFO - [2024-11-11T03:37:01.398+0000] {dag.py:3239} INFO - Sync 1 DAGs
[2024-11-11T03:37:01.406+0000] {logging_mixin.py:190} INFO - [2024-11-11T03:37:01.406+0000] {dag.py:4180} INFO - Setting next_dagrun for example_display_name to None, run_after=None
[2024-11-11T03:37:01.416+0000] {processor.py:208} INFO - Processing /home/airflow/.local/lib/python3.12/site-packages/airflow/example_dags/example_display_name.py took 0.041 seconds
[2024-11-11T03:37:31.904+0000] {processor.py:186} INFO - Started process (PID=7648) to work on /home/airflow/.local/lib/python3.12/site-packages/airflow/example_dags/example_display_name.py
[2024-11-11T03:37:31.905+0000] {processor.py:914} INFO - Processing file /home/airflow/.local/lib/python3.12/site-packages/airflow/example_dags/example_display_name.py for tasks to queue
[2024-11-11T03:37:31.907+0000] {logging_mixin.py:190} INFO - [2024-11-11T03:37:31.906+0000] {dagbag.py:588} INFO - Filling up the DagBag from /home/airflow/.local/lib/python3.12/site-packages/airflow/example_dags/example_display_name.py
[2024-11-11T03:37:31.911+0000] {processor.py:925} INFO - DAG(s) 'example_display_name' retrieved from /home/airflow/.local/lib/python3.12/site-packages/airflow/example_dags/example_display_name.py
[2024-11-11T03:37:31.921+0000] {logging_mixin.py:190} INFO - [2024-11-11T03:37:31.921+0000] {dag.py:3239} INFO - Sync 1 DAGs
[2024-11-11T03:37:31.929+0000] {logging_mixin.py:190} INFO - [2024-11-11T03:37:31.929+0000] {dag.py:4180} INFO - Setting next_dagrun for example_display_name to None, run_after=None
[2024-11-11T03:37:31.937+0000] {processor.py:208} INFO - Processing /home/airflow/.local/lib/python3.12/site-packages/airflow/example_dags/example_display_name.py took 0.036 seconds
[2024-11-11T03:38:02.589+0000] {processor.py:186} INFO - Started process (PID=7710) to work on /home/airflow/.local/lib/python3.12/site-packages/airflow/example_dags/example_display_name.py
[2024-11-11T03:38:02.589+0000] {processor.py:914} INFO - Processing file /home/airflow/.local/lib/python3.12/site-packages/airflow/example_dags/example_display_name.py for tasks to queue
[2024-11-11T03:38:02.591+0000] {logging_mixin.py:190} INFO - [2024-11-11T03:38:02.591+0000] {dagbag.py:588} INFO - Filling up the DagBag from /home/airflow/.local/lib/python3.12/site-packages/airflow/example_dags/example_display_name.py
[2024-11-11T03:38:02.595+0000] {processor.py:925} INFO - DAG(s) 'example_display_name' retrieved from /home/airflow/.local/lib/python3.12/site-packages/airflow/example_dags/example_display_name.py
[2024-11-11T03:38:02.605+0000] {logging_mixin.py:190} INFO - [2024-11-11T03:38:02.605+0000] {dag.py:3239} INFO - Sync 1 DAGs
[2024-11-11T03:38:02.612+0000] {logging_mixin.py:190} INFO - [2024-11-11T03:38:02.612+0000] {dag.py:4180} INFO - Setting next_dagrun for example_display_name to None, run_after=None
[2024-11-11T03:38:02.621+0000] {processor.py:208} INFO - Processing /home/airflow/.local/lib/python3.12/site-packages/airflow/example_dags/example_display_name.py took 0.035 seconds
[2024-11-11T03:38:33.153+0000] {processor.py:186} INFO - Started process (PID=7773) to work on /home/airflow/.local/lib/python3.12/site-packages/airflow/example_dags/example_display_name.py
[2024-11-11T03:38:33.153+0000] {processor.py:914} INFO - Processing file /home/airflow/.local/lib/python3.12/site-packages/airflow/example_dags/example_display_name.py for tasks to queue
[2024-11-11T03:38:33.155+0000] {logging_mixin.py:190} INFO - [2024-11-11T03:38:33.155+0000] {dagbag.py:588} INFO - Filling up the DagBag from /home/airflow/.local/lib/python3.12/site-packages/airflow/example_dags/example_display_name.py
[2024-11-11T03:38:33.160+0000] {processor.py:925} INFO - DAG(s) 'example_display_name' retrieved from /home/airflow/.local/lib/python3.12/site-packages/airflow/example_dags/example_display_name.py
[2024-11-11T03:38:33.171+0000] {logging_mixin.py:190} INFO - [2024-11-11T03:38:33.170+0000] {dag.py:3239} INFO - Sync 1 DAGs
[2024-11-11T03:38:33.178+0000] {logging_mixin.py:190} INFO - [2024-11-11T03:38:33.177+0000] {dag.py:4180} INFO - Setting next_dagrun for example_display_name to None, run_after=None
[2024-11-11T03:38:33.186+0000] {processor.py:208} INFO - Processing /home/airflow/.local/lib/python3.12/site-packages/airflow/example_dags/example_display_name.py took 0.037 seconds
[2024-11-11T03:39:03.835+0000] {processor.py:186} INFO - Started process (PID=7836) to work on /home/airflow/.local/lib/python3.12/site-packages/airflow/example_dags/example_display_name.py
[2024-11-11T03:39:03.836+0000] {processor.py:914} INFO - Processing file /home/airflow/.local/lib/python3.12/site-packages/airflow/example_dags/example_display_name.py for tasks to queue
[2024-11-11T03:39:03.839+0000] {logging_mixin.py:190} INFO - [2024-11-11T03:39:03.838+0000] {dagbag.py:588} INFO - Filling up the DagBag from /home/airflow/.local/lib/python3.12/site-packages/airflow/example_dags/example_display_name.py
[2024-11-11T03:39:03.844+0000] {processor.py:925} INFO - DAG(s) 'example_display_name' retrieved from /home/airflow/.local/lib/python3.12/site-packages/airflow/example_dags/example_display_name.py
[2024-11-11T03:39:03.855+0000] {logging_mixin.py:190} INFO - [2024-11-11T03:39:03.854+0000] {dag.py:3239} INFO - Sync 1 DAGs
[2024-11-11T03:39:03.862+0000] {logging_mixin.py:190} INFO - [2024-11-11T03:39:03.862+0000] {dag.py:4180} INFO - Setting next_dagrun for example_display_name to None, run_after=None
[2024-11-11T03:39:03.870+0000] {processor.py:208} INFO - Processing /home/airflow/.local/lib/python3.12/site-packages/airflow/example_dags/example_display_name.py took 0.039 seconds
[2024-11-11T03:39:34.548+0000] {processor.py:186} INFO - Started process (PID=7899) to work on /home/airflow/.local/lib/python3.12/site-packages/airflow/example_dags/example_display_name.py
[2024-11-11T03:39:34.548+0000] {processor.py:914} INFO - Processing file /home/airflow/.local/lib/python3.12/site-packages/airflow/example_dags/example_display_name.py for tasks to queue
[2024-11-11T03:39:34.550+0000] {logging_mixin.py:190} INFO - [2024-11-11T03:39:34.550+0000] {dagbag.py:588} INFO - Filling up the DagBag from /home/airflow/.local/lib/python3.12/site-packages/airflow/example_dags/example_display_name.py
[2024-11-11T03:39:34.554+0000] {processor.py:925} INFO - DAG(s) 'example_display_name' retrieved from /home/airflow/.local/lib/python3.12/site-packages/airflow/example_dags/example_display_name.py
[2024-11-11T03:39:34.565+0000] {logging_mixin.py:190} INFO - [2024-11-11T03:39:34.564+0000] {dag.py:3239} INFO - Sync 1 DAGs
[2024-11-11T03:39:34.572+0000] {logging_mixin.py:190} INFO - [2024-11-11T03:39:34.572+0000] {dag.py:4180} INFO - Setting next_dagrun for example_display_name to None, run_after=None
[2024-11-11T03:39:34.581+0000] {processor.py:208} INFO - Processing /home/airflow/.local/lib/python3.12/site-packages/airflow/example_dags/example_display_name.py took 0.036 seconds
[2024-11-11T03:40:05.174+0000] {processor.py:186} INFO - Started process (PID=7962) to work on /home/airflow/.local/lib/python3.12/site-packages/airflow/example_dags/example_display_name.py
[2024-11-11T03:40:05.175+0000] {processor.py:914} INFO - Processing file /home/airflow/.local/lib/python3.12/site-packages/airflow/example_dags/example_display_name.py for tasks to queue
[2024-11-11T03:40:05.176+0000] {logging_mixin.py:190} INFO - [2024-11-11T03:40:05.176+0000] {dagbag.py:588} INFO - Filling up the DagBag from /home/airflow/.local/lib/python3.12/site-packages/airflow/example_dags/example_display_name.py
[2024-11-11T03:40:05.181+0000] {processor.py:925} INFO - DAG(s) 'example_display_name' retrieved from /home/airflow/.local/lib/python3.12/site-packages/airflow/example_dags/example_display_name.py
[2024-11-11T03:40:05.191+0000] {logging_mixin.py:190} INFO - [2024-11-11T03:40:05.191+0000] {dag.py:3239} INFO - Sync 1 DAGs
[2024-11-11T03:40:05.198+0000] {logging_mixin.py:190} INFO - [2024-11-11T03:40:05.198+0000] {dag.py:4180} INFO - Setting next_dagrun for example_display_name to None, run_after=None
[2024-11-11T03:40:05.208+0000] {processor.py:208} INFO - Processing /home/airflow/.local/lib/python3.12/site-packages/airflow/example_dags/example_display_name.py took 0.037 seconds
[2024-11-11T03:40:36.067+0000] {processor.py:186} INFO - Started process (PID=8025) to work on /home/airflow/.local/lib/python3.12/site-packages/airflow/example_dags/example_display_name.py
[2024-11-11T03:40:36.068+0000] {processor.py:914} INFO - Processing file /home/airflow/.local/lib/python3.12/site-packages/airflow/example_dags/example_display_name.py for tasks to queue
[2024-11-11T03:40:36.069+0000] {logging_mixin.py:190} INFO - [2024-11-11T03:40:36.069+0000] {dagbag.py:588} INFO - Filling up the DagBag from /home/airflow/.local/lib/python3.12/site-packages/airflow/example_dags/example_display_name.py
[2024-11-11T03:40:36.073+0000] {processor.py:925} INFO - DAG(s) 'example_display_name' retrieved from /home/airflow/.local/lib/python3.12/site-packages/airflow/example_dags/example_display_name.py
[2024-11-11T03:40:36.082+0000] {logging_mixin.py:190} INFO - [2024-11-11T03:40:36.082+0000] {dag.py:3239} INFO - Sync 1 DAGs
[2024-11-11T03:40:36.089+0000] {logging_mixin.py:190} INFO - [2024-11-11T03:40:36.088+0000] {dag.py:4180} INFO - Setting next_dagrun for example_display_name to None, run_after=None
[2024-11-11T03:40:36.097+0000] {processor.py:208} INFO - Processing /home/airflow/.local/lib/python3.12/site-packages/airflow/example_dags/example_display_name.py took 0.033 seconds
[2024-11-11T03:41:06.926+0000] {processor.py:186} INFO - Started process (PID=8088) to work on /home/airflow/.local/lib/python3.12/site-packages/airflow/example_dags/example_display_name.py
[2024-11-11T03:41:06.927+0000] {processor.py:914} INFO - Processing file /home/airflow/.local/lib/python3.12/site-packages/airflow/example_dags/example_display_name.py for tasks to queue
[2024-11-11T03:41:06.928+0000] {logging_mixin.py:190} INFO - [2024-11-11T03:41:06.928+0000] {dagbag.py:588} INFO - Filling up the DagBag from /home/airflow/.local/lib/python3.12/site-packages/airflow/example_dags/example_display_name.py
[2024-11-11T03:41:06.933+0000] {processor.py:925} INFO - DAG(s) 'example_display_name' retrieved from /home/airflow/.local/lib/python3.12/site-packages/airflow/example_dags/example_display_name.py
[2024-11-11T03:41:06.943+0000] {logging_mixin.py:190} INFO - [2024-11-11T03:41:06.943+0000] {dag.py:3239} INFO - Sync 1 DAGs
[2024-11-11T03:41:06.950+0000] {logging_mixin.py:190} INFO - [2024-11-11T03:41:06.950+0000] {dag.py:4180} INFO - Setting next_dagrun for example_display_name to None, run_after=None
[2024-11-11T03:41:06.958+0000] {processor.py:208} INFO - Processing /home/airflow/.local/lib/python3.12/site-packages/airflow/example_dags/example_display_name.py took 0.035 seconds
[2024-11-11T03:41:37.657+0000] {processor.py:186} INFO - Started process (PID=8150) to work on /home/airflow/.local/lib/python3.12/site-packages/airflow/example_dags/example_display_name.py
[2024-11-11T03:41:37.658+0000] {processor.py:914} INFO - Processing file /home/airflow/.local/lib/python3.12/site-packages/airflow/example_dags/example_display_name.py for tasks to queue
[2024-11-11T03:41:37.659+0000] {logging_mixin.py:190} INFO - [2024-11-11T03:41:37.659+0000] {dagbag.py:588} INFO - Filling up the DagBag from /home/airflow/.local/lib/python3.12/site-packages/airflow/example_dags/example_display_name.py
[2024-11-11T03:41:37.664+0000] {processor.py:925} INFO - DAG(s) 'example_display_name' retrieved from /home/airflow/.local/lib/python3.12/site-packages/airflow/example_dags/example_display_name.py
[2024-11-11T03:41:37.677+0000] {logging_mixin.py:190} INFO - [2024-11-11T03:41:37.677+0000] {dag.py:3239} INFO - Sync 1 DAGs
[2024-11-11T03:41:37.685+0000] {logging_mixin.py:190} INFO - [2024-11-11T03:41:37.684+0000] {dag.py:4180} INFO - Setting next_dagrun for example_display_name to None, run_after=None
[2024-11-11T03:41:37.693+0000] {processor.py:208} INFO - Processing /home/airflow/.local/lib/python3.12/site-packages/airflow/example_dags/example_display_name.py took 0.041 seconds
[2024-11-11T03:42:08.538+0000] {processor.py:186} INFO - Started process (PID=8213) to work on /home/airflow/.local/lib/python3.12/site-packages/airflow/example_dags/example_display_name.py
[2024-11-11T03:42:08.538+0000] {processor.py:914} INFO - Processing file /home/airflow/.local/lib/python3.12/site-packages/airflow/example_dags/example_display_name.py for tasks to queue
[2024-11-11T03:42:08.540+0000] {logging_mixin.py:190} INFO - [2024-11-11T03:42:08.540+0000] {dagbag.py:588} INFO - Filling up the DagBag from /home/airflow/.local/lib/python3.12/site-packages/airflow/example_dags/example_display_name.py
[2024-11-11T03:42:08.544+0000] {processor.py:925} INFO - DAG(s) 'example_display_name' retrieved from /home/airflow/.local/lib/python3.12/site-packages/airflow/example_dags/example_display_name.py
[2024-11-11T03:42:08.553+0000] {logging_mixin.py:190} INFO - [2024-11-11T03:42:08.553+0000] {dag.py:3239} INFO - Sync 1 DAGs
[2024-11-11T03:42:08.560+0000] {logging_mixin.py:190} INFO - [2024-11-11T03:42:08.560+0000] {dag.py:4180} INFO - Setting next_dagrun for example_display_name to None, run_after=None
[2024-11-11T03:42:08.568+0000] {processor.py:208} INFO - Processing /home/airflow/.local/lib/python3.12/site-packages/airflow/example_dags/example_display_name.py took 0.033 seconds
[2024-11-11T03:42:39.162+0000] {processor.py:186} INFO - Started process (PID=8276) to work on /home/airflow/.local/lib/python3.12/site-packages/airflow/example_dags/example_display_name.py
[2024-11-11T03:42:39.163+0000] {processor.py:914} INFO - Processing file /home/airflow/.local/lib/python3.12/site-packages/airflow/example_dags/example_display_name.py for tasks to queue
[2024-11-11T03:42:39.164+0000] {logging_mixin.py:190} INFO - [2024-11-11T03:42:39.164+0000] {dagbag.py:588} INFO - Filling up the DagBag from /home/airflow/.local/lib/python3.12/site-packages/airflow/example_dags/example_display_name.py
[2024-11-11T03:42:39.169+0000] {processor.py:925} INFO - DAG(s) 'example_display_name' retrieved from /home/airflow/.local/lib/python3.12/site-packages/airflow/example_dags/example_display_name.py
[2024-11-11T03:42:39.180+0000] {logging_mixin.py:190} INFO - [2024-11-11T03:42:39.180+0000] {dag.py:3239} INFO - Sync 1 DAGs
[2024-11-11T03:42:39.187+0000] {logging_mixin.py:190} INFO - [2024-11-11T03:42:39.187+0000] {dag.py:4180} INFO - Setting next_dagrun for example_display_name to None, run_after=None
[2024-11-11T03:42:39.197+0000] {processor.py:208} INFO - Processing /home/airflow/.local/lib/python3.12/site-packages/airflow/example_dags/example_display_name.py took 0.038 seconds
[2024-11-11T03:43:09.884+0000] {processor.py:186} INFO - Started process (PID=8339) to work on /home/airflow/.local/lib/python3.12/site-packages/airflow/example_dags/example_display_name.py
[2024-11-11T03:43:09.884+0000] {processor.py:914} INFO - Processing file /home/airflow/.local/lib/python3.12/site-packages/airflow/example_dags/example_display_name.py for tasks to queue
[2024-11-11T03:43:09.886+0000] {logging_mixin.py:190} INFO - [2024-11-11T03:43:09.886+0000] {dagbag.py:588} INFO - Filling up the DagBag from /home/airflow/.local/lib/python3.12/site-packages/airflow/example_dags/example_display_name.py
[2024-11-11T03:43:09.890+0000] {processor.py:925} INFO - DAG(s) 'example_display_name' retrieved from /home/airflow/.local/lib/python3.12/site-packages/airflow/example_dags/example_display_name.py
[2024-11-11T03:43:09.901+0000] {logging_mixin.py:190} INFO - [2024-11-11T03:43:09.901+0000] {dag.py:3239} INFO - Sync 1 DAGs
[2024-11-11T03:43:09.908+0000] {logging_mixin.py:190} INFO - [2024-11-11T03:43:09.908+0000] {dag.py:4180} INFO - Setting next_dagrun for example_display_name to None, run_after=None
[2024-11-11T03:43:09.917+0000] {processor.py:208} INFO - Processing /home/airflow/.local/lib/python3.12/site-packages/airflow/example_dags/example_display_name.py took 0.037 seconds
[2024-11-11T03:43:40.418+0000] {processor.py:186} INFO - Started process (PID=8402) to work on /home/airflow/.local/lib/python3.12/site-packages/airflow/example_dags/example_display_name.py
[2024-11-11T03:43:40.418+0000] {processor.py:914} INFO - Processing file /home/airflow/.local/lib/python3.12/site-packages/airflow/example_dags/example_display_name.py for tasks to queue
[2024-11-11T03:43:40.420+0000] {logging_mixin.py:190} INFO - [2024-11-11T03:43:40.420+0000] {dagbag.py:588} INFO - Filling up the DagBag from /home/airflow/.local/lib/python3.12/site-packages/airflow/example_dags/example_display_name.py
[2024-11-11T03:43:40.425+0000] {processor.py:925} INFO - DAG(s) 'example_display_name' retrieved from /home/airflow/.local/lib/python3.12/site-packages/airflow/example_dags/example_display_name.py
[2024-11-11T03:43:40.435+0000] {logging_mixin.py:190} INFO - [2024-11-11T03:43:40.435+0000] {dag.py:3239} INFO - Sync 1 DAGs
[2024-11-11T03:43:40.443+0000] {logging_mixin.py:190} INFO - [2024-11-11T03:43:40.443+0000] {dag.py:4180} INFO - Setting next_dagrun for example_display_name to None, run_after=None
[2024-11-11T03:43:40.452+0000] {processor.py:208} INFO - Processing /home/airflow/.local/lib/python3.12/site-packages/airflow/example_dags/example_display_name.py took 0.038 seconds
[2024-11-11T03:44:11.122+0000] {processor.py:186} INFO - Started process (PID=8465) to work on /home/airflow/.local/lib/python3.12/site-packages/airflow/example_dags/example_display_name.py
[2024-11-11T03:44:11.123+0000] {processor.py:914} INFO - Processing file /home/airflow/.local/lib/python3.12/site-packages/airflow/example_dags/example_display_name.py for tasks to queue
[2024-11-11T03:44:11.124+0000] {logging_mixin.py:190} INFO - [2024-11-11T03:44:11.124+0000] {dagbag.py:588} INFO - Filling up the DagBag from /home/airflow/.local/lib/python3.12/site-packages/airflow/example_dags/example_display_name.py
[2024-11-11T03:44:11.129+0000] {processor.py:925} INFO - DAG(s) 'example_display_name' retrieved from /home/airflow/.local/lib/python3.12/site-packages/airflow/example_dags/example_display_name.py
[2024-11-11T03:44:11.140+0000] {logging_mixin.py:190} INFO - [2024-11-11T03:44:11.140+0000] {dag.py:3239} INFO - Sync 1 DAGs
[2024-11-11T03:44:11.147+0000] {logging_mixin.py:190} INFO - [2024-11-11T03:44:11.147+0000] {dag.py:4180} INFO - Setting next_dagrun for example_display_name to None, run_after=None
[2024-11-11T03:44:11.155+0000] {processor.py:208} INFO - Processing /home/airflow/.local/lib/python3.12/site-packages/airflow/example_dags/example_display_name.py took 0.037 seconds
[2024-11-11T03:44:41.803+0000] {processor.py:186} INFO - Started process (PID=8528) to work on /home/airflow/.local/lib/python3.12/site-packages/airflow/example_dags/example_display_name.py
[2024-11-11T03:44:41.803+0000] {processor.py:914} INFO - Processing file /home/airflow/.local/lib/python3.12/site-packages/airflow/example_dags/example_display_name.py for tasks to queue
[2024-11-11T03:44:41.805+0000] {logging_mixin.py:190} INFO - [2024-11-11T03:44:41.805+0000] {dagbag.py:588} INFO - Filling up the DagBag from /home/airflow/.local/lib/python3.12/site-packages/airflow/example_dags/example_display_name.py
[2024-11-11T03:44:41.810+0000] {processor.py:925} INFO - DAG(s) 'example_display_name' retrieved from /home/airflow/.local/lib/python3.12/site-packages/airflow/example_dags/example_display_name.py
[2024-11-11T03:44:41.822+0000] {logging_mixin.py:190} INFO - [2024-11-11T03:44:41.822+0000] {dag.py:3239} INFO - Sync 1 DAGs
[2024-11-11T03:44:41.830+0000] {logging_mixin.py:190} INFO - [2024-11-11T03:44:41.830+0000] {dag.py:4180} INFO - Setting next_dagrun for example_display_name to None, run_after=None
[2024-11-11T03:44:41.842+0000] {processor.py:208} INFO - Processing /home/airflow/.local/lib/python3.12/site-packages/airflow/example_dags/example_display_name.py took 0.042 seconds
[2024-11-11T03:45:12.678+0000] {processor.py:186} INFO - Started process (PID=8591) to work on /home/airflow/.local/lib/python3.12/site-packages/airflow/example_dags/example_display_name.py
[2024-11-11T03:45:12.678+0000] {processor.py:914} INFO - Processing file /home/airflow/.local/lib/python3.12/site-packages/airflow/example_dags/example_display_name.py for tasks to queue
[2024-11-11T03:45:12.680+0000] {logging_mixin.py:190} INFO - [2024-11-11T03:45:12.679+0000] {dagbag.py:588} INFO - Filling up the DagBag from /home/airflow/.local/lib/python3.12/site-packages/airflow/example_dags/example_display_name.py
[2024-11-11T03:45:12.684+0000] {processor.py:925} INFO - DAG(s) 'example_display_name' retrieved from /home/airflow/.local/lib/python3.12/site-packages/airflow/example_dags/example_display_name.py
[2024-11-11T03:45:12.695+0000] {logging_mixin.py:190} INFO - [2024-11-11T03:45:12.695+0000] {dag.py:3239} INFO - Sync 1 DAGs
[2024-11-11T03:45:12.702+0000] {logging_mixin.py:190} INFO - [2024-11-11T03:45:12.702+0000] {dag.py:4180} INFO - Setting next_dagrun for example_display_name to None, run_after=None
[2024-11-11T03:45:12.711+0000] {processor.py:208} INFO - Processing /home/airflow/.local/lib/python3.12/site-packages/airflow/example_dags/example_display_name.py took 0.037 seconds
[2024-11-11T03:45:43.139+0000] {processor.py:186} INFO - Started process (PID=8654) to work on /home/airflow/.local/lib/python3.12/site-packages/airflow/example_dags/example_display_name.py
[2024-11-11T03:45:43.139+0000] {processor.py:914} INFO - Processing file /home/airflow/.local/lib/python3.12/site-packages/airflow/example_dags/example_display_name.py for tasks to queue
[2024-11-11T03:45:43.141+0000] {logging_mixin.py:190} INFO - [2024-11-11T03:45:43.141+0000] {dagbag.py:588} INFO - Filling up the DagBag from /home/airflow/.local/lib/python3.12/site-packages/airflow/example_dags/example_display_name.py
[2024-11-11T03:45:43.146+0000] {processor.py:925} INFO - DAG(s) 'example_display_name' retrieved from /home/airflow/.local/lib/python3.12/site-packages/airflow/example_dags/example_display_name.py
[2024-11-11T03:45:43.157+0000] {logging_mixin.py:190} INFO - [2024-11-11T03:45:43.157+0000] {dag.py:3239} INFO - Sync 1 DAGs
[2024-11-11T03:45:43.165+0000] {logging_mixin.py:190} INFO - [2024-11-11T03:45:43.165+0000] {dag.py:4180} INFO - Setting next_dagrun for example_display_name to None, run_after=None
[2024-11-11T03:45:43.175+0000] {processor.py:208} INFO - Processing /home/airflow/.local/lib/python3.12/site-packages/airflow/example_dags/example_display_name.py took 0.040 seconds
[2024-11-11T03:46:13.921+0000] {processor.py:186} INFO - Started process (PID=8717) to work on /home/airflow/.local/lib/python3.12/site-packages/airflow/example_dags/example_display_name.py
[2024-11-11T03:46:13.922+0000] {processor.py:914} INFO - Processing file /home/airflow/.local/lib/python3.12/site-packages/airflow/example_dags/example_display_name.py for tasks to queue
[2024-11-11T03:46:13.923+0000] {logging_mixin.py:190} INFO - [2024-11-11T03:46:13.923+0000] {dagbag.py:588} INFO - Filling up the DagBag from /home/airflow/.local/lib/python3.12/site-packages/airflow/example_dags/example_display_name.py
[2024-11-11T03:46:13.927+0000] {processor.py:925} INFO - DAG(s) 'example_display_name' retrieved from /home/airflow/.local/lib/python3.12/site-packages/airflow/example_dags/example_display_name.py
[2024-11-11T03:46:13.936+0000] {logging_mixin.py:190} INFO - [2024-11-11T03:46:13.936+0000] {dag.py:3239} INFO - Sync 1 DAGs
[2024-11-11T03:46:13.943+0000] {logging_mixin.py:190} INFO - [2024-11-11T03:46:13.943+0000] {dag.py:4180} INFO - Setting next_dagrun for example_display_name to None, run_after=None
[2024-11-11T03:46:13.951+0000] {processor.py:208} INFO - Processing /home/airflow/.local/lib/python3.12/site-packages/airflow/example_dags/example_display_name.py took 0.034 seconds
[2024-11-11T03:46:44.410+0000] {processor.py:186} INFO - Started process (PID=8780) to work on /home/airflow/.local/lib/python3.12/site-packages/airflow/example_dags/example_display_name.py
[2024-11-11T03:46:44.411+0000] {processor.py:914} INFO - Processing file /home/airflow/.local/lib/python3.12/site-packages/airflow/example_dags/example_display_name.py for tasks to queue
[2024-11-11T03:46:44.412+0000] {logging_mixin.py:190} INFO - [2024-11-11T03:46:44.412+0000] {dagbag.py:588} INFO - Filling up the DagBag from /home/airflow/.local/lib/python3.12/site-packages/airflow/example_dags/example_display_name.py
[2024-11-11T03:46:44.417+0000] {processor.py:925} INFO - DAG(s) 'example_display_name' retrieved from /home/airflow/.local/lib/python3.12/site-packages/airflow/example_dags/example_display_name.py
[2024-11-11T03:46:44.427+0000] {logging_mixin.py:190} INFO - [2024-11-11T03:46:44.427+0000] {dag.py:3239} INFO - Sync 1 DAGs
[2024-11-11T03:46:44.435+0000] {logging_mixin.py:190} INFO - [2024-11-11T03:46:44.434+0000] {dag.py:4180} INFO - Setting next_dagrun for example_display_name to None, run_after=None
[2024-11-11T03:46:44.444+0000] {processor.py:208} INFO - Processing /home/airflow/.local/lib/python3.12/site-packages/airflow/example_dags/example_display_name.py took 0.037 seconds
[2024-11-11T03:47:14.943+0000] {processor.py:186} INFO - Started process (PID=8843) to work on /home/airflow/.local/lib/python3.12/site-packages/airflow/example_dags/example_display_name.py
[2024-11-11T03:47:14.944+0000] {processor.py:914} INFO - Processing file /home/airflow/.local/lib/python3.12/site-packages/airflow/example_dags/example_display_name.py for tasks to queue
[2024-11-11T03:47:14.945+0000] {logging_mixin.py:190} INFO - [2024-11-11T03:47:14.945+0000] {dagbag.py:588} INFO - Filling up the DagBag from /home/airflow/.local/lib/python3.12/site-packages/airflow/example_dags/example_display_name.py
[2024-11-11T03:47:14.950+0000] {processor.py:925} INFO - DAG(s) 'example_display_name' retrieved from /home/airflow/.local/lib/python3.12/site-packages/airflow/example_dags/example_display_name.py
[2024-11-11T03:47:14.960+0000] {logging_mixin.py:190} INFO - [2024-11-11T03:47:14.959+0000] {dag.py:3239} INFO - Sync 1 DAGs
[2024-11-11T03:47:14.966+0000] {logging_mixin.py:190} INFO - [2024-11-11T03:47:14.966+0000] {dag.py:4180} INFO - Setting next_dagrun for example_display_name to None, run_after=None
[2024-11-11T03:47:14.973+0000] {processor.py:208} INFO - Processing /home/airflow/.local/lib/python3.12/site-packages/airflow/example_dags/example_display_name.py took 0.033 seconds
[2024-11-11T03:47:45.472+0000] {processor.py:186} INFO - Started process (PID=8906) to work on /home/airflow/.local/lib/python3.12/site-packages/airflow/example_dags/example_display_name.py
[2024-11-11T03:47:45.473+0000] {processor.py:914} INFO - Processing file /home/airflow/.local/lib/python3.12/site-packages/airflow/example_dags/example_display_name.py for tasks to queue
[2024-11-11T03:47:45.474+0000] {logging_mixin.py:190} INFO - [2024-11-11T03:47:45.474+0000] {dagbag.py:588} INFO - Filling up the DagBag from /home/airflow/.local/lib/python3.12/site-packages/airflow/example_dags/example_display_name.py
[2024-11-11T03:47:45.479+0000] {processor.py:925} INFO - DAG(s) 'example_display_name' retrieved from /home/airflow/.local/lib/python3.12/site-packages/airflow/example_dags/example_display_name.py
[2024-11-11T03:47:45.489+0000] {logging_mixin.py:190} INFO - [2024-11-11T03:47:45.489+0000] {dag.py:3239} INFO - Sync 1 DAGs
[2024-11-11T03:47:45.496+0000] {logging_mixin.py:190} INFO - [2024-11-11T03:47:45.496+0000] {dag.py:4180} INFO - Setting next_dagrun for example_display_name to None, run_after=None
[2024-11-11T03:47:45.504+0000] {processor.py:208} INFO - Processing /home/airflow/.local/lib/python3.12/site-packages/airflow/example_dags/example_display_name.py took 0.036 seconds
[2024-11-11T03:48:16.093+0000] {processor.py:186} INFO - Started process (PID=8969) to work on /home/airflow/.local/lib/python3.12/site-packages/airflow/example_dags/example_display_name.py
[2024-11-11T03:48:16.093+0000] {processor.py:914} INFO - Processing file /home/airflow/.local/lib/python3.12/site-packages/airflow/example_dags/example_display_name.py for tasks to queue
[2024-11-11T03:48:16.095+0000] {logging_mixin.py:190} INFO - [2024-11-11T03:48:16.095+0000] {dagbag.py:588} INFO - Filling up the DagBag from /home/airflow/.local/lib/python3.12/site-packages/airflow/example_dags/example_display_name.py
[2024-11-11T03:48:16.100+0000] {processor.py:925} INFO - DAG(s) 'example_display_name' retrieved from /home/airflow/.local/lib/python3.12/site-packages/airflow/example_dags/example_display_name.py
[2024-11-11T03:48:16.110+0000] {logging_mixin.py:190} INFO - [2024-11-11T03:48:16.110+0000] {dag.py:3239} INFO - Sync 1 DAGs
[2024-11-11T03:48:16.118+0000] {logging_mixin.py:190} INFO - [2024-11-11T03:48:16.117+0000] {dag.py:4180} INFO - Setting next_dagrun for example_display_name to None, run_after=None
[2024-11-11T03:48:16.126+0000] {processor.py:208} INFO - Processing /home/airflow/.local/lib/python3.12/site-packages/airflow/example_dags/example_display_name.py took 0.037 seconds
[2024-11-11T03:48:46.916+0000] {processor.py:186} INFO - Started process (PID=9032) to work on /home/airflow/.local/lib/python3.12/site-packages/airflow/example_dags/example_display_name.py
[2024-11-11T03:48:46.916+0000] {processor.py:914} INFO - Processing file /home/airflow/.local/lib/python3.12/site-packages/airflow/example_dags/example_display_name.py for tasks to queue
[2024-11-11T03:48:46.918+0000] {logging_mixin.py:190} INFO - [2024-11-11T03:48:46.917+0000] {dagbag.py:588} INFO - Filling up the DagBag from /home/airflow/.local/lib/python3.12/site-packages/airflow/example_dags/example_display_name.py
[2024-11-11T03:48:46.922+0000] {processor.py:925} INFO - DAG(s) 'example_display_name' retrieved from /home/airflow/.local/lib/python3.12/site-packages/airflow/example_dags/example_display_name.py
[2024-11-11T03:48:46.932+0000] {logging_mixin.py:190} INFO - [2024-11-11T03:48:46.932+0000] {dag.py:3239} INFO - Sync 1 DAGs
[2024-11-11T03:48:46.939+0000] {logging_mixin.py:190} INFO - [2024-11-11T03:48:46.939+0000] {dag.py:4180} INFO - Setting next_dagrun for example_display_name to None, run_after=None
[2024-11-11T03:48:46.947+0000] {processor.py:208} INFO - Processing /home/airflow/.local/lib/python3.12/site-packages/airflow/example_dags/example_display_name.py took 0.035 seconds
[2024-11-11T03:49:17.551+0000] {processor.py:186} INFO - Started process (PID=9095) to work on /home/airflow/.local/lib/python3.12/site-packages/airflow/example_dags/example_display_name.py
[2024-11-11T03:49:17.551+0000] {processor.py:914} INFO - Processing file /home/airflow/.local/lib/python3.12/site-packages/airflow/example_dags/example_display_name.py for tasks to queue
[2024-11-11T03:49:17.553+0000] {logging_mixin.py:190} INFO - [2024-11-11T03:49:17.553+0000] {dagbag.py:588} INFO - Filling up the DagBag from /home/airflow/.local/lib/python3.12/site-packages/airflow/example_dags/example_display_name.py
[2024-11-11T03:49:17.558+0000] {processor.py:925} INFO - DAG(s) 'example_display_name' retrieved from /home/airflow/.local/lib/python3.12/site-packages/airflow/example_dags/example_display_name.py
[2024-11-11T03:49:17.568+0000] {logging_mixin.py:190} INFO - [2024-11-11T03:49:17.568+0000] {dag.py:3239} INFO - Sync 1 DAGs
[2024-11-11T03:49:17.575+0000] {logging_mixin.py:190} INFO - [2024-11-11T03:49:17.575+0000] {dag.py:4180} INFO - Setting next_dagrun for example_display_name to None, run_after=None
[2024-11-11T03:49:17.584+0000] {processor.py:208} INFO - Processing /home/airflow/.local/lib/python3.12/site-packages/airflow/example_dags/example_display_name.py took 0.036 seconds
[2024-11-11T03:59:43.162+0000] {processor.py:186} INFO - Started process (PID=9158) to work on /home/airflow/.local/lib/python3.12/site-packages/airflow/example_dags/example_display_name.py
[2024-11-11T03:59:43.162+0000] {processor.py:914} INFO - Processing file /home/airflow/.local/lib/python3.12/site-packages/airflow/example_dags/example_display_name.py for tasks to queue
[2024-11-11T03:59:43.164+0000] {logging_mixin.py:190} INFO - [2024-11-11T03:59:43.163+0000] {dagbag.py:588} INFO - Filling up the DagBag from /home/airflow/.local/lib/python3.12/site-packages/airflow/example_dags/example_display_name.py
[2024-11-11T03:59:43.168+0000] {processor.py:925} INFO - DAG(s) 'example_display_name' retrieved from /home/airflow/.local/lib/python3.12/site-packages/airflow/example_dags/example_display_name.py
[2024-11-11T03:59:43.178+0000] {logging_mixin.py:190} INFO - [2024-11-11T03:59:43.178+0000] {dag.py:3239} INFO - Sync 1 DAGs
[2024-11-11T03:59:43.185+0000] {logging_mixin.py:190} INFO - [2024-11-11T03:59:43.184+0000] {dag.py:4180} INFO - Setting next_dagrun for example_display_name to None, run_after=None
[2024-11-11T03:59:43.192+0000] {processor.py:208} INFO - Processing /home/airflow/.local/lib/python3.12/site-packages/airflow/example_dags/example_display_name.py took 0.033 seconds
[2024-11-11T04:00:13.783+0000] {processor.py:186} INFO - Started process (PID=9221) to work on /home/airflow/.local/lib/python3.12/site-packages/airflow/example_dags/example_display_name.py
[2024-11-11T04:00:13.783+0000] {processor.py:914} INFO - Processing file /home/airflow/.local/lib/python3.12/site-packages/airflow/example_dags/example_display_name.py for tasks to queue
[2024-11-11T04:00:13.785+0000] {logging_mixin.py:190} INFO - [2024-11-11T04:00:13.785+0000] {dagbag.py:588} INFO - Filling up the DagBag from /home/airflow/.local/lib/python3.12/site-packages/airflow/example_dags/example_display_name.py
[2024-11-11T04:00:13.790+0000] {processor.py:925} INFO - DAG(s) 'example_display_name' retrieved from /home/airflow/.local/lib/python3.12/site-packages/airflow/example_dags/example_display_name.py
[2024-11-11T04:00:13.800+0000] {logging_mixin.py:190} INFO - [2024-11-11T04:00:13.800+0000] {dag.py:3239} INFO - Sync 1 DAGs
[2024-11-11T04:00:13.807+0000] {logging_mixin.py:190} INFO - [2024-11-11T04:00:13.807+0000] {dag.py:4180} INFO - Setting next_dagrun for example_display_name to None, run_after=None
[2024-11-11T04:00:13.816+0000] {processor.py:208} INFO - Processing /home/airflow/.local/lib/python3.12/site-packages/airflow/example_dags/example_display_name.py took 0.036 seconds
[2024-11-11T04:00:44.643+0000] {processor.py:186} INFO - Started process (PID=9284) to work on /home/airflow/.local/lib/python3.12/site-packages/airflow/example_dags/example_display_name.py
[2024-11-11T04:00:44.643+0000] {processor.py:914} INFO - Processing file /home/airflow/.local/lib/python3.12/site-packages/airflow/example_dags/example_display_name.py for tasks to queue
[2024-11-11T04:00:44.645+0000] {logging_mixin.py:190} INFO - [2024-11-11T04:00:44.645+0000] {dagbag.py:588} INFO - Filling up the DagBag from /home/airflow/.local/lib/python3.12/site-packages/airflow/example_dags/example_display_name.py
[2024-11-11T04:00:44.650+0000] {processor.py:925} INFO - DAG(s) 'example_display_name' retrieved from /home/airflow/.local/lib/python3.12/site-packages/airflow/example_dags/example_display_name.py
[2024-11-11T04:00:44.660+0000] {logging_mixin.py:190} INFO - [2024-11-11T04:00:44.660+0000] {dag.py:3239} INFO - Sync 1 DAGs
[2024-11-11T04:00:44.668+0000] {logging_mixin.py:190} INFO - [2024-11-11T04:00:44.668+0000] {dag.py:4180} INFO - Setting next_dagrun for example_display_name to None, run_after=None
[2024-11-11T04:00:44.678+0000] {processor.py:208} INFO - Processing /home/airflow/.local/lib/python3.12/site-packages/airflow/example_dags/example_display_name.py took 0.038 seconds
[2024-11-11T04:01:15.268+0000] {processor.py:186} INFO - Started process (PID=9347) to work on /home/airflow/.local/lib/python3.12/site-packages/airflow/example_dags/example_display_name.py
[2024-11-11T04:01:15.269+0000] {processor.py:914} INFO - Processing file /home/airflow/.local/lib/python3.12/site-packages/airflow/example_dags/example_display_name.py for tasks to queue
[2024-11-11T04:01:15.270+0000] {logging_mixin.py:190} INFO - [2024-11-11T04:01:15.270+0000] {dagbag.py:588} INFO - Filling up the DagBag from /home/airflow/.local/lib/python3.12/site-packages/airflow/example_dags/example_display_name.py
[2024-11-11T04:01:15.275+0000] {processor.py:925} INFO - DAG(s) 'example_display_name' retrieved from /home/airflow/.local/lib/python3.12/site-packages/airflow/example_dags/example_display_name.py
[2024-11-11T04:01:15.285+0000] {logging_mixin.py:190} INFO - [2024-11-11T04:01:15.285+0000] {dag.py:3239} INFO - Sync 1 DAGs
[2024-11-11T04:01:15.293+0000] {logging_mixin.py:190} INFO - [2024-11-11T04:01:15.293+0000] {dag.py:4180} INFO - Setting next_dagrun for example_display_name to None, run_after=None
[2024-11-11T04:01:15.302+0000] {processor.py:208} INFO - Processing /home/airflow/.local/lib/python3.12/site-packages/airflow/example_dags/example_display_name.py took 0.037 seconds
[2024-11-11T04:01:46.150+0000] {processor.py:186} INFO - Started process (PID=9410) to work on /home/airflow/.local/lib/python3.12/site-packages/airflow/example_dags/example_display_name.py
[2024-11-11T04:01:46.151+0000] {processor.py:914} INFO - Processing file /home/airflow/.local/lib/python3.12/site-packages/airflow/example_dags/example_display_name.py for tasks to queue
[2024-11-11T04:01:46.152+0000] {logging_mixin.py:190} INFO - [2024-11-11T04:01:46.152+0000] {dagbag.py:588} INFO - Filling up the DagBag from /home/airflow/.local/lib/python3.12/site-packages/airflow/example_dags/example_display_name.py
[2024-11-11T04:01:46.156+0000] {processor.py:925} INFO - DAG(s) 'example_display_name' retrieved from /home/airflow/.local/lib/python3.12/site-packages/airflow/example_dags/example_display_name.py
[2024-11-11T04:01:46.165+0000] {logging_mixin.py:190} INFO - [2024-11-11T04:01:46.165+0000] {dag.py:3239} INFO - Sync 1 DAGs
[2024-11-11T04:01:46.173+0000] {logging_mixin.py:190} INFO - [2024-11-11T04:01:46.173+0000] {dag.py:4180} INFO - Setting next_dagrun for example_display_name to None, run_after=None
[2024-11-11T04:01:46.181+0000] {processor.py:208} INFO - Processing /home/airflow/.local/lib/python3.12/site-packages/airflow/example_dags/example_display_name.py took 0.034 seconds
[2024-11-11T04:02:17.028+0000] {processor.py:186} INFO - Started process (PID=9473) to work on /home/airflow/.local/lib/python3.12/site-packages/airflow/example_dags/example_display_name.py
[2024-11-11T04:02:17.029+0000] {processor.py:914} INFO - Processing file /home/airflow/.local/lib/python3.12/site-packages/airflow/example_dags/example_display_name.py for tasks to queue
[2024-11-11T04:02:17.030+0000] {logging_mixin.py:190} INFO - [2024-11-11T04:02:17.030+0000] {dagbag.py:588} INFO - Filling up the DagBag from /home/airflow/.local/lib/python3.12/site-packages/airflow/example_dags/example_display_name.py
[2024-11-11T04:02:17.035+0000] {processor.py:925} INFO - DAG(s) 'example_display_name' retrieved from /home/airflow/.local/lib/python3.12/site-packages/airflow/example_dags/example_display_name.py
[2024-11-11T04:02:17.045+0000] {logging_mixin.py:190} INFO - [2024-11-11T04:02:17.045+0000] {dag.py:3239} INFO - Sync 1 DAGs
[2024-11-11T04:02:17.052+0000] {logging_mixin.py:190} INFO - [2024-11-11T04:02:17.052+0000] {dag.py:4180} INFO - Setting next_dagrun for example_display_name to None, run_after=None
[2024-11-11T04:02:17.062+0000] {processor.py:208} INFO - Processing /home/airflow/.local/lib/python3.12/site-packages/airflow/example_dags/example_display_name.py took 0.037 seconds
[2024-11-11T04:02:47.698+0000] {processor.py:186} INFO - Started process (PID=9536) to work on /home/airflow/.local/lib/python3.12/site-packages/airflow/example_dags/example_display_name.py
[2024-11-11T04:02:47.698+0000] {processor.py:914} INFO - Processing file /home/airflow/.local/lib/python3.12/site-packages/airflow/example_dags/example_display_name.py for tasks to queue
[2024-11-11T04:02:47.700+0000] {logging_mixin.py:190} INFO - [2024-11-11T04:02:47.700+0000] {dagbag.py:588} INFO - Filling up the DagBag from /home/airflow/.local/lib/python3.12/site-packages/airflow/example_dags/example_display_name.py
[2024-11-11T04:02:47.704+0000] {processor.py:925} INFO - DAG(s) 'example_display_name' retrieved from /home/airflow/.local/lib/python3.12/site-packages/airflow/example_dags/example_display_name.py
[2024-11-11T04:02:47.714+0000] {logging_mixin.py:190} INFO - [2024-11-11T04:02:47.714+0000] {dag.py:3239} INFO - Sync 1 DAGs
[2024-11-11T04:02:47.721+0000] {logging_mixin.py:190} INFO - [2024-11-11T04:02:47.721+0000] {dag.py:4180} INFO - Setting next_dagrun for example_display_name to None, run_after=None
[2024-11-11T04:02:47.730+0000] {processor.py:208} INFO - Processing /home/airflow/.local/lib/python3.12/site-packages/airflow/example_dags/example_display_name.py took 0.036 seconds
[2024-11-11T04:03:18.367+0000] {processor.py:186} INFO - Started process (PID=9599) to work on /home/airflow/.local/lib/python3.12/site-packages/airflow/example_dags/example_display_name.py
[2024-11-11T04:03:18.368+0000] {processor.py:914} INFO - Processing file /home/airflow/.local/lib/python3.12/site-packages/airflow/example_dags/example_display_name.py for tasks to queue
[2024-11-11T04:03:18.369+0000] {logging_mixin.py:190} INFO - [2024-11-11T04:03:18.369+0000] {dagbag.py:588} INFO - Filling up the DagBag from /home/airflow/.local/lib/python3.12/site-packages/airflow/example_dags/example_display_name.py
[2024-11-11T04:03:18.374+0000] {processor.py:925} INFO - DAG(s) 'example_display_name' retrieved from /home/airflow/.local/lib/python3.12/site-packages/airflow/example_dags/example_display_name.py
[2024-11-11T04:03:18.385+0000] {logging_mixin.py:190} INFO - [2024-11-11T04:03:18.384+0000] {dag.py:3239} INFO - Sync 1 DAGs
[2024-11-11T04:03:18.392+0000] {logging_mixin.py:190} INFO - [2024-11-11T04:03:18.392+0000] {dag.py:4180} INFO - Setting next_dagrun for example_display_name to None, run_after=None
[2024-11-11T04:03:18.401+0000] {processor.py:208} INFO - Processing /home/airflow/.local/lib/python3.12/site-packages/airflow/example_dags/example_display_name.py took 0.037 seconds
[2024-11-11T04:03:49.300+0000] {processor.py:186} INFO - Started process (PID=9662) to work on /home/airflow/.local/lib/python3.12/site-packages/airflow/example_dags/example_display_name.py
[2024-11-11T04:03:49.301+0000] {processor.py:914} INFO - Processing file /home/airflow/.local/lib/python3.12/site-packages/airflow/example_dags/example_display_name.py for tasks to queue
[2024-11-11T04:03:49.302+0000] {logging_mixin.py:190} INFO - [2024-11-11T04:03:49.302+0000] {dagbag.py:588} INFO - Filling up the DagBag from /home/airflow/.local/lib/python3.12/site-packages/airflow/example_dags/example_display_name.py
[2024-11-11T04:03:49.307+0000] {processor.py:925} INFO - DAG(s) 'example_display_name' retrieved from /home/airflow/.local/lib/python3.12/site-packages/airflow/example_dags/example_display_name.py
[2024-11-11T04:03:49.317+0000] {logging_mixin.py:190} INFO - [2024-11-11T04:03:49.317+0000] {dag.py:3239} INFO - Sync 1 DAGs
[2024-11-11T04:03:49.324+0000] {logging_mixin.py:190} INFO - [2024-11-11T04:03:49.324+0000] {dag.py:4180} INFO - Setting next_dagrun for example_display_name to None, run_after=None
[2024-11-11T04:03:49.333+0000] {processor.py:208} INFO - Processing /home/airflow/.local/lib/python3.12/site-packages/airflow/example_dags/example_display_name.py took 0.036 seconds
[2024-11-11T04:04:20.292+0000] {processor.py:186} INFO - Started process (PID=9725) to work on /home/airflow/.local/lib/python3.12/site-packages/airflow/example_dags/example_display_name.py
[2024-11-11T04:04:20.293+0000] {processor.py:914} INFO - Processing file /home/airflow/.local/lib/python3.12/site-packages/airflow/example_dags/example_display_name.py for tasks to queue
[2024-11-11T04:04:20.294+0000] {logging_mixin.py:190} INFO - [2024-11-11T04:04:20.294+0000] {dagbag.py:588} INFO - Filling up the DagBag from /home/airflow/.local/lib/python3.12/site-packages/airflow/example_dags/example_display_name.py
[2024-11-11T04:04:20.299+0000] {processor.py:925} INFO - DAG(s) 'example_display_name' retrieved from /home/airflow/.local/lib/python3.12/site-packages/airflow/example_dags/example_display_name.py
[2024-11-11T04:04:20.310+0000] {logging_mixin.py:190} INFO - [2024-11-11T04:04:20.310+0000] {dag.py:3239} INFO - Sync 1 DAGs
[2024-11-11T04:04:20.318+0000] {logging_mixin.py:190} INFO - [2024-11-11T04:04:20.317+0000] {dag.py:4180} INFO - Setting next_dagrun for example_display_name to None, run_after=None
[2024-11-11T04:04:20.327+0000] {processor.py:208} INFO - Processing /home/airflow/.local/lib/python3.12/site-packages/airflow/example_dags/example_display_name.py took 0.038 seconds
[2024-11-11T04:04:51.203+0000] {processor.py:186} INFO - Started process (PID=9788) to work on /home/airflow/.local/lib/python3.12/site-packages/airflow/example_dags/example_display_name.py
[2024-11-11T04:04:51.204+0000] {processor.py:914} INFO - Processing file /home/airflow/.local/lib/python3.12/site-packages/airflow/example_dags/example_display_name.py for tasks to queue
[2024-11-11T04:04:51.206+0000] {logging_mixin.py:190} INFO - [2024-11-11T04:04:51.205+0000] {dagbag.py:588} INFO - Filling up the DagBag from /home/airflow/.local/lib/python3.12/site-packages/airflow/example_dags/example_display_name.py
[2024-11-11T04:04:51.212+0000] {processor.py:925} INFO - DAG(s) 'example_display_name' retrieved from /home/airflow/.local/lib/python3.12/site-packages/airflow/example_dags/example_display_name.py
[2024-11-11T04:04:51.224+0000] {logging_mixin.py:190} INFO - [2024-11-11T04:04:51.224+0000] {dag.py:3239} INFO - Sync 1 DAGs
[2024-11-11T04:04:51.233+0000] {logging_mixin.py:190} INFO - [2024-11-11T04:04:51.233+0000] {dag.py:4180} INFO - Setting next_dagrun for example_display_name to None, run_after=None
[2024-11-11T04:04:51.255+0000] {processor.py:208} INFO - Processing /home/airflow/.local/lib/python3.12/site-packages/airflow/example_dags/example_display_name.py took 0.056 seconds
[2024-11-11T04:05:21.932+0000] {processor.py:186} INFO - Started process (PID=9851) to work on /home/airflow/.local/lib/python3.12/site-packages/airflow/example_dags/example_display_name.py
[2024-11-11T04:05:21.933+0000] {processor.py:914} INFO - Processing file /home/airflow/.local/lib/python3.12/site-packages/airflow/example_dags/example_display_name.py for tasks to queue
[2024-11-11T04:05:21.934+0000] {logging_mixin.py:190} INFO - [2024-11-11T04:05:21.934+0000] {dagbag.py:588} INFO - Filling up the DagBag from /home/airflow/.local/lib/python3.12/site-packages/airflow/example_dags/example_display_name.py
[2024-11-11T04:05:21.939+0000] {processor.py:925} INFO - DAG(s) 'example_display_name' retrieved from /home/airflow/.local/lib/python3.12/site-packages/airflow/example_dags/example_display_name.py
[2024-11-11T04:05:21.949+0000] {logging_mixin.py:190} INFO - [2024-11-11T04:05:21.949+0000] {dag.py:3239} INFO - Sync 1 DAGs
[2024-11-11T04:05:21.956+0000] {logging_mixin.py:190} INFO - [2024-11-11T04:05:21.956+0000] {dag.py:4180} INFO - Setting next_dagrun for example_display_name to None, run_after=None
[2024-11-11T04:05:21.967+0000] {processor.py:208} INFO - Processing /home/airflow/.local/lib/python3.12/site-packages/airflow/example_dags/example_display_name.py took 0.039 seconds
[2024-11-11T04:05:52.565+0000] {processor.py:186} INFO - Started process (PID=9914) to work on /home/airflow/.local/lib/python3.12/site-packages/airflow/example_dags/example_display_name.py
[2024-11-11T04:05:52.566+0000] {processor.py:914} INFO - Processing file /home/airflow/.local/lib/python3.12/site-packages/airflow/example_dags/example_display_name.py for tasks to queue
[2024-11-11T04:05:52.567+0000] {logging_mixin.py:190} INFO - [2024-11-11T04:05:52.567+0000] {dagbag.py:588} INFO - Filling up the DagBag from /home/airflow/.local/lib/python3.12/site-packages/airflow/example_dags/example_display_name.py
[2024-11-11T04:05:52.572+0000] {processor.py:925} INFO - DAG(s) 'example_display_name' retrieved from /home/airflow/.local/lib/python3.12/site-packages/airflow/example_dags/example_display_name.py
[2024-11-11T04:05:52.582+0000] {logging_mixin.py:190} INFO - [2024-11-11T04:05:52.582+0000] {dag.py:3239} INFO - Sync 1 DAGs
[2024-11-11T04:05:52.589+0000] {logging_mixin.py:190} INFO - [2024-11-11T04:05:52.589+0000] {dag.py:4180} INFO - Setting next_dagrun for example_display_name to None, run_after=None
[2024-11-11T04:05:52.598+0000] {processor.py:208} INFO - Processing /home/airflow/.local/lib/python3.12/site-packages/airflow/example_dags/example_display_name.py took 0.036 seconds
[2024-11-11T04:06:23.342+0000] {processor.py:186} INFO - Started process (PID=9977) to work on /home/airflow/.local/lib/python3.12/site-packages/airflow/example_dags/example_display_name.py
[2024-11-11T04:06:23.343+0000] {processor.py:914} INFO - Processing file /home/airflow/.local/lib/python3.12/site-packages/airflow/example_dags/example_display_name.py for tasks to queue
[2024-11-11T04:06:23.344+0000] {logging_mixin.py:190} INFO - [2024-11-11T04:06:23.344+0000] {dagbag.py:588} INFO - Filling up the DagBag from /home/airflow/.local/lib/python3.12/site-packages/airflow/example_dags/example_display_name.py
[2024-11-11T04:06:23.349+0000] {processor.py:925} INFO - DAG(s) 'example_display_name' retrieved from /home/airflow/.local/lib/python3.12/site-packages/airflow/example_dags/example_display_name.py
[2024-11-11T04:06:23.359+0000] {logging_mixin.py:190} INFO - [2024-11-11T04:06:23.359+0000] {dag.py:3239} INFO - Sync 1 DAGs
[2024-11-11T04:06:23.366+0000] {logging_mixin.py:190} INFO - [2024-11-11T04:06:23.366+0000] {dag.py:4180} INFO - Setting next_dagrun for example_display_name to None, run_after=None
[2024-11-11T04:06:23.375+0000] {processor.py:208} INFO - Processing /home/airflow/.local/lib/python3.12/site-packages/airflow/example_dags/example_display_name.py took 0.036 seconds
[2024-11-11T04:06:54.177+0000] {processor.py:186} INFO - Started process (PID=10040) to work on /home/airflow/.local/lib/python3.12/site-packages/airflow/example_dags/example_display_name.py
[2024-11-11T04:06:54.178+0000] {processor.py:914} INFO - Processing file /home/airflow/.local/lib/python3.12/site-packages/airflow/example_dags/example_display_name.py for tasks to queue
[2024-11-11T04:06:54.179+0000] {logging_mixin.py:190} INFO - [2024-11-11T04:06:54.179+0000] {dagbag.py:588} INFO - Filling up the DagBag from /home/airflow/.local/lib/python3.12/site-packages/airflow/example_dags/example_display_name.py
[2024-11-11T04:06:54.184+0000] {processor.py:925} INFO - DAG(s) 'example_display_name' retrieved from /home/airflow/.local/lib/python3.12/site-packages/airflow/example_dags/example_display_name.py
[2024-11-11T04:06:54.195+0000] {logging_mixin.py:190} INFO - [2024-11-11T04:06:54.195+0000] {dag.py:3239} INFO - Sync 1 DAGs
[2024-11-11T04:06:54.202+0000] {logging_mixin.py:190} INFO - [2024-11-11T04:06:54.202+0000] {dag.py:4180} INFO - Setting next_dagrun for example_display_name to None, run_after=None
[2024-11-11T04:06:54.211+0000] {processor.py:208} INFO - Processing /home/airflow/.local/lib/python3.12/site-packages/airflow/example_dags/example_display_name.py took 0.037 seconds
[2024-11-11T04:07:24.928+0000] {processor.py:186} INFO - Started process (PID=10103) to work on /home/airflow/.local/lib/python3.12/site-packages/airflow/example_dags/example_display_name.py
[2024-11-11T04:07:24.929+0000] {processor.py:914} INFO - Processing file /home/airflow/.local/lib/python3.12/site-packages/airflow/example_dags/example_display_name.py for tasks to queue
[2024-11-11T04:07:24.930+0000] {logging_mixin.py:190} INFO - [2024-11-11T04:07:24.930+0000] {dagbag.py:588} INFO - Filling up the DagBag from /home/airflow/.local/lib/python3.12/site-packages/airflow/example_dags/example_display_name.py
[2024-11-11T04:07:24.935+0000] {processor.py:925} INFO - DAG(s) 'example_display_name' retrieved from /home/airflow/.local/lib/python3.12/site-packages/airflow/example_dags/example_display_name.py
[2024-11-11T04:07:24.945+0000] {logging_mixin.py:190} INFO - [2024-11-11T04:07:24.945+0000] {dag.py:3239} INFO - Sync 1 DAGs
[2024-11-11T04:07:24.953+0000] {logging_mixin.py:190} INFO - [2024-11-11T04:07:24.952+0000] {dag.py:4180} INFO - Setting next_dagrun for example_display_name to None, run_after=None
[2024-11-11T04:07:24.961+0000] {processor.py:208} INFO - Processing /home/airflow/.local/lib/python3.12/site-packages/airflow/example_dags/example_display_name.py took 0.036 seconds
[2024-11-11T04:07:55.755+0000] {processor.py:186} INFO - Started process (PID=10166) to work on /home/airflow/.local/lib/python3.12/site-packages/airflow/example_dags/example_display_name.py
[2024-11-11T04:07:55.756+0000] {processor.py:914} INFO - Processing file /home/airflow/.local/lib/python3.12/site-packages/airflow/example_dags/example_display_name.py for tasks to queue
[2024-11-11T04:07:55.757+0000] {logging_mixin.py:190} INFO - [2024-11-11T04:07:55.757+0000] {dagbag.py:588} INFO - Filling up the DagBag from /home/airflow/.local/lib/python3.12/site-packages/airflow/example_dags/example_display_name.py
[2024-11-11T04:07:55.762+0000] {processor.py:925} INFO - DAG(s) 'example_display_name' retrieved from /home/airflow/.local/lib/python3.12/site-packages/airflow/example_dags/example_display_name.py
[2024-11-11T04:07:55.772+0000] {logging_mixin.py:190} INFO - [2024-11-11T04:07:55.772+0000] {dag.py:3239} INFO - Sync 1 DAGs
[2024-11-11T04:07:55.779+0000] {logging_mixin.py:190} INFO - [2024-11-11T04:07:55.779+0000] {dag.py:4180} INFO - Setting next_dagrun for example_display_name to None, run_after=None
[2024-11-11T04:07:55.789+0000] {processor.py:208} INFO - Processing /home/airflow/.local/lib/python3.12/site-packages/airflow/example_dags/example_display_name.py took 0.038 seconds
[2024-11-11T04:08:26.594+0000] {processor.py:186} INFO - Started process (PID=10229) to work on /home/airflow/.local/lib/python3.12/site-packages/airflow/example_dags/example_display_name.py
[2024-11-11T04:08:26.594+0000] {processor.py:914} INFO - Processing file /home/airflow/.local/lib/python3.12/site-packages/airflow/example_dags/example_display_name.py for tasks to queue
[2024-11-11T04:08:26.596+0000] {logging_mixin.py:190} INFO - [2024-11-11T04:08:26.595+0000] {dagbag.py:588} INFO - Filling up the DagBag from /home/airflow/.local/lib/python3.12/site-packages/airflow/example_dags/example_display_name.py
[2024-11-11T04:08:26.600+0000] {processor.py:925} INFO - DAG(s) 'example_display_name' retrieved from /home/airflow/.local/lib/python3.12/site-packages/airflow/example_dags/example_display_name.py
[2024-11-11T04:08:26.610+0000] {logging_mixin.py:190} INFO - [2024-11-11T04:08:26.610+0000] {dag.py:3239} INFO - Sync 1 DAGs
[2024-11-11T04:08:26.617+0000] {logging_mixin.py:190} INFO - [2024-11-11T04:08:26.616+0000] {dag.py:4180} INFO - Setting next_dagrun for example_display_name to None, run_after=None
[2024-11-11T04:08:26.624+0000] {processor.py:208} INFO - Processing /home/airflow/.local/lib/python3.12/site-packages/airflow/example_dags/example_display_name.py took 0.035 seconds
[2024-11-11T04:08:57.207+0000] {processor.py:186} INFO - Started process (PID=10292) to work on /home/airflow/.local/lib/python3.12/site-packages/airflow/example_dags/example_display_name.py
[2024-11-11T04:08:57.208+0000] {processor.py:914} INFO - Processing file /home/airflow/.local/lib/python3.12/site-packages/airflow/example_dags/example_display_name.py for tasks to queue
[2024-11-11T04:08:57.209+0000] {logging_mixin.py:190} INFO - [2024-11-11T04:08:57.209+0000] {dagbag.py:588} INFO - Filling up the DagBag from /home/airflow/.local/lib/python3.12/site-packages/airflow/example_dags/example_display_name.py
[2024-11-11T04:08:57.215+0000] {processor.py:925} INFO - DAG(s) 'example_display_name' retrieved from /home/airflow/.local/lib/python3.12/site-packages/airflow/example_dags/example_display_name.py
[2024-11-11T04:08:57.225+0000] {logging_mixin.py:190} INFO - [2024-11-11T04:08:57.225+0000] {dag.py:3239} INFO - Sync 1 DAGs
[2024-11-11T04:08:57.232+0000] {logging_mixin.py:190} INFO - [2024-11-11T04:08:57.232+0000] {dag.py:4180} INFO - Setting next_dagrun for example_display_name to None, run_after=None
[2024-11-11T04:08:57.241+0000] {processor.py:208} INFO - Processing /home/airflow/.local/lib/python3.12/site-packages/airflow/example_dags/example_display_name.py took 0.037 seconds
[2024-11-11T04:09:27.772+0000] {processor.py:186} INFO - Started process (PID=10355) to work on /home/airflow/.local/lib/python3.12/site-packages/airflow/example_dags/example_display_name.py
[2024-11-11T04:09:27.773+0000] {processor.py:914} INFO - Processing file /home/airflow/.local/lib/python3.12/site-packages/airflow/example_dags/example_display_name.py for tasks to queue
[2024-11-11T04:09:27.774+0000] {logging_mixin.py:190} INFO - [2024-11-11T04:09:27.774+0000] {dagbag.py:588} INFO - Filling up the DagBag from /home/airflow/.local/lib/python3.12/site-packages/airflow/example_dags/example_display_name.py
[2024-11-11T04:09:27.779+0000] {processor.py:925} INFO - DAG(s) 'example_display_name' retrieved from /home/airflow/.local/lib/python3.12/site-packages/airflow/example_dags/example_display_name.py
[2024-11-11T04:09:27.790+0000] {logging_mixin.py:190} INFO - [2024-11-11T04:09:27.790+0000] {dag.py:3239} INFO - Sync 1 DAGs
[2024-11-11T04:09:27.797+0000] {logging_mixin.py:190} INFO - [2024-11-11T04:09:27.797+0000] {dag.py:4180} INFO - Setting next_dagrun for example_display_name to None, run_after=None
[2024-11-11T04:09:27.805+0000] {processor.py:208} INFO - Processing /home/airflow/.local/lib/python3.12/site-packages/airflow/example_dags/example_display_name.py took 0.037 seconds
[2024-11-11T04:09:59.265+0000] {processor.py:186} INFO - Started process (PID=10418) to work on /home/airflow/.local/lib/python3.12/site-packages/airflow/example_dags/example_display_name.py
[2024-11-11T04:09:59.266+0000] {processor.py:914} INFO - Processing file /home/airflow/.local/lib/python3.12/site-packages/airflow/example_dags/example_display_name.py for tasks to queue
[2024-11-11T04:09:59.267+0000] {logging_mixin.py:190} INFO - [2024-11-11T04:09:59.267+0000] {dagbag.py:588} INFO - Filling up the DagBag from /home/airflow/.local/lib/python3.12/site-packages/airflow/example_dags/example_display_name.py
[2024-11-11T04:09:59.272+0000] {processor.py:925} INFO - DAG(s) 'example_display_name' retrieved from /home/airflow/.local/lib/python3.12/site-packages/airflow/example_dags/example_display_name.py
[2024-11-11T04:09:59.283+0000] {logging_mixin.py:190} INFO - [2024-11-11T04:09:59.283+0000] {dag.py:3239} INFO - Sync 1 DAGs
[2024-11-11T04:09:59.290+0000] {logging_mixin.py:190} INFO - [2024-11-11T04:09:59.290+0000] {dag.py:4180} INFO - Setting next_dagrun for example_display_name to None, run_after=None
[2024-11-11T04:09:59.299+0000] {processor.py:208} INFO - Processing /home/airflow/.local/lib/python3.12/site-packages/airflow/example_dags/example_display_name.py took 0.038 seconds
[2024-11-11T04:10:31.276+0000] {processor.py:186} INFO - Started process (PID=10481) to work on /home/airflow/.local/lib/python3.12/site-packages/airflow/example_dags/example_display_name.py
[2024-11-11T04:10:31.276+0000] {processor.py:914} INFO - Processing file /home/airflow/.local/lib/python3.12/site-packages/airflow/example_dags/example_display_name.py for tasks to queue
[2024-11-11T04:10:31.278+0000] {logging_mixin.py:190} INFO - [2024-11-11T04:10:31.277+0000] {dagbag.py:588} INFO - Filling up the DagBag from /home/airflow/.local/lib/python3.12/site-packages/airflow/example_dags/example_display_name.py
[2024-11-11T04:10:31.282+0000] {processor.py:925} INFO - DAG(s) 'example_display_name' retrieved from /home/airflow/.local/lib/python3.12/site-packages/airflow/example_dags/example_display_name.py
[2024-11-11T04:10:31.290+0000] {logging_mixin.py:190} INFO - [2024-11-11T04:10:31.290+0000] {dag.py:3239} INFO - Sync 1 DAGs
[2024-11-11T04:10:31.297+0000] {logging_mixin.py:190} INFO - [2024-11-11T04:10:31.297+0000] {dag.py:4180} INFO - Setting next_dagrun for example_display_name to None, run_after=None
[2024-11-11T04:10:31.408+0000] {processor.py:208} INFO - Processing /home/airflow/.local/lib/python3.12/site-packages/airflow/example_dags/example_display_name.py took 0.136 seconds
[2024-11-11T04:11:02.167+0000] {processor.py:186} INFO - Started process (PID=10544) to work on /home/airflow/.local/lib/python3.12/site-packages/airflow/example_dags/example_display_name.py
[2024-11-11T04:11:02.167+0000] {processor.py:914} INFO - Processing file /home/airflow/.local/lib/python3.12/site-packages/airflow/example_dags/example_display_name.py for tasks to queue
[2024-11-11T04:11:02.169+0000] {logging_mixin.py:190} INFO - [2024-11-11T04:11:02.169+0000] {dagbag.py:588} INFO - Filling up the DagBag from /home/airflow/.local/lib/python3.12/site-packages/airflow/example_dags/example_display_name.py
[2024-11-11T04:11:02.174+0000] {processor.py:925} INFO - DAG(s) 'example_display_name' retrieved from /home/airflow/.local/lib/python3.12/site-packages/airflow/example_dags/example_display_name.py
[2024-11-11T04:11:02.183+0000] {logging_mixin.py:190} INFO - [2024-11-11T04:11:02.183+0000] {dag.py:3239} INFO - Sync 1 DAGs
[2024-11-11T04:11:02.189+0000] {logging_mixin.py:190} INFO - [2024-11-11T04:11:02.189+0000] {dag.py:4180} INFO - Setting next_dagrun for example_display_name to None, run_after=None
[2024-11-11T04:11:02.197+0000] {processor.py:208} INFO - Processing /home/airflow/.local/lib/python3.12/site-packages/airflow/example_dags/example_display_name.py took 0.033 seconds
[2024-11-11T04:11:32.707+0000] {processor.py:186} INFO - Started process (PID=10607) to work on /home/airflow/.local/lib/python3.12/site-packages/airflow/example_dags/example_display_name.py
[2024-11-11T04:11:32.707+0000] {processor.py:914} INFO - Processing file /home/airflow/.local/lib/python3.12/site-packages/airflow/example_dags/example_display_name.py for tasks to queue
[2024-11-11T04:11:32.709+0000] {logging_mixin.py:190} INFO - [2024-11-11T04:11:32.709+0000] {dagbag.py:588} INFO - Filling up the DagBag from /home/airflow/.local/lib/python3.12/site-packages/airflow/example_dags/example_display_name.py
[2024-11-11T04:11:32.713+0000] {processor.py:925} INFO - DAG(s) 'example_display_name' retrieved from /home/airflow/.local/lib/python3.12/site-packages/airflow/example_dags/example_display_name.py
[2024-11-11T04:11:32.722+0000] {logging_mixin.py:190} INFO - [2024-11-11T04:11:32.722+0000] {dag.py:3239} INFO - Sync 1 DAGs
[2024-11-11T04:11:32.729+0000] {logging_mixin.py:190} INFO - [2024-11-11T04:11:32.729+0000] {dag.py:4180} INFO - Setting next_dagrun for example_display_name to None, run_after=None
[2024-11-11T04:11:32.737+0000] {processor.py:208} INFO - Processing /home/airflow/.local/lib/python3.12/site-packages/airflow/example_dags/example_display_name.py took 0.034 seconds
[2024-11-11T04:12:03.603+0000] {processor.py:186} INFO - Started process (PID=10670) to work on /home/airflow/.local/lib/python3.12/site-packages/airflow/example_dags/example_display_name.py
[2024-11-11T04:12:03.604+0000] {processor.py:914} INFO - Processing file /home/airflow/.local/lib/python3.12/site-packages/airflow/example_dags/example_display_name.py for tasks to queue
[2024-11-11T04:12:03.605+0000] {logging_mixin.py:190} INFO - [2024-11-11T04:12:03.605+0000] {dagbag.py:588} INFO - Filling up the DagBag from /home/airflow/.local/lib/python3.12/site-packages/airflow/example_dags/example_display_name.py
[2024-11-11T04:12:03.609+0000] {processor.py:925} INFO - DAG(s) 'example_display_name' retrieved from /home/airflow/.local/lib/python3.12/site-packages/airflow/example_dags/example_display_name.py
[2024-11-11T04:12:03.720+0000] {logging_mixin.py:190} INFO - [2024-11-11T04:12:03.720+0000] {dag.py:3239} INFO - Sync 1 DAGs
[2024-11-11T04:12:03.726+0000] {logging_mixin.py:190} INFO - [2024-11-11T04:12:03.726+0000] {dag.py:4180} INFO - Setting next_dagrun for example_display_name to None, run_after=None
[2024-11-11T04:12:03.733+0000] {processor.py:208} INFO - Processing /home/airflow/.local/lib/python3.12/site-packages/airflow/example_dags/example_display_name.py took 0.134 seconds
[2024-11-11T04:12:33.890+0000] {processor.py:186} INFO - Started process (PID=10733) to work on /home/airflow/.local/lib/python3.12/site-packages/airflow/example_dags/example_display_name.py
[2024-11-11T04:12:33.891+0000] {processor.py:914} INFO - Processing file /home/airflow/.local/lib/python3.12/site-packages/airflow/example_dags/example_display_name.py for tasks to queue
[2024-11-11T04:12:33.893+0000] {logging_mixin.py:190} INFO - [2024-11-11T04:12:33.892+0000] {dagbag.py:588} INFO - Filling up the DagBag from /home/airflow/.local/lib/python3.12/site-packages/airflow/example_dags/example_display_name.py
[2024-11-11T04:12:33.897+0000] {processor.py:925} INFO - DAG(s) 'example_display_name' retrieved from /home/airflow/.local/lib/python3.12/site-packages/airflow/example_dags/example_display_name.py
[2024-11-11T04:12:33.907+0000] {logging_mixin.py:190} INFO - [2024-11-11T04:12:33.907+0000] {dag.py:3239} INFO - Sync 1 DAGs
[2024-11-11T04:12:33.915+0000] {logging_mixin.py:190} INFO - [2024-11-11T04:12:33.914+0000] {dag.py:4180} INFO - Setting next_dagrun for example_display_name to None, run_after=None
[2024-11-11T04:12:33.925+0000] {processor.py:208} INFO - Processing /home/airflow/.local/lib/python3.12/site-packages/airflow/example_dags/example_display_name.py took 0.038 seconds
[2024-11-11T04:13:04.382+0000] {processor.py:186} INFO - Started process (PID=10796) to work on /home/airflow/.local/lib/python3.12/site-packages/airflow/example_dags/example_display_name.py
[2024-11-11T04:13:04.383+0000] {processor.py:914} INFO - Processing file /home/airflow/.local/lib/python3.12/site-packages/airflow/example_dags/example_display_name.py for tasks to queue
[2024-11-11T04:13:04.384+0000] {logging_mixin.py:190} INFO - [2024-11-11T04:13:04.384+0000] {dagbag.py:588} INFO - Filling up the DagBag from /home/airflow/.local/lib/python3.12/site-packages/airflow/example_dags/example_display_name.py
[2024-11-11T04:13:04.389+0000] {processor.py:925} INFO - DAG(s) 'example_display_name' retrieved from /home/airflow/.local/lib/python3.12/site-packages/airflow/example_dags/example_display_name.py
[2024-11-11T04:13:04.399+0000] {logging_mixin.py:190} INFO - [2024-11-11T04:13:04.399+0000] {dag.py:3239} INFO - Sync 1 DAGs
[2024-11-11T04:13:04.406+0000] {logging_mixin.py:190} INFO - [2024-11-11T04:13:04.405+0000] {dag.py:4180} INFO - Setting next_dagrun for example_display_name to None, run_after=None
[2024-11-11T04:13:04.414+0000] {processor.py:208} INFO - Processing /home/airflow/.local/lib/python3.12/site-packages/airflow/example_dags/example_display_name.py took 0.034 seconds
[2024-11-11T04:13:35.238+0000] {processor.py:186} INFO - Started process (PID=10859) to work on /home/airflow/.local/lib/python3.12/site-packages/airflow/example_dags/example_display_name.py
[2024-11-11T04:13:35.239+0000] {processor.py:914} INFO - Processing file /home/airflow/.local/lib/python3.12/site-packages/airflow/example_dags/example_display_name.py for tasks to queue
[2024-11-11T04:13:35.241+0000] {logging_mixin.py:190} INFO - [2024-11-11T04:13:35.240+0000] {dagbag.py:588} INFO - Filling up the DagBag from /home/airflow/.local/lib/python3.12/site-packages/airflow/example_dags/example_display_name.py
[2024-11-11T04:13:35.245+0000] {processor.py:925} INFO - DAG(s) 'example_display_name' retrieved from /home/airflow/.local/lib/python3.12/site-packages/airflow/example_dags/example_display_name.py
[2024-11-11T04:13:35.255+0000] {logging_mixin.py:190} INFO - [2024-11-11T04:13:35.255+0000] {dag.py:3239} INFO - Sync 1 DAGs
[2024-11-11T04:13:35.262+0000] {logging_mixin.py:190} INFO - [2024-11-11T04:13:35.262+0000] {dag.py:4180} INFO - Setting next_dagrun for example_display_name to None, run_after=None
[2024-11-11T04:13:35.270+0000] {processor.py:208} INFO - Processing /home/airflow/.local/lib/python3.12/site-packages/airflow/example_dags/example_display_name.py took 0.035 seconds
[2024-11-11T04:47:36.658+0000] {processor.py:186} INFO - Started process (PID=10922) to work on /home/airflow/.local/lib/python3.12/site-packages/airflow/example_dags/example_display_name.py
[2024-11-11T04:47:36.659+0000] {processor.py:914} INFO - Processing file /home/airflow/.local/lib/python3.12/site-packages/airflow/example_dags/example_display_name.py for tasks to queue
[2024-11-11T04:47:36.660+0000] {logging_mixin.py:190} INFO - [2024-11-11T04:47:36.660+0000] {dagbag.py:588} INFO - Filling up the DagBag from /home/airflow/.local/lib/python3.12/site-packages/airflow/example_dags/example_display_name.py
[2024-11-11T04:47:36.665+0000] {processor.py:925} INFO - DAG(s) 'example_display_name' retrieved from /home/airflow/.local/lib/python3.12/site-packages/airflow/example_dags/example_display_name.py
[2024-11-11T04:47:36.676+0000] {logging_mixin.py:190} INFO - [2024-11-11T04:47:36.675+0000] {dag.py:3239} INFO - Sync 1 DAGs
[2024-11-11T04:47:36.683+0000] {logging_mixin.py:190} INFO - [2024-11-11T04:47:36.683+0000] {dag.py:4180} INFO - Setting next_dagrun for example_display_name to None, run_after=None
[2024-11-11T04:47:36.692+0000] {processor.py:208} INFO - Processing /home/airflow/.local/lib/python3.12/site-packages/airflow/example_dags/example_display_name.py took 0.037 seconds
[2024-11-11T05:54:20.908+0000] {processor.py:186} INFO - Started process (PID=10984) to work on /home/airflow/.local/lib/python3.12/site-packages/airflow/example_dags/example_display_name.py
[2024-11-11T05:54:20.909+0000] {processor.py:914} INFO - Processing file /home/airflow/.local/lib/python3.12/site-packages/airflow/example_dags/example_display_name.py for tasks to queue
[2024-11-11T05:54:20.910+0000] {logging_mixin.py:190} INFO - [2024-11-11T05:54:20.910+0000] {dagbag.py:588} INFO - Filling up the DagBag from /home/airflow/.local/lib/python3.12/site-packages/airflow/example_dags/example_display_name.py
[2024-11-11T05:54:20.915+0000] {processor.py:925} INFO - DAG(s) 'example_display_name' retrieved from /home/airflow/.local/lib/python3.12/site-packages/airflow/example_dags/example_display_name.py
[2024-11-11T05:54:20.925+0000] {logging_mixin.py:190} INFO - [2024-11-11T05:54:20.925+0000] {dag.py:3239} INFO - Sync 1 DAGs
[2024-11-11T05:54:20.932+0000] {logging_mixin.py:190} INFO - [2024-11-11T05:54:20.932+0000] {dag.py:4180} INFO - Setting next_dagrun for example_display_name to None, run_after=None
[2024-11-11T05:54:20.940+0000] {processor.py:208} INFO - Processing /home/airflow/.local/lib/python3.12/site-packages/airflow/example_dags/example_display_name.py took 0.036 seconds
[2024-11-11T05:54:51.250+0000] {processor.py:186} INFO - Started process (PID=11047) to work on /home/airflow/.local/lib/python3.12/site-packages/airflow/example_dags/example_display_name.py
[2024-11-11T05:54:51.251+0000] {processor.py:914} INFO - Processing file /home/airflow/.local/lib/python3.12/site-packages/airflow/example_dags/example_display_name.py for tasks to queue
[2024-11-11T05:54:51.253+0000] {logging_mixin.py:190} INFO - [2024-11-11T05:54:51.253+0000] {dagbag.py:588} INFO - Filling up the DagBag from /home/airflow/.local/lib/python3.12/site-packages/airflow/example_dags/example_display_name.py
[2024-11-11T05:54:51.259+0000] {processor.py:925} INFO - DAG(s) 'example_display_name' retrieved from /home/airflow/.local/lib/python3.12/site-packages/airflow/example_dags/example_display_name.py
[2024-11-11T05:54:51.271+0000] {logging_mixin.py:190} INFO - [2024-11-11T05:54:51.271+0000] {dag.py:3239} INFO - Sync 1 DAGs
[2024-11-11T05:54:51.279+0000] {logging_mixin.py:190} INFO - [2024-11-11T05:54:51.279+0000] {dag.py:4180} INFO - Setting next_dagrun for example_display_name to None, run_after=None
[2024-11-11T05:54:51.291+0000] {processor.py:208} INFO - Processing /home/airflow/.local/lib/python3.12/site-packages/airflow/example_dags/example_display_name.py took 0.045 seconds
[2024-11-11T05:55:21.659+0000] {processor.py:186} INFO - Started process (PID=11110) to work on /home/airflow/.local/lib/python3.12/site-packages/airflow/example_dags/example_display_name.py
[2024-11-11T05:55:21.660+0000] {processor.py:914} INFO - Processing file /home/airflow/.local/lib/python3.12/site-packages/airflow/example_dags/example_display_name.py for tasks to queue
[2024-11-11T05:55:21.662+0000] {logging_mixin.py:190} INFO - [2024-11-11T05:55:21.661+0000] {dagbag.py:588} INFO - Filling up the DagBag from /home/airflow/.local/lib/python3.12/site-packages/airflow/example_dags/example_display_name.py
[2024-11-11T05:55:21.667+0000] {processor.py:925} INFO - DAG(s) 'example_display_name' retrieved from /home/airflow/.local/lib/python3.12/site-packages/airflow/example_dags/example_display_name.py
[2024-11-11T05:55:21.677+0000] {logging_mixin.py:190} INFO - [2024-11-11T05:55:21.677+0000] {dag.py:3239} INFO - Sync 1 DAGs
[2024-11-11T05:55:21.684+0000] {logging_mixin.py:190} INFO - [2024-11-11T05:55:21.684+0000] {dag.py:4180} INFO - Setting next_dagrun for example_display_name to None, run_after=None
[2024-11-11T05:55:21.693+0000] {processor.py:208} INFO - Processing /home/airflow/.local/lib/python3.12/site-packages/airflow/example_dags/example_display_name.py took 0.037 seconds
[2024-11-11T05:55:52.271+0000] {processor.py:186} INFO - Started process (PID=11173) to work on /home/airflow/.local/lib/python3.12/site-packages/airflow/example_dags/example_display_name.py
[2024-11-11T05:55:52.272+0000] {processor.py:914} INFO - Processing file /home/airflow/.local/lib/python3.12/site-packages/airflow/example_dags/example_display_name.py for tasks to queue
[2024-11-11T05:55:52.273+0000] {logging_mixin.py:190} INFO - [2024-11-11T05:55:52.273+0000] {dagbag.py:588} INFO - Filling up the DagBag from /home/airflow/.local/lib/python3.12/site-packages/airflow/example_dags/example_display_name.py
[2024-11-11T05:55:52.277+0000] {processor.py:925} INFO - DAG(s) 'example_display_name' retrieved from /home/airflow/.local/lib/python3.12/site-packages/airflow/example_dags/example_display_name.py
[2024-11-11T05:55:52.286+0000] {logging_mixin.py:190} INFO - [2024-11-11T05:55:52.286+0000] {dag.py:3239} INFO - Sync 1 DAGs
[2024-11-11T05:55:52.293+0000] {logging_mixin.py:190} INFO - [2024-11-11T05:55:52.293+0000] {dag.py:4180} INFO - Setting next_dagrun for example_display_name to None, run_after=None
[2024-11-11T05:55:52.301+0000] {processor.py:208} INFO - Processing /home/airflow/.local/lib/python3.12/site-packages/airflow/example_dags/example_display_name.py took 0.034 seconds
[2024-11-11T05:56:22.749+0000] {processor.py:186} INFO - Started process (PID=11236) to work on /home/airflow/.local/lib/python3.12/site-packages/airflow/example_dags/example_display_name.py
[2024-11-11T05:56:22.749+0000] {processor.py:914} INFO - Processing file /home/airflow/.local/lib/python3.12/site-packages/airflow/example_dags/example_display_name.py for tasks to queue
[2024-11-11T05:56:22.751+0000] {logging_mixin.py:190} INFO - [2024-11-11T05:56:22.751+0000] {dagbag.py:588} INFO - Filling up the DagBag from /home/airflow/.local/lib/python3.12/site-packages/airflow/example_dags/example_display_name.py
[2024-11-11T05:56:22.756+0000] {processor.py:925} INFO - DAG(s) 'example_display_name' retrieved from /home/airflow/.local/lib/python3.12/site-packages/airflow/example_dags/example_display_name.py
[2024-11-11T05:56:22.766+0000] {logging_mixin.py:190} INFO - [2024-11-11T05:56:22.766+0000] {dag.py:3239} INFO - Sync 1 DAGs
[2024-11-11T05:56:22.773+0000] {logging_mixin.py:190} INFO - [2024-11-11T05:56:22.773+0000] {dag.py:4180} INFO - Setting next_dagrun for example_display_name to None, run_after=None
[2024-11-11T05:56:22.782+0000] {processor.py:208} INFO - Processing /home/airflow/.local/lib/python3.12/site-packages/airflow/example_dags/example_display_name.py took 0.036 seconds
[2024-11-11T05:56:53.034+0000] {processor.py:186} INFO - Started process (PID=11299) to work on /home/airflow/.local/lib/python3.12/site-packages/airflow/example_dags/example_display_name.py
[2024-11-11T05:56:53.034+0000] {processor.py:914} INFO - Processing file /home/airflow/.local/lib/python3.12/site-packages/airflow/example_dags/example_display_name.py for tasks to queue
[2024-11-11T05:56:53.036+0000] {logging_mixin.py:190} INFO - [2024-11-11T05:56:53.036+0000] {dagbag.py:588} INFO - Filling up the DagBag from /home/airflow/.local/lib/python3.12/site-packages/airflow/example_dags/example_display_name.py
[2024-11-11T05:56:53.041+0000] {processor.py:925} INFO - DAG(s) 'example_display_name' retrieved from /home/airflow/.local/lib/python3.12/site-packages/airflow/example_dags/example_display_name.py
[2024-11-11T05:56:53.052+0000] {logging_mixin.py:190} INFO - [2024-11-11T05:56:53.052+0000] {dag.py:3239} INFO - Sync 1 DAGs
[2024-11-11T05:56:53.060+0000] {logging_mixin.py:190} INFO - [2024-11-11T05:56:53.059+0000] {dag.py:4180} INFO - Setting next_dagrun for example_display_name to None, run_after=None
[2024-11-11T05:56:53.069+0000] {processor.py:208} INFO - Processing /home/airflow/.local/lib/python3.12/site-packages/airflow/example_dags/example_display_name.py took 0.038 seconds
