[2024-11-11T02:24:39.444+0000] {processor.py:186} INFO - Started process (PID=84) to work on /home/airflow/.local/lib/python3.12/site-packages/airflow/example_dags/example_xcomargs.py
[2024-11-11T02:24:39.445+0000] {processor.py:914} INFO - Processing file /home/airflow/.local/lib/python3.12/site-packages/airflow/example_dags/example_xcomargs.py for tasks to queue
[2024-11-11T02:24:39.447+0000] {logging_mixin.py:190} INFO - [2024-11-11T02:24:39.447+0000] {dagbag.py:588} INFO - Filling up the DagBag from /home/airflow/.local/lib/python3.12/site-packages/airflow/example_dags/example_xcomargs.py
[2024-11-11T02:24:39.454+0000] {processor.py:925} INFO - DAG(s) 'example_xcom_args', 'example_xcom_args_with_operators' retrieved from /home/airflow/.local/lib/python3.12/site-packages/airflow/example_dags/example_xcomargs.py
[2024-11-11T02:24:39.514+0000] {logging_mixin.py:190} INFO - [2024-11-11T02:24:39.514+0000] {override.py:1911} INFO - Created Permission View: can edit on DAG:example_xcom_args
[2024-11-11T02:24:39.522+0000] {logging_mixin.py:190} INFO - [2024-11-11T02:24:39.522+0000] {override.py:1911} INFO - Created Permission View: can read on DAG:example_xcom_args
[2024-11-11T02:24:39.526+0000] {logging_mixin.py:190} INFO - [2024-11-11T02:24:39.526+0000] {override.py:1911} INFO - Created Permission View: can delete on DAG:example_xcom_args
[2024-11-11T02:24:39.530+0000] {logging_mixin.py:190} INFO - [2024-11-11T02:24:39.530+0000] {override.py:1911} INFO - Created Permission View: can read on DAG Run:example_xcom_args
[2024-11-11T02:24:39.536+0000] {logging_mixin.py:190} INFO - [2024-11-11T02:24:39.536+0000] {override.py:1911} INFO - Created Permission View: can create on DAG Run:example_xcom_args
[2024-11-11T02:24:39.541+0000] {logging_mixin.py:190} INFO - [2024-11-11T02:24:39.541+0000] {override.py:1911} INFO - Created Permission View: can delete on DAG Run:example_xcom_args
[2024-11-11T02:24:39.545+0000] {logging_mixin.py:190} INFO - [2024-11-11T02:24:39.545+0000] {override.py:1911} INFO - Created Permission View: menu access on DAG Run:example_xcom_args
[2024-11-11T02:24:39.555+0000] {logging_mixin.py:190} INFO - [2024-11-11T02:24:39.555+0000] {override.py:1911} INFO - Created Permission View: can edit on DAG:example_xcom_args_with_operators
[2024-11-11T02:24:39.560+0000] {logging_mixin.py:190} INFO - [2024-11-11T02:24:39.560+0000] {override.py:1911} INFO - Created Permission View: can read on DAG:example_xcom_args_with_operators
[2024-11-11T02:24:39.565+0000] {logging_mixin.py:190} INFO - [2024-11-11T02:24:39.564+0000] {override.py:1911} INFO - Created Permission View: can delete on DAG:example_xcom_args_with_operators
[2024-11-11T02:24:39.571+0000] {logging_mixin.py:190} INFO - [2024-11-11T02:24:39.571+0000] {override.py:1911} INFO - Created Permission View: can read on DAG Run:example_xcom_args_with_operators
[2024-11-11T02:24:39.576+0000] {logging_mixin.py:190} INFO - [2024-11-11T02:24:39.576+0000] {override.py:1911} INFO - Created Permission View: can create on DAG Run:example_xcom_args_with_operators
[2024-11-11T02:24:39.581+0000] {logging_mixin.py:190} INFO - [2024-11-11T02:24:39.580+0000] {override.py:1911} INFO - Created Permission View: can delete on DAG Run:example_xcom_args_with_operators
[2024-11-11T02:24:39.586+0000] {logging_mixin.py:190} INFO - [2024-11-11T02:24:39.586+0000] {override.py:1911} INFO - Created Permission View: menu access on DAG Run:example_xcom_args_with_operators
[2024-11-11T02:24:39.587+0000] {logging_mixin.py:190} INFO - [2024-11-11T02:24:39.587+0000] {dag.py:3239} INFO - Sync 2 DAGs
[2024-11-11T02:24:39.595+0000] {logging_mixin.py:190} INFO - [2024-11-11T02:24:39.594+0000] {dag.py:3262} INFO - Creating ORM DAG for example_xcom_args
[2024-11-11T02:24:39.595+0000] {logging_mixin.py:190} INFO - [2024-11-11T02:24:39.595+0000] {dag.py:3262} INFO - Creating ORM DAG for example_xcom_args_with_operators
[2024-11-11T02:24:39.596+0000] {logging_mixin.py:190} INFO - [2024-11-11T02:24:39.596+0000] {dag.py:4180} INFO - Setting next_dagrun for example_xcom_args to None, run_after=None
[2024-11-11T02:24:39.596+0000] {logging_mixin.py:190} INFO - [2024-11-11T02:24:39.596+0000] {dag.py:4180} INFO - Setting next_dagrun for example_xcom_args_with_operators to None, run_after=None
[2024-11-11T02:24:39.608+0000] {processor.py:208} INFO - Processing /home/airflow/.local/lib/python3.12/site-packages/airflow/example_dags/example_xcomargs.py took 0.168 seconds
[2024-11-11T02:25:10.456+0000] {processor.py:186} INFO - Started process (PID=147) to work on /home/airflow/.local/lib/python3.12/site-packages/airflow/example_dags/example_xcomargs.py
[2024-11-11T02:25:10.457+0000] {processor.py:914} INFO - Processing file /home/airflow/.local/lib/python3.12/site-packages/airflow/example_dags/example_xcomargs.py for tasks to queue
[2024-11-11T02:25:10.459+0000] {logging_mixin.py:190} INFO - [2024-11-11T02:25:10.458+0000] {dagbag.py:588} INFO - Filling up the DagBag from /home/airflow/.local/lib/python3.12/site-packages/airflow/example_dags/example_xcomargs.py
[2024-11-11T02:25:10.464+0000] {processor.py:925} INFO - DAG(s) 'example_xcom_args', 'example_xcom_args_with_operators' retrieved from /home/airflow/.local/lib/python3.12/site-packages/airflow/example_dags/example_xcomargs.py
[2024-11-11T02:25:10.476+0000] {logging_mixin.py:190} INFO - [2024-11-11T02:25:10.475+0000] {dag.py:3239} INFO - Sync 2 DAGs
[2024-11-11T02:25:10.483+0000] {logging_mixin.py:190} INFO - [2024-11-11T02:25:10.483+0000] {dag.py:4180} INFO - Setting next_dagrun for example_xcom_args to None, run_after=None
[2024-11-11T02:25:10.485+0000] {logging_mixin.py:190} INFO - [2024-11-11T02:25:10.485+0000] {dag.py:4180} INFO - Setting next_dagrun for example_xcom_args_with_operators to None, run_after=None
[2024-11-11T02:25:10.493+0000] {processor.py:208} INFO - Processing /home/airflow/.local/lib/python3.12/site-packages/airflow/example_dags/example_xcomargs.py took 0.039 seconds
[2024-11-11T02:25:41.227+0000] {processor.py:186} INFO - Started process (PID=210) to work on /home/airflow/.local/lib/python3.12/site-packages/airflow/example_dags/example_xcomargs.py
[2024-11-11T02:25:41.228+0000] {processor.py:914} INFO - Processing file /home/airflow/.local/lib/python3.12/site-packages/airflow/example_dags/example_xcomargs.py for tasks to queue
[2024-11-11T02:25:41.229+0000] {logging_mixin.py:190} INFO - [2024-11-11T02:25:41.229+0000] {dagbag.py:588} INFO - Filling up the DagBag from /home/airflow/.local/lib/python3.12/site-packages/airflow/example_dags/example_xcomargs.py
[2024-11-11T02:25:41.235+0000] {processor.py:925} INFO - DAG(s) 'example_xcom_args', 'example_xcom_args_with_operators' retrieved from /home/airflow/.local/lib/python3.12/site-packages/airflow/example_dags/example_xcomargs.py
[2024-11-11T02:25:41.247+0000] {logging_mixin.py:190} INFO - [2024-11-11T02:25:41.247+0000] {dag.py:3239} INFO - Sync 2 DAGs
[2024-11-11T02:25:41.254+0000] {logging_mixin.py:190} INFO - [2024-11-11T02:25:41.254+0000] {dag.py:4180} INFO - Setting next_dagrun for example_xcom_args to None, run_after=None
[2024-11-11T02:25:41.256+0000] {logging_mixin.py:190} INFO - [2024-11-11T02:25:41.256+0000] {dag.py:4180} INFO - Setting next_dagrun for example_xcom_args_with_operators to None, run_after=None
[2024-11-11T02:25:41.264+0000] {processor.py:208} INFO - Processing /home/airflow/.local/lib/python3.12/site-packages/airflow/example_dags/example_xcomargs.py took 0.040 seconds
[2024-11-11T02:26:11.852+0000] {processor.py:186} INFO - Started process (PID=273) to work on /home/airflow/.local/lib/python3.12/site-packages/airflow/example_dags/example_xcomargs.py
[2024-11-11T02:26:11.852+0000] {processor.py:914} INFO - Processing file /home/airflow/.local/lib/python3.12/site-packages/airflow/example_dags/example_xcomargs.py for tasks to queue
[2024-11-11T02:26:11.854+0000] {logging_mixin.py:190} INFO - [2024-11-11T02:26:11.853+0000] {dagbag.py:588} INFO - Filling up the DagBag from /home/airflow/.local/lib/python3.12/site-packages/airflow/example_dags/example_xcomargs.py
[2024-11-11T02:26:11.859+0000] {processor.py:925} INFO - DAG(s) 'example_xcom_args_with_operators', 'example_xcom_args' retrieved from /home/airflow/.local/lib/python3.12/site-packages/airflow/example_dags/example_xcomargs.py
[2024-11-11T02:26:11.871+0000] {logging_mixin.py:190} INFO - [2024-11-11T02:26:11.871+0000] {dag.py:3239} INFO - Sync 2 DAGs
[2024-11-11T02:26:11.878+0000] {logging_mixin.py:190} INFO - [2024-11-11T02:26:11.878+0000] {dag.py:4180} INFO - Setting next_dagrun for example_xcom_args to None, run_after=None
[2024-11-11T02:26:11.880+0000] {logging_mixin.py:190} INFO - [2024-11-11T02:26:11.880+0000] {dag.py:4180} INFO - Setting next_dagrun for example_xcom_args_with_operators to None, run_after=None
[2024-11-11T02:26:11.888+0000] {processor.py:208} INFO - Processing /home/airflow/.local/lib/python3.12/site-packages/airflow/example_dags/example_xcomargs.py took 0.040 seconds
[2024-11-11T02:26:42.462+0000] {processor.py:186} INFO - Started process (PID=336) to work on /home/airflow/.local/lib/python3.12/site-packages/airflow/example_dags/example_xcomargs.py
[2024-11-11T02:26:42.463+0000] {processor.py:914} INFO - Processing file /home/airflow/.local/lib/python3.12/site-packages/airflow/example_dags/example_xcomargs.py for tasks to queue
[2024-11-11T02:26:42.464+0000] {logging_mixin.py:190} INFO - [2024-11-11T02:26:42.464+0000] {dagbag.py:588} INFO - Filling up the DagBag from /home/airflow/.local/lib/python3.12/site-packages/airflow/example_dags/example_xcomargs.py
[2024-11-11T02:26:42.470+0000] {processor.py:925} INFO - DAG(s) 'example_xcom_args_with_operators', 'example_xcom_args' retrieved from /home/airflow/.local/lib/python3.12/site-packages/airflow/example_dags/example_xcomargs.py
[2024-11-11T02:26:42.482+0000] {logging_mixin.py:190} INFO - [2024-11-11T02:26:42.482+0000] {dag.py:3239} INFO - Sync 2 DAGs
[2024-11-11T02:26:42.490+0000] {logging_mixin.py:190} INFO - [2024-11-11T02:26:42.490+0000] {dag.py:4180} INFO - Setting next_dagrun for example_xcom_args to None, run_after=None
[2024-11-11T02:26:42.492+0000] {logging_mixin.py:190} INFO - [2024-11-11T02:26:42.492+0000] {dag.py:4180} INFO - Setting next_dagrun for example_xcom_args_with_operators to None, run_after=None
[2024-11-11T02:26:42.500+0000] {processor.py:208} INFO - Processing /home/airflow/.local/lib/python3.12/site-packages/airflow/example_dags/example_xcomargs.py took 0.041 seconds
[2024-11-11T02:27:13.071+0000] {processor.py:186} INFO - Started process (PID=399) to work on /home/airflow/.local/lib/python3.12/site-packages/airflow/example_dags/example_xcomargs.py
[2024-11-11T02:27:13.072+0000] {processor.py:914} INFO - Processing file /home/airflow/.local/lib/python3.12/site-packages/airflow/example_dags/example_xcomargs.py for tasks to queue
[2024-11-11T02:27:13.073+0000] {logging_mixin.py:190} INFO - [2024-11-11T02:27:13.073+0000] {dagbag.py:588} INFO - Filling up the DagBag from /home/airflow/.local/lib/python3.12/site-packages/airflow/example_dags/example_xcomargs.py
[2024-11-11T02:27:13.079+0000] {processor.py:925} INFO - DAG(s) 'example_xcom_args_with_operators', 'example_xcom_args' retrieved from /home/airflow/.local/lib/python3.12/site-packages/airflow/example_dags/example_xcomargs.py
[2024-11-11T02:27:13.092+0000] {logging_mixin.py:190} INFO - [2024-11-11T02:27:13.092+0000] {dag.py:3239} INFO - Sync 2 DAGs
[2024-11-11T02:27:13.100+0000] {logging_mixin.py:190} INFO - [2024-11-11T02:27:13.100+0000] {dag.py:4180} INFO - Setting next_dagrun for example_xcom_args to None, run_after=None
[2024-11-11T02:27:13.103+0000] {logging_mixin.py:190} INFO - [2024-11-11T02:27:13.103+0000] {dag.py:4180} INFO - Setting next_dagrun for example_xcom_args_with_operators to None, run_after=None
[2024-11-11T02:27:13.114+0000] {processor.py:208} INFO - Processing /home/airflow/.local/lib/python3.12/site-packages/airflow/example_dags/example_xcomargs.py took 0.047 seconds
[2024-11-11T02:27:43.629+0000] {processor.py:186} INFO - Started process (PID=462) to work on /home/airflow/.local/lib/python3.12/site-packages/airflow/example_dags/example_xcomargs.py
[2024-11-11T02:27:43.630+0000] {processor.py:914} INFO - Processing file /home/airflow/.local/lib/python3.12/site-packages/airflow/example_dags/example_xcomargs.py for tasks to queue
[2024-11-11T02:27:43.631+0000] {logging_mixin.py:190} INFO - [2024-11-11T02:27:43.631+0000] {dagbag.py:588} INFO - Filling up the DagBag from /home/airflow/.local/lib/python3.12/site-packages/airflow/example_dags/example_xcomargs.py
[2024-11-11T02:27:43.637+0000] {processor.py:925} INFO - DAG(s) 'example_xcom_args_with_operators', 'example_xcom_args' retrieved from /home/airflow/.local/lib/python3.12/site-packages/airflow/example_dags/example_xcomargs.py
[2024-11-11T02:27:43.649+0000] {logging_mixin.py:190} INFO - [2024-11-11T02:27:43.649+0000] {dag.py:3239} INFO - Sync 2 DAGs
[2024-11-11T02:27:43.656+0000] {logging_mixin.py:190} INFO - [2024-11-11T02:27:43.656+0000] {dag.py:4180} INFO - Setting next_dagrun for example_xcom_args to None, run_after=None
[2024-11-11T02:27:43.658+0000] {logging_mixin.py:190} INFO - [2024-11-11T02:27:43.658+0000] {dag.py:4180} INFO - Setting next_dagrun for example_xcom_args_with_operators to None, run_after=None
[2024-11-11T02:27:43.666+0000] {processor.py:208} INFO - Processing /home/airflow/.local/lib/python3.12/site-packages/airflow/example_dags/example_xcomargs.py took 0.040 seconds
[2024-11-11T02:28:14.383+0000] {processor.py:186} INFO - Started process (PID=525) to work on /home/airflow/.local/lib/python3.12/site-packages/airflow/example_dags/example_xcomargs.py
[2024-11-11T02:28:14.384+0000] {processor.py:914} INFO - Processing file /home/airflow/.local/lib/python3.12/site-packages/airflow/example_dags/example_xcomargs.py for tasks to queue
[2024-11-11T02:28:14.385+0000] {logging_mixin.py:190} INFO - [2024-11-11T02:28:14.385+0000] {dagbag.py:588} INFO - Filling up the DagBag from /home/airflow/.local/lib/python3.12/site-packages/airflow/example_dags/example_xcomargs.py
[2024-11-11T02:28:14.391+0000] {processor.py:925} INFO - DAG(s) 'example_xcom_args_with_operators', 'example_xcom_args' retrieved from /home/airflow/.local/lib/python3.12/site-packages/airflow/example_dags/example_xcomargs.py
[2024-11-11T02:28:14.403+0000] {logging_mixin.py:190} INFO - [2024-11-11T02:28:14.402+0000] {dag.py:3239} INFO - Sync 2 DAGs
[2024-11-11T02:28:14.410+0000] {logging_mixin.py:190} INFO - [2024-11-11T02:28:14.410+0000] {dag.py:4180} INFO - Setting next_dagrun for example_xcom_args to None, run_after=None
[2024-11-11T02:28:14.412+0000] {logging_mixin.py:190} INFO - [2024-11-11T02:28:14.412+0000] {dag.py:4180} INFO - Setting next_dagrun for example_xcom_args_with_operators to None, run_after=None
[2024-11-11T02:28:14.419+0000] {processor.py:208} INFO - Processing /home/airflow/.local/lib/python3.12/site-packages/airflow/example_dags/example_xcomargs.py took 0.040 seconds
[2024-11-11T02:28:44.994+0000] {processor.py:186} INFO - Started process (PID=588) to work on /home/airflow/.local/lib/python3.12/site-packages/airflow/example_dags/example_xcomargs.py
[2024-11-11T02:28:44.994+0000] {processor.py:914} INFO - Processing file /home/airflow/.local/lib/python3.12/site-packages/airflow/example_dags/example_xcomargs.py for tasks to queue
[2024-11-11T02:28:44.996+0000] {logging_mixin.py:190} INFO - [2024-11-11T02:28:44.996+0000] {dagbag.py:588} INFO - Filling up the DagBag from /home/airflow/.local/lib/python3.12/site-packages/airflow/example_dags/example_xcomargs.py
[2024-11-11T02:28:45.001+0000] {processor.py:925} INFO - DAG(s) 'example_xcom_args_with_operators', 'example_xcom_args' retrieved from /home/airflow/.local/lib/python3.12/site-packages/airflow/example_dags/example_xcomargs.py
[2024-11-11T02:28:45.013+0000] {logging_mixin.py:190} INFO - [2024-11-11T02:28:45.013+0000] {dag.py:3239} INFO - Sync 2 DAGs
[2024-11-11T02:28:45.021+0000] {logging_mixin.py:190} INFO - [2024-11-11T02:28:45.021+0000] {dag.py:4180} INFO - Setting next_dagrun for example_xcom_args to None, run_after=None
[2024-11-11T02:28:45.023+0000] {logging_mixin.py:190} INFO - [2024-11-11T02:28:45.022+0000] {dag.py:4180} INFO - Setting next_dagrun for example_xcom_args_with_operators to None, run_after=None
[2024-11-11T02:28:45.030+0000] {processor.py:208} INFO - Processing /home/airflow/.local/lib/python3.12/site-packages/airflow/example_dags/example_xcomargs.py took 0.040 seconds
[2024-11-11T02:29:15.602+0000] {processor.py:186} INFO - Started process (PID=651) to work on /home/airflow/.local/lib/python3.12/site-packages/airflow/example_dags/example_xcomargs.py
[2024-11-11T02:29:15.603+0000] {processor.py:914} INFO - Processing file /home/airflow/.local/lib/python3.12/site-packages/airflow/example_dags/example_xcomargs.py for tasks to queue
[2024-11-11T02:29:15.605+0000] {logging_mixin.py:190} INFO - [2024-11-11T02:29:15.604+0000] {dagbag.py:588} INFO - Filling up the DagBag from /home/airflow/.local/lib/python3.12/site-packages/airflow/example_dags/example_xcomargs.py
[2024-11-11T02:29:15.610+0000] {processor.py:925} INFO - DAG(s) 'example_xcom_args_with_operators', 'example_xcom_args' retrieved from /home/airflow/.local/lib/python3.12/site-packages/airflow/example_dags/example_xcomargs.py
[2024-11-11T02:29:15.622+0000] {logging_mixin.py:190} INFO - [2024-11-11T02:29:15.622+0000] {dag.py:3239} INFO - Sync 2 DAGs
[2024-11-11T02:29:15.629+0000] {logging_mixin.py:190} INFO - [2024-11-11T02:29:15.629+0000] {dag.py:4180} INFO - Setting next_dagrun for example_xcom_args to None, run_after=None
[2024-11-11T02:29:15.632+0000] {logging_mixin.py:190} INFO - [2024-11-11T02:29:15.631+0000] {dag.py:4180} INFO - Setting next_dagrun for example_xcom_args_with_operators to None, run_after=None
[2024-11-11T02:29:15.639+0000] {processor.py:208} INFO - Processing /home/airflow/.local/lib/python3.12/site-packages/airflow/example_dags/example_xcomargs.py took 0.040 seconds
[2024-11-11T02:29:46.430+0000] {processor.py:186} INFO - Started process (PID=714) to work on /home/airflow/.local/lib/python3.12/site-packages/airflow/example_dags/example_xcomargs.py
[2024-11-11T02:29:46.430+0000] {processor.py:914} INFO - Processing file /home/airflow/.local/lib/python3.12/site-packages/airflow/example_dags/example_xcomargs.py for tasks to queue
[2024-11-11T02:29:46.432+0000] {logging_mixin.py:190} INFO - [2024-11-11T02:29:46.432+0000] {dagbag.py:588} INFO - Filling up the DagBag from /home/airflow/.local/lib/python3.12/site-packages/airflow/example_dags/example_xcomargs.py
[2024-11-11T02:29:46.438+0000] {processor.py:925} INFO - DAG(s) 'example_xcom_args_with_operators', 'example_xcom_args' retrieved from /home/airflow/.local/lib/python3.12/site-packages/airflow/example_dags/example_xcomargs.py
[2024-11-11T02:29:46.451+0000] {logging_mixin.py:190} INFO - [2024-11-11T02:29:46.451+0000] {dag.py:3239} INFO - Sync 2 DAGs
[2024-11-11T02:29:46.462+0000] {logging_mixin.py:190} INFO - [2024-11-11T02:29:46.462+0000] {dag.py:4180} INFO - Setting next_dagrun for example_xcom_args to None, run_after=None
[2024-11-11T02:29:46.465+0000] {logging_mixin.py:190} INFO - [2024-11-11T02:29:46.465+0000] {dag.py:4180} INFO - Setting next_dagrun for example_xcom_args_with_operators to None, run_after=None
[2024-11-11T02:29:46.475+0000] {processor.py:208} INFO - Processing /home/airflow/.local/lib/python3.12/site-packages/airflow/example_dags/example_xcomargs.py took 0.049 seconds
[2024-11-11T02:30:16.998+0000] {processor.py:186} INFO - Started process (PID=776) to work on /home/airflow/.local/lib/python3.12/site-packages/airflow/example_dags/example_xcomargs.py
[2024-11-11T02:30:16.999+0000] {processor.py:914} INFO - Processing file /home/airflow/.local/lib/python3.12/site-packages/airflow/example_dags/example_xcomargs.py for tasks to queue
[2024-11-11T02:30:17.000+0000] {logging_mixin.py:190} INFO - [2024-11-11T02:30:17.000+0000] {dagbag.py:588} INFO - Filling up the DagBag from /home/airflow/.local/lib/python3.12/site-packages/airflow/example_dags/example_xcomargs.py
[2024-11-11T02:30:17.006+0000] {processor.py:925} INFO - DAG(s) 'example_xcom_args_with_operators', 'example_xcom_args' retrieved from /home/airflow/.local/lib/python3.12/site-packages/airflow/example_dags/example_xcomargs.py
[2024-11-11T02:30:17.018+0000] {logging_mixin.py:190} INFO - [2024-11-11T02:30:17.018+0000] {dag.py:3239} INFO - Sync 2 DAGs
[2024-11-11T02:30:17.026+0000] {logging_mixin.py:190} INFO - [2024-11-11T02:30:17.025+0000] {dag.py:4180} INFO - Setting next_dagrun for example_xcom_args to None, run_after=None
[2024-11-11T02:30:17.028+0000] {logging_mixin.py:190} INFO - [2024-11-11T02:30:17.028+0000] {dag.py:4180} INFO - Setting next_dagrun for example_xcom_args_with_operators to None, run_after=None
[2024-11-11T02:30:17.035+0000] {processor.py:208} INFO - Processing /home/airflow/.local/lib/python3.12/site-packages/airflow/example_dags/example_xcomargs.py took 0.041 seconds
[2024-11-11T02:30:47.813+0000] {processor.py:186} INFO - Started process (PID=839) to work on /home/airflow/.local/lib/python3.12/site-packages/airflow/example_dags/example_xcomargs.py
[2024-11-11T02:30:47.814+0000] {processor.py:914} INFO - Processing file /home/airflow/.local/lib/python3.12/site-packages/airflow/example_dags/example_xcomargs.py for tasks to queue
[2024-11-11T02:30:47.815+0000] {logging_mixin.py:190} INFO - [2024-11-11T02:30:47.815+0000] {dagbag.py:588} INFO - Filling up the DagBag from /home/airflow/.local/lib/python3.12/site-packages/airflow/example_dags/example_xcomargs.py
[2024-11-11T02:30:47.821+0000] {processor.py:925} INFO - DAG(s) 'example_xcom_args_with_operators', 'example_xcom_args' retrieved from /home/airflow/.local/lib/python3.12/site-packages/airflow/example_dags/example_xcomargs.py
[2024-11-11T02:30:47.833+0000] {logging_mixin.py:190} INFO - [2024-11-11T02:30:47.833+0000] {dag.py:3239} INFO - Sync 2 DAGs
[2024-11-11T02:30:47.840+0000] {logging_mixin.py:190} INFO - [2024-11-11T02:30:47.840+0000] {dag.py:4180} INFO - Setting next_dagrun for example_xcom_args to None, run_after=None
[2024-11-11T02:30:47.842+0000] {logging_mixin.py:190} INFO - [2024-11-11T02:30:47.842+0000] {dag.py:4180} INFO - Setting next_dagrun for example_xcom_args_with_operators to None, run_after=None
[2024-11-11T02:30:47.850+0000] {processor.py:208} INFO - Processing /home/airflow/.local/lib/python3.12/site-packages/airflow/example_dags/example_xcomargs.py took 0.040 seconds
[2024-11-11T02:31:18.243+0000] {processor.py:186} INFO - Started process (PID=911) to work on /home/airflow/.local/lib/python3.12/site-packages/airflow/example_dags/example_xcomargs.py
[2024-11-11T02:31:18.244+0000] {processor.py:914} INFO - Processing file /home/airflow/.local/lib/python3.12/site-packages/airflow/example_dags/example_xcomargs.py for tasks to queue
[2024-11-11T02:31:18.245+0000] {logging_mixin.py:190} INFO - [2024-11-11T02:31:18.245+0000] {dagbag.py:588} INFO - Filling up the DagBag from /home/airflow/.local/lib/python3.12/site-packages/airflow/example_dags/example_xcomargs.py
[2024-11-11T02:31:18.251+0000] {processor.py:925} INFO - DAG(s) 'example_xcom_args_with_operators', 'example_xcom_args' retrieved from /home/airflow/.local/lib/python3.12/site-packages/airflow/example_dags/example_xcomargs.py
[2024-11-11T02:31:18.263+0000] {logging_mixin.py:190} INFO - [2024-11-11T02:31:18.263+0000] {dag.py:3239} INFO - Sync 2 DAGs
[2024-11-11T02:31:18.271+0000] {logging_mixin.py:190} INFO - [2024-11-11T02:31:18.271+0000] {dag.py:4180} INFO - Setting next_dagrun for example_xcom_args to None, run_after=None
[2024-11-11T02:31:18.273+0000] {logging_mixin.py:190} INFO - [2024-11-11T02:31:18.273+0000] {dag.py:4180} INFO - Setting next_dagrun for example_xcom_args_with_operators to None, run_after=None
[2024-11-11T02:31:18.280+0000] {processor.py:208} INFO - Processing /home/airflow/.local/lib/python3.12/site-packages/airflow/example_dags/example_xcomargs.py took 0.040 seconds
[2024-11-11T02:31:48.997+0000] {processor.py:186} INFO - Started process (PID=974) to work on /home/airflow/.local/lib/python3.12/site-packages/airflow/example_dags/example_xcomargs.py
[2024-11-11T02:31:48.997+0000] {processor.py:914} INFO - Processing file /home/airflow/.local/lib/python3.12/site-packages/airflow/example_dags/example_xcomargs.py for tasks to queue
[2024-11-11T02:31:48.999+0000] {logging_mixin.py:190} INFO - [2024-11-11T02:31:48.998+0000] {dagbag.py:588} INFO - Filling up the DagBag from /home/airflow/.local/lib/python3.12/site-packages/airflow/example_dags/example_xcomargs.py
[2024-11-11T02:31:49.004+0000] {processor.py:925} INFO - DAG(s) 'example_xcom_args', 'example_xcom_args_with_operators' retrieved from /home/airflow/.local/lib/python3.12/site-packages/airflow/example_dags/example_xcomargs.py
[2024-11-11T02:31:49.016+0000] {logging_mixin.py:190} INFO - [2024-11-11T02:31:49.016+0000] {dag.py:3239} INFO - Sync 2 DAGs
[2024-11-11T02:31:49.024+0000] {logging_mixin.py:190} INFO - [2024-11-11T02:31:49.024+0000] {dag.py:4180} INFO - Setting next_dagrun for example_xcom_args to None, run_after=None
[2024-11-11T02:31:49.026+0000] {logging_mixin.py:190} INFO - [2024-11-11T02:31:49.026+0000] {dag.py:4180} INFO - Setting next_dagrun for example_xcom_args_with_operators to None, run_after=None
[2024-11-11T02:31:49.033+0000] {processor.py:208} INFO - Processing /home/airflow/.local/lib/python3.12/site-packages/airflow/example_dags/example_xcomargs.py took 0.040 seconds
[2024-11-11T02:32:19.561+0000] {processor.py:186} INFO - Started process (PID=1036) to work on /home/airflow/.local/lib/python3.12/site-packages/airflow/example_dags/example_xcomargs.py
[2024-11-11T02:32:19.562+0000] {processor.py:914} INFO - Processing file /home/airflow/.local/lib/python3.12/site-packages/airflow/example_dags/example_xcomargs.py for tasks to queue
[2024-11-11T02:32:19.563+0000] {logging_mixin.py:190} INFO - [2024-11-11T02:32:19.563+0000] {dagbag.py:588} INFO - Filling up the DagBag from /home/airflow/.local/lib/python3.12/site-packages/airflow/example_dags/example_xcomargs.py
[2024-11-11T02:32:19.569+0000] {processor.py:925} INFO - DAG(s) 'example_xcom_args_with_operators', 'example_xcom_args' retrieved from /home/airflow/.local/lib/python3.12/site-packages/airflow/example_dags/example_xcomargs.py
[2024-11-11T02:32:19.580+0000] {logging_mixin.py:190} INFO - [2024-11-11T02:32:19.580+0000] {dag.py:3239} INFO - Sync 2 DAGs
[2024-11-11T02:32:19.588+0000] {logging_mixin.py:190} INFO - [2024-11-11T02:32:19.588+0000] {dag.py:4180} INFO - Setting next_dagrun for example_xcom_args to None, run_after=None
[2024-11-11T02:32:19.590+0000] {logging_mixin.py:190} INFO - [2024-11-11T02:32:19.590+0000] {dag.py:4180} INFO - Setting next_dagrun for example_xcom_args_with_operators to None, run_after=None
[2024-11-11T02:32:19.597+0000] {processor.py:208} INFO - Processing /home/airflow/.local/lib/python3.12/site-packages/airflow/example_dags/example_xcomargs.py took 0.039 seconds
[2024-11-11T02:32:50.243+0000] {processor.py:186} INFO - Started process (PID=1098) to work on /home/airflow/.local/lib/python3.12/site-packages/airflow/example_dags/example_xcomargs.py
[2024-11-11T02:32:50.244+0000] {processor.py:914} INFO - Processing file /home/airflow/.local/lib/python3.12/site-packages/airflow/example_dags/example_xcomargs.py for tasks to queue
[2024-11-11T02:32:50.245+0000] {logging_mixin.py:190} INFO - [2024-11-11T02:32:50.245+0000] {dagbag.py:588} INFO - Filling up the DagBag from /home/airflow/.local/lib/python3.12/site-packages/airflow/example_dags/example_xcomargs.py
[2024-11-11T02:32:50.251+0000] {processor.py:925} INFO - DAG(s) 'example_xcom_args', 'example_xcom_args_with_operators' retrieved from /home/airflow/.local/lib/python3.12/site-packages/airflow/example_dags/example_xcomargs.py
[2024-11-11T02:32:50.263+0000] {logging_mixin.py:190} INFO - [2024-11-11T02:32:50.263+0000] {dag.py:3239} INFO - Sync 2 DAGs
[2024-11-11T02:32:50.270+0000] {logging_mixin.py:190} INFO - [2024-11-11T02:32:50.270+0000] {dag.py:4180} INFO - Setting next_dagrun for example_xcom_args to None, run_after=None
[2024-11-11T02:32:50.273+0000] {logging_mixin.py:190} INFO - [2024-11-11T02:32:50.273+0000] {dag.py:4180} INFO - Setting next_dagrun for example_xcom_args_with_operators to None, run_after=None
[2024-11-11T02:32:50.281+0000] {processor.py:208} INFO - Processing /home/airflow/.local/lib/python3.12/site-packages/airflow/example_dags/example_xcomargs.py took 0.041 seconds
[2024-11-11T02:33:20.924+0000] {processor.py:186} INFO - Started process (PID=1161) to work on /home/airflow/.local/lib/python3.12/site-packages/airflow/example_dags/example_xcomargs.py
[2024-11-11T02:33:20.925+0000] {processor.py:914} INFO - Processing file /home/airflow/.local/lib/python3.12/site-packages/airflow/example_dags/example_xcomargs.py for tasks to queue
[2024-11-11T02:33:20.926+0000] {logging_mixin.py:190} INFO - [2024-11-11T02:33:20.926+0000] {dagbag.py:588} INFO - Filling up the DagBag from /home/airflow/.local/lib/python3.12/site-packages/airflow/example_dags/example_xcomargs.py
[2024-11-11T02:33:20.932+0000] {processor.py:925} INFO - DAG(s) 'example_xcom_args_with_operators', 'example_xcom_args' retrieved from /home/airflow/.local/lib/python3.12/site-packages/airflow/example_dags/example_xcomargs.py
[2024-11-11T02:33:20.945+0000] {logging_mixin.py:190} INFO - [2024-11-11T02:33:20.945+0000] {dag.py:3239} INFO - Sync 2 DAGs
[2024-11-11T02:33:20.958+0000] {logging_mixin.py:190} INFO - [2024-11-11T02:33:20.958+0000] {dag.py:4180} INFO - Setting next_dagrun for example_xcom_args to None, run_after=None
[2024-11-11T02:33:20.963+0000] {logging_mixin.py:190} INFO - [2024-11-11T02:33:20.963+0000] {dag.py:4180} INFO - Setting next_dagrun for example_xcom_args_with_operators to None, run_after=None
[2024-11-11T02:33:20.986+0000] {processor.py:208} INFO - Processing /home/airflow/.local/lib/python3.12/site-packages/airflow/example_dags/example_xcomargs.py took 0.065 seconds
[2024-11-11T02:33:51.688+0000] {processor.py:186} INFO - Started process (PID=1224) to work on /home/airflow/.local/lib/python3.12/site-packages/airflow/example_dags/example_xcomargs.py
[2024-11-11T02:33:51.688+0000] {processor.py:914} INFO - Processing file /home/airflow/.local/lib/python3.12/site-packages/airflow/example_dags/example_xcomargs.py for tasks to queue
[2024-11-11T02:33:51.690+0000] {logging_mixin.py:190} INFO - [2024-11-11T02:33:51.690+0000] {dagbag.py:588} INFO - Filling up the DagBag from /home/airflow/.local/lib/python3.12/site-packages/airflow/example_dags/example_xcomargs.py
[2024-11-11T02:33:51.695+0000] {processor.py:925} INFO - DAG(s) 'example_xcom_args', 'example_xcom_args_with_operators' retrieved from /home/airflow/.local/lib/python3.12/site-packages/airflow/example_dags/example_xcomargs.py
[2024-11-11T02:33:51.707+0000] {logging_mixin.py:190} INFO - [2024-11-11T02:33:51.707+0000] {dag.py:3239} INFO - Sync 2 DAGs
[2024-11-11T02:33:51.715+0000] {logging_mixin.py:190} INFO - [2024-11-11T02:33:51.715+0000] {dag.py:4180} INFO - Setting next_dagrun for example_xcom_args to None, run_after=None
[2024-11-11T02:33:51.717+0000] {logging_mixin.py:190} INFO - [2024-11-11T02:33:51.717+0000] {dag.py:4180} INFO - Setting next_dagrun for example_xcom_args_with_operators to None, run_after=None
[2024-11-11T02:33:51.724+0000] {processor.py:208} INFO - Processing /home/airflow/.local/lib/python3.12/site-packages/airflow/example_dags/example_xcomargs.py took 0.040 seconds
[2024-11-11T02:34:22.248+0000] {processor.py:186} INFO - Started process (PID=1287) to work on /home/airflow/.local/lib/python3.12/site-packages/airflow/example_dags/example_xcomargs.py
[2024-11-11T02:34:22.249+0000] {processor.py:914} INFO - Processing file /home/airflow/.local/lib/python3.12/site-packages/airflow/example_dags/example_xcomargs.py for tasks to queue
[2024-11-11T02:34:22.250+0000] {logging_mixin.py:190} INFO - [2024-11-11T02:34:22.250+0000] {dagbag.py:588} INFO - Filling up the DagBag from /home/airflow/.local/lib/python3.12/site-packages/airflow/example_dags/example_xcomargs.py
[2024-11-11T02:34:22.256+0000] {processor.py:925} INFO - DAG(s) 'example_xcom_args', 'example_xcom_args_with_operators' retrieved from /home/airflow/.local/lib/python3.12/site-packages/airflow/example_dags/example_xcomargs.py
[2024-11-11T02:34:22.268+0000] {logging_mixin.py:190} INFO - [2024-11-11T02:34:22.268+0000] {dag.py:3239} INFO - Sync 2 DAGs
[2024-11-11T02:34:22.275+0000] {logging_mixin.py:190} INFO - [2024-11-11T02:34:22.275+0000] {dag.py:4180} INFO - Setting next_dagrun for example_xcom_args to None, run_after=None
[2024-11-11T02:34:22.277+0000] {logging_mixin.py:190} INFO - [2024-11-11T02:34:22.277+0000] {dag.py:4180} INFO - Setting next_dagrun for example_xcom_args_with_operators to None, run_after=None
[2024-11-11T02:34:22.286+0000] {processor.py:208} INFO - Processing /home/airflow/.local/lib/python3.12/site-packages/airflow/example_dags/example_xcomargs.py took 0.041 seconds
[2024-11-11T02:34:53.164+0000] {processor.py:186} INFO - Started process (PID=1350) to work on /home/airflow/.local/lib/python3.12/site-packages/airflow/example_dags/example_xcomargs.py
[2024-11-11T02:34:53.164+0000] {processor.py:914} INFO - Processing file /home/airflow/.local/lib/python3.12/site-packages/airflow/example_dags/example_xcomargs.py for tasks to queue
[2024-11-11T02:34:53.166+0000] {logging_mixin.py:190} INFO - [2024-11-11T02:34:53.166+0000] {dagbag.py:588} INFO - Filling up the DagBag from /home/airflow/.local/lib/python3.12/site-packages/airflow/example_dags/example_xcomargs.py
[2024-11-11T02:34:53.172+0000] {processor.py:925} INFO - DAG(s) 'example_xcom_args_with_operators', 'example_xcom_args' retrieved from /home/airflow/.local/lib/python3.12/site-packages/airflow/example_dags/example_xcomargs.py
[2024-11-11T02:34:53.184+0000] {logging_mixin.py:190} INFO - [2024-11-11T02:34:53.183+0000] {dag.py:3239} INFO - Sync 2 DAGs
[2024-11-11T02:34:53.191+0000] {logging_mixin.py:190} INFO - [2024-11-11T02:34:53.191+0000] {dag.py:4180} INFO - Setting next_dagrun for example_xcom_args to None, run_after=None
[2024-11-11T02:34:53.193+0000] {logging_mixin.py:190} INFO - [2024-11-11T02:34:53.193+0000] {dag.py:4180} INFO - Setting next_dagrun for example_xcom_args_with_operators to None, run_after=None
[2024-11-11T02:34:53.200+0000] {processor.py:208} INFO - Processing /home/airflow/.local/lib/python3.12/site-packages/airflow/example_dags/example_xcomargs.py took 0.040 seconds
[2024-11-11T02:35:23.967+0000] {processor.py:186} INFO - Started process (PID=1419) to work on /home/airflow/.local/lib/python3.12/site-packages/airflow/example_dags/example_xcomargs.py
[2024-11-11T02:35:23.968+0000] {processor.py:914} INFO - Processing file /home/airflow/.local/lib/python3.12/site-packages/airflow/example_dags/example_xcomargs.py for tasks to queue
[2024-11-11T02:35:23.970+0000] {logging_mixin.py:190} INFO - [2024-11-11T02:35:23.970+0000] {dagbag.py:588} INFO - Filling up the DagBag from /home/airflow/.local/lib/python3.12/site-packages/airflow/example_dags/example_xcomargs.py
[2024-11-11T02:35:23.977+0000] {processor.py:925} INFO - DAG(s) 'example_xcom_args', 'example_xcom_args_with_operators' retrieved from /home/airflow/.local/lib/python3.12/site-packages/airflow/example_dags/example_xcomargs.py
[2024-11-11T02:35:23.992+0000] {logging_mixin.py:190} INFO - [2024-11-11T02:35:23.991+0000] {dag.py:3239} INFO - Sync 2 DAGs
[2024-11-11T02:35:24.001+0000] {logging_mixin.py:190} INFO - [2024-11-11T02:35:24.001+0000] {dag.py:4180} INFO - Setting next_dagrun for example_xcom_args to None, run_after=None
[2024-11-11T02:35:24.003+0000] {logging_mixin.py:190} INFO - [2024-11-11T02:35:24.003+0000] {dag.py:4180} INFO - Setting next_dagrun for example_xcom_args_with_operators to None, run_after=None
[2024-11-11T02:35:24.011+0000] {processor.py:208} INFO - Processing /home/airflow/.local/lib/python3.12/site-packages/airflow/example_dags/example_xcomargs.py took 0.047 seconds
[2024-11-11T02:35:54.663+0000] {processor.py:186} INFO - Started process (PID=1482) to work on /home/airflow/.local/lib/python3.12/site-packages/airflow/example_dags/example_xcomargs.py
[2024-11-11T02:35:54.664+0000] {processor.py:914} INFO - Processing file /home/airflow/.local/lib/python3.12/site-packages/airflow/example_dags/example_xcomargs.py for tasks to queue
[2024-11-11T02:35:54.665+0000] {logging_mixin.py:190} INFO - [2024-11-11T02:35:54.665+0000] {dagbag.py:588} INFO - Filling up the DagBag from /home/airflow/.local/lib/python3.12/site-packages/airflow/example_dags/example_xcomargs.py
[2024-11-11T02:35:54.671+0000] {processor.py:925} INFO - DAG(s) 'example_xcom_args_with_operators', 'example_xcom_args' retrieved from /home/airflow/.local/lib/python3.12/site-packages/airflow/example_dags/example_xcomargs.py
[2024-11-11T02:35:54.685+0000] {logging_mixin.py:190} INFO - [2024-11-11T02:35:54.685+0000] {dag.py:3239} INFO - Sync 2 DAGs
[2024-11-11T02:35:54.696+0000] {logging_mixin.py:190} INFO - [2024-11-11T02:35:54.695+0000] {dag.py:4180} INFO - Setting next_dagrun for example_xcom_args to None, run_after=None
[2024-11-11T02:35:54.698+0000] {logging_mixin.py:190} INFO - [2024-11-11T02:35:54.698+0000] {dag.py:4180} INFO - Setting next_dagrun for example_xcom_args_with_operators to None, run_after=None
[2024-11-11T02:35:54.707+0000] {processor.py:208} INFO - Processing /home/airflow/.local/lib/python3.12/site-packages/airflow/example_dags/example_xcomargs.py took 0.049 seconds
[2024-11-11T02:36:25.390+0000] {processor.py:186} INFO - Started process (PID=1545) to work on /home/airflow/.local/lib/python3.12/site-packages/airflow/example_dags/example_xcomargs.py
[2024-11-11T02:36:25.391+0000] {processor.py:914} INFO - Processing file /home/airflow/.local/lib/python3.12/site-packages/airflow/example_dags/example_xcomargs.py for tasks to queue
[2024-11-11T02:36:25.393+0000] {logging_mixin.py:190} INFO - [2024-11-11T02:36:25.393+0000] {dagbag.py:588} INFO - Filling up the DagBag from /home/airflow/.local/lib/python3.12/site-packages/airflow/example_dags/example_xcomargs.py
[2024-11-11T02:36:25.400+0000] {processor.py:925} INFO - DAG(s) 'example_xcom_args', 'example_xcom_args_with_operators' retrieved from /home/airflow/.local/lib/python3.12/site-packages/airflow/example_dags/example_xcomargs.py
[2024-11-11T02:36:25.416+0000] {logging_mixin.py:190} INFO - [2024-11-11T02:36:25.415+0000] {dag.py:3239} INFO - Sync 2 DAGs
[2024-11-11T02:36:25.424+0000] {logging_mixin.py:190} INFO - [2024-11-11T02:36:25.424+0000] {dag.py:4180} INFO - Setting next_dagrun for example_xcom_args to None, run_after=None
[2024-11-11T02:36:25.427+0000] {logging_mixin.py:190} INFO - [2024-11-11T02:36:25.427+0000] {dag.py:4180} INFO - Setting next_dagrun for example_xcom_args_with_operators to None, run_after=None
[2024-11-11T02:36:25.436+0000] {processor.py:208} INFO - Processing /home/airflow/.local/lib/python3.12/site-packages/airflow/example_dags/example_xcomargs.py took 0.051 seconds
[2024-11-11T02:36:56.012+0000] {processor.py:186} INFO - Started process (PID=1608) to work on /home/airflow/.local/lib/python3.12/site-packages/airflow/example_dags/example_xcomargs.py
[2024-11-11T02:36:56.013+0000] {processor.py:914} INFO - Processing file /home/airflow/.local/lib/python3.12/site-packages/airflow/example_dags/example_xcomargs.py for tasks to queue
[2024-11-11T02:36:56.014+0000] {logging_mixin.py:190} INFO - [2024-11-11T02:36:56.014+0000] {dagbag.py:588} INFO - Filling up the DagBag from /home/airflow/.local/lib/python3.12/site-packages/airflow/example_dags/example_xcomargs.py
[2024-11-11T02:36:56.020+0000] {processor.py:925} INFO - DAG(s) 'example_xcom_args_with_operators', 'example_xcom_args' retrieved from /home/airflow/.local/lib/python3.12/site-packages/airflow/example_dags/example_xcomargs.py
[2024-11-11T02:36:56.033+0000] {logging_mixin.py:190} INFO - [2024-11-11T02:36:56.033+0000] {dag.py:3239} INFO - Sync 2 DAGs
[2024-11-11T02:36:56.041+0000] {logging_mixin.py:190} INFO - [2024-11-11T02:36:56.041+0000] {dag.py:4180} INFO - Setting next_dagrun for example_xcom_args to None, run_after=None
[2024-11-11T02:36:56.043+0000] {logging_mixin.py:190} INFO - [2024-11-11T02:36:56.043+0000] {dag.py:4180} INFO - Setting next_dagrun for example_xcom_args_with_operators to None, run_after=None
[2024-11-11T02:36:56.051+0000] {processor.py:208} INFO - Processing /home/airflow/.local/lib/python3.12/site-packages/airflow/example_dags/example_xcomargs.py took 0.043 seconds
[2024-11-11T02:37:26.665+0000] {processor.py:186} INFO - Started process (PID=1671) to work on /home/airflow/.local/lib/python3.12/site-packages/airflow/example_dags/example_xcomargs.py
[2024-11-11T02:37:26.666+0000] {processor.py:914} INFO - Processing file /home/airflow/.local/lib/python3.12/site-packages/airflow/example_dags/example_xcomargs.py for tasks to queue
[2024-11-11T02:37:26.667+0000] {logging_mixin.py:190} INFO - [2024-11-11T02:37:26.667+0000] {dagbag.py:588} INFO - Filling up the DagBag from /home/airflow/.local/lib/python3.12/site-packages/airflow/example_dags/example_xcomargs.py
[2024-11-11T02:37:26.673+0000] {processor.py:925} INFO - DAG(s) 'example_xcom_args_with_operators', 'example_xcom_args' retrieved from /home/airflow/.local/lib/python3.12/site-packages/airflow/example_dags/example_xcomargs.py
[2024-11-11T02:37:26.685+0000] {logging_mixin.py:190} INFO - [2024-11-11T02:37:26.684+0000] {dag.py:3239} INFO - Sync 2 DAGs
[2024-11-11T02:37:26.692+0000] {logging_mixin.py:190} INFO - [2024-11-11T02:37:26.692+0000] {dag.py:4180} INFO - Setting next_dagrun for example_xcom_args to None, run_after=None
[2024-11-11T02:37:26.694+0000] {logging_mixin.py:190} INFO - [2024-11-11T02:37:26.694+0000] {dag.py:4180} INFO - Setting next_dagrun for example_xcom_args_with_operators to None, run_after=None
[2024-11-11T02:37:26.701+0000] {processor.py:208} INFO - Processing /home/airflow/.local/lib/python3.12/site-packages/airflow/example_dags/example_xcomargs.py took 0.040 seconds
[2024-11-11T02:37:57.301+0000] {processor.py:186} INFO - Started process (PID=1734) to work on /home/airflow/.local/lib/python3.12/site-packages/airflow/example_dags/example_xcomargs.py
[2024-11-11T02:37:57.302+0000] {processor.py:914} INFO - Processing file /home/airflow/.local/lib/python3.12/site-packages/airflow/example_dags/example_xcomargs.py for tasks to queue
[2024-11-11T02:37:57.303+0000] {logging_mixin.py:190} INFO - [2024-11-11T02:37:57.303+0000] {dagbag.py:588} INFO - Filling up the DagBag from /home/airflow/.local/lib/python3.12/site-packages/airflow/example_dags/example_xcomargs.py
[2024-11-11T02:37:57.309+0000] {processor.py:925} INFO - DAG(s) 'example_xcom_args_with_operators', 'example_xcom_args' retrieved from /home/airflow/.local/lib/python3.12/site-packages/airflow/example_dags/example_xcomargs.py
[2024-11-11T02:37:57.320+0000] {logging_mixin.py:190} INFO - [2024-11-11T02:37:57.320+0000] {dag.py:3239} INFO - Sync 2 DAGs
[2024-11-11T02:37:57.327+0000] {logging_mixin.py:190} INFO - [2024-11-11T02:37:57.327+0000] {dag.py:4180} INFO - Setting next_dagrun for example_xcom_args to None, run_after=None
[2024-11-11T02:37:57.329+0000] {logging_mixin.py:190} INFO - [2024-11-11T02:37:57.329+0000] {dag.py:4180} INFO - Setting next_dagrun for example_xcom_args_with_operators to None, run_after=None
[2024-11-11T02:37:57.337+0000] {processor.py:208} INFO - Processing /home/airflow/.local/lib/python3.12/site-packages/airflow/example_dags/example_xcomargs.py took 0.039 seconds
[2024-11-11T02:38:28.353+0000] {processor.py:186} INFO - Started process (PID=1797) to work on /home/airflow/.local/lib/python3.12/site-packages/airflow/example_dags/example_xcomargs.py
[2024-11-11T02:38:28.354+0000] {processor.py:914} INFO - Processing file /home/airflow/.local/lib/python3.12/site-packages/airflow/example_dags/example_xcomargs.py for tasks to queue
[2024-11-11T02:38:28.355+0000] {logging_mixin.py:190} INFO - [2024-11-11T02:38:28.355+0000] {dagbag.py:588} INFO - Filling up the DagBag from /home/airflow/.local/lib/python3.12/site-packages/airflow/example_dags/example_xcomargs.py
[2024-11-11T02:38:28.361+0000] {processor.py:925} INFO - DAG(s) 'example_xcom_args_with_operators', 'example_xcom_args' retrieved from /home/airflow/.local/lib/python3.12/site-packages/airflow/example_dags/example_xcomargs.py
[2024-11-11T02:38:28.373+0000] {logging_mixin.py:190} INFO - [2024-11-11T02:38:28.373+0000] {dag.py:3239} INFO - Sync 2 DAGs
[2024-11-11T02:38:28.380+0000] {logging_mixin.py:190} INFO - [2024-11-11T02:38:28.380+0000] {dag.py:4180} INFO - Setting next_dagrun for example_xcom_args to None, run_after=None
[2024-11-11T02:38:28.382+0000] {logging_mixin.py:190} INFO - [2024-11-11T02:38:28.382+0000] {dag.py:4180} INFO - Setting next_dagrun for example_xcom_args_with_operators to None, run_after=None
[2024-11-11T02:38:28.390+0000] {processor.py:208} INFO - Processing /home/airflow/.local/lib/python3.12/site-packages/airflow/example_dags/example_xcomargs.py took 0.041 seconds
[2024-11-11T02:38:58.960+0000] {processor.py:186} INFO - Started process (PID=1860) to work on /home/airflow/.local/lib/python3.12/site-packages/airflow/example_dags/example_xcomargs.py
[2024-11-11T02:38:58.961+0000] {processor.py:914} INFO - Processing file /home/airflow/.local/lib/python3.12/site-packages/airflow/example_dags/example_xcomargs.py for tasks to queue
[2024-11-11T02:38:58.963+0000] {logging_mixin.py:190} INFO - [2024-11-11T02:38:58.963+0000] {dagbag.py:588} INFO - Filling up the DagBag from /home/airflow/.local/lib/python3.12/site-packages/airflow/example_dags/example_xcomargs.py
[2024-11-11T02:38:58.970+0000] {processor.py:925} INFO - DAG(s) 'example_xcom_args', 'example_xcom_args_with_operators' retrieved from /home/airflow/.local/lib/python3.12/site-packages/airflow/example_dags/example_xcomargs.py
[2024-11-11T02:38:58.982+0000] {logging_mixin.py:190} INFO - [2024-11-11T02:38:58.982+0000] {dag.py:3239} INFO - Sync 2 DAGs
[2024-11-11T02:38:58.990+0000] {logging_mixin.py:190} INFO - [2024-11-11T02:38:58.990+0000] {dag.py:4180} INFO - Setting next_dagrun for example_xcom_args to None, run_after=None
[2024-11-11T02:38:58.992+0000] {logging_mixin.py:190} INFO - [2024-11-11T02:38:58.992+0000] {dag.py:4180} INFO - Setting next_dagrun for example_xcom_args_with_operators to None, run_after=None
[2024-11-11T02:38:59.000+0000] {processor.py:208} INFO - Processing /home/airflow/.local/lib/python3.12/site-packages/airflow/example_dags/example_xcomargs.py took 0.043 seconds
[2024-11-11T02:39:29.628+0000] {processor.py:186} INFO - Started process (PID=1923) to work on /home/airflow/.local/lib/python3.12/site-packages/airflow/example_dags/example_xcomargs.py
[2024-11-11T02:39:29.629+0000] {processor.py:914} INFO - Processing file /home/airflow/.local/lib/python3.12/site-packages/airflow/example_dags/example_xcomargs.py for tasks to queue
[2024-11-11T02:39:29.630+0000] {logging_mixin.py:190} INFO - [2024-11-11T02:39:29.630+0000] {dagbag.py:588} INFO - Filling up the DagBag from /home/airflow/.local/lib/python3.12/site-packages/airflow/example_dags/example_xcomargs.py
[2024-11-11T02:39:29.635+0000] {processor.py:925} INFO - DAG(s) 'example_xcom_args', 'example_xcom_args_with_operators' retrieved from /home/airflow/.local/lib/python3.12/site-packages/airflow/example_dags/example_xcomargs.py
[2024-11-11T02:39:29.647+0000] {logging_mixin.py:190} INFO - [2024-11-11T02:39:29.647+0000] {dag.py:3239} INFO - Sync 2 DAGs
[2024-11-11T02:39:29.655+0000] {logging_mixin.py:190} INFO - [2024-11-11T02:39:29.655+0000] {dag.py:4180} INFO - Setting next_dagrun for example_xcom_args to None, run_after=None
[2024-11-11T02:39:29.657+0000] {logging_mixin.py:190} INFO - [2024-11-11T02:39:29.657+0000] {dag.py:4180} INFO - Setting next_dagrun for example_xcom_args_with_operators to None, run_after=None
[2024-11-11T02:39:29.665+0000] {processor.py:208} INFO - Processing /home/airflow/.local/lib/python3.12/site-packages/airflow/example_dags/example_xcomargs.py took 0.040 seconds
[2024-11-11T02:40:00.474+0000] {processor.py:186} INFO - Started process (PID=1986) to work on /home/airflow/.local/lib/python3.12/site-packages/airflow/example_dags/example_xcomargs.py
[2024-11-11T02:40:00.475+0000] {processor.py:914} INFO - Processing file /home/airflow/.local/lib/python3.12/site-packages/airflow/example_dags/example_xcomargs.py for tasks to queue
[2024-11-11T02:40:00.476+0000] {logging_mixin.py:190} INFO - [2024-11-11T02:40:00.476+0000] {dagbag.py:588} INFO - Filling up the DagBag from /home/airflow/.local/lib/python3.12/site-packages/airflow/example_dags/example_xcomargs.py
[2024-11-11T02:40:00.482+0000] {processor.py:925} INFO - DAG(s) 'example_xcom_args_with_operators', 'example_xcom_args' retrieved from /home/airflow/.local/lib/python3.12/site-packages/airflow/example_dags/example_xcomargs.py
[2024-11-11T02:40:00.494+0000] {logging_mixin.py:190} INFO - [2024-11-11T02:40:00.494+0000] {dag.py:3239} INFO - Sync 2 DAGs
[2024-11-11T02:40:00.502+0000] {logging_mixin.py:190} INFO - [2024-11-11T02:40:00.502+0000] {dag.py:4180} INFO - Setting next_dagrun for example_xcom_args to None, run_after=None
[2024-11-11T02:40:00.504+0000] {logging_mixin.py:190} INFO - [2024-11-11T02:40:00.504+0000] {dag.py:4180} INFO - Setting next_dagrun for example_xcom_args_with_operators to None, run_after=None
[2024-11-11T02:40:00.511+0000] {processor.py:208} INFO - Processing /home/airflow/.local/lib/python3.12/site-packages/airflow/example_dags/example_xcomargs.py took 0.040 seconds
[2024-11-11T02:40:31.696+0000] {processor.py:186} INFO - Started process (PID=2049) to work on /home/airflow/.local/lib/python3.12/site-packages/airflow/example_dags/example_xcomargs.py
[2024-11-11T02:40:31.697+0000] {processor.py:914} INFO - Processing file /home/airflow/.local/lib/python3.12/site-packages/airflow/example_dags/example_xcomargs.py for tasks to queue
[2024-11-11T02:40:31.698+0000] {logging_mixin.py:190} INFO - [2024-11-11T02:40:31.698+0000] {dagbag.py:588} INFO - Filling up the DagBag from /home/airflow/.local/lib/python3.12/site-packages/airflow/example_dags/example_xcomargs.py
[2024-11-11T02:40:31.705+0000] {processor.py:925} INFO - DAG(s) 'example_xcom_args_with_operators', 'example_xcom_args' retrieved from /home/airflow/.local/lib/python3.12/site-packages/airflow/example_dags/example_xcomargs.py
[2024-11-11T02:40:31.717+0000] {logging_mixin.py:190} INFO - [2024-11-11T02:40:31.717+0000] {dag.py:3239} INFO - Sync 2 DAGs
[2024-11-11T02:40:31.724+0000] {logging_mixin.py:190} INFO - [2024-11-11T02:40:31.724+0000] {dag.py:4180} INFO - Setting next_dagrun for example_xcom_args to None, run_after=None
[2024-11-11T02:40:31.726+0000] {logging_mixin.py:190} INFO - [2024-11-11T02:40:31.726+0000] {dag.py:4180} INFO - Setting next_dagrun for example_xcom_args_with_operators to None, run_after=None
[2024-11-11T02:40:31.734+0000] {processor.py:208} INFO - Processing /home/airflow/.local/lib/python3.12/site-packages/airflow/example_dags/example_xcomargs.py took 0.041 seconds
[2024-11-11T02:41:02.379+0000] {processor.py:186} INFO - Started process (PID=2112) to work on /home/airflow/.local/lib/python3.12/site-packages/airflow/example_dags/example_xcomargs.py
[2024-11-11T02:41:02.380+0000] {processor.py:914} INFO - Processing file /home/airflow/.local/lib/python3.12/site-packages/airflow/example_dags/example_xcomargs.py for tasks to queue
[2024-11-11T02:41:02.381+0000] {logging_mixin.py:190} INFO - [2024-11-11T02:41:02.381+0000] {dagbag.py:588} INFO - Filling up the DagBag from /home/airflow/.local/lib/python3.12/site-packages/airflow/example_dags/example_xcomargs.py
[2024-11-11T02:41:02.387+0000] {processor.py:925} INFO - DAG(s) 'example_xcom_args', 'example_xcom_args_with_operators' retrieved from /home/airflow/.local/lib/python3.12/site-packages/airflow/example_dags/example_xcomargs.py
[2024-11-11T02:41:02.398+0000] {logging_mixin.py:190} INFO - [2024-11-11T02:41:02.398+0000] {dag.py:3239} INFO - Sync 2 DAGs
[2024-11-11T02:41:02.405+0000] {logging_mixin.py:190} INFO - [2024-11-11T02:41:02.405+0000] {dag.py:4180} INFO - Setting next_dagrun for example_xcom_args to None, run_after=None
[2024-11-11T02:41:02.407+0000] {logging_mixin.py:190} INFO - [2024-11-11T02:41:02.407+0000] {dag.py:4180} INFO - Setting next_dagrun for example_xcom_args_with_operators to None, run_after=None
[2024-11-11T02:41:02.415+0000] {processor.py:208} INFO - Processing /home/airflow/.local/lib/python3.12/site-packages/airflow/example_dags/example_xcomargs.py took 0.039 seconds
[2024-11-11T02:41:33.183+0000] {processor.py:186} INFO - Started process (PID=2175) to work on /home/airflow/.local/lib/python3.12/site-packages/airflow/example_dags/example_xcomargs.py
[2024-11-11T02:41:33.183+0000] {processor.py:914} INFO - Processing file /home/airflow/.local/lib/python3.12/site-packages/airflow/example_dags/example_xcomargs.py for tasks to queue
[2024-11-11T02:41:33.185+0000] {logging_mixin.py:190} INFO - [2024-11-11T02:41:33.184+0000] {dagbag.py:588} INFO - Filling up the DagBag from /home/airflow/.local/lib/python3.12/site-packages/airflow/example_dags/example_xcomargs.py
[2024-11-11T02:41:33.191+0000] {processor.py:925} INFO - DAG(s) 'example_xcom_args', 'example_xcom_args_with_operators' retrieved from /home/airflow/.local/lib/python3.12/site-packages/airflow/example_dags/example_xcomargs.py
[2024-11-11T02:41:33.204+0000] {logging_mixin.py:190} INFO - [2024-11-11T02:41:33.204+0000] {dag.py:3239} INFO - Sync 2 DAGs
[2024-11-11T02:41:33.212+0000] {logging_mixin.py:190} INFO - [2024-11-11T02:41:33.212+0000] {dag.py:4180} INFO - Setting next_dagrun for example_xcom_args to None, run_after=None
[2024-11-11T02:41:33.214+0000] {logging_mixin.py:190} INFO - [2024-11-11T02:41:33.214+0000] {dag.py:4180} INFO - Setting next_dagrun for example_xcom_args_with_operators to None, run_after=None
[2024-11-11T02:41:33.222+0000] {processor.py:208} INFO - Processing /home/airflow/.local/lib/python3.12/site-packages/airflow/example_dags/example_xcomargs.py took 0.043 seconds
[2024-11-11T02:42:03.838+0000] {processor.py:186} INFO - Started process (PID=2238) to work on /home/airflow/.local/lib/python3.12/site-packages/airflow/example_dags/example_xcomargs.py
[2024-11-11T02:42:03.839+0000] {processor.py:914} INFO - Processing file /home/airflow/.local/lib/python3.12/site-packages/airflow/example_dags/example_xcomargs.py for tasks to queue
[2024-11-11T02:42:03.841+0000] {logging_mixin.py:190} INFO - [2024-11-11T02:42:03.840+0000] {dagbag.py:588} INFO - Filling up the DagBag from /home/airflow/.local/lib/python3.12/site-packages/airflow/example_dags/example_xcomargs.py
[2024-11-11T02:42:03.847+0000] {processor.py:925} INFO - DAG(s) 'example_xcom_args', 'example_xcom_args_with_operators' retrieved from /home/airflow/.local/lib/python3.12/site-packages/airflow/example_dags/example_xcomargs.py
[2024-11-11T02:42:03.858+0000] {logging_mixin.py:190} INFO - [2024-11-11T02:42:03.858+0000] {dag.py:3239} INFO - Sync 2 DAGs
[2024-11-11T02:42:03.865+0000] {logging_mixin.py:190} INFO - [2024-11-11T02:42:03.865+0000] {dag.py:4180} INFO - Setting next_dagrun for example_xcom_args to None, run_after=None
[2024-11-11T02:42:03.867+0000] {logging_mixin.py:190} INFO - [2024-11-11T02:42:03.867+0000] {dag.py:4180} INFO - Setting next_dagrun for example_xcom_args_with_operators to None, run_after=None
[2024-11-11T02:42:03.874+0000] {processor.py:208} INFO - Processing /home/airflow/.local/lib/python3.12/site-packages/airflow/example_dags/example_xcomargs.py took 0.039 seconds
[2024-11-11T02:42:34.498+0000] {processor.py:186} INFO - Started process (PID=2301) to work on /home/airflow/.local/lib/python3.12/site-packages/airflow/example_dags/example_xcomargs.py
[2024-11-11T02:42:34.498+0000] {processor.py:914} INFO - Processing file /home/airflow/.local/lib/python3.12/site-packages/airflow/example_dags/example_xcomargs.py for tasks to queue
[2024-11-11T02:42:34.500+0000] {logging_mixin.py:190} INFO - [2024-11-11T02:42:34.500+0000] {dagbag.py:588} INFO - Filling up the DagBag from /home/airflow/.local/lib/python3.12/site-packages/airflow/example_dags/example_xcomargs.py
[2024-11-11T02:42:34.505+0000] {processor.py:925} INFO - DAG(s) 'example_xcom_args_with_operators', 'example_xcom_args' retrieved from /home/airflow/.local/lib/python3.12/site-packages/airflow/example_dags/example_xcomargs.py
[2024-11-11T02:42:34.517+0000] {logging_mixin.py:190} INFO - [2024-11-11T02:42:34.517+0000] {dag.py:3239} INFO - Sync 2 DAGs
[2024-11-11T02:42:34.526+0000] {logging_mixin.py:190} INFO - [2024-11-11T02:42:34.526+0000] {dag.py:4180} INFO - Setting next_dagrun for example_xcom_args to None, run_after=None
[2024-11-11T02:42:34.529+0000] {logging_mixin.py:190} INFO - [2024-11-11T02:42:34.529+0000] {dag.py:4180} INFO - Setting next_dagrun for example_xcom_args_with_operators to None, run_after=None
[2024-11-11T02:42:34.538+0000] {processor.py:208} INFO - Processing /home/airflow/.local/lib/python3.12/site-packages/airflow/example_dags/example_xcomargs.py took 0.044 seconds
[2024-11-11T02:43:05.182+0000] {processor.py:186} INFO - Started process (PID=2364) to work on /home/airflow/.local/lib/python3.12/site-packages/airflow/example_dags/example_xcomargs.py
[2024-11-11T02:43:05.183+0000] {processor.py:914} INFO - Processing file /home/airflow/.local/lib/python3.12/site-packages/airflow/example_dags/example_xcomargs.py for tasks to queue
[2024-11-11T02:43:05.184+0000] {logging_mixin.py:190} INFO - [2024-11-11T02:43:05.184+0000] {dagbag.py:588} INFO - Filling up the DagBag from /home/airflow/.local/lib/python3.12/site-packages/airflow/example_dags/example_xcomargs.py
[2024-11-11T02:43:05.189+0000] {processor.py:925} INFO - DAG(s) 'example_xcom_args', 'example_xcom_args_with_operators' retrieved from /home/airflow/.local/lib/python3.12/site-packages/airflow/example_dags/example_xcomargs.py
[2024-11-11T02:43:05.201+0000] {logging_mixin.py:190} INFO - [2024-11-11T02:43:05.201+0000] {dag.py:3239} INFO - Sync 2 DAGs
[2024-11-11T02:43:05.208+0000] {logging_mixin.py:190} INFO - [2024-11-11T02:43:05.208+0000] {dag.py:4180} INFO - Setting next_dagrun for example_xcom_args to None, run_after=None
[2024-11-11T02:43:05.210+0000] {logging_mixin.py:190} INFO - [2024-11-11T02:43:05.210+0000] {dag.py:4180} INFO - Setting next_dagrun for example_xcom_args_with_operators to None, run_after=None
[2024-11-11T02:43:05.219+0000] {processor.py:208} INFO - Processing /home/airflow/.local/lib/python3.12/site-packages/airflow/example_dags/example_xcomargs.py took 0.040 seconds
[2024-11-11T02:43:36.034+0000] {processor.py:186} INFO - Started process (PID=2427) to work on /home/airflow/.local/lib/python3.12/site-packages/airflow/example_dags/example_xcomargs.py
[2024-11-11T02:43:36.035+0000] {processor.py:914} INFO - Processing file /home/airflow/.local/lib/python3.12/site-packages/airflow/example_dags/example_xcomargs.py for tasks to queue
[2024-11-11T02:43:36.036+0000] {logging_mixin.py:190} INFO - [2024-11-11T02:43:36.036+0000] {dagbag.py:588} INFO - Filling up the DagBag from /home/airflow/.local/lib/python3.12/site-packages/airflow/example_dags/example_xcomargs.py
[2024-11-11T02:43:36.042+0000] {processor.py:925} INFO - DAG(s) 'example_xcom_args_with_operators', 'example_xcom_args' retrieved from /home/airflow/.local/lib/python3.12/site-packages/airflow/example_dags/example_xcomargs.py
[2024-11-11T02:43:36.053+0000] {logging_mixin.py:190} INFO - [2024-11-11T02:43:36.053+0000] {dag.py:3239} INFO - Sync 2 DAGs
[2024-11-11T02:43:36.060+0000] {logging_mixin.py:190} INFO - [2024-11-11T02:43:36.060+0000] {dag.py:4180} INFO - Setting next_dagrun for example_xcom_args to None, run_after=None
[2024-11-11T02:43:36.062+0000] {logging_mixin.py:190} INFO - [2024-11-11T02:43:36.061+0000] {dag.py:4180} INFO - Setting next_dagrun for example_xcom_args_with_operators to None, run_after=None
[2024-11-11T02:43:36.069+0000] {processor.py:208} INFO - Processing /home/airflow/.local/lib/python3.12/site-packages/airflow/example_dags/example_xcomargs.py took 0.038 seconds
[2024-11-11T02:44:06.716+0000] {processor.py:186} INFO - Started process (PID=2490) to work on /home/airflow/.local/lib/python3.12/site-packages/airflow/example_dags/example_xcomargs.py
[2024-11-11T02:44:06.717+0000] {processor.py:914} INFO - Processing file /home/airflow/.local/lib/python3.12/site-packages/airflow/example_dags/example_xcomargs.py for tasks to queue
[2024-11-11T02:44:06.718+0000] {logging_mixin.py:190} INFO - [2024-11-11T02:44:06.718+0000] {dagbag.py:588} INFO - Filling up the DagBag from /home/airflow/.local/lib/python3.12/site-packages/airflow/example_dags/example_xcomargs.py
[2024-11-11T02:44:06.723+0000] {processor.py:925} INFO - DAG(s) 'example_xcom_args', 'example_xcom_args_with_operators' retrieved from /home/airflow/.local/lib/python3.12/site-packages/airflow/example_dags/example_xcomargs.py
[2024-11-11T02:44:06.735+0000] {logging_mixin.py:190} INFO - [2024-11-11T02:44:06.735+0000] {dag.py:3239} INFO - Sync 2 DAGs
[2024-11-11T02:44:06.741+0000] {logging_mixin.py:190} INFO - [2024-11-11T02:44:06.741+0000] {dag.py:4180} INFO - Setting next_dagrun for example_xcom_args to None, run_after=None
[2024-11-11T02:44:06.743+0000] {logging_mixin.py:190} INFO - [2024-11-11T02:44:06.743+0000] {dag.py:4180} INFO - Setting next_dagrun for example_xcom_args_with_operators to None, run_after=None
[2024-11-11T02:44:06.751+0000] {processor.py:208} INFO - Processing /home/airflow/.local/lib/python3.12/site-packages/airflow/example_dags/example_xcomargs.py took 0.038 seconds
[2024-11-11T02:44:37.413+0000] {processor.py:186} INFO - Started process (PID=2553) to work on /home/airflow/.local/lib/python3.12/site-packages/airflow/example_dags/example_xcomargs.py
[2024-11-11T02:44:37.414+0000] {processor.py:914} INFO - Processing file /home/airflow/.local/lib/python3.12/site-packages/airflow/example_dags/example_xcomargs.py for tasks to queue
[2024-11-11T02:44:37.416+0000] {logging_mixin.py:190} INFO - [2024-11-11T02:44:37.415+0000] {dagbag.py:588} INFO - Filling up the DagBag from /home/airflow/.local/lib/python3.12/site-packages/airflow/example_dags/example_xcomargs.py
[2024-11-11T02:44:37.421+0000] {processor.py:925} INFO - DAG(s) 'example_xcom_args', 'example_xcom_args_with_operators' retrieved from /home/airflow/.local/lib/python3.12/site-packages/airflow/example_dags/example_xcomargs.py
[2024-11-11T02:44:37.432+0000] {logging_mixin.py:190} INFO - [2024-11-11T02:44:37.432+0000] {dag.py:3239} INFO - Sync 2 DAGs
[2024-11-11T02:44:37.439+0000] {logging_mixin.py:190} INFO - [2024-11-11T02:44:37.439+0000] {dag.py:4180} INFO - Setting next_dagrun for example_xcom_args to None, run_after=None
[2024-11-11T02:44:37.441+0000] {logging_mixin.py:190} INFO - [2024-11-11T02:44:37.441+0000] {dag.py:4180} INFO - Setting next_dagrun for example_xcom_args_with_operators to None, run_after=None
[2024-11-11T02:44:37.448+0000] {processor.py:208} INFO - Processing /home/airflow/.local/lib/python3.12/site-packages/airflow/example_dags/example_xcomargs.py took 0.037 seconds
[2024-11-11T02:45:07.962+0000] {processor.py:186} INFO - Started process (PID=2616) to work on /home/airflow/.local/lib/python3.12/site-packages/airflow/example_dags/example_xcomargs.py
[2024-11-11T02:45:07.963+0000] {processor.py:914} INFO - Processing file /home/airflow/.local/lib/python3.12/site-packages/airflow/example_dags/example_xcomargs.py for tasks to queue
[2024-11-11T02:45:07.964+0000] {logging_mixin.py:190} INFO - [2024-11-11T02:45:07.964+0000] {dagbag.py:588} INFO - Filling up the DagBag from /home/airflow/.local/lib/python3.12/site-packages/airflow/example_dags/example_xcomargs.py
[2024-11-11T02:45:07.970+0000] {processor.py:925} INFO - DAG(s) 'example_xcom_args', 'example_xcom_args_with_operators' retrieved from /home/airflow/.local/lib/python3.12/site-packages/airflow/example_dags/example_xcomargs.py
[2024-11-11T02:45:07.981+0000] {logging_mixin.py:190} INFO - [2024-11-11T02:45:07.981+0000] {dag.py:3239} INFO - Sync 2 DAGs
[2024-11-11T02:45:07.988+0000] {logging_mixin.py:190} INFO - [2024-11-11T02:45:07.988+0000] {dag.py:4180} INFO - Setting next_dagrun for example_xcom_args to None, run_after=None
[2024-11-11T02:45:07.990+0000] {logging_mixin.py:190} INFO - [2024-11-11T02:45:07.989+0000] {dag.py:4180} INFO - Setting next_dagrun for example_xcom_args_with_operators to None, run_after=None
[2024-11-11T02:45:07.997+0000] {processor.py:208} INFO - Processing /home/airflow/.local/lib/python3.12/site-packages/airflow/example_dags/example_xcomargs.py took 0.038 seconds
[2024-11-11T02:45:38.641+0000] {processor.py:186} INFO - Started process (PID=2679) to work on /home/airflow/.local/lib/python3.12/site-packages/airflow/example_dags/example_xcomargs.py
[2024-11-11T02:45:38.642+0000] {processor.py:914} INFO - Processing file /home/airflow/.local/lib/python3.12/site-packages/airflow/example_dags/example_xcomargs.py for tasks to queue
[2024-11-11T02:45:38.643+0000] {logging_mixin.py:190} INFO - [2024-11-11T02:45:38.643+0000] {dagbag.py:588} INFO - Filling up the DagBag from /home/airflow/.local/lib/python3.12/site-packages/airflow/example_dags/example_xcomargs.py
[2024-11-11T02:45:38.648+0000] {processor.py:925} INFO - DAG(s) 'example_xcom_args_with_operators', 'example_xcom_args' retrieved from /home/airflow/.local/lib/python3.12/site-packages/airflow/example_dags/example_xcomargs.py
[2024-11-11T02:45:38.659+0000] {logging_mixin.py:190} INFO - [2024-11-11T02:45:38.659+0000] {dag.py:3239} INFO - Sync 2 DAGs
[2024-11-11T02:45:38.666+0000] {logging_mixin.py:190} INFO - [2024-11-11T02:45:38.666+0000] {dag.py:4180} INFO - Setting next_dagrun for example_xcom_args to None, run_after=None
[2024-11-11T02:45:38.667+0000] {logging_mixin.py:190} INFO - [2024-11-11T02:45:38.667+0000] {dag.py:4180} INFO - Setting next_dagrun for example_xcom_args_with_operators to None, run_after=None
[2024-11-11T02:45:38.674+0000] {processor.py:208} INFO - Processing /home/airflow/.local/lib/python3.12/site-packages/airflow/example_dags/example_xcomargs.py took 0.037 seconds
[2024-11-11T02:46:09.294+0000] {processor.py:186} INFO - Started process (PID=2741) to work on /home/airflow/.local/lib/python3.12/site-packages/airflow/example_dags/example_xcomargs.py
[2024-11-11T02:46:09.294+0000] {processor.py:914} INFO - Processing file /home/airflow/.local/lib/python3.12/site-packages/airflow/example_dags/example_xcomargs.py for tasks to queue
[2024-11-11T02:46:09.296+0000] {logging_mixin.py:190} INFO - [2024-11-11T02:46:09.295+0000] {dagbag.py:588} INFO - Filling up the DagBag from /home/airflow/.local/lib/python3.12/site-packages/airflow/example_dags/example_xcomargs.py
[2024-11-11T02:46:09.301+0000] {processor.py:925} INFO - DAG(s) 'example_xcom_args', 'example_xcom_args_with_operators' retrieved from /home/airflow/.local/lib/python3.12/site-packages/airflow/example_dags/example_xcomargs.py
[2024-11-11T02:46:09.312+0000] {logging_mixin.py:190} INFO - [2024-11-11T02:46:09.312+0000] {dag.py:3239} INFO - Sync 2 DAGs
[2024-11-11T02:46:09.319+0000] {logging_mixin.py:190} INFO - [2024-11-11T02:46:09.319+0000] {dag.py:4180} INFO - Setting next_dagrun for example_xcom_args to None, run_after=None
[2024-11-11T02:46:09.321+0000] {logging_mixin.py:190} INFO - [2024-11-11T02:46:09.321+0000] {dag.py:4180} INFO - Setting next_dagrun for example_xcom_args_with_operators to None, run_after=None
[2024-11-11T02:46:09.328+0000] {processor.py:208} INFO - Processing /home/airflow/.local/lib/python3.12/site-packages/airflow/example_dags/example_xcomargs.py took 0.038 seconds
[2024-11-11T02:46:40.037+0000] {processor.py:186} INFO - Started process (PID=2804) to work on /home/airflow/.local/lib/python3.12/site-packages/airflow/example_dags/example_xcomargs.py
[2024-11-11T02:46:40.038+0000] {processor.py:914} INFO - Processing file /home/airflow/.local/lib/python3.12/site-packages/airflow/example_dags/example_xcomargs.py for tasks to queue
[2024-11-11T02:46:40.039+0000] {logging_mixin.py:190} INFO - [2024-11-11T02:46:40.039+0000] {dagbag.py:588} INFO - Filling up the DagBag from /home/airflow/.local/lib/python3.12/site-packages/airflow/example_dags/example_xcomargs.py
[2024-11-11T02:46:40.046+0000] {processor.py:925} INFO - DAG(s) 'example_xcom_args', 'example_xcom_args_with_operators' retrieved from /home/airflow/.local/lib/python3.12/site-packages/airflow/example_dags/example_xcomargs.py
[2024-11-11T02:46:40.058+0000] {logging_mixin.py:190} INFO - [2024-11-11T02:46:40.057+0000] {dag.py:3239} INFO - Sync 2 DAGs
[2024-11-11T02:46:40.065+0000] {logging_mixin.py:190} INFO - [2024-11-11T02:46:40.065+0000] {dag.py:4180} INFO - Setting next_dagrun for example_xcom_args to None, run_after=None
[2024-11-11T02:46:40.068+0000] {logging_mixin.py:190} INFO - [2024-11-11T02:46:40.067+0000] {dag.py:4180} INFO - Setting next_dagrun for example_xcom_args_with_operators to None, run_after=None
[2024-11-11T02:46:40.076+0000] {processor.py:208} INFO - Processing /home/airflow/.local/lib/python3.12/site-packages/airflow/example_dags/example_xcomargs.py took 0.042 seconds
[2024-11-11T02:47:10.619+0000] {processor.py:186} INFO - Started process (PID=2867) to work on /home/airflow/.local/lib/python3.12/site-packages/airflow/example_dags/example_xcomargs.py
[2024-11-11T02:47:10.619+0000] {processor.py:914} INFO - Processing file /home/airflow/.local/lib/python3.12/site-packages/airflow/example_dags/example_xcomargs.py for tasks to queue
[2024-11-11T02:47:10.621+0000] {logging_mixin.py:190} INFO - [2024-11-11T02:47:10.620+0000] {dagbag.py:588} INFO - Filling up the DagBag from /home/airflow/.local/lib/python3.12/site-packages/airflow/example_dags/example_xcomargs.py
[2024-11-11T02:47:10.626+0000] {processor.py:925} INFO - DAG(s) 'example_xcom_args', 'example_xcom_args_with_operators' retrieved from /home/airflow/.local/lib/python3.12/site-packages/airflow/example_dags/example_xcomargs.py
[2024-11-11T02:47:10.637+0000] {logging_mixin.py:190} INFO - [2024-11-11T02:47:10.637+0000] {dag.py:3239} INFO - Sync 2 DAGs
[2024-11-11T02:47:10.644+0000] {logging_mixin.py:190} INFO - [2024-11-11T02:47:10.644+0000] {dag.py:4180} INFO - Setting next_dagrun for example_xcom_args to None, run_after=None
[2024-11-11T02:47:10.646+0000] {logging_mixin.py:190} INFO - [2024-11-11T02:47:10.646+0000] {dag.py:4180} INFO - Setting next_dagrun for example_xcom_args_with_operators to None, run_after=None
[2024-11-11T02:47:10.653+0000] {processor.py:208} INFO - Processing /home/airflow/.local/lib/python3.12/site-packages/airflow/example_dags/example_xcomargs.py took 0.038 seconds
[2024-11-11T02:47:41.199+0000] {processor.py:186} INFO - Started process (PID=2930) to work on /home/airflow/.local/lib/python3.12/site-packages/airflow/example_dags/example_xcomargs.py
[2024-11-11T02:47:41.200+0000] {processor.py:914} INFO - Processing file /home/airflow/.local/lib/python3.12/site-packages/airflow/example_dags/example_xcomargs.py for tasks to queue
[2024-11-11T02:47:41.201+0000] {logging_mixin.py:190} INFO - [2024-11-11T02:47:41.201+0000] {dagbag.py:588} INFO - Filling up the DagBag from /home/airflow/.local/lib/python3.12/site-packages/airflow/example_dags/example_xcomargs.py
[2024-11-11T02:47:41.207+0000] {processor.py:925} INFO - DAG(s) 'example_xcom_args', 'example_xcom_args_with_operators' retrieved from /home/airflow/.local/lib/python3.12/site-packages/airflow/example_dags/example_xcomargs.py
[2024-11-11T02:47:41.219+0000] {logging_mixin.py:190} INFO - [2024-11-11T02:47:41.219+0000] {dag.py:3239} INFO - Sync 2 DAGs
[2024-11-11T02:47:41.227+0000] {logging_mixin.py:190} INFO - [2024-11-11T02:47:41.227+0000] {dag.py:4180} INFO - Setting next_dagrun for example_xcom_args to None, run_after=None
[2024-11-11T02:47:41.229+0000] {logging_mixin.py:190} INFO - [2024-11-11T02:47:41.229+0000] {dag.py:4180} INFO - Setting next_dagrun for example_xcom_args_with_operators to None, run_after=None
[2024-11-11T02:47:41.236+0000] {processor.py:208} INFO - Processing /home/airflow/.local/lib/python3.12/site-packages/airflow/example_dags/example_xcomargs.py took 0.040 seconds
[2024-11-11T02:48:11.796+0000] {processor.py:186} INFO - Started process (PID=2993) to work on /home/airflow/.local/lib/python3.12/site-packages/airflow/example_dags/example_xcomargs.py
[2024-11-11T02:48:11.796+0000] {processor.py:914} INFO - Processing file /home/airflow/.local/lib/python3.12/site-packages/airflow/example_dags/example_xcomargs.py for tasks to queue
[2024-11-11T02:48:11.798+0000] {logging_mixin.py:190} INFO - [2024-11-11T02:48:11.797+0000] {dagbag.py:588} INFO - Filling up the DagBag from /home/airflow/.local/lib/python3.12/site-packages/airflow/example_dags/example_xcomargs.py
[2024-11-11T02:48:11.803+0000] {processor.py:925} INFO - DAG(s) 'example_xcom_args_with_operators', 'example_xcom_args' retrieved from /home/airflow/.local/lib/python3.12/site-packages/airflow/example_dags/example_xcomargs.py
[2024-11-11T02:48:11.813+0000] {logging_mixin.py:190} INFO - [2024-11-11T02:48:11.813+0000] {dag.py:3239} INFO - Sync 2 DAGs
[2024-11-11T02:48:11.820+0000] {logging_mixin.py:190} INFO - [2024-11-11T02:48:11.820+0000] {dag.py:4180} INFO - Setting next_dagrun for example_xcom_args to None, run_after=None
[2024-11-11T02:48:11.822+0000] {logging_mixin.py:190} INFO - [2024-11-11T02:48:11.822+0000] {dag.py:4180} INFO - Setting next_dagrun for example_xcom_args_with_operators to None, run_after=None
[2024-11-11T02:48:11.829+0000] {processor.py:208} INFO - Processing /home/airflow/.local/lib/python3.12/site-packages/airflow/example_dags/example_xcomargs.py took 0.037 seconds
[2024-11-11T02:48:42.392+0000] {processor.py:186} INFO - Started process (PID=3056) to work on /home/airflow/.local/lib/python3.12/site-packages/airflow/example_dags/example_xcomargs.py
[2024-11-11T02:48:42.393+0000] {processor.py:914} INFO - Processing file /home/airflow/.local/lib/python3.12/site-packages/airflow/example_dags/example_xcomargs.py for tasks to queue
[2024-11-11T02:48:42.394+0000] {logging_mixin.py:190} INFO - [2024-11-11T02:48:42.394+0000] {dagbag.py:588} INFO - Filling up the DagBag from /home/airflow/.local/lib/python3.12/site-packages/airflow/example_dags/example_xcomargs.py
[2024-11-11T02:48:42.399+0000] {processor.py:925} INFO - DAG(s) 'example_xcom_args', 'example_xcom_args_with_operators' retrieved from /home/airflow/.local/lib/python3.12/site-packages/airflow/example_dags/example_xcomargs.py
[2024-11-11T02:48:42.411+0000] {logging_mixin.py:190} INFO - [2024-11-11T02:48:42.410+0000] {dag.py:3239} INFO - Sync 2 DAGs
[2024-11-11T02:48:42.417+0000] {logging_mixin.py:190} INFO - [2024-11-11T02:48:42.417+0000] {dag.py:4180} INFO - Setting next_dagrun for example_xcom_args to None, run_after=None
[2024-11-11T02:48:42.419+0000] {logging_mixin.py:190} INFO - [2024-11-11T02:48:42.419+0000] {dag.py:4180} INFO - Setting next_dagrun for example_xcom_args_with_operators to None, run_after=None
[2024-11-11T02:48:42.426+0000] {processor.py:208} INFO - Processing /home/airflow/.local/lib/python3.12/site-packages/airflow/example_dags/example_xcomargs.py took 0.038 seconds
[2024-11-11T02:49:12.961+0000] {processor.py:186} INFO - Started process (PID=3119) to work on /home/airflow/.local/lib/python3.12/site-packages/airflow/example_dags/example_xcomargs.py
[2024-11-11T02:49:12.961+0000] {processor.py:914} INFO - Processing file /home/airflow/.local/lib/python3.12/site-packages/airflow/example_dags/example_xcomargs.py for tasks to queue
[2024-11-11T02:49:12.963+0000] {logging_mixin.py:190} INFO - [2024-11-11T02:49:12.963+0000] {dagbag.py:588} INFO - Filling up the DagBag from /home/airflow/.local/lib/python3.12/site-packages/airflow/example_dags/example_xcomargs.py
[2024-11-11T02:49:12.968+0000] {processor.py:925} INFO - DAG(s) 'example_xcom_args', 'example_xcom_args_with_operators' retrieved from /home/airflow/.local/lib/python3.12/site-packages/airflow/example_dags/example_xcomargs.py
[2024-11-11T02:49:12.979+0000] {logging_mixin.py:190} INFO - [2024-11-11T02:49:12.979+0000] {dag.py:3239} INFO - Sync 2 DAGs
[2024-11-11T02:49:12.985+0000] {logging_mixin.py:190} INFO - [2024-11-11T02:49:12.985+0000] {dag.py:4180} INFO - Setting next_dagrun for example_xcom_args to None, run_after=None
[2024-11-11T02:49:12.987+0000] {logging_mixin.py:190} INFO - [2024-11-11T02:49:12.987+0000] {dag.py:4180} INFO - Setting next_dagrun for example_xcom_args_with_operators to None, run_after=None
[2024-11-11T02:49:12.994+0000] {processor.py:208} INFO - Processing /home/airflow/.local/lib/python3.12/site-packages/airflow/example_dags/example_xcomargs.py took 0.037 seconds
[2024-11-11T02:49:43.817+0000] {processor.py:186} INFO - Started process (PID=3182) to work on /home/airflow/.local/lib/python3.12/site-packages/airflow/example_dags/example_xcomargs.py
[2024-11-11T02:49:43.817+0000] {processor.py:914} INFO - Processing file /home/airflow/.local/lib/python3.12/site-packages/airflow/example_dags/example_xcomargs.py for tasks to queue
[2024-11-11T02:49:43.818+0000] {logging_mixin.py:190} INFO - [2024-11-11T02:49:43.818+0000] {dagbag.py:588} INFO - Filling up the DagBag from /home/airflow/.local/lib/python3.12/site-packages/airflow/example_dags/example_xcomargs.py
[2024-11-11T02:49:43.824+0000] {processor.py:925} INFO - DAG(s) 'example_xcom_args', 'example_xcom_args_with_operators' retrieved from /home/airflow/.local/lib/python3.12/site-packages/airflow/example_dags/example_xcomargs.py
[2024-11-11T02:49:43.835+0000] {logging_mixin.py:190} INFO - [2024-11-11T02:49:43.835+0000] {dag.py:3239} INFO - Sync 2 DAGs
[2024-11-11T02:49:43.841+0000] {logging_mixin.py:190} INFO - [2024-11-11T02:49:43.841+0000] {dag.py:4180} INFO - Setting next_dagrun for example_xcom_args to None, run_after=None
[2024-11-11T02:49:43.843+0000] {logging_mixin.py:190} INFO - [2024-11-11T02:49:43.843+0000] {dag.py:4180} INFO - Setting next_dagrun for example_xcom_args_with_operators to None, run_after=None
[2024-11-11T02:49:43.850+0000] {processor.py:208} INFO - Processing /home/airflow/.local/lib/python3.12/site-packages/airflow/example_dags/example_xcomargs.py took 0.037 seconds
[2024-11-11T02:50:14.705+0000] {processor.py:186} INFO - Started process (PID=3245) to work on /home/airflow/.local/lib/python3.12/site-packages/airflow/example_dags/example_xcomargs.py
[2024-11-11T02:50:14.706+0000] {processor.py:914} INFO - Processing file /home/airflow/.local/lib/python3.12/site-packages/airflow/example_dags/example_xcomargs.py for tasks to queue
[2024-11-11T02:50:14.707+0000] {logging_mixin.py:190} INFO - [2024-11-11T02:50:14.707+0000] {dagbag.py:588} INFO - Filling up the DagBag from /home/airflow/.local/lib/python3.12/site-packages/airflow/example_dags/example_xcomargs.py
[2024-11-11T02:50:14.713+0000] {processor.py:925} INFO - DAG(s) 'example_xcom_args', 'example_xcom_args_with_operators' retrieved from /home/airflow/.local/lib/python3.12/site-packages/airflow/example_dags/example_xcomargs.py
[2024-11-11T02:50:14.724+0000] {logging_mixin.py:190} INFO - [2024-11-11T02:50:14.724+0000] {dag.py:3239} INFO - Sync 2 DAGs
[2024-11-11T02:50:14.731+0000] {logging_mixin.py:190} INFO - [2024-11-11T02:50:14.731+0000] {dag.py:4180} INFO - Setting next_dagrun for example_xcom_args to None, run_after=None
[2024-11-11T02:50:14.733+0000] {logging_mixin.py:190} INFO - [2024-11-11T02:50:14.733+0000] {dag.py:4180} INFO - Setting next_dagrun for example_xcom_args_with_operators to None, run_after=None
[2024-11-11T02:50:14.740+0000] {processor.py:208} INFO - Processing /home/airflow/.local/lib/python3.12/site-packages/airflow/example_dags/example_xcomargs.py took 0.039 seconds
[2024-11-11T02:50:45.316+0000] {processor.py:186} INFO - Started process (PID=3308) to work on /home/airflow/.local/lib/python3.12/site-packages/airflow/example_dags/example_xcomargs.py
[2024-11-11T02:50:45.317+0000] {processor.py:914} INFO - Processing file /home/airflow/.local/lib/python3.12/site-packages/airflow/example_dags/example_xcomargs.py for tasks to queue
[2024-11-11T02:50:45.318+0000] {logging_mixin.py:190} INFO - [2024-11-11T02:50:45.318+0000] {dagbag.py:588} INFO - Filling up the DagBag from /home/airflow/.local/lib/python3.12/site-packages/airflow/example_dags/example_xcomargs.py
[2024-11-11T02:50:45.325+0000] {processor.py:925} INFO - DAG(s) 'example_xcom_args', 'example_xcom_args_with_operators' retrieved from /home/airflow/.local/lib/python3.12/site-packages/airflow/example_dags/example_xcomargs.py
[2024-11-11T02:50:45.337+0000] {logging_mixin.py:190} INFO - [2024-11-11T02:50:45.337+0000] {dag.py:3239} INFO - Sync 2 DAGs
[2024-11-11T02:50:45.345+0000] {logging_mixin.py:190} INFO - [2024-11-11T02:50:45.345+0000] {dag.py:4180} INFO - Setting next_dagrun for example_xcom_args to None, run_after=None
[2024-11-11T02:50:45.347+0000] {logging_mixin.py:190} INFO - [2024-11-11T02:50:45.347+0000] {dag.py:4180} INFO - Setting next_dagrun for example_xcom_args_with_operators to None, run_after=None
[2024-11-11T02:50:45.464+0000] {processor.py:208} INFO - Processing /home/airflow/.local/lib/python3.12/site-packages/airflow/example_dags/example_xcomargs.py took 0.152 seconds
[2024-11-11T02:51:16.104+0000] {processor.py:186} INFO - Started process (PID=3371) to work on /home/airflow/.local/lib/python3.12/site-packages/airflow/example_dags/example_xcomargs.py
[2024-11-11T02:51:16.105+0000] {processor.py:914} INFO - Processing file /home/airflow/.local/lib/python3.12/site-packages/airflow/example_dags/example_xcomargs.py for tasks to queue
[2024-11-11T02:51:16.106+0000] {logging_mixin.py:190} INFO - [2024-11-11T02:51:16.106+0000] {dagbag.py:588} INFO - Filling up the DagBag from /home/airflow/.local/lib/python3.12/site-packages/airflow/example_dags/example_xcomargs.py
[2024-11-11T02:51:16.111+0000] {processor.py:925} INFO - DAG(s) 'example_xcom_args_with_operators', 'example_xcom_args' retrieved from /home/airflow/.local/lib/python3.12/site-packages/airflow/example_dags/example_xcomargs.py
[2024-11-11T02:51:16.122+0000] {logging_mixin.py:190} INFO - [2024-11-11T02:51:16.122+0000] {dag.py:3239} INFO - Sync 2 DAGs
[2024-11-11T02:51:16.129+0000] {logging_mixin.py:190} INFO - [2024-11-11T02:51:16.129+0000] {dag.py:4180} INFO - Setting next_dagrun for example_xcom_args to None, run_after=None
[2024-11-11T02:51:16.131+0000] {logging_mixin.py:190} INFO - [2024-11-11T02:51:16.131+0000] {dag.py:4180} INFO - Setting next_dagrun for example_xcom_args_with_operators to None, run_after=None
[2024-11-11T02:51:16.138+0000] {processor.py:208} INFO - Processing /home/airflow/.local/lib/python3.12/site-packages/airflow/example_dags/example_xcomargs.py took 0.038 seconds
[2024-11-11T02:51:47.241+0000] {processor.py:186} INFO - Started process (PID=3434) to work on /home/airflow/.local/lib/python3.12/site-packages/airflow/example_dags/example_xcomargs.py
[2024-11-11T02:51:47.241+0000] {processor.py:914} INFO - Processing file /home/airflow/.local/lib/python3.12/site-packages/airflow/example_dags/example_xcomargs.py for tasks to queue
[2024-11-11T02:51:47.243+0000] {logging_mixin.py:190} INFO - [2024-11-11T02:51:47.243+0000] {dagbag.py:588} INFO - Filling up the DagBag from /home/airflow/.local/lib/python3.12/site-packages/airflow/example_dags/example_xcomargs.py
[2024-11-11T02:51:47.248+0000] {processor.py:925} INFO - DAG(s) 'example_xcom_args_with_operators', 'example_xcom_args' retrieved from /home/airflow/.local/lib/python3.12/site-packages/airflow/example_dags/example_xcomargs.py
[2024-11-11T02:51:47.259+0000] {logging_mixin.py:190} INFO - [2024-11-11T02:51:47.259+0000] {dag.py:3239} INFO - Sync 2 DAGs
[2024-11-11T02:51:47.265+0000] {logging_mixin.py:190} INFO - [2024-11-11T02:51:47.265+0000] {dag.py:4180} INFO - Setting next_dagrun for example_xcom_args to None, run_after=None
[2024-11-11T02:51:47.267+0000] {logging_mixin.py:190} INFO - [2024-11-11T02:51:47.267+0000] {dag.py:4180} INFO - Setting next_dagrun for example_xcom_args_with_operators to None, run_after=None
[2024-11-11T02:51:47.275+0000] {processor.py:208} INFO - Processing /home/airflow/.local/lib/python3.12/site-packages/airflow/example_dags/example_xcomargs.py took 0.037 seconds
[2024-11-11T02:52:18.244+0000] {processor.py:186} INFO - Started process (PID=3497) to work on /home/airflow/.local/lib/python3.12/site-packages/airflow/example_dags/example_xcomargs.py
[2024-11-11T02:52:18.244+0000] {processor.py:914} INFO - Processing file /home/airflow/.local/lib/python3.12/site-packages/airflow/example_dags/example_xcomargs.py for tasks to queue
[2024-11-11T02:52:18.246+0000] {logging_mixin.py:190} INFO - [2024-11-11T02:52:18.246+0000] {dagbag.py:588} INFO - Filling up the DagBag from /home/airflow/.local/lib/python3.12/site-packages/airflow/example_dags/example_xcomargs.py
[2024-11-11T02:52:18.252+0000] {processor.py:925} INFO - DAG(s) 'example_xcom_args_with_operators', 'example_xcom_args' retrieved from /home/airflow/.local/lib/python3.12/site-packages/airflow/example_dags/example_xcomargs.py
[2024-11-11T02:52:18.372+0000] {logging_mixin.py:190} INFO - [2024-11-11T02:52:18.372+0000] {dag.py:3239} INFO - Sync 2 DAGs
[2024-11-11T02:52:18.378+0000] {logging_mixin.py:190} INFO - [2024-11-11T02:52:18.378+0000] {dag.py:4180} INFO - Setting next_dagrun for example_xcom_args to None, run_after=None
[2024-11-11T02:52:18.380+0000] {logging_mixin.py:190} INFO - [2024-11-11T02:52:18.380+0000] {dag.py:4180} INFO - Setting next_dagrun for example_xcom_args_with_operators to None, run_after=None
[2024-11-11T02:52:18.387+0000] {processor.py:208} INFO - Processing /home/airflow/.local/lib/python3.12/site-packages/airflow/example_dags/example_xcomargs.py took 0.147 seconds
[2024-11-11T02:52:49.467+0000] {processor.py:186} INFO - Started process (PID=3560) to work on /home/airflow/.local/lib/python3.12/site-packages/airflow/example_dags/example_xcomargs.py
[2024-11-11T02:52:49.468+0000] {processor.py:914} INFO - Processing file /home/airflow/.local/lib/python3.12/site-packages/airflow/example_dags/example_xcomargs.py for tasks to queue
[2024-11-11T02:52:49.469+0000] {logging_mixin.py:190} INFO - [2024-11-11T02:52:49.469+0000] {dagbag.py:588} INFO - Filling up the DagBag from /home/airflow/.local/lib/python3.12/site-packages/airflow/example_dags/example_xcomargs.py
[2024-11-11T02:52:49.474+0000] {processor.py:925} INFO - DAG(s) 'example_xcom_args', 'example_xcom_args_with_operators' retrieved from /home/airflow/.local/lib/python3.12/site-packages/airflow/example_dags/example_xcomargs.py
[2024-11-11T02:52:49.485+0000] {logging_mixin.py:190} INFO - [2024-11-11T02:52:49.485+0000] {dag.py:3239} INFO - Sync 2 DAGs
[2024-11-11T02:52:49.591+0000] {logging_mixin.py:190} INFO - [2024-11-11T02:52:49.591+0000] {dag.py:4180} INFO - Setting next_dagrun for example_xcom_args to None, run_after=None
[2024-11-11T02:52:49.593+0000] {logging_mixin.py:190} INFO - [2024-11-11T02:52:49.593+0000] {dag.py:4180} INFO - Setting next_dagrun for example_xcom_args_with_operators to None, run_after=None
[2024-11-11T02:52:49.599+0000] {processor.py:208} INFO - Processing /home/airflow/.local/lib/python3.12/site-packages/airflow/example_dags/example_xcomargs.py took 0.135 seconds
[2024-11-11T02:53:20.272+0000] {processor.py:186} INFO - Started process (PID=3623) to work on /home/airflow/.local/lib/python3.12/site-packages/airflow/example_dags/example_xcomargs.py
[2024-11-11T02:53:20.272+0000] {processor.py:914} INFO - Processing file /home/airflow/.local/lib/python3.12/site-packages/airflow/example_dags/example_xcomargs.py for tasks to queue
[2024-11-11T02:53:20.274+0000] {logging_mixin.py:190} INFO - [2024-11-11T02:53:20.274+0000] {dagbag.py:588} INFO - Filling up the DagBag from /home/airflow/.local/lib/python3.12/site-packages/airflow/example_dags/example_xcomargs.py
[2024-11-11T02:53:20.279+0000] {processor.py:925} INFO - DAG(s) 'example_xcom_args_with_operators', 'example_xcom_args' retrieved from /home/airflow/.local/lib/python3.12/site-packages/airflow/example_dags/example_xcomargs.py
[2024-11-11T02:53:20.290+0000] {logging_mixin.py:190} INFO - [2024-11-11T02:53:20.289+0000] {dag.py:3239} INFO - Sync 2 DAGs
[2024-11-11T02:53:20.297+0000] {logging_mixin.py:190} INFO - [2024-11-11T02:53:20.296+0000] {dag.py:4180} INFO - Setting next_dagrun for example_xcom_args to None, run_after=None
[2024-11-11T02:53:20.298+0000] {logging_mixin.py:190} INFO - [2024-11-11T02:53:20.298+0000] {dag.py:4180} INFO - Setting next_dagrun for example_xcom_args_with_operators to None, run_after=None
[2024-11-11T02:53:20.411+0000] {processor.py:208} INFO - Processing /home/airflow/.local/lib/python3.12/site-packages/airflow/example_dags/example_xcomargs.py took 0.143 seconds
[2024-11-11T02:53:51.172+0000] {processor.py:186} INFO - Started process (PID=3686) to work on /home/airflow/.local/lib/python3.12/site-packages/airflow/example_dags/example_xcomargs.py
[2024-11-11T02:53:51.172+0000] {processor.py:914} INFO - Processing file /home/airflow/.local/lib/python3.12/site-packages/airflow/example_dags/example_xcomargs.py for tasks to queue
[2024-11-11T02:53:51.174+0000] {logging_mixin.py:190} INFO - [2024-11-11T02:53:51.174+0000] {dagbag.py:588} INFO - Filling up the DagBag from /home/airflow/.local/lib/python3.12/site-packages/airflow/example_dags/example_xcomargs.py
[2024-11-11T02:53:51.179+0000] {processor.py:925} INFO - DAG(s) 'example_xcom_args_with_operators', 'example_xcom_args' retrieved from /home/airflow/.local/lib/python3.12/site-packages/airflow/example_dags/example_xcomargs.py
[2024-11-11T02:53:51.190+0000] {logging_mixin.py:190} INFO - [2024-11-11T02:53:51.190+0000] {dag.py:3239} INFO - Sync 2 DAGs
[2024-11-11T02:53:51.196+0000] {logging_mixin.py:190} INFO - [2024-11-11T02:53:51.196+0000] {dag.py:4180} INFO - Setting next_dagrun for example_xcom_args to None, run_after=None
[2024-11-11T02:53:51.198+0000] {logging_mixin.py:190} INFO - [2024-11-11T02:53:51.198+0000] {dag.py:4180} INFO - Setting next_dagrun for example_xcom_args_with_operators to None, run_after=None
[2024-11-11T02:53:51.206+0000] {processor.py:208} INFO - Processing /home/airflow/.local/lib/python3.12/site-packages/airflow/example_dags/example_xcomargs.py took 0.037 seconds
[2024-11-11T02:54:21.681+0000] {processor.py:186} INFO - Started process (PID=3749) to work on /home/airflow/.local/lib/python3.12/site-packages/airflow/example_dags/example_xcomargs.py
[2024-11-11T02:54:21.682+0000] {processor.py:914} INFO - Processing file /home/airflow/.local/lib/python3.12/site-packages/airflow/example_dags/example_xcomargs.py for tasks to queue
[2024-11-11T02:54:21.683+0000] {logging_mixin.py:190} INFO - [2024-11-11T02:54:21.683+0000] {dagbag.py:588} INFO - Filling up the DagBag from /home/airflow/.local/lib/python3.12/site-packages/airflow/example_dags/example_xcomargs.py
[2024-11-11T02:54:21.688+0000] {processor.py:925} INFO - DAG(s) 'example_xcom_args_with_operators', 'example_xcom_args' retrieved from /home/airflow/.local/lib/python3.12/site-packages/airflow/example_dags/example_xcomargs.py
[2024-11-11T02:54:21.699+0000] {logging_mixin.py:190} INFO - [2024-11-11T02:54:21.699+0000] {dag.py:3239} INFO - Sync 2 DAGs
[2024-11-11T02:54:21.706+0000] {logging_mixin.py:190} INFO - [2024-11-11T02:54:21.706+0000] {dag.py:4180} INFO - Setting next_dagrun for example_xcom_args to None, run_after=None
[2024-11-11T02:54:21.708+0000] {logging_mixin.py:190} INFO - [2024-11-11T02:54:21.708+0000] {dag.py:4180} INFO - Setting next_dagrun for example_xcom_args_with_operators to None, run_after=None
[2024-11-11T02:54:21.715+0000] {processor.py:208} INFO - Processing /home/airflow/.local/lib/python3.12/site-packages/airflow/example_dags/example_xcomargs.py took 0.037 seconds
[2024-11-11T02:54:52.225+0000] {processor.py:186} INFO - Started process (PID=3812) to work on /home/airflow/.local/lib/python3.12/site-packages/airflow/example_dags/example_xcomargs.py
[2024-11-11T02:54:52.225+0000] {processor.py:914} INFO - Processing file /home/airflow/.local/lib/python3.12/site-packages/airflow/example_dags/example_xcomargs.py for tasks to queue
[2024-11-11T02:54:52.226+0000] {logging_mixin.py:190} INFO - [2024-11-11T02:54:52.226+0000] {dagbag.py:588} INFO - Filling up the DagBag from /home/airflow/.local/lib/python3.12/site-packages/airflow/example_dags/example_xcomargs.py
[2024-11-11T02:54:52.232+0000] {processor.py:925} INFO - DAG(s) 'example_xcom_args', 'example_xcom_args_with_operators' retrieved from /home/airflow/.local/lib/python3.12/site-packages/airflow/example_dags/example_xcomargs.py
[2024-11-11T02:54:52.243+0000] {logging_mixin.py:190} INFO - [2024-11-11T02:54:52.243+0000] {dag.py:3239} INFO - Sync 2 DAGs
[2024-11-11T02:54:52.250+0000] {logging_mixin.py:190} INFO - [2024-11-11T02:54:52.249+0000] {dag.py:4180} INFO - Setting next_dagrun for example_xcom_args to None, run_after=None
[2024-11-11T02:54:52.251+0000] {logging_mixin.py:190} INFO - [2024-11-11T02:54:52.251+0000] {dag.py:4180} INFO - Setting next_dagrun for example_xcom_args_with_operators to None, run_after=None
[2024-11-11T02:54:52.258+0000] {processor.py:208} INFO - Processing /home/airflow/.local/lib/python3.12/site-packages/airflow/example_dags/example_xcomargs.py took 0.036 seconds
[2024-11-11T02:55:22.592+0000] {processor.py:186} INFO - Started process (PID=3875) to work on /home/airflow/.local/lib/python3.12/site-packages/airflow/example_dags/example_xcomargs.py
[2024-11-11T02:55:22.593+0000] {processor.py:914} INFO - Processing file /home/airflow/.local/lib/python3.12/site-packages/airflow/example_dags/example_xcomargs.py for tasks to queue
[2024-11-11T02:55:22.594+0000] {logging_mixin.py:190} INFO - [2024-11-11T02:55:22.594+0000] {dagbag.py:588} INFO - Filling up the DagBag from /home/airflow/.local/lib/python3.12/site-packages/airflow/example_dags/example_xcomargs.py
[2024-11-11T02:55:22.600+0000] {processor.py:925} INFO - DAG(s) 'example_xcom_args', 'example_xcom_args_with_operators' retrieved from /home/airflow/.local/lib/python3.12/site-packages/airflow/example_dags/example_xcomargs.py
[2024-11-11T02:55:22.611+0000] {logging_mixin.py:190} INFO - [2024-11-11T02:55:22.611+0000] {dag.py:3239} INFO - Sync 2 DAGs
[2024-11-11T02:55:22.618+0000] {logging_mixin.py:190} INFO - [2024-11-11T02:55:22.618+0000] {dag.py:4180} INFO - Setting next_dagrun for example_xcom_args to None, run_after=None
[2024-11-11T02:55:22.620+0000] {logging_mixin.py:190} INFO - [2024-11-11T02:55:22.620+0000] {dag.py:4180} INFO - Setting next_dagrun for example_xcom_args_with_operators to None, run_after=None
[2024-11-11T02:55:22.627+0000] {processor.py:208} INFO - Processing /home/airflow/.local/lib/python3.12/site-packages/airflow/example_dags/example_xcomargs.py took 0.038 seconds
[2024-11-11T02:55:53.095+0000] {processor.py:186} INFO - Started process (PID=3938) to work on /home/airflow/.local/lib/python3.12/site-packages/airflow/example_dags/example_xcomargs.py
[2024-11-11T02:55:53.096+0000] {processor.py:914} INFO - Processing file /home/airflow/.local/lib/python3.12/site-packages/airflow/example_dags/example_xcomargs.py for tasks to queue
[2024-11-11T02:55:53.097+0000] {logging_mixin.py:190} INFO - [2024-11-11T02:55:53.097+0000] {dagbag.py:588} INFO - Filling up the DagBag from /home/airflow/.local/lib/python3.12/site-packages/airflow/example_dags/example_xcomargs.py
[2024-11-11T02:55:53.103+0000] {processor.py:925} INFO - DAG(s) 'example_xcom_args', 'example_xcom_args_with_operators' retrieved from /home/airflow/.local/lib/python3.12/site-packages/airflow/example_dags/example_xcomargs.py
[2024-11-11T02:55:53.115+0000] {logging_mixin.py:190} INFO - [2024-11-11T02:55:53.114+0000] {dag.py:3239} INFO - Sync 2 DAGs
[2024-11-11T02:55:53.122+0000] {logging_mixin.py:190} INFO - [2024-11-11T02:55:53.122+0000] {dag.py:4180} INFO - Setting next_dagrun for example_xcom_args to None, run_after=None
[2024-11-11T02:55:53.124+0000] {logging_mixin.py:190} INFO - [2024-11-11T02:55:53.124+0000] {dag.py:4180} INFO - Setting next_dagrun for example_xcom_args_with_operators to None, run_after=None
[2024-11-11T02:55:53.132+0000] {processor.py:208} INFO - Processing /home/airflow/.local/lib/python3.12/site-packages/airflow/example_dags/example_xcomargs.py took 0.041 seconds
[2024-11-11T02:56:23.681+0000] {processor.py:186} INFO - Started process (PID=4001) to work on /home/airflow/.local/lib/python3.12/site-packages/airflow/example_dags/example_xcomargs.py
[2024-11-11T02:56:23.681+0000] {processor.py:914} INFO - Processing file /home/airflow/.local/lib/python3.12/site-packages/airflow/example_dags/example_xcomargs.py for tasks to queue
[2024-11-11T02:56:23.683+0000] {logging_mixin.py:190} INFO - [2024-11-11T02:56:23.683+0000] {dagbag.py:588} INFO - Filling up the DagBag from /home/airflow/.local/lib/python3.12/site-packages/airflow/example_dags/example_xcomargs.py
[2024-11-11T02:56:23.689+0000] {processor.py:925} INFO - DAG(s) 'example_xcom_args', 'example_xcom_args_with_operators' retrieved from /home/airflow/.local/lib/python3.12/site-packages/airflow/example_dags/example_xcomargs.py
[2024-11-11T02:56:23.701+0000] {logging_mixin.py:190} INFO - [2024-11-11T02:56:23.701+0000] {dag.py:3239} INFO - Sync 2 DAGs
[2024-11-11T02:56:23.708+0000] {logging_mixin.py:190} INFO - [2024-11-11T02:56:23.708+0000] {dag.py:4180} INFO - Setting next_dagrun for example_xcom_args to None, run_after=None
[2024-11-11T02:56:23.710+0000] {logging_mixin.py:190} INFO - [2024-11-11T02:56:23.710+0000] {dag.py:4180} INFO - Setting next_dagrun for example_xcom_args_with_operators to None, run_after=None
[2024-11-11T02:56:23.718+0000] {processor.py:208} INFO - Processing /home/airflow/.local/lib/python3.12/site-packages/airflow/example_dags/example_xcomargs.py took 0.041 seconds
[2024-11-11T02:56:54.188+0000] {processor.py:186} INFO - Started process (PID=4064) to work on /home/airflow/.local/lib/python3.12/site-packages/airflow/example_dags/example_xcomargs.py
[2024-11-11T02:56:54.189+0000] {processor.py:914} INFO - Processing file /home/airflow/.local/lib/python3.12/site-packages/airflow/example_dags/example_xcomargs.py for tasks to queue
[2024-11-11T02:56:54.190+0000] {logging_mixin.py:190} INFO - [2024-11-11T02:56:54.190+0000] {dagbag.py:588} INFO - Filling up the DagBag from /home/airflow/.local/lib/python3.12/site-packages/airflow/example_dags/example_xcomargs.py
[2024-11-11T02:56:54.196+0000] {processor.py:925} INFO - DAG(s) 'example_xcom_args_with_operators', 'example_xcom_args' retrieved from /home/airflow/.local/lib/python3.12/site-packages/airflow/example_dags/example_xcomargs.py
[2024-11-11T02:56:54.208+0000] {logging_mixin.py:190} INFO - [2024-11-11T02:56:54.208+0000] {dag.py:3239} INFO - Sync 2 DAGs
[2024-11-11T02:56:54.215+0000] {logging_mixin.py:190} INFO - [2024-11-11T02:56:54.215+0000] {dag.py:4180} INFO - Setting next_dagrun for example_xcom_args to None, run_after=None
[2024-11-11T02:56:54.217+0000] {logging_mixin.py:190} INFO - [2024-11-11T02:56:54.217+0000] {dag.py:4180} INFO - Setting next_dagrun for example_xcom_args_with_operators to None, run_after=None
[2024-11-11T02:56:54.224+0000] {processor.py:208} INFO - Processing /home/airflow/.local/lib/python3.12/site-packages/airflow/example_dags/example_xcomargs.py took 0.040 seconds
[2024-11-11T02:57:24.727+0000] {processor.py:186} INFO - Started process (PID=4127) to work on /home/airflow/.local/lib/python3.12/site-packages/airflow/example_dags/example_xcomargs.py
[2024-11-11T02:57:24.728+0000] {processor.py:914} INFO - Processing file /home/airflow/.local/lib/python3.12/site-packages/airflow/example_dags/example_xcomargs.py for tasks to queue
[2024-11-11T02:57:24.729+0000] {logging_mixin.py:190} INFO - [2024-11-11T02:57:24.729+0000] {dagbag.py:588} INFO - Filling up the DagBag from /home/airflow/.local/lib/python3.12/site-packages/airflow/example_dags/example_xcomargs.py
[2024-11-11T02:57:24.734+0000] {processor.py:925} INFO - DAG(s) 'example_xcom_args', 'example_xcom_args_with_operators' retrieved from /home/airflow/.local/lib/python3.12/site-packages/airflow/example_dags/example_xcomargs.py
[2024-11-11T02:57:24.745+0000] {logging_mixin.py:190} INFO - [2024-11-11T02:57:24.745+0000] {dag.py:3239} INFO - Sync 2 DAGs
[2024-11-11T02:57:24.752+0000] {logging_mixin.py:190} INFO - [2024-11-11T02:57:24.752+0000] {dag.py:4180} INFO - Setting next_dagrun for example_xcom_args to None, run_after=None
[2024-11-11T02:57:24.754+0000] {logging_mixin.py:190} INFO - [2024-11-11T02:57:24.754+0000] {dag.py:4180} INFO - Setting next_dagrun for example_xcom_args_with_operators to None, run_after=None
[2024-11-11T02:57:24.761+0000] {processor.py:208} INFO - Processing /home/airflow/.local/lib/python3.12/site-packages/airflow/example_dags/example_xcomargs.py took 0.037 seconds
[2024-11-11T02:57:55.204+0000] {processor.py:186} INFO - Started process (PID=4190) to work on /home/airflow/.local/lib/python3.12/site-packages/airflow/example_dags/example_xcomargs.py
[2024-11-11T02:57:55.205+0000] {processor.py:914} INFO - Processing file /home/airflow/.local/lib/python3.12/site-packages/airflow/example_dags/example_xcomargs.py for tasks to queue
[2024-11-11T02:57:55.206+0000] {logging_mixin.py:190} INFO - [2024-11-11T02:57:55.206+0000] {dagbag.py:588} INFO - Filling up the DagBag from /home/airflow/.local/lib/python3.12/site-packages/airflow/example_dags/example_xcomargs.py
[2024-11-11T02:57:55.211+0000] {processor.py:925} INFO - DAG(s) 'example_xcom_args_with_operators', 'example_xcom_args' retrieved from /home/airflow/.local/lib/python3.12/site-packages/airflow/example_dags/example_xcomargs.py
[2024-11-11T02:57:55.222+0000] {logging_mixin.py:190} INFO - [2024-11-11T02:57:55.222+0000] {dag.py:3239} INFO - Sync 2 DAGs
[2024-11-11T02:57:55.229+0000] {logging_mixin.py:190} INFO - [2024-11-11T02:57:55.229+0000] {dag.py:4180} INFO - Setting next_dagrun for example_xcom_args to None, run_after=None
[2024-11-11T02:57:55.231+0000] {logging_mixin.py:190} INFO - [2024-11-11T02:57:55.231+0000] {dag.py:4180} INFO - Setting next_dagrun for example_xcom_args_with_operators to None, run_after=None
[2024-11-11T02:57:55.238+0000] {processor.py:208} INFO - Processing /home/airflow/.local/lib/python3.12/site-packages/airflow/example_dags/example_xcomargs.py took 0.038 seconds
[2024-11-11T02:58:25.661+0000] {processor.py:186} INFO - Started process (PID=4253) to work on /home/airflow/.local/lib/python3.12/site-packages/airflow/example_dags/example_xcomargs.py
[2024-11-11T02:58:25.661+0000] {processor.py:914} INFO - Processing file /home/airflow/.local/lib/python3.12/site-packages/airflow/example_dags/example_xcomargs.py for tasks to queue
[2024-11-11T02:58:25.663+0000] {logging_mixin.py:190} INFO - [2024-11-11T02:58:25.663+0000] {dagbag.py:588} INFO - Filling up the DagBag from /home/airflow/.local/lib/python3.12/site-packages/airflow/example_dags/example_xcomargs.py
[2024-11-11T02:58:25.668+0000] {processor.py:925} INFO - DAG(s) 'example_xcom_args', 'example_xcom_args_with_operators' retrieved from /home/airflow/.local/lib/python3.12/site-packages/airflow/example_dags/example_xcomargs.py
[2024-11-11T02:58:25.679+0000] {logging_mixin.py:190} INFO - [2024-11-11T02:58:25.679+0000] {dag.py:3239} INFO - Sync 2 DAGs
[2024-11-11T02:58:25.686+0000] {logging_mixin.py:190} INFO - [2024-11-11T02:58:25.686+0000] {dag.py:4180} INFO - Setting next_dagrun for example_xcom_args to None, run_after=None
[2024-11-11T02:58:25.688+0000] {logging_mixin.py:190} INFO - [2024-11-11T02:58:25.688+0000] {dag.py:4180} INFO - Setting next_dagrun for example_xcom_args_with_operators to None, run_after=None
[2024-11-11T02:58:25.695+0000] {processor.py:208} INFO - Processing /home/airflow/.local/lib/python3.12/site-packages/airflow/example_dags/example_xcomargs.py took 0.037 seconds
[2024-11-11T02:58:56.122+0000] {processor.py:186} INFO - Started process (PID=4316) to work on /home/airflow/.local/lib/python3.12/site-packages/airflow/example_dags/example_xcomargs.py
[2024-11-11T02:58:56.123+0000] {processor.py:914} INFO - Processing file /home/airflow/.local/lib/python3.12/site-packages/airflow/example_dags/example_xcomargs.py for tasks to queue
[2024-11-11T02:58:56.124+0000] {logging_mixin.py:190} INFO - [2024-11-11T02:58:56.124+0000] {dagbag.py:588} INFO - Filling up the DagBag from /home/airflow/.local/lib/python3.12/site-packages/airflow/example_dags/example_xcomargs.py
[2024-11-11T02:58:56.129+0000] {processor.py:925} INFO - DAG(s) 'example_xcom_args', 'example_xcom_args_with_operators' retrieved from /home/airflow/.local/lib/python3.12/site-packages/airflow/example_dags/example_xcomargs.py
[2024-11-11T02:58:56.141+0000] {logging_mixin.py:190} INFO - [2024-11-11T02:58:56.140+0000] {dag.py:3239} INFO - Sync 2 DAGs
[2024-11-11T02:58:56.147+0000] {logging_mixin.py:190} INFO - [2024-11-11T02:58:56.147+0000] {dag.py:4180} INFO - Setting next_dagrun for example_xcom_args to None, run_after=None
[2024-11-11T02:58:56.149+0000] {logging_mixin.py:190} INFO - [2024-11-11T02:58:56.149+0000] {dag.py:4180} INFO - Setting next_dagrun for example_xcom_args_with_operators to None, run_after=None
[2024-11-11T02:58:56.156+0000] {processor.py:208} INFO - Processing /home/airflow/.local/lib/python3.12/site-packages/airflow/example_dags/example_xcomargs.py took 0.037 seconds
[2024-11-11T02:59:26.592+0000] {processor.py:186} INFO - Started process (PID=4385) to work on /home/airflow/.local/lib/python3.12/site-packages/airflow/example_dags/example_xcomargs.py
[2024-11-11T02:59:26.592+0000] {processor.py:914} INFO - Processing file /home/airflow/.local/lib/python3.12/site-packages/airflow/example_dags/example_xcomargs.py for tasks to queue
[2024-11-11T02:59:26.594+0000] {logging_mixin.py:190} INFO - [2024-11-11T02:59:26.594+0000] {dagbag.py:588} INFO - Filling up the DagBag from /home/airflow/.local/lib/python3.12/site-packages/airflow/example_dags/example_xcomargs.py
[2024-11-11T02:59:26.599+0000] {processor.py:925} INFO - DAG(s) 'example_xcom_args', 'example_xcom_args_with_operators' retrieved from /home/airflow/.local/lib/python3.12/site-packages/airflow/example_dags/example_xcomargs.py
[2024-11-11T02:59:26.610+0000] {logging_mixin.py:190} INFO - [2024-11-11T02:59:26.610+0000] {dag.py:3239} INFO - Sync 2 DAGs
[2024-11-11T02:59:26.618+0000] {logging_mixin.py:190} INFO - [2024-11-11T02:59:26.618+0000] {dag.py:4180} INFO - Setting next_dagrun for example_xcom_args to None, run_after=None
[2024-11-11T02:59:26.620+0000] {logging_mixin.py:190} INFO - [2024-11-11T02:59:26.619+0000] {dag.py:4180} INFO - Setting next_dagrun for example_xcom_args_with_operators to None, run_after=None
[2024-11-11T02:59:26.627+0000] {processor.py:208} INFO - Processing /home/airflow/.local/lib/python3.12/site-packages/airflow/example_dags/example_xcomargs.py took 0.038 seconds
[2024-11-11T02:59:57.097+0000] {processor.py:186} INFO - Started process (PID=4448) to work on /home/airflow/.local/lib/python3.12/site-packages/airflow/example_dags/example_xcomargs.py
[2024-11-11T02:59:57.098+0000] {processor.py:914} INFO - Processing file /home/airflow/.local/lib/python3.12/site-packages/airflow/example_dags/example_xcomargs.py for tasks to queue
[2024-11-11T02:59:57.099+0000] {logging_mixin.py:190} INFO - [2024-11-11T02:59:57.099+0000] {dagbag.py:588} INFO - Filling up the DagBag from /home/airflow/.local/lib/python3.12/site-packages/airflow/example_dags/example_xcomargs.py
[2024-11-11T02:59:57.106+0000] {processor.py:925} INFO - DAG(s) 'example_xcom_args_with_operators', 'example_xcom_args' retrieved from /home/airflow/.local/lib/python3.12/site-packages/airflow/example_dags/example_xcomargs.py
[2024-11-11T02:59:57.120+0000] {logging_mixin.py:190} INFO - [2024-11-11T02:59:57.120+0000] {dag.py:3239} INFO - Sync 2 DAGs
[2024-11-11T02:59:57.129+0000] {logging_mixin.py:190} INFO - [2024-11-11T02:59:57.129+0000] {dag.py:4180} INFO - Setting next_dagrun for example_xcom_args to None, run_after=None
[2024-11-11T02:59:57.131+0000] {logging_mixin.py:190} INFO - [2024-11-11T02:59:57.131+0000] {dag.py:4180} INFO - Setting next_dagrun for example_xcom_args_with_operators to None, run_after=None
[2024-11-11T02:59:57.141+0000] {processor.py:208} INFO - Processing /home/airflow/.local/lib/python3.12/site-packages/airflow/example_dags/example_xcomargs.py took 0.049 seconds
[2024-11-11T03:00:27.579+0000] {processor.py:186} INFO - Started process (PID=4511) to work on /home/airflow/.local/lib/python3.12/site-packages/airflow/example_dags/example_xcomargs.py
[2024-11-11T03:00:27.580+0000] {processor.py:914} INFO - Processing file /home/airflow/.local/lib/python3.12/site-packages/airflow/example_dags/example_xcomargs.py for tasks to queue
[2024-11-11T03:00:27.581+0000] {logging_mixin.py:190} INFO - [2024-11-11T03:00:27.581+0000] {dagbag.py:588} INFO - Filling up the DagBag from /home/airflow/.local/lib/python3.12/site-packages/airflow/example_dags/example_xcomargs.py
[2024-11-11T03:00:27.587+0000] {processor.py:925} INFO - DAG(s) 'example_xcom_args_with_operators', 'example_xcom_args' retrieved from /home/airflow/.local/lib/python3.12/site-packages/airflow/example_dags/example_xcomargs.py
[2024-11-11T03:00:27.599+0000] {logging_mixin.py:190} INFO - [2024-11-11T03:00:27.599+0000] {dag.py:3239} INFO - Sync 2 DAGs
[2024-11-11T03:00:27.606+0000] {logging_mixin.py:190} INFO - [2024-11-11T03:00:27.606+0000] {dag.py:4180} INFO - Setting next_dagrun for example_xcom_args to None, run_after=None
[2024-11-11T03:00:27.608+0000] {logging_mixin.py:190} INFO - [2024-11-11T03:00:27.608+0000] {dag.py:4180} INFO - Setting next_dagrun for example_xcom_args_with_operators to None, run_after=None
[2024-11-11T03:00:27.617+0000] {processor.py:208} INFO - Processing /home/airflow/.local/lib/python3.12/site-packages/airflow/example_dags/example_xcomargs.py took 0.041 seconds
[2024-11-11T03:00:58.080+0000] {processor.py:186} INFO - Started process (PID=4574) to work on /home/airflow/.local/lib/python3.12/site-packages/airflow/example_dags/example_xcomargs.py
[2024-11-11T03:00:58.081+0000] {processor.py:914} INFO - Processing file /home/airflow/.local/lib/python3.12/site-packages/airflow/example_dags/example_xcomargs.py for tasks to queue
[2024-11-11T03:00:58.082+0000] {logging_mixin.py:190} INFO - [2024-11-11T03:00:58.082+0000] {dagbag.py:588} INFO - Filling up the DagBag from /home/airflow/.local/lib/python3.12/site-packages/airflow/example_dags/example_xcomargs.py
[2024-11-11T03:00:58.087+0000] {processor.py:925} INFO - DAG(s) 'example_xcom_args_with_operators', 'example_xcom_args' retrieved from /home/airflow/.local/lib/python3.12/site-packages/airflow/example_dags/example_xcomargs.py
[2024-11-11T03:00:58.098+0000] {logging_mixin.py:190} INFO - [2024-11-11T03:00:58.098+0000] {dag.py:3239} INFO - Sync 2 DAGs
[2024-11-11T03:00:58.105+0000] {logging_mixin.py:190} INFO - [2024-11-11T03:00:58.105+0000] {dag.py:4180} INFO - Setting next_dagrun for example_xcom_args to None, run_after=None
[2024-11-11T03:00:58.107+0000] {logging_mixin.py:190} INFO - [2024-11-11T03:00:58.107+0000] {dag.py:4180} INFO - Setting next_dagrun for example_xcom_args_with_operators to None, run_after=None
[2024-11-11T03:00:58.114+0000] {processor.py:208} INFO - Processing /home/airflow/.local/lib/python3.12/site-packages/airflow/example_dags/example_xcomargs.py took 0.037 seconds
[2024-11-11T03:01:28.574+0000] {processor.py:186} INFO - Started process (PID=4637) to work on /home/airflow/.local/lib/python3.12/site-packages/airflow/example_dags/example_xcomargs.py
[2024-11-11T03:01:28.574+0000] {processor.py:914} INFO - Processing file /home/airflow/.local/lib/python3.12/site-packages/airflow/example_dags/example_xcomargs.py for tasks to queue
[2024-11-11T03:01:28.576+0000] {logging_mixin.py:190} INFO - [2024-11-11T03:01:28.576+0000] {dagbag.py:588} INFO - Filling up the DagBag from /home/airflow/.local/lib/python3.12/site-packages/airflow/example_dags/example_xcomargs.py
[2024-11-11T03:01:28.581+0000] {processor.py:925} INFO - DAG(s) 'example_xcom_args_with_operators', 'example_xcom_args' retrieved from /home/airflow/.local/lib/python3.12/site-packages/airflow/example_dags/example_xcomargs.py
[2024-11-11T03:01:28.592+0000] {logging_mixin.py:190} INFO - [2024-11-11T03:01:28.592+0000] {dag.py:3239} INFO - Sync 2 DAGs
[2024-11-11T03:01:28.599+0000] {logging_mixin.py:190} INFO - [2024-11-11T03:01:28.599+0000] {dag.py:4180} INFO - Setting next_dagrun for example_xcom_args to None, run_after=None
[2024-11-11T03:01:28.601+0000] {logging_mixin.py:190} INFO - [2024-11-11T03:01:28.601+0000] {dag.py:4180} INFO - Setting next_dagrun for example_xcom_args_with_operators to None, run_after=None
[2024-11-11T03:01:28.608+0000] {processor.py:208} INFO - Processing /home/airflow/.local/lib/python3.12/site-packages/airflow/example_dags/example_xcomargs.py took 0.037 seconds
[2024-11-11T03:01:59.309+0000] {processor.py:186} INFO - Started process (PID=4700) to work on /home/airflow/.local/lib/python3.12/site-packages/airflow/example_dags/example_xcomargs.py
[2024-11-11T03:01:59.310+0000] {processor.py:914} INFO - Processing file /home/airflow/.local/lib/python3.12/site-packages/airflow/example_dags/example_xcomargs.py for tasks to queue
[2024-11-11T03:01:59.311+0000] {logging_mixin.py:190} INFO - [2024-11-11T03:01:59.311+0000] {dagbag.py:588} INFO - Filling up the DagBag from /home/airflow/.local/lib/python3.12/site-packages/airflow/example_dags/example_xcomargs.py
[2024-11-11T03:01:59.316+0000] {processor.py:925} INFO - DAG(s) 'example_xcom_args_with_operators', 'example_xcom_args' retrieved from /home/airflow/.local/lib/python3.12/site-packages/airflow/example_dags/example_xcomargs.py
[2024-11-11T03:01:59.327+0000] {logging_mixin.py:190} INFO - [2024-11-11T03:01:59.327+0000] {dag.py:3239} INFO - Sync 2 DAGs
[2024-11-11T03:01:59.334+0000] {logging_mixin.py:190} INFO - [2024-11-11T03:01:59.334+0000] {dag.py:4180} INFO - Setting next_dagrun for example_xcom_args to None, run_after=None
[2024-11-11T03:01:59.336+0000] {logging_mixin.py:190} INFO - [2024-11-11T03:01:59.336+0000] {dag.py:4180} INFO - Setting next_dagrun for example_xcom_args_with_operators to None, run_after=None
[2024-11-11T03:01:59.343+0000] {processor.py:208} INFO - Processing /home/airflow/.local/lib/python3.12/site-packages/airflow/example_dags/example_xcomargs.py took 0.038 seconds
[2024-11-11T03:03:16.871+0000] {processor.py:186} INFO - Started process (PID=4757) to work on /home/airflow/.local/lib/python3.12/site-packages/airflow/example_dags/example_xcomargs.py
[2024-11-11T03:03:16.872+0000] {processor.py:914} INFO - Processing file /home/airflow/.local/lib/python3.12/site-packages/airflow/example_dags/example_xcomargs.py for tasks to queue
[2024-11-11T03:03:16.874+0000] {logging_mixin.py:190} INFO - [2024-11-11T03:03:16.873+0000] {dagbag.py:588} INFO - Filling up the DagBag from /home/airflow/.local/lib/python3.12/site-packages/airflow/example_dags/example_xcomargs.py
[2024-11-11T03:03:16.879+0000] {processor.py:925} INFO - DAG(s) 'example_xcom_args', 'example_xcom_args_with_operators' retrieved from /home/airflow/.local/lib/python3.12/site-packages/airflow/example_dags/example_xcomargs.py
[2024-11-11T03:03:16.891+0000] {logging_mixin.py:190} INFO - [2024-11-11T03:03:16.891+0000] {dag.py:3239} INFO - Sync 2 DAGs
[2024-11-11T03:03:16.898+0000] {logging_mixin.py:190} INFO - [2024-11-11T03:03:16.898+0000] {dag.py:4180} INFO - Setting next_dagrun for example_xcom_args to None, run_after=None
[2024-11-11T03:03:16.900+0000] {logging_mixin.py:190} INFO - [2024-11-11T03:03:16.900+0000] {dag.py:4180} INFO - Setting next_dagrun for example_xcom_args_with_operators to None, run_after=None
[2024-11-11T03:03:16.907+0000] {processor.py:208} INFO - Processing /home/airflow/.local/lib/python3.12/site-packages/airflow/example_dags/example_xcomargs.py took 0.039 seconds
[2024-11-11T03:03:47.292+0000] {processor.py:186} INFO - Started process (PID=4820) to work on /home/airflow/.local/lib/python3.12/site-packages/airflow/example_dags/example_xcomargs.py
[2024-11-11T03:03:47.293+0000] {processor.py:914} INFO - Processing file /home/airflow/.local/lib/python3.12/site-packages/airflow/example_dags/example_xcomargs.py for tasks to queue
[2024-11-11T03:03:47.294+0000] {logging_mixin.py:190} INFO - [2024-11-11T03:03:47.294+0000] {dagbag.py:588} INFO - Filling up the DagBag from /home/airflow/.local/lib/python3.12/site-packages/airflow/example_dags/example_xcomargs.py
[2024-11-11T03:03:47.300+0000] {processor.py:925} INFO - DAG(s) 'example_xcom_args_with_operators', 'example_xcom_args' retrieved from /home/airflow/.local/lib/python3.12/site-packages/airflow/example_dags/example_xcomargs.py
[2024-11-11T03:03:47.312+0000] {logging_mixin.py:190} INFO - [2024-11-11T03:03:47.312+0000] {dag.py:3239} INFO - Sync 2 DAGs
[2024-11-11T03:03:47.320+0000] {logging_mixin.py:190} INFO - [2024-11-11T03:03:47.320+0000] {dag.py:4180} INFO - Setting next_dagrun for example_xcom_args to None, run_after=None
[2024-11-11T03:03:47.322+0000] {logging_mixin.py:190} INFO - [2024-11-11T03:03:47.322+0000] {dag.py:4180} INFO - Setting next_dagrun for example_xcom_args_with_operators to None, run_after=None
[2024-11-11T03:03:47.330+0000] {processor.py:208} INFO - Processing /home/airflow/.local/lib/python3.12/site-packages/airflow/example_dags/example_xcomargs.py took 0.042 seconds
[2024-11-11T03:04:17.699+0000] {processor.py:186} INFO - Started process (PID=4883) to work on /home/airflow/.local/lib/python3.12/site-packages/airflow/example_dags/example_xcomargs.py
[2024-11-11T03:04:17.699+0000] {processor.py:914} INFO - Processing file /home/airflow/.local/lib/python3.12/site-packages/airflow/example_dags/example_xcomargs.py for tasks to queue
[2024-11-11T03:04:17.700+0000] {logging_mixin.py:190} INFO - [2024-11-11T03:04:17.700+0000] {dagbag.py:588} INFO - Filling up the DagBag from /home/airflow/.local/lib/python3.12/site-packages/airflow/example_dags/example_xcomargs.py
[2024-11-11T03:04:17.706+0000] {processor.py:925} INFO - DAG(s) 'example_xcom_args_with_operators', 'example_xcom_args' retrieved from /home/airflow/.local/lib/python3.12/site-packages/airflow/example_dags/example_xcomargs.py
[2024-11-11T03:04:17.719+0000] {logging_mixin.py:190} INFO - [2024-11-11T03:04:17.719+0000] {dag.py:3239} INFO - Sync 2 DAGs
[2024-11-11T03:04:17.726+0000] {logging_mixin.py:190} INFO - [2024-11-11T03:04:17.726+0000] {dag.py:4180} INFO - Setting next_dagrun for example_xcom_args to None, run_after=None
[2024-11-11T03:04:17.728+0000] {logging_mixin.py:190} INFO - [2024-11-11T03:04:17.728+0000] {dag.py:4180} INFO - Setting next_dagrun for example_xcom_args_with_operators to None, run_after=None
[2024-11-11T03:04:17.736+0000] {processor.py:208} INFO - Processing /home/airflow/.local/lib/python3.12/site-packages/airflow/example_dags/example_xcomargs.py took 0.041 seconds
[2024-11-11T03:04:48.220+0000] {processor.py:186} INFO - Started process (PID=4946) to work on /home/airflow/.local/lib/python3.12/site-packages/airflow/example_dags/example_xcomargs.py
[2024-11-11T03:04:48.221+0000] {processor.py:914} INFO - Processing file /home/airflow/.local/lib/python3.12/site-packages/airflow/example_dags/example_xcomargs.py for tasks to queue
[2024-11-11T03:04:48.222+0000] {logging_mixin.py:190} INFO - [2024-11-11T03:04:48.222+0000] {dagbag.py:588} INFO - Filling up the DagBag from /home/airflow/.local/lib/python3.12/site-packages/airflow/example_dags/example_xcomargs.py
[2024-11-11T03:04:48.228+0000] {processor.py:925} INFO - DAG(s) 'example_xcom_args_with_operators', 'example_xcom_args' retrieved from /home/airflow/.local/lib/python3.12/site-packages/airflow/example_dags/example_xcomargs.py
[2024-11-11T03:04:48.241+0000] {logging_mixin.py:190} INFO - [2024-11-11T03:04:48.241+0000] {dag.py:3239} INFO - Sync 2 DAGs
[2024-11-11T03:04:48.249+0000] {logging_mixin.py:190} INFO - [2024-11-11T03:04:48.249+0000] {dag.py:4180} INFO - Setting next_dagrun for example_xcom_args to None, run_after=None
[2024-11-11T03:04:48.251+0000] {logging_mixin.py:190} INFO - [2024-11-11T03:04:48.251+0000] {dag.py:4180} INFO - Setting next_dagrun for example_xcom_args_with_operators to None, run_after=None
[2024-11-11T03:04:48.259+0000] {processor.py:208} INFO - Processing /home/airflow/.local/lib/python3.12/site-packages/airflow/example_dags/example_xcomargs.py took 0.042 seconds
[2024-11-11T03:05:18.613+0000] {processor.py:186} INFO - Started process (PID=5009) to work on /home/airflow/.local/lib/python3.12/site-packages/airflow/example_dags/example_xcomargs.py
[2024-11-11T03:05:18.614+0000] {processor.py:914} INFO - Processing file /home/airflow/.local/lib/python3.12/site-packages/airflow/example_dags/example_xcomargs.py for tasks to queue
[2024-11-11T03:05:18.615+0000] {logging_mixin.py:190} INFO - [2024-11-11T03:05:18.615+0000] {dagbag.py:588} INFO - Filling up the DagBag from /home/airflow/.local/lib/python3.12/site-packages/airflow/example_dags/example_xcomargs.py
[2024-11-11T03:05:18.620+0000] {processor.py:925} INFO - DAG(s) 'example_xcom_args', 'example_xcom_args_with_operators' retrieved from /home/airflow/.local/lib/python3.12/site-packages/airflow/example_dags/example_xcomargs.py
[2024-11-11T03:05:18.632+0000] {logging_mixin.py:190} INFO - [2024-11-11T03:05:18.632+0000] {dag.py:3239} INFO - Sync 2 DAGs
[2024-11-11T03:05:18.639+0000] {logging_mixin.py:190} INFO - [2024-11-11T03:05:18.639+0000] {dag.py:4180} INFO - Setting next_dagrun for example_xcom_args to None, run_after=None
[2024-11-11T03:05:18.641+0000] {logging_mixin.py:190} INFO - [2024-11-11T03:05:18.641+0000] {dag.py:4180} INFO - Setting next_dagrun for example_xcom_args_with_operators to None, run_after=None
[2024-11-11T03:05:18.648+0000] {processor.py:208} INFO - Processing /home/airflow/.local/lib/python3.12/site-packages/airflow/example_dags/example_xcomargs.py took 0.039 seconds
[2024-11-11T03:05:48.874+0000] {processor.py:186} INFO - Started process (PID=5071) to work on /home/airflow/.local/lib/python3.12/site-packages/airflow/example_dags/example_xcomargs.py
[2024-11-11T03:05:48.874+0000] {processor.py:914} INFO - Processing file /home/airflow/.local/lib/python3.12/site-packages/airflow/example_dags/example_xcomargs.py for tasks to queue
[2024-11-11T03:05:48.876+0000] {logging_mixin.py:190} INFO - [2024-11-11T03:05:48.876+0000] {dagbag.py:588} INFO - Filling up the DagBag from /home/airflow/.local/lib/python3.12/site-packages/airflow/example_dags/example_xcomargs.py
[2024-11-11T03:05:48.881+0000] {processor.py:925} INFO - DAG(s) 'example_xcom_args_with_operators', 'example_xcom_args' retrieved from /home/airflow/.local/lib/python3.12/site-packages/airflow/example_dags/example_xcomargs.py
[2024-11-11T03:05:48.893+0000] {logging_mixin.py:190} INFO - [2024-11-11T03:05:48.893+0000] {dag.py:3239} INFO - Sync 2 DAGs
[2024-11-11T03:05:48.900+0000] {logging_mixin.py:190} INFO - [2024-11-11T03:05:48.900+0000] {dag.py:4180} INFO - Setting next_dagrun for example_xcom_args to None, run_after=None
[2024-11-11T03:05:48.902+0000] {logging_mixin.py:190} INFO - [2024-11-11T03:05:48.902+0000] {dag.py:4180} INFO - Setting next_dagrun for example_xcom_args_with_operators to None, run_after=None
[2024-11-11T03:05:48.909+0000] {processor.py:208} INFO - Processing /home/airflow/.local/lib/python3.12/site-packages/airflow/example_dags/example_xcomargs.py took 0.038 seconds
[2024-11-11T03:06:19.169+0000] {processor.py:186} INFO - Started process (PID=5133) to work on /home/airflow/.local/lib/python3.12/site-packages/airflow/example_dags/example_xcomargs.py
[2024-11-11T03:06:19.170+0000] {processor.py:914} INFO - Processing file /home/airflow/.local/lib/python3.12/site-packages/airflow/example_dags/example_xcomargs.py for tasks to queue
[2024-11-11T03:06:19.171+0000] {logging_mixin.py:190} INFO - [2024-11-11T03:06:19.171+0000] {dagbag.py:588} INFO - Filling up the DagBag from /home/airflow/.local/lib/python3.12/site-packages/airflow/example_dags/example_xcomargs.py
[2024-11-11T03:06:19.177+0000] {processor.py:925} INFO - DAG(s) 'example_xcom_args_with_operators', 'example_xcom_args' retrieved from /home/airflow/.local/lib/python3.12/site-packages/airflow/example_dags/example_xcomargs.py
[2024-11-11T03:06:19.188+0000] {logging_mixin.py:190} INFO - [2024-11-11T03:06:19.187+0000] {dag.py:3239} INFO - Sync 2 DAGs
[2024-11-11T03:06:19.194+0000] {logging_mixin.py:190} INFO - [2024-11-11T03:06:19.194+0000] {dag.py:4180} INFO - Setting next_dagrun for example_xcom_args to None, run_after=None
[2024-11-11T03:06:19.196+0000] {logging_mixin.py:190} INFO - [2024-11-11T03:06:19.196+0000] {dag.py:4180} INFO - Setting next_dagrun for example_xcom_args_with_operators to None, run_after=None
[2024-11-11T03:06:19.202+0000] {processor.py:208} INFO - Processing /home/airflow/.local/lib/python3.12/site-packages/airflow/example_dags/example_xcomargs.py took 0.036 seconds
[2024-11-11T03:06:49.671+0000] {processor.py:186} INFO - Started process (PID=5196) to work on /home/airflow/.local/lib/python3.12/site-packages/airflow/example_dags/example_xcomargs.py
[2024-11-11T03:06:49.672+0000] {processor.py:914} INFO - Processing file /home/airflow/.local/lib/python3.12/site-packages/airflow/example_dags/example_xcomargs.py for tasks to queue
[2024-11-11T03:06:49.673+0000] {logging_mixin.py:190} INFO - [2024-11-11T03:06:49.673+0000] {dagbag.py:588} INFO - Filling up the DagBag from /home/airflow/.local/lib/python3.12/site-packages/airflow/example_dags/example_xcomargs.py
[2024-11-11T03:06:49.679+0000] {processor.py:925} INFO - DAG(s) 'example_xcom_args_with_operators', 'example_xcom_args' retrieved from /home/airflow/.local/lib/python3.12/site-packages/airflow/example_dags/example_xcomargs.py
[2024-11-11T03:06:49.690+0000] {logging_mixin.py:190} INFO - [2024-11-11T03:06:49.690+0000] {dag.py:3239} INFO - Sync 2 DAGs
[2024-11-11T03:06:49.698+0000] {logging_mixin.py:190} INFO - [2024-11-11T03:06:49.698+0000] {dag.py:4180} INFO - Setting next_dagrun for example_xcom_args to None, run_after=None
[2024-11-11T03:06:49.700+0000] {logging_mixin.py:190} INFO - [2024-11-11T03:06:49.700+0000] {dag.py:4180} INFO - Setting next_dagrun for example_xcom_args_with_operators to None, run_after=None
[2024-11-11T03:06:49.707+0000] {processor.py:208} INFO - Processing /home/airflow/.local/lib/python3.12/site-packages/airflow/example_dags/example_xcomargs.py took 0.039 seconds
[2024-11-11T03:07:20.163+0000] {processor.py:186} INFO - Started process (PID=5260) to work on /home/airflow/.local/lib/python3.12/site-packages/airflow/example_dags/example_xcomargs.py
[2024-11-11T03:07:20.164+0000] {processor.py:914} INFO - Processing file /home/airflow/.local/lib/python3.12/site-packages/airflow/example_dags/example_xcomargs.py for tasks to queue
[2024-11-11T03:07:20.165+0000] {logging_mixin.py:190} INFO - [2024-11-11T03:07:20.165+0000] {dagbag.py:588} INFO - Filling up the DagBag from /home/airflow/.local/lib/python3.12/site-packages/airflow/example_dags/example_xcomargs.py
[2024-11-11T03:07:20.171+0000] {processor.py:925} INFO - DAG(s) 'example_xcom_args_with_operators', 'example_xcom_args' retrieved from /home/airflow/.local/lib/python3.12/site-packages/airflow/example_dags/example_xcomargs.py
[2024-11-11T03:07:20.183+0000] {logging_mixin.py:190} INFO - [2024-11-11T03:07:20.183+0000] {dag.py:3239} INFO - Sync 2 DAGs
[2024-11-11T03:07:20.191+0000] {logging_mixin.py:190} INFO - [2024-11-11T03:07:20.191+0000] {dag.py:4180} INFO - Setting next_dagrun for example_xcom_args to None, run_after=None
[2024-11-11T03:07:20.193+0000] {logging_mixin.py:190} INFO - [2024-11-11T03:07:20.193+0000] {dag.py:4180} INFO - Setting next_dagrun for example_xcom_args_with_operators to None, run_after=None
[2024-11-11T03:07:20.201+0000] {processor.py:208} INFO - Processing /home/airflow/.local/lib/python3.12/site-packages/airflow/example_dags/example_xcomargs.py took 0.041 seconds
[2024-11-11T03:07:50.992+0000] {processor.py:186} INFO - Started process (PID=5323) to work on /home/airflow/.local/lib/python3.12/site-packages/airflow/example_dags/example_xcomargs.py
[2024-11-11T03:07:50.993+0000] {processor.py:914} INFO - Processing file /home/airflow/.local/lib/python3.12/site-packages/airflow/example_dags/example_xcomargs.py for tasks to queue
[2024-11-11T03:07:50.994+0000] {logging_mixin.py:190} INFO - [2024-11-11T03:07:50.994+0000] {dagbag.py:588} INFO - Filling up the DagBag from /home/airflow/.local/lib/python3.12/site-packages/airflow/example_dags/example_xcomargs.py
[2024-11-11T03:07:51.000+0000] {processor.py:925} INFO - DAG(s) 'example_xcom_args_with_operators', 'example_xcom_args' retrieved from /home/airflow/.local/lib/python3.12/site-packages/airflow/example_dags/example_xcomargs.py
[2024-11-11T03:07:51.012+0000] {logging_mixin.py:190} INFO - [2024-11-11T03:07:51.012+0000] {dag.py:3239} INFO - Sync 2 DAGs
[2024-11-11T03:07:51.020+0000] {logging_mixin.py:190} INFO - [2024-11-11T03:07:51.020+0000] {dag.py:4180} INFO - Setting next_dagrun for example_xcom_args to None, run_after=None
[2024-11-11T03:07:51.022+0000] {logging_mixin.py:190} INFO - [2024-11-11T03:07:51.022+0000] {dag.py:4180} INFO - Setting next_dagrun for example_xcom_args_with_operators to None, run_after=None
[2024-11-11T03:07:51.029+0000] {processor.py:208} INFO - Processing /home/airflow/.local/lib/python3.12/site-packages/airflow/example_dags/example_xcomargs.py took 0.041 seconds
[2024-11-11T03:08:21.861+0000] {processor.py:186} INFO - Started process (PID=5388) to work on /home/airflow/.local/lib/python3.12/site-packages/airflow/example_dags/example_xcomargs.py
[2024-11-11T03:08:21.862+0000] {processor.py:914} INFO - Processing file /home/airflow/.local/lib/python3.12/site-packages/airflow/example_dags/example_xcomargs.py for tasks to queue
[2024-11-11T03:08:21.863+0000] {logging_mixin.py:190} INFO - [2024-11-11T03:08:21.863+0000] {dagbag.py:588} INFO - Filling up the DagBag from /home/airflow/.local/lib/python3.12/site-packages/airflow/example_dags/example_xcomargs.py
[2024-11-11T03:08:21.869+0000] {processor.py:925} INFO - DAG(s) 'example_xcom_args_with_operators', 'example_xcom_args' retrieved from /home/airflow/.local/lib/python3.12/site-packages/airflow/example_dags/example_xcomargs.py
[2024-11-11T03:08:21.881+0000] {logging_mixin.py:190} INFO - [2024-11-11T03:08:21.881+0000] {dag.py:3239} INFO - Sync 2 DAGs
[2024-11-11T03:08:21.889+0000] {logging_mixin.py:190} INFO - [2024-11-11T03:08:21.889+0000] {dag.py:4180} INFO - Setting next_dagrun for example_xcom_args to None, run_after=None
[2024-11-11T03:08:21.891+0000] {logging_mixin.py:190} INFO - [2024-11-11T03:08:21.891+0000] {dag.py:4180} INFO - Setting next_dagrun for example_xcom_args_with_operators to None, run_after=None
[2024-11-11T03:08:21.899+0000] {processor.py:208} INFO - Processing /home/airflow/.local/lib/python3.12/site-packages/airflow/example_dags/example_xcomargs.py took 0.041 seconds
[2024-11-11T03:08:52.267+0000] {processor.py:186} INFO - Started process (PID=5451) to work on /home/airflow/.local/lib/python3.12/site-packages/airflow/example_dags/example_xcomargs.py
[2024-11-11T03:08:52.268+0000] {processor.py:914} INFO - Processing file /home/airflow/.local/lib/python3.12/site-packages/airflow/example_dags/example_xcomargs.py for tasks to queue
[2024-11-11T03:08:52.269+0000] {logging_mixin.py:190} INFO - [2024-11-11T03:08:52.269+0000] {dagbag.py:588} INFO - Filling up the DagBag from /home/airflow/.local/lib/python3.12/site-packages/airflow/example_dags/example_xcomargs.py
[2024-11-11T03:08:52.275+0000] {processor.py:925} INFO - DAG(s) 'example_xcom_args', 'example_xcom_args_with_operators' retrieved from /home/airflow/.local/lib/python3.12/site-packages/airflow/example_dags/example_xcomargs.py
[2024-11-11T03:08:52.287+0000] {logging_mixin.py:190} INFO - [2024-11-11T03:08:52.287+0000] {dag.py:3239} INFO - Sync 2 DAGs
[2024-11-11T03:08:52.294+0000] {logging_mixin.py:190} INFO - [2024-11-11T03:08:52.294+0000] {dag.py:4180} INFO - Setting next_dagrun for example_xcom_args to None, run_after=None
[2024-11-11T03:08:52.296+0000] {logging_mixin.py:190} INFO - [2024-11-11T03:08:52.296+0000] {dag.py:4180} INFO - Setting next_dagrun for example_xcom_args_with_operators to None, run_after=None
[2024-11-11T03:08:52.303+0000] {processor.py:208} INFO - Processing /home/airflow/.local/lib/python3.12/site-packages/airflow/example_dags/example_xcomargs.py took 0.040 seconds
[2024-11-11T03:09:22.865+0000] {processor.py:186} INFO - Started process (PID=5514) to work on /home/airflow/.local/lib/python3.12/site-packages/airflow/example_dags/example_xcomargs.py
[2024-11-11T03:09:22.866+0000] {processor.py:914} INFO - Processing file /home/airflow/.local/lib/python3.12/site-packages/airflow/example_dags/example_xcomargs.py for tasks to queue
[2024-11-11T03:09:22.869+0000] {logging_mixin.py:190} INFO - [2024-11-11T03:09:22.868+0000] {dagbag.py:588} INFO - Filling up the DagBag from /home/airflow/.local/lib/python3.12/site-packages/airflow/example_dags/example_xcomargs.py
[2024-11-11T03:09:22.876+0000] {processor.py:925} INFO - DAG(s) 'example_xcom_args', 'example_xcom_args_with_operators' retrieved from /home/airflow/.local/lib/python3.12/site-packages/airflow/example_dags/example_xcomargs.py
[2024-11-11T03:09:22.888+0000] {logging_mixin.py:190} INFO - [2024-11-11T03:09:22.888+0000] {dag.py:3239} INFO - Sync 2 DAGs
[2024-11-11T03:09:22.896+0000] {logging_mixin.py:190} INFO - [2024-11-11T03:09:22.896+0000] {dag.py:4180} INFO - Setting next_dagrun for example_xcom_args to None, run_after=None
[2024-11-11T03:09:22.898+0000] {logging_mixin.py:190} INFO - [2024-11-11T03:09:22.898+0000] {dag.py:4180} INFO - Setting next_dagrun for example_xcom_args_with_operators to None, run_after=None
[2024-11-11T03:09:22.905+0000] {processor.py:208} INFO - Processing /home/airflow/.local/lib/python3.12/site-packages/airflow/example_dags/example_xcomargs.py took 0.047 seconds
[2024-11-11T03:09:53.562+0000] {processor.py:186} INFO - Started process (PID=5577) to work on /home/airflow/.local/lib/python3.12/site-packages/airflow/example_dags/example_xcomargs.py
[2024-11-11T03:09:53.562+0000] {processor.py:914} INFO - Processing file /home/airflow/.local/lib/python3.12/site-packages/airflow/example_dags/example_xcomargs.py for tasks to queue
[2024-11-11T03:09:53.563+0000] {logging_mixin.py:190} INFO - [2024-11-11T03:09:53.563+0000] {dagbag.py:588} INFO - Filling up the DagBag from /home/airflow/.local/lib/python3.12/site-packages/airflow/example_dags/example_xcomargs.py
[2024-11-11T03:09:53.569+0000] {processor.py:925} INFO - DAG(s) 'example_xcom_args', 'example_xcom_args_with_operators' retrieved from /home/airflow/.local/lib/python3.12/site-packages/airflow/example_dags/example_xcomargs.py
[2024-11-11T03:09:53.581+0000] {logging_mixin.py:190} INFO - [2024-11-11T03:09:53.580+0000] {dag.py:3239} INFO - Sync 2 DAGs
[2024-11-11T03:09:53.588+0000] {logging_mixin.py:190} INFO - [2024-11-11T03:09:53.588+0000] {dag.py:4180} INFO - Setting next_dagrun for example_xcom_args to None, run_after=None
[2024-11-11T03:09:53.590+0000] {logging_mixin.py:190} INFO - [2024-11-11T03:09:53.589+0000] {dag.py:4180} INFO - Setting next_dagrun for example_xcom_args_with_operators to None, run_after=None
[2024-11-11T03:09:53.596+0000] {processor.py:208} INFO - Processing /home/airflow/.local/lib/python3.12/site-packages/airflow/example_dags/example_xcomargs.py took 0.038 seconds
[2024-11-11T03:10:24.263+0000] {processor.py:186} INFO - Started process (PID=5640) to work on /home/airflow/.local/lib/python3.12/site-packages/airflow/example_dags/example_xcomargs.py
[2024-11-11T03:10:24.263+0000] {processor.py:914} INFO - Processing file /home/airflow/.local/lib/python3.12/site-packages/airflow/example_dags/example_xcomargs.py for tasks to queue
[2024-11-11T03:10:24.265+0000] {logging_mixin.py:190} INFO - [2024-11-11T03:10:24.265+0000] {dagbag.py:588} INFO - Filling up the DagBag from /home/airflow/.local/lib/python3.12/site-packages/airflow/example_dags/example_xcomargs.py
[2024-11-11T03:10:24.271+0000] {processor.py:925} INFO - DAG(s) 'example_xcom_args_with_operators', 'example_xcom_args' retrieved from /home/airflow/.local/lib/python3.12/site-packages/airflow/example_dags/example_xcomargs.py
[2024-11-11T03:10:24.282+0000] {logging_mixin.py:190} INFO - [2024-11-11T03:10:24.282+0000] {dag.py:3239} INFO - Sync 2 DAGs
[2024-11-11T03:10:24.289+0000] {logging_mixin.py:190} INFO - [2024-11-11T03:10:24.289+0000] {dag.py:4180} INFO - Setting next_dagrun for example_xcom_args to None, run_after=None
[2024-11-11T03:10:24.291+0000] {logging_mixin.py:190} INFO - [2024-11-11T03:10:24.291+0000] {dag.py:4180} INFO - Setting next_dagrun for example_xcom_args_with_operators to None, run_after=None
[2024-11-11T03:10:24.297+0000] {processor.py:208} INFO - Processing /home/airflow/.local/lib/python3.12/site-packages/airflow/example_dags/example_xcomargs.py took 0.038 seconds
[2024-11-11T03:10:55.245+0000] {processor.py:186} INFO - Started process (PID=5703) to work on /home/airflow/.local/lib/python3.12/site-packages/airflow/example_dags/example_xcomargs.py
[2024-11-11T03:10:55.246+0000] {processor.py:914} INFO - Processing file /home/airflow/.local/lib/python3.12/site-packages/airflow/example_dags/example_xcomargs.py for tasks to queue
[2024-11-11T03:10:55.247+0000] {logging_mixin.py:190} INFO - [2024-11-11T03:10:55.247+0000] {dagbag.py:588} INFO - Filling up the DagBag from /home/airflow/.local/lib/python3.12/site-packages/airflow/example_dags/example_xcomargs.py
[2024-11-11T03:10:55.253+0000] {processor.py:925} INFO - DAG(s) 'example_xcom_args', 'example_xcom_args_with_operators' retrieved from /home/airflow/.local/lib/python3.12/site-packages/airflow/example_dags/example_xcomargs.py
[2024-11-11T03:10:55.265+0000] {logging_mixin.py:190} INFO - [2024-11-11T03:10:55.265+0000] {dag.py:3239} INFO - Sync 2 DAGs
[2024-11-11T03:10:55.272+0000] {logging_mixin.py:190} INFO - [2024-11-11T03:10:55.272+0000] {dag.py:4180} INFO - Setting next_dagrun for example_xcom_args to None, run_after=None
[2024-11-11T03:10:55.275+0000] {logging_mixin.py:190} INFO - [2024-11-11T03:10:55.274+0000] {dag.py:4180} INFO - Setting next_dagrun for example_xcom_args_with_operators to None, run_after=None
[2024-11-11T03:10:55.283+0000] {processor.py:208} INFO - Processing /home/airflow/.local/lib/python3.12/site-packages/airflow/example_dags/example_xcomargs.py took 0.042 seconds
[2024-11-11T03:22:06.851+0000] {processor.py:186} INFO - Started process (PID=5766) to work on /home/airflow/.local/lib/python3.12/site-packages/airflow/example_dags/example_xcomargs.py
[2024-11-11T03:22:06.852+0000] {processor.py:914} INFO - Processing file /home/airflow/.local/lib/python3.12/site-packages/airflow/example_dags/example_xcomargs.py for tasks to queue
[2024-11-11T03:22:06.854+0000] {logging_mixin.py:190} INFO - [2024-11-11T03:22:06.854+0000] {dagbag.py:588} INFO - Filling up the DagBag from /home/airflow/.local/lib/python3.12/site-packages/airflow/example_dags/example_xcomargs.py
[2024-11-11T03:22:06.861+0000] {processor.py:925} INFO - DAG(s) 'example_xcom_args_with_operators', 'example_xcom_args' retrieved from /home/airflow/.local/lib/python3.12/site-packages/airflow/example_dags/example_xcomargs.py
[2024-11-11T03:22:06.873+0000] {logging_mixin.py:190} INFO - [2024-11-11T03:22:06.873+0000] {dag.py:3239} INFO - Sync 2 DAGs
[2024-11-11T03:22:06.880+0000] {logging_mixin.py:190} INFO - [2024-11-11T03:22:06.880+0000] {dag.py:4180} INFO - Setting next_dagrun for example_xcom_args to None, run_after=None
[2024-11-11T03:22:06.882+0000] {logging_mixin.py:190} INFO - [2024-11-11T03:22:06.882+0000] {dag.py:4180} INFO - Setting next_dagrun for example_xcom_args_with_operators to None, run_after=None
[2024-11-11T03:22:06.889+0000] {processor.py:208} INFO - Processing /home/airflow/.local/lib/python3.12/site-packages/airflow/example_dags/example_xcomargs.py took 0.045 seconds
[2024-11-11T03:22:38.071+0000] {processor.py:186} INFO - Started process (PID=5829) to work on /home/airflow/.local/lib/python3.12/site-packages/airflow/example_dags/example_xcomargs.py
[2024-11-11T03:22:38.072+0000] {processor.py:914} INFO - Processing file /home/airflow/.local/lib/python3.12/site-packages/airflow/example_dags/example_xcomargs.py for tasks to queue
[2024-11-11T03:22:38.073+0000] {logging_mixin.py:190} INFO - [2024-11-11T03:22:38.073+0000] {dagbag.py:588} INFO - Filling up the DagBag from /home/airflow/.local/lib/python3.12/site-packages/airflow/example_dags/example_xcomargs.py
[2024-11-11T03:22:38.079+0000] {processor.py:925} INFO - DAG(s) 'example_xcom_args_with_operators', 'example_xcom_args' retrieved from /home/airflow/.local/lib/python3.12/site-packages/airflow/example_dags/example_xcomargs.py
[2024-11-11T03:22:38.091+0000] {logging_mixin.py:190} INFO - [2024-11-11T03:22:38.091+0000] {dag.py:3239} INFO - Sync 2 DAGs
[2024-11-11T03:22:38.098+0000] {logging_mixin.py:190} INFO - [2024-11-11T03:22:38.098+0000] {dag.py:4180} INFO - Setting next_dagrun for example_xcom_args to None, run_after=None
[2024-11-11T03:22:38.100+0000] {logging_mixin.py:190} INFO - [2024-11-11T03:22:38.100+0000] {dag.py:4180} INFO - Setting next_dagrun for example_xcom_args_with_operators to None, run_after=None
[2024-11-11T03:22:38.107+0000] {processor.py:208} INFO - Processing /home/airflow/.local/lib/python3.12/site-packages/airflow/example_dags/example_xcomargs.py took 0.039 seconds
[2024-11-11T03:23:08.936+0000] {processor.py:186} INFO - Started process (PID=5892) to work on /home/airflow/.local/lib/python3.12/site-packages/airflow/example_dags/example_xcomargs.py
[2024-11-11T03:23:08.937+0000] {processor.py:914} INFO - Processing file /home/airflow/.local/lib/python3.12/site-packages/airflow/example_dags/example_xcomargs.py for tasks to queue
[2024-11-11T03:23:08.940+0000] {logging_mixin.py:190} INFO - [2024-11-11T03:23:08.940+0000] {dagbag.py:588} INFO - Filling up the DagBag from /home/airflow/.local/lib/python3.12/site-packages/airflow/example_dags/example_xcomargs.py
[2024-11-11T03:23:08.951+0000] {processor.py:925} INFO - DAG(s) 'example_xcom_args', 'example_xcom_args_with_operators' retrieved from /home/airflow/.local/lib/python3.12/site-packages/airflow/example_dags/example_xcomargs.py
[2024-11-11T03:23:08.965+0000] {logging_mixin.py:190} INFO - [2024-11-11T03:23:08.965+0000] {dag.py:3239} INFO - Sync 2 DAGs
[2024-11-11T03:23:08.973+0000] {logging_mixin.py:190} INFO - [2024-11-11T03:23:08.973+0000] {dag.py:4180} INFO - Setting next_dagrun for example_xcom_args to None, run_after=None
[2024-11-11T03:23:08.976+0000] {logging_mixin.py:190} INFO - [2024-11-11T03:23:08.976+0000] {dag.py:4180} INFO - Setting next_dagrun for example_xcom_args_with_operators to None, run_after=None
[2024-11-11T03:23:08.986+0000] {processor.py:208} INFO - Processing /home/airflow/.local/lib/python3.12/site-packages/airflow/example_dags/example_xcomargs.py took 0.054 seconds
[2024-11-11T03:23:40.014+0000] {processor.py:186} INFO - Started process (PID=5955) to work on /home/airflow/.local/lib/python3.12/site-packages/airflow/example_dags/example_xcomargs.py
[2024-11-11T03:23:40.014+0000] {processor.py:914} INFO - Processing file /home/airflow/.local/lib/python3.12/site-packages/airflow/example_dags/example_xcomargs.py for tasks to queue
[2024-11-11T03:23:40.016+0000] {logging_mixin.py:190} INFO - [2024-11-11T03:23:40.016+0000] {dagbag.py:588} INFO - Filling up the DagBag from /home/airflow/.local/lib/python3.12/site-packages/airflow/example_dags/example_xcomargs.py
[2024-11-11T03:23:40.022+0000] {processor.py:925} INFO - DAG(s) 'example_xcom_args_with_operators', 'example_xcom_args' retrieved from /home/airflow/.local/lib/python3.12/site-packages/airflow/example_dags/example_xcomargs.py
[2024-11-11T03:23:40.034+0000] {logging_mixin.py:190} INFO - [2024-11-11T03:23:40.034+0000] {dag.py:3239} INFO - Sync 2 DAGs
[2024-11-11T03:23:40.042+0000] {logging_mixin.py:190} INFO - [2024-11-11T03:23:40.042+0000] {dag.py:4180} INFO - Setting next_dagrun for example_xcom_args to None, run_after=None
[2024-11-11T03:23:40.044+0000] {logging_mixin.py:190} INFO - [2024-11-11T03:23:40.044+0000] {dag.py:4180} INFO - Setting next_dagrun for example_xcom_args_with_operators to None, run_after=None
[2024-11-11T03:23:40.052+0000] {processor.py:208} INFO - Processing /home/airflow/.local/lib/python3.12/site-packages/airflow/example_dags/example_xcomargs.py took 0.042 seconds
[2024-11-11T03:24:10.634+0000] {processor.py:186} INFO - Started process (PID=6018) to work on /home/airflow/.local/lib/python3.12/site-packages/airflow/example_dags/example_xcomargs.py
[2024-11-11T03:24:10.635+0000] {processor.py:914} INFO - Processing file /home/airflow/.local/lib/python3.12/site-packages/airflow/example_dags/example_xcomargs.py for tasks to queue
[2024-11-11T03:24:10.636+0000] {logging_mixin.py:190} INFO - [2024-11-11T03:24:10.636+0000] {dagbag.py:588} INFO - Filling up the DagBag from /home/airflow/.local/lib/python3.12/site-packages/airflow/example_dags/example_xcomargs.py
[2024-11-11T03:24:10.642+0000] {processor.py:925} INFO - DAG(s) 'example_xcom_args_with_operators', 'example_xcom_args' retrieved from /home/airflow/.local/lib/python3.12/site-packages/airflow/example_dags/example_xcomargs.py
[2024-11-11T03:24:10.654+0000] {logging_mixin.py:190} INFO - [2024-11-11T03:24:10.654+0000] {dag.py:3239} INFO - Sync 2 DAGs
[2024-11-11T03:24:10.661+0000] {logging_mixin.py:190} INFO - [2024-11-11T03:24:10.661+0000] {dag.py:4180} INFO - Setting next_dagrun for example_xcom_args to None, run_after=None
[2024-11-11T03:24:10.664+0000] {logging_mixin.py:190} INFO - [2024-11-11T03:24:10.663+0000] {dag.py:4180} INFO - Setting next_dagrun for example_xcom_args_with_operators to None, run_after=None
[2024-11-11T03:24:10.672+0000] {processor.py:208} INFO - Processing /home/airflow/.local/lib/python3.12/site-packages/airflow/example_dags/example_xcomargs.py took 0.041 seconds
[2024-11-11T03:24:41.551+0000] {processor.py:186} INFO - Started process (PID=6080) to work on /home/airflow/.local/lib/python3.12/site-packages/airflow/example_dags/example_xcomargs.py
[2024-11-11T03:24:41.553+0000] {processor.py:914} INFO - Processing file /home/airflow/.local/lib/python3.12/site-packages/airflow/example_dags/example_xcomargs.py for tasks to queue
[2024-11-11T03:24:41.554+0000] {logging_mixin.py:190} INFO - [2024-11-11T03:24:41.554+0000] {dagbag.py:588} INFO - Filling up the DagBag from /home/airflow/.local/lib/python3.12/site-packages/airflow/example_dags/example_xcomargs.py
[2024-11-11T03:24:41.561+0000] {processor.py:925} INFO - DAG(s) 'example_xcom_args', 'example_xcom_args_with_operators' retrieved from /home/airflow/.local/lib/python3.12/site-packages/airflow/example_dags/example_xcomargs.py
[2024-11-11T03:24:41.574+0000] {logging_mixin.py:190} INFO - [2024-11-11T03:24:41.574+0000] {dag.py:3239} INFO - Sync 2 DAGs
[2024-11-11T03:24:41.582+0000] {logging_mixin.py:190} INFO - [2024-11-11T03:24:41.582+0000] {dag.py:4180} INFO - Setting next_dagrun for example_xcom_args to None, run_after=None
[2024-11-11T03:24:41.584+0000] {logging_mixin.py:190} INFO - [2024-11-11T03:24:41.584+0000] {dag.py:4180} INFO - Setting next_dagrun for example_xcom_args_with_operators to None, run_after=None
[2024-11-11T03:24:41.591+0000] {processor.py:208} INFO - Processing /home/airflow/.local/lib/python3.12/site-packages/airflow/example_dags/example_xcomargs.py took 0.044 seconds
[2024-11-11T03:25:12.249+0000] {processor.py:186} INFO - Started process (PID=6143) to work on /home/airflow/.local/lib/python3.12/site-packages/airflow/example_dags/example_xcomargs.py
[2024-11-11T03:25:12.250+0000] {processor.py:914} INFO - Processing file /home/airflow/.local/lib/python3.12/site-packages/airflow/example_dags/example_xcomargs.py for tasks to queue
[2024-11-11T03:25:12.252+0000] {logging_mixin.py:190} INFO - [2024-11-11T03:25:12.251+0000] {dagbag.py:588} INFO - Filling up the DagBag from /home/airflow/.local/lib/python3.12/site-packages/airflow/example_dags/example_xcomargs.py
[2024-11-11T03:25:12.258+0000] {processor.py:925} INFO - DAG(s) 'example_xcom_args', 'example_xcom_args_with_operators' retrieved from /home/airflow/.local/lib/python3.12/site-packages/airflow/example_dags/example_xcomargs.py
[2024-11-11T03:25:12.345+0000] {logging_mixin.py:190} INFO - [2024-11-11T03:25:12.345+0000] {dag.py:3239} INFO - Sync 2 DAGs
[2024-11-11T03:25:12.360+0000] {logging_mixin.py:190} INFO - [2024-11-11T03:25:12.359+0000] {dag.py:4180} INFO - Setting next_dagrun for example_xcom_args to None, run_after=None
[2024-11-11T03:25:12.366+0000] {logging_mixin.py:190} INFO - [2024-11-11T03:25:12.365+0000] {dag.py:4180} INFO - Setting next_dagrun for example_xcom_args_with_operators to None, run_after=None
[2024-11-11T03:25:12.382+0000] {processor.py:208} INFO - Processing /home/airflow/.local/lib/python3.12/site-packages/airflow/example_dags/example_xcomargs.py took 0.137 seconds
[2024-11-11T03:25:43.327+0000] {processor.py:186} INFO - Started process (PID=6206) to work on /home/airflow/.local/lib/python3.12/site-packages/airflow/example_dags/example_xcomargs.py
[2024-11-11T03:25:43.327+0000] {processor.py:914} INFO - Processing file /home/airflow/.local/lib/python3.12/site-packages/airflow/example_dags/example_xcomargs.py for tasks to queue
[2024-11-11T03:25:43.329+0000] {logging_mixin.py:190} INFO - [2024-11-11T03:25:43.329+0000] {dagbag.py:588} INFO - Filling up the DagBag from /home/airflow/.local/lib/python3.12/site-packages/airflow/example_dags/example_xcomargs.py
[2024-11-11T03:25:43.335+0000] {processor.py:925} INFO - DAG(s) 'example_xcom_args_with_operators', 'example_xcom_args' retrieved from /home/airflow/.local/lib/python3.12/site-packages/airflow/example_dags/example_xcomargs.py
[2024-11-11T03:25:43.348+0000] {logging_mixin.py:190} INFO - [2024-11-11T03:25:43.348+0000] {dag.py:3239} INFO - Sync 2 DAGs
[2024-11-11T03:25:43.355+0000] {logging_mixin.py:190} INFO - [2024-11-11T03:25:43.355+0000] {dag.py:4180} INFO - Setting next_dagrun for example_xcom_args to None, run_after=None
[2024-11-11T03:25:43.357+0000] {logging_mixin.py:190} INFO - [2024-11-11T03:25:43.357+0000] {dag.py:4180} INFO - Setting next_dagrun for example_xcom_args_with_operators to None, run_after=None
[2024-11-11T03:25:43.365+0000] {processor.py:208} INFO - Processing /home/airflow/.local/lib/python3.12/site-packages/airflow/example_dags/example_xcomargs.py took 0.041 seconds
[2024-11-11T03:26:14.036+0000] {processor.py:186} INFO - Started process (PID=6269) to work on /home/airflow/.local/lib/python3.12/site-packages/airflow/example_dags/example_xcomargs.py
[2024-11-11T03:26:14.037+0000] {processor.py:914} INFO - Processing file /home/airflow/.local/lib/python3.12/site-packages/airflow/example_dags/example_xcomargs.py for tasks to queue
[2024-11-11T03:26:14.039+0000] {logging_mixin.py:190} INFO - [2024-11-11T03:26:14.039+0000] {dagbag.py:588} INFO - Filling up the DagBag from /home/airflow/.local/lib/python3.12/site-packages/airflow/example_dags/example_xcomargs.py
[2024-11-11T03:26:14.044+0000] {processor.py:925} INFO - DAG(s) 'example_xcom_args', 'example_xcom_args_with_operators' retrieved from /home/airflow/.local/lib/python3.12/site-packages/airflow/example_dags/example_xcomargs.py
[2024-11-11T03:26:14.057+0000] {logging_mixin.py:190} INFO - [2024-11-11T03:26:14.057+0000] {dag.py:3239} INFO - Sync 2 DAGs
[2024-11-11T03:26:14.064+0000] {logging_mixin.py:190} INFO - [2024-11-11T03:26:14.064+0000] {dag.py:4180} INFO - Setting next_dagrun for example_xcom_args to None, run_after=None
[2024-11-11T03:26:14.066+0000] {logging_mixin.py:190} INFO - [2024-11-11T03:26:14.066+0000] {dag.py:4180} INFO - Setting next_dagrun for example_xcom_args_with_operators to None, run_after=None
[2024-11-11T03:26:14.074+0000] {processor.py:208} INFO - Processing /home/airflow/.local/lib/python3.12/site-packages/airflow/example_dags/example_xcomargs.py took 0.041 seconds
[2024-11-11T03:26:44.828+0000] {processor.py:186} INFO - Started process (PID=6332) to work on /home/airflow/.local/lib/python3.12/site-packages/airflow/example_dags/example_xcomargs.py
[2024-11-11T03:26:44.828+0000] {processor.py:914} INFO - Processing file /home/airflow/.local/lib/python3.12/site-packages/airflow/example_dags/example_xcomargs.py for tasks to queue
[2024-11-11T03:26:44.829+0000] {logging_mixin.py:190} INFO - [2024-11-11T03:26:44.829+0000] {dagbag.py:588} INFO - Filling up the DagBag from /home/airflow/.local/lib/python3.12/site-packages/airflow/example_dags/example_xcomargs.py
[2024-11-11T03:26:44.835+0000] {processor.py:925} INFO - DAG(s) 'example_xcom_args', 'example_xcom_args_with_operators' retrieved from /home/airflow/.local/lib/python3.12/site-packages/airflow/example_dags/example_xcomargs.py
[2024-11-11T03:26:44.846+0000] {logging_mixin.py:190} INFO - [2024-11-11T03:26:44.846+0000] {dag.py:3239} INFO - Sync 2 DAGs
[2024-11-11T03:26:44.854+0000] {logging_mixin.py:190} INFO - [2024-11-11T03:26:44.853+0000] {dag.py:4180} INFO - Setting next_dagrun for example_xcom_args to None, run_after=None
[2024-11-11T03:26:44.855+0000] {logging_mixin.py:190} INFO - [2024-11-11T03:26:44.855+0000] {dag.py:4180} INFO - Setting next_dagrun for example_xcom_args_with_operators to None, run_after=None
[2024-11-11T03:26:44.863+0000] {processor.py:208} INFO - Processing /home/airflow/.local/lib/python3.12/site-packages/airflow/example_dags/example_xcomargs.py took 0.039 seconds
[2024-11-11T03:27:15.682+0000] {processor.py:186} INFO - Started process (PID=6395) to work on /home/airflow/.local/lib/python3.12/site-packages/airflow/example_dags/example_xcomargs.py
[2024-11-11T03:27:15.683+0000] {processor.py:914} INFO - Processing file /home/airflow/.local/lib/python3.12/site-packages/airflow/example_dags/example_xcomargs.py for tasks to queue
[2024-11-11T03:27:15.685+0000] {logging_mixin.py:190} INFO - [2024-11-11T03:27:15.684+0000] {dagbag.py:588} INFO - Filling up the DagBag from /home/airflow/.local/lib/python3.12/site-packages/airflow/example_dags/example_xcomargs.py
[2024-11-11T03:27:15.691+0000] {processor.py:925} INFO - DAG(s) 'example_xcom_args_with_operators', 'example_xcom_args' retrieved from /home/airflow/.local/lib/python3.12/site-packages/airflow/example_dags/example_xcomargs.py
[2024-11-11T03:27:15.705+0000] {logging_mixin.py:190} INFO - [2024-11-11T03:27:15.705+0000] {dag.py:3239} INFO - Sync 2 DAGs
[2024-11-11T03:27:15.714+0000] {logging_mixin.py:190} INFO - [2024-11-11T03:27:15.714+0000] {dag.py:4180} INFO - Setting next_dagrun for example_xcom_args to None, run_after=None
[2024-11-11T03:27:15.716+0000] {logging_mixin.py:190} INFO - [2024-11-11T03:27:15.716+0000] {dag.py:4180} INFO - Setting next_dagrun for example_xcom_args_with_operators to None, run_after=None
[2024-11-11T03:27:15.726+0000] {processor.py:208} INFO - Processing /home/airflow/.local/lib/python3.12/site-packages/airflow/example_dags/example_xcomargs.py took 0.048 seconds
[2024-11-11T03:27:46.473+0000] {processor.py:186} INFO - Started process (PID=6458) to work on /home/airflow/.local/lib/python3.12/site-packages/airflow/example_dags/example_xcomargs.py
[2024-11-11T03:27:46.474+0000] {processor.py:914} INFO - Processing file /home/airflow/.local/lib/python3.12/site-packages/airflow/example_dags/example_xcomargs.py for tasks to queue
[2024-11-11T03:27:46.476+0000] {logging_mixin.py:190} INFO - [2024-11-11T03:27:46.475+0000] {dagbag.py:588} INFO - Filling up the DagBag from /home/airflow/.local/lib/python3.12/site-packages/airflow/example_dags/example_xcomargs.py
[2024-11-11T03:27:46.483+0000] {processor.py:925} INFO - DAG(s) 'example_xcom_args', 'example_xcom_args_with_operators' retrieved from /home/airflow/.local/lib/python3.12/site-packages/airflow/example_dags/example_xcomargs.py
[2024-11-11T03:27:46.499+0000] {logging_mixin.py:190} INFO - [2024-11-11T03:27:46.499+0000] {dag.py:3239} INFO - Sync 2 DAGs
[2024-11-11T03:27:46.507+0000] {logging_mixin.py:190} INFO - [2024-11-11T03:27:46.507+0000] {dag.py:4180} INFO - Setting next_dagrun for example_xcom_args to None, run_after=None
[2024-11-11T03:27:46.510+0000] {logging_mixin.py:190} INFO - [2024-11-11T03:27:46.510+0000] {dag.py:4180} INFO - Setting next_dagrun for example_xcom_args_with_operators to None, run_after=None
[2024-11-11T03:27:46.519+0000] {processor.py:208} INFO - Processing /home/airflow/.local/lib/python3.12/site-packages/airflow/example_dags/example_xcomargs.py took 0.051 seconds
[2024-11-11T03:28:17.136+0000] {processor.py:186} INFO - Started process (PID=6521) to work on /home/airflow/.local/lib/python3.12/site-packages/airflow/example_dags/example_xcomargs.py
[2024-11-11T03:28:17.137+0000] {processor.py:914} INFO - Processing file /home/airflow/.local/lib/python3.12/site-packages/airflow/example_dags/example_xcomargs.py for tasks to queue
[2024-11-11T03:28:17.140+0000] {logging_mixin.py:190} INFO - [2024-11-11T03:28:17.139+0000] {dagbag.py:588} INFO - Filling up the DagBag from /home/airflow/.local/lib/python3.12/site-packages/airflow/example_dags/example_xcomargs.py
[2024-11-11T03:28:17.146+0000] {processor.py:925} INFO - DAG(s) 'example_xcom_args_with_operators', 'example_xcom_args' retrieved from /home/airflow/.local/lib/python3.12/site-packages/airflow/example_dags/example_xcomargs.py
[2024-11-11T03:28:17.160+0000] {logging_mixin.py:190} INFO - [2024-11-11T03:28:17.160+0000] {dag.py:3239} INFO - Sync 2 DAGs
[2024-11-11T03:28:17.167+0000] {logging_mixin.py:190} INFO - [2024-11-11T03:28:17.167+0000] {dag.py:4180} INFO - Setting next_dagrun for example_xcom_args to None, run_after=None
[2024-11-11T03:28:17.170+0000] {logging_mixin.py:190} INFO - [2024-11-11T03:28:17.170+0000] {dag.py:4180} INFO - Setting next_dagrun for example_xcom_args_with_operators to None, run_after=None
[2024-11-11T03:28:17.179+0000] {processor.py:208} INFO - Processing /home/airflow/.local/lib/python3.12/site-packages/airflow/example_dags/example_xcomargs.py took 0.046 seconds
[2024-11-11T03:28:47.870+0000] {processor.py:186} INFO - Started process (PID=6583) to work on /home/airflow/.local/lib/python3.12/site-packages/airflow/example_dags/example_xcomargs.py
[2024-11-11T03:28:47.871+0000] {processor.py:914} INFO - Processing file /home/airflow/.local/lib/python3.12/site-packages/airflow/example_dags/example_xcomargs.py for tasks to queue
[2024-11-11T03:28:47.872+0000] {logging_mixin.py:190} INFO - [2024-11-11T03:28:47.872+0000] {dagbag.py:588} INFO - Filling up the DagBag from /home/airflow/.local/lib/python3.12/site-packages/airflow/example_dags/example_xcomargs.py
[2024-11-11T03:28:47.878+0000] {processor.py:925} INFO - DAG(s) 'example_xcom_args', 'example_xcom_args_with_operators' retrieved from /home/airflow/.local/lib/python3.12/site-packages/airflow/example_dags/example_xcomargs.py
[2024-11-11T03:28:47.889+0000] {logging_mixin.py:190} INFO - [2024-11-11T03:28:47.889+0000] {dag.py:3239} INFO - Sync 2 DAGs
[2024-11-11T03:28:47.897+0000] {logging_mixin.py:190} INFO - [2024-11-11T03:28:47.896+0000] {dag.py:4180} INFO - Setting next_dagrun for example_xcom_args to None, run_after=None
[2024-11-11T03:28:47.898+0000] {logging_mixin.py:190} INFO - [2024-11-11T03:28:47.898+0000] {dag.py:4180} INFO - Setting next_dagrun for example_xcom_args_with_operators to None, run_after=None
[2024-11-11T03:28:47.906+0000] {processor.py:208} INFO - Processing /home/airflow/.local/lib/python3.12/site-packages/airflow/example_dags/example_xcomargs.py took 0.038 seconds
[2024-11-11T03:29:18.925+0000] {processor.py:186} INFO - Started process (PID=6647) to work on /home/airflow/.local/lib/python3.12/site-packages/airflow/example_dags/example_xcomargs.py
[2024-11-11T03:29:18.925+0000] {processor.py:914} INFO - Processing file /home/airflow/.local/lib/python3.12/site-packages/airflow/example_dags/example_xcomargs.py for tasks to queue
[2024-11-11T03:29:18.927+0000] {logging_mixin.py:190} INFO - [2024-11-11T03:29:18.927+0000] {dagbag.py:588} INFO - Filling up the DagBag from /home/airflow/.local/lib/python3.12/site-packages/airflow/example_dags/example_xcomargs.py
[2024-11-11T03:29:18.933+0000] {processor.py:925} INFO - DAG(s) 'example_xcom_args', 'example_xcom_args_with_operators' retrieved from /home/airflow/.local/lib/python3.12/site-packages/airflow/example_dags/example_xcomargs.py
[2024-11-11T03:29:18.947+0000] {logging_mixin.py:190} INFO - [2024-11-11T03:29:18.947+0000] {dag.py:3239} INFO - Sync 2 DAGs
[2024-11-11T03:29:18.955+0000] {logging_mixin.py:190} INFO - [2024-11-11T03:29:18.955+0000] {dag.py:4180} INFO - Setting next_dagrun for example_xcom_args to None, run_after=None
[2024-11-11T03:29:18.957+0000] {logging_mixin.py:190} INFO - [2024-11-11T03:29:18.957+0000] {dag.py:4180} INFO - Setting next_dagrun for example_xcom_args_with_operators to None, run_after=None
[2024-11-11T03:29:18.966+0000] {processor.py:208} INFO - Processing /home/airflow/.local/lib/python3.12/site-packages/airflow/example_dags/example_xcomargs.py took 0.046 seconds
[2024-11-11T03:29:49.861+0000] {processor.py:186} INFO - Started process (PID=6709) to work on /home/airflow/.local/lib/python3.12/site-packages/airflow/example_dags/example_xcomargs.py
[2024-11-11T03:29:49.862+0000] {processor.py:914} INFO - Processing file /home/airflow/.local/lib/python3.12/site-packages/airflow/example_dags/example_xcomargs.py for tasks to queue
[2024-11-11T03:29:49.863+0000] {logging_mixin.py:190} INFO - [2024-11-11T03:29:49.863+0000] {dagbag.py:588} INFO - Filling up the DagBag from /home/airflow/.local/lib/python3.12/site-packages/airflow/example_dags/example_xcomargs.py
[2024-11-11T03:29:49.869+0000] {processor.py:925} INFO - DAG(s) 'example_xcom_args', 'example_xcom_args_with_operators' retrieved from /home/airflow/.local/lib/python3.12/site-packages/airflow/example_dags/example_xcomargs.py
[2024-11-11T03:29:49.883+0000] {logging_mixin.py:190} INFO - [2024-11-11T03:29:49.883+0000] {dag.py:3239} INFO - Sync 2 DAGs
[2024-11-11T03:29:49.891+0000] {logging_mixin.py:190} INFO - [2024-11-11T03:29:49.890+0000] {dag.py:4180} INFO - Setting next_dagrun for example_xcom_args to None, run_after=None
[2024-11-11T03:29:49.894+0000] {logging_mixin.py:190} INFO - [2024-11-11T03:29:49.894+0000] {dag.py:4180} INFO - Setting next_dagrun for example_xcom_args_with_operators to None, run_after=None
[2024-11-11T03:29:49.908+0000] {processor.py:208} INFO - Processing /home/airflow/.local/lib/python3.12/site-packages/airflow/example_dags/example_xcomargs.py took 0.051 seconds
[2024-11-11T03:30:20.887+0000] {processor.py:186} INFO - Started process (PID=6772) to work on /home/airflow/.local/lib/python3.12/site-packages/airflow/example_dags/example_xcomargs.py
[2024-11-11T03:30:20.888+0000] {processor.py:914} INFO - Processing file /home/airflow/.local/lib/python3.12/site-packages/airflow/example_dags/example_xcomargs.py for tasks to queue
[2024-11-11T03:30:20.890+0000] {logging_mixin.py:190} INFO - [2024-11-11T03:30:20.890+0000] {dagbag.py:588} INFO - Filling up the DagBag from /home/airflow/.local/lib/python3.12/site-packages/airflow/example_dags/example_xcomargs.py
[2024-11-11T03:30:20.896+0000] {processor.py:925} INFO - DAG(s) 'example_xcom_args', 'example_xcom_args_with_operators' retrieved from /home/airflow/.local/lib/python3.12/site-packages/airflow/example_dags/example_xcomargs.py
[2024-11-11T03:30:20.910+0000] {logging_mixin.py:190} INFO - [2024-11-11T03:30:20.910+0000] {dag.py:3239} INFO - Sync 2 DAGs
[2024-11-11T03:30:20.918+0000] {logging_mixin.py:190} INFO - [2024-11-11T03:30:20.918+0000] {dag.py:4180} INFO - Setting next_dagrun for example_xcom_args to None, run_after=None
[2024-11-11T03:30:20.920+0000] {logging_mixin.py:190} INFO - [2024-11-11T03:30:20.920+0000] {dag.py:4180} INFO - Setting next_dagrun for example_xcom_args_with_operators to None, run_after=None
[2024-11-11T03:30:20.930+0000] {processor.py:208} INFO - Processing /home/airflow/.local/lib/python3.12/site-packages/airflow/example_dags/example_xcomargs.py took 0.047 seconds
[2024-11-11T03:30:51.948+0000] {processor.py:186} INFO - Started process (PID=6835) to work on /home/airflow/.local/lib/python3.12/site-packages/airflow/example_dags/example_xcomargs.py
[2024-11-11T03:30:51.949+0000] {processor.py:914} INFO - Processing file /home/airflow/.local/lib/python3.12/site-packages/airflow/example_dags/example_xcomargs.py for tasks to queue
[2024-11-11T03:30:51.951+0000] {logging_mixin.py:190} INFO - [2024-11-11T03:30:51.950+0000] {dagbag.py:588} INFO - Filling up the DagBag from /home/airflow/.local/lib/python3.12/site-packages/airflow/example_dags/example_xcomargs.py
[2024-11-11T03:30:51.957+0000] {processor.py:925} INFO - DAG(s) 'example_xcom_args', 'example_xcom_args_with_operators' retrieved from /home/airflow/.local/lib/python3.12/site-packages/airflow/example_dags/example_xcomargs.py
[2024-11-11T03:30:51.971+0000] {logging_mixin.py:190} INFO - [2024-11-11T03:30:51.971+0000] {dag.py:3239} INFO - Sync 2 DAGs
[2024-11-11T03:30:51.980+0000] {logging_mixin.py:190} INFO - [2024-11-11T03:30:51.980+0000] {dag.py:4180} INFO - Setting next_dagrun for example_xcom_args to None, run_after=None
[2024-11-11T03:30:51.983+0000] {logging_mixin.py:190} INFO - [2024-11-11T03:30:51.983+0000] {dag.py:4180} INFO - Setting next_dagrun for example_xcom_args_with_operators to None, run_after=None
[2024-11-11T03:30:51.992+0000] {processor.py:208} INFO - Processing /home/airflow/.local/lib/python3.12/site-packages/airflow/example_dags/example_xcomargs.py took 0.048 seconds
[2024-11-11T03:31:22.857+0000] {processor.py:186} INFO - Started process (PID=6898) to work on /home/airflow/.local/lib/python3.12/site-packages/airflow/example_dags/example_xcomargs.py
[2024-11-11T03:31:22.858+0000] {processor.py:914} INFO - Processing file /home/airflow/.local/lib/python3.12/site-packages/airflow/example_dags/example_xcomargs.py for tasks to queue
[2024-11-11T03:31:22.859+0000] {logging_mixin.py:190} INFO - [2024-11-11T03:31:22.859+0000] {dagbag.py:588} INFO - Filling up the DagBag from /home/airflow/.local/lib/python3.12/site-packages/airflow/example_dags/example_xcomargs.py
[2024-11-11T03:31:22.865+0000] {processor.py:925} INFO - DAG(s) 'example_xcom_args', 'example_xcom_args_with_operators' retrieved from /home/airflow/.local/lib/python3.12/site-packages/airflow/example_dags/example_xcomargs.py
[2024-11-11T03:31:22.878+0000] {logging_mixin.py:190} INFO - [2024-11-11T03:31:22.878+0000] {dag.py:3239} INFO - Sync 2 DAGs
[2024-11-11T03:31:22.885+0000] {logging_mixin.py:190} INFO - [2024-11-11T03:31:22.885+0000] {dag.py:4180} INFO - Setting next_dagrun for example_xcom_args to None, run_after=None
[2024-11-11T03:31:22.887+0000] {logging_mixin.py:190} INFO - [2024-11-11T03:31:22.887+0000] {dag.py:4180} INFO - Setting next_dagrun for example_xcom_args_with_operators to None, run_after=None
[2024-11-11T03:31:22.894+0000] {processor.py:208} INFO - Processing /home/airflow/.local/lib/python3.12/site-packages/airflow/example_dags/example_xcomargs.py took 0.041 seconds
[2024-11-11T03:31:53.975+0000] {processor.py:186} INFO - Started process (PID=6961) to work on /home/airflow/.local/lib/python3.12/site-packages/airflow/example_dags/example_xcomargs.py
[2024-11-11T03:31:53.976+0000] {processor.py:914} INFO - Processing file /home/airflow/.local/lib/python3.12/site-packages/airflow/example_dags/example_xcomargs.py for tasks to queue
[2024-11-11T03:31:53.978+0000] {logging_mixin.py:190} INFO - [2024-11-11T03:31:53.978+0000] {dagbag.py:588} INFO - Filling up the DagBag from /home/airflow/.local/lib/python3.12/site-packages/airflow/example_dags/example_xcomargs.py
[2024-11-11T03:31:53.984+0000] {processor.py:925} INFO - DAG(s) 'example_xcom_args_with_operators', 'example_xcom_args' retrieved from /home/airflow/.local/lib/python3.12/site-packages/airflow/example_dags/example_xcomargs.py
[2024-11-11T03:31:53.998+0000] {logging_mixin.py:190} INFO - [2024-11-11T03:31:53.997+0000] {dag.py:3239} INFO - Sync 2 DAGs
[2024-11-11T03:31:54.005+0000] {logging_mixin.py:190} INFO - [2024-11-11T03:31:54.005+0000] {dag.py:4180} INFO - Setting next_dagrun for example_xcom_args to None, run_after=None
[2024-11-11T03:31:54.010+0000] {logging_mixin.py:190} INFO - [2024-11-11T03:31:54.009+0000] {dag.py:4180} INFO - Setting next_dagrun for example_xcom_args_with_operators to None, run_after=None
[2024-11-11T03:31:54.018+0000] {processor.py:208} INFO - Processing /home/airflow/.local/lib/python3.12/site-packages/airflow/example_dags/example_xcomargs.py took 0.047 seconds
[2024-11-11T03:32:25.308+0000] {processor.py:186} INFO - Started process (PID=7024) to work on /home/airflow/.local/lib/python3.12/site-packages/airflow/example_dags/example_xcomargs.py
[2024-11-11T03:32:25.309+0000] {processor.py:914} INFO - Processing file /home/airflow/.local/lib/python3.12/site-packages/airflow/example_dags/example_xcomargs.py for tasks to queue
[2024-11-11T03:32:25.310+0000] {logging_mixin.py:190} INFO - [2024-11-11T03:32:25.310+0000] {dagbag.py:588} INFO - Filling up the DagBag from /home/airflow/.local/lib/python3.12/site-packages/airflow/example_dags/example_xcomargs.py
[2024-11-11T03:32:25.316+0000] {processor.py:925} INFO - DAG(s) 'example_xcom_args', 'example_xcom_args_with_operators' retrieved from /home/airflow/.local/lib/python3.12/site-packages/airflow/example_dags/example_xcomargs.py
[2024-11-11T03:32:25.329+0000] {logging_mixin.py:190} INFO - [2024-11-11T03:32:25.329+0000] {dag.py:3239} INFO - Sync 2 DAGs
[2024-11-11T03:32:25.337+0000] {logging_mixin.py:190} INFO - [2024-11-11T03:32:25.337+0000] {dag.py:4180} INFO - Setting next_dagrun for example_xcom_args to None, run_after=None
[2024-11-11T03:32:25.339+0000] {logging_mixin.py:190} INFO - [2024-11-11T03:32:25.339+0000] {dag.py:4180} INFO - Setting next_dagrun for example_xcom_args_with_operators to None, run_after=None
[2024-11-11T03:32:25.347+0000] {processor.py:208} INFO - Processing /home/airflow/.local/lib/python3.12/site-packages/airflow/example_dags/example_xcomargs.py took 0.042 seconds
[2024-11-11T03:32:56.191+0000] {processor.py:186} INFO - Started process (PID=7088) to work on /home/airflow/.local/lib/python3.12/site-packages/airflow/example_dags/example_xcomargs.py
[2024-11-11T03:32:56.192+0000] {processor.py:914} INFO - Processing file /home/airflow/.local/lib/python3.12/site-packages/airflow/example_dags/example_xcomargs.py for tasks to queue
[2024-11-11T03:32:56.194+0000] {logging_mixin.py:190} INFO - [2024-11-11T03:32:56.194+0000] {dagbag.py:588} INFO - Filling up the DagBag from /home/airflow/.local/lib/python3.12/site-packages/airflow/example_dags/example_xcomargs.py
[2024-11-11T03:32:56.201+0000] {processor.py:925} INFO - DAG(s) 'example_xcom_args', 'example_xcom_args_with_operators' retrieved from /home/airflow/.local/lib/python3.12/site-packages/airflow/example_dags/example_xcomargs.py
[2024-11-11T03:32:56.216+0000] {logging_mixin.py:190} INFO - [2024-11-11T03:32:56.216+0000] {dag.py:3239} INFO - Sync 2 DAGs
[2024-11-11T03:32:56.223+0000] {logging_mixin.py:190} INFO - [2024-11-11T03:32:56.223+0000] {dag.py:4180} INFO - Setting next_dagrun for example_xcom_args to None, run_after=None
[2024-11-11T03:32:56.226+0000] {logging_mixin.py:190} INFO - [2024-11-11T03:32:56.226+0000] {dag.py:4180} INFO - Setting next_dagrun for example_xcom_args_with_operators to None, run_after=None
[2024-11-11T03:32:56.235+0000] {processor.py:208} INFO - Processing /home/airflow/.local/lib/python3.12/site-packages/airflow/example_dags/example_xcomargs.py took 0.048 seconds
[2024-11-11T03:33:26.887+0000] {processor.py:186} INFO - Started process (PID=7151) to work on /home/airflow/.local/lib/python3.12/site-packages/airflow/example_dags/example_xcomargs.py
[2024-11-11T03:33:26.888+0000] {processor.py:914} INFO - Processing file /home/airflow/.local/lib/python3.12/site-packages/airflow/example_dags/example_xcomargs.py for tasks to queue
[2024-11-11T03:33:26.890+0000] {logging_mixin.py:190} INFO - [2024-11-11T03:33:26.890+0000] {dagbag.py:588} INFO - Filling up the DagBag from /home/airflow/.local/lib/python3.12/site-packages/airflow/example_dags/example_xcomargs.py
[2024-11-11T03:33:26.895+0000] {processor.py:925} INFO - DAG(s) 'example_xcom_args_with_operators', 'example_xcom_args' retrieved from /home/airflow/.local/lib/python3.12/site-packages/airflow/example_dags/example_xcomargs.py
[2024-11-11T03:33:26.907+0000] {logging_mixin.py:190} INFO - [2024-11-11T03:33:26.907+0000] {dag.py:3239} INFO - Sync 2 DAGs
[2024-11-11T03:33:26.915+0000] {logging_mixin.py:190} INFO - [2024-11-11T03:33:26.914+0000] {dag.py:4180} INFO - Setting next_dagrun for example_xcom_args to None, run_after=None
[2024-11-11T03:33:26.917+0000] {logging_mixin.py:190} INFO - [2024-11-11T03:33:26.917+0000] {dag.py:4180} INFO - Setting next_dagrun for example_xcom_args_with_operators to None, run_after=None
[2024-11-11T03:33:26.924+0000] {processor.py:208} INFO - Processing /home/airflow/.local/lib/python3.12/site-packages/airflow/example_dags/example_xcomargs.py took 0.040 seconds
[2024-11-11T03:33:57.638+0000] {processor.py:186} INFO - Started process (PID=7214) to work on /home/airflow/.local/lib/python3.12/site-packages/airflow/example_dags/example_xcomargs.py
[2024-11-11T03:33:57.639+0000] {processor.py:914} INFO - Processing file /home/airflow/.local/lib/python3.12/site-packages/airflow/example_dags/example_xcomargs.py for tasks to queue
[2024-11-11T03:33:57.641+0000] {logging_mixin.py:190} INFO - [2024-11-11T03:33:57.640+0000] {dagbag.py:588} INFO - Filling up the DagBag from /home/airflow/.local/lib/python3.12/site-packages/airflow/example_dags/example_xcomargs.py
[2024-11-11T03:33:57.647+0000] {processor.py:925} INFO - DAG(s) 'example_xcom_args', 'example_xcom_args_with_operators' retrieved from /home/airflow/.local/lib/python3.12/site-packages/airflow/example_dags/example_xcomargs.py
[2024-11-11T03:33:57.658+0000] {logging_mixin.py:190} INFO - [2024-11-11T03:33:57.658+0000] {dag.py:3239} INFO - Sync 2 DAGs
[2024-11-11T03:33:57.666+0000] {logging_mixin.py:190} INFO - [2024-11-11T03:33:57.666+0000] {dag.py:4180} INFO - Setting next_dagrun for example_xcom_args to None, run_after=None
[2024-11-11T03:33:57.668+0000] {logging_mixin.py:190} INFO - [2024-11-11T03:33:57.668+0000] {dag.py:4180} INFO - Setting next_dagrun for example_xcom_args_with_operators to None, run_after=None
[2024-11-11T03:33:57.675+0000] {processor.py:208} INFO - Processing /home/airflow/.local/lib/python3.12/site-packages/airflow/example_dags/example_xcomargs.py took 0.040 seconds
[2024-11-11T03:34:28.355+0000] {processor.py:186} INFO - Started process (PID=7276) to work on /home/airflow/.local/lib/python3.12/site-packages/airflow/example_dags/example_xcomargs.py
[2024-11-11T03:34:28.355+0000] {processor.py:914} INFO - Processing file /home/airflow/.local/lib/python3.12/site-packages/airflow/example_dags/example_xcomargs.py for tasks to queue
[2024-11-11T03:34:28.357+0000] {logging_mixin.py:190} INFO - [2024-11-11T03:34:28.357+0000] {dagbag.py:588} INFO - Filling up the DagBag from /home/airflow/.local/lib/python3.12/site-packages/airflow/example_dags/example_xcomargs.py
[2024-11-11T03:34:28.363+0000] {processor.py:925} INFO - DAG(s) 'example_xcom_args', 'example_xcom_args_with_operators' retrieved from /home/airflow/.local/lib/python3.12/site-packages/airflow/example_dags/example_xcomargs.py
[2024-11-11T03:34:28.374+0000] {logging_mixin.py:190} INFO - [2024-11-11T03:34:28.374+0000] {dag.py:3239} INFO - Sync 2 DAGs
[2024-11-11T03:34:28.382+0000] {logging_mixin.py:190} INFO - [2024-11-11T03:34:28.381+0000] {dag.py:4180} INFO - Setting next_dagrun for example_xcom_args to None, run_after=None
[2024-11-11T03:34:28.383+0000] {logging_mixin.py:190} INFO - [2024-11-11T03:34:28.383+0000] {dag.py:4180} INFO - Setting next_dagrun for example_xcom_args_with_operators to None, run_after=None
[2024-11-11T03:34:28.391+0000] {processor.py:208} INFO - Processing /home/airflow/.local/lib/python3.12/site-packages/airflow/example_dags/example_xcomargs.py took 0.039 seconds
[2024-11-11T03:34:59.138+0000] {processor.py:186} INFO - Started process (PID=7339) to work on /home/airflow/.local/lib/python3.12/site-packages/airflow/example_dags/example_xcomargs.py
[2024-11-11T03:34:59.138+0000] {processor.py:914} INFO - Processing file /home/airflow/.local/lib/python3.12/site-packages/airflow/example_dags/example_xcomargs.py for tasks to queue
[2024-11-11T03:34:59.140+0000] {logging_mixin.py:190} INFO - [2024-11-11T03:34:59.140+0000] {dagbag.py:588} INFO - Filling up the DagBag from /home/airflow/.local/lib/python3.12/site-packages/airflow/example_dags/example_xcomargs.py
[2024-11-11T03:34:59.146+0000] {processor.py:925} INFO - DAG(s) 'example_xcom_args_with_operators', 'example_xcom_args' retrieved from /home/airflow/.local/lib/python3.12/site-packages/airflow/example_dags/example_xcomargs.py
[2024-11-11T03:34:59.158+0000] {logging_mixin.py:190} INFO - [2024-11-11T03:34:59.157+0000] {dag.py:3239} INFO - Sync 2 DAGs
[2024-11-11T03:34:59.165+0000] {logging_mixin.py:190} INFO - [2024-11-11T03:34:59.165+0000] {dag.py:4180} INFO - Setting next_dagrun for example_xcom_args to None, run_after=None
[2024-11-11T03:34:59.167+0000] {logging_mixin.py:190} INFO - [2024-11-11T03:34:59.167+0000] {dag.py:4180} INFO - Setting next_dagrun for example_xcom_args_with_operators to None, run_after=None
[2024-11-11T03:34:59.174+0000] {processor.py:208} INFO - Processing /home/airflow/.local/lib/python3.12/site-packages/airflow/example_dags/example_xcomargs.py took 0.040 seconds
[2024-11-11T03:35:29.866+0000] {processor.py:186} INFO - Started process (PID=7402) to work on /home/airflow/.local/lib/python3.12/site-packages/airflow/example_dags/example_xcomargs.py
[2024-11-11T03:35:29.867+0000] {processor.py:914} INFO - Processing file /home/airflow/.local/lib/python3.12/site-packages/airflow/example_dags/example_xcomargs.py for tasks to queue
[2024-11-11T03:35:29.868+0000] {logging_mixin.py:190} INFO - [2024-11-11T03:35:29.868+0000] {dagbag.py:588} INFO - Filling up the DagBag from /home/airflow/.local/lib/python3.12/site-packages/airflow/example_dags/example_xcomargs.py
[2024-11-11T03:35:29.874+0000] {processor.py:925} INFO - DAG(s) 'example_xcom_args', 'example_xcom_args_with_operators' retrieved from /home/airflow/.local/lib/python3.12/site-packages/airflow/example_dags/example_xcomargs.py
[2024-11-11T03:35:29.886+0000] {logging_mixin.py:190} INFO - [2024-11-11T03:35:29.886+0000] {dag.py:3239} INFO - Sync 2 DAGs
[2024-11-11T03:35:29.893+0000] {logging_mixin.py:190} INFO - [2024-11-11T03:35:29.893+0000] {dag.py:4180} INFO - Setting next_dagrun for example_xcom_args to None, run_after=None
[2024-11-11T03:35:29.896+0000] {logging_mixin.py:190} INFO - [2024-11-11T03:35:29.895+0000] {dag.py:4180} INFO - Setting next_dagrun for example_xcom_args_with_operators to None, run_after=None
[2024-11-11T03:35:29.903+0000] {processor.py:208} INFO - Processing /home/airflow/.local/lib/python3.12/site-packages/airflow/example_dags/example_xcomargs.py took 0.041 seconds
[2024-11-11T03:36:00.495+0000] {processor.py:186} INFO - Started process (PID=7464) to work on /home/airflow/.local/lib/python3.12/site-packages/airflow/example_dags/example_xcomargs.py
[2024-11-11T03:36:00.496+0000] {processor.py:914} INFO - Processing file /home/airflow/.local/lib/python3.12/site-packages/airflow/example_dags/example_xcomargs.py for tasks to queue
[2024-11-11T03:36:00.497+0000] {logging_mixin.py:190} INFO - [2024-11-11T03:36:00.497+0000] {dagbag.py:588} INFO - Filling up the DagBag from /home/airflow/.local/lib/python3.12/site-packages/airflow/example_dags/example_xcomargs.py
[2024-11-11T03:36:00.503+0000] {processor.py:925} INFO - DAG(s) 'example_xcom_args_with_operators', 'example_xcom_args' retrieved from /home/airflow/.local/lib/python3.12/site-packages/airflow/example_dags/example_xcomargs.py
[2024-11-11T03:36:00.514+0000] {logging_mixin.py:190} INFO - [2024-11-11T03:36:00.514+0000] {dag.py:3239} INFO - Sync 2 DAGs
[2024-11-11T03:36:00.520+0000] {logging_mixin.py:190} INFO - [2024-11-11T03:36:00.520+0000] {dag.py:4180} INFO - Setting next_dagrun for example_xcom_args to None, run_after=None
[2024-11-11T03:36:00.522+0000] {logging_mixin.py:190} INFO - [2024-11-11T03:36:00.522+0000] {dag.py:4180} INFO - Setting next_dagrun for example_xcom_args_with_operators to None, run_after=None
[2024-11-11T03:36:00.529+0000] {processor.py:208} INFO - Processing /home/airflow/.local/lib/python3.12/site-packages/airflow/example_dags/example_xcomargs.py took 0.037 seconds
[2024-11-11T03:36:31.137+0000] {processor.py:186} INFO - Started process (PID=7527) to work on /home/airflow/.local/lib/python3.12/site-packages/airflow/example_dags/example_xcomargs.py
[2024-11-11T03:36:31.138+0000] {processor.py:914} INFO - Processing file /home/airflow/.local/lib/python3.12/site-packages/airflow/example_dags/example_xcomargs.py for tasks to queue
[2024-11-11T03:36:31.140+0000] {logging_mixin.py:190} INFO - [2024-11-11T03:36:31.139+0000] {dagbag.py:588} INFO - Filling up the DagBag from /home/airflow/.local/lib/python3.12/site-packages/airflow/example_dags/example_xcomargs.py
[2024-11-11T03:36:31.145+0000] {processor.py:925} INFO - DAG(s) 'example_xcom_args_with_operators', 'example_xcom_args' retrieved from /home/airflow/.local/lib/python3.12/site-packages/airflow/example_dags/example_xcomargs.py
[2024-11-11T03:36:31.157+0000] {logging_mixin.py:190} INFO - [2024-11-11T03:36:31.157+0000] {dag.py:3239} INFO - Sync 2 DAGs
[2024-11-11T03:36:31.164+0000] {logging_mixin.py:190} INFO - [2024-11-11T03:36:31.164+0000] {dag.py:4180} INFO - Setting next_dagrun for example_xcom_args to None, run_after=None
[2024-11-11T03:36:31.165+0000] {logging_mixin.py:190} INFO - [2024-11-11T03:36:31.165+0000] {dag.py:4180} INFO - Setting next_dagrun for example_xcom_args_with_operators to None, run_after=None
[2024-11-11T03:36:31.172+0000] {processor.py:208} INFO - Processing /home/airflow/.local/lib/python3.12/site-packages/airflow/example_dags/example_xcomargs.py took 0.038 seconds
[2024-11-11T03:37:01.749+0000] {processor.py:186} INFO - Started process (PID=7595) to work on /home/airflow/.local/lib/python3.12/site-packages/airflow/example_dags/example_xcomargs.py
[2024-11-11T03:37:01.750+0000] {processor.py:914} INFO - Processing file /home/airflow/.local/lib/python3.12/site-packages/airflow/example_dags/example_xcomargs.py for tasks to queue
[2024-11-11T03:37:01.751+0000] {logging_mixin.py:190} INFO - [2024-11-11T03:37:01.751+0000] {dagbag.py:588} INFO - Filling up the DagBag from /home/airflow/.local/lib/python3.12/site-packages/airflow/example_dags/example_xcomargs.py
[2024-11-11T03:37:01.757+0000] {processor.py:925} INFO - DAG(s) 'example_xcom_args', 'example_xcom_args_with_operators' retrieved from /home/airflow/.local/lib/python3.12/site-packages/airflow/example_dags/example_xcomargs.py
[2024-11-11T03:37:01.769+0000] {logging_mixin.py:190} INFO - [2024-11-11T03:37:01.769+0000] {dag.py:3239} INFO - Sync 2 DAGs
[2024-11-11T03:37:01.777+0000] {logging_mixin.py:190} INFO - [2024-11-11T03:37:01.776+0000] {dag.py:4180} INFO - Setting next_dagrun for example_xcom_args to None, run_after=None
[2024-11-11T03:37:01.779+0000] {logging_mixin.py:190} INFO - [2024-11-11T03:37:01.779+0000] {dag.py:4180} INFO - Setting next_dagrun for example_xcom_args_with_operators to None, run_after=None
[2024-11-11T03:37:01.786+0000] {processor.py:208} INFO - Processing /home/airflow/.local/lib/python3.12/site-packages/airflow/example_dags/example_xcomargs.py took 0.041 seconds
[2024-11-11T03:37:32.261+0000] {processor.py:186} INFO - Started process (PID=7657) to work on /home/airflow/.local/lib/python3.12/site-packages/airflow/example_dags/example_xcomargs.py
[2024-11-11T03:37:32.262+0000] {processor.py:914} INFO - Processing file /home/airflow/.local/lib/python3.12/site-packages/airflow/example_dags/example_xcomargs.py for tasks to queue
[2024-11-11T03:37:32.263+0000] {logging_mixin.py:190} INFO - [2024-11-11T03:37:32.263+0000] {dagbag.py:588} INFO - Filling up the DagBag from /home/airflow/.local/lib/python3.12/site-packages/airflow/example_dags/example_xcomargs.py
[2024-11-11T03:37:32.271+0000] {processor.py:925} INFO - DAG(s) 'example_xcom_args', 'example_xcom_args_with_operators' retrieved from /home/airflow/.local/lib/python3.12/site-packages/airflow/example_dags/example_xcomargs.py
[2024-11-11T03:37:32.288+0000] {logging_mixin.py:190} INFO - [2024-11-11T03:37:32.288+0000] {dag.py:3239} INFO - Sync 2 DAGs
[2024-11-11T03:37:32.295+0000] {logging_mixin.py:190} INFO - [2024-11-11T03:37:32.295+0000] {dag.py:4180} INFO - Setting next_dagrun for example_xcom_args to None, run_after=None
[2024-11-11T03:37:32.297+0000] {logging_mixin.py:190} INFO - [2024-11-11T03:37:32.297+0000] {dag.py:4180} INFO - Setting next_dagrun for example_xcom_args_with_operators to None, run_after=None
[2024-11-11T03:37:32.304+0000] {processor.py:208} INFO - Processing /home/airflow/.local/lib/python3.12/site-packages/airflow/example_dags/example_xcomargs.py took 0.048 seconds
[2024-11-11T03:38:03.170+0000] {processor.py:186} INFO - Started process (PID=7720) to work on /home/airflow/.local/lib/python3.12/site-packages/airflow/example_dags/example_xcomargs.py
[2024-11-11T03:38:03.170+0000] {processor.py:914} INFO - Processing file /home/airflow/.local/lib/python3.12/site-packages/airflow/example_dags/example_xcomargs.py for tasks to queue
[2024-11-11T03:38:03.172+0000] {logging_mixin.py:190} INFO - [2024-11-11T03:38:03.172+0000] {dagbag.py:588} INFO - Filling up the DagBag from /home/airflow/.local/lib/python3.12/site-packages/airflow/example_dags/example_xcomargs.py
[2024-11-11T03:38:03.177+0000] {processor.py:925} INFO - DAG(s) 'example_xcom_args', 'example_xcom_args_with_operators' retrieved from /home/airflow/.local/lib/python3.12/site-packages/airflow/example_dags/example_xcomargs.py
[2024-11-11T03:38:03.189+0000] {logging_mixin.py:190} INFO - [2024-11-11T03:38:03.188+0000] {dag.py:3239} INFO - Sync 2 DAGs
[2024-11-11T03:38:03.196+0000] {logging_mixin.py:190} INFO - [2024-11-11T03:38:03.196+0000] {dag.py:4180} INFO - Setting next_dagrun for example_xcom_args to None, run_after=None
[2024-11-11T03:38:03.198+0000] {logging_mixin.py:190} INFO - [2024-11-11T03:38:03.198+0000] {dag.py:4180} INFO - Setting next_dagrun for example_xcom_args_with_operators to None, run_after=None
[2024-11-11T03:38:03.205+0000] {processor.py:208} INFO - Processing /home/airflow/.local/lib/python3.12/site-packages/airflow/example_dags/example_xcomargs.py took 0.038 seconds
[2024-11-11T03:38:33.742+0000] {processor.py:186} INFO - Started process (PID=7783) to work on /home/airflow/.local/lib/python3.12/site-packages/airflow/example_dags/example_xcomargs.py
[2024-11-11T03:38:33.743+0000] {processor.py:914} INFO - Processing file /home/airflow/.local/lib/python3.12/site-packages/airflow/example_dags/example_xcomargs.py for tasks to queue
[2024-11-11T03:38:33.744+0000] {logging_mixin.py:190} INFO - [2024-11-11T03:38:33.744+0000] {dagbag.py:588} INFO - Filling up the DagBag from /home/airflow/.local/lib/python3.12/site-packages/airflow/example_dags/example_xcomargs.py
[2024-11-11T03:38:33.750+0000] {processor.py:925} INFO - DAG(s) 'example_xcom_args_with_operators', 'example_xcom_args' retrieved from /home/airflow/.local/lib/python3.12/site-packages/airflow/example_dags/example_xcomargs.py
[2024-11-11T03:38:33.762+0000] {logging_mixin.py:190} INFO - [2024-11-11T03:38:33.762+0000] {dag.py:3239} INFO - Sync 2 DAGs
[2024-11-11T03:38:33.769+0000] {logging_mixin.py:190} INFO - [2024-11-11T03:38:33.769+0000] {dag.py:4180} INFO - Setting next_dagrun for example_xcom_args to None, run_after=None
[2024-11-11T03:38:33.771+0000] {logging_mixin.py:190} INFO - [2024-11-11T03:38:33.771+0000] {dag.py:4180} INFO - Setting next_dagrun for example_xcom_args_with_operators to None, run_after=None
[2024-11-11T03:38:33.779+0000] {processor.py:208} INFO - Processing /home/airflow/.local/lib/python3.12/site-packages/airflow/example_dags/example_xcomargs.py took 0.040 seconds
[2024-11-11T03:39:04.451+0000] {processor.py:186} INFO - Started process (PID=7846) to work on /home/airflow/.local/lib/python3.12/site-packages/airflow/example_dags/example_xcomargs.py
[2024-11-11T03:39:04.452+0000] {processor.py:914} INFO - Processing file /home/airflow/.local/lib/python3.12/site-packages/airflow/example_dags/example_xcomargs.py for tasks to queue
[2024-11-11T03:39:04.453+0000] {logging_mixin.py:190} INFO - [2024-11-11T03:39:04.453+0000] {dagbag.py:588} INFO - Filling up the DagBag from /home/airflow/.local/lib/python3.12/site-packages/airflow/example_dags/example_xcomargs.py
[2024-11-11T03:39:04.459+0000] {processor.py:925} INFO - DAG(s) 'example_xcom_args_with_operators', 'example_xcom_args' retrieved from /home/airflow/.local/lib/python3.12/site-packages/airflow/example_dags/example_xcomargs.py
[2024-11-11T03:39:04.471+0000] {logging_mixin.py:190} INFO - [2024-11-11T03:39:04.471+0000] {dag.py:3239} INFO - Sync 2 DAGs
[2024-11-11T03:39:04.478+0000] {logging_mixin.py:190} INFO - [2024-11-11T03:39:04.478+0000] {dag.py:4180} INFO - Setting next_dagrun for example_xcom_args to None, run_after=None
[2024-11-11T03:39:04.480+0000] {logging_mixin.py:190} INFO - [2024-11-11T03:39:04.480+0000] {dag.py:4180} INFO - Setting next_dagrun for example_xcom_args_with_operators to None, run_after=None
[2024-11-11T03:39:04.487+0000] {processor.py:208} INFO - Processing /home/airflow/.local/lib/python3.12/site-packages/airflow/example_dags/example_xcomargs.py took 0.040 seconds
[2024-11-11T03:39:35.115+0000] {processor.py:186} INFO - Started process (PID=7909) to work on /home/airflow/.local/lib/python3.12/site-packages/airflow/example_dags/example_xcomargs.py
[2024-11-11T03:39:35.115+0000] {processor.py:914} INFO - Processing file /home/airflow/.local/lib/python3.12/site-packages/airflow/example_dags/example_xcomargs.py for tasks to queue
[2024-11-11T03:39:35.117+0000] {logging_mixin.py:190} INFO - [2024-11-11T03:39:35.116+0000] {dagbag.py:588} INFO - Filling up the DagBag from /home/airflow/.local/lib/python3.12/site-packages/airflow/example_dags/example_xcomargs.py
[2024-11-11T03:39:35.123+0000] {processor.py:925} INFO - DAG(s) 'example_xcom_args_with_operators', 'example_xcom_args' retrieved from /home/airflow/.local/lib/python3.12/site-packages/airflow/example_dags/example_xcomargs.py
[2024-11-11T03:39:35.135+0000] {logging_mixin.py:190} INFO - [2024-11-11T03:39:35.135+0000] {dag.py:3239} INFO - Sync 2 DAGs
[2024-11-11T03:39:35.142+0000] {logging_mixin.py:190} INFO - [2024-11-11T03:39:35.142+0000] {dag.py:4180} INFO - Setting next_dagrun for example_xcom_args to None, run_after=None
[2024-11-11T03:39:35.144+0000] {logging_mixin.py:190} INFO - [2024-11-11T03:39:35.144+0000] {dag.py:4180} INFO - Setting next_dagrun for example_xcom_args_with_operators to None, run_after=None
[2024-11-11T03:39:35.150+0000] {processor.py:208} INFO - Processing /home/airflow/.local/lib/python3.12/site-packages/airflow/example_dags/example_xcomargs.py took 0.039 seconds
[2024-11-11T03:40:05.767+0000] {processor.py:186} INFO - Started process (PID=7972) to work on /home/airflow/.local/lib/python3.12/site-packages/airflow/example_dags/example_xcomargs.py
[2024-11-11T03:40:05.767+0000] {processor.py:914} INFO - Processing file /home/airflow/.local/lib/python3.12/site-packages/airflow/example_dags/example_xcomargs.py for tasks to queue
[2024-11-11T03:40:05.769+0000] {logging_mixin.py:190} INFO - [2024-11-11T03:40:05.769+0000] {dagbag.py:588} INFO - Filling up the DagBag from /home/airflow/.local/lib/python3.12/site-packages/airflow/example_dags/example_xcomargs.py
[2024-11-11T03:40:05.775+0000] {processor.py:925} INFO - DAG(s) 'example_xcom_args_with_operators', 'example_xcom_args' retrieved from /home/airflow/.local/lib/python3.12/site-packages/airflow/example_dags/example_xcomargs.py
[2024-11-11T03:40:05.789+0000] {logging_mixin.py:190} INFO - [2024-11-11T03:40:05.789+0000] {dag.py:3239} INFO - Sync 2 DAGs
[2024-11-11T03:40:05.797+0000] {logging_mixin.py:190} INFO - [2024-11-11T03:40:05.797+0000] {dag.py:4180} INFO - Setting next_dagrun for example_xcom_args to None, run_after=None
[2024-11-11T03:40:05.799+0000] {logging_mixin.py:190} INFO - [2024-11-11T03:40:05.799+0000] {dag.py:4180} INFO - Setting next_dagrun for example_xcom_args_with_operators to None, run_after=None
[2024-11-11T03:40:05.807+0000] {processor.py:208} INFO - Processing /home/airflow/.local/lib/python3.12/site-packages/airflow/example_dags/example_xcomargs.py took 0.044 seconds
[2024-11-11T03:40:36.451+0000] {processor.py:186} INFO - Started process (PID=8034) to work on /home/airflow/.local/lib/python3.12/site-packages/airflow/example_dags/example_xcomargs.py
[2024-11-11T03:40:36.452+0000] {processor.py:914} INFO - Processing file /home/airflow/.local/lib/python3.12/site-packages/airflow/example_dags/example_xcomargs.py for tasks to queue
[2024-11-11T03:40:36.453+0000] {logging_mixin.py:190} INFO - [2024-11-11T03:40:36.453+0000] {dagbag.py:588} INFO - Filling up the DagBag from /home/airflow/.local/lib/python3.12/site-packages/airflow/example_dags/example_xcomargs.py
[2024-11-11T03:40:36.460+0000] {processor.py:925} INFO - DAG(s) 'example_xcom_args', 'example_xcom_args_with_operators' retrieved from /home/airflow/.local/lib/python3.12/site-packages/airflow/example_dags/example_xcomargs.py
[2024-11-11T03:40:36.472+0000] {logging_mixin.py:190} INFO - [2024-11-11T03:40:36.472+0000] {dag.py:3239} INFO - Sync 2 DAGs
[2024-11-11T03:40:36.479+0000] {logging_mixin.py:190} INFO - [2024-11-11T03:40:36.479+0000] {dag.py:4180} INFO - Setting next_dagrun for example_xcom_args to None, run_after=None
[2024-11-11T03:40:36.481+0000] {logging_mixin.py:190} INFO - [2024-11-11T03:40:36.481+0000] {dag.py:4180} INFO - Setting next_dagrun for example_xcom_args_with_operators to None, run_after=None
[2024-11-11T03:40:36.488+0000] {processor.py:208} INFO - Processing /home/airflow/.local/lib/python3.12/site-packages/airflow/example_dags/example_xcomargs.py took 0.040 seconds
[2024-11-11T03:41:07.499+0000] {processor.py:186} INFO - Started process (PID=8098) to work on /home/airflow/.local/lib/python3.12/site-packages/airflow/example_dags/example_xcomargs.py
[2024-11-11T03:41:07.500+0000] {processor.py:914} INFO - Processing file /home/airflow/.local/lib/python3.12/site-packages/airflow/example_dags/example_xcomargs.py for tasks to queue
[2024-11-11T03:41:07.501+0000] {logging_mixin.py:190} INFO - [2024-11-11T03:41:07.501+0000] {dagbag.py:588} INFO - Filling up the DagBag from /home/airflow/.local/lib/python3.12/site-packages/airflow/example_dags/example_xcomargs.py
[2024-11-11T03:41:07.507+0000] {processor.py:925} INFO - DAG(s) 'example_xcom_args_with_operators', 'example_xcom_args' retrieved from /home/airflow/.local/lib/python3.12/site-packages/airflow/example_dags/example_xcomargs.py
[2024-11-11T03:41:07.519+0000] {logging_mixin.py:190} INFO - [2024-11-11T03:41:07.519+0000] {dag.py:3239} INFO - Sync 2 DAGs
[2024-11-11T03:41:07.526+0000] {logging_mixin.py:190} INFO - [2024-11-11T03:41:07.526+0000] {dag.py:4180} INFO - Setting next_dagrun for example_xcom_args to None, run_after=None
[2024-11-11T03:41:07.529+0000] {logging_mixin.py:190} INFO - [2024-11-11T03:41:07.529+0000] {dag.py:4180} INFO - Setting next_dagrun for example_xcom_args_with_operators to None, run_after=None
[2024-11-11T03:41:07.537+0000] {processor.py:208} INFO - Processing /home/airflow/.local/lib/python3.12/site-packages/airflow/example_dags/example_xcomargs.py took 0.042 seconds
[2024-11-11T03:41:38.330+0000] {processor.py:186} INFO - Started process (PID=8160) to work on /home/airflow/.local/lib/python3.12/site-packages/airflow/example_dags/example_xcomargs.py
[2024-11-11T03:41:38.331+0000] {processor.py:914} INFO - Processing file /home/airflow/.local/lib/python3.12/site-packages/airflow/example_dags/example_xcomargs.py for tasks to queue
[2024-11-11T03:41:38.333+0000] {logging_mixin.py:190} INFO - [2024-11-11T03:41:38.333+0000] {dagbag.py:588} INFO - Filling up the DagBag from /home/airflow/.local/lib/python3.12/site-packages/airflow/example_dags/example_xcomargs.py
[2024-11-11T03:41:38.339+0000] {processor.py:925} INFO - DAG(s) 'example_xcom_args', 'example_xcom_args_with_operators' retrieved from /home/airflow/.local/lib/python3.12/site-packages/airflow/example_dags/example_xcomargs.py
[2024-11-11T03:41:38.352+0000] {logging_mixin.py:190} INFO - [2024-11-11T03:41:38.352+0000] {dag.py:3239} INFO - Sync 2 DAGs
[2024-11-11T03:41:38.359+0000] {logging_mixin.py:190} INFO - [2024-11-11T03:41:38.359+0000] {dag.py:4180} INFO - Setting next_dagrun for example_xcom_args to None, run_after=None
[2024-11-11T03:41:38.361+0000] {logging_mixin.py:190} INFO - [2024-11-11T03:41:38.361+0000] {dag.py:4180} INFO - Setting next_dagrun for example_xcom_args_with_operators to None, run_after=None
[2024-11-11T03:41:38.369+0000] {processor.py:208} INFO - Processing /home/airflow/.local/lib/python3.12/site-packages/airflow/example_dags/example_xcomargs.py took 0.042 seconds
[2024-11-11T03:42:09.127+0000] {processor.py:186} INFO - Started process (PID=8223) to work on /home/airflow/.local/lib/python3.12/site-packages/airflow/example_dags/example_xcomargs.py
[2024-11-11T03:42:09.128+0000] {processor.py:914} INFO - Processing file /home/airflow/.local/lib/python3.12/site-packages/airflow/example_dags/example_xcomargs.py for tasks to queue
[2024-11-11T03:42:09.129+0000] {logging_mixin.py:190} INFO - [2024-11-11T03:42:09.129+0000] {dagbag.py:588} INFO - Filling up the DagBag from /home/airflow/.local/lib/python3.12/site-packages/airflow/example_dags/example_xcomargs.py
[2024-11-11T03:42:09.135+0000] {processor.py:925} INFO - DAG(s) 'example_xcom_args_with_operators', 'example_xcom_args' retrieved from /home/airflow/.local/lib/python3.12/site-packages/airflow/example_dags/example_xcomargs.py
[2024-11-11T03:42:09.146+0000] {logging_mixin.py:190} INFO - [2024-11-11T03:42:09.146+0000] {dag.py:3239} INFO - Sync 2 DAGs
[2024-11-11T03:42:09.154+0000] {logging_mixin.py:190} INFO - [2024-11-11T03:42:09.154+0000] {dag.py:4180} INFO - Setting next_dagrun for example_xcom_args to None, run_after=None
[2024-11-11T03:42:09.156+0000] {logging_mixin.py:190} INFO - [2024-11-11T03:42:09.156+0000] {dag.py:4180} INFO - Setting next_dagrun for example_xcom_args_with_operators to None, run_after=None
[2024-11-11T03:42:09.163+0000] {processor.py:208} INFO - Processing /home/airflow/.local/lib/python3.12/site-packages/airflow/example_dags/example_xcomargs.py took 0.040 seconds
[2024-11-11T03:42:39.787+0000] {processor.py:186} INFO - Started process (PID=8286) to work on /home/airflow/.local/lib/python3.12/site-packages/airflow/example_dags/example_xcomargs.py
[2024-11-11T03:42:39.795+0000] {processor.py:914} INFO - Processing file /home/airflow/.local/lib/python3.12/site-packages/airflow/example_dags/example_xcomargs.py for tasks to queue
[2024-11-11T03:42:39.797+0000] {logging_mixin.py:190} INFO - [2024-11-11T03:42:39.797+0000] {dagbag.py:588} INFO - Filling up the DagBag from /home/airflow/.local/lib/python3.12/site-packages/airflow/example_dags/example_xcomargs.py
[2024-11-11T03:42:39.804+0000] {processor.py:925} INFO - DAG(s) 'example_xcom_args', 'example_xcom_args_with_operators' retrieved from /home/airflow/.local/lib/python3.12/site-packages/airflow/example_dags/example_xcomargs.py
[2024-11-11T03:42:39.817+0000] {logging_mixin.py:190} INFO - [2024-11-11T03:42:39.817+0000] {dag.py:3239} INFO - Sync 2 DAGs
[2024-11-11T03:42:39.824+0000] {logging_mixin.py:190} INFO - [2024-11-11T03:42:39.824+0000] {dag.py:4180} INFO - Setting next_dagrun for example_xcom_args to None, run_after=None
[2024-11-11T03:42:39.826+0000] {logging_mixin.py:190} INFO - [2024-11-11T03:42:39.826+0000] {dag.py:4180} INFO - Setting next_dagrun for example_xcom_args_with_operators to None, run_after=None
[2024-11-11T03:42:39.834+0000] {processor.py:208} INFO - Processing /home/airflow/.local/lib/python3.12/site-packages/airflow/example_dags/example_xcomargs.py took 0.051 seconds
[2024-11-11T03:43:10.447+0000] {processor.py:186} INFO - Started process (PID=8349) to work on /home/airflow/.local/lib/python3.12/site-packages/airflow/example_dags/example_xcomargs.py
[2024-11-11T03:43:10.448+0000] {processor.py:914} INFO - Processing file /home/airflow/.local/lib/python3.12/site-packages/airflow/example_dags/example_xcomargs.py for tasks to queue
[2024-11-11T03:43:10.450+0000] {logging_mixin.py:190} INFO - [2024-11-11T03:43:10.449+0000] {dagbag.py:588} INFO - Filling up the DagBag from /home/airflow/.local/lib/python3.12/site-packages/airflow/example_dags/example_xcomargs.py
[2024-11-11T03:43:10.455+0000] {processor.py:925} INFO - DAG(s) 'example_xcom_args_with_operators', 'example_xcom_args' retrieved from /home/airflow/.local/lib/python3.12/site-packages/airflow/example_dags/example_xcomargs.py
[2024-11-11T03:43:10.468+0000] {logging_mixin.py:190} INFO - [2024-11-11T03:43:10.468+0000] {dag.py:3239} INFO - Sync 2 DAGs
[2024-11-11T03:43:10.476+0000] {logging_mixin.py:190} INFO - [2024-11-11T03:43:10.476+0000] {dag.py:4180} INFO - Setting next_dagrun for example_xcom_args to None, run_after=None
[2024-11-11T03:43:10.478+0000] {logging_mixin.py:190} INFO - [2024-11-11T03:43:10.478+0000] {dag.py:4180} INFO - Setting next_dagrun for example_xcom_args_with_operators to None, run_after=None
[2024-11-11T03:43:10.485+0000] {processor.py:208} INFO - Processing /home/airflow/.local/lib/python3.12/site-packages/airflow/example_dags/example_xcomargs.py took 0.042 seconds
[2024-11-11T03:43:40.884+0000] {processor.py:186} INFO - Started process (PID=8412) to work on /home/airflow/.local/lib/python3.12/site-packages/airflow/example_dags/example_xcomargs.py
[2024-11-11T03:43:40.884+0000] {processor.py:914} INFO - Processing file /home/airflow/.local/lib/python3.12/site-packages/airflow/example_dags/example_xcomargs.py for tasks to queue
[2024-11-11T03:43:40.886+0000] {logging_mixin.py:190} INFO - [2024-11-11T03:43:40.886+0000] {dagbag.py:588} INFO - Filling up the DagBag from /home/airflow/.local/lib/python3.12/site-packages/airflow/example_dags/example_xcomargs.py
[2024-11-11T03:43:40.892+0000] {processor.py:925} INFO - DAG(s) 'example_xcom_args', 'example_xcom_args_with_operators' retrieved from /home/airflow/.local/lib/python3.12/site-packages/airflow/example_dags/example_xcomargs.py
[2024-11-11T03:43:40.906+0000] {logging_mixin.py:190} INFO - [2024-11-11T03:43:40.906+0000] {dag.py:3239} INFO - Sync 2 DAGs
[2024-11-11T03:43:40.914+0000] {logging_mixin.py:190} INFO - [2024-11-11T03:43:40.914+0000] {dag.py:4180} INFO - Setting next_dagrun for example_xcom_args to None, run_after=None
[2024-11-11T03:43:40.916+0000] {logging_mixin.py:190} INFO - [2024-11-11T03:43:40.916+0000] {dag.py:4180} INFO - Setting next_dagrun for example_xcom_args_with_operators to None, run_after=None
[2024-11-11T03:43:40.924+0000] {processor.py:208} INFO - Processing /home/airflow/.local/lib/python3.12/site-packages/airflow/example_dags/example_xcomargs.py took 0.044 seconds
[2024-11-11T03:44:11.688+0000] {processor.py:186} INFO - Started process (PID=8475) to work on /home/airflow/.local/lib/python3.12/site-packages/airflow/example_dags/example_xcomargs.py
[2024-11-11T03:44:11.689+0000] {processor.py:914} INFO - Processing file /home/airflow/.local/lib/python3.12/site-packages/airflow/example_dags/example_xcomargs.py for tasks to queue
[2024-11-11T03:44:11.690+0000] {logging_mixin.py:190} INFO - [2024-11-11T03:44:11.690+0000] {dagbag.py:588} INFO - Filling up the DagBag from /home/airflow/.local/lib/python3.12/site-packages/airflow/example_dags/example_xcomargs.py
[2024-11-11T03:44:11.696+0000] {processor.py:925} INFO - DAG(s) 'example_xcom_args_with_operators', 'example_xcom_args' retrieved from /home/airflow/.local/lib/python3.12/site-packages/airflow/example_dags/example_xcomargs.py
[2024-11-11T03:44:11.708+0000] {logging_mixin.py:190} INFO - [2024-11-11T03:44:11.708+0000] {dag.py:3239} INFO - Sync 2 DAGs
[2024-11-11T03:44:11.715+0000] {logging_mixin.py:190} INFO - [2024-11-11T03:44:11.715+0000] {dag.py:4180} INFO - Setting next_dagrun for example_xcom_args to None, run_after=None
[2024-11-11T03:44:11.718+0000] {logging_mixin.py:190} INFO - [2024-11-11T03:44:11.717+0000] {dag.py:4180} INFO - Setting next_dagrun for example_xcom_args_with_operators to None, run_after=None
[2024-11-11T03:44:11.725+0000] {processor.py:208} INFO - Processing /home/airflow/.local/lib/python3.12/site-packages/airflow/example_dags/example_xcomargs.py took 0.041 seconds
[2024-11-11T03:44:42.403+0000] {processor.py:186} INFO - Started process (PID=8538) to work on /home/airflow/.local/lib/python3.12/site-packages/airflow/example_dags/example_xcomargs.py
[2024-11-11T03:44:42.403+0000] {processor.py:914} INFO - Processing file /home/airflow/.local/lib/python3.12/site-packages/airflow/example_dags/example_xcomargs.py for tasks to queue
[2024-11-11T03:44:42.405+0000] {logging_mixin.py:190} INFO - [2024-11-11T03:44:42.405+0000] {dagbag.py:588} INFO - Filling up the DagBag from /home/airflow/.local/lib/python3.12/site-packages/airflow/example_dags/example_xcomargs.py
[2024-11-11T03:44:42.410+0000] {processor.py:925} INFO - DAG(s) 'example_xcom_args', 'example_xcom_args_with_operators' retrieved from /home/airflow/.local/lib/python3.12/site-packages/airflow/example_dags/example_xcomargs.py
[2024-11-11T03:44:42.422+0000] {logging_mixin.py:190} INFO - [2024-11-11T03:44:42.422+0000] {dag.py:3239} INFO - Sync 2 DAGs
[2024-11-11T03:44:42.430+0000] {logging_mixin.py:190} INFO - [2024-11-11T03:44:42.429+0000] {dag.py:4180} INFO - Setting next_dagrun for example_xcom_args to None, run_after=None
[2024-11-11T03:44:42.431+0000] {logging_mixin.py:190} INFO - [2024-11-11T03:44:42.431+0000] {dag.py:4180} INFO - Setting next_dagrun for example_xcom_args_with_operators to None, run_after=None
[2024-11-11T03:44:42.439+0000] {processor.py:208} INFO - Processing /home/airflow/.local/lib/python3.12/site-packages/airflow/example_dags/example_xcomargs.py took 0.039 seconds
[2024-11-11T03:45:13.058+0000] {processor.py:186} INFO - Started process (PID=8600) to work on /home/airflow/.local/lib/python3.12/site-packages/airflow/example_dags/example_xcomargs.py
[2024-11-11T03:45:13.058+0000] {processor.py:914} INFO - Processing file /home/airflow/.local/lib/python3.12/site-packages/airflow/example_dags/example_xcomargs.py for tasks to queue
[2024-11-11T03:45:13.060+0000] {logging_mixin.py:190} INFO - [2024-11-11T03:45:13.060+0000] {dagbag.py:588} INFO - Filling up the DagBag from /home/airflow/.local/lib/python3.12/site-packages/airflow/example_dags/example_xcomargs.py
[2024-11-11T03:45:13.066+0000] {processor.py:925} INFO - DAG(s) 'example_xcom_args_with_operators', 'example_xcom_args' retrieved from /home/airflow/.local/lib/python3.12/site-packages/airflow/example_dags/example_xcomargs.py
[2024-11-11T03:45:13.078+0000] {logging_mixin.py:190} INFO - [2024-11-11T03:45:13.078+0000] {dag.py:3239} INFO - Sync 2 DAGs
[2024-11-11T03:45:13.085+0000] {logging_mixin.py:190} INFO - [2024-11-11T03:45:13.085+0000] {dag.py:4180} INFO - Setting next_dagrun for example_xcom_args to None, run_after=None
[2024-11-11T03:45:13.087+0000] {logging_mixin.py:190} INFO - [2024-11-11T03:45:13.087+0000] {dag.py:4180} INFO - Setting next_dagrun for example_xcom_args_with_operators to None, run_after=None
[2024-11-11T03:45:13.095+0000] {processor.py:208} INFO - Processing /home/airflow/.local/lib/python3.12/site-packages/airflow/example_dags/example_xcomargs.py took 0.041 seconds
[2024-11-11T03:45:43.494+0000] {processor.py:186} INFO - Started process (PID=8663) to work on /home/airflow/.local/lib/python3.12/site-packages/airflow/example_dags/example_xcomargs.py
[2024-11-11T03:45:43.495+0000] {processor.py:914} INFO - Processing file /home/airflow/.local/lib/python3.12/site-packages/airflow/example_dags/example_xcomargs.py for tasks to queue
[2024-11-11T03:45:43.496+0000] {logging_mixin.py:190} INFO - [2024-11-11T03:45:43.496+0000] {dagbag.py:588} INFO - Filling up the DagBag from /home/airflow/.local/lib/python3.12/site-packages/airflow/example_dags/example_xcomargs.py
[2024-11-11T03:45:43.502+0000] {processor.py:925} INFO - DAG(s) 'example_xcom_args', 'example_xcom_args_with_operators' retrieved from /home/airflow/.local/lib/python3.12/site-packages/airflow/example_dags/example_xcomargs.py
[2024-11-11T03:45:43.514+0000] {logging_mixin.py:190} INFO - [2024-11-11T03:45:43.513+0000] {dag.py:3239} INFO - Sync 2 DAGs
[2024-11-11T03:45:43.521+0000] {logging_mixin.py:190} INFO - [2024-11-11T03:45:43.520+0000] {dag.py:4180} INFO - Setting next_dagrun for example_xcom_args to None, run_after=None
[2024-11-11T03:45:43.522+0000] {logging_mixin.py:190} INFO - [2024-11-11T03:45:43.522+0000] {dag.py:4180} INFO - Setting next_dagrun for example_xcom_args_with_operators to None, run_after=None
[2024-11-11T03:45:43.530+0000] {processor.py:208} INFO - Processing /home/airflow/.local/lib/python3.12/site-packages/airflow/example_dags/example_xcomargs.py took 0.039 seconds
[2024-11-11T03:46:14.299+0000] {processor.py:186} INFO - Started process (PID=8726) to work on /home/airflow/.local/lib/python3.12/site-packages/airflow/example_dags/example_xcomargs.py
[2024-11-11T03:46:14.300+0000] {processor.py:914} INFO - Processing file /home/airflow/.local/lib/python3.12/site-packages/airflow/example_dags/example_xcomargs.py for tasks to queue
[2024-11-11T03:46:14.301+0000] {logging_mixin.py:190} INFO - [2024-11-11T03:46:14.301+0000] {dagbag.py:588} INFO - Filling up the DagBag from /home/airflow/.local/lib/python3.12/site-packages/airflow/example_dags/example_xcomargs.py
[2024-11-11T03:46:14.307+0000] {processor.py:925} INFO - DAG(s) 'example_xcom_args', 'example_xcom_args_with_operators' retrieved from /home/airflow/.local/lib/python3.12/site-packages/airflow/example_dags/example_xcomargs.py
[2024-11-11T03:46:14.319+0000] {logging_mixin.py:190} INFO - [2024-11-11T03:46:14.319+0000] {dag.py:3239} INFO - Sync 2 DAGs
[2024-11-11T03:46:14.326+0000] {logging_mixin.py:190} INFO - [2024-11-11T03:46:14.326+0000] {dag.py:4180} INFO - Setting next_dagrun for example_xcom_args to None, run_after=None
[2024-11-11T03:46:14.328+0000] {logging_mixin.py:190} INFO - [2024-11-11T03:46:14.328+0000] {dag.py:4180} INFO - Setting next_dagrun for example_xcom_args_with_operators to None, run_after=None
[2024-11-11T03:46:14.335+0000] {processor.py:208} INFO - Processing /home/airflow/.local/lib/python3.12/site-packages/airflow/example_dags/example_xcomargs.py took 0.039 seconds
[2024-11-11T03:46:44.697+0000] {processor.py:186} INFO - Started process (PID=8789) to work on /home/airflow/.local/lib/python3.12/site-packages/airflow/example_dags/example_xcomargs.py
[2024-11-11T03:46:44.698+0000] {processor.py:914} INFO - Processing file /home/airflow/.local/lib/python3.12/site-packages/airflow/example_dags/example_xcomargs.py for tasks to queue
[2024-11-11T03:46:44.699+0000] {logging_mixin.py:190} INFO - [2024-11-11T03:46:44.699+0000] {dagbag.py:588} INFO - Filling up the DagBag from /home/airflow/.local/lib/python3.12/site-packages/airflow/example_dags/example_xcomargs.py
[2024-11-11T03:46:44.705+0000] {processor.py:925} INFO - DAG(s) 'example_xcom_args', 'example_xcom_args_with_operators' retrieved from /home/airflow/.local/lib/python3.12/site-packages/airflow/example_dags/example_xcomargs.py
[2024-11-11T03:46:44.720+0000] {logging_mixin.py:190} INFO - [2024-11-11T03:46:44.720+0000] {dag.py:3239} INFO - Sync 2 DAGs
[2024-11-11T03:46:44.729+0000] {logging_mixin.py:190} INFO - [2024-11-11T03:46:44.728+0000] {dag.py:4180} INFO - Setting next_dagrun for example_xcom_args to None, run_after=None
[2024-11-11T03:46:44.731+0000] {logging_mixin.py:190} INFO - [2024-11-11T03:46:44.731+0000] {dag.py:4180} INFO - Setting next_dagrun for example_xcom_args_with_operators to None, run_after=None
[2024-11-11T03:46:44.739+0000] {processor.py:208} INFO - Processing /home/airflow/.local/lib/python3.12/site-packages/airflow/example_dags/example_xcomargs.py took 0.046 seconds
[2024-11-11T03:47:15.168+0000] {processor.py:186} INFO - Started process (PID=8851) to work on /home/airflow/.local/lib/python3.12/site-packages/airflow/example_dags/example_xcomargs.py
[2024-11-11T03:47:15.169+0000] {processor.py:914} INFO - Processing file /home/airflow/.local/lib/python3.12/site-packages/airflow/example_dags/example_xcomargs.py for tasks to queue
[2024-11-11T03:47:15.170+0000] {logging_mixin.py:190} INFO - [2024-11-11T03:47:15.170+0000] {dagbag.py:588} INFO - Filling up the DagBag from /home/airflow/.local/lib/python3.12/site-packages/airflow/example_dags/example_xcomargs.py
[2024-11-11T03:47:15.175+0000] {processor.py:925} INFO - DAG(s) 'example_xcom_args_with_operators', 'example_xcom_args' retrieved from /home/airflow/.local/lib/python3.12/site-packages/airflow/example_dags/example_xcomargs.py
[2024-11-11T03:47:15.187+0000] {logging_mixin.py:190} INFO - [2024-11-11T03:47:15.187+0000] {dag.py:3239} INFO - Sync 2 DAGs
[2024-11-11T03:47:15.195+0000] {logging_mixin.py:190} INFO - [2024-11-11T03:47:15.194+0000] {dag.py:4180} INFO - Setting next_dagrun for example_xcom_args to None, run_after=None
[2024-11-11T03:47:15.197+0000] {logging_mixin.py:190} INFO - [2024-11-11T03:47:15.197+0000] {dag.py:4180} INFO - Setting next_dagrun for example_xcom_args_with_operators to None, run_after=None
[2024-11-11T03:47:15.204+0000] {processor.py:208} INFO - Processing /home/airflow/.local/lib/python3.12/site-packages/airflow/example_dags/example_xcomargs.py took 0.040 seconds
[2024-11-11T03:47:45.688+0000] {processor.py:186} INFO - Started process (PID=8914) to work on /home/airflow/.local/lib/python3.12/site-packages/airflow/example_dags/example_xcomargs.py
[2024-11-11T03:47:45.689+0000] {processor.py:914} INFO - Processing file /home/airflow/.local/lib/python3.12/site-packages/airflow/example_dags/example_xcomargs.py for tasks to queue
[2024-11-11T03:47:45.690+0000] {logging_mixin.py:190} INFO - [2024-11-11T03:47:45.690+0000] {dagbag.py:588} INFO - Filling up the DagBag from /home/airflow/.local/lib/python3.12/site-packages/airflow/example_dags/example_xcomargs.py
[2024-11-11T03:47:45.696+0000] {processor.py:925} INFO - DAG(s) 'example_xcom_args', 'example_xcom_args_with_operators' retrieved from /home/airflow/.local/lib/python3.12/site-packages/airflow/example_dags/example_xcomargs.py
[2024-11-11T03:47:45.708+0000] {logging_mixin.py:190} INFO - [2024-11-11T03:47:45.708+0000] {dag.py:3239} INFO - Sync 2 DAGs
[2024-11-11T03:47:45.715+0000] {logging_mixin.py:190} INFO - [2024-11-11T03:47:45.715+0000] {dag.py:4180} INFO - Setting next_dagrun for example_xcom_args to None, run_after=None
[2024-11-11T03:47:45.717+0000] {logging_mixin.py:190} INFO - [2024-11-11T03:47:45.717+0000] {dag.py:4180} INFO - Setting next_dagrun for example_xcom_args_with_operators to None, run_after=None
[2024-11-11T03:47:45.724+0000] {processor.py:208} INFO - Processing /home/airflow/.local/lib/python3.12/site-packages/airflow/example_dags/example_xcomargs.py took 0.040 seconds
[2024-11-11T03:48:16.670+0000] {processor.py:186} INFO - Started process (PID=8979) to work on /home/airflow/.local/lib/python3.12/site-packages/airflow/example_dags/example_xcomargs.py
[2024-11-11T03:48:16.671+0000] {processor.py:914} INFO - Processing file /home/airflow/.local/lib/python3.12/site-packages/airflow/example_dags/example_xcomargs.py for tasks to queue
[2024-11-11T03:48:16.672+0000] {logging_mixin.py:190} INFO - [2024-11-11T03:48:16.672+0000] {dagbag.py:588} INFO - Filling up the DagBag from /home/airflow/.local/lib/python3.12/site-packages/airflow/example_dags/example_xcomargs.py
[2024-11-11T03:48:16.678+0000] {processor.py:925} INFO - DAG(s) 'example_xcom_args_with_operators', 'example_xcom_args' retrieved from /home/airflow/.local/lib/python3.12/site-packages/airflow/example_dags/example_xcomargs.py
[2024-11-11T03:48:16.691+0000] {logging_mixin.py:190} INFO - [2024-11-11T03:48:16.691+0000] {dag.py:3239} INFO - Sync 2 DAGs
[2024-11-11T03:48:16.699+0000] {logging_mixin.py:190} INFO - [2024-11-11T03:48:16.698+0000] {dag.py:4180} INFO - Setting next_dagrun for example_xcom_args to None, run_after=None
[2024-11-11T03:48:16.701+0000] {logging_mixin.py:190} INFO - [2024-11-11T03:48:16.701+0000] {dag.py:4180} INFO - Setting next_dagrun for example_xcom_args_with_operators to None, run_after=None
[2024-11-11T03:48:16.709+0000] {processor.py:208} INFO - Processing /home/airflow/.local/lib/python3.12/site-packages/airflow/example_dags/example_xcomargs.py took 0.043 seconds
[2024-11-11T03:48:47.467+0000] {processor.py:186} INFO - Started process (PID=9042) to work on /home/airflow/.local/lib/python3.12/site-packages/airflow/example_dags/example_xcomargs.py
[2024-11-11T03:48:47.467+0000] {processor.py:914} INFO - Processing file /home/airflow/.local/lib/python3.12/site-packages/airflow/example_dags/example_xcomargs.py for tasks to queue
[2024-11-11T03:48:47.469+0000] {logging_mixin.py:190} INFO - [2024-11-11T03:48:47.469+0000] {dagbag.py:588} INFO - Filling up the DagBag from /home/airflow/.local/lib/python3.12/site-packages/airflow/example_dags/example_xcomargs.py
[2024-11-11T03:48:47.475+0000] {processor.py:925} INFO - DAG(s) 'example_xcom_args', 'example_xcom_args_with_operators' retrieved from /home/airflow/.local/lib/python3.12/site-packages/airflow/example_dags/example_xcomargs.py
[2024-11-11T03:48:47.487+0000] {logging_mixin.py:190} INFO - [2024-11-11T03:48:47.486+0000] {dag.py:3239} INFO - Sync 2 DAGs
[2024-11-11T03:48:47.494+0000] {logging_mixin.py:190} INFO - [2024-11-11T03:48:47.493+0000] {dag.py:4180} INFO - Setting next_dagrun for example_xcom_args to None, run_after=None
[2024-11-11T03:48:47.496+0000] {logging_mixin.py:190} INFO - [2024-11-11T03:48:47.495+0000] {dag.py:4180} INFO - Setting next_dagrun for example_xcom_args_with_operators to None, run_after=None
[2024-11-11T03:48:47.503+0000] {processor.py:208} INFO - Processing /home/airflow/.local/lib/python3.12/site-packages/airflow/example_dags/example_xcomargs.py took 0.040 seconds
[2024-11-11T03:49:18.138+0000] {processor.py:186} INFO - Started process (PID=9105) to work on /home/airflow/.local/lib/python3.12/site-packages/airflow/example_dags/example_xcomargs.py
[2024-11-11T03:49:18.139+0000] {processor.py:914} INFO - Processing file /home/airflow/.local/lib/python3.12/site-packages/airflow/example_dags/example_xcomargs.py for tasks to queue
[2024-11-11T03:49:18.141+0000] {logging_mixin.py:190} INFO - [2024-11-11T03:49:18.140+0000] {dagbag.py:588} INFO - Filling up the DagBag from /home/airflow/.local/lib/python3.12/site-packages/airflow/example_dags/example_xcomargs.py
[2024-11-11T03:49:18.147+0000] {processor.py:925} INFO - DAG(s) 'example_xcom_args_with_operators', 'example_xcom_args' retrieved from /home/airflow/.local/lib/python3.12/site-packages/airflow/example_dags/example_xcomargs.py
[2024-11-11T03:49:18.159+0000] {logging_mixin.py:190} INFO - [2024-11-11T03:49:18.159+0000] {dag.py:3239} INFO - Sync 2 DAGs
[2024-11-11T03:49:18.168+0000] {logging_mixin.py:190} INFO - [2024-11-11T03:49:18.167+0000] {dag.py:4180} INFO - Setting next_dagrun for example_xcom_args to None, run_after=None
[2024-11-11T03:49:18.170+0000] {logging_mixin.py:190} INFO - [2024-11-11T03:49:18.170+0000] {dag.py:4180} INFO - Setting next_dagrun for example_xcom_args_with_operators to None, run_after=None
[2024-11-11T03:49:18.178+0000] {processor.py:208} INFO - Processing /home/airflow/.local/lib/python3.12/site-packages/airflow/example_dags/example_xcomargs.py took 0.044 seconds
[2024-11-11T03:59:43.720+0000] {processor.py:186} INFO - Started process (PID=9168) to work on /home/airflow/.local/lib/python3.12/site-packages/airflow/example_dags/example_xcomargs.py
[2024-11-11T03:59:43.721+0000] {processor.py:914} INFO - Processing file /home/airflow/.local/lib/python3.12/site-packages/airflow/example_dags/example_xcomargs.py for tasks to queue
[2024-11-11T03:59:43.723+0000] {logging_mixin.py:190} INFO - [2024-11-11T03:59:43.722+0000] {dagbag.py:588} INFO - Filling up the DagBag from /home/airflow/.local/lib/python3.12/site-packages/airflow/example_dags/example_xcomargs.py
[2024-11-11T03:59:43.728+0000] {processor.py:925} INFO - DAG(s) 'example_xcom_args_with_operators', 'example_xcom_args' retrieved from /home/airflow/.local/lib/python3.12/site-packages/airflow/example_dags/example_xcomargs.py
[2024-11-11T03:59:43.740+0000] {logging_mixin.py:190} INFO - [2024-11-11T03:59:43.740+0000] {dag.py:3239} INFO - Sync 2 DAGs
[2024-11-11T03:59:43.747+0000] {logging_mixin.py:190} INFO - [2024-11-11T03:59:43.747+0000] {dag.py:4180} INFO - Setting next_dagrun for example_xcom_args to None, run_after=None
[2024-11-11T03:59:43.749+0000] {logging_mixin.py:190} INFO - [2024-11-11T03:59:43.748+0000] {dag.py:4180} INFO - Setting next_dagrun for example_xcom_args_with_operators to None, run_after=None
[2024-11-11T03:59:43.756+0000] {processor.py:208} INFO - Processing /home/airflow/.local/lib/python3.12/site-packages/airflow/example_dags/example_xcomargs.py took 0.039 seconds
[2024-11-11T04:00:14.385+0000] {processor.py:186} INFO - Started process (PID=9231) to work on /home/airflow/.local/lib/python3.12/site-packages/airflow/example_dags/example_xcomargs.py
[2024-11-11T04:00:14.386+0000] {processor.py:914} INFO - Processing file /home/airflow/.local/lib/python3.12/site-packages/airflow/example_dags/example_xcomargs.py for tasks to queue
[2024-11-11T04:00:14.387+0000] {logging_mixin.py:190} INFO - [2024-11-11T04:00:14.387+0000] {dagbag.py:588} INFO - Filling up the DagBag from /home/airflow/.local/lib/python3.12/site-packages/airflow/example_dags/example_xcomargs.py
[2024-11-11T04:00:14.393+0000] {processor.py:925} INFO - DAG(s) 'example_xcom_args', 'example_xcom_args_with_operators' retrieved from /home/airflow/.local/lib/python3.12/site-packages/airflow/example_dags/example_xcomargs.py
[2024-11-11T04:00:14.404+0000] {logging_mixin.py:190} INFO - [2024-11-11T04:00:14.404+0000] {dag.py:3239} INFO - Sync 2 DAGs
[2024-11-11T04:00:14.411+0000] {logging_mixin.py:190} INFO - [2024-11-11T04:00:14.411+0000] {dag.py:4180} INFO - Setting next_dagrun for example_xcom_args to None, run_after=None
[2024-11-11T04:00:14.412+0000] {logging_mixin.py:190} INFO - [2024-11-11T04:00:14.412+0000] {dag.py:4180} INFO - Setting next_dagrun for example_xcom_args_with_operators to None, run_after=None
[2024-11-11T04:00:14.420+0000] {processor.py:208} INFO - Processing /home/airflow/.local/lib/python3.12/site-packages/airflow/example_dags/example_xcomargs.py took 0.038 seconds
[2024-11-11T04:00:45.214+0000] {processor.py:186} INFO - Started process (PID=9294) to work on /home/airflow/.local/lib/python3.12/site-packages/airflow/example_dags/example_xcomargs.py
[2024-11-11T04:00:45.215+0000] {processor.py:914} INFO - Processing file /home/airflow/.local/lib/python3.12/site-packages/airflow/example_dags/example_xcomargs.py for tasks to queue
[2024-11-11T04:00:45.217+0000] {logging_mixin.py:190} INFO - [2024-11-11T04:00:45.217+0000] {dagbag.py:588} INFO - Filling up the DagBag from /home/airflow/.local/lib/python3.12/site-packages/airflow/example_dags/example_xcomargs.py
[2024-11-11T04:00:45.222+0000] {processor.py:925} INFO - DAG(s) 'example_xcom_args', 'example_xcom_args_with_operators' retrieved from /home/airflow/.local/lib/python3.12/site-packages/airflow/example_dags/example_xcomargs.py
[2024-11-11T04:00:45.235+0000] {logging_mixin.py:190} INFO - [2024-11-11T04:00:45.234+0000] {dag.py:3239} INFO - Sync 2 DAGs
[2024-11-11T04:00:45.242+0000] {logging_mixin.py:190} INFO - [2024-11-11T04:00:45.242+0000] {dag.py:4180} INFO - Setting next_dagrun for example_xcom_args to None, run_after=None
[2024-11-11T04:00:45.244+0000] {logging_mixin.py:190} INFO - [2024-11-11T04:00:45.244+0000] {dag.py:4180} INFO - Setting next_dagrun for example_xcom_args_with_operators to None, run_after=None
[2024-11-11T04:00:45.252+0000] {processor.py:208} INFO - Processing /home/airflow/.local/lib/python3.12/site-packages/airflow/example_dags/example_xcomargs.py took 0.041 seconds
[2024-11-11T04:01:15.932+0000] {processor.py:186} INFO - Started process (PID=9357) to work on /home/airflow/.local/lib/python3.12/site-packages/airflow/example_dags/example_xcomargs.py
[2024-11-11T04:01:15.934+0000] {processor.py:914} INFO - Processing file /home/airflow/.local/lib/python3.12/site-packages/airflow/example_dags/example_xcomargs.py for tasks to queue
[2024-11-11T04:01:15.936+0000] {logging_mixin.py:190} INFO - [2024-11-11T04:01:15.936+0000] {dagbag.py:588} INFO - Filling up the DagBag from /home/airflow/.local/lib/python3.12/site-packages/airflow/example_dags/example_xcomargs.py
[2024-11-11T04:01:15.943+0000] {processor.py:925} INFO - DAG(s) 'example_xcom_args_with_operators', 'example_xcom_args' retrieved from /home/airflow/.local/lib/python3.12/site-packages/airflow/example_dags/example_xcomargs.py
[2024-11-11T04:01:15.958+0000] {logging_mixin.py:190} INFO - [2024-11-11T04:01:15.958+0000] {dag.py:3239} INFO - Sync 2 DAGs
[2024-11-11T04:01:15.967+0000] {logging_mixin.py:190} INFO - [2024-11-11T04:01:15.966+0000] {dag.py:4180} INFO - Setting next_dagrun for example_xcom_args to None, run_after=None
[2024-11-11T04:01:15.969+0000] {logging_mixin.py:190} INFO - [2024-11-11T04:01:15.969+0000] {dag.py:4180} INFO - Setting next_dagrun for example_xcom_args_with_operators to None, run_after=None
[2024-11-11T04:01:15.978+0000] {processor.py:208} INFO - Processing /home/airflow/.local/lib/python3.12/site-packages/airflow/example_dags/example_xcomargs.py took 0.050 seconds
[2024-11-11T04:01:46.807+0000] {processor.py:186} INFO - Started process (PID=9420) to work on /home/airflow/.local/lib/python3.12/site-packages/airflow/example_dags/example_xcomargs.py
[2024-11-11T04:01:46.808+0000] {processor.py:914} INFO - Processing file /home/airflow/.local/lib/python3.12/site-packages/airflow/example_dags/example_xcomargs.py for tasks to queue
[2024-11-11T04:01:46.810+0000] {logging_mixin.py:190} INFO - [2024-11-11T04:01:46.809+0000] {dagbag.py:588} INFO - Filling up the DagBag from /home/airflow/.local/lib/python3.12/site-packages/airflow/example_dags/example_xcomargs.py
[2024-11-11T04:01:46.815+0000] {processor.py:925} INFO - DAG(s) 'example_xcom_args', 'example_xcom_args_with_operators' retrieved from /home/airflow/.local/lib/python3.12/site-packages/airflow/example_dags/example_xcomargs.py
[2024-11-11T04:01:46.828+0000] {logging_mixin.py:190} INFO - [2024-11-11T04:01:46.827+0000] {dag.py:3239} INFO - Sync 2 DAGs
[2024-11-11T04:01:46.835+0000] {logging_mixin.py:190} INFO - [2024-11-11T04:01:46.835+0000] {dag.py:4180} INFO - Setting next_dagrun for example_xcom_args to None, run_after=None
[2024-11-11T04:01:46.837+0000] {logging_mixin.py:190} INFO - [2024-11-11T04:01:46.837+0000] {dag.py:4180} INFO - Setting next_dagrun for example_xcom_args_with_operators to None, run_after=None
[2024-11-11T04:01:46.844+0000] {processor.py:208} INFO - Processing /home/airflow/.local/lib/python3.12/site-packages/airflow/example_dags/example_xcomargs.py took 0.040 seconds
[2024-11-11T04:02:17.598+0000] {processor.py:186} INFO - Started process (PID=9483) to work on /home/airflow/.local/lib/python3.12/site-packages/airflow/example_dags/example_xcomargs.py
[2024-11-11T04:02:17.599+0000] {processor.py:914} INFO - Processing file /home/airflow/.local/lib/python3.12/site-packages/airflow/example_dags/example_xcomargs.py for tasks to queue
[2024-11-11T04:02:17.601+0000] {logging_mixin.py:190} INFO - [2024-11-11T04:02:17.600+0000] {dagbag.py:588} INFO - Filling up the DagBag from /home/airflow/.local/lib/python3.12/site-packages/airflow/example_dags/example_xcomargs.py
[2024-11-11T04:02:17.607+0000] {processor.py:925} INFO - DAG(s) 'example_xcom_args', 'example_xcom_args_with_operators' retrieved from /home/airflow/.local/lib/python3.12/site-packages/airflow/example_dags/example_xcomargs.py
[2024-11-11T04:02:17.619+0000] {logging_mixin.py:190} INFO - [2024-11-11T04:02:17.619+0000] {dag.py:3239} INFO - Sync 2 DAGs
[2024-11-11T04:02:17.628+0000] {logging_mixin.py:190} INFO - [2024-11-11T04:02:17.628+0000] {dag.py:4180} INFO - Setting next_dagrun for example_xcom_args to None, run_after=None
[2024-11-11T04:02:17.630+0000] {logging_mixin.py:190} INFO - [2024-11-11T04:02:17.630+0000] {dag.py:4180} INFO - Setting next_dagrun for example_xcom_args_with_operators to None, run_after=None
[2024-11-11T04:02:17.638+0000] {processor.py:208} INFO - Processing /home/airflow/.local/lib/python3.12/site-packages/airflow/example_dags/example_xcomargs.py took 0.043 seconds
[2024-11-11T04:02:48.266+0000] {processor.py:186} INFO - Started process (PID=9546) to work on /home/airflow/.local/lib/python3.12/site-packages/airflow/example_dags/example_xcomargs.py
[2024-11-11T04:02:48.267+0000] {processor.py:914} INFO - Processing file /home/airflow/.local/lib/python3.12/site-packages/airflow/example_dags/example_xcomargs.py for tasks to queue
[2024-11-11T04:02:48.268+0000] {logging_mixin.py:190} INFO - [2024-11-11T04:02:48.268+0000] {dagbag.py:588} INFO - Filling up the DagBag from /home/airflow/.local/lib/python3.12/site-packages/airflow/example_dags/example_xcomargs.py
[2024-11-11T04:02:48.274+0000] {processor.py:925} INFO - DAG(s) 'example_xcom_args', 'example_xcom_args_with_operators' retrieved from /home/airflow/.local/lib/python3.12/site-packages/airflow/example_dags/example_xcomargs.py
[2024-11-11T04:02:48.286+0000] {logging_mixin.py:190} INFO - [2024-11-11T04:02:48.286+0000] {dag.py:3239} INFO - Sync 2 DAGs
[2024-11-11T04:02:48.294+0000] {logging_mixin.py:190} INFO - [2024-11-11T04:02:48.293+0000] {dag.py:4180} INFO - Setting next_dagrun for example_xcom_args to None, run_after=None
[2024-11-11T04:02:48.295+0000] {logging_mixin.py:190} INFO - [2024-11-11T04:02:48.295+0000] {dag.py:4180} INFO - Setting next_dagrun for example_xcom_args_with_operators to None, run_after=None
[2024-11-11T04:02:48.303+0000] {processor.py:208} INFO - Processing /home/airflow/.local/lib/python3.12/site-packages/airflow/example_dags/example_xcomargs.py took 0.040 seconds
[2024-11-11T04:03:19.004+0000] {processor.py:186} INFO - Started process (PID=9609) to work on /home/airflow/.local/lib/python3.12/site-packages/airflow/example_dags/example_xcomargs.py
[2024-11-11T04:03:19.005+0000] {processor.py:914} INFO - Processing file /home/airflow/.local/lib/python3.12/site-packages/airflow/example_dags/example_xcomargs.py for tasks to queue
[2024-11-11T04:03:19.006+0000] {logging_mixin.py:190} INFO - [2024-11-11T04:03:19.006+0000] {dagbag.py:588} INFO - Filling up the DagBag from /home/airflow/.local/lib/python3.12/site-packages/airflow/example_dags/example_xcomargs.py
[2024-11-11T04:03:19.012+0000] {processor.py:925} INFO - DAG(s) 'example_xcom_args', 'example_xcom_args_with_operators' retrieved from /home/airflow/.local/lib/python3.12/site-packages/airflow/example_dags/example_xcomargs.py
[2024-11-11T04:03:19.024+0000] {logging_mixin.py:190} INFO - [2024-11-11T04:03:19.024+0000] {dag.py:3239} INFO - Sync 2 DAGs
[2024-11-11T04:03:19.031+0000] {logging_mixin.py:190} INFO - [2024-11-11T04:03:19.031+0000] {dag.py:4180} INFO - Setting next_dagrun for example_xcom_args to None, run_after=None
[2024-11-11T04:03:19.033+0000] {logging_mixin.py:190} INFO - [2024-11-11T04:03:19.032+0000] {dag.py:4180} INFO - Setting next_dagrun for example_xcom_args_with_operators to None, run_after=None
[2024-11-11T04:03:19.040+0000] {processor.py:208} INFO - Processing /home/airflow/.local/lib/python3.12/site-packages/airflow/example_dags/example_xcomargs.py took 0.040 seconds
[2024-11-11T04:03:49.861+0000] {processor.py:186} INFO - Started process (PID=9672) to work on /home/airflow/.local/lib/python3.12/site-packages/airflow/example_dags/example_xcomargs.py
[2024-11-11T04:03:49.862+0000] {processor.py:914} INFO - Processing file /home/airflow/.local/lib/python3.12/site-packages/airflow/example_dags/example_xcomargs.py for tasks to queue
[2024-11-11T04:03:49.863+0000] {logging_mixin.py:190} INFO - [2024-11-11T04:03:49.863+0000] {dagbag.py:588} INFO - Filling up the DagBag from /home/airflow/.local/lib/python3.12/site-packages/airflow/example_dags/example_xcomargs.py
[2024-11-11T04:03:49.869+0000] {processor.py:925} INFO - DAG(s) 'example_xcom_args_with_operators', 'example_xcom_args' retrieved from /home/airflow/.local/lib/python3.12/site-packages/airflow/example_dags/example_xcomargs.py
[2024-11-11T04:03:49.881+0000] {logging_mixin.py:190} INFO - [2024-11-11T04:03:49.880+0000] {dag.py:3239} INFO - Sync 2 DAGs
[2024-11-11T04:03:49.888+0000] {logging_mixin.py:190} INFO - [2024-11-11T04:03:49.888+0000] {dag.py:4180} INFO - Setting next_dagrun for example_xcom_args to None, run_after=None
[2024-11-11T04:03:49.890+0000] {logging_mixin.py:190} INFO - [2024-11-11T04:03:49.890+0000] {dag.py:4180} INFO - Setting next_dagrun for example_xcom_args_with_operators to None, run_after=None
[2024-11-11T04:03:49.897+0000] {processor.py:208} INFO - Processing /home/airflow/.local/lib/python3.12/site-packages/airflow/example_dags/example_xcomargs.py took 0.039 seconds
[2024-11-11T04:04:20.878+0000] {processor.py:186} INFO - Started process (PID=9735) to work on /home/airflow/.local/lib/python3.12/site-packages/airflow/example_dags/example_xcomargs.py
[2024-11-11T04:04:20.879+0000] {processor.py:914} INFO - Processing file /home/airflow/.local/lib/python3.12/site-packages/airflow/example_dags/example_xcomargs.py for tasks to queue
[2024-11-11T04:04:20.881+0000] {logging_mixin.py:190} INFO - [2024-11-11T04:04:20.880+0000] {dagbag.py:588} INFO - Filling up the DagBag from /home/airflow/.local/lib/python3.12/site-packages/airflow/example_dags/example_xcomargs.py
[2024-11-11T04:04:20.887+0000] {processor.py:925} INFO - DAG(s) 'example_xcom_args_with_operators', 'example_xcom_args' retrieved from /home/airflow/.local/lib/python3.12/site-packages/airflow/example_dags/example_xcomargs.py
[2024-11-11T04:04:20.901+0000] {logging_mixin.py:190} INFO - [2024-11-11T04:04:20.900+0000] {dag.py:3239} INFO - Sync 2 DAGs
[2024-11-11T04:04:20.909+0000] {logging_mixin.py:190} INFO - [2024-11-11T04:04:20.909+0000] {dag.py:4180} INFO - Setting next_dagrun for example_xcom_args to None, run_after=None
[2024-11-11T04:04:20.912+0000] {logging_mixin.py:190} INFO - [2024-11-11T04:04:20.911+0000] {dag.py:4180} INFO - Setting next_dagrun for example_xcom_args_with_operators to None, run_after=None
[2024-11-11T04:04:20.921+0000] {processor.py:208} INFO - Processing /home/airflow/.local/lib/python3.12/site-packages/airflow/example_dags/example_xcomargs.py took 0.048 seconds
[2024-11-11T04:04:51.839+0000] {processor.py:186} INFO - Started process (PID=9798) to work on /home/airflow/.local/lib/python3.12/site-packages/airflow/example_dags/example_xcomargs.py
[2024-11-11T04:04:51.840+0000] {processor.py:914} INFO - Processing file /home/airflow/.local/lib/python3.12/site-packages/airflow/example_dags/example_xcomargs.py for tasks to queue
[2024-11-11T04:04:51.842+0000] {logging_mixin.py:190} INFO - [2024-11-11T04:04:51.841+0000] {dagbag.py:588} INFO - Filling up the DagBag from /home/airflow/.local/lib/python3.12/site-packages/airflow/example_dags/example_xcomargs.py
[2024-11-11T04:04:51.848+0000] {processor.py:925} INFO - DAG(s) 'example_xcom_args', 'example_xcom_args_with_operators' retrieved from /home/airflow/.local/lib/python3.12/site-packages/airflow/example_dags/example_xcomargs.py
[2024-11-11T04:04:51.860+0000] {logging_mixin.py:190} INFO - [2024-11-11T04:04:51.860+0000] {dag.py:3239} INFO - Sync 2 DAGs
[2024-11-11T04:04:51.867+0000] {logging_mixin.py:190} INFO - [2024-11-11T04:04:51.867+0000] {dag.py:4180} INFO - Setting next_dagrun for example_xcom_args to None, run_after=None
[2024-11-11T04:04:51.870+0000] {logging_mixin.py:190} INFO - [2024-11-11T04:04:51.869+0000] {dag.py:4180} INFO - Setting next_dagrun for example_xcom_args_with_operators to None, run_after=None
[2024-11-11T04:04:51.877+0000] {processor.py:208} INFO - Processing /home/airflow/.local/lib/python3.12/site-packages/airflow/example_dags/example_xcomargs.py took 0.041 seconds
[2024-11-11T04:05:22.457+0000] {processor.py:186} INFO - Started process (PID=9861) to work on /home/airflow/.local/lib/python3.12/site-packages/airflow/example_dags/example_xcomargs.py
[2024-11-11T04:05:22.458+0000] {processor.py:914} INFO - Processing file /home/airflow/.local/lib/python3.12/site-packages/airflow/example_dags/example_xcomargs.py for tasks to queue
[2024-11-11T04:05:22.459+0000] {logging_mixin.py:190} INFO - [2024-11-11T04:05:22.459+0000] {dagbag.py:588} INFO - Filling up the DagBag from /home/airflow/.local/lib/python3.12/site-packages/airflow/example_dags/example_xcomargs.py
[2024-11-11T04:05:22.465+0000] {processor.py:925} INFO - DAG(s) 'example_xcom_args', 'example_xcom_args_with_operators' retrieved from /home/airflow/.local/lib/python3.12/site-packages/airflow/example_dags/example_xcomargs.py
[2024-11-11T04:05:22.478+0000] {logging_mixin.py:190} INFO - [2024-11-11T04:05:22.477+0000] {dag.py:3239} INFO - Sync 2 DAGs
[2024-11-11T04:05:22.485+0000] {logging_mixin.py:190} INFO - [2024-11-11T04:05:22.485+0000] {dag.py:4180} INFO - Setting next_dagrun for example_xcom_args to None, run_after=None
[2024-11-11T04:05:22.487+0000] {logging_mixin.py:190} INFO - [2024-11-11T04:05:22.487+0000] {dag.py:4180} INFO - Setting next_dagrun for example_xcom_args_with_operators to None, run_after=None
[2024-11-11T04:05:22.494+0000] {processor.py:208} INFO - Processing /home/airflow/.local/lib/python3.12/site-packages/airflow/example_dags/example_xcomargs.py took 0.041 seconds
[2024-11-11T04:05:53.129+0000] {processor.py:186} INFO - Started process (PID=9924) to work on /home/airflow/.local/lib/python3.12/site-packages/airflow/example_dags/example_xcomargs.py
[2024-11-11T04:05:53.130+0000] {processor.py:914} INFO - Processing file /home/airflow/.local/lib/python3.12/site-packages/airflow/example_dags/example_xcomargs.py for tasks to queue
[2024-11-11T04:05:53.132+0000] {logging_mixin.py:190} INFO - [2024-11-11T04:05:53.132+0000] {dagbag.py:588} INFO - Filling up the DagBag from /home/airflow/.local/lib/python3.12/site-packages/airflow/example_dags/example_xcomargs.py
[2024-11-11T04:05:53.138+0000] {processor.py:925} INFO - DAG(s) 'example_xcom_args_with_operators', 'example_xcom_args' retrieved from /home/airflow/.local/lib/python3.12/site-packages/airflow/example_dags/example_xcomargs.py
[2024-11-11T04:05:53.149+0000] {logging_mixin.py:190} INFO - [2024-11-11T04:05:53.149+0000] {dag.py:3239} INFO - Sync 2 DAGs
[2024-11-11T04:05:53.156+0000] {logging_mixin.py:190} INFO - [2024-11-11T04:05:53.156+0000] {dag.py:4180} INFO - Setting next_dagrun for example_xcom_args to None, run_after=None
[2024-11-11T04:05:53.158+0000] {logging_mixin.py:190} INFO - [2024-11-11T04:05:53.158+0000] {dag.py:4180} INFO - Setting next_dagrun for example_xcom_args_with_operators to None, run_after=None
[2024-11-11T04:05:53.165+0000] {processor.py:208} INFO - Processing /home/airflow/.local/lib/python3.12/site-packages/airflow/example_dags/example_xcomargs.py took 0.039 seconds
[2024-11-11T04:06:23.918+0000] {processor.py:186} INFO - Started process (PID=9987) to work on /home/airflow/.local/lib/python3.12/site-packages/airflow/example_dags/example_xcomargs.py
[2024-11-11T04:06:23.919+0000] {processor.py:914} INFO - Processing file /home/airflow/.local/lib/python3.12/site-packages/airflow/example_dags/example_xcomargs.py for tasks to queue
[2024-11-11T04:06:23.920+0000] {logging_mixin.py:190} INFO - [2024-11-11T04:06:23.920+0000] {dagbag.py:588} INFO - Filling up the DagBag from /home/airflow/.local/lib/python3.12/site-packages/airflow/example_dags/example_xcomargs.py
[2024-11-11T04:06:23.926+0000] {processor.py:925} INFO - DAG(s) 'example_xcom_args', 'example_xcom_args_with_operators' retrieved from /home/airflow/.local/lib/python3.12/site-packages/airflow/example_dags/example_xcomargs.py
[2024-11-11T04:06:23.938+0000] {logging_mixin.py:190} INFO - [2024-11-11T04:06:23.938+0000] {dag.py:3239} INFO - Sync 2 DAGs
[2024-11-11T04:06:23.946+0000] {logging_mixin.py:190} INFO - [2024-11-11T04:06:23.946+0000] {dag.py:4180} INFO - Setting next_dagrun for example_xcom_args to None, run_after=None
[2024-11-11T04:06:23.948+0000] {logging_mixin.py:190} INFO - [2024-11-11T04:06:23.948+0000] {dag.py:4180} INFO - Setting next_dagrun for example_xcom_args_with_operators to None, run_after=None
[2024-11-11T04:06:23.956+0000] {processor.py:208} INFO - Processing /home/airflow/.local/lib/python3.12/site-packages/airflow/example_dags/example_xcomargs.py took 0.042 seconds
[2024-11-11T04:06:54.768+0000] {processor.py:186} INFO - Started process (PID=10050) to work on /home/airflow/.local/lib/python3.12/site-packages/airflow/example_dags/example_xcomargs.py
[2024-11-11T04:06:54.769+0000] {processor.py:914} INFO - Processing file /home/airflow/.local/lib/python3.12/site-packages/airflow/example_dags/example_xcomargs.py for tasks to queue
[2024-11-11T04:06:54.770+0000] {logging_mixin.py:190} INFO - [2024-11-11T04:06:54.770+0000] {dagbag.py:588} INFO - Filling up the DagBag from /home/airflow/.local/lib/python3.12/site-packages/airflow/example_dags/example_xcomargs.py
[2024-11-11T04:06:54.776+0000] {processor.py:925} INFO - DAG(s) 'example_xcom_args', 'example_xcom_args_with_operators' retrieved from /home/airflow/.local/lib/python3.12/site-packages/airflow/example_dags/example_xcomargs.py
[2024-11-11T04:06:54.787+0000] {logging_mixin.py:190} INFO - [2024-11-11T04:06:54.787+0000] {dag.py:3239} INFO - Sync 2 DAGs
[2024-11-11T04:06:54.795+0000] {logging_mixin.py:190} INFO - [2024-11-11T04:06:54.795+0000] {dag.py:4180} INFO - Setting next_dagrun for example_xcom_args to None, run_after=None
[2024-11-11T04:06:54.797+0000] {logging_mixin.py:190} INFO - [2024-11-11T04:06:54.797+0000] {dag.py:4180} INFO - Setting next_dagrun for example_xcom_args_with_operators to None, run_after=None
[2024-11-11T04:06:54.804+0000] {processor.py:208} INFO - Processing /home/airflow/.local/lib/python3.12/site-packages/airflow/example_dags/example_xcomargs.py took 0.039 seconds
[2024-11-11T04:07:25.571+0000] {processor.py:186} INFO - Started process (PID=10113) to work on /home/airflow/.local/lib/python3.12/site-packages/airflow/example_dags/example_xcomargs.py
[2024-11-11T04:07:25.572+0000] {processor.py:914} INFO - Processing file /home/airflow/.local/lib/python3.12/site-packages/airflow/example_dags/example_xcomargs.py for tasks to queue
[2024-11-11T04:07:25.573+0000] {logging_mixin.py:190} INFO - [2024-11-11T04:07:25.573+0000] {dagbag.py:588} INFO - Filling up the DagBag from /home/airflow/.local/lib/python3.12/site-packages/airflow/example_dags/example_xcomargs.py
[2024-11-11T04:07:25.579+0000] {processor.py:925} INFO - DAG(s) 'example_xcom_args_with_operators', 'example_xcom_args' retrieved from /home/airflow/.local/lib/python3.12/site-packages/airflow/example_dags/example_xcomargs.py
[2024-11-11T04:07:25.592+0000] {logging_mixin.py:190} INFO - [2024-11-11T04:07:25.592+0000] {dag.py:3239} INFO - Sync 2 DAGs
[2024-11-11T04:07:25.600+0000] {logging_mixin.py:190} INFO - [2024-11-11T04:07:25.599+0000] {dag.py:4180} INFO - Setting next_dagrun for example_xcom_args to None, run_after=None
[2024-11-11T04:07:25.602+0000] {logging_mixin.py:190} INFO - [2024-11-11T04:07:25.601+0000] {dag.py:4180} INFO - Setting next_dagrun for example_xcom_args_with_operators to None, run_after=None
[2024-11-11T04:07:25.609+0000] {processor.py:208} INFO - Processing /home/airflow/.local/lib/python3.12/site-packages/airflow/example_dags/example_xcomargs.py took 0.042 seconds
[2024-11-11T04:07:56.329+0000] {processor.py:186} INFO - Started process (PID=10176) to work on /home/airflow/.local/lib/python3.12/site-packages/airflow/example_dags/example_xcomargs.py
[2024-11-11T04:07:56.329+0000] {processor.py:914} INFO - Processing file /home/airflow/.local/lib/python3.12/site-packages/airflow/example_dags/example_xcomargs.py for tasks to queue
[2024-11-11T04:07:56.331+0000] {logging_mixin.py:190} INFO - [2024-11-11T04:07:56.331+0000] {dagbag.py:588} INFO - Filling up the DagBag from /home/airflow/.local/lib/python3.12/site-packages/airflow/example_dags/example_xcomargs.py
[2024-11-11T04:07:56.337+0000] {processor.py:925} INFO - DAG(s) 'example_xcom_args_with_operators', 'example_xcom_args' retrieved from /home/airflow/.local/lib/python3.12/site-packages/airflow/example_dags/example_xcomargs.py
[2024-11-11T04:07:56.350+0000] {logging_mixin.py:190} INFO - [2024-11-11T04:07:56.349+0000] {dag.py:3239} INFO - Sync 2 DAGs
[2024-11-11T04:07:56.357+0000] {logging_mixin.py:190} INFO - [2024-11-11T04:07:56.357+0000] {dag.py:4180} INFO - Setting next_dagrun for example_xcom_args to None, run_after=None
[2024-11-11T04:07:56.359+0000] {logging_mixin.py:190} INFO - [2024-11-11T04:07:56.359+0000] {dag.py:4180} INFO - Setting next_dagrun for example_xcom_args_with_operators to None, run_after=None
[2024-11-11T04:07:56.367+0000] {processor.py:208} INFO - Processing /home/airflow/.local/lib/python3.12/site-packages/airflow/example_dags/example_xcomargs.py took 0.042 seconds
[2024-11-11T04:08:27.146+0000] {processor.py:186} INFO - Started process (PID=10239) to work on /home/airflow/.local/lib/python3.12/site-packages/airflow/example_dags/example_xcomargs.py
[2024-11-11T04:08:27.146+0000] {processor.py:914} INFO - Processing file /home/airflow/.local/lib/python3.12/site-packages/airflow/example_dags/example_xcomargs.py for tasks to queue
[2024-11-11T04:08:27.148+0000] {logging_mixin.py:190} INFO - [2024-11-11T04:08:27.148+0000] {dagbag.py:588} INFO - Filling up the DagBag from /home/airflow/.local/lib/python3.12/site-packages/airflow/example_dags/example_xcomargs.py
[2024-11-11T04:08:27.154+0000] {processor.py:925} INFO - DAG(s) 'example_xcom_args', 'example_xcom_args_with_operators' retrieved from /home/airflow/.local/lib/python3.12/site-packages/airflow/example_dags/example_xcomargs.py
[2024-11-11T04:08:27.165+0000] {logging_mixin.py:190} INFO - [2024-11-11T04:08:27.165+0000] {dag.py:3239} INFO - Sync 2 DAGs
[2024-11-11T04:08:27.172+0000] {logging_mixin.py:190} INFO - [2024-11-11T04:08:27.172+0000] {dag.py:4180} INFO - Setting next_dagrun for example_xcom_args to None, run_after=None
[2024-11-11T04:08:27.174+0000] {logging_mixin.py:190} INFO - [2024-11-11T04:08:27.174+0000] {dag.py:4180} INFO - Setting next_dagrun for example_xcom_args_with_operators to None, run_after=None
[2024-11-11T04:08:27.181+0000] {processor.py:208} INFO - Processing /home/airflow/.local/lib/python3.12/site-packages/airflow/example_dags/example_xcomargs.py took 0.038 seconds
[2024-11-11T04:08:57.825+0000] {processor.py:186} INFO - Started process (PID=10302) to work on /home/airflow/.local/lib/python3.12/site-packages/airflow/example_dags/example_xcomargs.py
[2024-11-11T04:08:57.826+0000] {processor.py:914} INFO - Processing file /home/airflow/.local/lib/python3.12/site-packages/airflow/example_dags/example_xcomargs.py for tasks to queue
[2024-11-11T04:08:57.827+0000] {logging_mixin.py:190} INFO - [2024-11-11T04:08:57.827+0000] {dagbag.py:588} INFO - Filling up the DagBag from /home/airflow/.local/lib/python3.12/site-packages/airflow/example_dags/example_xcomargs.py
[2024-11-11T04:08:57.833+0000] {processor.py:925} INFO - DAG(s) 'example_xcom_args', 'example_xcom_args_with_operators' retrieved from /home/airflow/.local/lib/python3.12/site-packages/airflow/example_dags/example_xcomargs.py
[2024-11-11T04:08:57.845+0000] {logging_mixin.py:190} INFO - [2024-11-11T04:08:57.845+0000] {dag.py:3239} INFO - Sync 2 DAGs
[2024-11-11T04:08:57.852+0000] {logging_mixin.py:190} INFO - [2024-11-11T04:08:57.852+0000] {dag.py:4180} INFO - Setting next_dagrun for example_xcom_args to None, run_after=None
[2024-11-11T04:08:57.854+0000] {logging_mixin.py:190} INFO - [2024-11-11T04:08:57.854+0000] {dag.py:4180} INFO - Setting next_dagrun for example_xcom_args_with_operators to None, run_after=None
[2024-11-11T04:08:57.862+0000] {processor.py:208} INFO - Processing /home/airflow/.local/lib/python3.12/site-packages/airflow/example_dags/example_xcomargs.py took 0.040 seconds
[2024-11-11T04:09:28.310+0000] {processor.py:186} INFO - Started process (PID=10365) to work on /home/airflow/.local/lib/python3.12/site-packages/airflow/example_dags/example_xcomargs.py
[2024-11-11T04:09:28.311+0000] {processor.py:914} INFO - Processing file /home/airflow/.local/lib/python3.12/site-packages/airflow/example_dags/example_xcomargs.py for tasks to queue
[2024-11-11T04:09:28.312+0000] {logging_mixin.py:190} INFO - [2024-11-11T04:09:28.312+0000] {dagbag.py:588} INFO - Filling up the DagBag from /home/airflow/.local/lib/python3.12/site-packages/airflow/example_dags/example_xcomargs.py
[2024-11-11T04:09:28.318+0000] {processor.py:925} INFO - DAG(s) 'example_xcom_args_with_operators', 'example_xcom_args' retrieved from /home/airflow/.local/lib/python3.12/site-packages/airflow/example_dags/example_xcomargs.py
[2024-11-11T04:09:28.330+0000] {logging_mixin.py:190} INFO - [2024-11-11T04:09:28.330+0000] {dag.py:3239} INFO - Sync 2 DAGs
[2024-11-11T04:09:28.337+0000] {logging_mixin.py:190} INFO - [2024-11-11T04:09:28.336+0000] {dag.py:4180} INFO - Setting next_dagrun for example_xcom_args to None, run_after=None
[2024-11-11T04:09:28.338+0000] {logging_mixin.py:190} INFO - [2024-11-11T04:09:28.338+0000] {dag.py:4180} INFO - Setting next_dagrun for example_xcom_args_with_operators to None, run_after=None
[2024-11-11T04:09:28.346+0000] {processor.py:208} INFO - Processing /home/airflow/.local/lib/python3.12/site-packages/airflow/example_dags/example_xcomargs.py took 0.039 seconds
[2024-11-11T04:09:59.839+0000] {processor.py:186} INFO - Started process (PID=10428) to work on /home/airflow/.local/lib/python3.12/site-packages/airflow/example_dags/example_xcomargs.py
[2024-11-11T04:09:59.840+0000] {processor.py:914} INFO - Processing file /home/airflow/.local/lib/python3.12/site-packages/airflow/example_dags/example_xcomargs.py for tasks to queue
[2024-11-11T04:09:59.842+0000] {logging_mixin.py:190} INFO - [2024-11-11T04:09:59.842+0000] {dagbag.py:588} INFO - Filling up the DagBag from /home/airflow/.local/lib/python3.12/site-packages/airflow/example_dags/example_xcomargs.py
[2024-11-11T04:09:59.848+0000] {processor.py:925} INFO - DAG(s) 'example_xcom_args_with_operators', 'example_xcom_args' retrieved from /home/airflow/.local/lib/python3.12/site-packages/airflow/example_dags/example_xcomargs.py
[2024-11-11T04:09:59.861+0000] {logging_mixin.py:190} INFO - [2024-11-11T04:09:59.860+0000] {dag.py:3239} INFO - Sync 2 DAGs
[2024-11-11T04:09:59.868+0000] {logging_mixin.py:190} INFO - [2024-11-11T04:09:59.868+0000] {dag.py:4180} INFO - Setting next_dagrun for example_xcom_args to None, run_after=None
[2024-11-11T04:09:59.870+0000] {logging_mixin.py:190} INFO - [2024-11-11T04:09:59.870+0000] {dag.py:4180} INFO - Setting next_dagrun for example_xcom_args_with_operators to None, run_after=None
[2024-11-11T04:09:59.878+0000] {processor.py:208} INFO - Processing /home/airflow/.local/lib/python3.12/site-packages/airflow/example_dags/example_xcomargs.py took 0.043 seconds
[2024-11-11T04:10:32.551+0000] {processor.py:186} INFO - Started process (PID=10491) to work on /home/airflow/.local/lib/python3.12/site-packages/airflow/example_dags/example_xcomargs.py
[2024-11-11T04:10:32.551+0000] {processor.py:914} INFO - Processing file /home/airflow/.local/lib/python3.12/site-packages/airflow/example_dags/example_xcomargs.py for tasks to queue
[2024-11-11T04:10:32.553+0000] {logging_mixin.py:190} INFO - [2024-11-11T04:10:32.552+0000] {dagbag.py:588} INFO - Filling up the DagBag from /home/airflow/.local/lib/python3.12/site-packages/airflow/example_dags/example_xcomargs.py
[2024-11-11T04:10:32.558+0000] {processor.py:925} INFO - DAG(s) 'example_xcom_args_with_operators', 'example_xcom_args' retrieved from /home/airflow/.local/lib/python3.12/site-packages/airflow/example_dags/example_xcomargs.py
[2024-11-11T04:10:32.570+0000] {logging_mixin.py:190} INFO - [2024-11-11T04:10:32.570+0000] {dag.py:3239} INFO - Sync 2 DAGs
[2024-11-11T04:10:32.673+0000] {logging_mixin.py:190} INFO - [2024-11-11T04:10:32.673+0000] {dag.py:4180} INFO - Setting next_dagrun for example_xcom_args to None, run_after=None
[2024-11-11T04:10:32.674+0000] {logging_mixin.py:190} INFO - [2024-11-11T04:10:32.674+0000] {dag.py:4180} INFO - Setting next_dagrun for example_xcom_args_with_operators to None, run_after=None
[2024-11-11T04:10:32.681+0000] {processor.py:208} INFO - Processing /home/airflow/.local/lib/python3.12/site-packages/airflow/example_dags/example_xcomargs.py took 0.133 seconds
[2024-11-11T04:11:02.766+0000] {processor.py:186} INFO - Started process (PID=10554) to work on /home/airflow/.local/lib/python3.12/site-packages/airflow/example_dags/example_xcomargs.py
[2024-11-11T04:11:02.767+0000] {processor.py:914} INFO - Processing file /home/airflow/.local/lib/python3.12/site-packages/airflow/example_dags/example_xcomargs.py for tasks to queue
[2024-11-11T04:11:02.769+0000] {logging_mixin.py:190} INFO - [2024-11-11T04:11:02.769+0000] {dagbag.py:588} INFO - Filling up the DagBag from /home/airflow/.local/lib/python3.12/site-packages/airflow/example_dags/example_xcomargs.py
[2024-11-11T04:11:02.775+0000] {processor.py:925} INFO - DAG(s) 'example_xcom_args_with_operators', 'example_xcom_args' retrieved from /home/airflow/.local/lib/python3.12/site-packages/airflow/example_dags/example_xcomargs.py
[2024-11-11T04:11:02.786+0000] {logging_mixin.py:190} INFO - [2024-11-11T04:11:02.786+0000] {dag.py:3239} INFO - Sync 2 DAGs
[2024-11-11T04:11:02.793+0000] {logging_mixin.py:190} INFO - [2024-11-11T04:11:02.793+0000] {dag.py:4180} INFO - Setting next_dagrun for example_xcom_args to None, run_after=None
[2024-11-11T04:11:02.795+0000] {logging_mixin.py:190} INFO - [2024-11-11T04:11:02.795+0000] {dag.py:4180} INFO - Setting next_dagrun for example_xcom_args_with_operators to None, run_after=None
[2024-11-11T04:11:02.803+0000] {processor.py:208} INFO - Processing /home/airflow/.local/lib/python3.12/site-packages/airflow/example_dags/example_xcomargs.py took 0.040 seconds
[2024-11-11T04:11:33.077+0000] {processor.py:186} INFO - Started process (PID=10616) to work on /home/airflow/.local/lib/python3.12/site-packages/airflow/example_dags/example_xcomargs.py
[2024-11-11T04:11:33.077+0000] {processor.py:914} INFO - Processing file /home/airflow/.local/lib/python3.12/site-packages/airflow/example_dags/example_xcomargs.py for tasks to queue
[2024-11-11T04:11:33.079+0000] {logging_mixin.py:190} INFO - [2024-11-11T04:11:33.079+0000] {dagbag.py:588} INFO - Filling up the DagBag from /home/airflow/.local/lib/python3.12/site-packages/airflow/example_dags/example_xcomargs.py
[2024-11-11T04:11:33.085+0000] {processor.py:925} INFO - DAG(s) 'example_xcom_args_with_operators', 'example_xcom_args' retrieved from /home/airflow/.local/lib/python3.12/site-packages/airflow/example_dags/example_xcomargs.py
[2024-11-11T04:11:33.096+0000] {logging_mixin.py:190} INFO - [2024-11-11T04:11:33.096+0000] {dag.py:3239} INFO - Sync 2 DAGs
[2024-11-11T04:11:33.103+0000] {logging_mixin.py:190} INFO - [2024-11-11T04:11:33.103+0000] {dag.py:4180} INFO - Setting next_dagrun for example_xcom_args to None, run_after=None
[2024-11-11T04:11:33.105+0000] {logging_mixin.py:190} INFO - [2024-11-11T04:11:33.105+0000] {dag.py:4180} INFO - Setting next_dagrun for example_xcom_args_with_operators to None, run_after=None
[2024-11-11T04:11:33.112+0000] {processor.py:208} INFO - Processing /home/airflow/.local/lib/python3.12/site-packages/airflow/example_dags/example_xcomargs.py took 0.038 seconds
[2024-11-11T04:12:04.435+0000] {processor.py:186} INFO - Started process (PID=10679) to work on /home/airflow/.local/lib/python3.12/site-packages/airflow/example_dags/example_xcomargs.py
[2024-11-11T04:12:04.435+0000] {processor.py:914} INFO - Processing file /home/airflow/.local/lib/python3.12/site-packages/airflow/example_dags/example_xcomargs.py for tasks to queue
[2024-11-11T04:12:04.437+0000] {logging_mixin.py:190} INFO - [2024-11-11T04:12:04.437+0000] {dagbag.py:588} INFO - Filling up the DagBag from /home/airflow/.local/lib/python3.12/site-packages/airflow/example_dags/example_xcomargs.py
[2024-11-11T04:12:04.443+0000] {processor.py:925} INFO - DAG(s) 'example_xcom_args_with_operators', 'example_xcom_args' retrieved from /home/airflow/.local/lib/python3.12/site-packages/airflow/example_dags/example_xcomargs.py
[2024-11-11T04:12:04.564+0000] {logging_mixin.py:190} INFO - [2024-11-11T04:12:04.564+0000] {dag.py:3239} INFO - Sync 2 DAGs
[2024-11-11T04:12:04.570+0000] {logging_mixin.py:190} INFO - [2024-11-11T04:12:04.570+0000] {dag.py:4180} INFO - Setting next_dagrun for example_xcom_args to None, run_after=None
[2024-11-11T04:12:04.572+0000] {logging_mixin.py:190} INFO - [2024-11-11T04:12:04.572+0000] {dag.py:4180} INFO - Setting next_dagrun for example_xcom_args_with_operators to None, run_after=None
[2024-11-11T04:12:04.580+0000] {processor.py:208} INFO - Processing /home/airflow/.local/lib/python3.12/site-packages/airflow/example_dags/example_xcomargs.py took 0.149 seconds
[2024-11-11T04:12:35.381+0000] {processor.py:186} INFO - Started process (PID=10743) to work on /home/airflow/.local/lib/python3.12/site-packages/airflow/example_dags/example_xcomargs.py
[2024-11-11T04:12:35.381+0000] {processor.py:914} INFO - Processing file /home/airflow/.local/lib/python3.12/site-packages/airflow/example_dags/example_xcomargs.py for tasks to queue
[2024-11-11T04:12:35.383+0000] {logging_mixin.py:190} INFO - [2024-11-11T04:12:35.383+0000] {dagbag.py:588} INFO - Filling up the DagBag from /home/airflow/.local/lib/python3.12/site-packages/airflow/example_dags/example_xcomargs.py
[2024-11-11T04:12:35.389+0000] {processor.py:925} INFO - DAG(s) 'example_xcom_args_with_operators', 'example_xcom_args' retrieved from /home/airflow/.local/lib/python3.12/site-packages/airflow/example_dags/example_xcomargs.py
[2024-11-11T04:12:35.400+0000] {logging_mixin.py:190} INFO - [2024-11-11T04:12:35.400+0000] {dag.py:3239} INFO - Sync 2 DAGs
[2024-11-11T04:12:35.407+0000] {logging_mixin.py:190} INFO - [2024-11-11T04:12:35.407+0000] {dag.py:4180} INFO - Setting next_dagrun for example_xcom_args to None, run_after=None
[2024-11-11T04:12:35.409+0000] {logging_mixin.py:190} INFO - [2024-11-11T04:12:35.409+0000] {dag.py:4180} INFO - Setting next_dagrun for example_xcom_args_with_operators to None, run_after=None
[2024-11-11T04:12:35.416+0000] {processor.py:208} INFO - Processing /home/airflow/.local/lib/python3.12/site-packages/airflow/example_dags/example_xcomargs.py took 0.038 seconds
[2024-11-11T04:13:05.871+0000] {processor.py:186} INFO - Started process (PID=10806) to work on /home/airflow/.local/lib/python3.12/site-packages/airflow/example_dags/example_xcomargs.py
[2024-11-11T04:13:05.872+0000] {processor.py:914} INFO - Processing file /home/airflow/.local/lib/python3.12/site-packages/airflow/example_dags/example_xcomargs.py for tasks to queue
[2024-11-11T04:13:05.873+0000] {logging_mixin.py:190} INFO - [2024-11-11T04:13:05.873+0000] {dagbag.py:588} INFO - Filling up the DagBag from /home/airflow/.local/lib/python3.12/site-packages/airflow/example_dags/example_xcomargs.py
[2024-11-11T04:13:05.879+0000] {processor.py:925} INFO - DAG(s) 'example_xcom_args', 'example_xcom_args_with_operators' retrieved from /home/airflow/.local/lib/python3.12/site-packages/airflow/example_dags/example_xcomargs.py
[2024-11-11T04:13:05.891+0000] {logging_mixin.py:190} INFO - [2024-11-11T04:13:05.891+0000] {dag.py:3239} INFO - Sync 2 DAGs
[2024-11-11T04:13:05.898+0000] {logging_mixin.py:190} INFO - [2024-11-11T04:13:05.898+0000] {dag.py:4180} INFO - Setting next_dagrun for example_xcom_args to None, run_after=None
[2024-11-11T04:13:05.900+0000] {logging_mixin.py:190} INFO - [2024-11-11T04:13:05.900+0000] {dag.py:4180} INFO - Setting next_dagrun for example_xcom_args_with_operators to None, run_after=None
[2024-11-11T04:13:05.907+0000] {processor.py:208} INFO - Processing /home/airflow/.local/lib/python3.12/site-packages/airflow/example_dags/example_xcomargs.py took 0.040 seconds
[2024-11-11T04:13:36.717+0000] {processor.py:186} INFO - Started process (PID=10869) to work on /home/airflow/.local/lib/python3.12/site-packages/airflow/example_dags/example_xcomargs.py
[2024-11-11T04:13:36.717+0000] {processor.py:914} INFO - Processing file /home/airflow/.local/lib/python3.12/site-packages/airflow/example_dags/example_xcomargs.py for tasks to queue
[2024-11-11T04:13:36.719+0000] {logging_mixin.py:190} INFO - [2024-11-11T04:13:36.719+0000] {dagbag.py:588} INFO - Filling up the DagBag from /home/airflow/.local/lib/python3.12/site-packages/airflow/example_dags/example_xcomargs.py
[2024-11-11T04:13:36.724+0000] {processor.py:925} INFO - DAG(s) 'example_xcom_args', 'example_xcom_args_with_operators' retrieved from /home/airflow/.local/lib/python3.12/site-packages/airflow/example_dags/example_xcomargs.py
[2024-11-11T04:13:36.736+0000] {logging_mixin.py:190} INFO - [2024-11-11T04:13:36.736+0000] {dag.py:3239} INFO - Sync 2 DAGs
[2024-11-11T04:13:36.743+0000] {logging_mixin.py:190} INFO - [2024-11-11T04:13:36.743+0000] {dag.py:4180} INFO - Setting next_dagrun for example_xcom_args to None, run_after=None
[2024-11-11T04:13:36.745+0000] {logging_mixin.py:190} INFO - [2024-11-11T04:13:36.745+0000] {dag.py:4180} INFO - Setting next_dagrun for example_xcom_args_with_operators to None, run_after=None
[2024-11-11T04:13:36.752+0000] {processor.py:208} INFO - Processing /home/airflow/.local/lib/python3.12/site-packages/airflow/example_dags/example_xcomargs.py took 0.039 seconds
[2024-11-11T04:47:37.170+0000] {processor.py:186} INFO - Started process (PID=10932) to work on /home/airflow/.local/lib/python3.12/site-packages/airflow/example_dags/example_xcomargs.py
[2024-11-11T04:47:37.171+0000] {processor.py:914} INFO - Processing file /home/airflow/.local/lib/python3.12/site-packages/airflow/example_dags/example_xcomargs.py for tasks to queue
[2024-11-11T04:47:37.176+0000] {logging_mixin.py:190} INFO - [2024-11-11T04:47:37.175+0000] {dagbag.py:588} INFO - Filling up the DagBag from /home/airflow/.local/lib/python3.12/site-packages/airflow/example_dags/example_xcomargs.py
[2024-11-11T04:47:37.182+0000] {processor.py:925} INFO - DAG(s) 'example_xcom_args_with_operators', 'example_xcom_args' retrieved from /home/airflow/.local/lib/python3.12/site-packages/airflow/example_dags/example_xcomargs.py
[2024-11-11T04:47:37.195+0000] {logging_mixin.py:190} INFO - [2024-11-11T04:47:37.195+0000] {dag.py:3239} INFO - Sync 2 DAGs
[2024-11-11T04:47:37.202+0000] {logging_mixin.py:190} INFO - [2024-11-11T04:47:37.202+0000] {dag.py:4180} INFO - Setting next_dagrun for example_xcom_args to None, run_after=None
[2024-11-11T04:47:37.205+0000] {logging_mixin.py:190} INFO - [2024-11-11T04:47:37.204+0000] {dag.py:4180} INFO - Setting next_dagrun for example_xcom_args_with_operators to None, run_after=None
[2024-11-11T04:47:37.212+0000] {processor.py:208} INFO - Processing /home/airflow/.local/lib/python3.12/site-packages/airflow/example_dags/example_xcomargs.py took 0.046 seconds
[2024-11-11T05:54:21.355+0000] {processor.py:186} INFO - Started process (PID=10994) to work on /home/airflow/.local/lib/python3.12/site-packages/airflow/example_dags/example_xcomargs.py
[2024-11-11T05:54:21.355+0000] {processor.py:914} INFO - Processing file /home/airflow/.local/lib/python3.12/site-packages/airflow/example_dags/example_xcomargs.py for tasks to queue
[2024-11-11T05:54:21.357+0000] {logging_mixin.py:190} INFO - [2024-11-11T05:54:21.357+0000] {dagbag.py:588} INFO - Filling up the DagBag from /home/airflow/.local/lib/python3.12/site-packages/airflow/example_dags/example_xcomargs.py
[2024-11-11T05:54:21.362+0000] {processor.py:925} INFO - DAG(s) 'example_xcom_args', 'example_xcom_args_with_operators' retrieved from /home/airflow/.local/lib/python3.12/site-packages/airflow/example_dags/example_xcomargs.py
[2024-11-11T05:54:21.374+0000] {logging_mixin.py:190} INFO - [2024-11-11T05:54:21.374+0000] {dag.py:3239} INFO - Sync 2 DAGs
[2024-11-11T05:54:21.381+0000] {logging_mixin.py:190} INFO - [2024-11-11T05:54:21.381+0000] {dag.py:4180} INFO - Setting next_dagrun for example_xcom_args to None, run_after=None
[2024-11-11T05:54:21.383+0000] {logging_mixin.py:190} INFO - [2024-11-11T05:54:21.383+0000] {dag.py:4180} INFO - Setting next_dagrun for example_xcom_args_with_operators to None, run_after=None
[2024-11-11T05:54:21.390+0000] {processor.py:208} INFO - Processing /home/airflow/.local/lib/python3.12/site-packages/airflow/example_dags/example_xcomargs.py took 0.039 seconds
[2024-11-11T05:54:51.770+0000] {processor.py:186} INFO - Started process (PID=11057) to work on /home/airflow/.local/lib/python3.12/site-packages/airflow/example_dags/example_xcomargs.py
[2024-11-11T05:54:51.770+0000] {processor.py:914} INFO - Processing file /home/airflow/.local/lib/python3.12/site-packages/airflow/example_dags/example_xcomargs.py for tasks to queue
[2024-11-11T05:54:51.772+0000] {logging_mixin.py:190} INFO - [2024-11-11T05:54:51.772+0000] {dagbag.py:588} INFO - Filling up the DagBag from /home/airflow/.local/lib/python3.12/site-packages/airflow/example_dags/example_xcomargs.py
[2024-11-11T05:54:51.778+0000] {processor.py:925} INFO - DAG(s) 'example_xcom_args_with_operators', 'example_xcom_args' retrieved from /home/airflow/.local/lib/python3.12/site-packages/airflow/example_dags/example_xcomargs.py
[2024-11-11T05:54:51.790+0000] {logging_mixin.py:190} INFO - [2024-11-11T05:54:51.790+0000] {dag.py:3239} INFO - Sync 2 DAGs
[2024-11-11T05:54:51.798+0000] {logging_mixin.py:190} INFO - [2024-11-11T05:54:51.798+0000] {dag.py:4180} INFO - Setting next_dagrun for example_xcom_args to None, run_after=None
[2024-11-11T05:54:51.800+0000] {logging_mixin.py:190} INFO - [2024-11-11T05:54:51.800+0000] {dag.py:4180} INFO - Setting next_dagrun for example_xcom_args_with_operators to None, run_after=None
[2024-11-11T05:54:51.807+0000] {processor.py:208} INFO - Processing /home/airflow/.local/lib/python3.12/site-packages/airflow/example_dags/example_xcomargs.py took 0.041 seconds
[2024-11-11T05:55:22.164+0000] {processor.py:186} INFO - Started process (PID=11120) to work on /home/airflow/.local/lib/python3.12/site-packages/airflow/example_dags/example_xcomargs.py
[2024-11-11T05:55:22.165+0000] {processor.py:914} INFO - Processing file /home/airflow/.local/lib/python3.12/site-packages/airflow/example_dags/example_xcomargs.py for tasks to queue
[2024-11-11T05:55:22.166+0000] {logging_mixin.py:190} INFO - [2024-11-11T05:55:22.166+0000] {dagbag.py:588} INFO - Filling up the DagBag from /home/airflow/.local/lib/python3.12/site-packages/airflow/example_dags/example_xcomargs.py
[2024-11-11T05:55:22.172+0000] {processor.py:925} INFO - DAG(s) 'example_xcom_args', 'example_xcom_args_with_operators' retrieved from /home/airflow/.local/lib/python3.12/site-packages/airflow/example_dags/example_xcomargs.py
[2024-11-11T05:55:22.183+0000] {logging_mixin.py:190} INFO - [2024-11-11T05:55:22.183+0000] {dag.py:3239} INFO - Sync 2 DAGs
[2024-11-11T05:55:22.190+0000] {logging_mixin.py:190} INFO - [2024-11-11T05:55:22.190+0000] {dag.py:4180} INFO - Setting next_dagrun for example_xcom_args to None, run_after=None
[2024-11-11T05:55:22.192+0000] {logging_mixin.py:190} INFO - [2024-11-11T05:55:22.192+0000] {dag.py:4180} INFO - Setting next_dagrun for example_xcom_args_with_operators to None, run_after=None
[2024-11-11T05:55:22.199+0000] {processor.py:208} INFO - Processing /home/airflow/.local/lib/python3.12/site-packages/airflow/example_dags/example_xcomargs.py took 0.039 seconds
[2024-11-11T05:55:52.763+0000] {processor.py:186} INFO - Started process (PID=11183) to work on /home/airflow/.local/lib/python3.12/site-packages/airflow/example_dags/example_xcomargs.py
[2024-11-11T05:55:52.764+0000] {processor.py:914} INFO - Processing file /home/airflow/.local/lib/python3.12/site-packages/airflow/example_dags/example_xcomargs.py for tasks to queue
[2024-11-11T05:55:52.765+0000] {logging_mixin.py:190} INFO - [2024-11-11T05:55:52.765+0000] {dagbag.py:588} INFO - Filling up the DagBag from /home/airflow/.local/lib/python3.12/site-packages/airflow/example_dags/example_xcomargs.py
[2024-11-11T05:55:52.771+0000] {processor.py:925} INFO - DAG(s) 'example_xcom_args', 'example_xcom_args_with_operators' retrieved from /home/airflow/.local/lib/python3.12/site-packages/airflow/example_dags/example_xcomargs.py
[2024-11-11T05:55:52.783+0000] {logging_mixin.py:190} INFO - [2024-11-11T05:55:52.783+0000] {dag.py:3239} INFO - Sync 2 DAGs
[2024-11-11T05:55:52.790+0000] {logging_mixin.py:190} INFO - [2024-11-11T05:55:52.790+0000] {dag.py:4180} INFO - Setting next_dagrun for example_xcom_args to None, run_after=None
[2024-11-11T05:55:52.792+0000] {logging_mixin.py:190} INFO - [2024-11-11T05:55:52.792+0000] {dag.py:4180} INFO - Setting next_dagrun for example_xcom_args_with_operators to None, run_after=None
[2024-11-11T05:55:52.800+0000] {processor.py:208} INFO - Processing /home/airflow/.local/lib/python3.12/site-packages/airflow/example_dags/example_xcomargs.py took 0.040 seconds
[2024-11-11T05:56:23.193+0000] {processor.py:186} INFO - Started process (PID=11246) to work on /home/airflow/.local/lib/python3.12/site-packages/airflow/example_dags/example_xcomargs.py
[2024-11-11T05:56:23.194+0000] {processor.py:914} INFO - Processing file /home/airflow/.local/lib/python3.12/site-packages/airflow/example_dags/example_xcomargs.py for tasks to queue
[2024-11-11T05:56:23.196+0000] {logging_mixin.py:190} INFO - [2024-11-11T05:56:23.195+0000] {dagbag.py:588} INFO - Filling up the DagBag from /home/airflow/.local/lib/python3.12/site-packages/airflow/example_dags/example_xcomargs.py
[2024-11-11T05:56:23.201+0000] {processor.py:925} INFO - DAG(s) 'example_xcom_args_with_operators', 'example_xcom_args' retrieved from /home/airflow/.local/lib/python3.12/site-packages/airflow/example_dags/example_xcomargs.py
[2024-11-11T05:56:23.214+0000] {logging_mixin.py:190} INFO - [2024-11-11T05:56:23.213+0000] {dag.py:3239} INFO - Sync 2 DAGs
[2024-11-11T05:56:23.221+0000] {logging_mixin.py:190} INFO - [2024-11-11T05:56:23.221+0000] {dag.py:4180} INFO - Setting next_dagrun for example_xcom_args to None, run_after=None
[2024-11-11T05:56:23.223+0000] {logging_mixin.py:190} INFO - [2024-11-11T05:56:23.223+0000] {dag.py:4180} INFO - Setting next_dagrun for example_xcom_args_with_operators to None, run_after=None
[2024-11-11T05:56:23.231+0000] {processor.py:208} INFO - Processing /home/airflow/.local/lib/python3.12/site-packages/airflow/example_dags/example_xcomargs.py took 0.042 seconds
[2024-11-11T05:56:53.479+0000] {processor.py:186} INFO - Started process (PID=11309) to work on /home/airflow/.local/lib/python3.12/site-packages/airflow/example_dags/example_xcomargs.py
[2024-11-11T05:56:53.479+0000] {processor.py:914} INFO - Processing file /home/airflow/.local/lib/python3.12/site-packages/airflow/example_dags/example_xcomargs.py for tasks to queue
[2024-11-11T05:56:53.481+0000] {logging_mixin.py:190} INFO - [2024-11-11T05:56:53.481+0000] {dagbag.py:588} INFO - Filling up the DagBag from /home/airflow/.local/lib/python3.12/site-packages/airflow/example_dags/example_xcomargs.py
[2024-11-11T05:56:53.486+0000] {processor.py:925} INFO - DAG(s) 'example_xcom_args_with_operators', 'example_xcom_args' retrieved from /home/airflow/.local/lib/python3.12/site-packages/airflow/example_dags/example_xcomargs.py
[2024-11-11T05:56:53.498+0000] {logging_mixin.py:190} INFO - [2024-11-11T05:56:53.498+0000] {dag.py:3239} INFO - Sync 2 DAGs
[2024-11-11T05:56:53.505+0000] {logging_mixin.py:190} INFO - [2024-11-11T05:56:53.505+0000] {dag.py:4180} INFO - Setting next_dagrun for example_xcom_args to None, run_after=None
[2024-11-11T05:56:53.507+0000] {logging_mixin.py:190} INFO - [2024-11-11T05:56:53.507+0000] {dag.py:4180} INFO - Setting next_dagrun for example_xcom_args_with_operators to None, run_after=None
[2024-11-11T05:56:53.515+0000] {processor.py:208} INFO - Processing /home/airflow/.local/lib/python3.12/site-packages/airflow/example_dags/example_xcomargs.py took 0.039 seconds
