[2024-11-11T02:24:38.234+0000] {processor.py:186} INFO - Started process (PID=69) to work on /home/airflow/.local/lib/python3.12/site-packages/airflow/example_dags/example_dynamic_task_mapping_with_no_taskflow_operators.py
[2024-11-11T02:24:38.235+0000] {processor.py:914} INFO - Processing file /home/airflow/.local/lib/python3.12/site-packages/airflow/example_dags/example_dynamic_task_mapping_with_no_taskflow_operators.py for tasks to queue
[2024-11-11T02:24:38.236+0000] {logging_mixin.py:190} INFO - [2024-11-11T02:24:38.236+0000] {dagbag.py:588} INFO - Filling up the DagBag from /home/airflow/.local/lib/python3.12/site-packages/airflow/example_dags/example_dynamic_task_mapping_with_no_taskflow_operators.py
[2024-11-11T02:24:38.242+0000] {processor.py:925} INFO - DAG(s) 'example_dynamic_task_mapping_with_no_taskflow_operators' retrieved from /home/airflow/.local/lib/python3.12/site-packages/airflow/example_dags/example_dynamic_task_mapping_with_no_taskflow_operators.py
[2024-11-11T02:24:38.292+0000] {logging_mixin.py:190} INFO - [2024-11-11T02:24:38.292+0000] {override.py:1911} INFO - Created Permission View: can edit on DAG:example_dynamic_task_mapping_with_no_taskflow_operators
[2024-11-11T02:24:38.298+0000] {logging_mixin.py:190} INFO - [2024-11-11T02:24:38.297+0000] {override.py:1911} INFO - Created Permission View: can read on DAG:example_dynamic_task_mapping_with_no_taskflow_operators
[2024-11-11T02:24:38.300+0000] {logging_mixin.py:190} INFO - [2024-11-11T02:24:38.300+0000] {override.py:1911} INFO - Created Permission View: can delete on DAG:example_dynamic_task_mapping_with_no_taskflow_operators
[2024-11-11T02:24:38.303+0000] {logging_mixin.py:190} INFO - [2024-11-11T02:24:38.303+0000] {override.py:1911} INFO - Created Permission View: can read on DAG Run:example_dynamic_task_mapping_with_no_taskflow_operators
[2024-11-11T02:24:38.307+0000] {logging_mixin.py:190} INFO - [2024-11-11T02:24:38.306+0000] {override.py:1911} INFO - Created Permission View: can create on DAG Run:example_dynamic_task_mapping_with_no_taskflow_operators
[2024-11-11T02:24:38.309+0000] {logging_mixin.py:190} INFO - [2024-11-11T02:24:38.309+0000] {override.py:1911} INFO - Created Permission View: can delete on DAG Run:example_dynamic_task_mapping_with_no_taskflow_operators
[2024-11-11T02:24:38.311+0000] {logging_mixin.py:190} INFO - [2024-11-11T02:24:38.311+0000] {override.py:1911} INFO - Created Permission View: menu access on DAG Run:example_dynamic_task_mapping_with_no_taskflow_operators
[2024-11-11T02:24:38.312+0000] {logging_mixin.py:190} INFO - [2024-11-11T02:24:38.312+0000] {dag.py:3239} INFO - Sync 1 DAGs
[2024-11-11T02:24:38.317+0000] {logging_mixin.py:190} INFO - [2024-11-11T02:24:38.317+0000] {dag.py:3262} INFO - Creating ORM DAG for example_dynamic_task_mapping_with_no_taskflow_operators
[2024-11-11T02:24:38.318+0000] {logging_mixin.py:190} INFO - [2024-11-11T02:24:38.318+0000] {dag.py:4180} INFO - Setting next_dagrun for example_dynamic_task_mapping_with_no_taskflow_operators to None, run_after=None
[2024-11-11T02:24:38.324+0000] {processor.py:208} INFO - Processing /home/airflow/.local/lib/python3.12/site-packages/airflow/example_dags/example_dynamic_task_mapping_with_no_taskflow_operators.py took 0.094 seconds
[2024-11-11T02:25:08.752+0000] {processor.py:186} INFO - Started process (PID=132) to work on /home/airflow/.local/lib/python3.12/site-packages/airflow/example_dags/example_dynamic_task_mapping_with_no_taskflow_operators.py
[2024-11-11T02:25:08.753+0000] {processor.py:914} INFO - Processing file /home/airflow/.local/lib/python3.12/site-packages/airflow/example_dags/example_dynamic_task_mapping_with_no_taskflow_operators.py for tasks to queue
[2024-11-11T02:25:08.754+0000] {logging_mixin.py:190} INFO - [2024-11-11T02:25:08.754+0000] {dagbag.py:588} INFO - Filling up the DagBag from /home/airflow/.local/lib/python3.12/site-packages/airflow/example_dags/example_dynamic_task_mapping_with_no_taskflow_operators.py
[2024-11-11T02:25:08.760+0000] {processor.py:925} INFO - DAG(s) 'example_dynamic_task_mapping_with_no_taskflow_operators' retrieved from /home/airflow/.local/lib/python3.12/site-packages/airflow/example_dags/example_dynamic_task_mapping_with_no_taskflow_operators.py
[2024-11-11T02:25:08.770+0000] {logging_mixin.py:190} INFO - [2024-11-11T02:25:08.770+0000] {dag.py:3239} INFO - Sync 1 DAGs
[2024-11-11T02:25:08.777+0000] {logging_mixin.py:190} INFO - [2024-11-11T02:25:08.777+0000] {dag.py:4180} INFO - Setting next_dagrun for example_dynamic_task_mapping_with_no_taskflow_operators to None, run_after=None
[2024-11-11T02:25:08.785+0000] {processor.py:208} INFO - Processing /home/airflow/.local/lib/python3.12/site-packages/airflow/example_dags/example_dynamic_task_mapping_with_no_taskflow_operators.py took 0.036 seconds
[2024-11-11T02:25:39.496+0000] {processor.py:186} INFO - Started process (PID=195) to work on /home/airflow/.local/lib/python3.12/site-packages/airflow/example_dags/example_dynamic_task_mapping_with_no_taskflow_operators.py
[2024-11-11T02:25:39.496+0000] {processor.py:914} INFO - Processing file /home/airflow/.local/lib/python3.12/site-packages/airflow/example_dags/example_dynamic_task_mapping_with_no_taskflow_operators.py for tasks to queue
[2024-11-11T02:25:39.498+0000] {logging_mixin.py:190} INFO - [2024-11-11T02:25:39.498+0000] {dagbag.py:588} INFO - Filling up the DagBag from /home/airflow/.local/lib/python3.12/site-packages/airflow/example_dags/example_dynamic_task_mapping_with_no_taskflow_operators.py
[2024-11-11T02:25:39.504+0000] {processor.py:925} INFO - DAG(s) 'example_dynamic_task_mapping_with_no_taskflow_operators' retrieved from /home/airflow/.local/lib/python3.12/site-packages/airflow/example_dags/example_dynamic_task_mapping_with_no_taskflow_operators.py
[2024-11-11T02:25:39.514+0000] {logging_mixin.py:190} INFO - [2024-11-11T02:25:39.514+0000] {dag.py:3239} INFO - Sync 1 DAGs
[2024-11-11T02:25:39.521+0000] {logging_mixin.py:190} INFO - [2024-11-11T02:25:39.521+0000] {dag.py:4180} INFO - Setting next_dagrun for example_dynamic_task_mapping_with_no_taskflow_operators to None, run_after=None
[2024-11-11T02:25:39.529+0000] {processor.py:208} INFO - Processing /home/airflow/.local/lib/python3.12/site-packages/airflow/example_dags/example_dynamic_task_mapping_with_no_taskflow_operators.py took 0.037 seconds
[2024-11-11T02:26:10.156+0000] {processor.py:186} INFO - Started process (PID=258) to work on /home/airflow/.local/lib/python3.12/site-packages/airflow/example_dags/example_dynamic_task_mapping_with_no_taskflow_operators.py
[2024-11-11T02:26:10.157+0000] {processor.py:914} INFO - Processing file /home/airflow/.local/lib/python3.12/site-packages/airflow/example_dags/example_dynamic_task_mapping_with_no_taskflow_operators.py for tasks to queue
[2024-11-11T02:26:10.158+0000] {logging_mixin.py:190} INFO - [2024-11-11T02:26:10.158+0000] {dagbag.py:588} INFO - Filling up the DagBag from /home/airflow/.local/lib/python3.12/site-packages/airflow/example_dags/example_dynamic_task_mapping_with_no_taskflow_operators.py
[2024-11-11T02:26:10.163+0000] {processor.py:925} INFO - DAG(s) 'example_dynamic_task_mapping_with_no_taskflow_operators' retrieved from /home/airflow/.local/lib/python3.12/site-packages/airflow/example_dags/example_dynamic_task_mapping_with_no_taskflow_operators.py
[2024-11-11T02:26:10.174+0000] {logging_mixin.py:190} INFO - [2024-11-11T02:26:10.174+0000] {dag.py:3239} INFO - Sync 1 DAGs
[2024-11-11T02:26:10.181+0000] {logging_mixin.py:190} INFO - [2024-11-11T02:26:10.181+0000] {dag.py:4180} INFO - Setting next_dagrun for example_dynamic_task_mapping_with_no_taskflow_operators to None, run_after=None
[2024-11-11T02:26:10.189+0000] {processor.py:208} INFO - Processing /home/airflow/.local/lib/python3.12/site-packages/airflow/example_dags/example_dynamic_task_mapping_with_no_taskflow_operators.py took 0.036 seconds
[2024-11-11T02:26:40.775+0000] {processor.py:186} INFO - Started process (PID=321) to work on /home/airflow/.local/lib/python3.12/site-packages/airflow/example_dags/example_dynamic_task_mapping_with_no_taskflow_operators.py
[2024-11-11T02:26:40.775+0000] {processor.py:914} INFO - Processing file /home/airflow/.local/lib/python3.12/site-packages/airflow/example_dags/example_dynamic_task_mapping_with_no_taskflow_operators.py for tasks to queue
[2024-11-11T02:26:40.777+0000] {logging_mixin.py:190} INFO - [2024-11-11T02:26:40.776+0000] {dagbag.py:588} INFO - Filling up the DagBag from /home/airflow/.local/lib/python3.12/site-packages/airflow/example_dags/example_dynamic_task_mapping_with_no_taskflow_operators.py
[2024-11-11T02:26:40.782+0000] {processor.py:925} INFO - DAG(s) 'example_dynamic_task_mapping_with_no_taskflow_operators' retrieved from /home/airflow/.local/lib/python3.12/site-packages/airflow/example_dags/example_dynamic_task_mapping_with_no_taskflow_operators.py
[2024-11-11T02:26:40.792+0000] {logging_mixin.py:190} INFO - [2024-11-11T02:26:40.792+0000] {dag.py:3239} INFO - Sync 1 DAGs
[2024-11-11T02:26:40.799+0000] {logging_mixin.py:190} INFO - [2024-11-11T02:26:40.799+0000] {dag.py:4180} INFO - Setting next_dagrun for example_dynamic_task_mapping_with_no_taskflow_operators to None, run_after=None
[2024-11-11T02:26:40.807+0000] {processor.py:208} INFO - Processing /home/airflow/.local/lib/python3.12/site-packages/airflow/example_dags/example_dynamic_task_mapping_with_no_taskflow_operators.py took 0.036 seconds
[2024-11-11T02:27:11.366+0000] {processor.py:186} INFO - Started process (PID=384) to work on /home/airflow/.local/lib/python3.12/site-packages/airflow/example_dags/example_dynamic_task_mapping_with_no_taskflow_operators.py
[2024-11-11T02:27:11.366+0000] {processor.py:914} INFO - Processing file /home/airflow/.local/lib/python3.12/site-packages/airflow/example_dags/example_dynamic_task_mapping_with_no_taskflow_operators.py for tasks to queue
[2024-11-11T02:27:11.368+0000] {logging_mixin.py:190} INFO - [2024-11-11T02:27:11.368+0000] {dagbag.py:588} INFO - Filling up the DagBag from /home/airflow/.local/lib/python3.12/site-packages/airflow/example_dags/example_dynamic_task_mapping_with_no_taskflow_operators.py
[2024-11-11T02:27:11.373+0000] {processor.py:925} INFO - DAG(s) 'example_dynamic_task_mapping_with_no_taskflow_operators' retrieved from /home/airflow/.local/lib/python3.12/site-packages/airflow/example_dags/example_dynamic_task_mapping_with_no_taskflow_operators.py
[2024-11-11T02:27:11.383+0000] {logging_mixin.py:190} INFO - [2024-11-11T02:27:11.383+0000] {dag.py:3239} INFO - Sync 1 DAGs
[2024-11-11T02:27:11.390+0000] {logging_mixin.py:190} INFO - [2024-11-11T02:27:11.390+0000] {dag.py:4180} INFO - Setting next_dagrun for example_dynamic_task_mapping_with_no_taskflow_operators to None, run_after=None
[2024-11-11T02:27:11.398+0000] {processor.py:208} INFO - Processing /home/airflow/.local/lib/python3.12/site-packages/airflow/example_dags/example_dynamic_task_mapping_with_no_taskflow_operators.py took 0.035 seconds
[2024-11-11T02:27:41.967+0000] {processor.py:186} INFO - Started process (PID=447) to work on /home/airflow/.local/lib/python3.12/site-packages/airflow/example_dags/example_dynamic_task_mapping_with_no_taskflow_operators.py
[2024-11-11T02:27:41.967+0000] {processor.py:914} INFO - Processing file /home/airflow/.local/lib/python3.12/site-packages/airflow/example_dags/example_dynamic_task_mapping_with_no_taskflow_operators.py for tasks to queue
[2024-11-11T02:27:41.969+0000] {logging_mixin.py:190} INFO - [2024-11-11T02:27:41.969+0000] {dagbag.py:588} INFO - Filling up the DagBag from /home/airflow/.local/lib/python3.12/site-packages/airflow/example_dags/example_dynamic_task_mapping_with_no_taskflow_operators.py
[2024-11-11T02:27:41.974+0000] {processor.py:925} INFO - DAG(s) 'example_dynamic_task_mapping_with_no_taskflow_operators' retrieved from /home/airflow/.local/lib/python3.12/site-packages/airflow/example_dags/example_dynamic_task_mapping_with_no_taskflow_operators.py
[2024-11-11T02:27:41.984+0000] {logging_mixin.py:190} INFO - [2024-11-11T02:27:41.984+0000] {dag.py:3239} INFO - Sync 1 DAGs
[2024-11-11T02:27:41.992+0000] {logging_mixin.py:190} INFO - [2024-11-11T02:27:41.991+0000] {dag.py:4180} INFO - Setting next_dagrun for example_dynamic_task_mapping_with_no_taskflow_operators to None, run_after=None
[2024-11-11T02:27:42.000+0000] {processor.py:208} INFO - Processing /home/airflow/.local/lib/python3.12/site-packages/airflow/example_dags/example_dynamic_task_mapping_with_no_taskflow_operators.py took 0.037 seconds
[2024-11-11T02:28:12.615+0000] {processor.py:186} INFO - Started process (PID=510) to work on /home/airflow/.local/lib/python3.12/site-packages/airflow/example_dags/example_dynamic_task_mapping_with_no_taskflow_operators.py
[2024-11-11T02:28:12.616+0000] {processor.py:914} INFO - Processing file /home/airflow/.local/lib/python3.12/site-packages/airflow/example_dags/example_dynamic_task_mapping_with_no_taskflow_operators.py for tasks to queue
[2024-11-11T02:28:12.617+0000] {logging_mixin.py:190} INFO - [2024-11-11T02:28:12.617+0000] {dagbag.py:588} INFO - Filling up the DagBag from /home/airflow/.local/lib/python3.12/site-packages/airflow/example_dags/example_dynamic_task_mapping_with_no_taskflow_operators.py
[2024-11-11T02:28:12.622+0000] {processor.py:925} INFO - DAG(s) 'example_dynamic_task_mapping_with_no_taskflow_operators' retrieved from /home/airflow/.local/lib/python3.12/site-packages/airflow/example_dags/example_dynamic_task_mapping_with_no_taskflow_operators.py
[2024-11-11T02:28:12.632+0000] {logging_mixin.py:190} INFO - [2024-11-11T02:28:12.632+0000] {dag.py:3239} INFO - Sync 1 DAGs
[2024-11-11T02:28:12.638+0000] {logging_mixin.py:190} INFO - [2024-11-11T02:28:12.638+0000] {dag.py:4180} INFO - Setting next_dagrun for example_dynamic_task_mapping_with_no_taskflow_operators to None, run_after=None
[2024-11-11T02:28:12.646+0000] {processor.py:208} INFO - Processing /home/airflow/.local/lib/python3.12/site-packages/airflow/example_dags/example_dynamic_task_mapping_with_no_taskflow_operators.py took 0.034 seconds
[2024-11-11T02:28:43.245+0000] {processor.py:186} INFO - Started process (PID=573) to work on /home/airflow/.local/lib/python3.12/site-packages/airflow/example_dags/example_dynamic_task_mapping_with_no_taskflow_operators.py
[2024-11-11T02:28:43.246+0000] {processor.py:914} INFO - Processing file /home/airflow/.local/lib/python3.12/site-packages/airflow/example_dags/example_dynamic_task_mapping_with_no_taskflow_operators.py for tasks to queue
[2024-11-11T02:28:43.247+0000] {logging_mixin.py:190} INFO - [2024-11-11T02:28:43.247+0000] {dagbag.py:588} INFO - Filling up the DagBag from /home/airflow/.local/lib/python3.12/site-packages/airflow/example_dags/example_dynamic_task_mapping_with_no_taskflow_operators.py
[2024-11-11T02:28:43.252+0000] {processor.py:925} INFO - DAG(s) 'example_dynamic_task_mapping_with_no_taskflow_operators' retrieved from /home/airflow/.local/lib/python3.12/site-packages/airflow/example_dags/example_dynamic_task_mapping_with_no_taskflow_operators.py
[2024-11-11T02:28:43.261+0000] {logging_mixin.py:190} INFO - [2024-11-11T02:28:43.261+0000] {dag.py:3239} INFO - Sync 1 DAGs
[2024-11-11T02:28:43.268+0000] {logging_mixin.py:190} INFO - [2024-11-11T02:28:43.268+0000] {dag.py:4180} INFO - Setting next_dagrun for example_dynamic_task_mapping_with_no_taskflow_operators to None, run_after=None
[2024-11-11T02:28:43.275+0000] {processor.py:208} INFO - Processing /home/airflow/.local/lib/python3.12/site-packages/airflow/example_dags/example_dynamic_task_mapping_with_no_taskflow_operators.py took 0.033 seconds
[2024-11-11T02:29:13.852+0000] {processor.py:186} INFO - Started process (PID=636) to work on /home/airflow/.local/lib/python3.12/site-packages/airflow/example_dags/example_dynamic_task_mapping_with_no_taskflow_operators.py
[2024-11-11T02:29:13.852+0000] {processor.py:914} INFO - Processing file /home/airflow/.local/lib/python3.12/site-packages/airflow/example_dags/example_dynamic_task_mapping_with_no_taskflow_operators.py for tasks to queue
[2024-11-11T02:29:13.854+0000] {logging_mixin.py:190} INFO - [2024-11-11T02:29:13.853+0000] {dagbag.py:588} INFO - Filling up the DagBag from /home/airflow/.local/lib/python3.12/site-packages/airflow/example_dags/example_dynamic_task_mapping_with_no_taskflow_operators.py
[2024-11-11T02:29:13.858+0000] {processor.py:925} INFO - DAG(s) 'example_dynamic_task_mapping_with_no_taskflow_operators' retrieved from /home/airflow/.local/lib/python3.12/site-packages/airflow/example_dags/example_dynamic_task_mapping_with_no_taskflow_operators.py
[2024-11-11T02:29:13.868+0000] {logging_mixin.py:190} INFO - [2024-11-11T02:29:13.868+0000] {dag.py:3239} INFO - Sync 1 DAGs
[2024-11-11T02:29:13.874+0000] {logging_mixin.py:190} INFO - [2024-11-11T02:29:13.874+0000] {dag.py:4180} INFO - Setting next_dagrun for example_dynamic_task_mapping_with_no_taskflow_operators to None, run_after=None
[2024-11-11T02:29:13.882+0000] {processor.py:208} INFO - Processing /home/airflow/.local/lib/python3.12/site-packages/airflow/example_dags/example_dynamic_task_mapping_with_no_taskflow_operators.py took 0.033 seconds
[2024-11-11T02:29:44.676+0000] {processor.py:186} INFO - Started process (PID=699) to work on /home/airflow/.local/lib/python3.12/site-packages/airflow/example_dags/example_dynamic_task_mapping_with_no_taskflow_operators.py
[2024-11-11T02:29:44.677+0000] {processor.py:914} INFO - Processing file /home/airflow/.local/lib/python3.12/site-packages/airflow/example_dags/example_dynamic_task_mapping_with_no_taskflow_operators.py for tasks to queue
[2024-11-11T02:29:44.678+0000] {logging_mixin.py:190} INFO - [2024-11-11T02:29:44.678+0000] {dagbag.py:588} INFO - Filling up the DagBag from /home/airflow/.local/lib/python3.12/site-packages/airflow/example_dags/example_dynamic_task_mapping_with_no_taskflow_operators.py
[2024-11-11T02:29:44.683+0000] {processor.py:925} INFO - DAG(s) 'example_dynamic_task_mapping_with_no_taskflow_operators' retrieved from /home/airflow/.local/lib/python3.12/site-packages/airflow/example_dags/example_dynamic_task_mapping_with_no_taskflow_operators.py
[2024-11-11T02:29:44.694+0000] {logging_mixin.py:190} INFO - [2024-11-11T02:29:44.694+0000] {dag.py:3239} INFO - Sync 1 DAGs
[2024-11-11T02:29:44.700+0000] {logging_mixin.py:190} INFO - [2024-11-11T02:29:44.700+0000] {dag.py:4180} INFO - Setting next_dagrun for example_dynamic_task_mapping_with_no_taskflow_operators to None, run_after=None
[2024-11-11T02:29:44.708+0000] {processor.py:208} INFO - Processing /home/airflow/.local/lib/python3.12/site-packages/airflow/example_dags/example_dynamic_task_mapping_with_no_taskflow_operators.py took 0.035 seconds
[2024-11-11T02:30:15.295+0000] {processor.py:186} INFO - Started process (PID=761) to work on /home/airflow/.local/lib/python3.12/site-packages/airflow/example_dags/example_dynamic_task_mapping_with_no_taskflow_operators.py
[2024-11-11T02:30:15.296+0000] {processor.py:914} INFO - Processing file /home/airflow/.local/lib/python3.12/site-packages/airflow/example_dags/example_dynamic_task_mapping_with_no_taskflow_operators.py for tasks to queue
[2024-11-11T02:30:15.297+0000] {logging_mixin.py:190} INFO - [2024-11-11T02:30:15.297+0000] {dagbag.py:588} INFO - Filling up the DagBag from /home/airflow/.local/lib/python3.12/site-packages/airflow/example_dags/example_dynamic_task_mapping_with_no_taskflow_operators.py
[2024-11-11T02:30:15.302+0000] {processor.py:925} INFO - DAG(s) 'example_dynamic_task_mapping_with_no_taskflow_operators' retrieved from /home/airflow/.local/lib/python3.12/site-packages/airflow/example_dags/example_dynamic_task_mapping_with_no_taskflow_operators.py
[2024-11-11T02:30:15.313+0000] {logging_mixin.py:190} INFO - [2024-11-11T02:30:15.313+0000] {dag.py:3239} INFO - Sync 1 DAGs
[2024-11-11T02:30:15.320+0000] {logging_mixin.py:190} INFO - [2024-11-11T02:30:15.320+0000] {dag.py:4180} INFO - Setting next_dagrun for example_dynamic_task_mapping_with_no_taskflow_operators to None, run_after=None
[2024-11-11T02:30:15.328+0000] {processor.py:208} INFO - Processing /home/airflow/.local/lib/python3.12/site-packages/airflow/example_dags/example_dynamic_task_mapping_with_no_taskflow_operators.py took 0.036 seconds
[2024-11-11T02:30:46.005+0000] {processor.py:186} INFO - Started process (PID=824) to work on /home/airflow/.local/lib/python3.12/site-packages/airflow/example_dags/example_dynamic_task_mapping_with_no_taskflow_operators.py
[2024-11-11T02:30:46.005+0000] {processor.py:914} INFO - Processing file /home/airflow/.local/lib/python3.12/site-packages/airflow/example_dags/example_dynamic_task_mapping_with_no_taskflow_operators.py for tasks to queue
[2024-11-11T02:30:46.007+0000] {logging_mixin.py:190} INFO - [2024-11-11T02:30:46.007+0000] {dagbag.py:588} INFO - Filling up the DagBag from /home/airflow/.local/lib/python3.12/site-packages/airflow/example_dags/example_dynamic_task_mapping_with_no_taskflow_operators.py
[2024-11-11T02:30:46.012+0000] {processor.py:925} INFO - DAG(s) 'example_dynamic_task_mapping_with_no_taskflow_operators' retrieved from /home/airflow/.local/lib/python3.12/site-packages/airflow/example_dags/example_dynamic_task_mapping_with_no_taskflow_operators.py
[2024-11-11T02:30:46.022+0000] {logging_mixin.py:190} INFO - [2024-11-11T02:30:46.022+0000] {dag.py:3239} INFO - Sync 1 DAGs
[2024-11-11T02:30:46.029+0000] {logging_mixin.py:190} INFO - [2024-11-11T02:30:46.029+0000] {dag.py:4180} INFO - Setting next_dagrun for example_dynamic_task_mapping_with_no_taskflow_operators to None, run_after=None
[2024-11-11T02:30:46.037+0000] {processor.py:208} INFO - Processing /home/airflow/.local/lib/python3.12/site-packages/airflow/example_dags/example_dynamic_task_mapping_with_no_taskflow_operators.py took 0.035 seconds
[2024-11-11T02:31:16.496+0000] {processor.py:186} INFO - Started process (PID=896) to work on /home/airflow/.local/lib/python3.12/site-packages/airflow/example_dags/example_dynamic_task_mapping_with_no_taskflow_operators.py
[2024-11-11T02:31:16.497+0000] {processor.py:914} INFO - Processing file /home/airflow/.local/lib/python3.12/site-packages/airflow/example_dags/example_dynamic_task_mapping_with_no_taskflow_operators.py for tasks to queue
[2024-11-11T02:31:16.498+0000] {logging_mixin.py:190} INFO - [2024-11-11T02:31:16.498+0000] {dagbag.py:588} INFO - Filling up the DagBag from /home/airflow/.local/lib/python3.12/site-packages/airflow/example_dags/example_dynamic_task_mapping_with_no_taskflow_operators.py
[2024-11-11T02:31:16.502+0000] {processor.py:925} INFO - DAG(s) 'example_dynamic_task_mapping_with_no_taskflow_operators' retrieved from /home/airflow/.local/lib/python3.12/site-packages/airflow/example_dags/example_dynamic_task_mapping_with_no_taskflow_operators.py
[2024-11-11T02:31:16.512+0000] {logging_mixin.py:190} INFO - [2024-11-11T02:31:16.512+0000] {dag.py:3239} INFO - Sync 1 DAGs
[2024-11-11T02:31:16.520+0000] {logging_mixin.py:190} INFO - [2024-11-11T02:31:16.519+0000] {dag.py:4180} INFO - Setting next_dagrun for example_dynamic_task_mapping_with_no_taskflow_operators to None, run_after=None
[2024-11-11T02:31:16.528+0000] {processor.py:208} INFO - Processing /home/airflow/.local/lib/python3.12/site-packages/airflow/example_dags/example_dynamic_task_mapping_with_no_taskflow_operators.py took 0.035 seconds
[2024-11-11T02:31:47.241+0000] {processor.py:186} INFO - Started process (PID=959) to work on /home/airflow/.local/lib/python3.12/site-packages/airflow/example_dags/example_dynamic_task_mapping_with_no_taskflow_operators.py
[2024-11-11T02:31:47.242+0000] {processor.py:914} INFO - Processing file /home/airflow/.local/lib/python3.12/site-packages/airflow/example_dags/example_dynamic_task_mapping_with_no_taskflow_operators.py for tasks to queue
[2024-11-11T02:31:47.243+0000] {logging_mixin.py:190} INFO - [2024-11-11T02:31:47.243+0000] {dagbag.py:588} INFO - Filling up the DagBag from /home/airflow/.local/lib/python3.12/site-packages/airflow/example_dags/example_dynamic_task_mapping_with_no_taskflow_operators.py
[2024-11-11T02:31:47.248+0000] {processor.py:925} INFO - DAG(s) 'example_dynamic_task_mapping_with_no_taskflow_operators' retrieved from /home/airflow/.local/lib/python3.12/site-packages/airflow/example_dags/example_dynamic_task_mapping_with_no_taskflow_operators.py
[2024-11-11T02:31:47.258+0000] {logging_mixin.py:190} INFO - [2024-11-11T02:31:47.258+0000] {dag.py:3239} INFO - Sync 1 DAGs
[2024-11-11T02:31:47.264+0000] {logging_mixin.py:190} INFO - [2024-11-11T02:31:47.264+0000] {dag.py:4180} INFO - Setting next_dagrun for example_dynamic_task_mapping_with_no_taskflow_operators to None, run_after=None
[2024-11-11T02:31:47.272+0000] {processor.py:208} INFO - Processing /home/airflow/.local/lib/python3.12/site-packages/airflow/example_dags/example_dynamic_task_mapping_with_no_taskflow_operators.py took 0.034 seconds
[2024-11-11T02:32:17.821+0000] {processor.py:186} INFO - Started process (PID=1021) to work on /home/airflow/.local/lib/python3.12/site-packages/airflow/example_dags/example_dynamic_task_mapping_with_no_taskflow_operators.py
[2024-11-11T02:32:17.822+0000] {processor.py:914} INFO - Processing file /home/airflow/.local/lib/python3.12/site-packages/airflow/example_dags/example_dynamic_task_mapping_with_no_taskflow_operators.py for tasks to queue
[2024-11-11T02:32:17.823+0000] {logging_mixin.py:190} INFO - [2024-11-11T02:32:17.823+0000] {dagbag.py:588} INFO - Filling up the DagBag from /home/airflow/.local/lib/python3.12/site-packages/airflow/example_dags/example_dynamic_task_mapping_with_no_taskflow_operators.py
[2024-11-11T02:32:17.828+0000] {processor.py:925} INFO - DAG(s) 'example_dynamic_task_mapping_with_no_taskflow_operators' retrieved from /home/airflow/.local/lib/python3.12/site-packages/airflow/example_dags/example_dynamic_task_mapping_with_no_taskflow_operators.py
[2024-11-11T02:32:17.838+0000] {logging_mixin.py:190} INFO - [2024-11-11T02:32:17.837+0000] {dag.py:3239} INFO - Sync 1 DAGs
[2024-11-11T02:32:17.844+0000] {logging_mixin.py:190} INFO - [2024-11-11T02:32:17.844+0000] {dag.py:4180} INFO - Setting next_dagrun for example_dynamic_task_mapping_with_no_taskflow_operators to None, run_after=None
[2024-11-11T02:32:17.852+0000] {processor.py:208} INFO - Processing /home/airflow/.local/lib/python3.12/site-packages/airflow/example_dags/example_dynamic_task_mapping_with_no_taskflow_operators.py took 0.035 seconds
[2024-11-11T02:32:48.532+0000] {processor.py:186} INFO - Started process (PID=1083) to work on /home/airflow/.local/lib/python3.12/site-packages/airflow/example_dags/example_dynamic_task_mapping_with_no_taskflow_operators.py
[2024-11-11T02:32:48.533+0000] {processor.py:914} INFO - Processing file /home/airflow/.local/lib/python3.12/site-packages/airflow/example_dags/example_dynamic_task_mapping_with_no_taskflow_operators.py for tasks to queue
[2024-11-11T02:32:48.534+0000] {logging_mixin.py:190} INFO - [2024-11-11T02:32:48.534+0000] {dagbag.py:588} INFO - Filling up the DagBag from /home/airflow/.local/lib/python3.12/site-packages/airflow/example_dags/example_dynamic_task_mapping_with_no_taskflow_operators.py
[2024-11-11T02:32:48.539+0000] {processor.py:925} INFO - DAG(s) 'example_dynamic_task_mapping_with_no_taskflow_operators' retrieved from /home/airflow/.local/lib/python3.12/site-packages/airflow/example_dags/example_dynamic_task_mapping_with_no_taskflow_operators.py
[2024-11-11T02:32:48.549+0000] {logging_mixin.py:190} INFO - [2024-11-11T02:32:48.549+0000] {dag.py:3239} INFO - Sync 1 DAGs
[2024-11-11T02:32:48.556+0000] {logging_mixin.py:190} INFO - [2024-11-11T02:32:48.556+0000] {dag.py:4180} INFO - Setting next_dagrun for example_dynamic_task_mapping_with_no_taskflow_operators to None, run_after=None
[2024-11-11T02:32:48.564+0000] {processor.py:208} INFO - Processing /home/airflow/.local/lib/python3.12/site-packages/airflow/example_dags/example_dynamic_task_mapping_with_no_taskflow_operators.py took 0.036 seconds
[2024-11-11T02:33:19.191+0000] {processor.py:186} INFO - Started process (PID=1146) to work on /home/airflow/.local/lib/python3.12/site-packages/airflow/example_dags/example_dynamic_task_mapping_with_no_taskflow_operators.py
[2024-11-11T02:33:19.191+0000] {processor.py:914} INFO - Processing file /home/airflow/.local/lib/python3.12/site-packages/airflow/example_dags/example_dynamic_task_mapping_with_no_taskflow_operators.py for tasks to queue
[2024-11-11T02:33:19.193+0000] {logging_mixin.py:190} INFO - [2024-11-11T02:33:19.193+0000] {dagbag.py:588} INFO - Filling up the DagBag from /home/airflow/.local/lib/python3.12/site-packages/airflow/example_dags/example_dynamic_task_mapping_with_no_taskflow_operators.py
[2024-11-11T02:33:19.198+0000] {processor.py:925} INFO - DAG(s) 'example_dynamic_task_mapping_with_no_taskflow_operators' retrieved from /home/airflow/.local/lib/python3.12/site-packages/airflow/example_dags/example_dynamic_task_mapping_with_no_taskflow_operators.py
[2024-11-11T02:33:19.208+0000] {logging_mixin.py:190} INFO - [2024-11-11T02:33:19.207+0000] {dag.py:3239} INFO - Sync 1 DAGs
[2024-11-11T02:33:19.215+0000] {logging_mixin.py:190} INFO - [2024-11-11T02:33:19.215+0000] {dag.py:4180} INFO - Setting next_dagrun for example_dynamic_task_mapping_with_no_taskflow_operators to None, run_after=None
[2024-11-11T02:33:19.223+0000] {processor.py:208} INFO - Processing /home/airflow/.local/lib/python3.12/site-packages/airflow/example_dags/example_dynamic_task_mapping_with_no_taskflow_operators.py took 0.036 seconds
[2024-11-11T02:33:49.972+0000] {processor.py:186} INFO - Started process (PID=1209) to work on /home/airflow/.local/lib/python3.12/site-packages/airflow/example_dags/example_dynamic_task_mapping_with_no_taskflow_operators.py
[2024-11-11T02:33:49.972+0000] {processor.py:914} INFO - Processing file /home/airflow/.local/lib/python3.12/site-packages/airflow/example_dags/example_dynamic_task_mapping_with_no_taskflow_operators.py for tasks to queue
[2024-11-11T02:33:49.974+0000] {logging_mixin.py:190} INFO - [2024-11-11T02:33:49.974+0000] {dagbag.py:588} INFO - Filling up the DagBag from /home/airflow/.local/lib/python3.12/site-packages/airflow/example_dags/example_dynamic_task_mapping_with_no_taskflow_operators.py
[2024-11-11T02:33:49.979+0000] {processor.py:925} INFO - DAG(s) 'example_dynamic_task_mapping_with_no_taskflow_operators' retrieved from /home/airflow/.local/lib/python3.12/site-packages/airflow/example_dags/example_dynamic_task_mapping_with_no_taskflow_operators.py
[2024-11-11T02:33:49.989+0000] {logging_mixin.py:190} INFO - [2024-11-11T02:33:49.989+0000] {dag.py:3239} INFO - Sync 1 DAGs
[2024-11-11T02:33:49.996+0000] {logging_mixin.py:190} INFO - [2024-11-11T02:33:49.996+0000] {dag.py:4180} INFO - Setting next_dagrun for example_dynamic_task_mapping_with_no_taskflow_operators to None, run_after=None
[2024-11-11T02:33:50.004+0000] {processor.py:208} INFO - Processing /home/airflow/.local/lib/python3.12/site-packages/airflow/example_dags/example_dynamic_task_mapping_with_no_taskflow_operators.py took 0.036 seconds
[2024-11-11T02:34:20.482+0000] {processor.py:186} INFO - Started process (PID=1272) to work on /home/airflow/.local/lib/python3.12/site-packages/airflow/example_dags/example_dynamic_task_mapping_with_no_taskflow_operators.py
[2024-11-11T02:34:20.483+0000] {processor.py:914} INFO - Processing file /home/airflow/.local/lib/python3.12/site-packages/airflow/example_dags/example_dynamic_task_mapping_with_no_taskflow_operators.py for tasks to queue
[2024-11-11T02:34:20.484+0000] {logging_mixin.py:190} INFO - [2024-11-11T02:34:20.484+0000] {dagbag.py:588} INFO - Filling up the DagBag from /home/airflow/.local/lib/python3.12/site-packages/airflow/example_dags/example_dynamic_task_mapping_with_no_taskflow_operators.py
[2024-11-11T02:34:20.489+0000] {processor.py:925} INFO - DAG(s) 'example_dynamic_task_mapping_with_no_taskflow_operators' retrieved from /home/airflow/.local/lib/python3.12/site-packages/airflow/example_dags/example_dynamic_task_mapping_with_no_taskflow_operators.py
[2024-11-11T02:34:20.499+0000] {logging_mixin.py:190} INFO - [2024-11-11T02:34:20.499+0000] {dag.py:3239} INFO - Sync 1 DAGs
[2024-11-11T02:34:20.506+0000] {logging_mixin.py:190} INFO - [2024-11-11T02:34:20.506+0000] {dag.py:4180} INFO - Setting next_dagrun for example_dynamic_task_mapping_with_no_taskflow_operators to None, run_after=None
[2024-11-11T02:34:20.515+0000] {processor.py:208} INFO - Processing /home/airflow/.local/lib/python3.12/site-packages/airflow/example_dags/example_dynamic_task_mapping_with_no_taskflow_operators.py took 0.036 seconds
[2024-11-11T02:34:51.288+0000] {processor.py:186} INFO - Started process (PID=1335) to work on /home/airflow/.local/lib/python3.12/site-packages/airflow/example_dags/example_dynamic_task_mapping_with_no_taskflow_operators.py
[2024-11-11T02:34:51.289+0000] {processor.py:914} INFO - Processing file /home/airflow/.local/lib/python3.12/site-packages/airflow/example_dags/example_dynamic_task_mapping_with_no_taskflow_operators.py for tasks to queue
[2024-11-11T02:34:51.291+0000] {logging_mixin.py:190} INFO - [2024-11-11T02:34:51.291+0000] {dagbag.py:588} INFO - Filling up the DagBag from /home/airflow/.local/lib/python3.12/site-packages/airflow/example_dags/example_dynamic_task_mapping_with_no_taskflow_operators.py
[2024-11-11T02:34:51.296+0000] {processor.py:925} INFO - DAG(s) 'example_dynamic_task_mapping_with_no_taskflow_operators' retrieved from /home/airflow/.local/lib/python3.12/site-packages/airflow/example_dags/example_dynamic_task_mapping_with_no_taskflow_operators.py
[2024-11-11T02:34:51.305+0000] {logging_mixin.py:190} INFO - [2024-11-11T02:34:51.305+0000] {dag.py:3239} INFO - Sync 1 DAGs
[2024-11-11T02:34:51.312+0000] {logging_mixin.py:190} INFO - [2024-11-11T02:34:51.312+0000] {dag.py:4180} INFO - Setting next_dagrun for example_dynamic_task_mapping_with_no_taskflow_operators to None, run_after=None
[2024-11-11T02:34:51.320+0000] {processor.py:208} INFO - Processing /home/airflow/.local/lib/python3.12/site-packages/airflow/example_dags/example_dynamic_task_mapping_with_no_taskflow_operators.py took 0.034 seconds
[2024-11-11T02:35:22.230+0000] {processor.py:186} INFO - Started process (PID=1398) to work on /home/airflow/.local/lib/python3.12/site-packages/airflow/example_dags/example_dynamic_task_mapping_with_no_taskflow_operators.py
[2024-11-11T02:35:22.231+0000] {processor.py:914} INFO - Processing file /home/airflow/.local/lib/python3.12/site-packages/airflow/example_dags/example_dynamic_task_mapping_with_no_taskflow_operators.py for tasks to queue
[2024-11-11T02:35:22.233+0000] {logging_mixin.py:190} INFO - [2024-11-11T02:35:22.232+0000] {dagbag.py:588} INFO - Filling up the DagBag from /home/airflow/.local/lib/python3.12/site-packages/airflow/example_dags/example_dynamic_task_mapping_with_no_taskflow_operators.py
[2024-11-11T02:35:22.238+0000] {processor.py:925} INFO - DAG(s) 'example_dynamic_task_mapping_with_no_taskflow_operators' retrieved from /home/airflow/.local/lib/python3.12/site-packages/airflow/example_dags/example_dynamic_task_mapping_with_no_taskflow_operators.py
[2024-11-11T02:35:22.251+0000] {logging_mixin.py:190} INFO - [2024-11-11T02:35:22.251+0000] {dag.py:3239} INFO - Sync 1 DAGs
[2024-11-11T02:35:22.260+0000] {logging_mixin.py:190} INFO - [2024-11-11T02:35:22.260+0000] {dag.py:4180} INFO - Setting next_dagrun for example_dynamic_task_mapping_with_no_taskflow_operators to None, run_after=None
[2024-11-11T02:35:22.270+0000] {processor.py:208} INFO - Processing /home/airflow/.local/lib/python3.12/site-packages/airflow/example_dags/example_dynamic_task_mapping_with_no_taskflow_operators.py took 0.044 seconds
[2024-11-11T02:35:52.913+0000] {processor.py:186} INFO - Started process (PID=1461) to work on /home/airflow/.local/lib/python3.12/site-packages/airflow/example_dags/example_dynamic_task_mapping_with_no_taskflow_operators.py
[2024-11-11T02:35:52.914+0000] {processor.py:914} INFO - Processing file /home/airflow/.local/lib/python3.12/site-packages/airflow/example_dags/example_dynamic_task_mapping_with_no_taskflow_operators.py for tasks to queue
[2024-11-11T02:35:52.916+0000] {logging_mixin.py:190} INFO - [2024-11-11T02:35:52.915+0000] {dagbag.py:588} INFO - Filling up the DagBag from /home/airflow/.local/lib/python3.12/site-packages/airflow/example_dags/example_dynamic_task_mapping_with_no_taskflow_operators.py
[2024-11-11T02:35:52.921+0000] {processor.py:925} INFO - DAG(s) 'example_dynamic_task_mapping_with_no_taskflow_operators' retrieved from /home/airflow/.local/lib/python3.12/site-packages/airflow/example_dags/example_dynamic_task_mapping_with_no_taskflow_operators.py
[2024-11-11T02:35:52.931+0000] {logging_mixin.py:190} INFO - [2024-11-11T02:35:52.931+0000] {dag.py:3239} INFO - Sync 1 DAGs
[2024-11-11T02:35:52.939+0000] {logging_mixin.py:190} INFO - [2024-11-11T02:35:52.939+0000] {dag.py:4180} INFO - Setting next_dagrun for example_dynamic_task_mapping_with_no_taskflow_operators to None, run_after=None
[2024-11-11T02:35:52.948+0000] {processor.py:208} INFO - Processing /home/airflow/.local/lib/python3.12/site-packages/airflow/example_dags/example_dynamic_task_mapping_with_no_taskflow_operators.py took 0.038 seconds
[2024-11-11T02:36:23.576+0000] {processor.py:186} INFO - Started process (PID=1524) to work on /home/airflow/.local/lib/python3.12/site-packages/airflow/example_dags/example_dynamic_task_mapping_with_no_taskflow_operators.py
[2024-11-11T02:36:23.577+0000] {processor.py:914} INFO - Processing file /home/airflow/.local/lib/python3.12/site-packages/airflow/example_dags/example_dynamic_task_mapping_with_no_taskflow_operators.py for tasks to queue
[2024-11-11T02:36:23.578+0000] {logging_mixin.py:190} INFO - [2024-11-11T02:36:23.578+0000] {dagbag.py:588} INFO - Filling up the DagBag from /home/airflow/.local/lib/python3.12/site-packages/airflow/example_dags/example_dynamic_task_mapping_with_no_taskflow_operators.py
[2024-11-11T02:36:23.583+0000] {processor.py:925} INFO - DAG(s) 'example_dynamic_task_mapping_with_no_taskflow_operators' retrieved from /home/airflow/.local/lib/python3.12/site-packages/airflow/example_dags/example_dynamic_task_mapping_with_no_taskflow_operators.py
[2024-11-11T02:36:23.594+0000] {logging_mixin.py:190} INFO - [2024-11-11T02:36:23.594+0000] {dag.py:3239} INFO - Sync 1 DAGs
[2024-11-11T02:36:23.602+0000] {logging_mixin.py:190} INFO - [2024-11-11T02:36:23.602+0000] {dag.py:4180} INFO - Setting next_dagrun for example_dynamic_task_mapping_with_no_taskflow_operators to None, run_after=None
[2024-11-11T02:36:23.612+0000] {processor.py:208} INFO - Processing /home/airflow/.local/lib/python3.12/site-packages/airflow/example_dags/example_dynamic_task_mapping_with_no_taskflow_operators.py took 0.040 seconds
[2024-11-11T02:36:54.296+0000] {processor.py:186} INFO - Started process (PID=1593) to work on /home/airflow/.local/lib/python3.12/site-packages/airflow/example_dags/example_dynamic_task_mapping_with_no_taskflow_operators.py
[2024-11-11T02:36:54.297+0000] {processor.py:914} INFO - Processing file /home/airflow/.local/lib/python3.12/site-packages/airflow/example_dags/example_dynamic_task_mapping_with_no_taskflow_operators.py for tasks to queue
[2024-11-11T02:36:54.299+0000] {logging_mixin.py:190} INFO - [2024-11-11T02:36:54.298+0000] {dagbag.py:588} INFO - Filling up the DagBag from /home/airflow/.local/lib/python3.12/site-packages/airflow/example_dags/example_dynamic_task_mapping_with_no_taskflow_operators.py
[2024-11-11T02:36:54.303+0000] {processor.py:925} INFO - DAG(s) 'example_dynamic_task_mapping_with_no_taskflow_operators' retrieved from /home/airflow/.local/lib/python3.12/site-packages/airflow/example_dags/example_dynamic_task_mapping_with_no_taskflow_operators.py
[2024-11-11T02:36:54.313+0000] {logging_mixin.py:190} INFO - [2024-11-11T02:36:54.313+0000] {dag.py:3239} INFO - Sync 1 DAGs
[2024-11-11T02:36:54.320+0000] {logging_mixin.py:190} INFO - [2024-11-11T02:36:54.320+0000] {dag.py:4180} INFO - Setting next_dagrun for example_dynamic_task_mapping_with_no_taskflow_operators to None, run_after=None
[2024-11-11T02:36:54.328+0000] {processor.py:208} INFO - Processing /home/airflow/.local/lib/python3.12/site-packages/airflow/example_dags/example_dynamic_task_mapping_with_no_taskflow_operators.py took 0.035 seconds
[2024-11-11T02:37:24.936+0000] {processor.py:186} INFO - Started process (PID=1656) to work on /home/airflow/.local/lib/python3.12/site-packages/airflow/example_dags/example_dynamic_task_mapping_with_no_taskflow_operators.py
[2024-11-11T02:37:24.937+0000] {processor.py:914} INFO - Processing file /home/airflow/.local/lib/python3.12/site-packages/airflow/example_dags/example_dynamic_task_mapping_with_no_taskflow_operators.py for tasks to queue
[2024-11-11T02:37:24.938+0000] {logging_mixin.py:190} INFO - [2024-11-11T02:37:24.938+0000] {dagbag.py:588} INFO - Filling up the DagBag from /home/airflow/.local/lib/python3.12/site-packages/airflow/example_dags/example_dynamic_task_mapping_with_no_taskflow_operators.py
[2024-11-11T02:37:24.943+0000] {processor.py:925} INFO - DAG(s) 'example_dynamic_task_mapping_with_no_taskflow_operators' retrieved from /home/airflow/.local/lib/python3.12/site-packages/airflow/example_dags/example_dynamic_task_mapping_with_no_taskflow_operators.py
[2024-11-11T02:37:24.953+0000] {logging_mixin.py:190} INFO - [2024-11-11T02:37:24.953+0000] {dag.py:3239} INFO - Sync 1 DAGs
[2024-11-11T02:37:24.960+0000] {logging_mixin.py:190} INFO - [2024-11-11T02:37:24.959+0000] {dag.py:4180} INFO - Setting next_dagrun for example_dynamic_task_mapping_with_no_taskflow_operators to None, run_after=None
[2024-11-11T02:37:24.968+0000] {processor.py:208} INFO - Processing /home/airflow/.local/lib/python3.12/site-packages/airflow/example_dags/example_dynamic_task_mapping_with_no_taskflow_operators.py took 0.035 seconds
[2024-11-11T02:37:55.579+0000] {processor.py:186} INFO - Started process (PID=1719) to work on /home/airflow/.local/lib/python3.12/site-packages/airflow/example_dags/example_dynamic_task_mapping_with_no_taskflow_operators.py
[2024-11-11T02:37:55.580+0000] {processor.py:914} INFO - Processing file /home/airflow/.local/lib/python3.12/site-packages/airflow/example_dags/example_dynamic_task_mapping_with_no_taskflow_operators.py for tasks to queue
[2024-11-11T02:37:55.581+0000] {logging_mixin.py:190} INFO - [2024-11-11T02:37:55.581+0000] {dagbag.py:588} INFO - Filling up the DagBag from /home/airflow/.local/lib/python3.12/site-packages/airflow/example_dags/example_dynamic_task_mapping_with_no_taskflow_operators.py
[2024-11-11T02:37:55.586+0000] {processor.py:925} INFO - DAG(s) 'example_dynamic_task_mapping_with_no_taskflow_operators' retrieved from /home/airflow/.local/lib/python3.12/site-packages/airflow/example_dags/example_dynamic_task_mapping_with_no_taskflow_operators.py
[2024-11-11T02:37:55.596+0000] {logging_mixin.py:190} INFO - [2024-11-11T02:37:55.596+0000] {dag.py:3239} INFO - Sync 1 DAGs
[2024-11-11T02:37:55.603+0000] {logging_mixin.py:190} INFO - [2024-11-11T02:37:55.603+0000] {dag.py:4180} INFO - Setting next_dagrun for example_dynamic_task_mapping_with_no_taskflow_operators to None, run_after=None
[2024-11-11T02:37:55.611+0000] {processor.py:208} INFO - Processing /home/airflow/.local/lib/python3.12/site-packages/airflow/example_dags/example_dynamic_task_mapping_with_no_taskflow_operators.py took 0.035 seconds
[2024-11-11T02:38:26.577+0000] {processor.py:186} INFO - Started process (PID=1782) to work on /home/airflow/.local/lib/python3.12/site-packages/airflow/example_dags/example_dynamic_task_mapping_with_no_taskflow_operators.py
[2024-11-11T02:38:26.577+0000] {processor.py:914} INFO - Processing file /home/airflow/.local/lib/python3.12/site-packages/airflow/example_dags/example_dynamic_task_mapping_with_no_taskflow_operators.py for tasks to queue
[2024-11-11T02:38:26.579+0000] {logging_mixin.py:190} INFO - [2024-11-11T02:38:26.579+0000] {dagbag.py:588} INFO - Filling up the DagBag from /home/airflow/.local/lib/python3.12/site-packages/airflow/example_dags/example_dynamic_task_mapping_with_no_taskflow_operators.py
[2024-11-11T02:38:26.585+0000] {processor.py:925} INFO - DAG(s) 'example_dynamic_task_mapping_with_no_taskflow_operators' retrieved from /home/airflow/.local/lib/python3.12/site-packages/airflow/example_dags/example_dynamic_task_mapping_with_no_taskflow_operators.py
[2024-11-11T02:38:26.595+0000] {logging_mixin.py:190} INFO - [2024-11-11T02:38:26.595+0000] {dag.py:3239} INFO - Sync 1 DAGs
[2024-11-11T02:38:26.602+0000] {logging_mixin.py:190} INFO - [2024-11-11T02:38:26.602+0000] {dag.py:4180} INFO - Setting next_dagrun for example_dynamic_task_mapping_with_no_taskflow_operators to None, run_after=None
[2024-11-11T02:38:26.610+0000] {processor.py:208} INFO - Processing /home/airflow/.local/lib/python3.12/site-packages/airflow/example_dags/example_dynamic_task_mapping_with_no_taskflow_operators.py took 0.038 seconds
[2024-11-11T02:38:57.217+0000] {processor.py:186} INFO - Started process (PID=1845) to work on /home/airflow/.local/lib/python3.12/site-packages/airflow/example_dags/example_dynamic_task_mapping_with_no_taskflow_operators.py
[2024-11-11T02:38:57.218+0000] {processor.py:914} INFO - Processing file /home/airflow/.local/lib/python3.12/site-packages/airflow/example_dags/example_dynamic_task_mapping_with_no_taskflow_operators.py for tasks to queue
[2024-11-11T02:38:57.219+0000] {logging_mixin.py:190} INFO - [2024-11-11T02:38:57.219+0000] {dagbag.py:588} INFO - Filling up the DagBag from /home/airflow/.local/lib/python3.12/site-packages/airflow/example_dags/example_dynamic_task_mapping_with_no_taskflow_operators.py
[2024-11-11T02:38:57.224+0000] {processor.py:925} INFO - DAG(s) 'example_dynamic_task_mapping_with_no_taskflow_operators' retrieved from /home/airflow/.local/lib/python3.12/site-packages/airflow/example_dags/example_dynamic_task_mapping_with_no_taskflow_operators.py
[2024-11-11T02:38:57.234+0000] {logging_mixin.py:190} INFO - [2024-11-11T02:38:57.234+0000] {dag.py:3239} INFO - Sync 1 DAGs
[2024-11-11T02:38:57.242+0000] {logging_mixin.py:190} INFO - [2024-11-11T02:38:57.242+0000] {dag.py:4180} INFO - Setting next_dagrun for example_dynamic_task_mapping_with_no_taskflow_operators to None, run_after=None
[2024-11-11T02:38:57.250+0000] {processor.py:208} INFO - Processing /home/airflow/.local/lib/python3.12/site-packages/airflow/example_dags/example_dynamic_task_mapping_with_no_taskflow_operators.py took 0.036 seconds
[2024-11-11T02:39:27.922+0000] {processor.py:186} INFO - Started process (PID=1908) to work on /home/airflow/.local/lib/python3.12/site-packages/airflow/example_dags/example_dynamic_task_mapping_with_no_taskflow_operators.py
[2024-11-11T02:39:27.923+0000] {processor.py:914} INFO - Processing file /home/airflow/.local/lib/python3.12/site-packages/airflow/example_dags/example_dynamic_task_mapping_with_no_taskflow_operators.py for tasks to queue
[2024-11-11T02:39:27.924+0000] {logging_mixin.py:190} INFO - [2024-11-11T02:39:27.924+0000] {dagbag.py:588} INFO - Filling up the DagBag from /home/airflow/.local/lib/python3.12/site-packages/airflow/example_dags/example_dynamic_task_mapping_with_no_taskflow_operators.py
[2024-11-11T02:39:27.929+0000] {processor.py:925} INFO - DAG(s) 'example_dynamic_task_mapping_with_no_taskflow_operators' retrieved from /home/airflow/.local/lib/python3.12/site-packages/airflow/example_dags/example_dynamic_task_mapping_with_no_taskflow_operators.py
[2024-11-11T02:39:27.940+0000] {logging_mixin.py:190} INFO - [2024-11-11T02:39:27.940+0000] {dag.py:3239} INFO - Sync 1 DAGs
[2024-11-11T02:39:27.947+0000] {logging_mixin.py:190} INFO - [2024-11-11T02:39:27.946+0000] {dag.py:4180} INFO - Setting next_dagrun for example_dynamic_task_mapping_with_no_taskflow_operators to None, run_after=None
[2024-11-11T02:39:27.955+0000] {processor.py:208} INFO - Processing /home/airflow/.local/lib/python3.12/site-packages/airflow/example_dags/example_dynamic_task_mapping_with_no_taskflow_operators.py took 0.036 seconds
[2024-11-11T02:39:58.667+0000] {processor.py:186} INFO - Started process (PID=1971) to work on /home/airflow/.local/lib/python3.12/site-packages/airflow/example_dags/example_dynamic_task_mapping_with_no_taskflow_operators.py
[2024-11-11T02:39:58.667+0000] {processor.py:914} INFO - Processing file /home/airflow/.local/lib/python3.12/site-packages/airflow/example_dags/example_dynamic_task_mapping_with_no_taskflow_operators.py for tasks to queue
[2024-11-11T02:39:58.669+0000] {logging_mixin.py:190} INFO - [2024-11-11T02:39:58.668+0000] {dagbag.py:588} INFO - Filling up the DagBag from /home/airflow/.local/lib/python3.12/site-packages/airflow/example_dags/example_dynamic_task_mapping_with_no_taskflow_operators.py
[2024-11-11T02:39:58.673+0000] {processor.py:925} INFO - DAG(s) 'example_dynamic_task_mapping_with_no_taskflow_operators' retrieved from /home/airflow/.local/lib/python3.12/site-packages/airflow/example_dags/example_dynamic_task_mapping_with_no_taskflow_operators.py
[2024-11-11T02:39:58.683+0000] {logging_mixin.py:190} INFO - [2024-11-11T02:39:58.683+0000] {dag.py:3239} INFO - Sync 1 DAGs
[2024-11-11T02:39:58.690+0000] {logging_mixin.py:190} INFO - [2024-11-11T02:39:58.690+0000] {dag.py:4180} INFO - Setting next_dagrun for example_dynamic_task_mapping_with_no_taskflow_operators to None, run_after=None
[2024-11-11T02:39:58.697+0000] {processor.py:208} INFO - Processing /home/airflow/.local/lib/python3.12/site-packages/airflow/example_dags/example_dynamic_task_mapping_with_no_taskflow_operators.py took 0.034 seconds
[2024-11-11T02:40:28.842+0000] {processor.py:186} INFO - Started process (PID=2034) to work on /home/airflow/.local/lib/python3.12/site-packages/airflow/example_dags/example_dynamic_task_mapping_with_no_taskflow_operators.py
[2024-11-11T02:40:28.843+0000] {processor.py:914} INFO - Processing file /home/airflow/.local/lib/python3.12/site-packages/airflow/example_dags/example_dynamic_task_mapping_with_no_taskflow_operators.py for tasks to queue
[2024-11-11T02:40:28.844+0000] {logging_mixin.py:190} INFO - [2024-11-11T02:40:28.844+0000] {dagbag.py:588} INFO - Filling up the DagBag from /home/airflow/.local/lib/python3.12/site-packages/airflow/example_dags/example_dynamic_task_mapping_with_no_taskflow_operators.py
[2024-11-11T02:40:28.849+0000] {processor.py:925} INFO - DAG(s) 'example_dynamic_task_mapping_with_no_taskflow_operators' retrieved from /home/airflow/.local/lib/python3.12/site-packages/airflow/example_dags/example_dynamic_task_mapping_with_no_taskflow_operators.py
[2024-11-11T02:40:28.859+0000] {logging_mixin.py:190} INFO - [2024-11-11T02:40:28.859+0000] {dag.py:3239} INFO - Sync 1 DAGs
[2024-11-11T02:40:28.866+0000] {logging_mixin.py:190} INFO - [2024-11-11T02:40:28.866+0000] {dag.py:4180} INFO - Setting next_dagrun for example_dynamic_task_mapping_with_no_taskflow_operators to None, run_after=None
[2024-11-11T02:40:28.875+0000] {processor.py:208} INFO - Processing /home/airflow/.local/lib/python3.12/site-packages/airflow/example_dags/example_dynamic_task_mapping_with_no_taskflow_operators.py took 0.036 seconds
[2024-11-11T02:40:59.631+0000] {processor.py:186} INFO - Started process (PID=2097) to work on /home/airflow/.local/lib/python3.12/site-packages/airflow/example_dags/example_dynamic_task_mapping_with_no_taskflow_operators.py
[2024-11-11T02:40:59.632+0000] {processor.py:914} INFO - Processing file /home/airflow/.local/lib/python3.12/site-packages/airflow/example_dags/example_dynamic_task_mapping_with_no_taskflow_operators.py for tasks to queue
[2024-11-11T02:40:59.633+0000] {logging_mixin.py:190} INFO - [2024-11-11T02:40:59.633+0000] {dagbag.py:588} INFO - Filling up the DagBag from /home/airflow/.local/lib/python3.12/site-packages/airflow/example_dags/example_dynamic_task_mapping_with_no_taskflow_operators.py
[2024-11-11T02:40:59.638+0000] {processor.py:925} INFO - DAG(s) 'example_dynamic_task_mapping_with_no_taskflow_operators' retrieved from /home/airflow/.local/lib/python3.12/site-packages/airflow/example_dags/example_dynamic_task_mapping_with_no_taskflow_operators.py
[2024-11-11T02:40:59.649+0000] {logging_mixin.py:190} INFO - [2024-11-11T02:40:59.649+0000] {dag.py:3239} INFO - Sync 1 DAGs
[2024-11-11T02:40:59.656+0000] {logging_mixin.py:190} INFO - [2024-11-11T02:40:59.656+0000] {dag.py:4180} INFO - Setting next_dagrun for example_dynamic_task_mapping_with_no_taskflow_operators to None, run_after=None
[2024-11-11T02:40:59.665+0000] {processor.py:208} INFO - Processing /home/airflow/.local/lib/python3.12/site-packages/airflow/example_dags/example_dynamic_task_mapping_with_no_taskflow_operators.py took 0.038 seconds
[2024-11-11T02:41:30.398+0000] {processor.py:186} INFO - Started process (PID=2160) to work on /home/airflow/.local/lib/python3.12/site-packages/airflow/example_dags/example_dynamic_task_mapping_with_no_taskflow_operators.py
[2024-11-11T02:41:30.399+0000] {processor.py:914} INFO - Processing file /home/airflow/.local/lib/python3.12/site-packages/airflow/example_dags/example_dynamic_task_mapping_with_no_taskflow_operators.py for tasks to queue
[2024-11-11T02:41:30.401+0000] {logging_mixin.py:190} INFO - [2024-11-11T02:41:30.401+0000] {dagbag.py:588} INFO - Filling up the DagBag from /home/airflow/.local/lib/python3.12/site-packages/airflow/example_dags/example_dynamic_task_mapping_with_no_taskflow_operators.py
[2024-11-11T02:41:30.408+0000] {processor.py:925} INFO - DAG(s) 'example_dynamic_task_mapping_with_no_taskflow_operators' retrieved from /home/airflow/.local/lib/python3.12/site-packages/airflow/example_dags/example_dynamic_task_mapping_with_no_taskflow_operators.py
[2024-11-11T02:41:30.420+0000] {logging_mixin.py:190} INFO - [2024-11-11T02:41:30.420+0000] {dag.py:3239} INFO - Sync 1 DAGs
[2024-11-11T02:41:30.428+0000] {logging_mixin.py:190} INFO - [2024-11-11T02:41:30.428+0000] {dag.py:4180} INFO - Setting next_dagrun for example_dynamic_task_mapping_with_no_taskflow_operators to None, run_after=None
[2024-11-11T02:41:30.439+0000] {processor.py:208} INFO - Processing /home/airflow/.local/lib/python3.12/site-packages/airflow/example_dags/example_dynamic_task_mapping_with_no_taskflow_operators.py took 0.044 seconds
[2024-11-11T02:42:01.029+0000] {processor.py:186} INFO - Started process (PID=2223) to work on /home/airflow/.local/lib/python3.12/site-packages/airflow/example_dags/example_dynamic_task_mapping_with_no_taskflow_operators.py
[2024-11-11T02:42:01.030+0000] {processor.py:914} INFO - Processing file /home/airflow/.local/lib/python3.12/site-packages/airflow/example_dags/example_dynamic_task_mapping_with_no_taskflow_operators.py for tasks to queue
[2024-11-11T02:42:01.031+0000] {logging_mixin.py:190} INFO - [2024-11-11T02:42:01.031+0000] {dagbag.py:588} INFO - Filling up the DagBag from /home/airflow/.local/lib/python3.12/site-packages/airflow/example_dags/example_dynamic_task_mapping_with_no_taskflow_operators.py
[2024-11-11T02:42:01.036+0000] {processor.py:925} INFO - DAG(s) 'example_dynamic_task_mapping_with_no_taskflow_operators' retrieved from /home/airflow/.local/lib/python3.12/site-packages/airflow/example_dags/example_dynamic_task_mapping_with_no_taskflow_operators.py
[2024-11-11T02:42:01.047+0000] {logging_mixin.py:190} INFO - [2024-11-11T02:42:01.046+0000] {dag.py:3239} INFO - Sync 1 DAGs
[2024-11-11T02:42:01.054+0000] {logging_mixin.py:190} INFO - [2024-11-11T02:42:01.054+0000] {dag.py:4180} INFO - Setting next_dagrun for example_dynamic_task_mapping_with_no_taskflow_operators to None, run_after=None
[2024-11-11T02:42:01.063+0000] {processor.py:208} INFO - Processing /home/airflow/.local/lib/python3.12/site-packages/airflow/example_dags/example_dynamic_task_mapping_with_no_taskflow_operators.py took 0.037 seconds
[2024-11-11T02:42:31.807+0000] {processor.py:186} INFO - Started process (PID=2286) to work on /home/airflow/.local/lib/python3.12/site-packages/airflow/example_dags/example_dynamic_task_mapping_with_no_taskflow_operators.py
[2024-11-11T02:42:31.808+0000] {processor.py:914} INFO - Processing file /home/airflow/.local/lib/python3.12/site-packages/airflow/example_dags/example_dynamic_task_mapping_with_no_taskflow_operators.py for tasks to queue
[2024-11-11T02:42:31.810+0000] {logging_mixin.py:190} INFO - [2024-11-11T02:42:31.809+0000] {dagbag.py:588} INFO - Filling up the DagBag from /home/airflow/.local/lib/python3.12/site-packages/airflow/example_dags/example_dynamic_task_mapping_with_no_taskflow_operators.py
[2024-11-11T02:42:31.815+0000] {processor.py:925} INFO - DAG(s) 'example_dynamic_task_mapping_with_no_taskflow_operators' retrieved from /home/airflow/.local/lib/python3.12/site-packages/airflow/example_dags/example_dynamic_task_mapping_with_no_taskflow_operators.py
[2024-11-11T02:42:31.825+0000] {logging_mixin.py:190} INFO - [2024-11-11T02:42:31.825+0000] {dag.py:3239} INFO - Sync 1 DAGs
[2024-11-11T02:42:31.832+0000] {logging_mixin.py:190} INFO - [2024-11-11T02:42:31.832+0000] {dag.py:4180} INFO - Setting next_dagrun for example_dynamic_task_mapping_with_no_taskflow_operators to None, run_after=None
[2024-11-11T02:42:31.840+0000] {processor.py:208} INFO - Processing /home/airflow/.local/lib/python3.12/site-packages/airflow/example_dags/example_dynamic_task_mapping_with_no_taskflow_operators.py took 0.036 seconds
[2024-11-11T02:43:02.457+0000] {processor.py:186} INFO - Started process (PID=2349) to work on /home/airflow/.local/lib/python3.12/site-packages/airflow/example_dags/example_dynamic_task_mapping_with_no_taskflow_operators.py
[2024-11-11T02:43:02.458+0000] {processor.py:914} INFO - Processing file /home/airflow/.local/lib/python3.12/site-packages/airflow/example_dags/example_dynamic_task_mapping_with_no_taskflow_operators.py for tasks to queue
[2024-11-11T02:43:02.460+0000] {logging_mixin.py:190} INFO - [2024-11-11T02:43:02.460+0000] {dagbag.py:588} INFO - Filling up the DagBag from /home/airflow/.local/lib/python3.12/site-packages/airflow/example_dags/example_dynamic_task_mapping_with_no_taskflow_operators.py
[2024-11-11T02:43:02.465+0000] {processor.py:925} INFO - DAG(s) 'example_dynamic_task_mapping_with_no_taskflow_operators' retrieved from /home/airflow/.local/lib/python3.12/site-packages/airflow/example_dags/example_dynamic_task_mapping_with_no_taskflow_operators.py
[2024-11-11T02:43:02.475+0000] {logging_mixin.py:190} INFO - [2024-11-11T02:43:02.475+0000] {dag.py:3239} INFO - Sync 1 DAGs
[2024-11-11T02:43:02.482+0000] {logging_mixin.py:190} INFO - [2024-11-11T02:43:02.482+0000] {dag.py:4180} INFO - Setting next_dagrun for example_dynamic_task_mapping_with_no_taskflow_operators to None, run_after=None
[2024-11-11T02:43:02.490+0000] {processor.py:208} INFO - Processing /home/airflow/.local/lib/python3.12/site-packages/airflow/example_dags/example_dynamic_task_mapping_with_no_taskflow_operators.py took 0.036 seconds
[2024-11-11T02:43:33.161+0000] {processor.py:186} INFO - Started process (PID=2412) to work on /home/airflow/.local/lib/python3.12/site-packages/airflow/example_dags/example_dynamic_task_mapping_with_no_taskflow_operators.py
[2024-11-11T02:43:33.162+0000] {processor.py:914} INFO - Processing file /home/airflow/.local/lib/python3.12/site-packages/airflow/example_dags/example_dynamic_task_mapping_with_no_taskflow_operators.py for tasks to queue
[2024-11-11T02:43:33.164+0000] {logging_mixin.py:190} INFO - [2024-11-11T02:43:33.164+0000] {dagbag.py:588} INFO - Filling up the DagBag from /home/airflow/.local/lib/python3.12/site-packages/airflow/example_dags/example_dynamic_task_mapping_with_no_taskflow_operators.py
[2024-11-11T02:43:33.169+0000] {processor.py:925} INFO - DAG(s) 'example_dynamic_task_mapping_with_no_taskflow_operators' retrieved from /home/airflow/.local/lib/python3.12/site-packages/airflow/example_dags/example_dynamic_task_mapping_with_no_taskflow_operators.py
[2024-11-11T02:43:33.181+0000] {logging_mixin.py:190} INFO - [2024-11-11T02:43:33.181+0000] {dag.py:3239} INFO - Sync 1 DAGs
[2024-11-11T02:43:33.190+0000] {logging_mixin.py:190} INFO - [2024-11-11T02:43:33.190+0000] {dag.py:4180} INFO - Setting next_dagrun for example_dynamic_task_mapping_with_no_taskflow_operators to None, run_after=None
[2024-11-11T02:43:33.202+0000] {processor.py:208} INFO - Processing /home/airflow/.local/lib/python3.12/site-packages/airflow/example_dags/example_dynamic_task_mapping_with_no_taskflow_operators.py took 0.044 seconds
[2024-11-11T02:44:03.977+0000] {processor.py:186} INFO - Started process (PID=2475) to work on /home/airflow/.local/lib/python3.12/site-packages/airflow/example_dags/example_dynamic_task_mapping_with_no_taskflow_operators.py
[2024-11-11T02:44:03.978+0000] {processor.py:914} INFO - Processing file /home/airflow/.local/lib/python3.12/site-packages/airflow/example_dags/example_dynamic_task_mapping_with_no_taskflow_operators.py for tasks to queue
[2024-11-11T02:44:03.979+0000] {logging_mixin.py:190} INFO - [2024-11-11T02:44:03.979+0000] {dagbag.py:588} INFO - Filling up the DagBag from /home/airflow/.local/lib/python3.12/site-packages/airflow/example_dags/example_dynamic_task_mapping_with_no_taskflow_operators.py
[2024-11-11T02:44:03.984+0000] {processor.py:925} INFO - DAG(s) 'example_dynamic_task_mapping_with_no_taskflow_operators' retrieved from /home/airflow/.local/lib/python3.12/site-packages/airflow/example_dags/example_dynamic_task_mapping_with_no_taskflow_operators.py
[2024-11-11T02:44:03.995+0000] {logging_mixin.py:190} INFO - [2024-11-11T02:44:03.994+0000] {dag.py:3239} INFO - Sync 1 DAGs
[2024-11-11T02:44:04.002+0000] {logging_mixin.py:190} INFO - [2024-11-11T02:44:04.002+0000] {dag.py:4180} INFO - Setting next_dagrun for example_dynamic_task_mapping_with_no_taskflow_operators to None, run_after=None
[2024-11-11T02:44:04.012+0000] {processor.py:208} INFO - Processing /home/airflow/.local/lib/python3.12/site-packages/airflow/example_dags/example_dynamic_task_mapping_with_no_taskflow_operators.py took 0.039 seconds
[2024-11-11T02:44:34.681+0000] {processor.py:186} INFO - Started process (PID=2538) to work on /home/airflow/.local/lib/python3.12/site-packages/airflow/example_dags/example_dynamic_task_mapping_with_no_taskflow_operators.py
[2024-11-11T02:44:34.681+0000] {processor.py:914} INFO - Processing file /home/airflow/.local/lib/python3.12/site-packages/airflow/example_dags/example_dynamic_task_mapping_with_no_taskflow_operators.py for tasks to queue
[2024-11-11T02:44:34.683+0000] {logging_mixin.py:190} INFO - [2024-11-11T02:44:34.683+0000] {dagbag.py:588} INFO - Filling up the DagBag from /home/airflow/.local/lib/python3.12/site-packages/airflow/example_dags/example_dynamic_task_mapping_with_no_taskflow_operators.py
[2024-11-11T02:44:34.688+0000] {processor.py:925} INFO - DAG(s) 'example_dynamic_task_mapping_with_no_taskflow_operators' retrieved from /home/airflow/.local/lib/python3.12/site-packages/airflow/example_dags/example_dynamic_task_mapping_with_no_taskflow_operators.py
[2024-11-11T02:44:34.698+0000] {logging_mixin.py:190} INFO - [2024-11-11T02:44:34.698+0000] {dag.py:3239} INFO - Sync 1 DAGs
[2024-11-11T02:44:34.705+0000] {logging_mixin.py:190} INFO - [2024-11-11T02:44:34.705+0000] {dag.py:4180} INFO - Setting next_dagrun for example_dynamic_task_mapping_with_no_taskflow_operators to None, run_after=None
[2024-11-11T02:44:34.714+0000] {processor.py:208} INFO - Processing /home/airflow/.local/lib/python3.12/site-packages/airflow/example_dags/example_dynamic_task_mapping_with_no_taskflow_operators.py took 0.036 seconds
[2024-11-11T02:45:05.235+0000] {processor.py:186} INFO - Started process (PID=2601) to work on /home/airflow/.local/lib/python3.12/site-packages/airflow/example_dags/example_dynamic_task_mapping_with_no_taskflow_operators.py
[2024-11-11T02:45:05.235+0000] {processor.py:914} INFO - Processing file /home/airflow/.local/lib/python3.12/site-packages/airflow/example_dags/example_dynamic_task_mapping_with_no_taskflow_operators.py for tasks to queue
[2024-11-11T02:45:05.237+0000] {logging_mixin.py:190} INFO - [2024-11-11T02:45:05.237+0000] {dagbag.py:588} INFO - Filling up the DagBag from /home/airflow/.local/lib/python3.12/site-packages/airflow/example_dags/example_dynamic_task_mapping_with_no_taskflow_operators.py
[2024-11-11T02:45:05.242+0000] {processor.py:925} INFO - DAG(s) 'example_dynamic_task_mapping_with_no_taskflow_operators' retrieved from /home/airflow/.local/lib/python3.12/site-packages/airflow/example_dags/example_dynamic_task_mapping_with_no_taskflow_operators.py
[2024-11-11T02:45:05.252+0000] {logging_mixin.py:190} INFO - [2024-11-11T02:45:05.252+0000] {dag.py:3239} INFO - Sync 1 DAGs
[2024-11-11T02:45:05.259+0000] {logging_mixin.py:190} INFO - [2024-11-11T02:45:05.259+0000] {dag.py:4180} INFO - Setting next_dagrun for example_dynamic_task_mapping_with_no_taskflow_operators to None, run_after=None
[2024-11-11T02:45:05.267+0000] {processor.py:208} INFO - Processing /home/airflow/.local/lib/python3.12/site-packages/airflow/example_dags/example_dynamic_task_mapping_with_no_taskflow_operators.py took 0.036 seconds
[2024-11-11T02:45:35.890+0000] {processor.py:186} INFO - Started process (PID=2664) to work on /home/airflow/.local/lib/python3.12/site-packages/airflow/example_dags/example_dynamic_task_mapping_with_no_taskflow_operators.py
[2024-11-11T02:45:35.891+0000] {processor.py:914} INFO - Processing file /home/airflow/.local/lib/python3.12/site-packages/airflow/example_dags/example_dynamic_task_mapping_with_no_taskflow_operators.py for tasks to queue
[2024-11-11T02:45:35.892+0000] {logging_mixin.py:190} INFO - [2024-11-11T02:45:35.892+0000] {dagbag.py:588} INFO - Filling up the DagBag from /home/airflow/.local/lib/python3.12/site-packages/airflow/example_dags/example_dynamic_task_mapping_with_no_taskflow_operators.py
[2024-11-11T02:45:35.897+0000] {processor.py:925} INFO - DAG(s) 'example_dynamic_task_mapping_with_no_taskflow_operators' retrieved from /home/airflow/.local/lib/python3.12/site-packages/airflow/example_dags/example_dynamic_task_mapping_with_no_taskflow_operators.py
[2024-11-11T02:45:35.908+0000] {logging_mixin.py:190} INFO - [2024-11-11T02:45:35.908+0000] {dag.py:3239} INFO - Sync 1 DAGs
[2024-11-11T02:45:35.918+0000] {logging_mixin.py:190} INFO - [2024-11-11T02:45:35.918+0000] {dag.py:4180} INFO - Setting next_dagrun for example_dynamic_task_mapping_with_no_taskflow_operators to None, run_after=None
[2024-11-11T02:45:35.945+0000] {processor.py:208} INFO - Processing /home/airflow/.local/lib/python3.12/site-packages/airflow/example_dags/example_dynamic_task_mapping_with_no_taskflow_operators.py took 0.059 seconds
[2024-11-11T02:46:06.544+0000] {processor.py:186} INFO - Started process (PID=2726) to work on /home/airflow/.local/lib/python3.12/site-packages/airflow/example_dags/example_dynamic_task_mapping_with_no_taskflow_operators.py
[2024-11-11T02:46:06.545+0000] {processor.py:914} INFO - Processing file /home/airflow/.local/lib/python3.12/site-packages/airflow/example_dags/example_dynamic_task_mapping_with_no_taskflow_operators.py for tasks to queue
[2024-11-11T02:46:06.546+0000] {logging_mixin.py:190} INFO - [2024-11-11T02:46:06.546+0000] {dagbag.py:588} INFO - Filling up the DagBag from /home/airflow/.local/lib/python3.12/site-packages/airflow/example_dags/example_dynamic_task_mapping_with_no_taskflow_operators.py
[2024-11-11T02:46:06.551+0000] {processor.py:925} INFO - DAG(s) 'example_dynamic_task_mapping_with_no_taskflow_operators' retrieved from /home/airflow/.local/lib/python3.12/site-packages/airflow/example_dags/example_dynamic_task_mapping_with_no_taskflow_operators.py
[2024-11-11T02:46:06.561+0000] {logging_mixin.py:190} INFO - [2024-11-11T02:46:06.561+0000] {dag.py:3239} INFO - Sync 1 DAGs
[2024-11-11T02:46:06.568+0000] {logging_mixin.py:190} INFO - [2024-11-11T02:46:06.568+0000] {dag.py:4180} INFO - Setting next_dagrun for example_dynamic_task_mapping_with_no_taskflow_operators to None, run_after=None
[2024-11-11T02:46:06.577+0000] {processor.py:208} INFO - Processing /home/airflow/.local/lib/python3.12/site-packages/airflow/example_dags/example_dynamic_task_mapping_with_no_taskflow_operators.py took 0.037 seconds
[2024-11-11T02:46:37.317+0000] {processor.py:186} INFO - Started process (PID=2789) to work on /home/airflow/.local/lib/python3.12/site-packages/airflow/example_dags/example_dynamic_task_mapping_with_no_taskflow_operators.py
[2024-11-11T02:46:37.318+0000] {processor.py:914} INFO - Processing file /home/airflow/.local/lib/python3.12/site-packages/airflow/example_dags/example_dynamic_task_mapping_with_no_taskflow_operators.py for tasks to queue
[2024-11-11T02:46:37.319+0000] {logging_mixin.py:190} INFO - [2024-11-11T02:46:37.319+0000] {dagbag.py:588} INFO - Filling up the DagBag from /home/airflow/.local/lib/python3.12/site-packages/airflow/example_dags/example_dynamic_task_mapping_with_no_taskflow_operators.py
[2024-11-11T02:46:37.324+0000] {processor.py:925} INFO - DAG(s) 'example_dynamic_task_mapping_with_no_taskflow_operators' retrieved from /home/airflow/.local/lib/python3.12/site-packages/airflow/example_dags/example_dynamic_task_mapping_with_no_taskflow_operators.py
[2024-11-11T02:46:37.335+0000] {logging_mixin.py:190} INFO - [2024-11-11T02:46:37.335+0000] {dag.py:3239} INFO - Sync 1 DAGs
[2024-11-11T02:46:37.342+0000] {logging_mixin.py:190} INFO - [2024-11-11T02:46:37.342+0000] {dag.py:4180} INFO - Setting next_dagrun for example_dynamic_task_mapping_with_no_taskflow_operators to None, run_after=None
[2024-11-11T02:46:37.350+0000] {processor.py:208} INFO - Processing /home/airflow/.local/lib/python3.12/site-packages/airflow/example_dags/example_dynamic_task_mapping_with_no_taskflow_operators.py took 0.037 seconds
[2024-11-11T02:47:07.888+0000] {processor.py:186} INFO - Started process (PID=2852) to work on /home/airflow/.local/lib/python3.12/site-packages/airflow/example_dags/example_dynamic_task_mapping_with_no_taskflow_operators.py
[2024-11-11T02:47:07.889+0000] {processor.py:914} INFO - Processing file /home/airflow/.local/lib/python3.12/site-packages/airflow/example_dags/example_dynamic_task_mapping_with_no_taskflow_operators.py for tasks to queue
[2024-11-11T02:47:07.891+0000] {logging_mixin.py:190} INFO - [2024-11-11T02:47:07.890+0000] {dagbag.py:588} INFO - Filling up the DagBag from /home/airflow/.local/lib/python3.12/site-packages/airflow/example_dags/example_dynamic_task_mapping_with_no_taskflow_operators.py
[2024-11-11T02:47:07.896+0000] {processor.py:925} INFO - DAG(s) 'example_dynamic_task_mapping_with_no_taskflow_operators' retrieved from /home/airflow/.local/lib/python3.12/site-packages/airflow/example_dags/example_dynamic_task_mapping_with_no_taskflow_operators.py
[2024-11-11T02:47:07.906+0000] {logging_mixin.py:190} INFO - [2024-11-11T02:47:07.906+0000] {dag.py:3239} INFO - Sync 1 DAGs
[2024-11-11T02:47:07.913+0000] {logging_mixin.py:190} INFO - [2024-11-11T02:47:07.913+0000] {dag.py:4180} INFO - Setting next_dagrun for example_dynamic_task_mapping_with_no_taskflow_operators to None, run_after=None
[2024-11-11T02:47:07.922+0000] {processor.py:208} INFO - Processing /home/airflow/.local/lib/python3.12/site-packages/airflow/example_dags/example_dynamic_task_mapping_with_no_taskflow_operators.py took 0.037 seconds
[2024-11-11T02:47:38.451+0000] {processor.py:186} INFO - Started process (PID=2915) to work on /home/airflow/.local/lib/python3.12/site-packages/airflow/example_dags/example_dynamic_task_mapping_with_no_taskflow_operators.py
[2024-11-11T02:47:38.452+0000] {processor.py:914} INFO - Processing file /home/airflow/.local/lib/python3.12/site-packages/airflow/example_dags/example_dynamic_task_mapping_with_no_taskflow_operators.py for tasks to queue
[2024-11-11T02:47:38.453+0000] {logging_mixin.py:190} INFO - [2024-11-11T02:47:38.453+0000] {dagbag.py:588} INFO - Filling up the DagBag from /home/airflow/.local/lib/python3.12/site-packages/airflow/example_dags/example_dynamic_task_mapping_with_no_taskflow_operators.py
[2024-11-11T02:47:38.458+0000] {processor.py:925} INFO - DAG(s) 'example_dynamic_task_mapping_with_no_taskflow_operators' retrieved from /home/airflow/.local/lib/python3.12/site-packages/airflow/example_dags/example_dynamic_task_mapping_with_no_taskflow_operators.py
[2024-11-11T02:47:38.468+0000] {logging_mixin.py:190} INFO - [2024-11-11T02:47:38.468+0000] {dag.py:3239} INFO - Sync 1 DAGs
[2024-11-11T02:47:38.476+0000] {logging_mixin.py:190} INFO - [2024-11-11T02:47:38.476+0000] {dag.py:4180} INFO - Setting next_dagrun for example_dynamic_task_mapping_with_no_taskflow_operators to None, run_after=None
[2024-11-11T02:47:38.484+0000] {processor.py:208} INFO - Processing /home/airflow/.local/lib/python3.12/site-packages/airflow/example_dags/example_dynamic_task_mapping_with_no_taskflow_operators.py took 0.036 seconds
[2024-11-11T02:48:09.065+0000] {processor.py:186} INFO - Started process (PID=2978) to work on /home/airflow/.local/lib/python3.12/site-packages/airflow/example_dags/example_dynamic_task_mapping_with_no_taskflow_operators.py
[2024-11-11T02:48:09.066+0000] {processor.py:914} INFO - Processing file /home/airflow/.local/lib/python3.12/site-packages/airflow/example_dags/example_dynamic_task_mapping_with_no_taskflow_operators.py for tasks to queue
[2024-11-11T02:48:09.067+0000] {logging_mixin.py:190} INFO - [2024-11-11T02:48:09.067+0000] {dagbag.py:588} INFO - Filling up the DagBag from /home/airflow/.local/lib/python3.12/site-packages/airflow/example_dags/example_dynamic_task_mapping_with_no_taskflow_operators.py
[2024-11-11T02:48:09.072+0000] {processor.py:925} INFO - DAG(s) 'example_dynamic_task_mapping_with_no_taskflow_operators' retrieved from /home/airflow/.local/lib/python3.12/site-packages/airflow/example_dags/example_dynamic_task_mapping_with_no_taskflow_operators.py
[2024-11-11T02:48:09.082+0000] {logging_mixin.py:190} INFO - [2024-11-11T02:48:09.081+0000] {dag.py:3239} INFO - Sync 1 DAGs
[2024-11-11T02:48:09.088+0000] {logging_mixin.py:190} INFO - [2024-11-11T02:48:09.088+0000] {dag.py:4180} INFO - Setting next_dagrun for example_dynamic_task_mapping_with_no_taskflow_operators to None, run_after=None
[2024-11-11T02:48:09.097+0000] {processor.py:208} INFO - Processing /home/airflow/.local/lib/python3.12/site-packages/airflow/example_dags/example_dynamic_task_mapping_with_no_taskflow_operators.py took 0.036 seconds
[2024-11-11T02:48:39.666+0000] {processor.py:186} INFO - Started process (PID=3041) to work on /home/airflow/.local/lib/python3.12/site-packages/airflow/example_dags/example_dynamic_task_mapping_with_no_taskflow_operators.py
[2024-11-11T02:48:39.667+0000] {processor.py:914} INFO - Processing file /home/airflow/.local/lib/python3.12/site-packages/airflow/example_dags/example_dynamic_task_mapping_with_no_taskflow_operators.py for tasks to queue
[2024-11-11T02:48:39.669+0000] {logging_mixin.py:190} INFO - [2024-11-11T02:48:39.669+0000] {dagbag.py:588} INFO - Filling up the DagBag from /home/airflow/.local/lib/python3.12/site-packages/airflow/example_dags/example_dynamic_task_mapping_with_no_taskflow_operators.py
[2024-11-11T02:48:39.674+0000] {processor.py:925} INFO - DAG(s) 'example_dynamic_task_mapping_with_no_taskflow_operators' retrieved from /home/airflow/.local/lib/python3.12/site-packages/airflow/example_dags/example_dynamic_task_mapping_with_no_taskflow_operators.py
[2024-11-11T02:48:39.684+0000] {logging_mixin.py:190} INFO - [2024-11-11T02:48:39.684+0000] {dag.py:3239} INFO - Sync 1 DAGs
[2024-11-11T02:48:39.691+0000] {logging_mixin.py:190} INFO - [2024-11-11T02:48:39.691+0000] {dag.py:4180} INFO - Setting next_dagrun for example_dynamic_task_mapping_with_no_taskflow_operators to None, run_after=None
[2024-11-11T02:48:39.700+0000] {processor.py:208} INFO - Processing /home/airflow/.local/lib/python3.12/site-packages/airflow/example_dags/example_dynamic_task_mapping_with_no_taskflow_operators.py took 0.037 seconds
[2024-11-11T02:49:10.228+0000] {processor.py:186} INFO - Started process (PID=3104) to work on /home/airflow/.local/lib/python3.12/site-packages/airflow/example_dags/example_dynamic_task_mapping_with_no_taskflow_operators.py
[2024-11-11T02:49:10.229+0000] {processor.py:914} INFO - Processing file /home/airflow/.local/lib/python3.12/site-packages/airflow/example_dags/example_dynamic_task_mapping_with_no_taskflow_operators.py for tasks to queue
[2024-11-11T02:49:10.230+0000] {logging_mixin.py:190} INFO - [2024-11-11T02:49:10.230+0000] {dagbag.py:588} INFO - Filling up the DagBag from /home/airflow/.local/lib/python3.12/site-packages/airflow/example_dags/example_dynamic_task_mapping_with_no_taskflow_operators.py
[2024-11-11T02:49:10.235+0000] {processor.py:925} INFO - DAG(s) 'example_dynamic_task_mapping_with_no_taskflow_operators' retrieved from /home/airflow/.local/lib/python3.12/site-packages/airflow/example_dags/example_dynamic_task_mapping_with_no_taskflow_operators.py
[2024-11-11T02:49:10.245+0000] {logging_mixin.py:190} INFO - [2024-11-11T02:49:10.245+0000] {dag.py:3239} INFO - Sync 1 DAGs
[2024-11-11T02:49:10.252+0000] {logging_mixin.py:190} INFO - [2024-11-11T02:49:10.252+0000] {dag.py:4180} INFO - Setting next_dagrun for example_dynamic_task_mapping_with_no_taskflow_operators to None, run_after=None
[2024-11-11T02:49:10.261+0000] {processor.py:208} INFO - Processing /home/airflow/.local/lib/python3.12/site-packages/airflow/example_dags/example_dynamic_task_mapping_with_no_taskflow_operators.py took 0.036 seconds
[2024-11-11T02:49:41.069+0000] {processor.py:186} INFO - Started process (PID=3167) to work on /home/airflow/.local/lib/python3.12/site-packages/airflow/example_dags/example_dynamic_task_mapping_with_no_taskflow_operators.py
[2024-11-11T02:49:41.069+0000] {processor.py:914} INFO - Processing file /home/airflow/.local/lib/python3.12/site-packages/airflow/example_dags/example_dynamic_task_mapping_with_no_taskflow_operators.py for tasks to queue
[2024-11-11T02:49:41.071+0000] {logging_mixin.py:190} INFO - [2024-11-11T02:49:41.071+0000] {dagbag.py:588} INFO - Filling up the DagBag from /home/airflow/.local/lib/python3.12/site-packages/airflow/example_dags/example_dynamic_task_mapping_with_no_taskflow_operators.py
[2024-11-11T02:49:41.076+0000] {processor.py:925} INFO - DAG(s) 'example_dynamic_task_mapping_with_no_taskflow_operators' retrieved from /home/airflow/.local/lib/python3.12/site-packages/airflow/example_dags/example_dynamic_task_mapping_with_no_taskflow_operators.py
[2024-11-11T02:49:41.086+0000] {logging_mixin.py:190} INFO - [2024-11-11T02:49:41.086+0000] {dag.py:3239} INFO - Sync 1 DAGs
[2024-11-11T02:49:41.093+0000] {logging_mixin.py:190} INFO - [2024-11-11T02:49:41.093+0000] {dag.py:4180} INFO - Setting next_dagrun for example_dynamic_task_mapping_with_no_taskflow_operators to None, run_after=None
[2024-11-11T02:49:41.102+0000] {processor.py:208} INFO - Processing /home/airflow/.local/lib/python3.12/site-packages/airflow/example_dags/example_dynamic_task_mapping_with_no_taskflow_operators.py took 0.037 seconds
[2024-11-11T02:50:11.972+0000] {processor.py:186} INFO - Started process (PID=3230) to work on /home/airflow/.local/lib/python3.12/site-packages/airflow/example_dags/example_dynamic_task_mapping_with_no_taskflow_operators.py
[2024-11-11T02:50:11.972+0000] {processor.py:914} INFO - Processing file /home/airflow/.local/lib/python3.12/site-packages/airflow/example_dags/example_dynamic_task_mapping_with_no_taskflow_operators.py for tasks to queue
[2024-11-11T02:50:11.974+0000] {logging_mixin.py:190} INFO - [2024-11-11T02:50:11.974+0000] {dagbag.py:588} INFO - Filling up the DagBag from /home/airflow/.local/lib/python3.12/site-packages/airflow/example_dags/example_dynamic_task_mapping_with_no_taskflow_operators.py
[2024-11-11T02:50:11.979+0000] {processor.py:925} INFO - DAG(s) 'example_dynamic_task_mapping_with_no_taskflow_operators' retrieved from /home/airflow/.local/lib/python3.12/site-packages/airflow/example_dags/example_dynamic_task_mapping_with_no_taskflow_operators.py
[2024-11-11T02:50:11.989+0000] {logging_mixin.py:190} INFO - [2024-11-11T02:50:11.989+0000] {dag.py:3239} INFO - Sync 1 DAGs
[2024-11-11T02:50:11.997+0000] {logging_mixin.py:190} INFO - [2024-11-11T02:50:11.997+0000] {dag.py:4180} INFO - Setting next_dagrun for example_dynamic_task_mapping_with_no_taskflow_operators to None, run_after=None
[2024-11-11T02:50:12.006+0000] {processor.py:208} INFO - Processing /home/airflow/.local/lib/python3.12/site-packages/airflow/example_dags/example_dynamic_task_mapping_with_no_taskflow_operators.py took 0.038 seconds
[2024-11-11T02:50:43.065+0000] {processor.py:186} INFO - Started process (PID=3293) to work on /home/airflow/.local/lib/python3.12/site-packages/airflow/example_dags/example_dynamic_task_mapping_with_no_taskflow_operators.py
[2024-11-11T02:50:43.066+0000] {processor.py:914} INFO - Processing file /home/airflow/.local/lib/python3.12/site-packages/airflow/example_dags/example_dynamic_task_mapping_with_no_taskflow_operators.py for tasks to queue
[2024-11-11T02:50:43.067+0000] {logging_mixin.py:190} INFO - [2024-11-11T02:50:43.067+0000] {dagbag.py:588} INFO - Filling up the DagBag from /home/airflow/.local/lib/python3.12/site-packages/airflow/example_dags/example_dynamic_task_mapping_with_no_taskflow_operators.py
[2024-11-11T02:50:43.072+0000] {processor.py:925} INFO - DAG(s) 'example_dynamic_task_mapping_with_no_taskflow_operators' retrieved from /home/airflow/.local/lib/python3.12/site-packages/airflow/example_dags/example_dynamic_task_mapping_with_no_taskflow_operators.py
[2024-11-11T02:50:43.082+0000] {logging_mixin.py:190} INFO - [2024-11-11T02:50:43.081+0000] {dag.py:3239} INFO - Sync 1 DAGs
[2024-11-11T02:50:43.088+0000] {logging_mixin.py:190} INFO - [2024-11-11T02:50:43.088+0000] {dag.py:4180} INFO - Setting next_dagrun for example_dynamic_task_mapping_with_no_taskflow_operators to None, run_after=None
[2024-11-11T02:50:43.096+0000] {processor.py:208} INFO - Processing /home/airflow/.local/lib/python3.12/site-packages/airflow/example_dags/example_dynamic_task_mapping_with_no_taskflow_operators.py took 0.034 seconds
[2024-11-11T02:51:13.383+0000] {processor.py:186} INFO - Started process (PID=3356) to work on /home/airflow/.local/lib/python3.12/site-packages/airflow/example_dags/example_dynamic_task_mapping_with_no_taskflow_operators.py
[2024-11-11T02:51:13.383+0000] {processor.py:914} INFO - Processing file /home/airflow/.local/lib/python3.12/site-packages/airflow/example_dags/example_dynamic_task_mapping_with_no_taskflow_operators.py for tasks to queue
[2024-11-11T02:51:13.384+0000] {logging_mixin.py:190} INFO - [2024-11-11T02:51:13.384+0000] {dagbag.py:588} INFO - Filling up the DagBag from /home/airflow/.local/lib/python3.12/site-packages/airflow/example_dags/example_dynamic_task_mapping_with_no_taskflow_operators.py
[2024-11-11T02:51:13.389+0000] {processor.py:925} INFO - DAG(s) 'example_dynamic_task_mapping_with_no_taskflow_operators' retrieved from /home/airflow/.local/lib/python3.12/site-packages/airflow/example_dags/example_dynamic_task_mapping_with_no_taskflow_operators.py
[2024-11-11T02:51:13.399+0000] {logging_mixin.py:190} INFO - [2024-11-11T02:51:13.399+0000] {dag.py:3239} INFO - Sync 1 DAGs
[2024-11-11T02:51:13.406+0000] {logging_mixin.py:190} INFO - [2024-11-11T02:51:13.406+0000] {dag.py:4180} INFO - Setting next_dagrun for example_dynamic_task_mapping_with_no_taskflow_operators to None, run_after=None
[2024-11-11T02:51:13.413+0000] {processor.py:208} INFO - Processing /home/airflow/.local/lib/python3.12/site-packages/airflow/example_dags/example_dynamic_task_mapping_with_no_taskflow_operators.py took 0.034 seconds
[2024-11-11T02:51:44.526+0000] {processor.py:186} INFO - Started process (PID=3419) to work on /home/airflow/.local/lib/python3.12/site-packages/airflow/example_dags/example_dynamic_task_mapping_with_no_taskflow_operators.py
[2024-11-11T02:51:44.526+0000] {processor.py:914} INFO - Processing file /home/airflow/.local/lib/python3.12/site-packages/airflow/example_dags/example_dynamic_task_mapping_with_no_taskflow_operators.py for tasks to queue
[2024-11-11T02:51:44.528+0000] {logging_mixin.py:190} INFO - [2024-11-11T02:51:44.528+0000] {dagbag.py:588} INFO - Filling up the DagBag from /home/airflow/.local/lib/python3.12/site-packages/airflow/example_dags/example_dynamic_task_mapping_with_no_taskflow_operators.py
[2024-11-11T02:51:44.533+0000] {processor.py:925} INFO - DAG(s) 'example_dynamic_task_mapping_with_no_taskflow_operators' retrieved from /home/airflow/.local/lib/python3.12/site-packages/airflow/example_dags/example_dynamic_task_mapping_with_no_taskflow_operators.py
[2024-11-11T02:51:44.543+0000] {logging_mixin.py:190} INFO - [2024-11-11T02:51:44.543+0000] {dag.py:3239} INFO - Sync 1 DAGs
[2024-11-11T02:51:44.550+0000] {logging_mixin.py:190} INFO - [2024-11-11T02:51:44.550+0000] {dag.py:4180} INFO - Setting next_dagrun for example_dynamic_task_mapping_with_no_taskflow_operators to None, run_after=None
[2024-11-11T02:51:44.558+0000] {processor.py:208} INFO - Processing /home/airflow/.local/lib/python3.12/site-packages/airflow/example_dags/example_dynamic_task_mapping_with_no_taskflow_operators.py took 0.036 seconds
[2024-11-11T02:52:16.817+0000] {processor.py:186} INFO - Started process (PID=3482) to work on /home/airflow/.local/lib/python3.12/site-packages/airflow/example_dags/example_dynamic_task_mapping_with_no_taskflow_operators.py
[2024-11-11T02:52:16.817+0000] {processor.py:914} INFO - Processing file /home/airflow/.local/lib/python3.12/site-packages/airflow/example_dags/example_dynamic_task_mapping_with_no_taskflow_operators.py for tasks to queue
[2024-11-11T02:52:16.819+0000] {logging_mixin.py:190} INFO - [2024-11-11T02:52:16.819+0000] {dagbag.py:588} INFO - Filling up the DagBag from /home/airflow/.local/lib/python3.12/site-packages/airflow/example_dags/example_dynamic_task_mapping_with_no_taskflow_operators.py
[2024-11-11T02:52:16.824+0000] {processor.py:925} INFO - DAG(s) 'example_dynamic_task_mapping_with_no_taskflow_operators' retrieved from /home/airflow/.local/lib/python3.12/site-packages/airflow/example_dags/example_dynamic_task_mapping_with_no_taskflow_operators.py
[2024-11-11T02:52:16.835+0000] {logging_mixin.py:190} INFO - [2024-11-11T02:52:16.835+0000] {dag.py:3239} INFO - Sync 1 DAGs
[2024-11-11T02:52:16.953+0000] {logging_mixin.py:190} INFO - [2024-11-11T02:52:16.953+0000] {dag.py:4180} INFO - Setting next_dagrun for example_dynamic_task_mapping_with_no_taskflow_operators to None, run_after=None
[2024-11-11T02:52:16.960+0000] {processor.py:208} INFO - Processing /home/airflow/.local/lib/python3.12/site-packages/airflow/example_dags/example_dynamic_task_mapping_with_no_taskflow_operators.py took 0.147 seconds
[2024-11-11T02:52:47.010+0000] {processor.py:186} INFO - Started process (PID=3545) to work on /home/airflow/.local/lib/python3.12/site-packages/airflow/example_dags/example_dynamic_task_mapping_with_no_taskflow_operators.py
[2024-11-11T02:52:47.011+0000] {processor.py:914} INFO - Processing file /home/airflow/.local/lib/python3.12/site-packages/airflow/example_dags/example_dynamic_task_mapping_with_no_taskflow_operators.py for tasks to queue
[2024-11-11T02:52:47.012+0000] {logging_mixin.py:190} INFO - [2024-11-11T02:52:47.012+0000] {dagbag.py:588} INFO - Filling up the DagBag from /home/airflow/.local/lib/python3.12/site-packages/airflow/example_dags/example_dynamic_task_mapping_with_no_taskflow_operators.py
[2024-11-11T02:52:47.017+0000] {processor.py:925} INFO - DAG(s) 'example_dynamic_task_mapping_with_no_taskflow_operators' retrieved from /home/airflow/.local/lib/python3.12/site-packages/airflow/example_dags/example_dynamic_task_mapping_with_no_taskflow_operators.py
[2024-11-11T02:52:47.027+0000] {logging_mixin.py:190} INFO - [2024-11-11T02:52:47.027+0000] {dag.py:3239} INFO - Sync 1 DAGs
[2024-11-11T02:52:47.141+0000] {logging_mixin.py:190} INFO - [2024-11-11T02:52:47.140+0000] {dag.py:4180} INFO - Setting next_dagrun for example_dynamic_task_mapping_with_no_taskflow_operators to None, run_after=None
[2024-11-11T02:52:47.149+0000] {processor.py:208} INFO - Processing /home/airflow/.local/lib/python3.12/site-packages/airflow/example_dags/example_dynamic_task_mapping_with_no_taskflow_operators.py took 0.143 seconds
[2024-11-11T02:53:18.063+0000] {processor.py:186} INFO - Started process (PID=3608) to work on /home/airflow/.local/lib/python3.12/site-packages/airflow/example_dags/example_dynamic_task_mapping_with_no_taskflow_operators.py
[2024-11-11T02:53:18.064+0000] {processor.py:914} INFO - Processing file /home/airflow/.local/lib/python3.12/site-packages/airflow/example_dags/example_dynamic_task_mapping_with_no_taskflow_operators.py for tasks to queue
[2024-11-11T02:53:18.067+0000] {logging_mixin.py:190} INFO - [2024-11-11T02:53:18.066+0000] {dagbag.py:588} INFO - Filling up the DagBag from /home/airflow/.local/lib/python3.12/site-packages/airflow/example_dags/example_dynamic_task_mapping_with_no_taskflow_operators.py
[2024-11-11T02:53:18.074+0000] {processor.py:925} INFO - DAG(s) 'example_dynamic_task_mapping_with_no_taskflow_operators' retrieved from /home/airflow/.local/lib/python3.12/site-packages/airflow/example_dags/example_dynamic_task_mapping_with_no_taskflow_operators.py
[2024-11-11T02:53:18.089+0000] {logging_mixin.py:190} INFO - [2024-11-11T02:53:18.089+0000] {dag.py:3239} INFO - Sync 1 DAGs
[2024-11-11T02:53:18.097+0000] {logging_mixin.py:190} INFO - [2024-11-11T02:53:18.097+0000] {dag.py:4180} INFO - Setting next_dagrun for example_dynamic_task_mapping_with_no_taskflow_operators to None, run_after=None
[2024-11-11T02:53:18.107+0000] {processor.py:208} INFO - Processing /home/airflow/.local/lib/python3.12/site-packages/airflow/example_dags/example_dynamic_task_mapping_with_no_taskflow_operators.py took 0.051 seconds
[2024-11-11T02:53:48.546+0000] {processor.py:186} INFO - Started process (PID=3671) to work on /home/airflow/.local/lib/python3.12/site-packages/airflow/example_dags/example_dynamic_task_mapping_with_no_taskflow_operators.py
[2024-11-11T02:53:48.547+0000] {processor.py:914} INFO - Processing file /home/airflow/.local/lib/python3.12/site-packages/airflow/example_dags/example_dynamic_task_mapping_with_no_taskflow_operators.py for tasks to queue
[2024-11-11T02:53:48.549+0000] {logging_mixin.py:190} INFO - [2024-11-11T02:53:48.549+0000] {dagbag.py:588} INFO - Filling up the DagBag from /home/airflow/.local/lib/python3.12/site-packages/airflow/example_dags/example_dynamic_task_mapping_with_no_taskflow_operators.py
[2024-11-11T02:53:48.555+0000] {processor.py:925} INFO - DAG(s) 'example_dynamic_task_mapping_with_no_taskflow_operators' retrieved from /home/airflow/.local/lib/python3.12/site-packages/airflow/example_dags/example_dynamic_task_mapping_with_no_taskflow_operators.py
[2024-11-11T02:53:48.565+0000] {logging_mixin.py:190} INFO - [2024-11-11T02:53:48.565+0000] {dag.py:3239} INFO - Sync 1 DAGs
[2024-11-11T02:53:48.571+0000] {logging_mixin.py:190} INFO - [2024-11-11T02:53:48.571+0000] {dag.py:4180} INFO - Setting next_dagrun for example_dynamic_task_mapping_with_no_taskflow_operators to None, run_after=None
[2024-11-11T02:53:48.579+0000] {processor.py:208} INFO - Processing /home/airflow/.local/lib/python3.12/site-packages/airflow/example_dags/example_dynamic_task_mapping_with_no_taskflow_operators.py took 0.037 seconds
[2024-11-11T02:54:19.026+0000] {processor.py:186} INFO - Started process (PID=3734) to work on /home/airflow/.local/lib/python3.12/site-packages/airflow/example_dags/example_dynamic_task_mapping_with_no_taskflow_operators.py
[2024-11-11T02:54:19.027+0000] {processor.py:914} INFO - Processing file /home/airflow/.local/lib/python3.12/site-packages/airflow/example_dags/example_dynamic_task_mapping_with_no_taskflow_operators.py for tasks to queue
[2024-11-11T02:54:19.028+0000] {logging_mixin.py:190} INFO - [2024-11-11T02:54:19.028+0000] {dagbag.py:588} INFO - Filling up the DagBag from /home/airflow/.local/lib/python3.12/site-packages/airflow/example_dags/example_dynamic_task_mapping_with_no_taskflow_operators.py
[2024-11-11T02:54:19.033+0000] {processor.py:925} INFO - DAG(s) 'example_dynamic_task_mapping_with_no_taskflow_operators' retrieved from /home/airflow/.local/lib/python3.12/site-packages/airflow/example_dags/example_dynamic_task_mapping_with_no_taskflow_operators.py
[2024-11-11T02:54:19.043+0000] {logging_mixin.py:190} INFO - [2024-11-11T02:54:19.043+0000] {dag.py:3239} INFO - Sync 1 DAGs
[2024-11-11T02:54:19.050+0000] {logging_mixin.py:190} INFO - [2024-11-11T02:54:19.049+0000] {dag.py:4180} INFO - Setting next_dagrun for example_dynamic_task_mapping_with_no_taskflow_operators to None, run_after=None
[2024-11-11T02:54:19.058+0000] {processor.py:208} INFO - Processing /home/airflow/.local/lib/python3.12/site-packages/airflow/example_dags/example_dynamic_task_mapping_with_no_taskflow_operators.py took 0.035 seconds
[2024-11-11T02:54:49.573+0000] {processor.py:186} INFO - Started process (PID=3797) to work on /home/airflow/.local/lib/python3.12/site-packages/airflow/example_dags/example_dynamic_task_mapping_with_no_taskflow_operators.py
[2024-11-11T02:54:49.573+0000] {processor.py:914} INFO - Processing file /home/airflow/.local/lib/python3.12/site-packages/airflow/example_dags/example_dynamic_task_mapping_with_no_taskflow_operators.py for tasks to queue
[2024-11-11T02:54:49.575+0000] {logging_mixin.py:190} INFO - [2024-11-11T02:54:49.575+0000] {dagbag.py:588} INFO - Filling up the DagBag from /home/airflow/.local/lib/python3.12/site-packages/airflow/example_dags/example_dynamic_task_mapping_with_no_taskflow_operators.py
[2024-11-11T02:54:49.580+0000] {processor.py:925} INFO - DAG(s) 'example_dynamic_task_mapping_with_no_taskflow_operators' retrieved from /home/airflow/.local/lib/python3.12/site-packages/airflow/example_dags/example_dynamic_task_mapping_with_no_taskflow_operators.py
[2024-11-11T02:54:49.591+0000] {logging_mixin.py:190} INFO - [2024-11-11T02:54:49.591+0000] {dag.py:3239} INFO - Sync 1 DAGs
[2024-11-11T02:54:49.598+0000] {logging_mixin.py:190} INFO - [2024-11-11T02:54:49.598+0000] {dag.py:4180} INFO - Setting next_dagrun for example_dynamic_task_mapping_with_no_taskflow_operators to None, run_after=None
[2024-11-11T02:54:49.607+0000] {processor.py:208} INFO - Processing /home/airflow/.local/lib/python3.12/site-packages/airflow/example_dags/example_dynamic_task_mapping_with_no_taskflow_operators.py took 0.038 seconds
[2024-11-11T02:55:19.957+0000] {processor.py:186} INFO - Started process (PID=3860) to work on /home/airflow/.local/lib/python3.12/site-packages/airflow/example_dags/example_dynamic_task_mapping_with_no_taskflow_operators.py
[2024-11-11T02:55:19.958+0000] {processor.py:914} INFO - Processing file /home/airflow/.local/lib/python3.12/site-packages/airflow/example_dags/example_dynamic_task_mapping_with_no_taskflow_operators.py for tasks to queue
[2024-11-11T02:55:19.959+0000] {logging_mixin.py:190} INFO - [2024-11-11T02:55:19.959+0000] {dagbag.py:588} INFO - Filling up the DagBag from /home/airflow/.local/lib/python3.12/site-packages/airflow/example_dags/example_dynamic_task_mapping_with_no_taskflow_operators.py
[2024-11-11T02:55:19.964+0000] {processor.py:925} INFO - DAG(s) 'example_dynamic_task_mapping_with_no_taskflow_operators' retrieved from /home/airflow/.local/lib/python3.12/site-packages/airflow/example_dags/example_dynamic_task_mapping_with_no_taskflow_operators.py
[2024-11-11T02:55:19.974+0000] {logging_mixin.py:190} INFO - [2024-11-11T02:55:19.974+0000] {dag.py:3239} INFO - Sync 1 DAGs
[2024-11-11T02:55:19.980+0000] {logging_mixin.py:190} INFO - [2024-11-11T02:55:19.980+0000] {dag.py:4180} INFO - Setting next_dagrun for example_dynamic_task_mapping_with_no_taskflow_operators to None, run_after=None
[2024-11-11T02:55:19.988+0000] {processor.py:208} INFO - Processing /home/airflow/.local/lib/python3.12/site-packages/airflow/example_dags/example_dynamic_task_mapping_with_no_taskflow_operators.py took 0.033 seconds
[2024-11-11T02:55:50.439+0000] {processor.py:186} INFO - Started process (PID=3923) to work on /home/airflow/.local/lib/python3.12/site-packages/airflow/example_dags/example_dynamic_task_mapping_with_no_taskflow_operators.py
[2024-11-11T02:55:50.439+0000] {processor.py:914} INFO - Processing file /home/airflow/.local/lib/python3.12/site-packages/airflow/example_dags/example_dynamic_task_mapping_with_no_taskflow_operators.py for tasks to queue
[2024-11-11T02:55:50.441+0000] {logging_mixin.py:190} INFO - [2024-11-11T02:55:50.440+0000] {dagbag.py:588} INFO - Filling up the DagBag from /home/airflow/.local/lib/python3.12/site-packages/airflow/example_dags/example_dynamic_task_mapping_with_no_taskflow_operators.py
[2024-11-11T02:55:50.445+0000] {processor.py:925} INFO - DAG(s) 'example_dynamic_task_mapping_with_no_taskflow_operators' retrieved from /home/airflow/.local/lib/python3.12/site-packages/airflow/example_dags/example_dynamic_task_mapping_with_no_taskflow_operators.py
[2024-11-11T02:55:50.455+0000] {logging_mixin.py:190} INFO - [2024-11-11T02:55:50.455+0000] {dag.py:3239} INFO - Sync 1 DAGs
[2024-11-11T02:55:50.462+0000] {logging_mixin.py:190} INFO - [2024-11-11T02:55:50.461+0000] {dag.py:4180} INFO - Setting next_dagrun for example_dynamic_task_mapping_with_no_taskflow_operators to None, run_after=None
[2024-11-11T02:55:50.469+0000] {processor.py:208} INFO - Processing /home/airflow/.local/lib/python3.12/site-packages/airflow/example_dags/example_dynamic_task_mapping_with_no_taskflow_operators.py took 0.033 seconds
[2024-11-11T02:56:21.064+0000] {processor.py:186} INFO - Started process (PID=3986) to work on /home/airflow/.local/lib/python3.12/site-packages/airflow/example_dags/example_dynamic_task_mapping_with_no_taskflow_operators.py
[2024-11-11T02:56:21.065+0000] {processor.py:914} INFO - Processing file /home/airflow/.local/lib/python3.12/site-packages/airflow/example_dags/example_dynamic_task_mapping_with_no_taskflow_operators.py for tasks to queue
[2024-11-11T02:56:21.066+0000] {logging_mixin.py:190} INFO - [2024-11-11T02:56:21.066+0000] {dagbag.py:588} INFO - Filling up the DagBag from /home/airflow/.local/lib/python3.12/site-packages/airflow/example_dags/example_dynamic_task_mapping_with_no_taskflow_operators.py
[2024-11-11T02:56:21.071+0000] {processor.py:925} INFO - DAG(s) 'example_dynamic_task_mapping_with_no_taskflow_operators' retrieved from /home/airflow/.local/lib/python3.12/site-packages/airflow/example_dags/example_dynamic_task_mapping_with_no_taskflow_operators.py
[2024-11-11T02:56:21.081+0000] {logging_mixin.py:190} INFO - [2024-11-11T02:56:21.081+0000] {dag.py:3239} INFO - Sync 1 DAGs
[2024-11-11T02:56:21.088+0000] {logging_mixin.py:190} INFO - [2024-11-11T02:56:21.088+0000] {dag.py:4180} INFO - Setting next_dagrun for example_dynamic_task_mapping_with_no_taskflow_operators to None, run_after=None
[2024-11-11T02:56:21.097+0000] {processor.py:208} INFO - Processing /home/airflow/.local/lib/python3.12/site-packages/airflow/example_dags/example_dynamic_task_mapping_with_no_taskflow_operators.py took 0.036 seconds
[2024-11-11T02:56:51.595+0000] {processor.py:186} INFO - Started process (PID=4049) to work on /home/airflow/.local/lib/python3.12/site-packages/airflow/example_dags/example_dynamic_task_mapping_with_no_taskflow_operators.py
[2024-11-11T02:56:51.596+0000] {processor.py:914} INFO - Processing file /home/airflow/.local/lib/python3.12/site-packages/airflow/example_dags/example_dynamic_task_mapping_with_no_taskflow_operators.py for tasks to queue
[2024-11-11T02:56:51.597+0000] {logging_mixin.py:190} INFO - [2024-11-11T02:56:51.597+0000] {dagbag.py:588} INFO - Filling up the DagBag from /home/airflow/.local/lib/python3.12/site-packages/airflow/example_dags/example_dynamic_task_mapping_with_no_taskflow_operators.py
[2024-11-11T02:56:51.602+0000] {processor.py:925} INFO - DAG(s) 'example_dynamic_task_mapping_with_no_taskflow_operators' retrieved from /home/airflow/.local/lib/python3.12/site-packages/airflow/example_dags/example_dynamic_task_mapping_with_no_taskflow_operators.py
[2024-11-11T02:56:51.613+0000] {logging_mixin.py:190} INFO - [2024-11-11T02:56:51.613+0000] {dag.py:3239} INFO - Sync 1 DAGs
[2024-11-11T02:56:51.620+0000] {logging_mixin.py:190} INFO - [2024-11-11T02:56:51.619+0000] {dag.py:4180} INFO - Setting next_dagrun for example_dynamic_task_mapping_with_no_taskflow_operators to None, run_after=None
[2024-11-11T02:56:51.627+0000] {processor.py:208} INFO - Processing /home/airflow/.local/lib/python3.12/site-packages/airflow/example_dags/example_dynamic_task_mapping_with_no_taskflow_operators.py took 0.035 seconds
[2024-11-11T02:57:22.123+0000] {processor.py:186} INFO - Started process (PID=4112) to work on /home/airflow/.local/lib/python3.12/site-packages/airflow/example_dags/example_dynamic_task_mapping_with_no_taskflow_operators.py
[2024-11-11T02:57:22.123+0000] {processor.py:914} INFO - Processing file /home/airflow/.local/lib/python3.12/site-packages/airflow/example_dags/example_dynamic_task_mapping_with_no_taskflow_operators.py for tasks to queue
[2024-11-11T02:57:22.125+0000] {logging_mixin.py:190} INFO - [2024-11-11T02:57:22.125+0000] {dagbag.py:588} INFO - Filling up the DagBag from /home/airflow/.local/lib/python3.12/site-packages/airflow/example_dags/example_dynamic_task_mapping_with_no_taskflow_operators.py
[2024-11-11T02:57:22.130+0000] {processor.py:925} INFO - DAG(s) 'example_dynamic_task_mapping_with_no_taskflow_operators' retrieved from /home/airflow/.local/lib/python3.12/site-packages/airflow/example_dags/example_dynamic_task_mapping_with_no_taskflow_operators.py
[2024-11-11T02:57:22.140+0000] {logging_mixin.py:190} INFO - [2024-11-11T02:57:22.140+0000] {dag.py:3239} INFO - Sync 1 DAGs
[2024-11-11T02:57:22.147+0000] {logging_mixin.py:190} INFO - [2024-11-11T02:57:22.147+0000] {dag.py:4180} INFO - Setting next_dagrun for example_dynamic_task_mapping_with_no_taskflow_operators to None, run_after=None
[2024-11-11T02:57:22.155+0000] {processor.py:208} INFO - Processing /home/airflow/.local/lib/python3.12/site-packages/airflow/example_dags/example_dynamic_task_mapping_with_no_taskflow_operators.py took 0.036 seconds
[2024-11-11T02:57:52.530+0000] {processor.py:186} INFO - Started process (PID=4175) to work on /home/airflow/.local/lib/python3.12/site-packages/airflow/example_dags/example_dynamic_task_mapping_with_no_taskflow_operators.py
[2024-11-11T02:57:52.531+0000] {processor.py:914} INFO - Processing file /home/airflow/.local/lib/python3.12/site-packages/airflow/example_dags/example_dynamic_task_mapping_with_no_taskflow_operators.py for tasks to queue
[2024-11-11T02:57:52.532+0000] {logging_mixin.py:190} INFO - [2024-11-11T02:57:52.532+0000] {dagbag.py:588} INFO - Filling up the DagBag from /home/airflow/.local/lib/python3.12/site-packages/airflow/example_dags/example_dynamic_task_mapping_with_no_taskflow_operators.py
[2024-11-11T02:57:52.537+0000] {processor.py:925} INFO - DAG(s) 'example_dynamic_task_mapping_with_no_taskflow_operators' retrieved from /home/airflow/.local/lib/python3.12/site-packages/airflow/example_dags/example_dynamic_task_mapping_with_no_taskflow_operators.py
[2024-11-11T02:57:52.547+0000] {logging_mixin.py:190} INFO - [2024-11-11T02:57:52.547+0000] {dag.py:3239} INFO - Sync 1 DAGs
[2024-11-11T02:57:52.553+0000] {logging_mixin.py:190} INFO - [2024-11-11T02:57:52.553+0000] {dag.py:4180} INFO - Setting next_dagrun for example_dynamic_task_mapping_with_no_taskflow_operators to None, run_after=None
[2024-11-11T02:57:52.561+0000] {processor.py:208} INFO - Processing /home/airflow/.local/lib/python3.12/site-packages/airflow/example_dags/example_dynamic_task_mapping_with_no_taskflow_operators.py took 0.033 seconds
[2024-11-11T02:58:23.038+0000] {processor.py:186} INFO - Started process (PID=4238) to work on /home/airflow/.local/lib/python3.12/site-packages/airflow/example_dags/example_dynamic_task_mapping_with_no_taskflow_operators.py
[2024-11-11T02:58:23.039+0000] {processor.py:914} INFO - Processing file /home/airflow/.local/lib/python3.12/site-packages/airflow/example_dags/example_dynamic_task_mapping_with_no_taskflow_operators.py for tasks to queue
[2024-11-11T02:58:23.040+0000] {logging_mixin.py:190} INFO - [2024-11-11T02:58:23.040+0000] {dagbag.py:588} INFO - Filling up the DagBag from /home/airflow/.local/lib/python3.12/site-packages/airflow/example_dags/example_dynamic_task_mapping_with_no_taskflow_operators.py
[2024-11-11T02:58:23.046+0000] {processor.py:925} INFO - DAG(s) 'example_dynamic_task_mapping_with_no_taskflow_operators' retrieved from /home/airflow/.local/lib/python3.12/site-packages/airflow/example_dags/example_dynamic_task_mapping_with_no_taskflow_operators.py
[2024-11-11T02:58:23.056+0000] {logging_mixin.py:190} INFO - [2024-11-11T02:58:23.056+0000] {dag.py:3239} INFO - Sync 1 DAGs
[2024-11-11T02:58:23.063+0000] {logging_mixin.py:190} INFO - [2024-11-11T02:58:23.063+0000] {dag.py:4180} INFO - Setting next_dagrun for example_dynamic_task_mapping_with_no_taskflow_operators to None, run_after=None
[2024-11-11T02:58:23.071+0000] {processor.py:208} INFO - Processing /home/airflow/.local/lib/python3.12/site-packages/airflow/example_dags/example_dynamic_task_mapping_with_no_taskflow_operators.py took 0.036 seconds
[2024-11-11T02:58:53.440+0000] {processor.py:186} INFO - Started process (PID=4301) to work on /home/airflow/.local/lib/python3.12/site-packages/airflow/example_dags/example_dynamic_task_mapping_with_no_taskflow_operators.py
[2024-11-11T02:58:53.441+0000] {processor.py:914} INFO - Processing file /home/airflow/.local/lib/python3.12/site-packages/airflow/example_dags/example_dynamic_task_mapping_with_no_taskflow_operators.py for tasks to queue
[2024-11-11T02:58:53.442+0000] {logging_mixin.py:190} INFO - [2024-11-11T02:58:53.442+0000] {dagbag.py:588} INFO - Filling up the DagBag from /home/airflow/.local/lib/python3.12/site-packages/airflow/example_dags/example_dynamic_task_mapping_with_no_taskflow_operators.py
[2024-11-11T02:58:53.447+0000] {processor.py:925} INFO - DAG(s) 'example_dynamic_task_mapping_with_no_taskflow_operators' retrieved from /home/airflow/.local/lib/python3.12/site-packages/airflow/example_dags/example_dynamic_task_mapping_with_no_taskflow_operators.py
[2024-11-11T02:58:53.458+0000] {logging_mixin.py:190} INFO - [2024-11-11T02:58:53.458+0000] {dag.py:3239} INFO - Sync 1 DAGs
[2024-11-11T02:58:53.465+0000] {logging_mixin.py:190} INFO - [2024-11-11T02:58:53.465+0000] {dag.py:4180} INFO - Setting next_dagrun for example_dynamic_task_mapping_with_no_taskflow_operators to None, run_after=None
[2024-11-11T02:58:53.474+0000] {processor.py:208} INFO - Processing /home/airflow/.local/lib/python3.12/site-packages/airflow/example_dags/example_dynamic_task_mapping_with_no_taskflow_operators.py took 0.038 seconds
[2024-11-11T02:59:23.952+0000] {processor.py:186} INFO - Started process (PID=4364) to work on /home/airflow/.local/lib/python3.12/site-packages/airflow/example_dags/example_dynamic_task_mapping_with_no_taskflow_operators.py
[2024-11-11T02:59:23.953+0000] {processor.py:914} INFO - Processing file /home/airflow/.local/lib/python3.12/site-packages/airflow/example_dags/example_dynamic_task_mapping_with_no_taskflow_operators.py for tasks to queue
[2024-11-11T02:59:23.954+0000] {logging_mixin.py:190} INFO - [2024-11-11T02:59:23.954+0000] {dagbag.py:588} INFO - Filling up the DagBag from /home/airflow/.local/lib/python3.12/site-packages/airflow/example_dags/example_dynamic_task_mapping_with_no_taskflow_operators.py
[2024-11-11T02:59:23.960+0000] {processor.py:925} INFO - DAG(s) 'example_dynamic_task_mapping_with_no_taskflow_operators' retrieved from /home/airflow/.local/lib/python3.12/site-packages/airflow/example_dags/example_dynamic_task_mapping_with_no_taskflow_operators.py
[2024-11-11T02:59:23.970+0000] {logging_mixin.py:190} INFO - [2024-11-11T02:59:23.970+0000] {dag.py:3239} INFO - Sync 1 DAGs
[2024-11-11T02:59:23.977+0000] {logging_mixin.py:190} INFO - [2024-11-11T02:59:23.977+0000] {dag.py:4180} INFO - Setting next_dagrun for example_dynamic_task_mapping_with_no_taskflow_operators to None, run_after=None
[2024-11-11T02:59:23.985+0000] {processor.py:208} INFO - Processing /home/airflow/.local/lib/python3.12/site-packages/airflow/example_dags/example_dynamic_task_mapping_with_no_taskflow_operators.py took 0.036 seconds
[2024-11-11T02:59:54.468+0000] {processor.py:186} INFO - Started process (PID=4427) to work on /home/airflow/.local/lib/python3.12/site-packages/airflow/example_dags/example_dynamic_task_mapping_with_no_taskflow_operators.py
[2024-11-11T02:59:54.469+0000] {processor.py:914} INFO - Processing file /home/airflow/.local/lib/python3.12/site-packages/airflow/example_dags/example_dynamic_task_mapping_with_no_taskflow_operators.py for tasks to queue
[2024-11-11T02:59:54.470+0000] {logging_mixin.py:190} INFO - [2024-11-11T02:59:54.470+0000] {dagbag.py:588} INFO - Filling up the DagBag from /home/airflow/.local/lib/python3.12/site-packages/airflow/example_dags/example_dynamic_task_mapping_with_no_taskflow_operators.py
[2024-11-11T02:59:54.475+0000] {processor.py:925} INFO - DAG(s) 'example_dynamic_task_mapping_with_no_taskflow_operators' retrieved from /home/airflow/.local/lib/python3.12/site-packages/airflow/example_dags/example_dynamic_task_mapping_with_no_taskflow_operators.py
[2024-11-11T02:59:54.486+0000] {logging_mixin.py:190} INFO - [2024-11-11T02:59:54.485+0000] {dag.py:3239} INFO - Sync 1 DAGs
[2024-11-11T02:59:54.492+0000] {logging_mixin.py:190} INFO - [2024-11-11T02:59:54.492+0000] {dag.py:4180} INFO - Setting next_dagrun for example_dynamic_task_mapping_with_no_taskflow_operators to None, run_after=None
[2024-11-11T02:59:54.501+0000] {processor.py:208} INFO - Processing /home/airflow/.local/lib/python3.12/site-packages/airflow/example_dags/example_dynamic_task_mapping_with_no_taskflow_operators.py took 0.036 seconds
[2024-11-11T03:00:24.981+0000] {processor.py:186} INFO - Started process (PID=4490) to work on /home/airflow/.local/lib/python3.12/site-packages/airflow/example_dags/example_dynamic_task_mapping_with_no_taskflow_operators.py
[2024-11-11T03:00:24.982+0000] {processor.py:914} INFO - Processing file /home/airflow/.local/lib/python3.12/site-packages/airflow/example_dags/example_dynamic_task_mapping_with_no_taskflow_operators.py for tasks to queue
[2024-11-11T03:00:24.983+0000] {logging_mixin.py:190} INFO - [2024-11-11T03:00:24.983+0000] {dagbag.py:588} INFO - Filling up the DagBag from /home/airflow/.local/lib/python3.12/site-packages/airflow/example_dags/example_dynamic_task_mapping_with_no_taskflow_operators.py
[2024-11-11T03:00:24.988+0000] {processor.py:925} INFO - DAG(s) 'example_dynamic_task_mapping_with_no_taskflow_operators' retrieved from /home/airflow/.local/lib/python3.12/site-packages/airflow/example_dags/example_dynamic_task_mapping_with_no_taskflow_operators.py
[2024-11-11T03:00:24.999+0000] {logging_mixin.py:190} INFO - [2024-11-11T03:00:24.999+0000] {dag.py:3239} INFO - Sync 1 DAGs
[2024-11-11T03:00:25.005+0000] {logging_mixin.py:190} INFO - [2024-11-11T03:00:25.005+0000] {dag.py:4180} INFO - Setting next_dagrun for example_dynamic_task_mapping_with_no_taskflow_operators to None, run_after=None
[2024-11-11T03:00:25.013+0000] {processor.py:208} INFO - Processing /home/airflow/.local/lib/python3.12/site-packages/airflow/example_dags/example_dynamic_task_mapping_with_no_taskflow_operators.py took 0.036 seconds
[2024-11-11T03:00:55.459+0000] {processor.py:186} INFO - Started process (PID=4553) to work on /home/airflow/.local/lib/python3.12/site-packages/airflow/example_dags/example_dynamic_task_mapping_with_no_taskflow_operators.py
[2024-11-11T03:00:55.460+0000] {processor.py:914} INFO - Processing file /home/airflow/.local/lib/python3.12/site-packages/airflow/example_dags/example_dynamic_task_mapping_with_no_taskflow_operators.py for tasks to queue
[2024-11-11T03:00:55.461+0000] {logging_mixin.py:190} INFO - [2024-11-11T03:00:55.461+0000] {dagbag.py:588} INFO - Filling up the DagBag from /home/airflow/.local/lib/python3.12/site-packages/airflow/example_dags/example_dynamic_task_mapping_with_no_taskflow_operators.py
[2024-11-11T03:00:55.466+0000] {processor.py:925} INFO - DAG(s) 'example_dynamic_task_mapping_with_no_taskflow_operators' retrieved from /home/airflow/.local/lib/python3.12/site-packages/airflow/example_dags/example_dynamic_task_mapping_with_no_taskflow_operators.py
[2024-11-11T03:00:55.477+0000] {logging_mixin.py:190} INFO - [2024-11-11T03:00:55.477+0000] {dag.py:3239} INFO - Sync 1 DAGs
[2024-11-11T03:00:55.484+0000] {logging_mixin.py:190} INFO - [2024-11-11T03:00:55.484+0000] {dag.py:4180} INFO - Setting next_dagrun for example_dynamic_task_mapping_with_no_taskflow_operators to None, run_after=None
[2024-11-11T03:00:55.492+0000] {processor.py:208} INFO - Processing /home/airflow/.local/lib/python3.12/site-packages/airflow/example_dags/example_dynamic_task_mapping_with_no_taskflow_operators.py took 0.036 seconds
[2024-11-11T03:01:25.871+0000] {processor.py:186} INFO - Started process (PID=4616) to work on /home/airflow/.local/lib/python3.12/site-packages/airflow/example_dags/example_dynamic_task_mapping_with_no_taskflow_operators.py
[2024-11-11T03:01:25.871+0000] {processor.py:914} INFO - Processing file /home/airflow/.local/lib/python3.12/site-packages/airflow/example_dags/example_dynamic_task_mapping_with_no_taskflow_operators.py for tasks to queue
[2024-11-11T03:01:25.872+0000] {logging_mixin.py:190} INFO - [2024-11-11T03:01:25.872+0000] {dagbag.py:588} INFO - Filling up the DagBag from /home/airflow/.local/lib/python3.12/site-packages/airflow/example_dags/example_dynamic_task_mapping_with_no_taskflow_operators.py
[2024-11-11T03:01:25.877+0000] {processor.py:925} INFO - DAG(s) 'example_dynamic_task_mapping_with_no_taskflow_operators' retrieved from /home/airflow/.local/lib/python3.12/site-packages/airflow/example_dags/example_dynamic_task_mapping_with_no_taskflow_operators.py
[2024-11-11T03:01:25.887+0000] {logging_mixin.py:190} INFO - [2024-11-11T03:01:25.887+0000] {dag.py:3239} INFO - Sync 1 DAGs
[2024-11-11T03:01:25.894+0000] {logging_mixin.py:190} INFO - [2024-11-11T03:01:25.894+0000] {dag.py:4180} INFO - Setting next_dagrun for example_dynamic_task_mapping_with_no_taskflow_operators to None, run_after=None
[2024-11-11T03:01:25.901+0000] {processor.py:208} INFO - Processing /home/airflow/.local/lib/python3.12/site-packages/airflow/example_dags/example_dynamic_task_mapping_with_no_taskflow_operators.py took 0.034 seconds
[2024-11-11T03:01:56.650+0000] {processor.py:186} INFO - Started process (PID=4685) to work on /home/airflow/.local/lib/python3.12/site-packages/airflow/example_dags/example_dynamic_task_mapping_with_no_taskflow_operators.py
[2024-11-11T03:01:56.651+0000] {processor.py:914} INFO - Processing file /home/airflow/.local/lib/python3.12/site-packages/airflow/example_dags/example_dynamic_task_mapping_with_no_taskflow_operators.py for tasks to queue
[2024-11-11T03:01:56.652+0000] {logging_mixin.py:190} INFO - [2024-11-11T03:01:56.652+0000] {dagbag.py:588} INFO - Filling up the DagBag from /home/airflow/.local/lib/python3.12/site-packages/airflow/example_dags/example_dynamic_task_mapping_with_no_taskflow_operators.py
[2024-11-11T03:01:56.657+0000] {processor.py:925} INFO - DAG(s) 'example_dynamic_task_mapping_with_no_taskflow_operators' retrieved from /home/airflow/.local/lib/python3.12/site-packages/airflow/example_dags/example_dynamic_task_mapping_with_no_taskflow_operators.py
[2024-11-11T03:01:56.674+0000] {logging_mixin.py:190} INFO - [2024-11-11T03:01:56.674+0000] {dag.py:3239} INFO - Sync 1 DAGs
[2024-11-11T03:01:56.681+0000] {logging_mixin.py:190} INFO - [2024-11-11T03:01:56.681+0000] {dag.py:4180} INFO - Setting next_dagrun for example_dynamic_task_mapping_with_no_taskflow_operators to None, run_after=None
[2024-11-11T03:01:56.690+0000] {processor.py:208} INFO - Processing /home/airflow/.local/lib/python3.12/site-packages/airflow/example_dags/example_dynamic_task_mapping_with_no_taskflow_operators.py took 0.044 seconds
[2024-11-11T03:03:16.285+0000] {processor.py:186} INFO - Started process (PID=4742) to work on /home/airflow/.local/lib/python3.12/site-packages/airflow/example_dags/example_dynamic_task_mapping_with_no_taskflow_operators.py
[2024-11-11T03:03:16.286+0000] {processor.py:914} INFO - Processing file /home/airflow/.local/lib/python3.12/site-packages/airflow/example_dags/example_dynamic_task_mapping_with_no_taskflow_operators.py for tasks to queue
[2024-11-11T03:03:16.288+0000] {logging_mixin.py:190} INFO - [2024-11-11T03:03:16.287+0000] {dagbag.py:588} INFO - Filling up the DagBag from /home/airflow/.local/lib/python3.12/site-packages/airflow/example_dags/example_dynamic_task_mapping_with_no_taskflow_operators.py
[2024-11-11T03:03:16.293+0000] {processor.py:925} INFO - DAG(s) 'example_dynamic_task_mapping_with_no_taskflow_operators' retrieved from /home/airflow/.local/lib/python3.12/site-packages/airflow/example_dags/example_dynamic_task_mapping_with_no_taskflow_operators.py
[2024-11-11T03:03:16.305+0000] {logging_mixin.py:190} INFO - [2024-11-11T03:03:16.305+0000] {dag.py:3239} INFO - Sync 1 DAGs
[2024-11-11T03:03:16.313+0000] {logging_mixin.py:190} INFO - [2024-11-11T03:03:16.313+0000] {dag.py:4180} INFO - Setting next_dagrun for example_dynamic_task_mapping_with_no_taskflow_operators to None, run_after=None
[2024-11-11T03:03:16.322+0000] {processor.py:208} INFO - Processing /home/airflow/.local/lib/python3.12/site-packages/airflow/example_dags/example_dynamic_task_mapping_with_no_taskflow_operators.py took 0.041 seconds
[2024-11-11T03:03:46.675+0000] {processor.py:186} INFO - Started process (PID=4805) to work on /home/airflow/.local/lib/python3.12/site-packages/airflow/example_dags/example_dynamic_task_mapping_with_no_taskflow_operators.py
[2024-11-11T03:03:46.675+0000] {processor.py:914} INFO - Processing file /home/airflow/.local/lib/python3.12/site-packages/airflow/example_dags/example_dynamic_task_mapping_with_no_taskflow_operators.py for tasks to queue
[2024-11-11T03:03:46.677+0000] {logging_mixin.py:190} INFO - [2024-11-11T03:03:46.676+0000] {dagbag.py:588} INFO - Filling up the DagBag from /home/airflow/.local/lib/python3.12/site-packages/airflow/example_dags/example_dynamic_task_mapping_with_no_taskflow_operators.py
[2024-11-11T03:03:46.682+0000] {processor.py:925} INFO - DAG(s) 'example_dynamic_task_mapping_with_no_taskflow_operators' retrieved from /home/airflow/.local/lib/python3.12/site-packages/airflow/example_dags/example_dynamic_task_mapping_with_no_taskflow_operators.py
[2024-11-11T03:03:46.692+0000] {logging_mixin.py:190} INFO - [2024-11-11T03:03:46.692+0000] {dag.py:3239} INFO - Sync 1 DAGs
[2024-11-11T03:03:46.700+0000] {logging_mixin.py:190} INFO - [2024-11-11T03:03:46.699+0000] {dag.py:4180} INFO - Setting next_dagrun for example_dynamic_task_mapping_with_no_taskflow_operators to None, run_after=None
[2024-11-11T03:03:46.708+0000] {processor.py:208} INFO - Processing /home/airflow/.local/lib/python3.12/site-packages/airflow/example_dags/example_dynamic_task_mapping_with_no_taskflow_operators.py took 0.037 seconds
[2024-11-11T03:04:17.200+0000] {processor.py:186} INFO - Started process (PID=4868) to work on /home/airflow/.local/lib/python3.12/site-packages/airflow/example_dags/example_dynamic_task_mapping_with_no_taskflow_operators.py
[2024-11-11T03:04:17.201+0000] {processor.py:914} INFO - Processing file /home/airflow/.local/lib/python3.12/site-packages/airflow/example_dags/example_dynamic_task_mapping_with_no_taskflow_operators.py for tasks to queue
[2024-11-11T03:04:17.203+0000] {logging_mixin.py:190} INFO - [2024-11-11T03:04:17.203+0000] {dagbag.py:588} INFO - Filling up the DagBag from /home/airflow/.local/lib/python3.12/site-packages/airflow/example_dags/example_dynamic_task_mapping_with_no_taskflow_operators.py
[2024-11-11T03:04:17.208+0000] {processor.py:925} INFO - DAG(s) 'example_dynamic_task_mapping_with_no_taskflow_operators' retrieved from /home/airflow/.local/lib/python3.12/site-packages/airflow/example_dags/example_dynamic_task_mapping_with_no_taskflow_operators.py
[2024-11-11T03:04:17.219+0000] {logging_mixin.py:190} INFO - [2024-11-11T03:04:17.219+0000] {dag.py:3239} INFO - Sync 1 DAGs
[2024-11-11T03:04:17.226+0000] {logging_mixin.py:190} INFO - [2024-11-11T03:04:17.226+0000] {dag.py:4180} INFO - Setting next_dagrun for example_dynamic_task_mapping_with_no_taskflow_operators to None, run_after=None
[2024-11-11T03:04:17.235+0000] {processor.py:208} INFO - Processing /home/airflow/.local/lib/python3.12/site-packages/airflow/example_dags/example_dynamic_task_mapping_with_no_taskflow_operators.py took 0.039 seconds
[2024-11-11T03:04:47.743+0000] {processor.py:186} INFO - Started process (PID=4931) to work on /home/airflow/.local/lib/python3.12/site-packages/airflow/example_dags/example_dynamic_task_mapping_with_no_taskflow_operators.py
[2024-11-11T03:04:47.743+0000] {processor.py:914} INFO - Processing file /home/airflow/.local/lib/python3.12/site-packages/airflow/example_dags/example_dynamic_task_mapping_with_no_taskflow_operators.py for tasks to queue
[2024-11-11T03:04:47.745+0000] {logging_mixin.py:190} INFO - [2024-11-11T03:04:47.745+0000] {dagbag.py:588} INFO - Filling up the DagBag from /home/airflow/.local/lib/python3.12/site-packages/airflow/example_dags/example_dynamic_task_mapping_with_no_taskflow_operators.py
[2024-11-11T03:04:47.750+0000] {processor.py:925} INFO - DAG(s) 'example_dynamic_task_mapping_with_no_taskflow_operators' retrieved from /home/airflow/.local/lib/python3.12/site-packages/airflow/example_dags/example_dynamic_task_mapping_with_no_taskflow_operators.py
[2024-11-11T03:04:47.760+0000] {logging_mixin.py:190} INFO - [2024-11-11T03:04:47.760+0000] {dag.py:3239} INFO - Sync 1 DAGs
[2024-11-11T03:04:47.767+0000] {logging_mixin.py:190} INFO - [2024-11-11T03:04:47.767+0000] {dag.py:4180} INFO - Setting next_dagrun for example_dynamic_task_mapping_with_no_taskflow_operators to None, run_after=None
[2024-11-11T03:04:47.776+0000] {processor.py:208} INFO - Processing /home/airflow/.local/lib/python3.12/site-packages/airflow/example_dags/example_dynamic_task_mapping_with_no_taskflow_operators.py took 0.037 seconds
[2024-11-11T03:05:18.140+0000] {processor.py:186} INFO - Started process (PID=4994) to work on /home/airflow/.local/lib/python3.12/site-packages/airflow/example_dags/example_dynamic_task_mapping_with_no_taskflow_operators.py
[2024-11-11T03:05:18.141+0000] {processor.py:914} INFO - Processing file /home/airflow/.local/lib/python3.12/site-packages/airflow/example_dags/example_dynamic_task_mapping_with_no_taskflow_operators.py for tasks to queue
[2024-11-11T03:05:18.142+0000] {logging_mixin.py:190} INFO - [2024-11-11T03:05:18.142+0000] {dagbag.py:588} INFO - Filling up the DagBag from /home/airflow/.local/lib/python3.12/site-packages/airflow/example_dags/example_dynamic_task_mapping_with_no_taskflow_operators.py
[2024-11-11T03:05:18.147+0000] {processor.py:925} INFO - DAG(s) 'example_dynamic_task_mapping_with_no_taskflow_operators' retrieved from /home/airflow/.local/lib/python3.12/site-packages/airflow/example_dags/example_dynamic_task_mapping_with_no_taskflow_operators.py
[2024-11-11T03:05:18.158+0000] {logging_mixin.py:190} INFO - [2024-11-11T03:05:18.158+0000] {dag.py:3239} INFO - Sync 1 DAGs
[2024-11-11T03:05:18.165+0000] {logging_mixin.py:190} INFO - [2024-11-11T03:05:18.164+0000] {dag.py:4180} INFO - Setting next_dagrun for example_dynamic_task_mapping_with_no_taskflow_operators to None, run_after=None
[2024-11-11T03:05:18.173+0000] {processor.py:208} INFO - Processing /home/airflow/.local/lib/python3.12/site-packages/airflow/example_dags/example_dynamic_task_mapping_with_no_taskflow_operators.py took 0.036 seconds
[2024-11-11T03:05:48.473+0000] {processor.py:186} INFO - Started process (PID=5057) to work on /home/airflow/.local/lib/python3.12/site-packages/airflow/example_dags/example_dynamic_task_mapping_with_no_taskflow_operators.py
[2024-11-11T03:05:48.474+0000] {processor.py:914} INFO - Processing file /home/airflow/.local/lib/python3.12/site-packages/airflow/example_dags/example_dynamic_task_mapping_with_no_taskflow_operators.py for tasks to queue
[2024-11-11T03:05:48.475+0000] {logging_mixin.py:190} INFO - [2024-11-11T03:05:48.475+0000] {dagbag.py:588} INFO - Filling up the DagBag from /home/airflow/.local/lib/python3.12/site-packages/airflow/example_dags/example_dynamic_task_mapping_with_no_taskflow_operators.py
[2024-11-11T03:05:48.481+0000] {processor.py:925} INFO - DAG(s) 'example_dynamic_task_mapping_with_no_taskflow_operators' retrieved from /home/airflow/.local/lib/python3.12/site-packages/airflow/example_dags/example_dynamic_task_mapping_with_no_taskflow_operators.py
[2024-11-11T03:05:48.491+0000] {logging_mixin.py:190} INFO - [2024-11-11T03:05:48.491+0000] {dag.py:3239} INFO - Sync 1 DAGs
[2024-11-11T03:05:48.498+0000] {logging_mixin.py:190} INFO - [2024-11-11T03:05:48.498+0000] {dag.py:4180} INFO - Setting next_dagrun for example_dynamic_task_mapping_with_no_taskflow_operators to None, run_after=None
[2024-11-11T03:05:48.506+0000] {processor.py:208} INFO - Processing /home/airflow/.local/lib/python3.12/site-packages/airflow/example_dags/example_dynamic_task_mapping_with_no_taskflow_operators.py took 0.036 seconds
[2024-11-11T03:06:18.799+0000] {processor.py:186} INFO - Started process (PID=5120) to work on /home/airflow/.local/lib/python3.12/site-packages/airflow/example_dags/example_dynamic_task_mapping_with_no_taskflow_operators.py
[2024-11-11T03:06:18.800+0000] {processor.py:914} INFO - Processing file /home/airflow/.local/lib/python3.12/site-packages/airflow/example_dags/example_dynamic_task_mapping_with_no_taskflow_operators.py for tasks to queue
[2024-11-11T03:06:18.801+0000] {logging_mixin.py:190} INFO - [2024-11-11T03:06:18.801+0000] {dagbag.py:588} INFO - Filling up the DagBag from /home/airflow/.local/lib/python3.12/site-packages/airflow/example_dags/example_dynamic_task_mapping_with_no_taskflow_operators.py
[2024-11-11T03:06:18.806+0000] {processor.py:925} INFO - DAG(s) 'example_dynamic_task_mapping_with_no_taskflow_operators' retrieved from /home/airflow/.local/lib/python3.12/site-packages/airflow/example_dags/example_dynamic_task_mapping_with_no_taskflow_operators.py
[2024-11-11T03:06:18.816+0000] {logging_mixin.py:190} INFO - [2024-11-11T03:06:18.816+0000] {dag.py:3239} INFO - Sync 1 DAGs
[2024-11-11T03:06:18.823+0000] {logging_mixin.py:190} INFO - [2024-11-11T03:06:18.823+0000] {dag.py:4180} INFO - Setting next_dagrun for example_dynamic_task_mapping_with_no_taskflow_operators to None, run_after=None
[2024-11-11T03:06:18.832+0000] {processor.py:208} INFO - Processing /home/airflow/.local/lib/python3.12/site-packages/airflow/example_dags/example_dynamic_task_mapping_with_no_taskflow_operators.py took 0.037 seconds
[2024-11-11T03:06:49.301+0000] {processor.py:186} INFO - Started process (PID=5183) to work on /home/airflow/.local/lib/python3.12/site-packages/airflow/example_dags/example_dynamic_task_mapping_with_no_taskflow_operators.py
[2024-11-11T03:06:49.301+0000] {processor.py:914} INFO - Processing file /home/airflow/.local/lib/python3.12/site-packages/airflow/example_dags/example_dynamic_task_mapping_with_no_taskflow_operators.py for tasks to queue
[2024-11-11T03:06:49.303+0000] {logging_mixin.py:190} INFO - [2024-11-11T03:06:49.303+0000] {dagbag.py:588} INFO - Filling up the DagBag from /home/airflow/.local/lib/python3.12/site-packages/airflow/example_dags/example_dynamic_task_mapping_with_no_taskflow_operators.py
[2024-11-11T03:06:49.307+0000] {processor.py:925} INFO - DAG(s) 'example_dynamic_task_mapping_with_no_taskflow_operators' retrieved from /home/airflow/.local/lib/python3.12/site-packages/airflow/example_dags/example_dynamic_task_mapping_with_no_taskflow_operators.py
[2024-11-11T03:06:49.317+0000] {logging_mixin.py:190} INFO - [2024-11-11T03:06:49.317+0000] {dag.py:3239} INFO - Sync 1 DAGs
[2024-11-11T03:06:49.324+0000] {logging_mixin.py:190} INFO - [2024-11-11T03:06:49.323+0000] {dag.py:4180} INFO - Setting next_dagrun for example_dynamic_task_mapping_with_no_taskflow_operators to None, run_after=None
[2024-11-11T03:06:49.331+0000] {processor.py:208} INFO - Processing /home/airflow/.local/lib/python3.12/site-packages/airflow/example_dags/example_dynamic_task_mapping_with_no_taskflow_operators.py took 0.033 seconds
[2024-11-11T03:07:19.819+0000] {processor.py:186} INFO - Started process (PID=5247) to work on /home/airflow/.local/lib/python3.12/site-packages/airflow/example_dags/example_dynamic_task_mapping_with_no_taskflow_operators.py
[2024-11-11T03:07:19.820+0000] {processor.py:914} INFO - Processing file /home/airflow/.local/lib/python3.12/site-packages/airflow/example_dags/example_dynamic_task_mapping_with_no_taskflow_operators.py for tasks to queue
[2024-11-11T03:07:19.821+0000] {logging_mixin.py:190} INFO - [2024-11-11T03:07:19.821+0000] {dagbag.py:588} INFO - Filling up the DagBag from /home/airflow/.local/lib/python3.12/site-packages/airflow/example_dags/example_dynamic_task_mapping_with_no_taskflow_operators.py
[2024-11-11T03:07:19.826+0000] {processor.py:925} INFO - DAG(s) 'example_dynamic_task_mapping_with_no_taskflow_operators' retrieved from /home/airflow/.local/lib/python3.12/site-packages/airflow/example_dags/example_dynamic_task_mapping_with_no_taskflow_operators.py
[2024-11-11T03:07:19.837+0000] {logging_mixin.py:190} INFO - [2024-11-11T03:07:19.836+0000] {dag.py:3239} INFO - Sync 1 DAGs
[2024-11-11T03:07:19.844+0000] {logging_mixin.py:190} INFO - [2024-11-11T03:07:19.843+0000] {dag.py:4180} INFO - Setting next_dagrun for example_dynamic_task_mapping_with_no_taskflow_operators to None, run_after=None
[2024-11-11T03:07:19.852+0000] {processor.py:208} INFO - Processing /home/airflow/.local/lib/python3.12/site-packages/airflow/example_dags/example_dynamic_task_mapping_with_no_taskflow_operators.py took 0.036 seconds
[2024-11-11T03:07:50.644+0000] {processor.py:186} INFO - Started process (PID=5310) to work on /home/airflow/.local/lib/python3.12/site-packages/airflow/example_dags/example_dynamic_task_mapping_with_no_taskflow_operators.py
[2024-11-11T03:07:50.645+0000] {processor.py:914} INFO - Processing file /home/airflow/.local/lib/python3.12/site-packages/airflow/example_dags/example_dynamic_task_mapping_with_no_taskflow_operators.py for tasks to queue
[2024-11-11T03:07:50.647+0000] {logging_mixin.py:190} INFO - [2024-11-11T03:07:50.647+0000] {dagbag.py:588} INFO - Filling up the DagBag from /home/airflow/.local/lib/python3.12/site-packages/airflow/example_dags/example_dynamic_task_mapping_with_no_taskflow_operators.py
[2024-11-11T03:07:50.652+0000] {processor.py:925} INFO - DAG(s) 'example_dynamic_task_mapping_with_no_taskflow_operators' retrieved from /home/airflow/.local/lib/python3.12/site-packages/airflow/example_dags/example_dynamic_task_mapping_with_no_taskflow_operators.py
[2024-11-11T03:07:50.662+0000] {logging_mixin.py:190} INFO - [2024-11-11T03:07:50.662+0000] {dag.py:3239} INFO - Sync 1 DAGs
[2024-11-11T03:07:50.669+0000] {logging_mixin.py:190} INFO - [2024-11-11T03:07:50.669+0000] {dag.py:4180} INFO - Setting next_dagrun for example_dynamic_task_mapping_with_no_taskflow_operators to None, run_after=None
[2024-11-11T03:07:50.677+0000] {processor.py:208} INFO - Processing /home/airflow/.local/lib/python3.12/site-packages/airflow/example_dags/example_dynamic_task_mapping_with_no_taskflow_operators.py took 0.036 seconds
[2024-11-11T03:08:21.156+0000] {processor.py:186} INFO - Started process (PID=5373) to work on /home/airflow/.local/lib/python3.12/site-packages/airflow/example_dags/example_dynamic_task_mapping_with_no_taskflow_operators.py
[2024-11-11T03:08:21.157+0000] {processor.py:914} INFO - Processing file /home/airflow/.local/lib/python3.12/site-packages/airflow/example_dags/example_dynamic_task_mapping_with_no_taskflow_operators.py for tasks to queue
[2024-11-11T03:08:21.159+0000] {logging_mixin.py:190} INFO - [2024-11-11T03:08:21.159+0000] {dagbag.py:588} INFO - Filling up the DagBag from /home/airflow/.local/lib/python3.12/site-packages/airflow/example_dags/example_dynamic_task_mapping_with_no_taskflow_operators.py
[2024-11-11T03:08:21.164+0000] {processor.py:925} INFO - DAG(s) 'example_dynamic_task_mapping_with_no_taskflow_operators' retrieved from /home/airflow/.local/lib/python3.12/site-packages/airflow/example_dags/example_dynamic_task_mapping_with_no_taskflow_operators.py
[2024-11-11T03:08:21.175+0000] {logging_mixin.py:190} INFO - [2024-11-11T03:08:21.175+0000] {dag.py:3239} INFO - Sync 1 DAGs
[2024-11-11T03:08:21.182+0000] {logging_mixin.py:190} INFO - [2024-11-11T03:08:21.182+0000] {dag.py:4180} INFO - Setting next_dagrun for example_dynamic_task_mapping_with_no_taskflow_operators to None, run_after=None
[2024-11-11T03:08:21.190+0000] {processor.py:208} INFO - Processing /home/airflow/.local/lib/python3.12/site-packages/airflow/example_dags/example_dynamic_task_mapping_with_no_taskflow_operators.py took 0.037 seconds
[2024-11-11T03:08:51.683+0000] {processor.py:186} INFO - Started process (PID=5436) to work on /home/airflow/.local/lib/python3.12/site-packages/airflow/example_dags/example_dynamic_task_mapping_with_no_taskflow_operators.py
[2024-11-11T03:08:51.684+0000] {processor.py:914} INFO - Processing file /home/airflow/.local/lib/python3.12/site-packages/airflow/example_dags/example_dynamic_task_mapping_with_no_taskflow_operators.py for tasks to queue
[2024-11-11T03:08:51.685+0000] {logging_mixin.py:190} INFO - [2024-11-11T03:08:51.685+0000] {dagbag.py:588} INFO - Filling up the DagBag from /home/airflow/.local/lib/python3.12/site-packages/airflow/example_dags/example_dynamic_task_mapping_with_no_taskflow_operators.py
[2024-11-11T03:08:51.690+0000] {processor.py:925} INFO - DAG(s) 'example_dynamic_task_mapping_with_no_taskflow_operators' retrieved from /home/airflow/.local/lib/python3.12/site-packages/airflow/example_dags/example_dynamic_task_mapping_with_no_taskflow_operators.py
[2024-11-11T03:08:51.701+0000] {logging_mixin.py:190} INFO - [2024-11-11T03:08:51.701+0000] {dag.py:3239} INFO - Sync 1 DAGs
[2024-11-11T03:08:51.708+0000] {logging_mixin.py:190} INFO - [2024-11-11T03:08:51.708+0000] {dag.py:4180} INFO - Setting next_dagrun for example_dynamic_task_mapping_with_no_taskflow_operators to None, run_after=None
[2024-11-11T03:08:51.716+0000] {processor.py:208} INFO - Processing /home/airflow/.local/lib/python3.12/site-packages/airflow/example_dags/example_dynamic_task_mapping_with_no_taskflow_operators.py took 0.037 seconds
[2024-11-11T03:09:22.154+0000] {processor.py:186} INFO - Started process (PID=5499) to work on /home/airflow/.local/lib/python3.12/site-packages/airflow/example_dags/example_dynamic_task_mapping_with_no_taskflow_operators.py
[2024-11-11T03:09:22.155+0000] {processor.py:914} INFO - Processing file /home/airflow/.local/lib/python3.12/site-packages/airflow/example_dags/example_dynamic_task_mapping_with_no_taskflow_operators.py for tasks to queue
[2024-11-11T03:09:22.156+0000] {logging_mixin.py:190} INFO - [2024-11-11T03:09:22.156+0000] {dagbag.py:588} INFO - Filling up the DagBag from /home/airflow/.local/lib/python3.12/site-packages/airflow/example_dags/example_dynamic_task_mapping_with_no_taskflow_operators.py
[2024-11-11T03:09:22.161+0000] {processor.py:925} INFO - DAG(s) 'example_dynamic_task_mapping_with_no_taskflow_operators' retrieved from /home/airflow/.local/lib/python3.12/site-packages/airflow/example_dags/example_dynamic_task_mapping_with_no_taskflow_operators.py
[2024-11-11T03:09:22.172+0000] {logging_mixin.py:190} INFO - [2024-11-11T03:09:22.171+0000] {dag.py:3239} INFO - Sync 1 DAGs
[2024-11-11T03:09:22.179+0000] {logging_mixin.py:190} INFO - [2024-11-11T03:09:22.179+0000] {dag.py:4180} INFO - Setting next_dagrun for example_dynamic_task_mapping_with_no_taskflow_operators to None, run_after=None
[2024-11-11T03:09:22.188+0000] {processor.py:208} INFO - Processing /home/airflow/.local/lib/python3.12/site-packages/airflow/example_dags/example_dynamic_task_mapping_with_no_taskflow_operators.py took 0.037 seconds
[2024-11-11T03:09:52.875+0000] {processor.py:186} INFO - Started process (PID=5562) to work on /home/airflow/.local/lib/python3.12/site-packages/airflow/example_dags/example_dynamic_task_mapping_with_no_taskflow_operators.py
[2024-11-11T03:09:52.875+0000] {processor.py:914} INFO - Processing file /home/airflow/.local/lib/python3.12/site-packages/airflow/example_dags/example_dynamic_task_mapping_with_no_taskflow_operators.py for tasks to queue
[2024-11-11T03:09:52.877+0000] {logging_mixin.py:190} INFO - [2024-11-11T03:09:52.877+0000] {dagbag.py:588} INFO - Filling up the DagBag from /home/airflow/.local/lib/python3.12/site-packages/airflow/example_dags/example_dynamic_task_mapping_with_no_taskflow_operators.py
[2024-11-11T03:09:52.882+0000] {processor.py:925} INFO - DAG(s) 'example_dynamic_task_mapping_with_no_taskflow_operators' retrieved from /home/airflow/.local/lib/python3.12/site-packages/airflow/example_dags/example_dynamic_task_mapping_with_no_taskflow_operators.py
[2024-11-11T03:09:52.893+0000] {logging_mixin.py:190} INFO - [2024-11-11T03:09:52.893+0000] {dag.py:3239} INFO - Sync 1 DAGs
[2024-11-11T03:09:52.900+0000] {logging_mixin.py:190} INFO - [2024-11-11T03:09:52.900+0000] {dag.py:4180} INFO - Setting next_dagrun for example_dynamic_task_mapping_with_no_taskflow_operators to None, run_after=None
[2024-11-11T03:09:52.908+0000] {processor.py:208} INFO - Processing /home/airflow/.local/lib/python3.12/site-packages/airflow/example_dags/example_dynamic_task_mapping_with_no_taskflow_operators.py took 0.036 seconds
[2024-11-11T03:10:23.532+0000] {processor.py:186} INFO - Started process (PID=5625) to work on /home/airflow/.local/lib/python3.12/site-packages/airflow/example_dags/example_dynamic_task_mapping_with_no_taskflow_operators.py
[2024-11-11T03:10:23.533+0000] {processor.py:914} INFO - Processing file /home/airflow/.local/lib/python3.12/site-packages/airflow/example_dags/example_dynamic_task_mapping_with_no_taskflow_operators.py for tasks to queue
[2024-11-11T03:10:23.534+0000] {logging_mixin.py:190} INFO - [2024-11-11T03:10:23.534+0000] {dagbag.py:588} INFO - Filling up the DagBag from /home/airflow/.local/lib/python3.12/site-packages/airflow/example_dags/example_dynamic_task_mapping_with_no_taskflow_operators.py
[2024-11-11T03:10:23.539+0000] {processor.py:925} INFO - DAG(s) 'example_dynamic_task_mapping_with_no_taskflow_operators' retrieved from /home/airflow/.local/lib/python3.12/site-packages/airflow/example_dags/example_dynamic_task_mapping_with_no_taskflow_operators.py
[2024-11-11T03:10:23.549+0000] {logging_mixin.py:190} INFO - [2024-11-11T03:10:23.549+0000] {dag.py:3239} INFO - Sync 1 DAGs
[2024-11-11T03:10:23.556+0000] {logging_mixin.py:190} INFO - [2024-11-11T03:10:23.556+0000] {dag.py:4180} INFO - Setting next_dagrun for example_dynamic_task_mapping_with_no_taskflow_operators to None, run_after=None
[2024-11-11T03:10:23.566+0000] {processor.py:208} INFO - Processing /home/airflow/.local/lib/python3.12/site-packages/airflow/example_dags/example_dynamic_task_mapping_with_no_taskflow_operators.py took 0.037 seconds
[2024-11-11T03:10:54.543+0000] {processor.py:186} INFO - Started process (PID=5688) to work on /home/airflow/.local/lib/python3.12/site-packages/airflow/example_dags/example_dynamic_task_mapping_with_no_taskflow_operators.py
[2024-11-11T03:10:54.544+0000] {processor.py:914} INFO - Processing file /home/airflow/.local/lib/python3.12/site-packages/airflow/example_dags/example_dynamic_task_mapping_with_no_taskflow_operators.py for tasks to queue
[2024-11-11T03:10:54.546+0000] {logging_mixin.py:190} INFO - [2024-11-11T03:10:54.546+0000] {dagbag.py:588} INFO - Filling up the DagBag from /home/airflow/.local/lib/python3.12/site-packages/airflow/example_dags/example_dynamic_task_mapping_with_no_taskflow_operators.py
[2024-11-11T03:10:54.551+0000] {processor.py:925} INFO - DAG(s) 'example_dynamic_task_mapping_with_no_taskflow_operators' retrieved from /home/airflow/.local/lib/python3.12/site-packages/airflow/example_dags/example_dynamic_task_mapping_with_no_taskflow_operators.py
[2024-11-11T03:10:54.561+0000] {logging_mixin.py:190} INFO - [2024-11-11T03:10:54.561+0000] {dag.py:3239} INFO - Sync 1 DAGs
[2024-11-11T03:10:54.568+0000] {logging_mixin.py:190} INFO - [2024-11-11T03:10:54.568+0000] {dag.py:4180} INFO - Setting next_dagrun for example_dynamic_task_mapping_with_no_taskflow_operators to None, run_after=None
[2024-11-11T03:10:54.576+0000] {processor.py:208} INFO - Processing /home/airflow/.local/lib/python3.12/site-packages/airflow/example_dags/example_dynamic_task_mapping_with_no_taskflow_operators.py took 0.036 seconds
[2024-11-11T03:22:06.133+0000] {processor.py:186} INFO - Started process (PID=5751) to work on /home/airflow/.local/lib/python3.12/site-packages/airflow/example_dags/example_dynamic_task_mapping_with_no_taskflow_operators.py
[2024-11-11T03:22:06.133+0000] {processor.py:914} INFO - Processing file /home/airflow/.local/lib/python3.12/site-packages/airflow/example_dags/example_dynamic_task_mapping_with_no_taskflow_operators.py for tasks to queue
[2024-11-11T03:22:06.135+0000] {logging_mixin.py:190} INFO - [2024-11-11T03:22:06.134+0000] {dagbag.py:588} INFO - Filling up the DagBag from /home/airflow/.local/lib/python3.12/site-packages/airflow/example_dags/example_dynamic_task_mapping_with_no_taskflow_operators.py
[2024-11-11T03:22:06.139+0000] {processor.py:925} INFO - DAG(s) 'example_dynamic_task_mapping_with_no_taskflow_operators' retrieved from /home/airflow/.local/lib/python3.12/site-packages/airflow/example_dags/example_dynamic_task_mapping_with_no_taskflow_operators.py
[2024-11-11T03:22:06.149+0000] {logging_mixin.py:190} INFO - [2024-11-11T03:22:06.149+0000] {dag.py:3239} INFO - Sync 1 DAGs
[2024-11-11T03:22:06.156+0000] {logging_mixin.py:190} INFO - [2024-11-11T03:22:06.155+0000] {dag.py:4180} INFO - Setting next_dagrun for example_dynamic_task_mapping_with_no_taskflow_operators to None, run_after=None
[2024-11-11T03:22:06.163+0000] {processor.py:208} INFO - Processing /home/airflow/.local/lib/python3.12/site-packages/airflow/example_dags/example_dynamic_task_mapping_with_no_taskflow_operators.py took 0.033 seconds
[2024-11-11T03:22:37.013+0000] {processor.py:186} INFO - Started process (PID=5814) to work on /home/airflow/.local/lib/python3.12/site-packages/airflow/example_dags/example_dynamic_task_mapping_with_no_taskflow_operators.py
[2024-11-11T03:22:37.014+0000] {processor.py:914} INFO - Processing file /home/airflow/.local/lib/python3.12/site-packages/airflow/example_dags/example_dynamic_task_mapping_with_no_taskflow_operators.py for tasks to queue
[2024-11-11T03:22:37.015+0000] {logging_mixin.py:190} INFO - [2024-11-11T03:22:37.015+0000] {dagbag.py:588} INFO - Filling up the DagBag from /home/airflow/.local/lib/python3.12/site-packages/airflow/example_dags/example_dynamic_task_mapping_with_no_taskflow_operators.py
[2024-11-11T03:22:37.020+0000] {processor.py:925} INFO - DAG(s) 'example_dynamic_task_mapping_with_no_taskflow_operators' retrieved from /home/airflow/.local/lib/python3.12/site-packages/airflow/example_dags/example_dynamic_task_mapping_with_no_taskflow_operators.py
[2024-11-11T03:22:37.031+0000] {logging_mixin.py:190} INFO - [2024-11-11T03:22:37.031+0000] {dag.py:3239} INFO - Sync 1 DAGs
[2024-11-11T03:22:37.039+0000] {logging_mixin.py:190} INFO - [2024-11-11T03:22:37.039+0000] {dag.py:4180} INFO - Setting next_dagrun for example_dynamic_task_mapping_with_no_taskflow_operators to None, run_after=None
[2024-11-11T03:22:37.048+0000] {processor.py:208} INFO - Processing /home/airflow/.local/lib/python3.12/site-packages/airflow/example_dags/example_dynamic_task_mapping_with_no_taskflow_operators.py took 0.039 seconds
[2024-11-11T03:23:08.194+0000] {processor.py:186} INFO - Started process (PID=5877) to work on /home/airflow/.local/lib/python3.12/site-packages/airflow/example_dags/example_dynamic_task_mapping_with_no_taskflow_operators.py
[2024-11-11T03:23:08.195+0000] {processor.py:914} INFO - Processing file /home/airflow/.local/lib/python3.12/site-packages/airflow/example_dags/example_dynamic_task_mapping_with_no_taskflow_operators.py for tasks to queue
[2024-11-11T03:23:08.196+0000] {logging_mixin.py:190} INFO - [2024-11-11T03:23:08.196+0000] {dagbag.py:588} INFO - Filling up the DagBag from /home/airflow/.local/lib/python3.12/site-packages/airflow/example_dags/example_dynamic_task_mapping_with_no_taskflow_operators.py
[2024-11-11T03:23:08.202+0000] {processor.py:925} INFO - DAG(s) 'example_dynamic_task_mapping_with_no_taskflow_operators' retrieved from /home/airflow/.local/lib/python3.12/site-packages/airflow/example_dags/example_dynamic_task_mapping_with_no_taskflow_operators.py
[2024-11-11T03:23:08.216+0000] {logging_mixin.py:190} INFO - [2024-11-11T03:23:08.216+0000] {dag.py:3239} INFO - Sync 1 DAGs
[2024-11-11T03:23:08.226+0000] {logging_mixin.py:190} INFO - [2024-11-11T03:23:08.226+0000] {dag.py:4180} INFO - Setting next_dagrun for example_dynamic_task_mapping_with_no_taskflow_operators to None, run_after=None
[2024-11-11T03:23:08.234+0000] {processor.py:208} INFO - Processing /home/airflow/.local/lib/python3.12/site-packages/airflow/example_dags/example_dynamic_task_mapping_with_no_taskflow_operators.py took 0.044 seconds
[2024-11-11T03:23:38.962+0000] {processor.py:186} INFO - Started process (PID=5940) to work on /home/airflow/.local/lib/python3.12/site-packages/airflow/example_dags/example_dynamic_task_mapping_with_no_taskflow_operators.py
[2024-11-11T03:23:38.963+0000] {processor.py:914} INFO - Processing file /home/airflow/.local/lib/python3.12/site-packages/airflow/example_dags/example_dynamic_task_mapping_with_no_taskflow_operators.py for tasks to queue
[2024-11-11T03:23:38.964+0000] {logging_mixin.py:190} INFO - [2024-11-11T03:23:38.964+0000] {dagbag.py:588} INFO - Filling up the DagBag from /home/airflow/.local/lib/python3.12/site-packages/airflow/example_dags/example_dynamic_task_mapping_with_no_taskflow_operators.py
[2024-11-11T03:23:38.969+0000] {processor.py:925} INFO - DAG(s) 'example_dynamic_task_mapping_with_no_taskflow_operators' retrieved from /home/airflow/.local/lib/python3.12/site-packages/airflow/example_dags/example_dynamic_task_mapping_with_no_taskflow_operators.py
[2024-11-11T03:23:38.980+0000] {logging_mixin.py:190} INFO - [2024-11-11T03:23:38.980+0000] {dag.py:3239} INFO - Sync 1 DAGs
[2024-11-11T03:23:38.987+0000] {logging_mixin.py:190} INFO - [2024-11-11T03:23:38.987+0000] {dag.py:4180} INFO - Setting next_dagrun for example_dynamic_task_mapping_with_no_taskflow_operators to None, run_after=None
[2024-11-11T03:23:38.995+0000] {processor.py:208} INFO - Processing /home/airflow/.local/lib/python3.12/site-packages/airflow/example_dags/example_dynamic_task_mapping_with_no_taskflow_operators.py took 0.037 seconds
[2024-11-11T03:24:09.922+0000] {processor.py:186} INFO - Started process (PID=6003) to work on /home/airflow/.local/lib/python3.12/site-packages/airflow/example_dags/example_dynamic_task_mapping_with_no_taskflow_operators.py
[2024-11-11T03:24:09.922+0000] {processor.py:914} INFO - Processing file /home/airflow/.local/lib/python3.12/site-packages/airflow/example_dags/example_dynamic_task_mapping_with_no_taskflow_operators.py for tasks to queue
[2024-11-11T03:24:09.924+0000] {logging_mixin.py:190} INFO - [2024-11-11T03:24:09.924+0000] {dagbag.py:588} INFO - Filling up the DagBag from /home/airflow/.local/lib/python3.12/site-packages/airflow/example_dags/example_dynamic_task_mapping_with_no_taskflow_operators.py
[2024-11-11T03:24:09.929+0000] {processor.py:925} INFO - DAG(s) 'example_dynamic_task_mapping_with_no_taskflow_operators' retrieved from /home/airflow/.local/lib/python3.12/site-packages/airflow/example_dags/example_dynamic_task_mapping_with_no_taskflow_operators.py
[2024-11-11T03:24:09.939+0000] {logging_mixin.py:190} INFO - [2024-11-11T03:24:09.939+0000] {dag.py:3239} INFO - Sync 1 DAGs
[2024-11-11T03:24:09.947+0000] {logging_mixin.py:190} INFO - [2024-11-11T03:24:09.947+0000] {dag.py:4180} INFO - Setting next_dagrun for example_dynamic_task_mapping_with_no_taskflow_operators to None, run_after=None
[2024-11-11T03:24:09.955+0000] {processor.py:208} INFO - Processing /home/airflow/.local/lib/python3.12/site-packages/airflow/example_dags/example_dynamic_task_mapping_with_no_taskflow_operators.py took 0.037 seconds
[2024-11-11T03:24:40.792+0000] {processor.py:186} INFO - Started process (PID=6065) to work on /home/airflow/.local/lib/python3.12/site-packages/airflow/example_dags/example_dynamic_task_mapping_with_no_taskflow_operators.py
[2024-11-11T03:24:40.793+0000] {processor.py:914} INFO - Processing file /home/airflow/.local/lib/python3.12/site-packages/airflow/example_dags/example_dynamic_task_mapping_with_no_taskflow_operators.py for tasks to queue
[2024-11-11T03:24:40.795+0000] {logging_mixin.py:190} INFO - [2024-11-11T03:24:40.794+0000] {dagbag.py:588} INFO - Filling up the DagBag from /home/airflow/.local/lib/python3.12/site-packages/airflow/example_dags/example_dynamic_task_mapping_with_no_taskflow_operators.py
[2024-11-11T03:24:40.801+0000] {processor.py:925} INFO - DAG(s) 'example_dynamic_task_mapping_with_no_taskflow_operators' retrieved from /home/airflow/.local/lib/python3.12/site-packages/airflow/example_dags/example_dynamic_task_mapping_with_no_taskflow_operators.py
[2024-11-11T03:24:40.813+0000] {logging_mixin.py:190} INFO - [2024-11-11T03:24:40.813+0000] {dag.py:3239} INFO - Sync 1 DAGs
[2024-11-11T03:24:40.822+0000] {logging_mixin.py:190} INFO - [2024-11-11T03:24:40.822+0000] {dag.py:4180} INFO - Setting next_dagrun for example_dynamic_task_mapping_with_no_taskflow_operators to None, run_after=None
[2024-11-11T03:24:40.832+0000] {processor.py:208} INFO - Processing /home/airflow/.local/lib/python3.12/site-packages/airflow/example_dags/example_dynamic_task_mapping_with_no_taskflow_operators.py took 0.043 seconds
[2024-11-11T03:25:11.508+0000] {processor.py:186} INFO - Started process (PID=6128) to work on /home/airflow/.local/lib/python3.12/site-packages/airflow/example_dags/example_dynamic_task_mapping_with_no_taskflow_operators.py
[2024-11-11T03:25:11.508+0000] {processor.py:914} INFO - Processing file /home/airflow/.local/lib/python3.12/site-packages/airflow/example_dags/example_dynamic_task_mapping_with_no_taskflow_operators.py for tasks to queue
[2024-11-11T03:25:11.510+0000] {logging_mixin.py:190} INFO - [2024-11-11T03:25:11.510+0000] {dagbag.py:588} INFO - Filling up the DagBag from /home/airflow/.local/lib/python3.12/site-packages/airflow/example_dags/example_dynamic_task_mapping_with_no_taskflow_operators.py
[2024-11-11T03:25:11.515+0000] {processor.py:925} INFO - DAG(s) 'example_dynamic_task_mapping_with_no_taskflow_operators' retrieved from /home/airflow/.local/lib/python3.12/site-packages/airflow/example_dags/example_dynamic_task_mapping_with_no_taskflow_operators.py
[2024-11-11T03:25:11.526+0000] {logging_mixin.py:190} INFO - [2024-11-11T03:25:11.526+0000] {dag.py:3239} INFO - Sync 1 DAGs
[2024-11-11T03:25:11.533+0000] {logging_mixin.py:190} INFO - [2024-11-11T03:25:11.533+0000] {dag.py:4180} INFO - Setting next_dagrun for example_dynamic_task_mapping_with_no_taskflow_operators to None, run_after=None
[2024-11-11T03:25:11.541+0000] {processor.py:208} INFO - Processing /home/airflow/.local/lib/python3.12/site-packages/airflow/example_dags/example_dynamic_task_mapping_with_no_taskflow_operators.py took 0.037 seconds
[2024-11-11T03:25:42.591+0000] {processor.py:186} INFO - Started process (PID=6191) to work on /home/airflow/.local/lib/python3.12/site-packages/airflow/example_dags/example_dynamic_task_mapping_with_no_taskflow_operators.py
[2024-11-11T03:25:42.592+0000] {processor.py:914} INFO - Processing file /home/airflow/.local/lib/python3.12/site-packages/airflow/example_dags/example_dynamic_task_mapping_with_no_taskflow_operators.py for tasks to queue
[2024-11-11T03:25:42.593+0000] {logging_mixin.py:190} INFO - [2024-11-11T03:25:42.593+0000] {dagbag.py:588} INFO - Filling up the DagBag from /home/airflow/.local/lib/python3.12/site-packages/airflow/example_dags/example_dynamic_task_mapping_with_no_taskflow_operators.py
[2024-11-11T03:25:42.598+0000] {processor.py:925} INFO - DAG(s) 'example_dynamic_task_mapping_with_no_taskflow_operators' retrieved from /home/airflow/.local/lib/python3.12/site-packages/airflow/example_dags/example_dynamic_task_mapping_with_no_taskflow_operators.py
[2024-11-11T03:25:42.609+0000] {logging_mixin.py:190} INFO - [2024-11-11T03:25:42.609+0000] {dag.py:3239} INFO - Sync 1 DAGs
[2024-11-11T03:25:42.617+0000] {logging_mixin.py:190} INFO - [2024-11-11T03:25:42.616+0000] {dag.py:4180} INFO - Setting next_dagrun for example_dynamic_task_mapping_with_no_taskflow_operators to None, run_after=None
[2024-11-11T03:25:42.625+0000] {processor.py:208} INFO - Processing /home/airflow/.local/lib/python3.12/site-packages/airflow/example_dags/example_dynamic_task_mapping_with_no_taskflow_operators.py took 0.038 seconds
[2024-11-11T03:26:13.342+0000] {processor.py:186} INFO - Started process (PID=6254) to work on /home/airflow/.local/lib/python3.12/site-packages/airflow/example_dags/example_dynamic_task_mapping_with_no_taskflow_operators.py
[2024-11-11T03:26:13.343+0000] {processor.py:914} INFO - Processing file /home/airflow/.local/lib/python3.12/site-packages/airflow/example_dags/example_dynamic_task_mapping_with_no_taskflow_operators.py for tasks to queue
[2024-11-11T03:26:13.345+0000] {logging_mixin.py:190} INFO - [2024-11-11T03:26:13.345+0000] {dagbag.py:588} INFO - Filling up the DagBag from /home/airflow/.local/lib/python3.12/site-packages/airflow/example_dags/example_dynamic_task_mapping_with_no_taskflow_operators.py
[2024-11-11T03:26:13.350+0000] {processor.py:925} INFO - DAG(s) 'example_dynamic_task_mapping_with_no_taskflow_operators' retrieved from /home/airflow/.local/lib/python3.12/site-packages/airflow/example_dags/example_dynamic_task_mapping_with_no_taskflow_operators.py
[2024-11-11T03:26:13.360+0000] {logging_mixin.py:190} INFO - [2024-11-11T03:26:13.360+0000] {dag.py:3239} INFO - Sync 1 DAGs
[2024-11-11T03:26:13.367+0000] {logging_mixin.py:190} INFO - [2024-11-11T03:26:13.367+0000] {dag.py:4180} INFO - Setting next_dagrun for example_dynamic_task_mapping_with_no_taskflow_operators to None, run_after=None
[2024-11-11T03:26:13.375+0000] {processor.py:208} INFO - Processing /home/airflow/.local/lib/python3.12/site-packages/airflow/example_dags/example_dynamic_task_mapping_with_no_taskflow_operators.py took 0.036 seconds
[2024-11-11T03:26:44.029+0000] {processor.py:186} INFO - Started process (PID=6317) to work on /home/airflow/.local/lib/python3.12/site-packages/airflow/example_dags/example_dynamic_task_mapping_with_no_taskflow_operators.py
[2024-11-11T03:26:44.030+0000] {processor.py:914} INFO - Processing file /home/airflow/.local/lib/python3.12/site-packages/airflow/example_dags/example_dynamic_task_mapping_with_no_taskflow_operators.py for tasks to queue
[2024-11-11T03:26:44.031+0000] {logging_mixin.py:190} INFO - [2024-11-11T03:26:44.031+0000] {dagbag.py:588} INFO - Filling up the DagBag from /home/airflow/.local/lib/python3.12/site-packages/airflow/example_dags/example_dynamic_task_mapping_with_no_taskflow_operators.py
[2024-11-11T03:26:44.036+0000] {processor.py:925} INFO - DAG(s) 'example_dynamic_task_mapping_with_no_taskflow_operators' retrieved from /home/airflow/.local/lib/python3.12/site-packages/airflow/example_dags/example_dynamic_task_mapping_with_no_taskflow_operators.py
[2024-11-11T03:26:44.047+0000] {logging_mixin.py:190} INFO - [2024-11-11T03:26:44.046+0000] {dag.py:3239} INFO - Sync 1 DAGs
[2024-11-11T03:26:44.054+0000] {logging_mixin.py:190} INFO - [2024-11-11T03:26:44.054+0000] {dag.py:4180} INFO - Setting next_dagrun for example_dynamic_task_mapping_with_no_taskflow_operators to None, run_after=None
[2024-11-11T03:26:44.062+0000] {processor.py:208} INFO - Processing /home/airflow/.local/lib/python3.12/site-packages/airflow/example_dags/example_dynamic_task_mapping_with_no_taskflow_operators.py took 0.037 seconds
[2024-11-11T03:27:14.969+0000] {processor.py:186} INFO - Started process (PID=6380) to work on /home/airflow/.local/lib/python3.12/site-packages/airflow/example_dags/example_dynamic_task_mapping_with_no_taskflow_operators.py
[2024-11-11T03:27:14.970+0000] {processor.py:914} INFO - Processing file /home/airflow/.local/lib/python3.12/site-packages/airflow/example_dags/example_dynamic_task_mapping_with_no_taskflow_operators.py for tasks to queue
[2024-11-11T03:27:14.972+0000] {logging_mixin.py:190} INFO - [2024-11-11T03:27:14.972+0000] {dagbag.py:588} INFO - Filling up the DagBag from /home/airflow/.local/lib/python3.12/site-packages/airflow/example_dags/example_dynamic_task_mapping_with_no_taskflow_operators.py
[2024-11-11T03:27:14.977+0000] {processor.py:925} INFO - DAG(s) 'example_dynamic_task_mapping_with_no_taskflow_operators' retrieved from /home/airflow/.local/lib/python3.12/site-packages/airflow/example_dags/example_dynamic_task_mapping_with_no_taskflow_operators.py
[2024-11-11T03:27:14.988+0000] {logging_mixin.py:190} INFO - [2024-11-11T03:27:14.988+0000] {dag.py:3239} INFO - Sync 1 DAGs
[2024-11-11T03:27:14.996+0000] {logging_mixin.py:190} INFO - [2024-11-11T03:27:14.996+0000] {dag.py:4180} INFO - Setting next_dagrun for example_dynamic_task_mapping_with_no_taskflow_operators to None, run_after=None
[2024-11-11T03:27:15.004+0000] {processor.py:208} INFO - Processing /home/airflow/.local/lib/python3.12/site-packages/airflow/example_dags/example_dynamic_task_mapping_with_no_taskflow_operators.py took 0.038 seconds
[2024-11-11T03:27:45.708+0000] {processor.py:186} INFO - Started process (PID=6443) to work on /home/airflow/.local/lib/python3.12/site-packages/airflow/example_dags/example_dynamic_task_mapping_with_no_taskflow_operators.py
[2024-11-11T03:27:45.708+0000] {processor.py:914} INFO - Processing file /home/airflow/.local/lib/python3.12/site-packages/airflow/example_dags/example_dynamic_task_mapping_with_no_taskflow_operators.py for tasks to queue
[2024-11-11T03:27:45.710+0000] {logging_mixin.py:190} INFO - [2024-11-11T03:27:45.710+0000] {dagbag.py:588} INFO - Filling up the DagBag from /home/airflow/.local/lib/python3.12/site-packages/airflow/example_dags/example_dynamic_task_mapping_with_no_taskflow_operators.py
[2024-11-11T03:27:45.716+0000] {processor.py:925} INFO - DAG(s) 'example_dynamic_task_mapping_with_no_taskflow_operators' retrieved from /home/airflow/.local/lib/python3.12/site-packages/airflow/example_dags/example_dynamic_task_mapping_with_no_taskflow_operators.py
[2024-11-11T03:27:45.728+0000] {logging_mixin.py:190} INFO - [2024-11-11T03:27:45.728+0000] {dag.py:3239} INFO - Sync 1 DAGs
[2024-11-11T03:27:45.735+0000] {logging_mixin.py:190} INFO - [2024-11-11T03:27:45.735+0000] {dag.py:4180} INFO - Setting next_dagrun for example_dynamic_task_mapping_with_no_taskflow_operators to None, run_after=None
[2024-11-11T03:27:45.746+0000] {processor.py:208} INFO - Processing /home/airflow/.local/lib/python3.12/site-packages/airflow/example_dags/example_dynamic_task_mapping_with_no_taskflow_operators.py took 0.043 seconds
[2024-11-11T03:28:16.489+0000] {processor.py:186} INFO - Started process (PID=6506) to work on /home/airflow/.local/lib/python3.12/site-packages/airflow/example_dags/example_dynamic_task_mapping_with_no_taskflow_operators.py
[2024-11-11T03:28:16.489+0000] {processor.py:914} INFO - Processing file /home/airflow/.local/lib/python3.12/site-packages/airflow/example_dags/example_dynamic_task_mapping_with_no_taskflow_operators.py for tasks to queue
[2024-11-11T03:28:16.491+0000] {logging_mixin.py:190} INFO - [2024-11-11T03:28:16.490+0000] {dagbag.py:588} INFO - Filling up the DagBag from /home/airflow/.local/lib/python3.12/site-packages/airflow/example_dags/example_dynamic_task_mapping_with_no_taskflow_operators.py
[2024-11-11T03:28:16.496+0000] {processor.py:925} INFO - DAG(s) 'example_dynamic_task_mapping_with_no_taskflow_operators' retrieved from /home/airflow/.local/lib/python3.12/site-packages/airflow/example_dags/example_dynamic_task_mapping_with_no_taskflow_operators.py
[2024-11-11T03:28:16.507+0000] {logging_mixin.py:190} INFO - [2024-11-11T03:28:16.507+0000] {dag.py:3239} INFO - Sync 1 DAGs
[2024-11-11T03:28:16.515+0000] {logging_mixin.py:190} INFO - [2024-11-11T03:28:16.514+0000] {dag.py:4180} INFO - Setting next_dagrun for example_dynamic_task_mapping_with_no_taskflow_operators to None, run_after=None
[2024-11-11T03:28:16.523+0000] {processor.py:208} INFO - Processing /home/airflow/.local/lib/python3.12/site-packages/airflow/example_dags/example_dynamic_task_mapping_with_no_taskflow_operators.py took 0.039 seconds
[2024-11-11T03:28:47.290+0000] {processor.py:186} INFO - Started process (PID=6569) to work on /home/airflow/.local/lib/python3.12/site-packages/airflow/example_dags/example_dynamic_task_mapping_with_no_taskflow_operators.py
[2024-11-11T03:28:47.291+0000] {processor.py:914} INFO - Processing file /home/airflow/.local/lib/python3.12/site-packages/airflow/example_dags/example_dynamic_task_mapping_with_no_taskflow_operators.py for tasks to queue
[2024-11-11T03:28:47.293+0000] {logging_mixin.py:190} INFO - [2024-11-11T03:28:47.293+0000] {dagbag.py:588} INFO - Filling up the DagBag from /home/airflow/.local/lib/python3.12/site-packages/airflow/example_dags/example_dynamic_task_mapping_with_no_taskflow_operators.py
[2024-11-11T03:28:47.298+0000] {processor.py:925} INFO - DAG(s) 'example_dynamic_task_mapping_with_no_taskflow_operators' retrieved from /home/airflow/.local/lib/python3.12/site-packages/airflow/example_dags/example_dynamic_task_mapping_with_no_taskflow_operators.py
[2024-11-11T03:28:47.309+0000] {logging_mixin.py:190} INFO - [2024-11-11T03:28:47.309+0000] {dag.py:3239} INFO - Sync 1 DAGs
[2024-11-11T03:28:47.318+0000] {logging_mixin.py:190} INFO - [2024-11-11T03:28:47.318+0000] {dag.py:4180} INFO - Setting next_dagrun for example_dynamic_task_mapping_with_no_taskflow_operators to None, run_after=None
[2024-11-11T03:28:47.328+0000] {processor.py:208} INFO - Processing /home/airflow/.local/lib/python3.12/site-packages/airflow/example_dags/example_dynamic_task_mapping_with_no_taskflow_operators.py took 0.041 seconds
[2024-11-11T03:29:18.018+0000] {processor.py:186} INFO - Started process (PID=6632) to work on /home/airflow/.local/lib/python3.12/site-packages/airflow/example_dags/example_dynamic_task_mapping_with_no_taskflow_operators.py
[2024-11-11T03:29:18.018+0000] {processor.py:914} INFO - Processing file /home/airflow/.local/lib/python3.12/site-packages/airflow/example_dags/example_dynamic_task_mapping_with_no_taskflow_operators.py for tasks to queue
[2024-11-11T03:29:18.020+0000] {logging_mixin.py:190} INFO - [2024-11-11T03:29:18.020+0000] {dagbag.py:588} INFO - Filling up the DagBag from /home/airflow/.local/lib/python3.12/site-packages/airflow/example_dags/example_dynamic_task_mapping_with_no_taskflow_operators.py
[2024-11-11T03:29:18.026+0000] {processor.py:925} INFO - DAG(s) 'example_dynamic_task_mapping_with_no_taskflow_operators' retrieved from /home/airflow/.local/lib/python3.12/site-packages/airflow/example_dags/example_dynamic_task_mapping_with_no_taskflow_operators.py
[2024-11-11T03:29:18.037+0000] {logging_mixin.py:190} INFO - [2024-11-11T03:29:18.036+0000] {dag.py:3239} INFO - Sync 1 DAGs
[2024-11-11T03:29:18.045+0000] {logging_mixin.py:190} INFO - [2024-11-11T03:29:18.045+0000] {dag.py:4180} INFO - Setting next_dagrun for example_dynamic_task_mapping_with_no_taskflow_operators to None, run_after=None
[2024-11-11T03:29:18.054+0000] {processor.py:208} INFO - Processing /home/airflow/.local/lib/python3.12/site-packages/airflow/example_dags/example_dynamic_task_mapping_with_no_taskflow_operators.py took 0.040 seconds
[2024-11-11T03:29:48.974+0000] {processor.py:186} INFO - Started process (PID=6694) to work on /home/airflow/.local/lib/python3.12/site-packages/airflow/example_dags/example_dynamic_task_mapping_with_no_taskflow_operators.py
[2024-11-11T03:29:48.975+0000] {processor.py:914} INFO - Processing file /home/airflow/.local/lib/python3.12/site-packages/airflow/example_dags/example_dynamic_task_mapping_with_no_taskflow_operators.py for tasks to queue
[2024-11-11T03:29:48.977+0000] {logging_mixin.py:190} INFO - [2024-11-11T03:29:48.977+0000] {dagbag.py:588} INFO - Filling up the DagBag from /home/airflow/.local/lib/python3.12/site-packages/airflow/example_dags/example_dynamic_task_mapping_with_no_taskflow_operators.py
[2024-11-11T03:29:48.983+0000] {processor.py:925} INFO - DAG(s) 'example_dynamic_task_mapping_with_no_taskflow_operators' retrieved from /home/airflow/.local/lib/python3.12/site-packages/airflow/example_dags/example_dynamic_task_mapping_with_no_taskflow_operators.py
[2024-11-11T03:29:48.995+0000] {logging_mixin.py:190} INFO - [2024-11-11T03:29:48.995+0000] {dag.py:3239} INFO - Sync 1 DAGs
[2024-11-11T03:29:49.003+0000] {logging_mixin.py:190} INFO - [2024-11-11T03:29:49.003+0000] {dag.py:4180} INFO - Setting next_dagrun for example_dynamic_task_mapping_with_no_taskflow_operators to None, run_after=None
[2024-11-11T03:29:49.013+0000] {processor.py:208} INFO - Processing /home/airflow/.local/lib/python3.12/site-packages/airflow/example_dags/example_dynamic_task_mapping_with_no_taskflow_operators.py took 0.043 seconds
[2024-11-11T03:30:20.015+0000] {processor.py:186} INFO - Started process (PID=6757) to work on /home/airflow/.local/lib/python3.12/site-packages/airflow/example_dags/example_dynamic_task_mapping_with_no_taskflow_operators.py
[2024-11-11T03:30:20.016+0000] {processor.py:914} INFO - Processing file /home/airflow/.local/lib/python3.12/site-packages/airflow/example_dags/example_dynamic_task_mapping_with_no_taskflow_operators.py for tasks to queue
[2024-11-11T03:30:20.020+0000] {logging_mixin.py:190} INFO - [2024-11-11T03:30:20.019+0000] {dagbag.py:588} INFO - Filling up the DagBag from /home/airflow/.local/lib/python3.12/site-packages/airflow/example_dags/example_dynamic_task_mapping_with_no_taskflow_operators.py
[2024-11-11T03:30:20.027+0000] {processor.py:925} INFO - DAG(s) 'example_dynamic_task_mapping_with_no_taskflow_operators' retrieved from /home/airflow/.local/lib/python3.12/site-packages/airflow/example_dags/example_dynamic_task_mapping_with_no_taskflow_operators.py
[2024-11-11T03:30:20.038+0000] {logging_mixin.py:190} INFO - [2024-11-11T03:30:20.038+0000] {dag.py:3239} INFO - Sync 1 DAGs
[2024-11-11T03:30:20.046+0000] {logging_mixin.py:190} INFO - [2024-11-11T03:30:20.046+0000] {dag.py:4180} INFO - Setting next_dagrun for example_dynamic_task_mapping_with_no_taskflow_operators to None, run_after=None
[2024-11-11T03:30:20.055+0000] {processor.py:208} INFO - Processing /home/airflow/.local/lib/python3.12/site-packages/airflow/example_dags/example_dynamic_task_mapping_with_no_taskflow_operators.py took 0.044 seconds
[2024-11-11T03:30:51.124+0000] {processor.py:186} INFO - Started process (PID=6820) to work on /home/airflow/.local/lib/python3.12/site-packages/airflow/example_dags/example_dynamic_task_mapping_with_no_taskflow_operators.py
[2024-11-11T03:30:51.125+0000] {processor.py:914} INFO - Processing file /home/airflow/.local/lib/python3.12/site-packages/airflow/example_dags/example_dynamic_task_mapping_with_no_taskflow_operators.py for tasks to queue
[2024-11-11T03:30:51.127+0000] {logging_mixin.py:190} INFO - [2024-11-11T03:30:51.126+0000] {dagbag.py:588} INFO - Filling up the DagBag from /home/airflow/.local/lib/python3.12/site-packages/airflow/example_dags/example_dynamic_task_mapping_with_no_taskflow_operators.py
[2024-11-11T03:30:51.132+0000] {processor.py:925} INFO - DAG(s) 'example_dynamic_task_mapping_with_no_taskflow_operators' retrieved from /home/airflow/.local/lib/python3.12/site-packages/airflow/example_dags/example_dynamic_task_mapping_with_no_taskflow_operators.py
[2024-11-11T03:30:51.143+0000] {logging_mixin.py:190} INFO - [2024-11-11T03:30:51.143+0000] {dag.py:3239} INFO - Sync 1 DAGs
[2024-11-11T03:30:51.150+0000] {logging_mixin.py:190} INFO - [2024-11-11T03:30:51.150+0000] {dag.py:4180} INFO - Setting next_dagrun for example_dynamic_task_mapping_with_no_taskflow_operators to None, run_after=None
[2024-11-11T03:30:51.160+0000] {processor.py:208} INFO - Processing /home/airflow/.local/lib/python3.12/site-packages/airflow/example_dags/example_dynamic_task_mapping_with_no_taskflow_operators.py took 0.040 seconds
[2024-11-11T03:31:22.054+0000] {processor.py:186} INFO - Started process (PID=6883) to work on /home/airflow/.local/lib/python3.12/site-packages/airflow/example_dags/example_dynamic_task_mapping_with_no_taskflow_operators.py
[2024-11-11T03:31:22.055+0000] {processor.py:914} INFO - Processing file /home/airflow/.local/lib/python3.12/site-packages/airflow/example_dags/example_dynamic_task_mapping_with_no_taskflow_operators.py for tasks to queue
[2024-11-11T03:31:22.057+0000] {logging_mixin.py:190} INFO - [2024-11-11T03:31:22.056+0000] {dagbag.py:588} INFO - Filling up the DagBag from /home/airflow/.local/lib/python3.12/site-packages/airflow/example_dags/example_dynamic_task_mapping_with_no_taskflow_operators.py
[2024-11-11T03:31:22.062+0000] {processor.py:925} INFO - DAG(s) 'example_dynamic_task_mapping_with_no_taskflow_operators' retrieved from /home/airflow/.local/lib/python3.12/site-packages/airflow/example_dags/example_dynamic_task_mapping_with_no_taskflow_operators.py
[2024-11-11T03:31:22.075+0000] {logging_mixin.py:190} INFO - [2024-11-11T03:31:22.075+0000] {dag.py:3239} INFO - Sync 1 DAGs
[2024-11-11T03:31:22.083+0000] {logging_mixin.py:190} INFO - [2024-11-11T03:31:22.083+0000] {dag.py:4180} INFO - Setting next_dagrun for example_dynamic_task_mapping_with_no_taskflow_operators to None, run_after=None
[2024-11-11T03:31:22.093+0000] {processor.py:208} INFO - Processing /home/airflow/.local/lib/python3.12/site-packages/airflow/example_dags/example_dynamic_task_mapping_with_no_taskflow_operators.py took 0.044 seconds
[2024-11-11T03:31:52.997+0000] {processor.py:186} INFO - Started process (PID=6946) to work on /home/airflow/.local/lib/python3.12/site-packages/airflow/example_dags/example_dynamic_task_mapping_with_no_taskflow_operators.py
[2024-11-11T03:31:52.998+0000] {processor.py:914} INFO - Processing file /home/airflow/.local/lib/python3.12/site-packages/airflow/example_dags/example_dynamic_task_mapping_with_no_taskflow_operators.py for tasks to queue
[2024-11-11T03:31:52.999+0000] {logging_mixin.py:190} INFO - [2024-11-11T03:31:52.999+0000] {dagbag.py:588} INFO - Filling up the DagBag from /home/airflow/.local/lib/python3.12/site-packages/airflow/example_dags/example_dynamic_task_mapping_with_no_taskflow_operators.py
[2024-11-11T03:31:53.005+0000] {processor.py:925} INFO - DAG(s) 'example_dynamic_task_mapping_with_no_taskflow_operators' retrieved from /home/airflow/.local/lib/python3.12/site-packages/airflow/example_dags/example_dynamic_task_mapping_with_no_taskflow_operators.py
[2024-11-11T03:31:53.020+0000] {logging_mixin.py:190} INFO - [2024-11-11T03:31:53.020+0000] {dag.py:3239} INFO - Sync 1 DAGs
[2024-11-11T03:31:53.029+0000] {logging_mixin.py:190} INFO - [2024-11-11T03:31:53.028+0000] {dag.py:4180} INFO - Setting next_dagrun for example_dynamic_task_mapping_with_no_taskflow_operators to None, run_after=None
[2024-11-11T03:31:53.038+0000] {processor.py:208} INFO - Processing /home/airflow/.local/lib/python3.12/site-packages/airflow/example_dags/example_dynamic_task_mapping_with_no_taskflow_operators.py took 0.045 seconds
[2024-11-11T03:32:24.460+0000] {processor.py:186} INFO - Started process (PID=7009) to work on /home/airflow/.local/lib/python3.12/site-packages/airflow/example_dags/example_dynamic_task_mapping_with_no_taskflow_operators.py
[2024-11-11T03:32:24.461+0000] {processor.py:914} INFO - Processing file /home/airflow/.local/lib/python3.12/site-packages/airflow/example_dags/example_dynamic_task_mapping_with_no_taskflow_operators.py for tasks to queue
[2024-11-11T03:32:24.463+0000] {logging_mixin.py:190} INFO - [2024-11-11T03:32:24.463+0000] {dagbag.py:588} INFO - Filling up the DagBag from /home/airflow/.local/lib/python3.12/site-packages/airflow/example_dags/example_dynamic_task_mapping_with_no_taskflow_operators.py
[2024-11-11T03:32:24.468+0000] {processor.py:925} INFO - DAG(s) 'example_dynamic_task_mapping_with_no_taskflow_operators' retrieved from /home/airflow/.local/lib/python3.12/site-packages/airflow/example_dags/example_dynamic_task_mapping_with_no_taskflow_operators.py
[2024-11-11T03:32:24.479+0000] {logging_mixin.py:190} INFO - [2024-11-11T03:32:24.479+0000] {dag.py:3239} INFO - Sync 1 DAGs
[2024-11-11T03:32:24.488+0000] {logging_mixin.py:190} INFO - [2024-11-11T03:32:24.487+0000] {dag.py:4180} INFO - Setting next_dagrun for example_dynamic_task_mapping_with_no_taskflow_operators to None, run_after=None
[2024-11-11T03:32:24.497+0000] {processor.py:208} INFO - Processing /home/airflow/.local/lib/python3.12/site-packages/airflow/example_dags/example_dynamic_task_mapping_with_no_taskflow_operators.py took 0.040 seconds
[2024-11-11T03:32:55.362+0000] {processor.py:186} INFO - Started process (PID=7073) to work on /home/airflow/.local/lib/python3.12/site-packages/airflow/example_dags/example_dynamic_task_mapping_with_no_taskflow_operators.py
[2024-11-11T03:32:55.362+0000] {processor.py:914} INFO - Processing file /home/airflow/.local/lib/python3.12/site-packages/airflow/example_dags/example_dynamic_task_mapping_with_no_taskflow_operators.py for tasks to queue
[2024-11-11T03:32:55.364+0000] {logging_mixin.py:190} INFO - [2024-11-11T03:32:55.363+0000] {dagbag.py:588} INFO - Filling up the DagBag from /home/airflow/.local/lib/python3.12/site-packages/airflow/example_dags/example_dynamic_task_mapping_with_no_taskflow_operators.py
[2024-11-11T03:32:55.369+0000] {processor.py:925} INFO - DAG(s) 'example_dynamic_task_mapping_with_no_taskflow_operators' retrieved from /home/airflow/.local/lib/python3.12/site-packages/airflow/example_dags/example_dynamic_task_mapping_with_no_taskflow_operators.py
[2024-11-11T03:32:55.379+0000] {logging_mixin.py:190} INFO - [2024-11-11T03:32:55.379+0000] {dag.py:3239} INFO - Sync 1 DAGs
[2024-11-11T03:32:55.386+0000] {logging_mixin.py:190} INFO - [2024-11-11T03:32:55.386+0000] {dag.py:4180} INFO - Setting next_dagrun for example_dynamic_task_mapping_with_no_taskflow_operators to None, run_after=None
[2024-11-11T03:32:55.394+0000] {processor.py:208} INFO - Processing /home/airflow/.local/lib/python3.12/site-packages/airflow/example_dags/example_dynamic_task_mapping_with_no_taskflow_operators.py took 0.037 seconds
[2024-11-11T03:33:26.149+0000] {processor.py:186} INFO - Started process (PID=7136) to work on /home/airflow/.local/lib/python3.12/site-packages/airflow/example_dags/example_dynamic_task_mapping_with_no_taskflow_operators.py
[2024-11-11T03:33:26.150+0000] {processor.py:914} INFO - Processing file /home/airflow/.local/lib/python3.12/site-packages/airflow/example_dags/example_dynamic_task_mapping_with_no_taskflow_operators.py for tasks to queue
[2024-11-11T03:33:26.152+0000] {logging_mixin.py:190} INFO - [2024-11-11T03:33:26.151+0000] {dagbag.py:588} INFO - Filling up the DagBag from /home/airflow/.local/lib/python3.12/site-packages/airflow/example_dags/example_dynamic_task_mapping_with_no_taskflow_operators.py
[2024-11-11T03:33:26.157+0000] {processor.py:925} INFO - DAG(s) 'example_dynamic_task_mapping_with_no_taskflow_operators' retrieved from /home/airflow/.local/lib/python3.12/site-packages/airflow/example_dags/example_dynamic_task_mapping_with_no_taskflow_operators.py
[2024-11-11T03:33:26.169+0000] {logging_mixin.py:190} INFO - [2024-11-11T03:33:26.169+0000] {dag.py:3239} INFO - Sync 1 DAGs
[2024-11-11T03:33:26.182+0000] {logging_mixin.py:190} INFO - [2024-11-11T03:33:26.182+0000] {dag.py:4180} INFO - Setting next_dagrun for example_dynamic_task_mapping_with_no_taskflow_operators to None, run_after=None
[2024-11-11T03:33:26.198+0000] {processor.py:208} INFO - Processing /home/airflow/.local/lib/python3.12/site-packages/airflow/example_dags/example_dynamic_task_mapping_with_no_taskflow_operators.py took 0.052 seconds
[2024-11-11T03:33:56.832+0000] {processor.py:186} INFO - Started process (PID=7199) to work on /home/airflow/.local/lib/python3.12/site-packages/airflow/example_dags/example_dynamic_task_mapping_with_no_taskflow_operators.py
[2024-11-11T03:33:56.833+0000] {processor.py:914} INFO - Processing file /home/airflow/.local/lib/python3.12/site-packages/airflow/example_dags/example_dynamic_task_mapping_with_no_taskflow_operators.py for tasks to queue
[2024-11-11T03:33:56.834+0000] {logging_mixin.py:190} INFO - [2024-11-11T03:33:56.834+0000] {dagbag.py:588} INFO - Filling up the DagBag from /home/airflow/.local/lib/python3.12/site-packages/airflow/example_dags/example_dynamic_task_mapping_with_no_taskflow_operators.py
[2024-11-11T03:33:56.839+0000] {processor.py:925} INFO - DAG(s) 'example_dynamic_task_mapping_with_no_taskflow_operators' retrieved from /home/airflow/.local/lib/python3.12/site-packages/airflow/example_dags/example_dynamic_task_mapping_with_no_taskflow_operators.py
[2024-11-11T03:33:56.850+0000] {logging_mixin.py:190} INFO - [2024-11-11T03:33:56.850+0000] {dag.py:3239} INFO - Sync 1 DAGs
[2024-11-11T03:33:56.857+0000] {logging_mixin.py:190} INFO - [2024-11-11T03:33:56.857+0000] {dag.py:4180} INFO - Setting next_dagrun for example_dynamic_task_mapping_with_no_taskflow_operators to None, run_after=None
[2024-11-11T03:33:56.865+0000] {processor.py:208} INFO - Processing /home/airflow/.local/lib/python3.12/site-packages/airflow/example_dags/example_dynamic_task_mapping_with_no_taskflow_operators.py took 0.037 seconds
[2024-11-11T03:34:27.675+0000] {processor.py:186} INFO - Started process (PID=7261) to work on /home/airflow/.local/lib/python3.12/site-packages/airflow/example_dags/example_dynamic_task_mapping_with_no_taskflow_operators.py
[2024-11-11T03:34:27.675+0000] {processor.py:914} INFO - Processing file /home/airflow/.local/lib/python3.12/site-packages/airflow/example_dags/example_dynamic_task_mapping_with_no_taskflow_operators.py for tasks to queue
[2024-11-11T03:34:27.677+0000] {logging_mixin.py:190} INFO - [2024-11-11T03:34:27.677+0000] {dagbag.py:588} INFO - Filling up the DagBag from /home/airflow/.local/lib/python3.12/site-packages/airflow/example_dags/example_dynamic_task_mapping_with_no_taskflow_operators.py
[2024-11-11T03:34:27.682+0000] {processor.py:925} INFO - DAG(s) 'example_dynamic_task_mapping_with_no_taskflow_operators' retrieved from /home/airflow/.local/lib/python3.12/site-packages/airflow/example_dags/example_dynamic_task_mapping_with_no_taskflow_operators.py
[2024-11-11T03:34:27.693+0000] {logging_mixin.py:190} INFO - [2024-11-11T03:34:27.692+0000] {dag.py:3239} INFO - Sync 1 DAGs
[2024-11-11T03:34:27.699+0000] {logging_mixin.py:190} INFO - [2024-11-11T03:34:27.699+0000] {dag.py:4180} INFO - Setting next_dagrun for example_dynamic_task_mapping_with_no_taskflow_operators to None, run_after=None
[2024-11-11T03:34:27.707+0000] {processor.py:208} INFO - Processing /home/airflow/.local/lib/python3.12/site-packages/airflow/example_dags/example_dynamic_task_mapping_with_no_taskflow_operators.py took 0.036 seconds
[2024-11-11T03:34:58.458+0000] {processor.py:186} INFO - Started process (PID=7324) to work on /home/airflow/.local/lib/python3.12/site-packages/airflow/example_dags/example_dynamic_task_mapping_with_no_taskflow_operators.py
[2024-11-11T03:34:58.459+0000] {processor.py:914} INFO - Processing file /home/airflow/.local/lib/python3.12/site-packages/airflow/example_dags/example_dynamic_task_mapping_with_no_taskflow_operators.py for tasks to queue
[2024-11-11T03:34:58.461+0000] {logging_mixin.py:190} INFO - [2024-11-11T03:34:58.460+0000] {dagbag.py:588} INFO - Filling up the DagBag from /home/airflow/.local/lib/python3.12/site-packages/airflow/example_dags/example_dynamic_task_mapping_with_no_taskflow_operators.py
[2024-11-11T03:34:58.466+0000] {processor.py:925} INFO - DAG(s) 'example_dynamic_task_mapping_with_no_taskflow_operators' retrieved from /home/airflow/.local/lib/python3.12/site-packages/airflow/example_dags/example_dynamic_task_mapping_with_no_taskflow_operators.py
[2024-11-11T03:34:58.477+0000] {logging_mixin.py:190} INFO - [2024-11-11T03:34:58.476+0000] {dag.py:3239} INFO - Sync 1 DAGs
[2024-11-11T03:34:58.485+0000] {logging_mixin.py:190} INFO - [2024-11-11T03:34:58.485+0000] {dag.py:4180} INFO - Setting next_dagrun for example_dynamic_task_mapping_with_no_taskflow_operators to None, run_after=None
[2024-11-11T03:34:58.493+0000] {processor.py:208} INFO - Processing /home/airflow/.local/lib/python3.12/site-packages/airflow/example_dags/example_dynamic_task_mapping_with_no_taskflow_operators.py took 0.038 seconds
[2024-11-11T03:35:29.179+0000] {processor.py:186} INFO - Started process (PID=7387) to work on /home/airflow/.local/lib/python3.12/site-packages/airflow/example_dags/example_dynamic_task_mapping_with_no_taskflow_operators.py
[2024-11-11T03:35:29.180+0000] {processor.py:914} INFO - Processing file /home/airflow/.local/lib/python3.12/site-packages/airflow/example_dags/example_dynamic_task_mapping_with_no_taskflow_operators.py for tasks to queue
[2024-11-11T03:35:29.181+0000] {logging_mixin.py:190} INFO - [2024-11-11T03:35:29.181+0000] {dagbag.py:588} INFO - Filling up the DagBag from /home/airflow/.local/lib/python3.12/site-packages/airflow/example_dags/example_dynamic_task_mapping_with_no_taskflow_operators.py
[2024-11-11T03:35:29.186+0000] {processor.py:925} INFO - DAG(s) 'example_dynamic_task_mapping_with_no_taskflow_operators' retrieved from /home/airflow/.local/lib/python3.12/site-packages/airflow/example_dags/example_dynamic_task_mapping_with_no_taskflow_operators.py
[2024-11-11T03:35:29.198+0000] {logging_mixin.py:190} INFO - [2024-11-11T03:35:29.198+0000] {dag.py:3239} INFO - Sync 1 DAGs
[2024-11-11T03:35:29.205+0000] {logging_mixin.py:190} INFO - [2024-11-11T03:35:29.205+0000] {dag.py:4180} INFO - Setting next_dagrun for example_dynamic_task_mapping_with_no_taskflow_operators to None, run_after=None
[2024-11-11T03:35:29.213+0000] {processor.py:208} INFO - Processing /home/airflow/.local/lib/python3.12/site-packages/airflow/example_dags/example_dynamic_task_mapping_with_no_taskflow_operators.py took 0.037 seconds
[2024-11-11T03:35:59.804+0000] {processor.py:186} INFO - Started process (PID=7449) to work on /home/airflow/.local/lib/python3.12/site-packages/airflow/example_dags/example_dynamic_task_mapping_with_no_taskflow_operators.py
[2024-11-11T03:35:59.805+0000] {processor.py:914} INFO - Processing file /home/airflow/.local/lib/python3.12/site-packages/airflow/example_dags/example_dynamic_task_mapping_with_no_taskflow_operators.py for tasks to queue
[2024-11-11T03:35:59.807+0000] {logging_mixin.py:190} INFO - [2024-11-11T03:35:59.806+0000] {dagbag.py:588} INFO - Filling up the DagBag from /home/airflow/.local/lib/python3.12/site-packages/airflow/example_dags/example_dynamic_task_mapping_with_no_taskflow_operators.py
[2024-11-11T03:35:59.812+0000] {processor.py:925} INFO - DAG(s) 'example_dynamic_task_mapping_with_no_taskflow_operators' retrieved from /home/airflow/.local/lib/python3.12/site-packages/airflow/example_dags/example_dynamic_task_mapping_with_no_taskflow_operators.py
[2024-11-11T03:35:59.822+0000] {logging_mixin.py:190} INFO - [2024-11-11T03:35:59.822+0000] {dag.py:3239} INFO - Sync 1 DAGs
[2024-11-11T03:35:59.829+0000] {logging_mixin.py:190} INFO - [2024-11-11T03:35:59.829+0000] {dag.py:4180} INFO - Setting next_dagrun for example_dynamic_task_mapping_with_no_taskflow_operators to None, run_after=None
[2024-11-11T03:35:59.838+0000] {processor.py:208} INFO - Processing /home/airflow/.local/lib/python3.12/site-packages/airflow/example_dags/example_dynamic_task_mapping_with_no_taskflow_operators.py took 0.037 seconds
[2024-11-11T03:36:30.422+0000] {processor.py:186} INFO - Started process (PID=7512) to work on /home/airflow/.local/lib/python3.12/site-packages/airflow/example_dags/example_dynamic_task_mapping_with_no_taskflow_operators.py
[2024-11-11T03:36:30.422+0000] {processor.py:914} INFO - Processing file /home/airflow/.local/lib/python3.12/site-packages/airflow/example_dags/example_dynamic_task_mapping_with_no_taskflow_operators.py for tasks to queue
[2024-11-11T03:36:30.424+0000] {logging_mixin.py:190} INFO - [2024-11-11T03:36:30.424+0000] {dagbag.py:588} INFO - Filling up the DagBag from /home/airflow/.local/lib/python3.12/site-packages/airflow/example_dags/example_dynamic_task_mapping_with_no_taskflow_operators.py
[2024-11-11T03:36:30.429+0000] {processor.py:925} INFO - DAG(s) 'example_dynamic_task_mapping_with_no_taskflow_operators' retrieved from /home/airflow/.local/lib/python3.12/site-packages/airflow/example_dags/example_dynamic_task_mapping_with_no_taskflow_operators.py
[2024-11-11T03:36:30.439+0000] {logging_mixin.py:190} INFO - [2024-11-11T03:36:30.439+0000] {dag.py:3239} INFO - Sync 1 DAGs
[2024-11-11T03:36:30.447+0000] {logging_mixin.py:190} INFO - [2024-11-11T03:36:30.447+0000] {dag.py:4180} INFO - Setting next_dagrun for example_dynamic_task_mapping_with_no_taskflow_operators to None, run_after=None
[2024-11-11T03:36:30.455+0000] {processor.py:208} INFO - Processing /home/airflow/.local/lib/python3.12/site-packages/airflow/example_dags/example_dynamic_task_mapping_with_no_taskflow_operators.py took 0.037 seconds
[2024-11-11T03:37:01.242+0000] {processor.py:186} INFO - Started process (PID=7575) to work on /home/airflow/.local/lib/python3.12/site-packages/airflow/example_dags/example_dynamic_task_mapping_with_no_taskflow_operators.py
[2024-11-11T03:37:01.242+0000] {processor.py:914} INFO - Processing file /home/airflow/.local/lib/python3.12/site-packages/airflow/example_dags/example_dynamic_task_mapping_with_no_taskflow_operators.py for tasks to queue
[2024-11-11T03:37:01.244+0000] {logging_mixin.py:190} INFO - [2024-11-11T03:37:01.244+0000] {dagbag.py:588} INFO - Filling up the DagBag from /home/airflow/.local/lib/python3.12/site-packages/airflow/example_dags/example_dynamic_task_mapping_with_no_taskflow_operators.py
[2024-11-11T03:37:01.249+0000] {processor.py:925} INFO - DAG(s) 'example_dynamic_task_mapping_with_no_taskflow_operators' retrieved from /home/airflow/.local/lib/python3.12/site-packages/airflow/example_dags/example_dynamic_task_mapping_with_no_taskflow_operators.py
[2024-11-11T03:37:01.260+0000] {logging_mixin.py:190} INFO - [2024-11-11T03:37:01.260+0000] {dag.py:3239} INFO - Sync 1 DAGs
[2024-11-11T03:37:01.269+0000] {logging_mixin.py:190} INFO - [2024-11-11T03:37:01.269+0000] {dag.py:4180} INFO - Setting next_dagrun for example_dynamic_task_mapping_with_no_taskflow_operators to None, run_after=None
[2024-11-11T03:37:01.281+0000] {processor.py:208} INFO - Processing /home/airflow/.local/lib/python3.12/site-packages/airflow/example_dags/example_dynamic_task_mapping_with_no_taskflow_operators.py took 0.042 seconds
[2024-11-11T03:37:31.773+0000] {processor.py:186} INFO - Started process (PID=7643) to work on /home/airflow/.local/lib/python3.12/site-packages/airflow/example_dags/example_dynamic_task_mapping_with_no_taskflow_operators.py
[2024-11-11T03:37:31.774+0000] {processor.py:914} INFO - Processing file /home/airflow/.local/lib/python3.12/site-packages/airflow/example_dags/example_dynamic_task_mapping_with_no_taskflow_operators.py for tasks to queue
[2024-11-11T03:37:31.775+0000] {logging_mixin.py:190} INFO - [2024-11-11T03:37:31.775+0000] {dagbag.py:588} INFO - Filling up the DagBag from /home/airflow/.local/lib/python3.12/site-packages/airflow/example_dags/example_dynamic_task_mapping_with_no_taskflow_operators.py
[2024-11-11T03:37:31.781+0000] {processor.py:925} INFO - DAG(s) 'example_dynamic_task_mapping_with_no_taskflow_operators' retrieved from /home/airflow/.local/lib/python3.12/site-packages/airflow/example_dags/example_dynamic_task_mapping_with_no_taskflow_operators.py
[2024-11-11T03:37:31.792+0000] {logging_mixin.py:190} INFO - [2024-11-11T03:37:31.791+0000] {dag.py:3239} INFO - Sync 1 DAGs
[2024-11-11T03:37:31.799+0000] {logging_mixin.py:190} INFO - [2024-11-11T03:37:31.799+0000] {dag.py:4180} INFO - Setting next_dagrun for example_dynamic_task_mapping_with_no_taskflow_operators to None, run_after=None
[2024-11-11T03:37:31.808+0000] {processor.py:208} INFO - Processing /home/airflow/.local/lib/python3.12/site-packages/airflow/example_dags/example_dynamic_task_mapping_with_no_taskflow_operators.py took 0.039 seconds
[2024-11-11T03:38:02.476+0000] {processor.py:186} INFO - Started process (PID=7705) to work on /home/airflow/.local/lib/python3.12/site-packages/airflow/example_dags/example_dynamic_task_mapping_with_no_taskflow_operators.py
[2024-11-11T03:38:02.477+0000] {processor.py:914} INFO - Processing file /home/airflow/.local/lib/python3.12/site-packages/airflow/example_dags/example_dynamic_task_mapping_with_no_taskflow_operators.py for tasks to queue
[2024-11-11T03:38:02.478+0000] {logging_mixin.py:190} INFO - [2024-11-11T03:38:02.478+0000] {dagbag.py:588} INFO - Filling up the DagBag from /home/airflow/.local/lib/python3.12/site-packages/airflow/example_dags/example_dynamic_task_mapping_with_no_taskflow_operators.py
[2024-11-11T03:38:02.483+0000] {processor.py:925} INFO - DAG(s) 'example_dynamic_task_mapping_with_no_taskflow_operators' retrieved from /home/airflow/.local/lib/python3.12/site-packages/airflow/example_dags/example_dynamic_task_mapping_with_no_taskflow_operators.py
[2024-11-11T03:38:02.494+0000] {logging_mixin.py:190} INFO - [2024-11-11T03:38:02.494+0000] {dag.py:3239} INFO - Sync 1 DAGs
[2024-11-11T03:38:02.501+0000] {logging_mixin.py:190} INFO - [2024-11-11T03:38:02.500+0000] {dag.py:4180} INFO - Setting next_dagrun for example_dynamic_task_mapping_with_no_taskflow_operators to None, run_after=None
[2024-11-11T03:38:02.509+0000] {processor.py:208} INFO - Processing /home/airflow/.local/lib/python3.12/site-packages/airflow/example_dags/example_dynamic_task_mapping_with_no_taskflow_operators.py took 0.036 seconds
[2024-11-11T03:38:33.011+0000] {processor.py:186} INFO - Started process (PID=7768) to work on /home/airflow/.local/lib/python3.12/site-packages/airflow/example_dags/example_dynamic_task_mapping_with_no_taskflow_operators.py
[2024-11-11T03:38:33.011+0000] {processor.py:914} INFO - Processing file /home/airflow/.local/lib/python3.12/site-packages/airflow/example_dags/example_dynamic_task_mapping_with_no_taskflow_operators.py for tasks to queue
[2024-11-11T03:38:33.013+0000] {logging_mixin.py:190} INFO - [2024-11-11T03:38:33.013+0000] {dagbag.py:588} INFO - Filling up the DagBag from /home/airflow/.local/lib/python3.12/site-packages/airflow/example_dags/example_dynamic_task_mapping_with_no_taskflow_operators.py
[2024-11-11T03:38:33.018+0000] {processor.py:925} INFO - DAG(s) 'example_dynamic_task_mapping_with_no_taskflow_operators' retrieved from /home/airflow/.local/lib/python3.12/site-packages/airflow/example_dags/example_dynamic_task_mapping_with_no_taskflow_operators.py
[2024-11-11T03:38:33.029+0000] {logging_mixin.py:190} INFO - [2024-11-11T03:38:33.029+0000] {dag.py:3239} INFO - Sync 1 DAGs
[2024-11-11T03:38:33.036+0000] {logging_mixin.py:190} INFO - [2024-11-11T03:38:33.036+0000] {dag.py:4180} INFO - Setting next_dagrun for example_dynamic_task_mapping_with_no_taskflow_operators to None, run_after=None
[2024-11-11T03:38:33.045+0000] {processor.py:208} INFO - Processing /home/airflow/.local/lib/python3.12/site-packages/airflow/example_dags/example_dynamic_task_mapping_with_no_taskflow_operators.py took 0.038 seconds
[2024-11-11T03:39:03.689+0000] {processor.py:186} INFO - Started process (PID=7831) to work on /home/airflow/.local/lib/python3.12/site-packages/airflow/example_dags/example_dynamic_task_mapping_with_no_taskflow_operators.py
[2024-11-11T03:39:03.689+0000] {processor.py:914} INFO - Processing file /home/airflow/.local/lib/python3.12/site-packages/airflow/example_dags/example_dynamic_task_mapping_with_no_taskflow_operators.py for tasks to queue
[2024-11-11T03:39:03.690+0000] {logging_mixin.py:190} INFO - [2024-11-11T03:39:03.690+0000] {dagbag.py:588} INFO - Filling up the DagBag from /home/airflow/.local/lib/python3.12/site-packages/airflow/example_dags/example_dynamic_task_mapping_with_no_taskflow_operators.py
[2024-11-11T03:39:03.696+0000] {processor.py:925} INFO - DAG(s) 'example_dynamic_task_mapping_with_no_taskflow_operators' retrieved from /home/airflow/.local/lib/python3.12/site-packages/airflow/example_dags/example_dynamic_task_mapping_with_no_taskflow_operators.py
[2024-11-11T03:39:03.706+0000] {logging_mixin.py:190} INFO - [2024-11-11T03:39:03.706+0000] {dag.py:3239} INFO - Sync 1 DAGs
[2024-11-11T03:39:03.714+0000] {logging_mixin.py:190} INFO - [2024-11-11T03:39:03.714+0000] {dag.py:4180} INFO - Setting next_dagrun for example_dynamic_task_mapping_with_no_taskflow_operators to None, run_after=None
[2024-11-11T03:39:03.723+0000] {processor.py:208} INFO - Processing /home/airflow/.local/lib/python3.12/site-packages/airflow/example_dags/example_dynamic_task_mapping_with_no_taskflow_operators.py took 0.038 seconds
[2024-11-11T03:39:34.425+0000] {processor.py:186} INFO - Started process (PID=7894) to work on /home/airflow/.local/lib/python3.12/site-packages/airflow/example_dags/example_dynamic_task_mapping_with_no_taskflow_operators.py
[2024-11-11T03:39:34.426+0000] {processor.py:914} INFO - Processing file /home/airflow/.local/lib/python3.12/site-packages/airflow/example_dags/example_dynamic_task_mapping_with_no_taskflow_operators.py for tasks to queue
[2024-11-11T03:39:34.428+0000] {logging_mixin.py:190} INFO - [2024-11-11T03:39:34.427+0000] {dagbag.py:588} INFO - Filling up the DagBag from /home/airflow/.local/lib/python3.12/site-packages/airflow/example_dags/example_dynamic_task_mapping_with_no_taskflow_operators.py
[2024-11-11T03:39:34.433+0000] {processor.py:925} INFO - DAG(s) 'example_dynamic_task_mapping_with_no_taskflow_operators' retrieved from /home/airflow/.local/lib/python3.12/site-packages/airflow/example_dags/example_dynamic_task_mapping_with_no_taskflow_operators.py
[2024-11-11T03:39:34.443+0000] {logging_mixin.py:190} INFO - [2024-11-11T03:39:34.443+0000] {dag.py:3239} INFO - Sync 1 DAGs
[2024-11-11T03:39:34.450+0000] {logging_mixin.py:190} INFO - [2024-11-11T03:39:34.450+0000] {dag.py:4180} INFO - Setting next_dagrun for example_dynamic_task_mapping_with_no_taskflow_operators to None, run_after=None
[2024-11-11T03:39:34.458+0000] {processor.py:208} INFO - Processing /home/airflow/.local/lib/python3.12/site-packages/airflow/example_dags/example_dynamic_task_mapping_with_no_taskflow_operators.py took 0.037 seconds
[2024-11-11T03:40:05.043+0000] {processor.py:186} INFO - Started process (PID=7957) to work on /home/airflow/.local/lib/python3.12/site-packages/airflow/example_dags/example_dynamic_task_mapping_with_no_taskflow_operators.py
[2024-11-11T03:40:05.044+0000] {processor.py:914} INFO - Processing file /home/airflow/.local/lib/python3.12/site-packages/airflow/example_dags/example_dynamic_task_mapping_with_no_taskflow_operators.py for tasks to queue
[2024-11-11T03:40:05.046+0000] {logging_mixin.py:190} INFO - [2024-11-11T03:40:05.045+0000] {dagbag.py:588} INFO - Filling up the DagBag from /home/airflow/.local/lib/python3.12/site-packages/airflow/example_dags/example_dynamic_task_mapping_with_no_taskflow_operators.py
[2024-11-11T03:40:05.051+0000] {processor.py:925} INFO - DAG(s) 'example_dynamic_task_mapping_with_no_taskflow_operators' retrieved from /home/airflow/.local/lib/python3.12/site-packages/airflow/example_dags/example_dynamic_task_mapping_with_no_taskflow_operators.py
[2024-11-11T03:40:05.061+0000] {logging_mixin.py:190} INFO - [2024-11-11T03:40:05.061+0000] {dag.py:3239} INFO - Sync 1 DAGs
[2024-11-11T03:40:05.069+0000] {logging_mixin.py:190} INFO - [2024-11-11T03:40:05.069+0000] {dag.py:4180} INFO - Setting next_dagrun for example_dynamic_task_mapping_with_no_taskflow_operators to None, run_after=None
[2024-11-11T03:40:05.077+0000] {processor.py:208} INFO - Processing /home/airflow/.local/lib/python3.12/site-packages/airflow/example_dags/example_dynamic_task_mapping_with_no_taskflow_operators.py took 0.038 seconds
[2024-11-11T03:40:35.918+0000] {processor.py:186} INFO - Started process (PID=8020) to work on /home/airflow/.local/lib/python3.12/site-packages/airflow/example_dags/example_dynamic_task_mapping_with_no_taskflow_operators.py
[2024-11-11T03:40:35.918+0000] {processor.py:914} INFO - Processing file /home/airflow/.local/lib/python3.12/site-packages/airflow/example_dags/example_dynamic_task_mapping_with_no_taskflow_operators.py for tasks to queue
[2024-11-11T03:40:35.920+0000] {logging_mixin.py:190} INFO - [2024-11-11T03:40:35.920+0000] {dagbag.py:588} INFO - Filling up the DagBag from /home/airflow/.local/lib/python3.12/site-packages/airflow/example_dags/example_dynamic_task_mapping_with_no_taskflow_operators.py
[2024-11-11T03:40:35.925+0000] {processor.py:925} INFO - DAG(s) 'example_dynamic_task_mapping_with_no_taskflow_operators' retrieved from /home/airflow/.local/lib/python3.12/site-packages/airflow/example_dags/example_dynamic_task_mapping_with_no_taskflow_operators.py
[2024-11-11T03:40:35.934+0000] {logging_mixin.py:190} INFO - [2024-11-11T03:40:35.934+0000] {dag.py:3239} INFO - Sync 1 DAGs
[2024-11-11T03:40:35.941+0000] {logging_mixin.py:190} INFO - [2024-11-11T03:40:35.941+0000] {dag.py:4180} INFO - Setting next_dagrun for example_dynamic_task_mapping_with_no_taskflow_operators to None, run_after=None
[2024-11-11T03:40:35.949+0000] {processor.py:208} INFO - Processing /home/airflow/.local/lib/python3.12/site-packages/airflow/example_dags/example_dynamic_task_mapping_with_no_taskflow_operators.py took 0.034 seconds
[2024-11-11T03:41:06.808+0000] {processor.py:186} INFO - Started process (PID=8083) to work on /home/airflow/.local/lib/python3.12/site-packages/airflow/example_dags/example_dynamic_task_mapping_with_no_taskflow_operators.py
[2024-11-11T03:41:06.809+0000] {processor.py:914} INFO - Processing file /home/airflow/.local/lib/python3.12/site-packages/airflow/example_dags/example_dynamic_task_mapping_with_no_taskflow_operators.py for tasks to queue
[2024-11-11T03:41:06.811+0000] {logging_mixin.py:190} INFO - [2024-11-11T03:41:06.810+0000] {dagbag.py:588} INFO - Filling up the DagBag from /home/airflow/.local/lib/python3.12/site-packages/airflow/example_dags/example_dynamic_task_mapping_with_no_taskflow_operators.py
[2024-11-11T03:41:06.816+0000] {processor.py:925} INFO - DAG(s) 'example_dynamic_task_mapping_with_no_taskflow_operators' retrieved from /home/airflow/.local/lib/python3.12/site-packages/airflow/example_dags/example_dynamic_task_mapping_with_no_taskflow_operators.py
[2024-11-11T03:41:06.826+0000] {logging_mixin.py:190} INFO - [2024-11-11T03:41:06.826+0000] {dag.py:3239} INFO - Sync 1 DAGs
[2024-11-11T03:41:06.833+0000] {logging_mixin.py:190} INFO - [2024-11-11T03:41:06.833+0000] {dag.py:4180} INFO - Setting next_dagrun for example_dynamic_task_mapping_with_no_taskflow_operators to None, run_after=None
[2024-11-11T03:41:06.841+0000] {processor.py:208} INFO - Processing /home/airflow/.local/lib/python3.12/site-packages/airflow/example_dags/example_dynamic_task_mapping_with_no_taskflow_operators.py took 0.036 seconds
[2024-11-11T03:41:37.496+0000] {processor.py:186} INFO - Started process (PID=8145) to work on /home/airflow/.local/lib/python3.12/site-packages/airflow/example_dags/example_dynamic_task_mapping_with_no_taskflow_operators.py
[2024-11-11T03:41:37.497+0000] {processor.py:914} INFO - Processing file /home/airflow/.local/lib/python3.12/site-packages/airflow/example_dags/example_dynamic_task_mapping_with_no_taskflow_operators.py for tasks to queue
[2024-11-11T03:41:37.499+0000] {logging_mixin.py:190} INFO - [2024-11-11T03:41:37.498+0000] {dagbag.py:588} INFO - Filling up the DagBag from /home/airflow/.local/lib/python3.12/site-packages/airflow/example_dags/example_dynamic_task_mapping_with_no_taskflow_operators.py
[2024-11-11T03:41:37.505+0000] {processor.py:925} INFO - DAG(s) 'example_dynamic_task_mapping_with_no_taskflow_operators' retrieved from /home/airflow/.local/lib/python3.12/site-packages/airflow/example_dags/example_dynamic_task_mapping_with_no_taskflow_operators.py
[2024-11-11T03:41:37.516+0000] {logging_mixin.py:190} INFO - [2024-11-11T03:41:37.515+0000] {dag.py:3239} INFO - Sync 1 DAGs
[2024-11-11T03:41:37.524+0000] {logging_mixin.py:190} INFO - [2024-11-11T03:41:37.524+0000] {dag.py:4180} INFO - Setting next_dagrun for example_dynamic_task_mapping_with_no_taskflow_operators to None, run_after=None
[2024-11-11T03:41:37.533+0000] {processor.py:208} INFO - Processing /home/airflow/.local/lib/python3.12/site-packages/airflow/example_dags/example_dynamic_task_mapping_with_no_taskflow_operators.py took 0.040 seconds
[2024-11-11T03:42:08.389+0000] {processor.py:186} INFO - Started process (PID=8208) to work on /home/airflow/.local/lib/python3.12/site-packages/airflow/example_dags/example_dynamic_task_mapping_with_no_taskflow_operators.py
[2024-11-11T03:42:08.390+0000] {processor.py:914} INFO - Processing file /home/airflow/.local/lib/python3.12/site-packages/airflow/example_dags/example_dynamic_task_mapping_with_no_taskflow_operators.py for tasks to queue
[2024-11-11T03:42:08.391+0000] {logging_mixin.py:190} INFO - [2024-11-11T03:42:08.391+0000] {dagbag.py:588} INFO - Filling up the DagBag from /home/airflow/.local/lib/python3.12/site-packages/airflow/example_dags/example_dynamic_task_mapping_with_no_taskflow_operators.py
[2024-11-11T03:42:08.396+0000] {processor.py:925} INFO - DAG(s) 'example_dynamic_task_mapping_with_no_taskflow_operators' retrieved from /home/airflow/.local/lib/python3.12/site-packages/airflow/example_dags/example_dynamic_task_mapping_with_no_taskflow_operators.py
[2024-11-11T03:42:08.406+0000] {logging_mixin.py:190} INFO - [2024-11-11T03:42:08.406+0000] {dag.py:3239} INFO - Sync 1 DAGs
[2024-11-11T03:42:08.412+0000] {logging_mixin.py:190} INFO - [2024-11-11T03:42:08.412+0000] {dag.py:4180} INFO - Setting next_dagrun for example_dynamic_task_mapping_with_no_taskflow_operators to None, run_after=None
[2024-11-11T03:42:08.419+0000] {processor.py:208} INFO - Processing /home/airflow/.local/lib/python3.12/site-packages/airflow/example_dags/example_dynamic_task_mapping_with_no_taskflow_operators.py took 0.034 seconds
[2024-11-11T03:42:39.016+0000] {processor.py:186} INFO - Started process (PID=8271) to work on /home/airflow/.local/lib/python3.12/site-packages/airflow/example_dags/example_dynamic_task_mapping_with_no_taskflow_operators.py
[2024-11-11T03:42:39.016+0000] {processor.py:914} INFO - Processing file /home/airflow/.local/lib/python3.12/site-packages/airflow/example_dags/example_dynamic_task_mapping_with_no_taskflow_operators.py for tasks to queue
[2024-11-11T03:42:39.018+0000] {logging_mixin.py:190} INFO - [2024-11-11T03:42:39.018+0000] {dagbag.py:588} INFO - Filling up the DagBag from /home/airflow/.local/lib/python3.12/site-packages/airflow/example_dags/example_dynamic_task_mapping_with_no_taskflow_operators.py
[2024-11-11T03:42:39.023+0000] {processor.py:925} INFO - DAG(s) 'example_dynamic_task_mapping_with_no_taskflow_operators' retrieved from /home/airflow/.local/lib/python3.12/site-packages/airflow/example_dags/example_dynamic_task_mapping_with_no_taskflow_operators.py
[2024-11-11T03:42:39.034+0000] {logging_mixin.py:190} INFO - [2024-11-11T03:42:39.034+0000] {dag.py:3239} INFO - Sync 1 DAGs
[2024-11-11T03:42:39.041+0000] {logging_mixin.py:190} INFO - [2024-11-11T03:42:39.041+0000] {dag.py:4180} INFO - Setting next_dagrun for example_dynamic_task_mapping_with_no_taskflow_operators to None, run_after=None
[2024-11-11T03:42:39.050+0000] {processor.py:208} INFO - Processing /home/airflow/.local/lib/python3.12/site-packages/airflow/example_dags/example_dynamic_task_mapping_with_no_taskflow_operators.py took 0.037 seconds
[2024-11-11T03:43:09.745+0000] {processor.py:186} INFO - Started process (PID=8334) to work on /home/airflow/.local/lib/python3.12/site-packages/airflow/example_dags/example_dynamic_task_mapping_with_no_taskflow_operators.py
[2024-11-11T03:43:09.745+0000] {processor.py:914} INFO - Processing file /home/airflow/.local/lib/python3.12/site-packages/airflow/example_dags/example_dynamic_task_mapping_with_no_taskflow_operators.py for tasks to queue
[2024-11-11T03:43:09.747+0000] {logging_mixin.py:190} INFO - [2024-11-11T03:43:09.747+0000] {dagbag.py:588} INFO - Filling up the DagBag from /home/airflow/.local/lib/python3.12/site-packages/airflow/example_dags/example_dynamic_task_mapping_with_no_taskflow_operators.py
[2024-11-11T03:43:09.752+0000] {processor.py:925} INFO - DAG(s) 'example_dynamic_task_mapping_with_no_taskflow_operators' retrieved from /home/airflow/.local/lib/python3.12/site-packages/airflow/example_dags/example_dynamic_task_mapping_with_no_taskflow_operators.py
[2024-11-11T03:43:09.762+0000] {logging_mixin.py:190} INFO - [2024-11-11T03:43:09.762+0000] {dag.py:3239} INFO - Sync 1 DAGs
[2024-11-11T03:43:09.770+0000] {logging_mixin.py:190} INFO - [2024-11-11T03:43:09.770+0000] {dag.py:4180} INFO - Setting next_dagrun for example_dynamic_task_mapping_with_no_taskflow_operators to None, run_after=None
[2024-11-11T03:43:09.778+0000] {processor.py:208} INFO - Processing /home/airflow/.local/lib/python3.12/site-packages/airflow/example_dags/example_dynamic_task_mapping_with_no_taskflow_operators.py took 0.037 seconds
[2024-11-11T03:43:40.284+0000] {processor.py:186} INFO - Started process (PID=8397) to work on /home/airflow/.local/lib/python3.12/site-packages/airflow/example_dags/example_dynamic_task_mapping_with_no_taskflow_operators.py
[2024-11-11T03:43:40.285+0000] {processor.py:914} INFO - Processing file /home/airflow/.local/lib/python3.12/site-packages/airflow/example_dags/example_dynamic_task_mapping_with_no_taskflow_operators.py for tasks to queue
[2024-11-11T03:43:40.286+0000] {logging_mixin.py:190} INFO - [2024-11-11T03:43:40.286+0000] {dagbag.py:588} INFO - Filling up the DagBag from /home/airflow/.local/lib/python3.12/site-packages/airflow/example_dags/example_dynamic_task_mapping_with_no_taskflow_operators.py
[2024-11-11T03:43:40.291+0000] {processor.py:925} INFO - DAG(s) 'example_dynamic_task_mapping_with_no_taskflow_operators' retrieved from /home/airflow/.local/lib/python3.12/site-packages/airflow/example_dags/example_dynamic_task_mapping_with_no_taskflow_operators.py
[2024-11-11T03:43:40.302+0000] {logging_mixin.py:190} INFO - [2024-11-11T03:43:40.302+0000] {dag.py:3239} INFO - Sync 1 DAGs
[2024-11-11T03:43:40.310+0000] {logging_mixin.py:190} INFO - [2024-11-11T03:43:40.310+0000] {dag.py:4180} INFO - Setting next_dagrun for example_dynamic_task_mapping_with_no_taskflow_operators to None, run_after=None
[2024-11-11T03:43:40.318+0000] {processor.py:208} INFO - Processing /home/airflow/.local/lib/python3.12/site-packages/airflow/example_dags/example_dynamic_task_mapping_with_no_taskflow_operators.py took 0.037 seconds
[2024-11-11T03:44:10.981+0000] {processor.py:186} INFO - Started process (PID=8460) to work on /home/airflow/.local/lib/python3.12/site-packages/airflow/example_dags/example_dynamic_task_mapping_with_no_taskflow_operators.py
[2024-11-11T03:44:10.982+0000] {processor.py:914} INFO - Processing file /home/airflow/.local/lib/python3.12/site-packages/airflow/example_dags/example_dynamic_task_mapping_with_no_taskflow_operators.py for tasks to queue
[2024-11-11T03:44:10.983+0000] {logging_mixin.py:190} INFO - [2024-11-11T03:44:10.983+0000] {dagbag.py:588} INFO - Filling up the DagBag from /home/airflow/.local/lib/python3.12/site-packages/airflow/example_dags/example_dynamic_task_mapping_with_no_taskflow_operators.py
[2024-11-11T03:44:10.988+0000] {processor.py:925} INFO - DAG(s) 'example_dynamic_task_mapping_with_no_taskflow_operators' retrieved from /home/airflow/.local/lib/python3.12/site-packages/airflow/example_dags/example_dynamic_task_mapping_with_no_taskflow_operators.py
[2024-11-11T03:44:10.999+0000] {logging_mixin.py:190} INFO - [2024-11-11T03:44:10.998+0000] {dag.py:3239} INFO - Sync 1 DAGs
[2024-11-11T03:44:11.006+0000] {logging_mixin.py:190} INFO - [2024-11-11T03:44:11.006+0000] {dag.py:4180} INFO - Setting next_dagrun for example_dynamic_task_mapping_with_no_taskflow_operators to None, run_after=None
[2024-11-11T03:44:11.014+0000] {processor.py:208} INFO - Processing /home/airflow/.local/lib/python3.12/site-packages/airflow/example_dags/example_dynamic_task_mapping_with_no_taskflow_operators.py took 0.037 seconds
[2024-11-11T03:44:41.673+0000] {processor.py:186} INFO - Started process (PID=8523) to work on /home/airflow/.local/lib/python3.12/site-packages/airflow/example_dags/example_dynamic_task_mapping_with_no_taskflow_operators.py
[2024-11-11T03:44:41.673+0000] {processor.py:914} INFO - Processing file /home/airflow/.local/lib/python3.12/site-packages/airflow/example_dags/example_dynamic_task_mapping_with_no_taskflow_operators.py for tasks to queue
[2024-11-11T03:44:41.675+0000] {logging_mixin.py:190} INFO - [2024-11-11T03:44:41.675+0000] {dagbag.py:588} INFO - Filling up the DagBag from /home/airflow/.local/lib/python3.12/site-packages/airflow/example_dags/example_dynamic_task_mapping_with_no_taskflow_operators.py
[2024-11-11T03:44:41.680+0000] {processor.py:925} INFO - DAG(s) 'example_dynamic_task_mapping_with_no_taskflow_operators' retrieved from /home/airflow/.local/lib/python3.12/site-packages/airflow/example_dags/example_dynamic_task_mapping_with_no_taskflow_operators.py
[2024-11-11T03:44:41.691+0000] {logging_mixin.py:190} INFO - [2024-11-11T03:44:41.691+0000] {dag.py:3239} INFO - Sync 1 DAGs
[2024-11-11T03:44:41.698+0000] {logging_mixin.py:190} INFO - [2024-11-11T03:44:41.698+0000] {dag.py:4180} INFO - Setting next_dagrun for example_dynamic_task_mapping_with_no_taskflow_operators to None, run_after=None
[2024-11-11T03:44:41.707+0000] {processor.py:208} INFO - Processing /home/airflow/.local/lib/python3.12/site-packages/airflow/example_dags/example_dynamic_task_mapping_with_no_taskflow_operators.py took 0.038 seconds
[2024-11-11T03:45:12.559+0000] {processor.py:186} INFO - Started process (PID=8586) to work on /home/airflow/.local/lib/python3.12/site-packages/airflow/example_dags/example_dynamic_task_mapping_with_no_taskflow_operators.py
[2024-11-11T03:45:12.559+0000] {processor.py:914} INFO - Processing file /home/airflow/.local/lib/python3.12/site-packages/airflow/example_dags/example_dynamic_task_mapping_with_no_taskflow_operators.py for tasks to queue
[2024-11-11T03:45:12.561+0000] {logging_mixin.py:190} INFO - [2024-11-11T03:45:12.561+0000] {dagbag.py:588} INFO - Filling up the DagBag from /home/airflow/.local/lib/python3.12/site-packages/airflow/example_dags/example_dynamic_task_mapping_with_no_taskflow_operators.py
[2024-11-11T03:45:12.567+0000] {processor.py:925} INFO - DAG(s) 'example_dynamic_task_mapping_with_no_taskflow_operators' retrieved from /home/airflow/.local/lib/python3.12/site-packages/airflow/example_dags/example_dynamic_task_mapping_with_no_taskflow_operators.py
[2024-11-11T03:45:12.578+0000] {logging_mixin.py:190} INFO - [2024-11-11T03:45:12.578+0000] {dag.py:3239} INFO - Sync 1 DAGs
[2024-11-11T03:45:12.585+0000] {logging_mixin.py:190} INFO - [2024-11-11T03:45:12.585+0000] {dag.py:4180} INFO - Setting next_dagrun for example_dynamic_task_mapping_with_no_taskflow_operators to None, run_after=None
[2024-11-11T03:45:12.594+0000] {processor.py:208} INFO - Processing /home/airflow/.local/lib/python3.12/site-packages/airflow/example_dags/example_dynamic_task_mapping_with_no_taskflow_operators.py took 0.039 seconds
[2024-11-11T03:45:43.009+0000] {processor.py:186} INFO - Started process (PID=8649) to work on /home/airflow/.local/lib/python3.12/site-packages/airflow/example_dags/example_dynamic_task_mapping_with_no_taskflow_operators.py
[2024-11-11T03:45:43.009+0000] {processor.py:914} INFO - Processing file /home/airflow/.local/lib/python3.12/site-packages/airflow/example_dags/example_dynamic_task_mapping_with_no_taskflow_operators.py for tasks to queue
[2024-11-11T03:45:43.011+0000] {logging_mixin.py:190} INFO - [2024-11-11T03:45:43.011+0000] {dagbag.py:588} INFO - Filling up the DagBag from /home/airflow/.local/lib/python3.12/site-packages/airflow/example_dags/example_dynamic_task_mapping_with_no_taskflow_operators.py
[2024-11-11T03:45:43.017+0000] {processor.py:925} INFO - DAG(s) 'example_dynamic_task_mapping_with_no_taskflow_operators' retrieved from /home/airflow/.local/lib/python3.12/site-packages/airflow/example_dags/example_dynamic_task_mapping_with_no_taskflow_operators.py
[2024-11-11T03:45:43.027+0000] {logging_mixin.py:190} INFO - [2024-11-11T03:45:43.027+0000] {dag.py:3239} INFO - Sync 1 DAGs
[2024-11-11T03:45:43.034+0000] {logging_mixin.py:190} INFO - [2024-11-11T03:45:43.034+0000] {dag.py:4180} INFO - Setting next_dagrun for example_dynamic_task_mapping_with_no_taskflow_operators to None, run_after=None
[2024-11-11T03:45:43.043+0000] {processor.py:208} INFO - Processing /home/airflow/.local/lib/python3.12/site-packages/airflow/example_dags/example_dynamic_task_mapping_with_no_taskflow_operators.py took 0.037 seconds
[2024-11-11T03:46:13.770+0000] {processor.py:186} INFO - Started process (PID=8712) to work on /home/airflow/.local/lib/python3.12/site-packages/airflow/example_dags/example_dynamic_task_mapping_with_no_taskflow_operators.py
[2024-11-11T03:46:13.771+0000] {processor.py:914} INFO - Processing file /home/airflow/.local/lib/python3.12/site-packages/airflow/example_dags/example_dynamic_task_mapping_with_no_taskflow_operators.py for tasks to queue
[2024-11-11T03:46:13.772+0000] {logging_mixin.py:190} INFO - [2024-11-11T03:46:13.772+0000] {dagbag.py:588} INFO - Filling up the DagBag from /home/airflow/.local/lib/python3.12/site-packages/airflow/example_dags/example_dynamic_task_mapping_with_no_taskflow_operators.py
[2024-11-11T03:46:13.777+0000] {processor.py:925} INFO - DAG(s) 'example_dynamic_task_mapping_with_no_taskflow_operators' retrieved from /home/airflow/.local/lib/python3.12/site-packages/airflow/example_dags/example_dynamic_task_mapping_with_no_taskflow_operators.py
[2024-11-11T03:46:13.787+0000] {logging_mixin.py:190} INFO - [2024-11-11T03:46:13.787+0000] {dag.py:3239} INFO - Sync 1 DAGs
[2024-11-11T03:46:13.794+0000] {logging_mixin.py:190} INFO - [2024-11-11T03:46:13.794+0000] {dag.py:4180} INFO - Setting next_dagrun for example_dynamic_task_mapping_with_no_taskflow_operators to None, run_after=None
[2024-11-11T03:46:13.802+0000] {processor.py:208} INFO - Processing /home/airflow/.local/lib/python3.12/site-packages/airflow/example_dags/example_dynamic_task_mapping_with_no_taskflow_operators.py took 0.034 seconds
[2024-11-11T03:46:44.281+0000] {processor.py:186} INFO - Started process (PID=8775) to work on /home/airflow/.local/lib/python3.12/site-packages/airflow/example_dags/example_dynamic_task_mapping_with_no_taskflow_operators.py
[2024-11-11T03:46:44.281+0000] {processor.py:914} INFO - Processing file /home/airflow/.local/lib/python3.12/site-packages/airflow/example_dags/example_dynamic_task_mapping_with_no_taskflow_operators.py for tasks to queue
[2024-11-11T03:46:44.283+0000] {logging_mixin.py:190} INFO - [2024-11-11T03:46:44.282+0000] {dagbag.py:588} INFO - Filling up the DagBag from /home/airflow/.local/lib/python3.12/site-packages/airflow/example_dags/example_dynamic_task_mapping_with_no_taskflow_operators.py
[2024-11-11T03:46:44.288+0000] {processor.py:925} INFO - DAG(s) 'example_dynamic_task_mapping_with_no_taskflow_operators' retrieved from /home/airflow/.local/lib/python3.12/site-packages/airflow/example_dags/example_dynamic_task_mapping_with_no_taskflow_operators.py
[2024-11-11T03:46:44.298+0000] {logging_mixin.py:190} INFO - [2024-11-11T03:46:44.298+0000] {dag.py:3239} INFO - Sync 1 DAGs
[2024-11-11T03:46:44.306+0000] {logging_mixin.py:190} INFO - [2024-11-11T03:46:44.306+0000] {dag.py:4180} INFO - Setting next_dagrun for example_dynamic_task_mapping_with_no_taskflow_operators to None, run_after=None
[2024-11-11T03:46:44.314+0000] {processor.py:208} INFO - Processing /home/airflow/.local/lib/python3.12/site-packages/airflow/example_dags/example_dynamic_task_mapping_with_no_taskflow_operators.py took 0.037 seconds
[2024-11-11T03:47:14.794+0000] {processor.py:186} INFO - Started process (PID=8838) to work on /home/airflow/.local/lib/python3.12/site-packages/airflow/example_dags/example_dynamic_task_mapping_with_no_taskflow_operators.py
[2024-11-11T03:47:14.795+0000] {processor.py:914} INFO - Processing file /home/airflow/.local/lib/python3.12/site-packages/airflow/example_dags/example_dynamic_task_mapping_with_no_taskflow_operators.py for tasks to queue
[2024-11-11T03:47:14.796+0000] {logging_mixin.py:190} INFO - [2024-11-11T03:47:14.796+0000] {dagbag.py:588} INFO - Filling up the DagBag from /home/airflow/.local/lib/python3.12/site-packages/airflow/example_dags/example_dynamic_task_mapping_with_no_taskflow_operators.py
[2024-11-11T03:47:14.801+0000] {processor.py:925} INFO - DAG(s) 'example_dynamic_task_mapping_with_no_taskflow_operators' retrieved from /home/airflow/.local/lib/python3.12/site-packages/airflow/example_dags/example_dynamic_task_mapping_with_no_taskflow_operators.py
[2024-11-11T03:47:14.811+0000] {logging_mixin.py:190} INFO - [2024-11-11T03:47:14.811+0000] {dag.py:3239} INFO - Sync 1 DAGs
[2024-11-11T03:47:14.818+0000] {logging_mixin.py:190} INFO - [2024-11-11T03:47:14.818+0000] {dag.py:4180} INFO - Setting next_dagrun for example_dynamic_task_mapping_with_no_taskflow_operators to None, run_after=None
[2024-11-11T03:47:14.826+0000] {processor.py:208} INFO - Processing /home/airflow/.local/lib/python3.12/site-packages/airflow/example_dags/example_dynamic_task_mapping_with_no_taskflow_operators.py took 0.035 seconds
[2024-11-11T03:47:45.330+0000] {processor.py:186} INFO - Started process (PID=8901) to work on /home/airflow/.local/lib/python3.12/site-packages/airflow/example_dags/example_dynamic_task_mapping_with_no_taskflow_operators.py
[2024-11-11T03:47:45.330+0000] {processor.py:914} INFO - Processing file /home/airflow/.local/lib/python3.12/site-packages/airflow/example_dags/example_dynamic_task_mapping_with_no_taskflow_operators.py for tasks to queue
[2024-11-11T03:47:45.332+0000] {logging_mixin.py:190} INFO - [2024-11-11T03:47:45.332+0000] {dagbag.py:588} INFO - Filling up the DagBag from /home/airflow/.local/lib/python3.12/site-packages/airflow/example_dags/example_dynamic_task_mapping_with_no_taskflow_operators.py
[2024-11-11T03:47:45.337+0000] {processor.py:925} INFO - DAG(s) 'example_dynamic_task_mapping_with_no_taskflow_operators' retrieved from /home/airflow/.local/lib/python3.12/site-packages/airflow/example_dags/example_dynamic_task_mapping_with_no_taskflow_operators.py
[2024-11-11T03:47:45.347+0000] {logging_mixin.py:190} INFO - [2024-11-11T03:47:45.347+0000] {dag.py:3239} INFO - Sync 1 DAGs
[2024-11-11T03:47:45.354+0000] {logging_mixin.py:190} INFO - [2024-11-11T03:47:45.354+0000] {dag.py:4180} INFO - Setting next_dagrun for example_dynamic_task_mapping_with_no_taskflow_operators to None, run_after=None
[2024-11-11T03:47:45.363+0000] {processor.py:208} INFO - Processing /home/airflow/.local/lib/python3.12/site-packages/airflow/example_dags/example_dynamic_task_mapping_with_no_taskflow_operators.py took 0.036 seconds
[2024-11-11T03:48:15.937+0000] {processor.py:186} INFO - Started process (PID=8964) to work on /home/airflow/.local/lib/python3.12/site-packages/airflow/example_dags/example_dynamic_task_mapping_with_no_taskflow_operators.py
[2024-11-11T03:48:15.937+0000] {processor.py:914} INFO - Processing file /home/airflow/.local/lib/python3.12/site-packages/airflow/example_dags/example_dynamic_task_mapping_with_no_taskflow_operators.py for tasks to queue
[2024-11-11T03:48:15.939+0000] {logging_mixin.py:190} INFO - [2024-11-11T03:48:15.939+0000] {dagbag.py:588} INFO - Filling up the DagBag from /home/airflow/.local/lib/python3.12/site-packages/airflow/example_dags/example_dynamic_task_mapping_with_no_taskflow_operators.py
[2024-11-11T03:48:15.944+0000] {processor.py:925} INFO - DAG(s) 'example_dynamic_task_mapping_with_no_taskflow_operators' retrieved from /home/airflow/.local/lib/python3.12/site-packages/airflow/example_dags/example_dynamic_task_mapping_with_no_taskflow_operators.py
[2024-11-11T03:48:15.954+0000] {logging_mixin.py:190} INFO - [2024-11-11T03:48:15.954+0000] {dag.py:3239} INFO - Sync 1 DAGs
[2024-11-11T03:48:15.961+0000] {logging_mixin.py:190} INFO - [2024-11-11T03:48:15.961+0000] {dag.py:4180} INFO - Setting next_dagrun for example_dynamic_task_mapping_with_no_taskflow_operators to None, run_after=None
[2024-11-11T03:48:15.969+0000] {processor.py:208} INFO - Processing /home/airflow/.local/lib/python3.12/site-packages/airflow/example_dags/example_dynamic_task_mapping_with_no_taskflow_operators.py took 0.035 seconds
[2024-11-11T03:48:46.803+0000] {processor.py:186} INFO - Started process (PID=9027) to work on /home/airflow/.local/lib/python3.12/site-packages/airflow/example_dags/example_dynamic_task_mapping_with_no_taskflow_operators.py
[2024-11-11T03:48:46.804+0000] {processor.py:914} INFO - Processing file /home/airflow/.local/lib/python3.12/site-packages/airflow/example_dags/example_dynamic_task_mapping_with_no_taskflow_operators.py for tasks to queue
[2024-11-11T03:48:46.805+0000] {logging_mixin.py:190} INFO - [2024-11-11T03:48:46.805+0000] {dagbag.py:588} INFO - Filling up the DagBag from /home/airflow/.local/lib/python3.12/site-packages/airflow/example_dags/example_dynamic_task_mapping_with_no_taskflow_operators.py
[2024-11-11T03:48:46.811+0000] {processor.py:925} INFO - DAG(s) 'example_dynamic_task_mapping_with_no_taskflow_operators' retrieved from /home/airflow/.local/lib/python3.12/site-packages/airflow/example_dags/example_dynamic_task_mapping_with_no_taskflow_operators.py
[2024-11-11T03:48:46.822+0000] {logging_mixin.py:190} INFO - [2024-11-11T03:48:46.821+0000] {dag.py:3239} INFO - Sync 1 DAGs
[2024-11-11T03:48:46.828+0000] {logging_mixin.py:190} INFO - [2024-11-11T03:48:46.828+0000] {dag.py:4180} INFO - Setting next_dagrun for example_dynamic_task_mapping_with_no_taskflow_operators to None, run_after=None
[2024-11-11T03:48:46.836+0000] {processor.py:208} INFO - Processing /home/airflow/.local/lib/python3.12/site-packages/airflow/example_dags/example_dynamic_task_mapping_with_no_taskflow_operators.py took 0.036 seconds
[2024-11-11T03:49:17.421+0000] {processor.py:186} INFO - Started process (PID=9090) to work on /home/airflow/.local/lib/python3.12/site-packages/airflow/example_dags/example_dynamic_task_mapping_with_no_taskflow_operators.py
[2024-11-11T03:49:17.422+0000] {processor.py:914} INFO - Processing file /home/airflow/.local/lib/python3.12/site-packages/airflow/example_dags/example_dynamic_task_mapping_with_no_taskflow_operators.py for tasks to queue
[2024-11-11T03:49:17.424+0000] {logging_mixin.py:190} INFO - [2024-11-11T03:49:17.423+0000] {dagbag.py:588} INFO - Filling up the DagBag from /home/airflow/.local/lib/python3.12/site-packages/airflow/example_dags/example_dynamic_task_mapping_with_no_taskflow_operators.py
[2024-11-11T03:49:17.429+0000] {processor.py:925} INFO - DAG(s) 'example_dynamic_task_mapping_with_no_taskflow_operators' retrieved from /home/airflow/.local/lib/python3.12/site-packages/airflow/example_dags/example_dynamic_task_mapping_with_no_taskflow_operators.py
[2024-11-11T03:49:17.439+0000] {logging_mixin.py:190} INFO - [2024-11-11T03:49:17.439+0000] {dag.py:3239} INFO - Sync 1 DAGs
[2024-11-11T03:49:17.447+0000] {logging_mixin.py:190} INFO - [2024-11-11T03:49:17.446+0000] {dag.py:4180} INFO - Setting next_dagrun for example_dynamic_task_mapping_with_no_taskflow_operators to None, run_after=None
[2024-11-11T03:49:17.455+0000] {processor.py:208} INFO - Processing /home/airflow/.local/lib/python3.12/site-packages/airflow/example_dags/example_dynamic_task_mapping_with_no_taskflow_operators.py took 0.037 seconds
[2024-11-11T03:59:42.990+0000] {processor.py:186} INFO - Started process (PID=9153) to work on /home/airflow/.local/lib/python3.12/site-packages/airflow/example_dags/example_dynamic_task_mapping_with_no_taskflow_operators.py
[2024-11-11T03:59:42.991+0000] {processor.py:914} INFO - Processing file /home/airflow/.local/lib/python3.12/site-packages/airflow/example_dags/example_dynamic_task_mapping_with_no_taskflow_operators.py for tasks to queue
[2024-11-11T03:59:42.992+0000] {logging_mixin.py:190} INFO - [2024-11-11T03:59:42.992+0000] {dagbag.py:588} INFO - Filling up the DagBag from /home/airflow/.local/lib/python3.12/site-packages/airflow/example_dags/example_dynamic_task_mapping_with_no_taskflow_operators.py
[2024-11-11T03:59:42.997+0000] {processor.py:925} INFO - DAG(s) 'example_dynamic_task_mapping_with_no_taskflow_operators' retrieved from /home/airflow/.local/lib/python3.12/site-packages/airflow/example_dags/example_dynamic_task_mapping_with_no_taskflow_operators.py
[2024-11-11T03:59:43.007+0000] {logging_mixin.py:190} INFO - [2024-11-11T03:59:43.007+0000] {dag.py:3239} INFO - Sync 1 DAGs
[2024-11-11T03:59:43.013+0000] {logging_mixin.py:190} INFO - [2024-11-11T03:59:43.013+0000] {dag.py:4180} INFO - Setting next_dagrun for example_dynamic_task_mapping_with_no_taskflow_operators to None, run_after=None
[2024-11-11T03:59:43.021+0000] {processor.py:208} INFO - Processing /home/airflow/.local/lib/python3.12/site-packages/airflow/example_dags/example_dynamic_task_mapping_with_no_taskflow_operators.py took 0.034 seconds
[2024-11-11T04:00:13.652+0000] {processor.py:186} INFO - Started process (PID=9216) to work on /home/airflow/.local/lib/python3.12/site-packages/airflow/example_dags/example_dynamic_task_mapping_with_no_taskflow_operators.py
[2024-11-11T04:00:13.653+0000] {processor.py:914} INFO - Processing file /home/airflow/.local/lib/python3.12/site-packages/airflow/example_dags/example_dynamic_task_mapping_with_no_taskflow_operators.py for tasks to queue
[2024-11-11T04:00:13.654+0000] {logging_mixin.py:190} INFO - [2024-11-11T04:00:13.654+0000] {dagbag.py:588} INFO - Filling up the DagBag from /home/airflow/.local/lib/python3.12/site-packages/airflow/example_dags/example_dynamic_task_mapping_with_no_taskflow_operators.py
[2024-11-11T04:00:13.660+0000] {processor.py:925} INFO - DAG(s) 'example_dynamic_task_mapping_with_no_taskflow_operators' retrieved from /home/airflow/.local/lib/python3.12/site-packages/airflow/example_dags/example_dynamic_task_mapping_with_no_taskflow_operators.py
[2024-11-11T04:00:13.670+0000] {logging_mixin.py:190} INFO - [2024-11-11T04:00:13.670+0000] {dag.py:3239} INFO - Sync 1 DAGs
[2024-11-11T04:00:13.677+0000] {logging_mixin.py:190} INFO - [2024-11-11T04:00:13.677+0000] {dag.py:4180} INFO - Setting next_dagrun for example_dynamic_task_mapping_with_no_taskflow_operators to None, run_after=None
[2024-11-11T04:00:13.686+0000] {processor.py:208} INFO - Processing /home/airflow/.local/lib/python3.12/site-packages/airflow/example_dags/example_dynamic_task_mapping_with_no_taskflow_operators.py took 0.037 seconds
[2024-11-11T04:00:44.511+0000] {processor.py:186} INFO - Started process (PID=9279) to work on /home/airflow/.local/lib/python3.12/site-packages/airflow/example_dags/example_dynamic_task_mapping_with_no_taskflow_operators.py
[2024-11-11T04:00:44.511+0000] {processor.py:914} INFO - Processing file /home/airflow/.local/lib/python3.12/site-packages/airflow/example_dags/example_dynamic_task_mapping_with_no_taskflow_operators.py for tasks to queue
[2024-11-11T04:00:44.513+0000] {logging_mixin.py:190} INFO - [2024-11-11T04:00:44.513+0000] {dagbag.py:588} INFO - Filling up the DagBag from /home/airflow/.local/lib/python3.12/site-packages/airflow/example_dags/example_dynamic_task_mapping_with_no_taskflow_operators.py
[2024-11-11T04:00:44.519+0000] {processor.py:925} INFO - DAG(s) 'example_dynamic_task_mapping_with_no_taskflow_operators' retrieved from /home/airflow/.local/lib/python3.12/site-packages/airflow/example_dags/example_dynamic_task_mapping_with_no_taskflow_operators.py
[2024-11-11T04:00:44.529+0000] {logging_mixin.py:190} INFO - [2024-11-11T04:00:44.529+0000] {dag.py:3239} INFO - Sync 1 DAGs
[2024-11-11T04:00:44.537+0000] {logging_mixin.py:190} INFO - [2024-11-11T04:00:44.537+0000] {dag.py:4180} INFO - Setting next_dagrun for example_dynamic_task_mapping_with_no_taskflow_operators to None, run_after=None
[2024-11-11T04:00:44.545+0000] {processor.py:208} INFO - Processing /home/airflow/.local/lib/python3.12/site-packages/airflow/example_dags/example_dynamic_task_mapping_with_no_taskflow_operators.py took 0.039 seconds
[2024-11-11T04:01:15.145+0000] {processor.py:186} INFO - Started process (PID=9342) to work on /home/airflow/.local/lib/python3.12/site-packages/airflow/example_dags/example_dynamic_task_mapping_with_no_taskflow_operators.py
[2024-11-11T04:01:15.146+0000] {processor.py:914} INFO - Processing file /home/airflow/.local/lib/python3.12/site-packages/airflow/example_dags/example_dynamic_task_mapping_with_no_taskflow_operators.py for tasks to queue
[2024-11-11T04:01:15.148+0000] {logging_mixin.py:190} INFO - [2024-11-11T04:01:15.147+0000] {dagbag.py:588} INFO - Filling up the DagBag from /home/airflow/.local/lib/python3.12/site-packages/airflow/example_dags/example_dynamic_task_mapping_with_no_taskflow_operators.py
[2024-11-11T04:01:15.153+0000] {processor.py:925} INFO - DAG(s) 'example_dynamic_task_mapping_with_no_taskflow_operators' retrieved from /home/airflow/.local/lib/python3.12/site-packages/airflow/example_dags/example_dynamic_task_mapping_with_no_taskflow_operators.py
[2024-11-11T04:01:15.164+0000] {logging_mixin.py:190} INFO - [2024-11-11T04:01:15.164+0000] {dag.py:3239} INFO - Sync 1 DAGs
[2024-11-11T04:01:15.171+0000] {logging_mixin.py:190} INFO - [2024-11-11T04:01:15.171+0000] {dag.py:4180} INFO - Setting next_dagrun for example_dynamic_task_mapping_with_no_taskflow_operators to None, run_after=None
[2024-11-11T04:01:15.179+0000] {processor.py:208} INFO - Processing /home/airflow/.local/lib/python3.12/site-packages/airflow/example_dags/example_dynamic_task_mapping_with_no_taskflow_operators.py took 0.038 seconds
[2024-11-11T04:01:45.996+0000] {processor.py:186} INFO - Started process (PID=9405) to work on /home/airflow/.local/lib/python3.12/site-packages/airflow/example_dags/example_dynamic_task_mapping_with_no_taskflow_operators.py
[2024-11-11T04:01:45.997+0000] {processor.py:914} INFO - Processing file /home/airflow/.local/lib/python3.12/site-packages/airflow/example_dags/example_dynamic_task_mapping_with_no_taskflow_operators.py for tasks to queue
[2024-11-11T04:01:45.999+0000] {logging_mixin.py:190} INFO - [2024-11-11T04:01:45.999+0000] {dagbag.py:588} INFO - Filling up the DagBag from /home/airflow/.local/lib/python3.12/site-packages/airflow/example_dags/example_dynamic_task_mapping_with_no_taskflow_operators.py
[2024-11-11T04:01:46.004+0000] {processor.py:925} INFO - DAG(s) 'example_dynamic_task_mapping_with_no_taskflow_operators' retrieved from /home/airflow/.local/lib/python3.12/site-packages/airflow/example_dags/example_dynamic_task_mapping_with_no_taskflow_operators.py
[2024-11-11T04:01:46.015+0000] {logging_mixin.py:190} INFO - [2024-11-11T04:01:46.015+0000] {dag.py:3239} INFO - Sync 1 DAGs
[2024-11-11T04:01:46.021+0000] {logging_mixin.py:190} INFO - [2024-11-11T04:01:46.021+0000] {dag.py:4180} INFO - Setting next_dagrun for example_dynamic_task_mapping_with_no_taskflow_operators to None, run_after=None
[2024-11-11T04:01:46.029+0000] {processor.py:208} INFO - Processing /home/airflow/.local/lib/python3.12/site-packages/airflow/example_dags/example_dynamic_task_mapping_with_no_taskflow_operators.py took 0.036 seconds
[2024-11-11T04:02:16.893+0000] {processor.py:186} INFO - Started process (PID=9468) to work on /home/airflow/.local/lib/python3.12/site-packages/airflow/example_dags/example_dynamic_task_mapping_with_no_taskflow_operators.py
[2024-11-11T04:02:16.894+0000] {processor.py:914} INFO - Processing file /home/airflow/.local/lib/python3.12/site-packages/airflow/example_dags/example_dynamic_task_mapping_with_no_taskflow_operators.py for tasks to queue
[2024-11-11T04:02:16.896+0000] {logging_mixin.py:190} INFO - [2024-11-11T04:02:16.896+0000] {dagbag.py:588} INFO - Filling up the DagBag from /home/airflow/.local/lib/python3.12/site-packages/airflow/example_dags/example_dynamic_task_mapping_with_no_taskflow_operators.py
[2024-11-11T04:02:16.901+0000] {processor.py:925} INFO - DAG(s) 'example_dynamic_task_mapping_with_no_taskflow_operators' retrieved from /home/airflow/.local/lib/python3.12/site-packages/airflow/example_dags/example_dynamic_task_mapping_with_no_taskflow_operators.py
[2024-11-11T04:02:16.912+0000] {logging_mixin.py:190} INFO - [2024-11-11T04:02:16.912+0000] {dag.py:3239} INFO - Sync 1 DAGs
[2024-11-11T04:02:16.920+0000] {logging_mixin.py:190} INFO - [2024-11-11T04:02:16.920+0000] {dag.py:4180} INFO - Setting next_dagrun for example_dynamic_task_mapping_with_no_taskflow_operators to None, run_after=None
[2024-11-11T04:02:16.929+0000] {processor.py:208} INFO - Processing /home/airflow/.local/lib/python3.12/site-packages/airflow/example_dags/example_dynamic_task_mapping_with_no_taskflow_operators.py took 0.039 seconds
[2024-11-11T04:02:47.585+0000] {processor.py:186} INFO - Started process (PID=9531) to work on /home/airflow/.local/lib/python3.12/site-packages/airflow/example_dags/example_dynamic_task_mapping_with_no_taskflow_operators.py
[2024-11-11T04:02:47.586+0000] {processor.py:914} INFO - Processing file /home/airflow/.local/lib/python3.12/site-packages/airflow/example_dags/example_dynamic_task_mapping_with_no_taskflow_operators.py for tasks to queue
[2024-11-11T04:02:47.587+0000] {logging_mixin.py:190} INFO - [2024-11-11T04:02:47.587+0000] {dagbag.py:588} INFO - Filling up the DagBag from /home/airflow/.local/lib/python3.12/site-packages/airflow/example_dags/example_dynamic_task_mapping_with_no_taskflow_operators.py
[2024-11-11T04:02:47.592+0000] {processor.py:925} INFO - DAG(s) 'example_dynamic_task_mapping_with_no_taskflow_operators' retrieved from /home/airflow/.local/lib/python3.12/site-packages/airflow/example_dags/example_dynamic_task_mapping_with_no_taskflow_operators.py
[2024-11-11T04:02:47.603+0000] {logging_mixin.py:190} INFO - [2024-11-11T04:02:47.603+0000] {dag.py:3239} INFO - Sync 1 DAGs
[2024-11-11T04:02:47.610+0000] {logging_mixin.py:190} INFO - [2024-11-11T04:02:47.610+0000] {dag.py:4180} INFO - Setting next_dagrun for example_dynamic_task_mapping_with_no_taskflow_operators to None, run_after=None
[2024-11-11T04:02:47.617+0000] {processor.py:208} INFO - Processing /home/airflow/.local/lib/python3.12/site-packages/airflow/example_dags/example_dynamic_task_mapping_with_no_taskflow_operators.py took 0.036 seconds
[2024-11-11T04:03:18.234+0000] {processor.py:186} INFO - Started process (PID=9594) to work on /home/airflow/.local/lib/python3.12/site-packages/airflow/example_dags/example_dynamic_task_mapping_with_no_taskflow_operators.py
[2024-11-11T04:03:18.235+0000] {processor.py:914} INFO - Processing file /home/airflow/.local/lib/python3.12/site-packages/airflow/example_dags/example_dynamic_task_mapping_with_no_taskflow_operators.py for tasks to queue
[2024-11-11T04:03:18.236+0000] {logging_mixin.py:190} INFO - [2024-11-11T04:03:18.236+0000] {dagbag.py:588} INFO - Filling up the DagBag from /home/airflow/.local/lib/python3.12/site-packages/airflow/example_dags/example_dynamic_task_mapping_with_no_taskflow_operators.py
[2024-11-11T04:03:18.242+0000] {processor.py:925} INFO - DAG(s) 'example_dynamic_task_mapping_with_no_taskflow_operators' retrieved from /home/airflow/.local/lib/python3.12/site-packages/airflow/example_dags/example_dynamic_task_mapping_with_no_taskflow_operators.py
[2024-11-11T04:03:18.253+0000] {logging_mixin.py:190} INFO - [2024-11-11T04:03:18.252+0000] {dag.py:3239} INFO - Sync 1 DAGs
[2024-11-11T04:03:18.260+0000] {logging_mixin.py:190} INFO - [2024-11-11T04:03:18.260+0000] {dag.py:4180} INFO - Setting next_dagrun for example_dynamic_task_mapping_with_no_taskflow_operators to None, run_after=None
[2024-11-11T04:03:18.269+0000] {processor.py:208} INFO - Processing /home/airflow/.local/lib/python3.12/site-packages/airflow/example_dags/example_dynamic_task_mapping_with_no_taskflow_operators.py took 0.038 seconds
[2024-11-11T04:03:49.185+0000] {processor.py:186} INFO - Started process (PID=9657) to work on /home/airflow/.local/lib/python3.12/site-packages/airflow/example_dags/example_dynamic_task_mapping_with_no_taskflow_operators.py
[2024-11-11T04:03:49.186+0000] {processor.py:914} INFO - Processing file /home/airflow/.local/lib/python3.12/site-packages/airflow/example_dags/example_dynamic_task_mapping_with_no_taskflow_operators.py for tasks to queue
[2024-11-11T04:03:49.187+0000] {logging_mixin.py:190} INFO - [2024-11-11T04:03:49.187+0000] {dagbag.py:588} INFO - Filling up the DagBag from /home/airflow/.local/lib/python3.12/site-packages/airflow/example_dags/example_dynamic_task_mapping_with_no_taskflow_operators.py
[2024-11-11T04:03:49.193+0000] {processor.py:925} INFO - DAG(s) 'example_dynamic_task_mapping_with_no_taskflow_operators' retrieved from /home/airflow/.local/lib/python3.12/site-packages/airflow/example_dags/example_dynamic_task_mapping_with_no_taskflow_operators.py
[2024-11-11T04:03:49.203+0000] {logging_mixin.py:190} INFO - [2024-11-11T04:03:49.203+0000] {dag.py:3239} INFO - Sync 1 DAGs
[2024-11-11T04:03:49.210+0000] {logging_mixin.py:190} INFO - [2024-11-11T04:03:49.210+0000] {dag.py:4180} INFO - Setting next_dagrun for example_dynamic_task_mapping_with_no_taskflow_operators to None, run_after=None
[2024-11-11T04:03:49.219+0000] {processor.py:208} INFO - Processing /home/airflow/.local/lib/python3.12/site-packages/airflow/example_dags/example_dynamic_task_mapping_with_no_taskflow_operators.py took 0.037 seconds
[2024-11-11T04:04:20.166+0000] {processor.py:186} INFO - Started process (PID=9720) to work on /home/airflow/.local/lib/python3.12/site-packages/airflow/example_dags/example_dynamic_task_mapping_with_no_taskflow_operators.py
[2024-11-11T04:04:20.166+0000] {processor.py:914} INFO - Processing file /home/airflow/.local/lib/python3.12/site-packages/airflow/example_dags/example_dynamic_task_mapping_with_no_taskflow_operators.py for tasks to queue
[2024-11-11T04:04:20.168+0000] {logging_mixin.py:190} INFO - [2024-11-11T04:04:20.168+0000] {dagbag.py:588} INFO - Filling up the DagBag from /home/airflow/.local/lib/python3.12/site-packages/airflow/example_dags/example_dynamic_task_mapping_with_no_taskflow_operators.py
[2024-11-11T04:04:20.173+0000] {processor.py:925} INFO - DAG(s) 'example_dynamic_task_mapping_with_no_taskflow_operators' retrieved from /home/airflow/.local/lib/python3.12/site-packages/airflow/example_dags/example_dynamic_task_mapping_with_no_taskflow_operators.py
[2024-11-11T04:04:20.184+0000] {logging_mixin.py:190} INFO - [2024-11-11T04:04:20.184+0000] {dag.py:3239} INFO - Sync 1 DAGs
[2024-11-11T04:04:20.192+0000] {logging_mixin.py:190} INFO - [2024-11-11T04:04:20.192+0000] {dag.py:4180} INFO - Setting next_dagrun for example_dynamic_task_mapping_with_no_taskflow_operators to None, run_after=None
[2024-11-11T04:04:20.200+0000] {processor.py:208} INFO - Processing /home/airflow/.local/lib/python3.12/site-packages/airflow/example_dags/example_dynamic_task_mapping_with_no_taskflow_operators.py took 0.038 seconds
[2024-11-11T04:04:51.072+0000] {processor.py:186} INFO - Started process (PID=9783) to work on /home/airflow/.local/lib/python3.12/site-packages/airflow/example_dags/example_dynamic_task_mapping_with_no_taskflow_operators.py
[2024-11-11T04:04:51.073+0000] {processor.py:914} INFO - Processing file /home/airflow/.local/lib/python3.12/site-packages/airflow/example_dags/example_dynamic_task_mapping_with_no_taskflow_operators.py for tasks to queue
[2024-11-11T04:04:51.074+0000] {logging_mixin.py:190} INFO - [2024-11-11T04:04:51.074+0000] {dagbag.py:588} INFO - Filling up the DagBag from /home/airflow/.local/lib/python3.12/site-packages/airflow/example_dags/example_dynamic_task_mapping_with_no_taskflow_operators.py
[2024-11-11T04:04:51.080+0000] {processor.py:925} INFO - DAG(s) 'example_dynamic_task_mapping_with_no_taskflow_operators' retrieved from /home/airflow/.local/lib/python3.12/site-packages/airflow/example_dags/example_dynamic_task_mapping_with_no_taskflow_operators.py
[2024-11-11T04:04:51.090+0000] {logging_mixin.py:190} INFO - [2024-11-11T04:04:51.090+0000] {dag.py:3239} INFO - Sync 1 DAGs
[2024-11-11T04:04:51.098+0000] {logging_mixin.py:190} INFO - [2024-11-11T04:04:51.097+0000] {dag.py:4180} INFO - Setting next_dagrun for example_dynamic_task_mapping_with_no_taskflow_operators to None, run_after=None
[2024-11-11T04:04:51.106+0000] {processor.py:208} INFO - Processing /home/airflow/.local/lib/python3.12/site-packages/airflow/example_dags/example_dynamic_task_mapping_with_no_taskflow_operators.py took 0.037 seconds
[2024-11-11T04:05:21.809+0000] {processor.py:186} INFO - Started process (PID=9846) to work on /home/airflow/.local/lib/python3.12/site-packages/airflow/example_dags/example_dynamic_task_mapping_with_no_taskflow_operators.py
[2024-11-11T04:05:21.809+0000] {processor.py:914} INFO - Processing file /home/airflow/.local/lib/python3.12/site-packages/airflow/example_dags/example_dynamic_task_mapping_with_no_taskflow_operators.py for tasks to queue
[2024-11-11T04:05:21.811+0000] {logging_mixin.py:190} INFO - [2024-11-11T04:05:21.811+0000] {dagbag.py:588} INFO - Filling up the DagBag from /home/airflow/.local/lib/python3.12/site-packages/airflow/example_dags/example_dynamic_task_mapping_with_no_taskflow_operators.py
[2024-11-11T04:05:21.816+0000] {processor.py:925} INFO - DAG(s) 'example_dynamic_task_mapping_with_no_taskflow_operators' retrieved from /home/airflow/.local/lib/python3.12/site-packages/airflow/example_dags/example_dynamic_task_mapping_with_no_taskflow_operators.py
[2024-11-11T04:05:21.827+0000] {logging_mixin.py:190} INFO - [2024-11-11T04:05:21.827+0000] {dag.py:3239} INFO - Sync 1 DAGs
[2024-11-11T04:05:21.834+0000] {logging_mixin.py:190} INFO - [2024-11-11T04:05:21.834+0000] {dag.py:4180} INFO - Setting next_dagrun for example_dynamic_task_mapping_with_no_taskflow_operators to None, run_after=None
[2024-11-11T04:05:21.842+0000] {processor.py:208} INFO - Processing /home/airflow/.local/lib/python3.12/site-packages/airflow/example_dags/example_dynamic_task_mapping_with_no_taskflow_operators.py took 0.037 seconds
[2024-11-11T04:05:52.438+0000] {processor.py:186} INFO - Started process (PID=9909) to work on /home/airflow/.local/lib/python3.12/site-packages/airflow/example_dags/example_dynamic_task_mapping_with_no_taskflow_operators.py
[2024-11-11T04:05:52.439+0000] {processor.py:914} INFO - Processing file /home/airflow/.local/lib/python3.12/site-packages/airflow/example_dags/example_dynamic_task_mapping_with_no_taskflow_operators.py for tasks to queue
[2024-11-11T04:05:52.441+0000] {logging_mixin.py:190} INFO - [2024-11-11T04:05:52.440+0000] {dagbag.py:588} INFO - Filling up the DagBag from /home/airflow/.local/lib/python3.12/site-packages/airflow/example_dags/example_dynamic_task_mapping_with_no_taskflow_operators.py
[2024-11-11T04:05:52.446+0000] {processor.py:925} INFO - DAG(s) 'example_dynamic_task_mapping_with_no_taskflow_operators' retrieved from /home/airflow/.local/lib/python3.12/site-packages/airflow/example_dags/example_dynamic_task_mapping_with_no_taskflow_operators.py
[2024-11-11T04:05:52.457+0000] {logging_mixin.py:190} INFO - [2024-11-11T04:05:52.457+0000] {dag.py:3239} INFO - Sync 1 DAGs
[2024-11-11T04:05:52.464+0000] {logging_mixin.py:190} INFO - [2024-11-11T04:05:52.464+0000] {dag.py:4180} INFO - Setting next_dagrun for example_dynamic_task_mapping_with_no_taskflow_operators to None, run_after=None
[2024-11-11T04:05:52.473+0000] {processor.py:208} INFO - Processing /home/airflow/.local/lib/python3.12/site-packages/airflow/example_dags/example_dynamic_task_mapping_with_no_taskflow_operators.py took 0.039 seconds
[2024-11-11T04:06:23.215+0000] {processor.py:186} INFO - Started process (PID=9972) to work on /home/airflow/.local/lib/python3.12/site-packages/airflow/example_dags/example_dynamic_task_mapping_with_no_taskflow_operators.py
[2024-11-11T04:06:23.215+0000] {processor.py:914} INFO - Processing file /home/airflow/.local/lib/python3.12/site-packages/airflow/example_dags/example_dynamic_task_mapping_with_no_taskflow_operators.py for tasks to queue
[2024-11-11T04:06:23.217+0000] {logging_mixin.py:190} INFO - [2024-11-11T04:06:23.217+0000] {dagbag.py:588} INFO - Filling up the DagBag from /home/airflow/.local/lib/python3.12/site-packages/airflow/example_dags/example_dynamic_task_mapping_with_no_taskflow_operators.py
[2024-11-11T04:06:23.222+0000] {processor.py:925} INFO - DAG(s) 'example_dynamic_task_mapping_with_no_taskflow_operators' retrieved from /home/airflow/.local/lib/python3.12/site-packages/airflow/example_dags/example_dynamic_task_mapping_with_no_taskflow_operators.py
[2024-11-11T04:06:23.232+0000] {logging_mixin.py:190} INFO - [2024-11-11T04:06:23.232+0000] {dag.py:3239} INFO - Sync 1 DAGs
[2024-11-11T04:06:23.239+0000] {logging_mixin.py:190} INFO - [2024-11-11T04:06:23.239+0000] {dag.py:4180} INFO - Setting next_dagrun for example_dynamic_task_mapping_with_no_taskflow_operators to None, run_after=None
[2024-11-11T04:06:23.248+0000] {processor.py:208} INFO - Processing /home/airflow/.local/lib/python3.12/site-packages/airflow/example_dags/example_dynamic_task_mapping_with_no_taskflow_operators.py took 0.036 seconds
[2024-11-11T04:06:54.020+0000] {processor.py:186} INFO - Started process (PID=10035) to work on /home/airflow/.local/lib/python3.12/site-packages/airflow/example_dags/example_dynamic_task_mapping_with_no_taskflow_operators.py
[2024-11-11T04:06:54.021+0000] {processor.py:914} INFO - Processing file /home/airflow/.local/lib/python3.12/site-packages/airflow/example_dags/example_dynamic_task_mapping_with_no_taskflow_operators.py for tasks to queue
[2024-11-11T04:06:54.022+0000] {logging_mixin.py:190} INFO - [2024-11-11T04:06:54.022+0000] {dagbag.py:588} INFO - Filling up the DagBag from /home/airflow/.local/lib/python3.12/site-packages/airflow/example_dags/example_dynamic_task_mapping_with_no_taskflow_operators.py
[2024-11-11T04:06:54.028+0000] {processor.py:925} INFO - DAG(s) 'example_dynamic_task_mapping_with_no_taskflow_operators' retrieved from /home/airflow/.local/lib/python3.12/site-packages/airflow/example_dags/example_dynamic_task_mapping_with_no_taskflow_operators.py
[2024-11-11T04:06:54.038+0000] {logging_mixin.py:190} INFO - [2024-11-11T04:06:54.038+0000] {dag.py:3239} INFO - Sync 1 DAGs
[2024-11-11T04:06:54.046+0000] {logging_mixin.py:190} INFO - [2024-11-11T04:06:54.046+0000] {dag.py:4180} INFO - Setting next_dagrun for example_dynamic_task_mapping_with_no_taskflow_operators to None, run_after=None
[2024-11-11T04:06:54.055+0000] {processor.py:208} INFO - Processing /home/airflow/.local/lib/python3.12/site-packages/airflow/example_dags/example_dynamic_task_mapping_with_no_taskflow_operators.py took 0.038 seconds
[2024-11-11T04:07:24.772+0000] {processor.py:186} INFO - Started process (PID=10098) to work on /home/airflow/.local/lib/python3.12/site-packages/airflow/example_dags/example_dynamic_task_mapping_with_no_taskflow_operators.py
[2024-11-11T04:07:24.772+0000] {processor.py:914} INFO - Processing file /home/airflow/.local/lib/python3.12/site-packages/airflow/example_dags/example_dynamic_task_mapping_with_no_taskflow_operators.py for tasks to queue
[2024-11-11T04:07:24.774+0000] {logging_mixin.py:190} INFO - [2024-11-11T04:07:24.774+0000] {dagbag.py:588} INFO - Filling up the DagBag from /home/airflow/.local/lib/python3.12/site-packages/airflow/example_dags/example_dynamic_task_mapping_with_no_taskflow_operators.py
[2024-11-11T04:07:24.779+0000] {processor.py:925} INFO - DAG(s) 'example_dynamic_task_mapping_with_no_taskflow_operators' retrieved from /home/airflow/.local/lib/python3.12/site-packages/airflow/example_dags/example_dynamic_task_mapping_with_no_taskflow_operators.py
[2024-11-11T04:07:24.789+0000] {logging_mixin.py:190} INFO - [2024-11-11T04:07:24.789+0000] {dag.py:3239} INFO - Sync 1 DAGs
[2024-11-11T04:07:24.797+0000] {logging_mixin.py:190} INFO - [2024-11-11T04:07:24.796+0000] {dag.py:4180} INFO - Setting next_dagrun for example_dynamic_task_mapping_with_no_taskflow_operators to None, run_after=None
[2024-11-11T04:07:24.804+0000] {processor.py:208} INFO - Processing /home/airflow/.local/lib/python3.12/site-packages/airflow/example_dags/example_dynamic_task_mapping_with_no_taskflow_operators.py took 0.036 seconds
[2024-11-11T04:07:55.632+0000] {processor.py:186} INFO - Started process (PID=10161) to work on /home/airflow/.local/lib/python3.12/site-packages/airflow/example_dags/example_dynamic_task_mapping_with_no_taskflow_operators.py
[2024-11-11T04:07:55.632+0000] {processor.py:914} INFO - Processing file /home/airflow/.local/lib/python3.12/site-packages/airflow/example_dags/example_dynamic_task_mapping_with_no_taskflow_operators.py for tasks to queue
[2024-11-11T04:07:55.634+0000] {logging_mixin.py:190} INFO - [2024-11-11T04:07:55.634+0000] {dagbag.py:588} INFO - Filling up the DagBag from /home/airflow/.local/lib/python3.12/site-packages/airflow/example_dags/example_dynamic_task_mapping_with_no_taskflow_operators.py
[2024-11-11T04:07:55.639+0000] {processor.py:925} INFO - DAG(s) 'example_dynamic_task_mapping_with_no_taskflow_operators' retrieved from /home/airflow/.local/lib/python3.12/site-packages/airflow/example_dags/example_dynamic_task_mapping_with_no_taskflow_operators.py
[2024-11-11T04:07:55.650+0000] {logging_mixin.py:190} INFO - [2024-11-11T04:07:55.650+0000] {dag.py:3239} INFO - Sync 1 DAGs
[2024-11-11T04:07:55.657+0000] {logging_mixin.py:190} INFO - [2024-11-11T04:07:55.657+0000] {dag.py:4180} INFO - Setting next_dagrun for example_dynamic_task_mapping_with_no_taskflow_operators to None, run_after=None
[2024-11-11T04:07:55.665+0000] {processor.py:208} INFO - Processing /home/airflow/.local/lib/python3.12/site-packages/airflow/example_dags/example_dynamic_task_mapping_with_no_taskflow_operators.py took 0.037 seconds
[2024-11-11T04:08:26.482+0000] {processor.py:186} INFO - Started process (PID=10224) to work on /home/airflow/.local/lib/python3.12/site-packages/airflow/example_dags/example_dynamic_task_mapping_with_no_taskflow_operators.py
[2024-11-11T04:08:26.483+0000] {processor.py:914} INFO - Processing file /home/airflow/.local/lib/python3.12/site-packages/airflow/example_dags/example_dynamic_task_mapping_with_no_taskflow_operators.py for tasks to queue
[2024-11-11T04:08:26.484+0000] {logging_mixin.py:190} INFO - [2024-11-11T04:08:26.484+0000] {dagbag.py:588} INFO - Filling up the DagBag from /home/airflow/.local/lib/python3.12/site-packages/airflow/example_dags/example_dynamic_task_mapping_with_no_taskflow_operators.py
[2024-11-11T04:08:26.490+0000] {processor.py:925} INFO - DAG(s) 'example_dynamic_task_mapping_with_no_taskflow_operators' retrieved from /home/airflow/.local/lib/python3.12/site-packages/airflow/example_dags/example_dynamic_task_mapping_with_no_taskflow_operators.py
[2024-11-11T04:08:26.500+0000] {logging_mixin.py:190} INFO - [2024-11-11T04:08:26.500+0000] {dag.py:3239} INFO - Sync 1 DAGs
[2024-11-11T04:08:26.507+0000] {logging_mixin.py:190} INFO - [2024-11-11T04:08:26.507+0000] {dag.py:4180} INFO - Setting next_dagrun for example_dynamic_task_mapping_with_no_taskflow_operators to None, run_after=None
[2024-11-11T04:08:26.515+0000] {processor.py:208} INFO - Processing /home/airflow/.local/lib/python3.12/site-packages/airflow/example_dags/example_dynamic_task_mapping_with_no_taskflow_operators.py took 0.036 seconds
[2024-11-11T04:08:57.068+0000] {processor.py:186} INFO - Started process (PID=10287) to work on /home/airflow/.local/lib/python3.12/site-packages/airflow/example_dags/example_dynamic_task_mapping_with_no_taskflow_operators.py
[2024-11-11T04:08:57.069+0000] {processor.py:914} INFO - Processing file /home/airflow/.local/lib/python3.12/site-packages/airflow/example_dags/example_dynamic_task_mapping_with_no_taskflow_operators.py for tasks to queue
[2024-11-11T04:08:57.071+0000] {logging_mixin.py:190} INFO - [2024-11-11T04:08:57.070+0000] {dagbag.py:588} INFO - Filling up the DagBag from /home/airflow/.local/lib/python3.12/site-packages/airflow/example_dags/example_dynamic_task_mapping_with_no_taskflow_operators.py
[2024-11-11T04:08:57.076+0000] {processor.py:925} INFO - DAG(s) 'example_dynamic_task_mapping_with_no_taskflow_operators' retrieved from /home/airflow/.local/lib/python3.12/site-packages/airflow/example_dags/example_dynamic_task_mapping_with_no_taskflow_operators.py
[2024-11-11T04:08:57.086+0000] {logging_mixin.py:190} INFO - [2024-11-11T04:08:57.086+0000] {dag.py:3239} INFO - Sync 1 DAGs
[2024-11-11T04:08:57.093+0000] {logging_mixin.py:190} INFO - [2024-11-11T04:08:57.093+0000] {dag.py:4180} INFO - Setting next_dagrun for example_dynamic_task_mapping_with_no_taskflow_operators to None, run_after=None
[2024-11-11T04:08:57.102+0000] {processor.py:208} INFO - Processing /home/airflow/.local/lib/python3.12/site-packages/airflow/example_dags/example_dynamic_task_mapping_with_no_taskflow_operators.py took 0.037 seconds
[2024-11-11T04:09:27.631+0000] {processor.py:186} INFO - Started process (PID=10350) to work on /home/airflow/.local/lib/python3.12/site-packages/airflow/example_dags/example_dynamic_task_mapping_with_no_taskflow_operators.py
[2024-11-11T04:09:27.632+0000] {processor.py:914} INFO - Processing file /home/airflow/.local/lib/python3.12/site-packages/airflow/example_dags/example_dynamic_task_mapping_with_no_taskflow_operators.py for tasks to queue
[2024-11-11T04:09:27.633+0000] {logging_mixin.py:190} INFO - [2024-11-11T04:09:27.633+0000] {dagbag.py:588} INFO - Filling up the DagBag from /home/airflow/.local/lib/python3.12/site-packages/airflow/example_dags/example_dynamic_task_mapping_with_no_taskflow_operators.py
[2024-11-11T04:09:27.638+0000] {processor.py:925} INFO - DAG(s) 'example_dynamic_task_mapping_with_no_taskflow_operators' retrieved from /home/airflow/.local/lib/python3.12/site-packages/airflow/example_dags/example_dynamic_task_mapping_with_no_taskflow_operators.py
[2024-11-11T04:09:27.648+0000] {logging_mixin.py:190} INFO - [2024-11-11T04:09:27.648+0000] {dag.py:3239} INFO - Sync 1 DAGs
[2024-11-11T04:09:27.655+0000] {logging_mixin.py:190} INFO - [2024-11-11T04:09:27.655+0000] {dag.py:4180} INFO - Setting next_dagrun for example_dynamic_task_mapping_with_no_taskflow_operators to None, run_after=None
[2024-11-11T04:09:27.664+0000] {processor.py:208} INFO - Processing /home/airflow/.local/lib/python3.12/site-packages/airflow/example_dags/example_dynamic_task_mapping_with_no_taskflow_operators.py took 0.036 seconds
[2024-11-11T04:09:59.135+0000] {processor.py:186} INFO - Started process (PID=10413) to work on /home/airflow/.local/lib/python3.12/site-packages/airflow/example_dags/example_dynamic_task_mapping_with_no_taskflow_operators.py
[2024-11-11T04:09:59.136+0000] {processor.py:914} INFO - Processing file /home/airflow/.local/lib/python3.12/site-packages/airflow/example_dags/example_dynamic_task_mapping_with_no_taskflow_operators.py for tasks to queue
[2024-11-11T04:09:59.137+0000] {logging_mixin.py:190} INFO - [2024-11-11T04:09:59.137+0000] {dagbag.py:588} INFO - Filling up the DagBag from /home/airflow/.local/lib/python3.12/site-packages/airflow/example_dags/example_dynamic_task_mapping_with_no_taskflow_operators.py
[2024-11-11T04:09:59.143+0000] {processor.py:925} INFO - DAG(s) 'example_dynamic_task_mapping_with_no_taskflow_operators' retrieved from /home/airflow/.local/lib/python3.12/site-packages/airflow/example_dags/example_dynamic_task_mapping_with_no_taskflow_operators.py
[2024-11-11T04:09:59.154+0000] {logging_mixin.py:190} INFO - [2024-11-11T04:09:59.154+0000] {dag.py:3239} INFO - Sync 1 DAGs
[2024-11-11T04:09:59.161+0000] {logging_mixin.py:190} INFO - [2024-11-11T04:09:59.161+0000] {dag.py:4180} INFO - Setting next_dagrun for example_dynamic_task_mapping_with_no_taskflow_operators to None, run_after=None
[2024-11-11T04:09:59.169+0000] {processor.py:208} INFO - Processing /home/airflow/.local/lib/python3.12/site-packages/airflow/example_dags/example_dynamic_task_mapping_with_no_taskflow_operators.py took 0.038 seconds
[2024-11-11T04:10:30.820+0000] {processor.py:186} INFO - Started process (PID=10476) to work on /home/airflow/.local/lib/python3.12/site-packages/airflow/example_dags/example_dynamic_task_mapping_with_no_taskflow_operators.py
[2024-11-11T04:10:30.820+0000] {processor.py:914} INFO - Processing file /home/airflow/.local/lib/python3.12/site-packages/airflow/example_dags/example_dynamic_task_mapping_with_no_taskflow_operators.py for tasks to queue
[2024-11-11T04:10:30.822+0000] {logging_mixin.py:190} INFO - [2024-11-11T04:10:30.822+0000] {dagbag.py:588} INFO - Filling up the DagBag from /home/airflow/.local/lib/python3.12/site-packages/airflow/example_dags/example_dynamic_task_mapping_with_no_taskflow_operators.py
[2024-11-11T04:10:30.827+0000] {processor.py:925} INFO - DAG(s) 'example_dynamic_task_mapping_with_no_taskflow_operators' retrieved from /home/airflow/.local/lib/python3.12/site-packages/airflow/example_dags/example_dynamic_task_mapping_with_no_taskflow_operators.py
[2024-11-11T04:10:30.837+0000] {logging_mixin.py:190} INFO - [2024-11-11T04:10:30.837+0000] {dag.py:3239} INFO - Sync 1 DAGs
[2024-11-11T04:10:30.939+0000] {logging_mixin.py:190} INFO - [2024-11-11T04:10:30.938+0000] {dag.py:4180} INFO - Setting next_dagrun for example_dynamic_task_mapping_with_no_taskflow_operators to None, run_after=None
[2024-11-11T04:10:30.946+0000] {processor.py:208} INFO - Processing /home/airflow/.local/lib/python3.12/site-packages/airflow/example_dags/example_dynamic_task_mapping_with_no_taskflow_operators.py took 0.129 seconds
[2024-11-11T04:11:01.023+0000] {processor.py:186} INFO - Started process (PID=10539) to work on /home/airflow/.local/lib/python3.12/site-packages/airflow/example_dags/example_dynamic_task_mapping_with_no_taskflow_operators.py
[2024-11-11T04:11:01.024+0000] {processor.py:914} INFO - Processing file /home/airflow/.local/lib/python3.12/site-packages/airflow/example_dags/example_dynamic_task_mapping_with_no_taskflow_operators.py for tasks to queue
[2024-11-11T04:11:01.026+0000] {logging_mixin.py:190} INFO - [2024-11-11T04:11:01.025+0000] {dagbag.py:588} INFO - Filling up the DagBag from /home/airflow/.local/lib/python3.12/site-packages/airflow/example_dags/example_dynamic_task_mapping_with_no_taskflow_operators.py
[2024-11-11T04:11:01.030+0000] {processor.py:925} INFO - DAG(s) 'example_dynamic_task_mapping_with_no_taskflow_operators' retrieved from /home/airflow/.local/lib/python3.12/site-packages/airflow/example_dags/example_dynamic_task_mapping_with_no_taskflow_operators.py
[2024-11-11T04:11:01.040+0000] {logging_mixin.py:190} INFO - [2024-11-11T04:11:01.040+0000] {dag.py:3239} INFO - Sync 1 DAGs
[2024-11-11T04:11:01.047+0000] {logging_mixin.py:190} INFO - [2024-11-11T04:11:01.047+0000] {dag.py:4180} INFO - Setting next_dagrun for example_dynamic_task_mapping_with_no_taskflow_operators to None, run_after=None
[2024-11-11T04:11:01.054+0000] {processor.py:208} INFO - Processing /home/airflow/.local/lib/python3.12/site-packages/airflow/example_dags/example_dynamic_task_mapping_with_no_taskflow_operators.py took 0.034 seconds
[2024-11-11T04:11:31.558+0000] {processor.py:186} INFO - Started process (PID=10602) to work on /home/airflow/.local/lib/python3.12/site-packages/airflow/example_dags/example_dynamic_task_mapping_with_no_taskflow_operators.py
[2024-11-11T04:11:31.558+0000] {processor.py:914} INFO - Processing file /home/airflow/.local/lib/python3.12/site-packages/airflow/example_dags/example_dynamic_task_mapping_with_no_taskflow_operators.py for tasks to queue
[2024-11-11T04:11:31.560+0000] {logging_mixin.py:190} INFO - [2024-11-11T04:11:31.560+0000] {dagbag.py:588} INFO - Filling up the DagBag from /home/airflow/.local/lib/python3.12/site-packages/airflow/example_dags/example_dynamic_task_mapping_with_no_taskflow_operators.py
[2024-11-11T04:11:31.565+0000] {processor.py:925} INFO - DAG(s) 'example_dynamic_task_mapping_with_no_taskflow_operators' retrieved from /home/airflow/.local/lib/python3.12/site-packages/airflow/example_dags/example_dynamic_task_mapping_with_no_taskflow_operators.py
[2024-11-11T04:11:31.575+0000] {logging_mixin.py:190} INFO - [2024-11-11T04:11:31.575+0000] {dag.py:3239} INFO - Sync 1 DAGs
[2024-11-11T04:11:31.583+0000] {logging_mixin.py:190} INFO - [2024-11-11T04:11:31.582+0000] {dag.py:4180} INFO - Setting next_dagrun for example_dynamic_task_mapping_with_no_taskflow_operators to None, run_after=None
[2024-11-11T04:11:31.590+0000] {processor.py:208} INFO - Processing /home/airflow/.local/lib/python3.12/site-packages/airflow/example_dags/example_dynamic_task_mapping_with_no_taskflow_operators.py took 0.036 seconds
[2024-11-11T04:12:03.146+0000] {processor.py:186} INFO - Started process (PID=10665) to work on /home/airflow/.local/lib/python3.12/site-packages/airflow/example_dags/example_dynamic_task_mapping_with_no_taskflow_operators.py
[2024-11-11T04:12:03.147+0000] {processor.py:914} INFO - Processing file /home/airflow/.local/lib/python3.12/site-packages/airflow/example_dags/example_dynamic_task_mapping_with_no_taskflow_operators.py for tasks to queue
[2024-11-11T04:12:03.148+0000] {logging_mixin.py:190} INFO - [2024-11-11T04:12:03.148+0000] {dagbag.py:588} INFO - Filling up the DagBag from /home/airflow/.local/lib/python3.12/site-packages/airflow/example_dags/example_dynamic_task_mapping_with_no_taskflow_operators.py
[2024-11-11T04:12:03.153+0000] {processor.py:925} INFO - DAG(s) 'example_dynamic_task_mapping_with_no_taskflow_operators' retrieved from /home/airflow/.local/lib/python3.12/site-packages/airflow/example_dags/example_dynamic_task_mapping_with_no_taskflow_operators.py
[2024-11-11T04:12:03.263+0000] {logging_mixin.py:190} INFO - [2024-11-11T04:12:03.263+0000] {dag.py:3239} INFO - Sync 1 DAGs
[2024-11-11T04:12:03.268+0000] {logging_mixin.py:190} INFO - [2024-11-11T04:12:03.268+0000] {dag.py:4180} INFO - Setting next_dagrun for example_dynamic_task_mapping_with_no_taskflow_operators to None, run_after=None
[2024-11-11T04:12:03.275+0000] {processor.py:208} INFO - Processing /home/airflow/.local/lib/python3.12/site-packages/airflow/example_dags/example_dynamic_task_mapping_with_no_taskflow_operators.py took 0.132 seconds
[2024-11-11T04:12:33.776+0000] {processor.py:186} INFO - Started process (PID=10728) to work on /home/airflow/.local/lib/python3.12/site-packages/airflow/example_dags/example_dynamic_task_mapping_with_no_taskflow_operators.py
[2024-11-11T04:12:33.776+0000] {processor.py:914} INFO - Processing file /home/airflow/.local/lib/python3.12/site-packages/airflow/example_dags/example_dynamic_task_mapping_with_no_taskflow_operators.py for tasks to queue
[2024-11-11T04:12:33.778+0000] {logging_mixin.py:190} INFO - [2024-11-11T04:12:33.778+0000] {dagbag.py:588} INFO - Filling up the DagBag from /home/airflow/.local/lib/python3.12/site-packages/airflow/example_dags/example_dynamic_task_mapping_with_no_taskflow_operators.py
[2024-11-11T04:12:33.783+0000] {processor.py:925} INFO - DAG(s) 'example_dynamic_task_mapping_with_no_taskflow_operators' retrieved from /home/airflow/.local/lib/python3.12/site-packages/airflow/example_dags/example_dynamic_task_mapping_with_no_taskflow_operators.py
[2024-11-11T04:12:33.794+0000] {logging_mixin.py:190} INFO - [2024-11-11T04:12:33.794+0000] {dag.py:3239} INFO - Sync 1 DAGs
[2024-11-11T04:12:33.801+0000] {logging_mixin.py:190} INFO - [2024-11-11T04:12:33.801+0000] {dag.py:4180} INFO - Setting next_dagrun for example_dynamic_task_mapping_with_no_taskflow_operators to None, run_after=None
[2024-11-11T04:12:33.809+0000] {processor.py:208} INFO - Processing /home/airflow/.local/lib/python3.12/site-packages/airflow/example_dags/example_dynamic_task_mapping_with_no_taskflow_operators.py took 0.036 seconds
[2024-11-11T04:13:04.235+0000] {processor.py:186} INFO - Started process (PID=10791) to work on /home/airflow/.local/lib/python3.12/site-packages/airflow/example_dags/example_dynamic_task_mapping_with_no_taskflow_operators.py
[2024-11-11T04:13:04.236+0000] {processor.py:914} INFO - Processing file /home/airflow/.local/lib/python3.12/site-packages/airflow/example_dags/example_dynamic_task_mapping_with_no_taskflow_operators.py for tasks to queue
[2024-11-11T04:13:04.237+0000] {logging_mixin.py:190} INFO - [2024-11-11T04:13:04.237+0000] {dagbag.py:588} INFO - Filling up the DagBag from /home/airflow/.local/lib/python3.12/site-packages/airflow/example_dags/example_dynamic_task_mapping_with_no_taskflow_operators.py
[2024-11-11T04:13:04.242+0000] {processor.py:925} INFO - DAG(s) 'example_dynamic_task_mapping_with_no_taskflow_operators' retrieved from /home/airflow/.local/lib/python3.12/site-packages/airflow/example_dags/example_dynamic_task_mapping_with_no_taskflow_operators.py
[2024-11-11T04:13:04.252+0000] {logging_mixin.py:190} INFO - [2024-11-11T04:13:04.252+0000] {dag.py:3239} INFO - Sync 1 DAGs
[2024-11-11T04:13:04.258+0000] {logging_mixin.py:190} INFO - [2024-11-11T04:13:04.258+0000] {dag.py:4180} INFO - Setting next_dagrun for example_dynamic_task_mapping_with_no_taskflow_operators to None, run_after=None
[2024-11-11T04:13:04.266+0000] {processor.py:208} INFO - Processing /home/airflow/.local/lib/python3.12/site-packages/airflow/example_dags/example_dynamic_task_mapping_with_no_taskflow_operators.py took 0.034 seconds
[2024-11-11T04:13:35.087+0000] {processor.py:186} INFO - Started process (PID=10854) to work on /home/airflow/.local/lib/python3.12/site-packages/airflow/example_dags/example_dynamic_task_mapping_with_no_taskflow_operators.py
[2024-11-11T04:13:35.088+0000] {processor.py:914} INFO - Processing file /home/airflow/.local/lib/python3.12/site-packages/airflow/example_dags/example_dynamic_task_mapping_with_no_taskflow_operators.py for tasks to queue
[2024-11-11T04:13:35.093+0000] {logging_mixin.py:190} INFO - [2024-11-11T04:13:35.093+0000] {dagbag.py:588} INFO - Filling up the DagBag from /home/airflow/.local/lib/python3.12/site-packages/airflow/example_dags/example_dynamic_task_mapping_with_no_taskflow_operators.py
[2024-11-11T04:13:35.099+0000] {processor.py:925} INFO - DAG(s) 'example_dynamic_task_mapping_with_no_taskflow_operators' retrieved from /home/airflow/.local/lib/python3.12/site-packages/airflow/example_dags/example_dynamic_task_mapping_with_no_taskflow_operators.py
[2024-11-11T04:13:35.109+0000] {logging_mixin.py:190} INFO - [2024-11-11T04:13:35.109+0000] {dag.py:3239} INFO - Sync 1 DAGs
[2024-11-11T04:13:35.116+0000] {logging_mixin.py:190} INFO - [2024-11-11T04:13:35.116+0000] {dag.py:4180} INFO - Setting next_dagrun for example_dynamic_task_mapping_with_no_taskflow_operators to None, run_after=None
[2024-11-11T04:13:35.124+0000] {processor.py:208} INFO - Processing /home/airflow/.local/lib/python3.12/site-packages/airflow/example_dags/example_dynamic_task_mapping_with_no_taskflow_operators.py took 0.041 seconds
[2024-11-11T04:47:36.527+0000] {processor.py:186} INFO - Started process (PID=10917) to work on /home/airflow/.local/lib/python3.12/site-packages/airflow/example_dags/example_dynamic_task_mapping_with_no_taskflow_operators.py
[2024-11-11T04:47:36.528+0000] {processor.py:914} INFO - Processing file /home/airflow/.local/lib/python3.12/site-packages/airflow/example_dags/example_dynamic_task_mapping_with_no_taskflow_operators.py for tasks to queue
[2024-11-11T04:47:36.529+0000] {logging_mixin.py:190} INFO - [2024-11-11T04:47:36.529+0000] {dagbag.py:588} INFO - Filling up the DagBag from /home/airflow/.local/lib/python3.12/site-packages/airflow/example_dags/example_dynamic_task_mapping_with_no_taskflow_operators.py
[2024-11-11T04:47:36.535+0000] {processor.py:925} INFO - DAG(s) 'example_dynamic_task_mapping_with_no_taskflow_operators' retrieved from /home/airflow/.local/lib/python3.12/site-packages/airflow/example_dags/example_dynamic_task_mapping_with_no_taskflow_operators.py
[2024-11-11T04:47:36.545+0000] {logging_mixin.py:190} INFO - [2024-11-11T04:47:36.545+0000] {dag.py:3239} INFO - Sync 1 DAGs
[2024-11-11T04:47:36.552+0000] {logging_mixin.py:190} INFO - [2024-11-11T04:47:36.552+0000] {dag.py:4180} INFO - Setting next_dagrun for example_dynamic_task_mapping_with_no_taskflow_operators to None, run_after=None
[2024-11-11T04:47:36.561+0000] {processor.py:208} INFO - Processing /home/airflow/.local/lib/python3.12/site-packages/airflow/example_dags/example_dynamic_task_mapping_with_no_taskflow_operators.py took 0.037 seconds
[2024-11-11T05:54:20.795+0000] {processor.py:186} INFO - Started process (PID=10979) to work on /home/airflow/.local/lib/python3.12/site-packages/airflow/example_dags/example_dynamic_task_mapping_with_no_taskflow_operators.py
[2024-11-11T05:54:20.796+0000] {processor.py:914} INFO - Processing file /home/airflow/.local/lib/python3.12/site-packages/airflow/example_dags/example_dynamic_task_mapping_with_no_taskflow_operators.py for tasks to queue
[2024-11-11T05:54:20.797+0000] {logging_mixin.py:190} INFO - [2024-11-11T05:54:20.797+0000] {dagbag.py:588} INFO - Filling up the DagBag from /home/airflow/.local/lib/python3.12/site-packages/airflow/example_dags/example_dynamic_task_mapping_with_no_taskflow_operators.py
[2024-11-11T05:54:20.803+0000] {processor.py:925} INFO - DAG(s) 'example_dynamic_task_mapping_with_no_taskflow_operators' retrieved from /home/airflow/.local/lib/python3.12/site-packages/airflow/example_dags/example_dynamic_task_mapping_with_no_taskflow_operators.py
[2024-11-11T05:54:20.814+0000] {logging_mixin.py:190} INFO - [2024-11-11T05:54:20.813+0000] {dag.py:3239} INFO - Sync 1 DAGs
[2024-11-11T05:54:20.821+0000] {logging_mixin.py:190} INFO - [2024-11-11T05:54:20.820+0000] {dag.py:4180} INFO - Setting next_dagrun for example_dynamic_task_mapping_with_no_taskflow_operators to None, run_after=None
[2024-11-11T05:54:20.829+0000] {processor.py:208} INFO - Processing /home/airflow/.local/lib/python3.12/site-packages/airflow/example_dags/example_dynamic_task_mapping_with_no_taskflow_operators.py took 0.037 seconds
[2024-11-11T05:54:51.116+0000] {processor.py:186} INFO - Started process (PID=11042) to work on /home/airflow/.local/lib/python3.12/site-packages/airflow/example_dags/example_dynamic_task_mapping_with_no_taskflow_operators.py
[2024-11-11T05:54:51.117+0000] {processor.py:914} INFO - Processing file /home/airflow/.local/lib/python3.12/site-packages/airflow/example_dags/example_dynamic_task_mapping_with_no_taskflow_operators.py for tasks to queue
[2024-11-11T05:54:51.118+0000] {logging_mixin.py:190} INFO - [2024-11-11T05:54:51.118+0000] {dagbag.py:588} INFO - Filling up the DagBag from /home/airflow/.local/lib/python3.12/site-packages/airflow/example_dags/example_dynamic_task_mapping_with_no_taskflow_operators.py
[2024-11-11T05:54:51.123+0000] {processor.py:925} INFO - DAG(s) 'example_dynamic_task_mapping_with_no_taskflow_operators' retrieved from /home/airflow/.local/lib/python3.12/site-packages/airflow/example_dags/example_dynamic_task_mapping_with_no_taskflow_operators.py
[2024-11-11T05:54:51.134+0000] {logging_mixin.py:190} INFO - [2024-11-11T05:54:51.134+0000] {dag.py:3239} INFO - Sync 1 DAGs
[2024-11-11T05:54:51.142+0000] {logging_mixin.py:190} INFO - [2024-11-11T05:54:51.142+0000] {dag.py:4180} INFO - Setting next_dagrun for example_dynamic_task_mapping_with_no_taskflow_operators to None, run_after=None
[2024-11-11T05:54:51.150+0000] {processor.py:208} INFO - Processing /home/airflow/.local/lib/python3.12/site-packages/airflow/example_dags/example_dynamic_task_mapping_with_no_taskflow_operators.py took 0.038 seconds
[2024-11-11T05:55:21.518+0000] {processor.py:186} INFO - Started process (PID=11105) to work on /home/airflow/.local/lib/python3.12/site-packages/airflow/example_dags/example_dynamic_task_mapping_with_no_taskflow_operators.py
[2024-11-11T05:55:21.519+0000] {processor.py:914} INFO - Processing file /home/airflow/.local/lib/python3.12/site-packages/airflow/example_dags/example_dynamic_task_mapping_with_no_taskflow_operators.py for tasks to queue
[2024-11-11T05:55:21.520+0000] {logging_mixin.py:190} INFO - [2024-11-11T05:55:21.520+0000] {dagbag.py:588} INFO - Filling up the DagBag from /home/airflow/.local/lib/python3.12/site-packages/airflow/example_dags/example_dynamic_task_mapping_with_no_taskflow_operators.py
[2024-11-11T05:55:21.525+0000] {processor.py:925} INFO - DAG(s) 'example_dynamic_task_mapping_with_no_taskflow_operators' retrieved from /home/airflow/.local/lib/python3.12/site-packages/airflow/example_dags/example_dynamic_task_mapping_with_no_taskflow_operators.py
[2024-11-11T05:55:21.535+0000] {logging_mixin.py:190} INFO - [2024-11-11T05:55:21.535+0000] {dag.py:3239} INFO - Sync 1 DAGs
[2024-11-11T05:55:21.543+0000] {logging_mixin.py:190} INFO - [2024-11-11T05:55:21.543+0000] {dag.py:4180} INFO - Setting next_dagrun for example_dynamic_task_mapping_with_no_taskflow_operators to None, run_after=None
[2024-11-11T05:55:21.552+0000] {processor.py:208} INFO - Processing /home/airflow/.local/lib/python3.12/site-packages/airflow/example_dags/example_dynamic_task_mapping_with_no_taskflow_operators.py took 0.038 seconds
[2024-11-11T05:55:52.114+0000] {processor.py:186} INFO - Started process (PID=11168) to work on /home/airflow/.local/lib/python3.12/site-packages/airflow/example_dags/example_dynamic_task_mapping_with_no_taskflow_operators.py
[2024-11-11T05:55:52.114+0000] {processor.py:914} INFO - Processing file /home/airflow/.local/lib/python3.12/site-packages/airflow/example_dags/example_dynamic_task_mapping_with_no_taskflow_operators.py for tasks to queue
[2024-11-11T05:55:52.116+0000] {logging_mixin.py:190} INFO - [2024-11-11T05:55:52.115+0000] {dagbag.py:588} INFO - Filling up the DagBag from /home/airflow/.local/lib/python3.12/site-packages/airflow/example_dags/example_dynamic_task_mapping_with_no_taskflow_operators.py
[2024-11-11T05:55:52.121+0000] {processor.py:925} INFO - DAG(s) 'example_dynamic_task_mapping_with_no_taskflow_operators' retrieved from /home/airflow/.local/lib/python3.12/site-packages/airflow/example_dags/example_dynamic_task_mapping_with_no_taskflow_operators.py
[2024-11-11T05:55:52.130+0000] {logging_mixin.py:190} INFO - [2024-11-11T05:55:52.130+0000] {dag.py:3239} INFO - Sync 1 DAGs
[2024-11-11T05:55:52.137+0000] {logging_mixin.py:190} INFO - [2024-11-11T05:55:52.137+0000] {dag.py:4180} INFO - Setting next_dagrun for example_dynamic_task_mapping_with_no_taskflow_operators to None, run_after=None
[2024-11-11T05:55:52.144+0000] {processor.py:208} INFO - Processing /home/airflow/.local/lib/python3.12/site-packages/airflow/example_dags/example_dynamic_task_mapping_with_no_taskflow_operators.py took 0.034 seconds
[2024-11-11T05:56:22.599+0000] {processor.py:186} INFO - Started process (PID=11231) to work on /home/airflow/.local/lib/python3.12/site-packages/airflow/example_dags/example_dynamic_task_mapping_with_no_taskflow_operators.py
[2024-11-11T05:56:22.600+0000] {processor.py:914} INFO - Processing file /home/airflow/.local/lib/python3.12/site-packages/airflow/example_dags/example_dynamic_task_mapping_with_no_taskflow_operators.py for tasks to queue
[2024-11-11T05:56:22.602+0000] {logging_mixin.py:190} INFO - [2024-11-11T05:56:22.601+0000] {dagbag.py:588} INFO - Filling up the DagBag from /home/airflow/.local/lib/python3.12/site-packages/airflow/example_dags/example_dynamic_task_mapping_with_no_taskflow_operators.py
[2024-11-11T05:56:22.607+0000] {processor.py:925} INFO - DAG(s) 'example_dynamic_task_mapping_with_no_taskflow_operators' retrieved from /home/airflow/.local/lib/python3.12/site-packages/airflow/example_dags/example_dynamic_task_mapping_with_no_taskflow_operators.py
[2024-11-11T05:56:22.618+0000] {logging_mixin.py:190} INFO - [2024-11-11T05:56:22.618+0000] {dag.py:3239} INFO - Sync 1 DAGs
[2024-11-11T05:56:22.626+0000] {logging_mixin.py:190} INFO - [2024-11-11T05:56:22.626+0000] {dag.py:4180} INFO - Setting next_dagrun for example_dynamic_task_mapping_with_no_taskflow_operators to None, run_after=None
[2024-11-11T05:56:22.635+0000] {processor.py:208} INFO - Processing /home/airflow/.local/lib/python3.12/site-packages/airflow/example_dags/example_dynamic_task_mapping_with_no_taskflow_operators.py took 0.040 seconds
[2024-11-11T05:56:52.894+0000] {processor.py:186} INFO - Started process (PID=11294) to work on /home/airflow/.local/lib/python3.12/site-packages/airflow/example_dags/example_dynamic_task_mapping_with_no_taskflow_operators.py
[2024-11-11T05:56:52.895+0000] {processor.py:914} INFO - Processing file /home/airflow/.local/lib/python3.12/site-packages/airflow/example_dags/example_dynamic_task_mapping_with_no_taskflow_operators.py for tasks to queue
[2024-11-11T05:56:52.896+0000] {logging_mixin.py:190} INFO - [2024-11-11T05:56:52.896+0000] {dagbag.py:588} INFO - Filling up the DagBag from /home/airflow/.local/lib/python3.12/site-packages/airflow/example_dags/example_dynamic_task_mapping_with_no_taskflow_operators.py
[2024-11-11T05:56:52.901+0000] {processor.py:925} INFO - DAG(s) 'example_dynamic_task_mapping_with_no_taskflow_operators' retrieved from /home/airflow/.local/lib/python3.12/site-packages/airflow/example_dags/example_dynamic_task_mapping_with_no_taskflow_operators.py
[2024-11-11T05:56:52.913+0000] {logging_mixin.py:190} INFO - [2024-11-11T05:56:52.912+0000] {dag.py:3239} INFO - Sync 1 DAGs
[2024-11-11T05:56:52.920+0000] {logging_mixin.py:190} INFO - [2024-11-11T05:56:52.920+0000] {dag.py:4180} INFO - Setting next_dagrun for example_dynamic_task_mapping_with_no_taskflow_operators to None, run_after=None
[2024-11-11T05:56:52.928+0000] {processor.py:208} INFO - Processing /home/airflow/.local/lib/python3.12/site-packages/airflow/example_dags/example_dynamic_task_mapping_with_no_taskflow_operators.py took 0.037 seconds
