[2024-11-11T02:24:38.120+0000] {processor.py:186} INFO - Started process (PID=67) to work on /home/airflow/.local/lib/python3.12/site-packages/airflow/example_dags/example_sla_dag.py
[2024-11-11T02:24:38.121+0000] {processor.py:914} INFO - Processing file /home/airflow/.local/lib/python3.12/site-packages/airflow/example_dags/example_sla_dag.py for tasks to queue
[2024-11-11T02:24:38.122+0000] {logging_mixin.py:190} INFO - [2024-11-11T02:24:38.122+0000] {dagbag.py:588} INFO - Filling up the DagBag from /home/airflow/.local/lib/python3.12/site-packages/airflow/example_dags/example_sla_dag.py
[2024-11-11T02:24:38.129+0000] {processor.py:925} INFO - DAG(s) 'example_sla_dag' retrieved from /home/airflow/.local/lib/python3.12/site-packages/airflow/example_dags/example_sla_dag.py
[2024-11-11T02:24:38.178+0000] {logging_mixin.py:190} INFO - [2024-11-11T02:24:38.178+0000] {override.py:1911} INFO - Created Permission View: can edit on DAG:example_sla_dag
[2024-11-11T02:24:38.183+0000] {logging_mixin.py:190} INFO - [2024-11-11T02:24:38.183+0000] {override.py:1911} INFO - Created Permission View: can read on DAG:example_sla_dag
[2024-11-11T02:24:38.186+0000] {logging_mixin.py:190} INFO - [2024-11-11T02:24:38.185+0000] {override.py:1911} INFO - Created Permission View: can delete on DAG:example_sla_dag
[2024-11-11T02:24:38.189+0000] {logging_mixin.py:190} INFO - [2024-11-11T02:24:38.189+0000] {override.py:1911} INFO - Created Permission View: can read on DAG Run:example_sla_dag
[2024-11-11T02:24:38.192+0000] {logging_mixin.py:190} INFO - [2024-11-11T02:24:38.192+0000] {override.py:1911} INFO - Created Permission View: can create on DAG Run:example_sla_dag
[2024-11-11T02:24:38.195+0000] {logging_mixin.py:190} INFO - [2024-11-11T02:24:38.195+0000] {override.py:1911} INFO - Created Permission View: can delete on DAG Run:example_sla_dag
[2024-11-11T02:24:38.198+0000] {logging_mixin.py:190} INFO - [2024-11-11T02:24:38.198+0000] {override.py:1911} INFO - Created Permission View: menu access on DAG Run:example_sla_dag
[2024-11-11T02:24:38.198+0000] {logging_mixin.py:190} INFO - [2024-11-11T02:24:38.198+0000] {dag.py:3239} INFO - Sync 1 DAGs
[2024-11-11T02:24:38.205+0000] {logging_mixin.py:190} INFO - [2024-11-11T02:24:38.204+0000] {dag.py:3262} INFO - Creating ORM DAG for example_sla_dag
[2024-11-11T02:24:38.211+0000] {logging_mixin.py:190} INFO - [2024-11-11T02:24:38.210+0000] {dag.py:4180} INFO - Setting next_dagrun for example_sla_dag to 2024-11-11 02:22:00+00:00, run_after=2024-11-11 02:24:00+00:00
[2024-11-11T02:24:38.218+0000] {processor.py:208} INFO - Processing /home/airflow/.local/lib/python3.12/site-packages/airflow/example_dags/example_sla_dag.py took 0.101 seconds
[2024-11-11T02:25:08.699+0000] {processor.py:186} INFO - Started process (PID=130) to work on /home/airflow/.local/lib/python3.12/site-packages/airflow/example_dags/example_sla_dag.py
[2024-11-11T02:25:08.700+0000] {processor.py:914} INFO - Processing file /home/airflow/.local/lib/python3.12/site-packages/airflow/example_dags/example_sla_dag.py for tasks to queue
[2024-11-11T02:25:08.701+0000] {logging_mixin.py:190} INFO - [2024-11-11T02:25:08.701+0000] {dagbag.py:588} INFO - Filling up the DagBag from /home/airflow/.local/lib/python3.12/site-packages/airflow/example_dags/example_sla_dag.py
[2024-11-11T02:25:08.707+0000] {processor.py:925} INFO - DAG(s) 'example_sla_dag' retrieved from /home/airflow/.local/lib/python3.12/site-packages/airflow/example_dags/example_sla_dag.py
[2024-11-11T02:25:08.717+0000] {logging_mixin.py:190} INFO - [2024-11-11T02:25:08.717+0000] {dag.py:3239} INFO - Sync 1 DAGs
[2024-11-11T02:25:08.730+0000] {logging_mixin.py:190} INFO - [2024-11-11T02:25:08.730+0000] {dag.py:4180} INFO - Setting next_dagrun for example_sla_dag to 2024-11-11 02:22:00+00:00, run_after=2024-11-11 02:24:00+00:00
[2024-11-11T02:25:08.739+0000] {processor.py:208} INFO - Processing /home/airflow/.local/lib/python3.12/site-packages/airflow/example_dags/example_sla_dag.py took 0.043 seconds
[2024-11-11T02:25:39.445+0000] {processor.py:186} INFO - Started process (PID=193) to work on /home/airflow/.local/lib/python3.12/site-packages/airflow/example_dags/example_sla_dag.py
[2024-11-11T02:25:39.446+0000] {processor.py:914} INFO - Processing file /home/airflow/.local/lib/python3.12/site-packages/airflow/example_dags/example_sla_dag.py for tasks to queue
[2024-11-11T02:25:39.447+0000] {logging_mixin.py:190} INFO - [2024-11-11T02:25:39.447+0000] {dagbag.py:588} INFO - Filling up the DagBag from /home/airflow/.local/lib/python3.12/site-packages/airflow/example_dags/example_sla_dag.py
[2024-11-11T02:25:39.454+0000] {processor.py:925} INFO - DAG(s) 'example_sla_dag' retrieved from /home/airflow/.local/lib/python3.12/site-packages/airflow/example_dags/example_sla_dag.py
[2024-11-11T02:25:39.465+0000] {logging_mixin.py:190} INFO - [2024-11-11T02:25:39.464+0000] {dag.py:3239} INFO - Sync 1 DAGs
[2024-11-11T02:25:39.477+0000] {logging_mixin.py:190} INFO - [2024-11-11T02:25:39.477+0000] {dag.py:4180} INFO - Setting next_dagrun for example_sla_dag to 2024-11-11 02:22:00+00:00, run_after=2024-11-11 02:24:00+00:00
[2024-11-11T02:25:39.487+0000] {processor.py:208} INFO - Processing /home/airflow/.local/lib/python3.12/site-packages/airflow/example_dags/example_sla_dag.py took 0.045 seconds
[2024-11-11T02:26:10.104+0000] {processor.py:186} INFO - Started process (PID=256) to work on /home/airflow/.local/lib/python3.12/site-packages/airflow/example_dags/example_sla_dag.py
[2024-11-11T02:26:10.105+0000] {processor.py:914} INFO - Processing file /home/airflow/.local/lib/python3.12/site-packages/airflow/example_dags/example_sla_dag.py for tasks to queue
[2024-11-11T02:26:10.106+0000] {logging_mixin.py:190} INFO - [2024-11-11T02:26:10.106+0000] {dagbag.py:588} INFO - Filling up the DagBag from /home/airflow/.local/lib/python3.12/site-packages/airflow/example_dags/example_sla_dag.py
[2024-11-11T02:26:10.112+0000] {processor.py:925} INFO - DAG(s) 'example_sla_dag' retrieved from /home/airflow/.local/lib/python3.12/site-packages/airflow/example_dags/example_sla_dag.py
[2024-11-11T02:26:10.122+0000] {logging_mixin.py:190} INFO - [2024-11-11T02:26:10.122+0000] {dag.py:3239} INFO - Sync 1 DAGs
[2024-11-11T02:26:10.134+0000] {logging_mixin.py:190} INFO - [2024-11-11T02:26:10.134+0000] {dag.py:4180} INFO - Setting next_dagrun for example_sla_dag to 2024-11-11 02:24:00+00:00, run_after=2024-11-11 02:26:00+00:00
[2024-11-11T02:26:10.142+0000] {processor.py:208} INFO - Processing /home/airflow/.local/lib/python3.12/site-packages/airflow/example_dags/example_sla_dag.py took 0.041 seconds
[2024-11-11T02:26:40.723+0000] {processor.py:186} INFO - Started process (PID=319) to work on /home/airflow/.local/lib/python3.12/site-packages/airflow/example_dags/example_sla_dag.py
[2024-11-11T02:26:40.723+0000] {processor.py:914} INFO - Processing file /home/airflow/.local/lib/python3.12/site-packages/airflow/example_dags/example_sla_dag.py for tasks to queue
[2024-11-11T02:26:40.725+0000] {logging_mixin.py:190} INFO - [2024-11-11T02:26:40.725+0000] {dagbag.py:588} INFO - Filling up the DagBag from /home/airflow/.local/lib/python3.12/site-packages/airflow/example_dags/example_sla_dag.py
[2024-11-11T02:26:40.731+0000] {processor.py:925} INFO - DAG(s) 'example_sla_dag' retrieved from /home/airflow/.local/lib/python3.12/site-packages/airflow/example_dags/example_sla_dag.py
[2024-11-11T02:26:40.741+0000] {logging_mixin.py:190} INFO - [2024-11-11T02:26:40.740+0000] {dag.py:3239} INFO - Sync 1 DAGs
[2024-11-11T02:26:40.752+0000] {logging_mixin.py:190} INFO - [2024-11-11T02:26:40.752+0000] {dag.py:4180} INFO - Setting next_dagrun for example_sla_dag to 2024-11-11 02:24:00+00:00, run_after=2024-11-11 02:26:00+00:00
[2024-11-11T02:26:40.760+0000] {processor.py:208} INFO - Processing /home/airflow/.local/lib/python3.12/site-packages/airflow/example_dags/example_sla_dag.py took 0.041 seconds
[2024-11-11T02:27:11.314+0000] {processor.py:186} INFO - Started process (PID=382) to work on /home/airflow/.local/lib/python3.12/site-packages/airflow/example_dags/example_sla_dag.py
[2024-11-11T02:27:11.315+0000] {processor.py:914} INFO - Processing file /home/airflow/.local/lib/python3.12/site-packages/airflow/example_dags/example_sla_dag.py for tasks to queue
[2024-11-11T02:27:11.317+0000] {logging_mixin.py:190} INFO - [2024-11-11T02:27:11.316+0000] {dagbag.py:588} INFO - Filling up the DagBag from /home/airflow/.local/lib/python3.12/site-packages/airflow/example_dags/example_sla_dag.py
[2024-11-11T02:27:11.322+0000] {processor.py:925} INFO - DAG(s) 'example_sla_dag' retrieved from /home/airflow/.local/lib/python3.12/site-packages/airflow/example_dags/example_sla_dag.py
[2024-11-11T02:27:11.332+0000] {logging_mixin.py:190} INFO - [2024-11-11T02:27:11.332+0000] {dag.py:3239} INFO - Sync 1 DAGs
[2024-11-11T02:27:11.344+0000] {logging_mixin.py:190} INFO - [2024-11-11T02:27:11.344+0000] {dag.py:4180} INFO - Setting next_dagrun for example_sla_dag to 2024-11-11 02:24:00+00:00, run_after=2024-11-11 02:26:00+00:00
[2024-11-11T02:27:11.352+0000] {processor.py:208} INFO - Processing /home/airflow/.local/lib/python3.12/site-packages/airflow/example_dags/example_sla_dag.py took 0.041 seconds
[2024-11-11T02:27:41.915+0000] {processor.py:186} INFO - Started process (PID=445) to work on /home/airflow/.local/lib/python3.12/site-packages/airflow/example_dags/example_sla_dag.py
[2024-11-11T02:27:41.916+0000] {processor.py:914} INFO - Processing file /home/airflow/.local/lib/python3.12/site-packages/airflow/example_dags/example_sla_dag.py for tasks to queue
[2024-11-11T02:27:41.918+0000] {logging_mixin.py:190} INFO - [2024-11-11T02:27:41.917+0000] {dagbag.py:588} INFO - Filling up the DagBag from /home/airflow/.local/lib/python3.12/site-packages/airflow/example_dags/example_sla_dag.py
[2024-11-11T02:27:41.923+0000] {processor.py:925} INFO - DAG(s) 'example_sla_dag' retrieved from /home/airflow/.local/lib/python3.12/site-packages/airflow/example_dags/example_sla_dag.py
[2024-11-11T02:27:41.933+0000] {logging_mixin.py:190} INFO - [2024-11-11T02:27:41.933+0000] {dag.py:3239} INFO - Sync 1 DAGs
[2024-11-11T02:27:41.945+0000] {logging_mixin.py:190} INFO - [2024-11-11T02:27:41.945+0000] {dag.py:4180} INFO - Setting next_dagrun for example_sla_dag to 2024-11-11 02:24:00+00:00, run_after=2024-11-11 02:26:00+00:00
[2024-11-11T02:27:41.953+0000] {processor.py:208} INFO - Processing /home/airflow/.local/lib/python3.12/site-packages/airflow/example_dags/example_sla_dag.py took 0.041 seconds
[2024-11-11T02:28:12.562+0000] {processor.py:186} INFO - Started process (PID=508) to work on /home/airflow/.local/lib/python3.12/site-packages/airflow/example_dags/example_sla_dag.py
[2024-11-11T02:28:12.563+0000] {processor.py:914} INFO - Processing file /home/airflow/.local/lib/python3.12/site-packages/airflow/example_dags/example_sla_dag.py for tasks to queue
[2024-11-11T02:28:12.565+0000] {logging_mixin.py:190} INFO - [2024-11-11T02:28:12.565+0000] {dagbag.py:588} INFO - Filling up the DagBag from /home/airflow/.local/lib/python3.12/site-packages/airflow/example_dags/example_sla_dag.py
[2024-11-11T02:28:12.571+0000] {processor.py:925} INFO - DAG(s) 'example_sla_dag' retrieved from /home/airflow/.local/lib/python3.12/site-packages/airflow/example_dags/example_sla_dag.py
[2024-11-11T02:28:12.581+0000] {logging_mixin.py:190} INFO - [2024-11-11T02:28:12.581+0000] {dag.py:3239} INFO - Sync 1 DAGs
[2024-11-11T02:28:12.593+0000] {logging_mixin.py:190} INFO - [2024-11-11T02:28:12.593+0000] {dag.py:4180} INFO - Setting next_dagrun for example_sla_dag to 2024-11-11 02:26:00+00:00, run_after=2024-11-11 02:28:00+00:00
[2024-11-11T02:28:12.601+0000] {processor.py:208} INFO - Processing /home/airflow/.local/lib/python3.12/site-packages/airflow/example_dags/example_sla_dag.py took 0.042 seconds
[2024-11-11T02:28:43.194+0000] {processor.py:186} INFO - Started process (PID=571) to work on /home/airflow/.local/lib/python3.12/site-packages/airflow/example_dags/example_sla_dag.py
[2024-11-11T02:28:43.194+0000] {processor.py:914} INFO - Processing file /home/airflow/.local/lib/python3.12/site-packages/airflow/example_dags/example_sla_dag.py for tasks to queue
[2024-11-11T02:28:43.196+0000] {logging_mixin.py:190} INFO - [2024-11-11T02:28:43.196+0000] {dagbag.py:588} INFO - Filling up the DagBag from /home/airflow/.local/lib/python3.12/site-packages/airflow/example_dags/example_sla_dag.py
[2024-11-11T02:28:43.202+0000] {processor.py:925} INFO - DAG(s) 'example_sla_dag' retrieved from /home/airflow/.local/lib/python3.12/site-packages/airflow/example_dags/example_sla_dag.py
[2024-11-11T02:28:43.212+0000] {logging_mixin.py:190} INFO - [2024-11-11T02:28:43.212+0000] {dag.py:3239} INFO - Sync 1 DAGs
[2024-11-11T02:28:43.224+0000] {logging_mixin.py:190} INFO - [2024-11-11T02:28:43.223+0000] {dag.py:4180} INFO - Setting next_dagrun for example_sla_dag to 2024-11-11 02:26:00+00:00, run_after=2024-11-11 02:28:00+00:00
[2024-11-11T02:28:43.231+0000] {processor.py:208} INFO - Processing /home/airflow/.local/lib/python3.12/site-packages/airflow/example_dags/example_sla_dag.py took 0.041 seconds
[2024-11-11T02:29:13.800+0000] {processor.py:186} INFO - Started process (PID=634) to work on /home/airflow/.local/lib/python3.12/site-packages/airflow/example_dags/example_sla_dag.py
[2024-11-11T02:29:13.801+0000] {processor.py:914} INFO - Processing file /home/airflow/.local/lib/python3.12/site-packages/airflow/example_dags/example_sla_dag.py for tasks to queue
[2024-11-11T02:29:13.803+0000] {logging_mixin.py:190} INFO - [2024-11-11T02:29:13.803+0000] {dagbag.py:588} INFO - Filling up the DagBag from /home/airflow/.local/lib/python3.12/site-packages/airflow/example_dags/example_sla_dag.py
[2024-11-11T02:29:13.809+0000] {processor.py:925} INFO - DAG(s) 'example_sla_dag' retrieved from /home/airflow/.local/lib/python3.12/site-packages/airflow/example_dags/example_sla_dag.py
[2024-11-11T02:29:13.818+0000] {logging_mixin.py:190} INFO - [2024-11-11T02:29:13.818+0000] {dag.py:3239} INFO - Sync 1 DAGs
[2024-11-11T02:29:13.830+0000] {logging_mixin.py:190} INFO - [2024-11-11T02:29:13.830+0000] {dag.py:4180} INFO - Setting next_dagrun for example_sla_dag to 2024-11-11 02:26:00+00:00, run_after=2024-11-11 02:28:00+00:00
[2024-11-11T02:29:13.838+0000] {processor.py:208} INFO - Processing /home/airflow/.local/lib/python3.12/site-packages/airflow/example_dags/example_sla_dag.py took 0.041 seconds
[2024-11-11T02:29:44.618+0000] {processor.py:186} INFO - Started process (PID=697) to work on /home/airflow/.local/lib/python3.12/site-packages/airflow/example_dags/example_sla_dag.py
[2024-11-11T02:29:44.618+0000] {processor.py:914} INFO - Processing file /home/airflow/.local/lib/python3.12/site-packages/airflow/example_dags/example_sla_dag.py for tasks to queue
[2024-11-11T02:29:44.621+0000] {logging_mixin.py:190} INFO - [2024-11-11T02:29:44.620+0000] {dagbag.py:588} INFO - Filling up the DagBag from /home/airflow/.local/lib/python3.12/site-packages/airflow/example_dags/example_sla_dag.py
[2024-11-11T02:29:44.627+0000] {processor.py:925} INFO - DAG(s) 'example_sla_dag' retrieved from /home/airflow/.local/lib/python3.12/site-packages/airflow/example_dags/example_sla_dag.py
[2024-11-11T02:29:44.639+0000] {logging_mixin.py:190} INFO - [2024-11-11T02:29:44.639+0000] {dag.py:3239} INFO - Sync 1 DAGs
[2024-11-11T02:29:44.651+0000] {logging_mixin.py:190} INFO - [2024-11-11T02:29:44.651+0000] {dag.py:4180} INFO - Setting next_dagrun for example_sla_dag to 2024-11-11 02:26:00+00:00, run_after=2024-11-11 02:28:00+00:00
[2024-11-11T02:29:44.661+0000] {processor.py:208} INFO - Processing /home/airflow/.local/lib/python3.12/site-packages/airflow/example_dags/example_sla_dag.py took 0.047 seconds
[2024-11-11T02:30:15.244+0000] {processor.py:186} INFO - Started process (PID=759) to work on /home/airflow/.local/lib/python3.12/site-packages/airflow/example_dags/example_sla_dag.py
[2024-11-11T02:30:15.245+0000] {processor.py:914} INFO - Processing file /home/airflow/.local/lib/python3.12/site-packages/airflow/example_dags/example_sla_dag.py for tasks to queue
[2024-11-11T02:30:15.246+0000] {logging_mixin.py:190} INFO - [2024-11-11T02:30:15.246+0000] {dagbag.py:588} INFO - Filling up the DagBag from /home/airflow/.local/lib/python3.12/site-packages/airflow/example_dags/example_sla_dag.py
[2024-11-11T02:30:15.252+0000] {processor.py:925} INFO - DAG(s) 'example_sla_dag' retrieved from /home/airflow/.local/lib/python3.12/site-packages/airflow/example_dags/example_sla_dag.py
[2024-11-11T02:30:15.262+0000] {logging_mixin.py:190} INFO - [2024-11-11T02:30:15.262+0000] {dag.py:3239} INFO - Sync 1 DAGs
[2024-11-11T02:30:15.274+0000] {logging_mixin.py:190} INFO - [2024-11-11T02:30:15.273+0000] {dag.py:4180} INFO - Setting next_dagrun for example_sla_dag to 2024-11-11 02:28:00+00:00, run_after=2024-11-11 02:30:00+00:00
[2024-11-11T02:30:15.281+0000] {processor.py:208} INFO - Processing /home/airflow/.local/lib/python3.12/site-packages/airflow/example_dags/example_sla_dag.py took 0.041 seconds
[2024-11-11T02:30:45.952+0000] {processor.py:186} INFO - Started process (PID=822) to work on /home/airflow/.local/lib/python3.12/site-packages/airflow/example_dags/example_sla_dag.py
[2024-11-11T02:30:45.952+0000] {processor.py:914} INFO - Processing file /home/airflow/.local/lib/python3.12/site-packages/airflow/example_dags/example_sla_dag.py for tasks to queue
[2024-11-11T02:30:45.954+0000] {logging_mixin.py:190} INFO - [2024-11-11T02:30:45.953+0000] {dagbag.py:588} INFO - Filling up the DagBag from /home/airflow/.local/lib/python3.12/site-packages/airflow/example_dags/example_sla_dag.py
[2024-11-11T02:30:45.959+0000] {processor.py:925} INFO - DAG(s) 'example_sla_dag' retrieved from /home/airflow/.local/lib/python3.12/site-packages/airflow/example_dags/example_sla_dag.py
[2024-11-11T02:30:45.970+0000] {logging_mixin.py:190} INFO - [2024-11-11T02:30:45.969+0000] {dag.py:3239} INFO - Sync 1 DAGs
[2024-11-11T02:30:45.981+0000] {logging_mixin.py:190} INFO - [2024-11-11T02:30:45.981+0000] {dag.py:4180} INFO - Setting next_dagrun for example_sla_dag to 2024-11-11 02:28:00+00:00, run_after=2024-11-11 02:30:00+00:00
[2024-11-11T02:30:45.989+0000] {processor.py:208} INFO - Processing /home/airflow/.local/lib/python3.12/site-packages/airflow/example_dags/example_sla_dag.py took 0.041 seconds
[2024-11-11T02:31:16.442+0000] {processor.py:186} INFO - Started process (PID=894) to work on /home/airflow/.local/lib/python3.12/site-packages/airflow/example_dags/example_sla_dag.py
[2024-11-11T02:31:16.442+0000] {processor.py:914} INFO - Processing file /home/airflow/.local/lib/python3.12/site-packages/airflow/example_dags/example_sla_dag.py for tasks to queue
[2024-11-11T02:31:16.444+0000] {logging_mixin.py:190} INFO - [2024-11-11T02:31:16.444+0000] {dagbag.py:588} INFO - Filling up the DagBag from /home/airflow/.local/lib/python3.12/site-packages/airflow/example_dags/example_sla_dag.py
[2024-11-11T02:31:16.450+0000] {processor.py:925} INFO - DAG(s) 'example_sla_dag' retrieved from /home/airflow/.local/lib/python3.12/site-packages/airflow/example_dags/example_sla_dag.py
[2024-11-11T02:31:16.459+0000] {logging_mixin.py:190} INFO - [2024-11-11T02:31:16.459+0000] {dag.py:3239} INFO - Sync 1 DAGs
[2024-11-11T02:31:16.472+0000] {logging_mixin.py:190} INFO - [2024-11-11T02:31:16.471+0000] {dag.py:4180} INFO - Setting next_dagrun for example_sla_dag to 2024-11-11 02:28:00+00:00, run_after=2024-11-11 02:30:00+00:00
[2024-11-11T02:31:16.480+0000] {processor.py:208} INFO - Processing /home/airflow/.local/lib/python3.12/site-packages/airflow/example_dags/example_sla_dag.py took 0.042 seconds
[2024-11-11T02:31:47.150+0000] {processor.py:186} INFO - Started process (PID=957) to work on /home/airflow/.local/lib/python3.12/site-packages/airflow/example_dags/example_sla_dag.py
[2024-11-11T02:31:47.151+0000] {processor.py:914} INFO - Processing file /home/airflow/.local/lib/python3.12/site-packages/airflow/example_dags/example_sla_dag.py for tasks to queue
[2024-11-11T02:31:47.152+0000] {logging_mixin.py:190} INFO - [2024-11-11T02:31:47.152+0000] {dagbag.py:588} INFO - Filling up the DagBag from /home/airflow/.local/lib/python3.12/site-packages/airflow/example_dags/example_sla_dag.py
[2024-11-11T02:31:47.158+0000] {processor.py:925} INFO - DAG(s) 'example_sla_dag' retrieved from /home/airflow/.local/lib/python3.12/site-packages/airflow/example_dags/example_sla_dag.py
[2024-11-11T02:31:47.167+0000] {logging_mixin.py:190} INFO - [2024-11-11T02:31:47.167+0000] {dag.py:3239} INFO - Sync 1 DAGs
[2024-11-11T02:31:47.178+0000] {logging_mixin.py:190} INFO - [2024-11-11T02:31:47.178+0000] {dag.py:4180} INFO - Setting next_dagrun for example_sla_dag to 2024-11-11 02:28:00+00:00, run_after=2024-11-11 02:30:00+00:00
[2024-11-11T02:31:47.187+0000] {processor.py:208} INFO - Processing /home/airflow/.local/lib/python3.12/site-packages/airflow/example_dags/example_sla_dag.py took 0.040 seconds
[2024-11-11T02:32:17.768+0000] {processor.py:186} INFO - Started process (PID=1019) to work on /home/airflow/.local/lib/python3.12/site-packages/airflow/example_dags/example_sla_dag.py
[2024-11-11T02:32:17.768+0000] {processor.py:914} INFO - Processing file /home/airflow/.local/lib/python3.12/site-packages/airflow/example_dags/example_sla_dag.py for tasks to queue
[2024-11-11T02:32:17.770+0000] {logging_mixin.py:190} INFO - [2024-11-11T02:32:17.769+0000] {dagbag.py:588} INFO - Filling up the DagBag from /home/airflow/.local/lib/python3.12/site-packages/airflow/example_dags/example_sla_dag.py
[2024-11-11T02:32:17.775+0000] {processor.py:925} INFO - DAG(s) 'example_sla_dag' retrieved from /home/airflow/.local/lib/python3.12/site-packages/airflow/example_dags/example_sla_dag.py
[2024-11-11T02:32:17.785+0000] {logging_mixin.py:190} INFO - [2024-11-11T02:32:17.785+0000] {dag.py:3239} INFO - Sync 1 DAGs
[2024-11-11T02:32:17.797+0000] {logging_mixin.py:190} INFO - [2024-11-11T02:32:17.797+0000] {dag.py:4180} INFO - Setting next_dagrun for example_sla_dag to 2024-11-11 02:30:00+00:00, run_after=2024-11-11 02:32:00+00:00
[2024-11-11T02:32:17.805+0000] {processor.py:208} INFO - Processing /home/airflow/.local/lib/python3.12/site-packages/airflow/example_dags/example_sla_dag.py took 0.041 seconds
[2024-11-11T02:32:48.478+0000] {processor.py:186} INFO - Started process (PID=1081) to work on /home/airflow/.local/lib/python3.12/site-packages/airflow/example_dags/example_sla_dag.py
[2024-11-11T02:32:48.479+0000] {processor.py:914} INFO - Processing file /home/airflow/.local/lib/python3.12/site-packages/airflow/example_dags/example_sla_dag.py for tasks to queue
[2024-11-11T02:32:48.480+0000] {logging_mixin.py:190} INFO - [2024-11-11T02:32:48.480+0000] {dagbag.py:588} INFO - Filling up the DagBag from /home/airflow/.local/lib/python3.12/site-packages/airflow/example_dags/example_sla_dag.py
[2024-11-11T02:32:48.486+0000] {processor.py:925} INFO - DAG(s) 'example_sla_dag' retrieved from /home/airflow/.local/lib/python3.12/site-packages/airflow/example_dags/example_sla_dag.py
[2024-11-11T02:32:48.496+0000] {logging_mixin.py:190} INFO - [2024-11-11T02:32:48.495+0000] {dag.py:3239} INFO - Sync 1 DAGs
[2024-11-11T02:32:48.507+0000] {logging_mixin.py:190} INFO - [2024-11-11T02:32:48.507+0000] {dag.py:4180} INFO - Setting next_dagrun for example_sla_dag to 2024-11-11 02:30:00+00:00, run_after=2024-11-11 02:32:00+00:00
[2024-11-11T02:32:48.515+0000] {processor.py:208} INFO - Processing /home/airflow/.local/lib/python3.12/site-packages/airflow/example_dags/example_sla_dag.py took 0.041 seconds
[2024-11-11T02:33:19.135+0000] {processor.py:186} INFO - Started process (PID=1144) to work on /home/airflow/.local/lib/python3.12/site-packages/airflow/example_dags/example_sla_dag.py
[2024-11-11T02:33:19.136+0000] {processor.py:914} INFO - Processing file /home/airflow/.local/lib/python3.12/site-packages/airflow/example_dags/example_sla_dag.py for tasks to queue
[2024-11-11T02:33:19.137+0000] {logging_mixin.py:190} INFO - [2024-11-11T02:33:19.137+0000] {dagbag.py:588} INFO - Filling up the DagBag from /home/airflow/.local/lib/python3.12/site-packages/airflow/example_dags/example_sla_dag.py
[2024-11-11T02:33:19.143+0000] {processor.py:925} INFO - DAG(s) 'example_sla_dag' retrieved from /home/airflow/.local/lib/python3.12/site-packages/airflow/example_dags/example_sla_dag.py
[2024-11-11T02:33:19.154+0000] {logging_mixin.py:190} INFO - [2024-11-11T02:33:19.154+0000] {dag.py:3239} INFO - Sync 1 DAGs
[2024-11-11T02:33:19.166+0000] {logging_mixin.py:190} INFO - [2024-11-11T02:33:19.166+0000] {dag.py:4180} INFO - Setting next_dagrun for example_sla_dag to 2024-11-11 02:30:00+00:00, run_after=2024-11-11 02:32:00+00:00
[2024-11-11T02:33:19.175+0000] {processor.py:208} INFO - Processing /home/airflow/.local/lib/python3.12/site-packages/airflow/example_dags/example_sla_dag.py took 0.044 seconds
[2024-11-11T02:33:49.880+0000] {processor.py:186} INFO - Started process (PID=1207) to work on /home/airflow/.local/lib/python3.12/site-packages/airflow/example_dags/example_sla_dag.py
[2024-11-11T02:33:49.880+0000] {processor.py:914} INFO - Processing file /home/airflow/.local/lib/python3.12/site-packages/airflow/example_dags/example_sla_dag.py for tasks to queue
[2024-11-11T02:33:49.882+0000] {logging_mixin.py:190} INFO - [2024-11-11T02:33:49.882+0000] {dagbag.py:588} INFO - Filling up the DagBag from /home/airflow/.local/lib/python3.12/site-packages/airflow/example_dags/example_sla_dag.py
[2024-11-11T02:33:49.887+0000] {processor.py:925} INFO - DAG(s) 'example_sla_dag' retrieved from /home/airflow/.local/lib/python3.12/site-packages/airflow/example_dags/example_sla_dag.py
[2024-11-11T02:33:49.897+0000] {logging_mixin.py:190} INFO - [2024-11-11T02:33:49.897+0000] {dag.py:3239} INFO - Sync 1 DAGs
[2024-11-11T02:33:49.908+0000] {logging_mixin.py:190} INFO - [2024-11-11T02:33:49.908+0000] {dag.py:4180} INFO - Setting next_dagrun for example_sla_dag to 2024-11-11 02:30:00+00:00, run_after=2024-11-11 02:32:00+00:00
[2024-11-11T02:33:49.916+0000] {processor.py:208} INFO - Processing /home/airflow/.local/lib/python3.12/site-packages/airflow/example_dags/example_sla_dag.py took 0.040 seconds
[2024-11-11T02:34:20.426+0000] {processor.py:186} INFO - Started process (PID=1270) to work on /home/airflow/.local/lib/python3.12/site-packages/airflow/example_dags/example_sla_dag.py
[2024-11-11T02:34:20.427+0000] {processor.py:914} INFO - Processing file /home/airflow/.local/lib/python3.12/site-packages/airflow/example_dags/example_sla_dag.py for tasks to queue
[2024-11-11T02:34:20.428+0000] {logging_mixin.py:190} INFO - [2024-11-11T02:34:20.428+0000] {dagbag.py:588} INFO - Filling up the DagBag from /home/airflow/.local/lib/python3.12/site-packages/airflow/example_dags/example_sla_dag.py
[2024-11-11T02:34:20.434+0000] {processor.py:925} INFO - DAG(s) 'example_sla_dag' retrieved from /home/airflow/.local/lib/python3.12/site-packages/airflow/example_dags/example_sla_dag.py
[2024-11-11T02:34:20.444+0000] {logging_mixin.py:190} INFO - [2024-11-11T02:34:20.444+0000] {dag.py:3239} INFO - Sync 1 DAGs
[2024-11-11T02:34:20.456+0000] {logging_mixin.py:190} INFO - [2024-11-11T02:34:20.456+0000] {dag.py:4180} INFO - Setting next_dagrun for example_sla_dag to 2024-11-11 02:32:00+00:00, run_after=2024-11-11 02:34:00+00:00
[2024-11-11T02:34:20.465+0000] {processor.py:208} INFO - Processing /home/airflow/.local/lib/python3.12/site-packages/airflow/example_dags/example_sla_dag.py took 0.043 seconds
[2024-11-11T02:34:51.235+0000] {processor.py:186} INFO - Started process (PID=1333) to work on /home/airflow/.local/lib/python3.12/site-packages/airflow/example_dags/example_sla_dag.py
[2024-11-11T02:34:51.236+0000] {processor.py:914} INFO - Processing file /home/airflow/.local/lib/python3.12/site-packages/airflow/example_dags/example_sla_dag.py for tasks to queue
[2024-11-11T02:34:51.238+0000] {logging_mixin.py:190} INFO - [2024-11-11T02:34:51.238+0000] {dagbag.py:588} INFO - Filling up the DagBag from /home/airflow/.local/lib/python3.12/site-packages/airflow/example_dags/example_sla_dag.py
[2024-11-11T02:34:51.244+0000] {processor.py:925} INFO - DAG(s) 'example_sla_dag' retrieved from /home/airflow/.local/lib/python3.12/site-packages/airflow/example_dags/example_sla_dag.py
[2024-11-11T02:34:51.254+0000] {logging_mixin.py:190} INFO - [2024-11-11T02:34:51.254+0000] {dag.py:3239} INFO - Sync 1 DAGs
[2024-11-11T02:34:51.266+0000] {logging_mixin.py:190} INFO - [2024-11-11T02:34:51.266+0000] {dag.py:4180} INFO - Setting next_dagrun for example_sla_dag to 2024-11-11 02:32:00+00:00, run_after=2024-11-11 02:34:00+00:00
[2024-11-11T02:34:51.274+0000] {processor.py:208} INFO - Processing /home/airflow/.local/lib/python3.12/site-packages/airflow/example_dags/example_sla_dag.py took 0.042 seconds
[2024-11-11T02:35:22.162+0000] {processor.py:186} INFO - Started process (PID=1396) to work on /home/airflow/.local/lib/python3.12/site-packages/airflow/example_dags/example_sla_dag.py
[2024-11-11T02:35:22.163+0000] {processor.py:914} INFO - Processing file /home/airflow/.local/lib/python3.12/site-packages/airflow/example_dags/example_sla_dag.py for tasks to queue
[2024-11-11T02:35:22.164+0000] {logging_mixin.py:190} INFO - [2024-11-11T02:35:22.164+0000] {dagbag.py:588} INFO - Filling up the DagBag from /home/airflow/.local/lib/python3.12/site-packages/airflow/example_dags/example_sla_dag.py
[2024-11-11T02:35:22.172+0000] {processor.py:925} INFO - DAG(s) 'example_sla_dag' retrieved from /home/airflow/.local/lib/python3.12/site-packages/airflow/example_dags/example_sla_dag.py
[2024-11-11T02:35:22.184+0000] {logging_mixin.py:190} INFO - [2024-11-11T02:35:22.184+0000] {dag.py:3239} INFO - Sync 1 DAGs
[2024-11-11T02:35:22.198+0000] {logging_mixin.py:190} INFO - [2024-11-11T02:35:22.198+0000] {dag.py:4180} INFO - Setting next_dagrun for example_sla_dag to 2024-11-11 02:32:00+00:00, run_after=2024-11-11 02:34:00+00:00
[2024-11-11T02:35:22.212+0000] {processor.py:208} INFO - Processing /home/airflow/.local/lib/python3.12/site-packages/airflow/example_dags/example_sla_dag.py took 0.053 seconds
[2024-11-11T02:35:52.855+0000] {processor.py:186} INFO - Started process (PID=1459) to work on /home/airflow/.local/lib/python3.12/site-packages/airflow/example_dags/example_sla_dag.py
[2024-11-11T02:35:52.855+0000] {processor.py:914} INFO - Processing file /home/airflow/.local/lib/python3.12/site-packages/airflow/example_dags/example_sla_dag.py for tasks to queue
[2024-11-11T02:35:52.857+0000] {logging_mixin.py:190} INFO - [2024-11-11T02:35:52.857+0000] {dagbag.py:588} INFO - Filling up the DagBag from /home/airflow/.local/lib/python3.12/site-packages/airflow/example_dags/example_sla_dag.py
[2024-11-11T02:35:52.863+0000] {processor.py:925} INFO - DAG(s) 'example_sla_dag' retrieved from /home/airflow/.local/lib/python3.12/site-packages/airflow/example_dags/example_sla_dag.py
[2024-11-11T02:35:52.874+0000] {logging_mixin.py:190} INFO - [2024-11-11T02:35:52.874+0000] {dag.py:3239} INFO - Sync 1 DAGs
[2024-11-11T02:35:52.888+0000] {logging_mixin.py:190} INFO - [2024-11-11T02:35:52.888+0000] {dag.py:4180} INFO - Setting next_dagrun for example_sla_dag to 2024-11-11 02:32:00+00:00, run_after=2024-11-11 02:34:00+00:00
[2024-11-11T02:35:52.897+0000] {processor.py:208} INFO - Processing /home/airflow/.local/lib/python3.12/site-packages/airflow/example_dags/example_sla_dag.py took 0.046 seconds
[2024-11-11T02:36:23.517+0000] {processor.py:186} INFO - Started process (PID=1522) to work on /home/airflow/.local/lib/python3.12/site-packages/airflow/example_dags/example_sla_dag.py
[2024-11-11T02:36:23.518+0000] {processor.py:914} INFO - Processing file /home/airflow/.local/lib/python3.12/site-packages/airflow/example_dags/example_sla_dag.py for tasks to queue
[2024-11-11T02:36:23.519+0000] {logging_mixin.py:190} INFO - [2024-11-11T02:36:23.519+0000] {dagbag.py:588} INFO - Filling up the DagBag from /home/airflow/.local/lib/python3.12/site-packages/airflow/example_dags/example_sla_dag.py
[2024-11-11T02:36:23.525+0000] {processor.py:925} INFO - DAG(s) 'example_sla_dag' retrieved from /home/airflow/.local/lib/python3.12/site-packages/airflow/example_dags/example_sla_dag.py
[2024-11-11T02:36:23.537+0000] {logging_mixin.py:190} INFO - [2024-11-11T02:36:23.536+0000] {dag.py:3239} INFO - Sync 1 DAGs
[2024-11-11T02:36:23.550+0000] {logging_mixin.py:190} INFO - [2024-11-11T02:36:23.549+0000] {dag.py:4180} INFO - Setting next_dagrun for example_sla_dag to 2024-11-11 02:34:00+00:00, run_after=2024-11-11 02:36:00+00:00
[2024-11-11T02:36:23.560+0000] {processor.py:208} INFO - Processing /home/airflow/.local/lib/python3.12/site-packages/airflow/example_dags/example_sla_dag.py took 0.046 seconds
[2024-11-11T02:36:54.243+0000] {processor.py:186} INFO - Started process (PID=1591) to work on /home/airflow/.local/lib/python3.12/site-packages/airflow/example_dags/example_sla_dag.py
[2024-11-11T02:36:54.244+0000] {processor.py:914} INFO - Processing file /home/airflow/.local/lib/python3.12/site-packages/airflow/example_dags/example_sla_dag.py for tasks to queue
[2024-11-11T02:36:54.245+0000] {logging_mixin.py:190} INFO - [2024-11-11T02:36:54.245+0000] {dagbag.py:588} INFO - Filling up the DagBag from /home/airflow/.local/lib/python3.12/site-packages/airflow/example_dags/example_sla_dag.py
[2024-11-11T02:36:54.251+0000] {processor.py:925} INFO - DAG(s) 'example_sla_dag' retrieved from /home/airflow/.local/lib/python3.12/site-packages/airflow/example_dags/example_sla_dag.py
[2024-11-11T02:36:54.261+0000] {logging_mixin.py:190} INFO - [2024-11-11T02:36:54.261+0000] {dag.py:3239} INFO - Sync 1 DAGs
[2024-11-11T02:36:54.272+0000] {logging_mixin.py:190} INFO - [2024-11-11T02:36:54.272+0000] {dag.py:4180} INFO - Setting next_dagrun for example_sla_dag to 2024-11-11 02:34:00+00:00, run_after=2024-11-11 02:36:00+00:00
[2024-11-11T02:36:54.281+0000] {processor.py:208} INFO - Processing /home/airflow/.local/lib/python3.12/site-packages/airflow/example_dags/example_sla_dag.py took 0.041 seconds
[2024-11-11T02:37:24.883+0000] {processor.py:186} INFO - Started process (PID=1654) to work on /home/airflow/.local/lib/python3.12/site-packages/airflow/example_dags/example_sla_dag.py
[2024-11-11T02:37:24.884+0000] {processor.py:914} INFO - Processing file /home/airflow/.local/lib/python3.12/site-packages/airflow/example_dags/example_sla_dag.py for tasks to queue
[2024-11-11T02:37:24.885+0000] {logging_mixin.py:190} INFO - [2024-11-11T02:37:24.885+0000] {dagbag.py:588} INFO - Filling up the DagBag from /home/airflow/.local/lib/python3.12/site-packages/airflow/example_dags/example_sla_dag.py
[2024-11-11T02:37:24.891+0000] {processor.py:925} INFO - DAG(s) 'example_sla_dag' retrieved from /home/airflow/.local/lib/python3.12/site-packages/airflow/example_dags/example_sla_dag.py
[2024-11-11T02:37:24.901+0000] {logging_mixin.py:190} INFO - [2024-11-11T02:37:24.901+0000] {dag.py:3239} INFO - Sync 1 DAGs
[2024-11-11T02:37:24.912+0000] {logging_mixin.py:190} INFO - [2024-11-11T02:37:24.912+0000] {dag.py:4180} INFO - Setting next_dagrun for example_sla_dag to 2024-11-11 02:34:00+00:00, run_after=2024-11-11 02:36:00+00:00
[2024-11-11T02:37:24.920+0000] {processor.py:208} INFO - Processing /home/airflow/.local/lib/python3.12/site-packages/airflow/example_dags/example_sla_dag.py took 0.040 seconds
[2024-11-11T02:37:55.526+0000] {processor.py:186} INFO - Started process (PID=1717) to work on /home/airflow/.local/lib/python3.12/site-packages/airflow/example_dags/example_sla_dag.py
[2024-11-11T02:37:55.527+0000] {processor.py:914} INFO - Processing file /home/airflow/.local/lib/python3.12/site-packages/airflow/example_dags/example_sla_dag.py for tasks to queue
[2024-11-11T02:37:55.528+0000] {logging_mixin.py:190} INFO - [2024-11-11T02:37:55.528+0000] {dagbag.py:588} INFO - Filling up the DagBag from /home/airflow/.local/lib/python3.12/site-packages/airflow/example_dags/example_sla_dag.py
[2024-11-11T02:37:55.534+0000] {processor.py:925} INFO - DAG(s) 'example_sla_dag' retrieved from /home/airflow/.local/lib/python3.12/site-packages/airflow/example_dags/example_sla_dag.py
[2024-11-11T02:37:55.544+0000] {logging_mixin.py:190} INFO - [2024-11-11T02:37:55.544+0000] {dag.py:3239} INFO - Sync 1 DAGs
[2024-11-11T02:37:55.555+0000] {logging_mixin.py:190} INFO - [2024-11-11T02:37:55.555+0000] {dag.py:4180} INFO - Setting next_dagrun for example_sla_dag to 2024-11-11 02:34:00+00:00, run_after=2024-11-11 02:36:00+00:00
[2024-11-11T02:37:55.564+0000] {processor.py:208} INFO - Processing /home/airflow/.local/lib/python3.12/site-packages/airflow/example_dags/example_sla_dag.py took 0.041 seconds
[2024-11-11T02:38:26.493+0000] {processor.py:186} INFO - Started process (PID=1780) to work on /home/airflow/.local/lib/python3.12/site-packages/airflow/example_dags/example_sla_dag.py
[2024-11-11T02:38:26.494+0000] {processor.py:914} INFO - Processing file /home/airflow/.local/lib/python3.12/site-packages/airflow/example_dags/example_sla_dag.py for tasks to queue
[2024-11-11T02:38:26.495+0000] {logging_mixin.py:190} INFO - [2024-11-11T02:38:26.495+0000] {dagbag.py:588} INFO - Filling up the DagBag from /home/airflow/.local/lib/python3.12/site-packages/airflow/example_dags/example_sla_dag.py
[2024-11-11T02:38:26.502+0000] {processor.py:925} INFO - DAG(s) 'example_sla_dag' retrieved from /home/airflow/.local/lib/python3.12/site-packages/airflow/example_dags/example_sla_dag.py
[2024-11-11T02:38:26.514+0000] {logging_mixin.py:190} INFO - [2024-11-11T02:38:26.514+0000] {dag.py:3239} INFO - Sync 1 DAGs
[2024-11-11T02:38:26.539+0000] {logging_mixin.py:190} INFO - [2024-11-11T02:38:26.539+0000] {dag.py:4180} INFO - Setting next_dagrun for example_sla_dag to 2024-11-11 02:36:00+00:00, run_after=2024-11-11 02:38:00+00:00
[2024-11-11T02:38:26.560+0000] {processor.py:208} INFO - Processing /home/airflow/.local/lib/python3.12/site-packages/airflow/example_dags/example_sla_dag.py took 0.071 seconds
[2024-11-11T02:38:57.164+0000] {processor.py:186} INFO - Started process (PID=1843) to work on /home/airflow/.local/lib/python3.12/site-packages/airflow/example_dags/example_sla_dag.py
[2024-11-11T02:38:57.165+0000] {processor.py:914} INFO - Processing file /home/airflow/.local/lib/python3.12/site-packages/airflow/example_dags/example_sla_dag.py for tasks to queue
[2024-11-11T02:38:57.166+0000] {logging_mixin.py:190} INFO - [2024-11-11T02:38:57.166+0000] {dagbag.py:588} INFO - Filling up the DagBag from /home/airflow/.local/lib/python3.12/site-packages/airflow/example_dags/example_sla_dag.py
[2024-11-11T02:38:57.172+0000] {processor.py:925} INFO - DAG(s) 'example_sla_dag' retrieved from /home/airflow/.local/lib/python3.12/site-packages/airflow/example_dags/example_sla_dag.py
[2024-11-11T02:38:57.182+0000] {logging_mixin.py:190} INFO - [2024-11-11T02:38:57.182+0000] {dag.py:3239} INFO - Sync 1 DAGs
[2024-11-11T02:38:57.194+0000] {logging_mixin.py:190} INFO - [2024-11-11T02:38:57.194+0000] {dag.py:4180} INFO - Setting next_dagrun for example_sla_dag to 2024-11-11 02:36:00+00:00, run_after=2024-11-11 02:38:00+00:00
[2024-11-11T02:38:57.202+0000] {processor.py:208} INFO - Processing /home/airflow/.local/lib/python3.12/site-packages/airflow/example_dags/example_sla_dag.py took 0.041 seconds
[2024-11-11T02:39:27.870+0000] {processor.py:186} INFO - Started process (PID=1906) to work on /home/airflow/.local/lib/python3.12/site-packages/airflow/example_dags/example_sla_dag.py
[2024-11-11T02:39:27.871+0000] {processor.py:914} INFO - Processing file /home/airflow/.local/lib/python3.12/site-packages/airflow/example_dags/example_sla_dag.py for tasks to queue
[2024-11-11T02:39:27.873+0000] {logging_mixin.py:190} INFO - [2024-11-11T02:39:27.873+0000] {dagbag.py:588} INFO - Filling up the DagBag from /home/airflow/.local/lib/python3.12/site-packages/airflow/example_dags/example_sla_dag.py
[2024-11-11T02:39:27.879+0000] {processor.py:925} INFO - DAG(s) 'example_sla_dag' retrieved from /home/airflow/.local/lib/python3.12/site-packages/airflow/example_dags/example_sla_dag.py
[2024-11-11T02:39:27.889+0000] {logging_mixin.py:190} INFO - [2024-11-11T02:39:27.888+0000] {dag.py:3239} INFO - Sync 1 DAGs
[2024-11-11T02:39:27.900+0000] {logging_mixin.py:190} INFO - [2024-11-11T02:39:27.900+0000] {dag.py:4180} INFO - Setting next_dagrun for example_sla_dag to 2024-11-11 02:36:00+00:00, run_after=2024-11-11 02:38:00+00:00
[2024-11-11T02:39:27.908+0000] {processor.py:208} INFO - Processing /home/airflow/.local/lib/python3.12/site-packages/airflow/example_dags/example_sla_dag.py took 0.041 seconds
[2024-11-11T02:39:58.613+0000] {processor.py:186} INFO - Started process (PID=1969) to work on /home/airflow/.local/lib/python3.12/site-packages/airflow/example_dags/example_sla_dag.py
[2024-11-11T02:39:58.614+0000] {processor.py:914} INFO - Processing file /home/airflow/.local/lib/python3.12/site-packages/airflow/example_dags/example_sla_dag.py for tasks to queue
[2024-11-11T02:39:58.616+0000] {logging_mixin.py:190} INFO - [2024-11-11T02:39:58.616+0000] {dagbag.py:588} INFO - Filling up the DagBag from /home/airflow/.local/lib/python3.12/site-packages/airflow/example_dags/example_sla_dag.py
[2024-11-11T02:39:58.622+0000] {processor.py:925} INFO - DAG(s) 'example_sla_dag' retrieved from /home/airflow/.local/lib/python3.12/site-packages/airflow/example_dags/example_sla_dag.py
[2024-11-11T02:39:58.633+0000] {logging_mixin.py:190} INFO - [2024-11-11T02:39:58.632+0000] {dag.py:3239} INFO - Sync 1 DAGs
[2024-11-11T02:39:58.644+0000] {logging_mixin.py:190} INFO - [2024-11-11T02:39:58.644+0000] {dag.py:4180} INFO - Setting next_dagrun for example_sla_dag to 2024-11-11 02:36:00+00:00, run_after=2024-11-11 02:38:00+00:00
[2024-11-11T02:39:58.652+0000] {processor.py:208} INFO - Processing /home/airflow/.local/lib/python3.12/site-packages/airflow/example_dags/example_sla_dag.py took 0.042 seconds
[2024-11-11T02:40:28.739+0000] {processor.py:186} INFO - Started process (PID=2032) to work on /home/airflow/.local/lib/python3.12/site-packages/airflow/example_dags/example_sla_dag.py
[2024-11-11T02:40:28.740+0000] {processor.py:914} INFO - Processing file /home/airflow/.local/lib/python3.12/site-packages/airflow/example_dags/example_sla_dag.py for tasks to queue
[2024-11-11T02:40:28.741+0000] {logging_mixin.py:190} INFO - [2024-11-11T02:40:28.741+0000] {dagbag.py:588} INFO - Filling up the DagBag from /home/airflow/.local/lib/python3.12/site-packages/airflow/example_dags/example_sla_dag.py
[2024-11-11T02:40:28.747+0000] {processor.py:925} INFO - DAG(s) 'example_sla_dag' retrieved from /home/airflow/.local/lib/python3.12/site-packages/airflow/example_dags/example_sla_dag.py
[2024-11-11T02:40:28.758+0000] {logging_mixin.py:190} INFO - [2024-11-11T02:40:28.758+0000] {dag.py:3239} INFO - Sync 1 DAGs
[2024-11-11T02:40:28.771+0000] {logging_mixin.py:190} INFO - [2024-11-11T02:40:28.771+0000] {dag.py:4180} INFO - Setting next_dagrun for example_sla_dag to 2024-11-11 02:38:00+00:00, run_after=2024-11-11 02:40:00+00:00
[2024-11-11T02:40:28.780+0000] {processor.py:208} INFO - Processing /home/airflow/.local/lib/python3.12/site-packages/airflow/example_dags/example_sla_dag.py took 0.045 seconds
[2024-11-11T02:40:59.574+0000] {processor.py:186} INFO - Started process (PID=2095) to work on /home/airflow/.local/lib/python3.12/site-packages/airflow/example_dags/example_sla_dag.py
[2024-11-11T02:40:59.574+0000] {processor.py:914} INFO - Processing file /home/airflow/.local/lib/python3.12/site-packages/airflow/example_dags/example_sla_dag.py for tasks to queue
[2024-11-11T02:40:59.576+0000] {logging_mixin.py:190} INFO - [2024-11-11T02:40:59.576+0000] {dagbag.py:588} INFO - Filling up the DagBag from /home/airflow/.local/lib/python3.12/site-packages/airflow/example_dags/example_sla_dag.py
[2024-11-11T02:40:59.582+0000] {processor.py:925} INFO - DAG(s) 'example_sla_dag' retrieved from /home/airflow/.local/lib/python3.12/site-packages/airflow/example_dags/example_sla_dag.py
[2024-11-11T02:40:59.593+0000] {logging_mixin.py:190} INFO - [2024-11-11T02:40:59.592+0000] {dag.py:3239} INFO - Sync 1 DAGs
[2024-11-11T02:40:59.606+0000] {logging_mixin.py:190} INFO - [2024-11-11T02:40:59.606+0000] {dag.py:4180} INFO - Setting next_dagrun for example_sla_dag to 2024-11-11 02:38:00+00:00, run_after=2024-11-11 02:40:00+00:00
[2024-11-11T02:40:59.615+0000] {processor.py:208} INFO - Processing /home/airflow/.local/lib/python3.12/site-packages/airflow/example_dags/example_sla_dag.py took 0.045 seconds
[2024-11-11T02:41:30.334+0000] {processor.py:186} INFO - Started process (PID=2158) to work on /home/airflow/.local/lib/python3.12/site-packages/airflow/example_dags/example_sla_dag.py
[2024-11-11T02:41:30.336+0000] {processor.py:914} INFO - Processing file /home/airflow/.local/lib/python3.12/site-packages/airflow/example_dags/example_sla_dag.py for tasks to queue
[2024-11-11T02:41:30.338+0000] {logging_mixin.py:190} INFO - [2024-11-11T02:41:30.338+0000] {dagbag.py:588} INFO - Filling up the DagBag from /home/airflow/.local/lib/python3.12/site-packages/airflow/example_dags/example_sla_dag.py
[2024-11-11T02:41:30.345+0000] {processor.py:925} INFO - DAG(s) 'example_sla_dag' retrieved from /home/airflow/.local/lib/python3.12/site-packages/airflow/example_dags/example_sla_dag.py
[2024-11-11T02:41:30.357+0000] {logging_mixin.py:190} INFO - [2024-11-11T02:41:30.357+0000] {dag.py:3239} INFO - Sync 1 DAGs
[2024-11-11T02:41:30.372+0000] {logging_mixin.py:190} INFO - [2024-11-11T02:41:30.372+0000] {dag.py:4180} INFO - Setting next_dagrun for example_sla_dag to 2024-11-11 02:38:00+00:00, run_after=2024-11-11 02:40:00+00:00
[2024-11-11T02:41:30.382+0000] {processor.py:208} INFO - Processing /home/airflow/.local/lib/python3.12/site-packages/airflow/example_dags/example_sla_dag.py took 0.051 seconds
[2024-11-11T02:42:00.974+0000] {processor.py:186} INFO - Started process (PID=2221) to work on /home/airflow/.local/lib/python3.12/site-packages/airflow/example_dags/example_sla_dag.py
[2024-11-11T02:42:00.975+0000] {processor.py:914} INFO - Processing file /home/airflow/.local/lib/python3.12/site-packages/airflow/example_dags/example_sla_dag.py for tasks to queue
[2024-11-11T02:42:00.976+0000] {logging_mixin.py:190} INFO - [2024-11-11T02:42:00.976+0000] {dagbag.py:588} INFO - Filling up the DagBag from /home/airflow/.local/lib/python3.12/site-packages/airflow/example_dags/example_sla_dag.py
[2024-11-11T02:42:00.982+0000] {processor.py:925} INFO - DAG(s) 'example_sla_dag' retrieved from /home/airflow/.local/lib/python3.12/site-packages/airflow/example_dags/example_sla_dag.py
[2024-11-11T02:42:00.993+0000] {logging_mixin.py:190} INFO - [2024-11-11T02:42:00.993+0000] {dag.py:3239} INFO - Sync 1 DAGs
[2024-11-11T02:42:01.004+0000] {logging_mixin.py:190} INFO - [2024-11-11T02:42:01.004+0000] {dag.py:4180} INFO - Setting next_dagrun for example_sla_dag to 2024-11-11 02:40:00+00:00, run_after=2024-11-11 02:42:00+00:00
[2024-11-11T02:42:01.013+0000] {processor.py:208} INFO - Processing /home/airflow/.local/lib/python3.12/site-packages/airflow/example_dags/example_sla_dag.py took 0.043 seconds
[2024-11-11T02:42:31.754+0000] {processor.py:186} INFO - Started process (PID=2284) to work on /home/airflow/.local/lib/python3.12/site-packages/airflow/example_dags/example_sla_dag.py
[2024-11-11T02:42:31.755+0000] {processor.py:914} INFO - Processing file /home/airflow/.local/lib/python3.12/site-packages/airflow/example_dags/example_sla_dag.py for tasks to queue
[2024-11-11T02:42:31.757+0000] {logging_mixin.py:190} INFO - [2024-11-11T02:42:31.756+0000] {dagbag.py:588} INFO - Filling up the DagBag from /home/airflow/.local/lib/python3.12/site-packages/airflow/example_dags/example_sla_dag.py
[2024-11-11T02:42:31.763+0000] {processor.py:925} INFO - DAG(s) 'example_sla_dag' retrieved from /home/airflow/.local/lib/python3.12/site-packages/airflow/example_dags/example_sla_dag.py
[2024-11-11T02:42:31.773+0000] {logging_mixin.py:190} INFO - [2024-11-11T02:42:31.773+0000] {dag.py:3239} INFO - Sync 1 DAGs
[2024-11-11T02:42:31.785+0000] {logging_mixin.py:190} INFO - [2024-11-11T02:42:31.785+0000] {dag.py:4180} INFO - Setting next_dagrun for example_sla_dag to 2024-11-11 02:40:00+00:00, run_after=2024-11-11 02:42:00+00:00
[2024-11-11T02:42:31.793+0000] {processor.py:208} INFO - Processing /home/airflow/.local/lib/python3.12/site-packages/airflow/example_dags/example_sla_dag.py took 0.042 seconds
[2024-11-11T02:43:02.404+0000] {processor.py:186} INFO - Started process (PID=2347) to work on /home/airflow/.local/lib/python3.12/site-packages/airflow/example_dags/example_sla_dag.py
[2024-11-11T02:43:02.405+0000] {processor.py:914} INFO - Processing file /home/airflow/.local/lib/python3.12/site-packages/airflow/example_dags/example_sla_dag.py for tasks to queue
[2024-11-11T02:43:02.406+0000] {logging_mixin.py:190} INFO - [2024-11-11T02:43:02.406+0000] {dagbag.py:588} INFO - Filling up the DagBag from /home/airflow/.local/lib/python3.12/site-packages/airflow/example_dags/example_sla_dag.py
[2024-11-11T02:43:02.412+0000] {processor.py:925} INFO - DAG(s) 'example_sla_dag' retrieved from /home/airflow/.local/lib/python3.12/site-packages/airflow/example_dags/example_sla_dag.py
[2024-11-11T02:43:02.423+0000] {logging_mixin.py:190} INFO - [2024-11-11T02:43:02.422+0000] {dag.py:3239} INFO - Sync 1 DAGs
[2024-11-11T02:43:02.435+0000] {logging_mixin.py:190} INFO - [2024-11-11T02:43:02.435+0000] {dag.py:4180} INFO - Setting next_dagrun for example_sla_dag to 2024-11-11 02:40:00+00:00, run_after=2024-11-11 02:42:00+00:00
[2024-11-11T02:43:02.443+0000] {processor.py:208} INFO - Processing /home/airflow/.local/lib/python3.12/site-packages/airflow/example_dags/example_sla_dag.py took 0.042 seconds
[2024-11-11T02:43:33.103+0000] {processor.py:186} INFO - Started process (PID=2410) to work on /home/airflow/.local/lib/python3.12/site-packages/airflow/example_dags/example_sla_dag.py
[2024-11-11T02:43:33.104+0000] {processor.py:914} INFO - Processing file /home/airflow/.local/lib/python3.12/site-packages/airflow/example_dags/example_sla_dag.py for tasks to queue
[2024-11-11T02:43:33.106+0000] {logging_mixin.py:190} INFO - [2024-11-11T02:43:33.106+0000] {dagbag.py:588} INFO - Filling up the DagBag from /home/airflow/.local/lib/python3.12/site-packages/airflow/example_dags/example_sla_dag.py
[2024-11-11T02:43:33.112+0000] {processor.py:925} INFO - DAG(s) 'example_sla_dag' retrieved from /home/airflow/.local/lib/python3.12/site-packages/airflow/example_dags/example_sla_dag.py
[2024-11-11T02:43:33.124+0000] {logging_mixin.py:190} INFO - [2024-11-11T02:43:33.124+0000] {dag.py:3239} INFO - Sync 1 DAGs
[2024-11-11T02:43:33.137+0000] {logging_mixin.py:190} INFO - [2024-11-11T02:43:33.137+0000] {dag.py:4180} INFO - Setting next_dagrun for example_sla_dag to 2024-11-11 02:40:00+00:00, run_after=2024-11-11 02:42:00+00:00
[2024-11-11T02:43:33.145+0000] {processor.py:208} INFO - Processing /home/airflow/.local/lib/python3.12/site-packages/airflow/example_dags/example_sla_dag.py took 0.046 seconds
[2024-11-11T02:44:03.923+0000] {processor.py:186} INFO - Started process (PID=2473) to work on /home/airflow/.local/lib/python3.12/site-packages/airflow/example_dags/example_sla_dag.py
[2024-11-11T02:44:03.924+0000] {processor.py:914} INFO - Processing file /home/airflow/.local/lib/python3.12/site-packages/airflow/example_dags/example_sla_dag.py for tasks to queue
[2024-11-11T02:44:03.925+0000] {logging_mixin.py:190} INFO - [2024-11-11T02:44:03.925+0000] {dagbag.py:588} INFO - Filling up the DagBag from /home/airflow/.local/lib/python3.12/site-packages/airflow/example_dags/example_sla_dag.py
[2024-11-11T02:44:03.931+0000] {processor.py:925} INFO - DAG(s) 'example_sla_dag' retrieved from /home/airflow/.local/lib/python3.12/site-packages/airflow/example_dags/example_sla_dag.py
[2024-11-11T02:44:03.941+0000] {logging_mixin.py:190} INFO - [2024-11-11T02:44:03.941+0000] {dag.py:3239} INFO - Sync 1 DAGs
[2024-11-11T02:44:03.953+0000] {logging_mixin.py:190} INFO - [2024-11-11T02:44:03.953+0000] {dag.py:4180} INFO - Setting next_dagrun for example_sla_dag to 2024-11-11 02:42:00+00:00, run_after=2024-11-11 02:44:00+00:00
[2024-11-11T02:44:03.962+0000] {processor.py:208} INFO - Processing /home/airflow/.local/lib/python3.12/site-packages/airflow/example_dags/example_sla_dag.py took 0.042 seconds
[2024-11-11T02:44:34.590+0000] {processor.py:186} INFO - Started process (PID=2536) to work on /home/airflow/.local/lib/python3.12/site-packages/airflow/example_dags/example_sla_dag.py
[2024-11-11T02:44:34.591+0000] {processor.py:914} INFO - Processing file /home/airflow/.local/lib/python3.12/site-packages/airflow/example_dags/example_sla_dag.py for tasks to queue
[2024-11-11T02:44:34.592+0000] {logging_mixin.py:190} INFO - [2024-11-11T02:44:34.592+0000] {dagbag.py:588} INFO - Filling up the DagBag from /home/airflow/.local/lib/python3.12/site-packages/airflow/example_dags/example_sla_dag.py
[2024-11-11T02:44:34.598+0000] {processor.py:925} INFO - DAG(s) 'example_sla_dag' retrieved from /home/airflow/.local/lib/python3.12/site-packages/airflow/example_dags/example_sla_dag.py
[2024-11-11T02:44:34.607+0000] {logging_mixin.py:190} INFO - [2024-11-11T02:44:34.607+0000] {dag.py:3239} INFO - Sync 1 DAGs
[2024-11-11T02:44:34.618+0000] {logging_mixin.py:190} INFO - [2024-11-11T02:44:34.618+0000] {dag.py:4180} INFO - Setting next_dagrun for example_sla_dag to 2024-11-11 02:42:00+00:00, run_after=2024-11-11 02:44:00+00:00
[2024-11-11T02:44:34.626+0000] {processor.py:208} INFO - Processing /home/airflow/.local/lib/python3.12/site-packages/airflow/example_dags/example_sla_dag.py took 0.039 seconds
[2024-11-11T02:45:05.181+0000] {processor.py:186} INFO - Started process (PID=2599) to work on /home/airflow/.local/lib/python3.12/site-packages/airflow/example_dags/example_sla_dag.py
[2024-11-11T02:45:05.182+0000] {processor.py:914} INFO - Processing file /home/airflow/.local/lib/python3.12/site-packages/airflow/example_dags/example_sla_dag.py for tasks to queue
[2024-11-11T02:45:05.183+0000] {logging_mixin.py:190} INFO - [2024-11-11T02:45:05.183+0000] {dagbag.py:588} INFO - Filling up the DagBag from /home/airflow/.local/lib/python3.12/site-packages/airflow/example_dags/example_sla_dag.py
[2024-11-11T02:45:05.189+0000] {processor.py:925} INFO - DAG(s) 'example_sla_dag' retrieved from /home/airflow/.local/lib/python3.12/site-packages/airflow/example_dags/example_sla_dag.py
[2024-11-11T02:45:05.199+0000] {logging_mixin.py:190} INFO - [2024-11-11T02:45:05.199+0000] {dag.py:3239} INFO - Sync 1 DAGs
[2024-11-11T02:45:05.212+0000] {logging_mixin.py:190} INFO - [2024-11-11T02:45:05.211+0000] {dag.py:4180} INFO - Setting next_dagrun for example_sla_dag to 2024-11-11 02:42:00+00:00, run_after=2024-11-11 02:44:00+00:00
[2024-11-11T02:45:05.220+0000] {processor.py:208} INFO - Processing /home/airflow/.local/lib/python3.12/site-packages/airflow/example_dags/example_sla_dag.py took 0.042 seconds
[2024-11-11T02:45:35.837+0000] {processor.py:186} INFO - Started process (PID=2662) to work on /home/airflow/.local/lib/python3.12/site-packages/airflow/example_dags/example_sla_dag.py
[2024-11-11T02:45:35.837+0000] {processor.py:914} INFO - Processing file /home/airflow/.local/lib/python3.12/site-packages/airflow/example_dags/example_sla_dag.py for tasks to queue
[2024-11-11T02:45:35.838+0000] {logging_mixin.py:190} INFO - [2024-11-11T02:45:35.838+0000] {dagbag.py:588} INFO - Filling up the DagBag from /home/airflow/.local/lib/python3.12/site-packages/airflow/example_dags/example_sla_dag.py
[2024-11-11T02:45:35.844+0000] {processor.py:925} INFO - DAG(s) 'example_sla_dag' retrieved from /home/airflow/.local/lib/python3.12/site-packages/airflow/example_dags/example_sla_dag.py
[2024-11-11T02:45:35.854+0000] {logging_mixin.py:190} INFO - [2024-11-11T02:45:35.854+0000] {dag.py:3239} INFO - Sync 1 DAGs
[2024-11-11T02:45:35.866+0000] {logging_mixin.py:190} INFO - [2024-11-11T02:45:35.866+0000] {dag.py:4180} INFO - Setting next_dagrun for example_sla_dag to 2024-11-11 02:42:00+00:00, run_after=2024-11-11 02:44:00+00:00
[2024-11-11T02:45:35.874+0000] {processor.py:208} INFO - Processing /home/airflow/.local/lib/python3.12/site-packages/airflow/example_dags/example_sla_dag.py took 0.041 seconds
[2024-11-11T02:46:06.490+0000] {processor.py:186} INFO - Started process (PID=2724) to work on /home/airflow/.local/lib/python3.12/site-packages/airflow/example_dags/example_sla_dag.py
[2024-11-11T02:46:06.490+0000] {processor.py:914} INFO - Processing file /home/airflow/.local/lib/python3.12/site-packages/airflow/example_dags/example_sla_dag.py for tasks to queue
[2024-11-11T02:46:06.492+0000] {logging_mixin.py:190} INFO - [2024-11-11T02:46:06.491+0000] {dagbag.py:588} INFO - Filling up the DagBag from /home/airflow/.local/lib/python3.12/site-packages/airflow/example_dags/example_sla_dag.py
[2024-11-11T02:46:06.497+0000] {processor.py:925} INFO - DAG(s) 'example_sla_dag' retrieved from /home/airflow/.local/lib/python3.12/site-packages/airflow/example_dags/example_sla_dag.py
[2024-11-11T02:46:06.507+0000] {logging_mixin.py:190} INFO - [2024-11-11T02:46:06.507+0000] {dag.py:3239} INFO - Sync 1 DAGs
[2024-11-11T02:46:06.519+0000] {logging_mixin.py:190} INFO - [2024-11-11T02:46:06.519+0000] {dag.py:4180} INFO - Setting next_dagrun for example_sla_dag to 2024-11-11 02:44:00+00:00, run_after=2024-11-11 02:46:00+00:00
[2024-11-11T02:46:06.528+0000] {processor.py:208} INFO - Processing /home/airflow/.local/lib/python3.12/site-packages/airflow/example_dags/example_sla_dag.py took 0.042 seconds
[2024-11-11T02:46:37.227+0000] {processor.py:186} INFO - Started process (PID=2787) to work on /home/airflow/.local/lib/python3.12/site-packages/airflow/example_dags/example_sla_dag.py
[2024-11-11T02:46:37.227+0000] {processor.py:914} INFO - Processing file /home/airflow/.local/lib/python3.12/site-packages/airflow/example_dags/example_sla_dag.py for tasks to queue
[2024-11-11T02:46:37.229+0000] {logging_mixin.py:190} INFO - [2024-11-11T02:46:37.228+0000] {dagbag.py:588} INFO - Filling up the DagBag from /home/airflow/.local/lib/python3.12/site-packages/airflow/example_dags/example_sla_dag.py
[2024-11-11T02:46:37.234+0000] {processor.py:925} INFO - DAG(s) 'example_sla_dag' retrieved from /home/airflow/.local/lib/python3.12/site-packages/airflow/example_dags/example_sla_dag.py
[2024-11-11T02:46:37.244+0000] {logging_mixin.py:190} INFO - [2024-11-11T02:46:37.244+0000] {dag.py:3239} INFO - Sync 1 DAGs
[2024-11-11T02:46:37.256+0000] {logging_mixin.py:190} INFO - [2024-11-11T02:46:37.255+0000] {dag.py:4180} INFO - Setting next_dagrun for example_sla_dag to 2024-11-11 02:44:00+00:00, run_after=2024-11-11 02:46:00+00:00
[2024-11-11T02:46:37.263+0000] {processor.py:208} INFO - Processing /home/airflow/.local/lib/python3.12/site-packages/airflow/example_dags/example_sla_dag.py took 0.041 seconds
[2024-11-11T02:47:07.835+0000] {processor.py:186} INFO - Started process (PID=2850) to work on /home/airflow/.local/lib/python3.12/site-packages/airflow/example_dags/example_sla_dag.py
[2024-11-11T02:47:07.835+0000] {processor.py:914} INFO - Processing file /home/airflow/.local/lib/python3.12/site-packages/airflow/example_dags/example_sla_dag.py for tasks to queue
[2024-11-11T02:47:07.837+0000] {logging_mixin.py:190} INFO - [2024-11-11T02:47:07.837+0000] {dagbag.py:588} INFO - Filling up the DagBag from /home/airflow/.local/lib/python3.12/site-packages/airflow/example_dags/example_sla_dag.py
[2024-11-11T02:47:07.843+0000] {processor.py:925} INFO - DAG(s) 'example_sla_dag' retrieved from /home/airflow/.local/lib/python3.12/site-packages/airflow/example_dags/example_sla_dag.py
[2024-11-11T02:47:07.853+0000] {logging_mixin.py:190} INFO - [2024-11-11T02:47:07.852+0000] {dag.py:3239} INFO - Sync 1 DAGs
[2024-11-11T02:47:07.865+0000] {logging_mixin.py:190} INFO - [2024-11-11T02:47:07.865+0000] {dag.py:4180} INFO - Setting next_dagrun for example_sla_dag to 2024-11-11 02:44:00+00:00, run_after=2024-11-11 02:46:00+00:00
[2024-11-11T02:47:07.874+0000] {processor.py:208} INFO - Processing /home/airflow/.local/lib/python3.12/site-packages/airflow/example_dags/example_sla_dag.py took 0.042 seconds
[2024-11-11T02:47:38.397+0000] {processor.py:186} INFO - Started process (PID=2913) to work on /home/airflow/.local/lib/python3.12/site-packages/airflow/example_dags/example_sla_dag.py
[2024-11-11T02:47:38.398+0000] {processor.py:914} INFO - Processing file /home/airflow/.local/lib/python3.12/site-packages/airflow/example_dags/example_sla_dag.py for tasks to queue
[2024-11-11T02:47:38.399+0000] {logging_mixin.py:190} INFO - [2024-11-11T02:47:38.399+0000] {dagbag.py:588} INFO - Filling up the DagBag from /home/airflow/.local/lib/python3.12/site-packages/airflow/example_dags/example_sla_dag.py
[2024-11-11T02:47:38.405+0000] {processor.py:925} INFO - DAG(s) 'example_sla_dag' retrieved from /home/airflow/.local/lib/python3.12/site-packages/airflow/example_dags/example_sla_dag.py
[2024-11-11T02:47:38.415+0000] {logging_mixin.py:190} INFO - [2024-11-11T02:47:38.415+0000] {dag.py:3239} INFO - Sync 1 DAGs
[2024-11-11T02:47:38.428+0000] {logging_mixin.py:190} INFO - [2024-11-11T02:47:38.428+0000] {dag.py:4180} INFO - Setting next_dagrun for example_sla_dag to 2024-11-11 02:44:00+00:00, run_after=2024-11-11 02:46:00+00:00
[2024-11-11T02:47:38.436+0000] {processor.py:208} INFO - Processing /home/airflow/.local/lib/python3.12/site-packages/airflow/example_dags/example_sla_dag.py took 0.042 seconds
[2024-11-11T02:48:09.010+0000] {processor.py:186} INFO - Started process (PID=2976) to work on /home/airflow/.local/lib/python3.12/site-packages/airflow/example_dags/example_sla_dag.py
[2024-11-11T02:48:09.010+0000] {processor.py:914} INFO - Processing file /home/airflow/.local/lib/python3.12/site-packages/airflow/example_dags/example_sla_dag.py for tasks to queue
[2024-11-11T02:48:09.012+0000] {logging_mixin.py:190} INFO - [2024-11-11T02:48:09.012+0000] {dagbag.py:588} INFO - Filling up the DagBag from /home/airflow/.local/lib/python3.12/site-packages/airflow/example_dags/example_sla_dag.py
[2024-11-11T02:48:09.017+0000] {processor.py:925} INFO - DAG(s) 'example_sla_dag' retrieved from /home/airflow/.local/lib/python3.12/site-packages/airflow/example_dags/example_sla_dag.py
[2024-11-11T02:48:09.027+0000] {logging_mixin.py:190} INFO - [2024-11-11T02:48:09.027+0000] {dag.py:3239} INFO - Sync 1 DAGs
[2024-11-11T02:48:09.039+0000] {logging_mixin.py:190} INFO - [2024-11-11T02:48:09.039+0000] {dag.py:4180} INFO - Setting next_dagrun for example_sla_dag to 2024-11-11 02:46:00+00:00, run_after=2024-11-11 02:48:00+00:00
[2024-11-11T02:48:09.048+0000] {processor.py:208} INFO - Processing /home/airflow/.local/lib/python3.12/site-packages/airflow/example_dags/example_sla_dag.py took 0.041 seconds
[2024-11-11T02:48:39.613+0000] {processor.py:186} INFO - Started process (PID=3039) to work on /home/airflow/.local/lib/python3.12/site-packages/airflow/example_dags/example_sla_dag.py
[2024-11-11T02:48:39.613+0000] {processor.py:914} INFO - Processing file /home/airflow/.local/lib/python3.12/site-packages/airflow/example_dags/example_sla_dag.py for tasks to queue
[2024-11-11T02:48:39.615+0000] {logging_mixin.py:190} INFO - [2024-11-11T02:48:39.615+0000] {dagbag.py:588} INFO - Filling up the DagBag from /home/airflow/.local/lib/python3.12/site-packages/airflow/example_dags/example_sla_dag.py
[2024-11-11T02:48:39.621+0000] {processor.py:925} INFO - DAG(s) 'example_sla_dag' retrieved from /home/airflow/.local/lib/python3.12/site-packages/airflow/example_dags/example_sla_dag.py
[2024-11-11T02:48:39.631+0000] {logging_mixin.py:190} INFO - [2024-11-11T02:48:39.631+0000] {dag.py:3239} INFO - Sync 1 DAGs
[2024-11-11T02:48:39.643+0000] {logging_mixin.py:190} INFO - [2024-11-11T02:48:39.643+0000] {dag.py:4180} INFO - Setting next_dagrun for example_sla_dag to 2024-11-11 02:46:00+00:00, run_after=2024-11-11 02:48:00+00:00
[2024-11-11T02:48:39.652+0000] {processor.py:208} INFO - Processing /home/airflow/.local/lib/python3.12/site-packages/airflow/example_dags/example_sla_dag.py took 0.042 seconds
[2024-11-11T02:49:10.175+0000] {processor.py:186} INFO - Started process (PID=3102) to work on /home/airflow/.local/lib/python3.12/site-packages/airflow/example_dags/example_sla_dag.py
[2024-11-11T02:49:10.175+0000] {processor.py:914} INFO - Processing file /home/airflow/.local/lib/python3.12/site-packages/airflow/example_dags/example_sla_dag.py for tasks to queue
[2024-11-11T02:49:10.177+0000] {logging_mixin.py:190} INFO - [2024-11-11T02:49:10.177+0000] {dagbag.py:588} INFO - Filling up the DagBag from /home/airflow/.local/lib/python3.12/site-packages/airflow/example_dags/example_sla_dag.py
[2024-11-11T02:49:10.183+0000] {processor.py:925} INFO - DAG(s) 'example_sla_dag' retrieved from /home/airflow/.local/lib/python3.12/site-packages/airflow/example_dags/example_sla_dag.py
[2024-11-11T02:49:10.193+0000] {logging_mixin.py:190} INFO - [2024-11-11T02:49:10.193+0000] {dag.py:3239} INFO - Sync 1 DAGs
[2024-11-11T02:49:10.205+0000] {logging_mixin.py:190} INFO - [2024-11-11T02:49:10.205+0000] {dag.py:4180} INFO - Setting next_dagrun for example_sla_dag to 2024-11-11 02:46:00+00:00, run_after=2024-11-11 02:48:00+00:00
[2024-11-11T02:49:10.213+0000] {processor.py:208} INFO - Processing /home/airflow/.local/lib/python3.12/site-packages/airflow/example_dags/example_sla_dag.py took 0.042 seconds
[2024-11-11T02:49:41.014+0000] {processor.py:186} INFO - Started process (PID=3165) to work on /home/airflow/.local/lib/python3.12/site-packages/airflow/example_dags/example_sla_dag.py
[2024-11-11T02:49:41.015+0000] {processor.py:914} INFO - Processing file /home/airflow/.local/lib/python3.12/site-packages/airflow/example_dags/example_sla_dag.py for tasks to queue
[2024-11-11T02:49:41.016+0000] {logging_mixin.py:190} INFO - [2024-11-11T02:49:41.016+0000] {dagbag.py:588} INFO - Filling up the DagBag from /home/airflow/.local/lib/python3.12/site-packages/airflow/example_dags/example_sla_dag.py
[2024-11-11T02:49:41.022+0000] {processor.py:925} INFO - DAG(s) 'example_sla_dag' retrieved from /home/airflow/.local/lib/python3.12/site-packages/airflow/example_dags/example_sla_dag.py
[2024-11-11T02:49:41.032+0000] {logging_mixin.py:190} INFO - [2024-11-11T02:49:41.032+0000] {dag.py:3239} INFO - Sync 1 DAGs
[2024-11-11T02:49:41.045+0000] {logging_mixin.py:190} INFO - [2024-11-11T02:49:41.045+0000] {dag.py:4180} INFO - Setting next_dagrun for example_sla_dag to 2024-11-11 02:46:00+00:00, run_after=2024-11-11 02:48:00+00:00
[2024-11-11T02:49:41.054+0000] {processor.py:208} INFO - Processing /home/airflow/.local/lib/python3.12/site-packages/airflow/example_dags/example_sla_dag.py took 0.043 seconds
[2024-11-11T02:50:11.918+0000] {processor.py:186} INFO - Started process (PID=3228) to work on /home/airflow/.local/lib/python3.12/site-packages/airflow/example_dags/example_sla_dag.py
[2024-11-11T02:50:11.919+0000] {processor.py:914} INFO - Processing file /home/airflow/.local/lib/python3.12/site-packages/airflow/example_dags/example_sla_dag.py for tasks to queue
[2024-11-11T02:50:11.920+0000] {logging_mixin.py:190} INFO - [2024-11-11T02:50:11.920+0000] {dagbag.py:588} INFO - Filling up the DagBag from /home/airflow/.local/lib/python3.12/site-packages/airflow/example_dags/example_sla_dag.py
[2024-11-11T02:50:11.926+0000] {processor.py:925} INFO - DAG(s) 'example_sla_dag' retrieved from /home/airflow/.local/lib/python3.12/site-packages/airflow/example_dags/example_sla_dag.py
[2024-11-11T02:50:11.936+0000] {logging_mixin.py:190} INFO - [2024-11-11T02:50:11.935+0000] {dag.py:3239} INFO - Sync 1 DAGs
[2024-11-11T02:50:11.948+0000] {logging_mixin.py:190} INFO - [2024-11-11T02:50:11.948+0000] {dag.py:4180} INFO - Setting next_dagrun for example_sla_dag to 2024-11-11 02:48:00+00:00, run_after=2024-11-11 02:50:00+00:00
[2024-11-11T02:50:11.957+0000] {processor.py:208} INFO - Processing /home/airflow/.local/lib/python3.12/site-packages/airflow/example_dags/example_sla_dag.py took 0.042 seconds
[2024-11-11T02:50:42.896+0000] {processor.py:186} INFO - Started process (PID=3291) to work on /home/airflow/.local/lib/python3.12/site-packages/airflow/example_dags/example_sla_dag.py
[2024-11-11T02:50:42.897+0000] {processor.py:914} INFO - Processing file /home/airflow/.local/lib/python3.12/site-packages/airflow/example_dags/example_sla_dag.py for tasks to queue
[2024-11-11T02:50:42.899+0000] {logging_mixin.py:190} INFO - [2024-11-11T02:50:42.899+0000] {dagbag.py:588} INFO - Filling up the DagBag from /home/airflow/.local/lib/python3.12/site-packages/airflow/example_dags/example_sla_dag.py
[2024-11-11T02:50:42.905+0000] {processor.py:925} INFO - DAG(s) 'example_sla_dag' retrieved from /home/airflow/.local/lib/python3.12/site-packages/airflow/example_dags/example_sla_dag.py
[2024-11-11T02:50:42.916+0000] {logging_mixin.py:190} INFO - [2024-11-11T02:50:42.916+0000] {dag.py:3239} INFO - Sync 1 DAGs
[2024-11-11T02:50:42.928+0000] {logging_mixin.py:190} INFO - [2024-11-11T02:50:42.928+0000] {dag.py:4180} INFO - Setting next_dagrun for example_sla_dag to 2024-11-11 02:48:00+00:00, run_after=2024-11-11 02:50:00+00:00
[2024-11-11T02:50:43.048+0000] {processor.py:208} INFO - Processing /home/airflow/.local/lib/python3.12/site-packages/airflow/example_dags/example_sla_dag.py took 0.155 seconds
[2024-11-11T02:51:13.330+0000] {processor.py:186} INFO - Started process (PID=3354) to work on /home/airflow/.local/lib/python3.12/site-packages/airflow/example_dags/example_sla_dag.py
[2024-11-11T02:51:13.331+0000] {processor.py:914} INFO - Processing file /home/airflow/.local/lib/python3.12/site-packages/airflow/example_dags/example_sla_dag.py for tasks to queue
[2024-11-11T02:51:13.333+0000] {logging_mixin.py:190} INFO - [2024-11-11T02:51:13.333+0000] {dagbag.py:588} INFO - Filling up the DagBag from /home/airflow/.local/lib/python3.12/site-packages/airflow/example_dags/example_sla_dag.py
[2024-11-11T02:51:13.339+0000] {processor.py:925} INFO - DAG(s) 'example_sla_dag' retrieved from /home/airflow/.local/lib/python3.12/site-packages/airflow/example_dags/example_sla_dag.py
[2024-11-11T02:51:13.349+0000] {logging_mixin.py:190} INFO - [2024-11-11T02:51:13.349+0000] {dag.py:3239} INFO - Sync 1 DAGs
[2024-11-11T02:51:13.361+0000] {logging_mixin.py:190} INFO - [2024-11-11T02:51:13.361+0000] {dag.py:4180} INFO - Setting next_dagrun for example_sla_dag to 2024-11-11 02:48:00+00:00, run_after=2024-11-11 02:50:00+00:00
[2024-11-11T02:51:13.368+0000] {processor.py:208} INFO - Processing /home/airflow/.local/lib/python3.12/site-packages/airflow/example_dags/example_sla_dag.py took 0.041 seconds
[2024-11-11T02:51:44.472+0000] {processor.py:186} INFO - Started process (PID=3417) to work on /home/airflow/.local/lib/python3.12/site-packages/airflow/example_dags/example_sla_dag.py
[2024-11-11T02:51:44.473+0000] {processor.py:914} INFO - Processing file /home/airflow/.local/lib/python3.12/site-packages/airflow/example_dags/example_sla_dag.py for tasks to queue
[2024-11-11T02:51:44.474+0000] {logging_mixin.py:190} INFO - [2024-11-11T02:51:44.474+0000] {dagbag.py:588} INFO - Filling up the DagBag from /home/airflow/.local/lib/python3.12/site-packages/airflow/example_dags/example_sla_dag.py
[2024-11-11T02:51:44.480+0000] {processor.py:925} INFO - DAG(s) 'example_sla_dag' retrieved from /home/airflow/.local/lib/python3.12/site-packages/airflow/example_dags/example_sla_dag.py
[2024-11-11T02:51:44.490+0000] {logging_mixin.py:190} INFO - [2024-11-11T02:51:44.490+0000] {dag.py:3239} INFO - Sync 1 DAGs
[2024-11-11T02:51:44.503+0000] {logging_mixin.py:190} INFO - [2024-11-11T02:51:44.503+0000] {dag.py:4180} INFO - Setting next_dagrun for example_sla_dag to 2024-11-11 02:48:00+00:00, run_after=2024-11-11 02:50:00+00:00
[2024-11-11T02:51:44.511+0000] {processor.py:208} INFO - Processing /home/airflow/.local/lib/python3.12/site-packages/airflow/example_dags/example_sla_dag.py took 0.042 seconds
[2024-11-11T02:52:16.528+0000] {processor.py:186} INFO - Started process (PID=3480) to work on /home/airflow/.local/lib/python3.12/site-packages/airflow/example_dags/example_sla_dag.py
[2024-11-11T02:52:16.529+0000] {processor.py:914} INFO - Processing file /home/airflow/.local/lib/python3.12/site-packages/airflow/example_dags/example_sla_dag.py for tasks to queue
[2024-11-11T02:52:16.530+0000] {logging_mixin.py:190} INFO - [2024-11-11T02:52:16.530+0000] {dagbag.py:588} INFO - Filling up the DagBag from /home/airflow/.local/lib/python3.12/site-packages/airflow/example_dags/example_sla_dag.py
[2024-11-11T02:52:16.535+0000] {processor.py:925} INFO - DAG(s) 'example_sla_dag' retrieved from /home/airflow/.local/lib/python3.12/site-packages/airflow/example_dags/example_sla_dag.py
[2024-11-11T02:52:16.545+0000] {logging_mixin.py:190} INFO - [2024-11-11T02:52:16.545+0000] {dag.py:3239} INFO - Sync 1 DAGs
[2024-11-11T02:52:16.656+0000] {logging_mixin.py:190} INFO - [2024-11-11T02:52:16.656+0000] {dag.py:4180} INFO - Setting next_dagrun for example_sla_dag to 2024-11-11 02:50:00+00:00, run_after=2024-11-11 02:52:00+00:00
[2024-11-11T02:52:16.663+0000] {processor.py:208} INFO - Processing /home/airflow/.local/lib/python3.12/site-packages/airflow/example_dags/example_sla_dag.py took 0.139 seconds
[2024-11-11T02:52:46.718+0000] {processor.py:186} INFO - Started process (PID=3543) to work on /home/airflow/.local/lib/python3.12/site-packages/airflow/example_dags/example_sla_dag.py
[2024-11-11T02:52:46.719+0000] {processor.py:914} INFO - Processing file /home/airflow/.local/lib/python3.12/site-packages/airflow/example_dags/example_sla_dag.py for tasks to queue
[2024-11-11T02:52:46.720+0000] {logging_mixin.py:190} INFO - [2024-11-11T02:52:46.720+0000] {dagbag.py:588} INFO - Filling up the DagBag from /home/airflow/.local/lib/python3.12/site-packages/airflow/example_dags/example_sla_dag.py
[2024-11-11T02:52:46.726+0000] {processor.py:925} INFO - DAG(s) 'example_sla_dag' retrieved from /home/airflow/.local/lib/python3.12/site-packages/airflow/example_dags/example_sla_dag.py
[2024-11-11T02:52:46.735+0000] {logging_mixin.py:190} INFO - [2024-11-11T02:52:46.735+0000] {dag.py:3239} INFO - Sync 1 DAGs
[2024-11-11T02:52:46.849+0000] {logging_mixin.py:190} INFO - [2024-11-11T02:52:46.849+0000] {dag.py:4180} INFO - Setting next_dagrun for example_sla_dag to 2024-11-11 02:50:00+00:00, run_after=2024-11-11 02:52:00+00:00
[2024-11-11T02:52:46.856+0000] {processor.py:208} INFO - Processing /home/airflow/.local/lib/python3.12/site-packages/airflow/example_dags/example_sla_dag.py took 0.142 seconds
[2024-11-11T02:53:16.894+0000] {processor.py:186} INFO - Started process (PID=3606) to work on /home/airflow/.local/lib/python3.12/site-packages/airflow/example_dags/example_sla_dag.py
[2024-11-11T02:53:16.894+0000] {processor.py:914} INFO - Processing file /home/airflow/.local/lib/python3.12/site-packages/airflow/example_dags/example_sla_dag.py for tasks to queue
[2024-11-11T02:53:16.896+0000] {logging_mixin.py:190} INFO - [2024-11-11T02:53:16.896+0000] {dagbag.py:588} INFO - Filling up the DagBag from /home/airflow/.local/lib/python3.12/site-packages/airflow/example_dags/example_sla_dag.py
[2024-11-11T02:53:16.901+0000] {processor.py:925} INFO - DAG(s) 'example_sla_dag' retrieved from /home/airflow/.local/lib/python3.12/site-packages/airflow/example_dags/example_sla_dag.py
[2024-11-11T02:53:16.910+0000] {logging_mixin.py:190} INFO - [2024-11-11T02:53:16.910+0000] {dag.py:3239} INFO - Sync 1 DAGs
[2024-11-11T02:53:16.922+0000] {logging_mixin.py:190} INFO - [2024-11-11T02:53:16.922+0000] {dag.py:4180} INFO - Setting next_dagrun for example_sla_dag to 2024-11-11 02:50:00+00:00, run_after=2024-11-11 02:52:00+00:00
[2024-11-11T02:53:17.026+0000] {processor.py:208} INFO - Processing /home/airflow/.local/lib/python3.12/site-packages/airflow/example_dags/example_sla_dag.py took 0.136 seconds
[2024-11-11T02:53:48.491+0000] {processor.py:186} INFO - Started process (PID=3669) to work on /home/airflow/.local/lib/python3.12/site-packages/airflow/example_dags/example_sla_dag.py
[2024-11-11T02:53:48.491+0000] {processor.py:914} INFO - Processing file /home/airflow/.local/lib/python3.12/site-packages/airflow/example_dags/example_sla_dag.py for tasks to queue
[2024-11-11T02:53:48.493+0000] {logging_mixin.py:190} INFO - [2024-11-11T02:53:48.493+0000] {dagbag.py:588} INFO - Filling up the DagBag from /home/airflow/.local/lib/python3.12/site-packages/airflow/example_dags/example_sla_dag.py
[2024-11-11T02:53:48.499+0000] {processor.py:925} INFO - DAG(s) 'example_sla_dag' retrieved from /home/airflow/.local/lib/python3.12/site-packages/airflow/example_dags/example_sla_dag.py
[2024-11-11T02:53:48.509+0000] {logging_mixin.py:190} INFO - [2024-11-11T02:53:48.509+0000] {dag.py:3239} INFO - Sync 1 DAGs
[2024-11-11T02:53:48.521+0000] {logging_mixin.py:190} INFO - [2024-11-11T02:53:48.521+0000] {dag.py:4180} INFO - Setting next_dagrun for example_sla_dag to 2024-11-11 02:50:00+00:00, run_after=2024-11-11 02:52:00+00:00
[2024-11-11T02:53:48.531+0000] {processor.py:208} INFO - Processing /home/airflow/.local/lib/python3.12/site-packages/airflow/example_dags/example_sla_dag.py took 0.043 seconds
[2024-11-11T02:54:18.973+0000] {processor.py:186} INFO - Started process (PID=3732) to work on /home/airflow/.local/lib/python3.12/site-packages/airflow/example_dags/example_sla_dag.py
[2024-11-11T02:54:18.974+0000] {processor.py:914} INFO - Processing file /home/airflow/.local/lib/python3.12/site-packages/airflow/example_dags/example_sla_dag.py for tasks to queue
[2024-11-11T02:54:18.975+0000] {logging_mixin.py:190} INFO - [2024-11-11T02:54:18.975+0000] {dagbag.py:588} INFO - Filling up the DagBag from /home/airflow/.local/lib/python3.12/site-packages/airflow/example_dags/example_sla_dag.py
[2024-11-11T02:54:18.981+0000] {processor.py:925} INFO - DAG(s) 'example_sla_dag' retrieved from /home/airflow/.local/lib/python3.12/site-packages/airflow/example_dags/example_sla_dag.py
[2024-11-11T02:54:18.991+0000] {logging_mixin.py:190} INFO - [2024-11-11T02:54:18.991+0000] {dag.py:3239} INFO - Sync 1 DAGs
[2024-11-11T02:54:19.002+0000] {logging_mixin.py:190} INFO - [2024-11-11T02:54:19.002+0000] {dag.py:4180} INFO - Setting next_dagrun for example_sla_dag to 2024-11-11 02:52:00+00:00, run_after=2024-11-11 02:54:00+00:00
[2024-11-11T02:54:19.010+0000] {processor.py:208} INFO - Processing /home/airflow/.local/lib/python3.12/site-packages/airflow/example_dags/example_sla_dag.py took 0.041 seconds
[2024-11-11T02:54:49.478+0000] {processor.py:186} INFO - Started process (PID=3795) to work on /home/airflow/.local/lib/python3.12/site-packages/airflow/example_dags/example_sla_dag.py
[2024-11-11T02:54:49.479+0000] {processor.py:914} INFO - Processing file /home/airflow/.local/lib/python3.12/site-packages/airflow/example_dags/example_sla_dag.py for tasks to queue
[2024-11-11T02:54:49.480+0000] {logging_mixin.py:190} INFO - [2024-11-11T02:54:49.480+0000] {dagbag.py:588} INFO - Filling up the DagBag from /home/airflow/.local/lib/python3.12/site-packages/airflow/example_dags/example_sla_dag.py
[2024-11-11T02:54:49.486+0000] {processor.py:925} INFO - DAG(s) 'example_sla_dag' retrieved from /home/airflow/.local/lib/python3.12/site-packages/airflow/example_dags/example_sla_dag.py
[2024-11-11T02:54:49.496+0000] {logging_mixin.py:190} INFO - [2024-11-11T02:54:49.496+0000] {dag.py:3239} INFO - Sync 1 DAGs
[2024-11-11T02:54:49.507+0000] {logging_mixin.py:190} INFO - [2024-11-11T02:54:49.507+0000] {dag.py:4180} INFO - Setting next_dagrun for example_sla_dag to 2024-11-11 02:52:00+00:00, run_after=2024-11-11 02:54:00+00:00
[2024-11-11T02:54:49.515+0000] {processor.py:208} INFO - Processing /home/airflow/.local/lib/python3.12/site-packages/airflow/example_dags/example_sla_dag.py took 0.041 seconds
[2024-11-11T02:55:19.910+0000] {processor.py:186} INFO - Started process (PID=3858) to work on /home/airflow/.local/lib/python3.12/site-packages/airflow/example_dags/example_sla_dag.py
[2024-11-11T02:55:19.911+0000] {processor.py:914} INFO - Processing file /home/airflow/.local/lib/python3.12/site-packages/airflow/example_dags/example_sla_dag.py for tasks to queue
[2024-11-11T02:55:19.912+0000] {logging_mixin.py:190} INFO - [2024-11-11T02:55:19.912+0000] {dagbag.py:588} INFO - Filling up the DagBag from /home/airflow/.local/lib/python3.12/site-packages/airflow/example_dags/example_sla_dag.py
[2024-11-11T02:55:19.918+0000] {processor.py:925} INFO - DAG(s) 'example_sla_dag' retrieved from /home/airflow/.local/lib/python3.12/site-packages/airflow/example_dags/example_sla_dag.py
[2024-11-11T02:55:19.928+0000] {logging_mixin.py:190} INFO - [2024-11-11T02:55:19.928+0000] {dag.py:3239} INFO - Sync 1 DAGs
[2024-11-11T02:55:19.940+0000] {logging_mixin.py:190} INFO - [2024-11-11T02:55:19.940+0000] {dag.py:4180} INFO - Setting next_dagrun for example_sla_dag to 2024-11-11 02:52:00+00:00, run_after=2024-11-11 02:54:00+00:00
[2024-11-11T02:55:19.948+0000] {processor.py:208} INFO - Processing /home/airflow/.local/lib/python3.12/site-packages/airflow/example_dags/example_sla_dag.py took 0.041 seconds
[2024-11-11T02:55:50.387+0000] {processor.py:186} INFO - Started process (PID=3921) to work on /home/airflow/.local/lib/python3.12/site-packages/airflow/example_dags/example_sla_dag.py
[2024-11-11T02:55:50.388+0000] {processor.py:914} INFO - Processing file /home/airflow/.local/lib/python3.12/site-packages/airflow/example_dags/example_sla_dag.py for tasks to queue
[2024-11-11T02:55:50.389+0000] {logging_mixin.py:190} INFO - [2024-11-11T02:55:50.389+0000] {dagbag.py:588} INFO - Filling up the DagBag from /home/airflow/.local/lib/python3.12/site-packages/airflow/example_dags/example_sla_dag.py
[2024-11-11T02:55:50.395+0000] {processor.py:925} INFO - DAG(s) 'example_sla_dag' retrieved from /home/airflow/.local/lib/python3.12/site-packages/airflow/example_dags/example_sla_dag.py
[2024-11-11T02:55:50.405+0000] {logging_mixin.py:190} INFO - [2024-11-11T02:55:50.405+0000] {dag.py:3239} INFO - Sync 1 DAGs
[2024-11-11T02:55:50.417+0000] {logging_mixin.py:190} INFO - [2024-11-11T02:55:50.417+0000] {dag.py:4180} INFO - Setting next_dagrun for example_sla_dag to 2024-11-11 02:52:00+00:00, run_after=2024-11-11 02:54:00+00:00
[2024-11-11T02:55:50.425+0000] {processor.py:208} INFO - Processing /home/airflow/.local/lib/python3.12/site-packages/airflow/example_dags/example_sla_dag.py took 0.041 seconds
[2024-11-11T02:56:20.973+0000] {processor.py:186} INFO - Started process (PID=3984) to work on /home/airflow/.local/lib/python3.12/site-packages/airflow/example_dags/example_sla_dag.py
[2024-11-11T02:56:20.974+0000] {processor.py:914} INFO - Processing file /home/airflow/.local/lib/python3.12/site-packages/airflow/example_dags/example_sla_dag.py for tasks to queue
[2024-11-11T02:56:20.975+0000] {logging_mixin.py:190} INFO - [2024-11-11T02:56:20.975+0000] {dagbag.py:588} INFO - Filling up the DagBag from /home/airflow/.local/lib/python3.12/site-packages/airflow/example_dags/example_sla_dag.py
[2024-11-11T02:56:20.980+0000] {processor.py:925} INFO - DAG(s) 'example_sla_dag' retrieved from /home/airflow/.local/lib/python3.12/site-packages/airflow/example_dags/example_sla_dag.py
[2024-11-11T02:56:20.990+0000] {logging_mixin.py:190} INFO - [2024-11-11T02:56:20.990+0000] {dag.py:3239} INFO - Sync 1 DAGs
[2024-11-11T02:56:21.001+0000] {logging_mixin.py:190} INFO - [2024-11-11T02:56:21.001+0000] {dag.py:4180} INFO - Setting next_dagrun for example_sla_dag to 2024-11-11 02:54:00+00:00, run_after=2024-11-11 02:56:00+00:00
[2024-11-11T02:56:21.009+0000] {processor.py:208} INFO - Processing /home/airflow/.local/lib/python3.12/site-packages/airflow/example_dags/example_sla_dag.py took 0.039 seconds
[2024-11-11T02:56:51.505+0000] {processor.py:186} INFO - Started process (PID=4047) to work on /home/airflow/.local/lib/python3.12/site-packages/airflow/example_dags/example_sla_dag.py
[2024-11-11T02:56:51.506+0000] {processor.py:914} INFO - Processing file /home/airflow/.local/lib/python3.12/site-packages/airflow/example_dags/example_sla_dag.py for tasks to queue
[2024-11-11T02:56:51.507+0000] {logging_mixin.py:190} INFO - [2024-11-11T02:56:51.507+0000] {dagbag.py:588} INFO - Filling up the DagBag from /home/airflow/.local/lib/python3.12/site-packages/airflow/example_dags/example_sla_dag.py
[2024-11-11T02:56:51.512+0000] {processor.py:925} INFO - DAG(s) 'example_sla_dag' retrieved from /home/airflow/.local/lib/python3.12/site-packages/airflow/example_dags/example_sla_dag.py
[2024-11-11T02:56:51.522+0000] {logging_mixin.py:190} INFO - [2024-11-11T02:56:51.522+0000] {dag.py:3239} INFO - Sync 1 DAGs
[2024-11-11T02:56:51.533+0000] {logging_mixin.py:190} INFO - [2024-11-11T02:56:51.533+0000] {dag.py:4180} INFO - Setting next_dagrun for example_sla_dag to 2024-11-11 02:54:00+00:00, run_after=2024-11-11 02:56:00+00:00
[2024-11-11T02:56:51.541+0000] {processor.py:208} INFO - Processing /home/airflow/.local/lib/python3.12/site-packages/airflow/example_dags/example_sla_dag.py took 0.039 seconds
[2024-11-11T02:57:22.032+0000] {processor.py:186} INFO - Started process (PID=4110) to work on /home/airflow/.local/lib/python3.12/site-packages/airflow/example_dags/example_sla_dag.py
[2024-11-11T02:57:22.033+0000] {processor.py:914} INFO - Processing file /home/airflow/.local/lib/python3.12/site-packages/airflow/example_dags/example_sla_dag.py for tasks to queue
[2024-11-11T02:57:22.034+0000] {logging_mixin.py:190} INFO - [2024-11-11T02:57:22.034+0000] {dagbag.py:588} INFO - Filling up the DagBag from /home/airflow/.local/lib/python3.12/site-packages/airflow/example_dags/example_sla_dag.py
[2024-11-11T02:57:22.040+0000] {processor.py:925} INFO - DAG(s) 'example_sla_dag' retrieved from /home/airflow/.local/lib/python3.12/site-packages/airflow/example_dags/example_sla_dag.py
[2024-11-11T02:57:22.049+0000] {logging_mixin.py:190} INFO - [2024-11-11T02:57:22.049+0000] {dag.py:3239} INFO - Sync 1 DAGs
[2024-11-11T02:57:22.061+0000] {logging_mixin.py:190} INFO - [2024-11-11T02:57:22.061+0000] {dag.py:4180} INFO - Setting next_dagrun for example_sla_dag to 2024-11-11 02:54:00+00:00, run_after=2024-11-11 02:56:00+00:00
[2024-11-11T02:57:22.069+0000] {processor.py:208} INFO - Processing /home/airflow/.local/lib/python3.12/site-packages/airflow/example_dags/example_sla_dag.py took 0.040 seconds
[2024-11-11T02:57:52.477+0000] {processor.py:186} INFO - Started process (PID=4173) to work on /home/airflow/.local/lib/python3.12/site-packages/airflow/example_dags/example_sla_dag.py
[2024-11-11T02:57:52.478+0000] {processor.py:914} INFO - Processing file /home/airflow/.local/lib/python3.12/site-packages/airflow/example_dags/example_sla_dag.py for tasks to queue
[2024-11-11T02:57:52.480+0000] {logging_mixin.py:190} INFO - [2024-11-11T02:57:52.480+0000] {dagbag.py:588} INFO - Filling up the DagBag from /home/airflow/.local/lib/python3.12/site-packages/airflow/example_dags/example_sla_dag.py
[2024-11-11T02:57:52.486+0000] {processor.py:925} INFO - DAG(s) 'example_sla_dag' retrieved from /home/airflow/.local/lib/python3.12/site-packages/airflow/example_dags/example_sla_dag.py
[2024-11-11T02:57:52.496+0000] {logging_mixin.py:190} INFO - [2024-11-11T02:57:52.496+0000] {dag.py:3239} INFO - Sync 1 DAGs
[2024-11-11T02:57:52.508+0000] {logging_mixin.py:190} INFO - [2024-11-11T02:57:52.508+0000] {dag.py:4180} INFO - Setting next_dagrun for example_sla_dag to 2024-11-11 02:54:00+00:00, run_after=2024-11-11 02:56:00+00:00
[2024-11-11T02:57:52.517+0000] {processor.py:208} INFO - Processing /home/airflow/.local/lib/python3.12/site-packages/airflow/example_dags/example_sla_dag.py took 0.042 seconds
[2024-11-11T02:58:22.948+0000] {processor.py:186} INFO - Started process (PID=4236) to work on /home/airflow/.local/lib/python3.12/site-packages/airflow/example_dags/example_sla_dag.py
[2024-11-11T02:58:22.949+0000] {processor.py:914} INFO - Processing file /home/airflow/.local/lib/python3.12/site-packages/airflow/example_dags/example_sla_dag.py for tasks to queue
[2024-11-11T02:58:22.950+0000] {logging_mixin.py:190} INFO - [2024-11-11T02:58:22.950+0000] {dagbag.py:588} INFO - Filling up the DagBag from /home/airflow/.local/lib/python3.12/site-packages/airflow/example_dags/example_sla_dag.py
[2024-11-11T02:58:22.956+0000] {processor.py:925} INFO - DAG(s) 'example_sla_dag' retrieved from /home/airflow/.local/lib/python3.12/site-packages/airflow/example_dags/example_sla_dag.py
[2024-11-11T02:58:22.966+0000] {logging_mixin.py:190} INFO - [2024-11-11T02:58:22.966+0000] {dag.py:3239} INFO - Sync 1 DAGs
[2024-11-11T02:58:22.976+0000] {logging_mixin.py:190} INFO - [2024-11-11T02:58:22.976+0000] {dag.py:4180} INFO - Setting next_dagrun for example_sla_dag to 2024-11-11 02:56:00+00:00, run_after=2024-11-11 02:58:00+00:00
[2024-11-11T02:58:22.984+0000] {processor.py:208} INFO - Processing /home/airflow/.local/lib/python3.12/site-packages/airflow/example_dags/example_sla_dag.py took 0.041 seconds
[2024-11-11T02:58:53.384+0000] {processor.py:186} INFO - Started process (PID=4299) to work on /home/airflow/.local/lib/python3.12/site-packages/airflow/example_dags/example_sla_dag.py
[2024-11-11T02:58:53.384+0000] {processor.py:914} INFO - Processing file /home/airflow/.local/lib/python3.12/site-packages/airflow/example_dags/example_sla_dag.py for tasks to queue
[2024-11-11T02:58:53.386+0000] {logging_mixin.py:190} INFO - [2024-11-11T02:58:53.385+0000] {dagbag.py:588} INFO - Filling up the DagBag from /home/airflow/.local/lib/python3.12/site-packages/airflow/example_dags/example_sla_dag.py
[2024-11-11T02:58:53.392+0000] {processor.py:925} INFO - DAG(s) 'example_sla_dag' retrieved from /home/airflow/.local/lib/python3.12/site-packages/airflow/example_dags/example_sla_dag.py
[2024-11-11T02:58:53.402+0000] {logging_mixin.py:190} INFO - [2024-11-11T02:58:53.402+0000] {dag.py:3239} INFO - Sync 1 DAGs
[2024-11-11T02:58:53.414+0000] {logging_mixin.py:190} INFO - [2024-11-11T02:58:53.414+0000] {dag.py:4180} INFO - Setting next_dagrun for example_sla_dag to 2024-11-11 02:56:00+00:00, run_after=2024-11-11 02:58:00+00:00
[2024-11-11T02:58:53.423+0000] {processor.py:208} INFO - Processing /home/airflow/.local/lib/python3.12/site-packages/airflow/example_dags/example_sla_dag.py took 0.042 seconds
[2024-11-11T02:59:23.903+0000] {processor.py:186} INFO - Started process (PID=4362) to work on /home/airflow/.local/lib/python3.12/site-packages/airflow/example_dags/example_sla_dag.py
[2024-11-11T02:59:23.904+0000] {processor.py:914} INFO - Processing file /home/airflow/.local/lib/python3.12/site-packages/airflow/example_dags/example_sla_dag.py for tasks to queue
[2024-11-11T02:59:23.906+0000] {logging_mixin.py:190} INFO - [2024-11-11T02:59:23.905+0000] {dagbag.py:588} INFO - Filling up the DagBag from /home/airflow/.local/lib/python3.12/site-packages/airflow/example_dags/example_sla_dag.py
[2024-11-11T02:59:23.912+0000] {processor.py:925} INFO - DAG(s) 'example_sla_dag' retrieved from /home/airflow/.local/lib/python3.12/site-packages/airflow/example_dags/example_sla_dag.py
[2024-11-11T02:59:23.922+0000] {logging_mixin.py:190} INFO - [2024-11-11T02:59:23.922+0000] {dag.py:3239} INFO - Sync 1 DAGs
[2024-11-11T02:59:23.934+0000] {logging_mixin.py:190} INFO - [2024-11-11T02:59:23.934+0000] {dag.py:4180} INFO - Setting next_dagrun for example_sla_dag to 2024-11-11 02:56:00+00:00, run_after=2024-11-11 02:58:00+00:00
[2024-11-11T02:59:23.942+0000] {processor.py:208} INFO - Processing /home/airflow/.local/lib/python3.12/site-packages/airflow/example_dags/example_sla_dag.py took 0.043 seconds
[2024-11-11T02:59:54.377+0000] {processor.py:186} INFO - Started process (PID=4425) to work on /home/airflow/.local/lib/python3.12/site-packages/airflow/example_dags/example_sla_dag.py
[2024-11-11T02:59:54.377+0000] {processor.py:914} INFO - Processing file /home/airflow/.local/lib/python3.12/site-packages/airflow/example_dags/example_sla_dag.py for tasks to queue
[2024-11-11T02:59:54.379+0000] {logging_mixin.py:190} INFO - [2024-11-11T02:59:54.378+0000] {dagbag.py:588} INFO - Filling up the DagBag from /home/airflow/.local/lib/python3.12/site-packages/airflow/example_dags/example_sla_dag.py
[2024-11-11T02:59:54.384+0000] {processor.py:925} INFO - DAG(s) 'example_sla_dag' retrieved from /home/airflow/.local/lib/python3.12/site-packages/airflow/example_dags/example_sla_dag.py
[2024-11-11T02:59:54.393+0000] {logging_mixin.py:190} INFO - [2024-11-11T02:59:54.393+0000] {dag.py:3239} INFO - Sync 1 DAGs
[2024-11-11T02:59:54.404+0000] {logging_mixin.py:190} INFO - [2024-11-11T02:59:54.404+0000] {dag.py:4180} INFO - Setting next_dagrun for example_sla_dag to 2024-11-11 02:56:00+00:00, run_after=2024-11-11 02:58:00+00:00
[2024-11-11T02:59:54.413+0000] {processor.py:208} INFO - Processing /home/airflow/.local/lib/python3.12/site-packages/airflow/example_dags/example_sla_dag.py took 0.039 seconds
[2024-11-11T03:00:24.889+0000] {processor.py:186} INFO - Started process (PID=4488) to work on /home/airflow/.local/lib/python3.12/site-packages/airflow/example_dags/example_sla_dag.py
[2024-11-11T03:00:24.889+0000] {processor.py:914} INFO - Processing file /home/airflow/.local/lib/python3.12/site-packages/airflow/example_dags/example_sla_dag.py for tasks to queue
[2024-11-11T03:00:24.891+0000] {logging_mixin.py:190} INFO - [2024-11-11T03:00:24.891+0000] {dagbag.py:588} INFO - Filling up the DagBag from /home/airflow/.local/lib/python3.12/site-packages/airflow/example_dags/example_sla_dag.py
[2024-11-11T03:00:24.896+0000] {processor.py:925} INFO - DAG(s) 'example_sla_dag' retrieved from /home/airflow/.local/lib/python3.12/site-packages/airflow/example_dags/example_sla_dag.py
[2024-11-11T03:00:24.906+0000] {logging_mixin.py:190} INFO - [2024-11-11T03:00:24.905+0000] {dag.py:3239} INFO - Sync 1 DAGs
[2024-11-11T03:00:24.916+0000] {logging_mixin.py:190} INFO - [2024-11-11T03:00:24.916+0000] {dag.py:4180} INFO - Setting next_dagrun for example_sla_dag to 2024-11-11 02:58:00+00:00, run_after=2024-11-11 03:00:00+00:00
[2024-11-11T03:00:24.924+0000] {processor.py:208} INFO - Processing /home/airflow/.local/lib/python3.12/site-packages/airflow/example_dags/example_sla_dag.py took 0.039 seconds
[2024-11-11T03:00:55.369+0000] {processor.py:186} INFO - Started process (PID=4551) to work on /home/airflow/.local/lib/python3.12/site-packages/airflow/example_dags/example_sla_dag.py
[2024-11-11T03:00:55.369+0000] {processor.py:914} INFO - Processing file /home/airflow/.local/lib/python3.12/site-packages/airflow/example_dags/example_sla_dag.py for tasks to queue
[2024-11-11T03:00:55.371+0000] {logging_mixin.py:190} INFO - [2024-11-11T03:00:55.370+0000] {dagbag.py:588} INFO - Filling up the DagBag from /home/airflow/.local/lib/python3.12/site-packages/airflow/example_dags/example_sla_dag.py
[2024-11-11T03:00:55.376+0000] {processor.py:925} INFO - DAG(s) 'example_sla_dag' retrieved from /home/airflow/.local/lib/python3.12/site-packages/airflow/example_dags/example_sla_dag.py
[2024-11-11T03:00:55.385+0000] {logging_mixin.py:190} INFO - [2024-11-11T03:00:55.385+0000] {dag.py:3239} INFO - Sync 1 DAGs
[2024-11-11T03:00:55.396+0000] {logging_mixin.py:190} INFO - [2024-11-11T03:00:55.396+0000] {dag.py:4180} INFO - Setting next_dagrun for example_sla_dag to 2024-11-11 02:58:00+00:00, run_after=2024-11-11 03:00:00+00:00
[2024-11-11T03:00:55.404+0000] {processor.py:208} INFO - Processing /home/airflow/.local/lib/python3.12/site-packages/airflow/example_dags/example_sla_dag.py took 0.039 seconds
[2024-11-11T03:01:25.818+0000] {processor.py:186} INFO - Started process (PID=4614) to work on /home/airflow/.local/lib/python3.12/site-packages/airflow/example_dags/example_sla_dag.py
[2024-11-11T03:01:25.819+0000] {processor.py:914} INFO - Processing file /home/airflow/.local/lib/python3.12/site-packages/airflow/example_dags/example_sla_dag.py for tasks to queue
[2024-11-11T03:01:25.821+0000] {logging_mixin.py:190} INFO - [2024-11-11T03:01:25.821+0000] {dagbag.py:588} INFO - Filling up the DagBag from /home/airflow/.local/lib/python3.12/site-packages/airflow/example_dags/example_sla_dag.py
[2024-11-11T03:01:25.827+0000] {processor.py:925} INFO - DAG(s) 'example_sla_dag' retrieved from /home/airflow/.local/lib/python3.12/site-packages/airflow/example_dags/example_sla_dag.py
[2024-11-11T03:01:25.837+0000] {logging_mixin.py:190} INFO - [2024-11-11T03:01:25.837+0000] {dag.py:3239} INFO - Sync 1 DAGs
[2024-11-11T03:01:25.849+0000] {logging_mixin.py:190} INFO - [2024-11-11T03:01:25.849+0000] {dag.py:4180} INFO - Setting next_dagrun for example_sla_dag to 2024-11-11 02:58:00+00:00, run_after=2024-11-11 03:00:00+00:00
[2024-11-11T03:01:25.856+0000] {processor.py:208} INFO - Processing /home/airflow/.local/lib/python3.12/site-packages/airflow/example_dags/example_sla_dag.py took 0.041 seconds
[2024-11-11T03:01:56.578+0000] {processor.py:186} INFO - Started process (PID=4677) to work on /home/airflow/.local/lib/python3.12/site-packages/airflow/example_dags/example_sla_dag.py
[2024-11-11T03:01:56.579+0000] {processor.py:914} INFO - Processing file /home/airflow/.local/lib/python3.12/site-packages/airflow/example_dags/example_sla_dag.py for tasks to queue
[2024-11-11T03:01:56.581+0000] {logging_mixin.py:190} INFO - [2024-11-11T03:01:56.580+0000] {dagbag.py:588} INFO - Filling up the DagBag from /home/airflow/.local/lib/python3.12/site-packages/airflow/example_dags/example_sla_dag.py
[2024-11-11T03:01:56.588+0000] {processor.py:925} INFO - DAG(s) 'example_sla_dag' retrieved from /home/airflow/.local/lib/python3.12/site-packages/airflow/example_dags/example_sla_dag.py
[2024-11-11T03:01:56.612+0000] {logging_mixin.py:190} INFO - [2024-11-11T03:01:56.611+0000] {dag.py:3239} INFO - Sync 1 DAGs
[2024-11-11T03:01:56.624+0000] {logging_mixin.py:190} INFO - [2024-11-11T03:01:56.624+0000] {dag.py:4180} INFO - Setting next_dagrun for example_sla_dag to 2024-11-11 02:58:00+00:00, run_after=2024-11-11 03:00:00+00:00
[2024-11-11T03:01:56.633+0000] {processor.py:208} INFO - Processing /home/airflow/.local/lib/python3.12/site-packages/airflow/example_dags/example_sla_dag.py took 0.059 seconds
[2024-11-11T03:03:16.191+0000] {processor.py:186} INFO - Started process (PID=4740) to work on /home/airflow/.local/lib/python3.12/site-packages/airflow/example_dags/example_sla_dag.py
[2024-11-11T03:03:16.192+0000] {processor.py:914} INFO - Processing file /home/airflow/.local/lib/python3.12/site-packages/airflow/example_dags/example_sla_dag.py for tasks to queue
[2024-11-11T03:03:16.193+0000] {logging_mixin.py:190} INFO - [2024-11-11T03:03:16.193+0000] {dagbag.py:588} INFO - Filling up the DagBag from /home/airflow/.local/lib/python3.12/site-packages/airflow/example_dags/example_sla_dag.py
[2024-11-11T03:03:16.199+0000] {processor.py:925} INFO - DAG(s) 'example_sla_dag' retrieved from /home/airflow/.local/lib/python3.12/site-packages/airflow/example_dags/example_sla_dag.py
[2024-11-11T03:03:16.208+0000] {logging_mixin.py:190} INFO - [2024-11-11T03:03:16.208+0000] {dag.py:3239} INFO - Sync 1 DAGs
[2024-11-11T03:03:16.219+0000] {logging_mixin.py:190} INFO - [2024-11-11T03:03:16.219+0000] {dag.py:4180} INFO - Setting next_dagrun for example_sla_dag to 2024-11-11 03:00:00+00:00, run_after=2024-11-11 03:02:00+00:00
[2024-11-11T03:03:16.227+0000] {processor.py:208} INFO - Processing /home/airflow/.local/lib/python3.12/site-packages/airflow/example_dags/example_sla_dag.py took 0.039 seconds
[2024-11-11T03:03:46.607+0000] {processor.py:186} INFO - Started process (PID=4803) to work on /home/airflow/.local/lib/python3.12/site-packages/airflow/example_dags/example_sla_dag.py
[2024-11-11T03:03:46.608+0000] {processor.py:914} INFO - Processing file /home/airflow/.local/lib/python3.12/site-packages/airflow/example_dags/example_sla_dag.py for tasks to queue
[2024-11-11T03:03:46.610+0000] {logging_mixin.py:190} INFO - [2024-11-11T03:03:46.610+0000] {dagbag.py:588} INFO - Filling up the DagBag from /home/airflow/.local/lib/python3.12/site-packages/airflow/example_dags/example_sla_dag.py
[2024-11-11T03:03:46.621+0000] {processor.py:925} INFO - DAG(s) 'example_sla_dag' retrieved from /home/airflow/.local/lib/python3.12/site-packages/airflow/example_dags/example_sla_dag.py
[2024-11-11T03:03:46.632+0000] {logging_mixin.py:190} INFO - [2024-11-11T03:03:46.632+0000] {dag.py:3239} INFO - Sync 1 DAGs
[2024-11-11T03:03:46.647+0000] {logging_mixin.py:190} INFO - [2024-11-11T03:03:46.647+0000] {dag.py:4180} INFO - Setting next_dagrun for example_sla_dag to 2024-11-11 03:00:00+00:00, run_after=2024-11-11 03:02:00+00:00
[2024-11-11T03:03:46.656+0000] {processor.py:208} INFO - Processing /home/airflow/.local/lib/python3.12/site-packages/airflow/example_dags/example_sla_dag.py took 0.054 seconds
[2024-11-11T03:04:17.151+0000] {processor.py:186} INFO - Started process (PID=4866) to work on /home/airflow/.local/lib/python3.12/site-packages/airflow/example_dags/example_sla_dag.py
[2024-11-11T03:04:17.151+0000] {processor.py:914} INFO - Processing file /home/airflow/.local/lib/python3.12/site-packages/airflow/example_dags/example_sla_dag.py for tasks to queue
[2024-11-11T03:04:17.153+0000] {logging_mixin.py:190} INFO - [2024-11-11T03:04:17.153+0000] {dagbag.py:588} INFO - Filling up the DagBag from /home/airflow/.local/lib/python3.12/site-packages/airflow/example_dags/example_sla_dag.py
[2024-11-11T03:04:17.159+0000] {processor.py:925} INFO - DAG(s) 'example_sla_dag' retrieved from /home/airflow/.local/lib/python3.12/site-packages/airflow/example_dags/example_sla_dag.py
[2024-11-11T03:04:17.169+0000] {logging_mixin.py:190} INFO - [2024-11-11T03:04:17.169+0000] {dag.py:3239} INFO - Sync 1 DAGs
[2024-11-11T03:04:17.182+0000] {logging_mixin.py:190} INFO - [2024-11-11T03:04:17.182+0000] {dag.py:4180} INFO - Setting next_dagrun for example_sla_dag to 2024-11-11 03:02:00+00:00, run_after=2024-11-11 03:04:00+00:00
[2024-11-11T03:04:17.191+0000] {processor.py:208} INFO - Processing /home/airflow/.local/lib/python3.12/site-packages/airflow/example_dags/example_sla_dag.py took 0.044 seconds
[2024-11-11T03:04:47.649+0000] {processor.py:186} INFO - Started process (PID=4929) to work on /home/airflow/.local/lib/python3.12/site-packages/airflow/example_dags/example_sla_dag.py
[2024-11-11T03:04:47.650+0000] {processor.py:914} INFO - Processing file /home/airflow/.local/lib/python3.12/site-packages/airflow/example_dags/example_sla_dag.py for tasks to queue
[2024-11-11T03:04:47.651+0000] {logging_mixin.py:190} INFO - [2024-11-11T03:04:47.651+0000] {dagbag.py:588} INFO - Filling up the DagBag from /home/airflow/.local/lib/python3.12/site-packages/airflow/example_dags/example_sla_dag.py
[2024-11-11T03:04:47.657+0000] {processor.py:925} INFO - DAG(s) 'example_sla_dag' retrieved from /home/airflow/.local/lib/python3.12/site-packages/airflow/example_dags/example_sla_dag.py
[2024-11-11T03:04:47.666+0000] {logging_mixin.py:190} INFO - [2024-11-11T03:04:47.666+0000] {dag.py:3239} INFO - Sync 1 DAGs
[2024-11-11T03:04:47.677+0000] {logging_mixin.py:190} INFO - [2024-11-11T03:04:47.677+0000] {dag.py:4180} INFO - Setting next_dagrun for example_sla_dag to 2024-11-11 03:02:00+00:00, run_after=2024-11-11 03:04:00+00:00
[2024-11-11T03:04:47.686+0000] {processor.py:208} INFO - Processing /home/airflow/.local/lib/python3.12/site-packages/airflow/example_dags/example_sla_dag.py took 0.040 seconds
[2024-11-11T03:05:18.086+0000] {processor.py:186} INFO - Started process (PID=4992) to work on /home/airflow/.local/lib/python3.12/site-packages/airflow/example_dags/example_sla_dag.py
[2024-11-11T03:05:18.087+0000] {processor.py:914} INFO - Processing file /home/airflow/.local/lib/python3.12/site-packages/airflow/example_dags/example_sla_dag.py for tasks to queue
[2024-11-11T03:05:18.088+0000] {logging_mixin.py:190} INFO - [2024-11-11T03:05:18.088+0000] {dagbag.py:588} INFO - Filling up the DagBag from /home/airflow/.local/lib/python3.12/site-packages/airflow/example_dags/example_sla_dag.py
[2024-11-11T03:05:18.095+0000] {processor.py:925} INFO - DAG(s) 'example_sla_dag' retrieved from /home/airflow/.local/lib/python3.12/site-packages/airflow/example_dags/example_sla_dag.py
[2024-11-11T03:05:18.105+0000] {logging_mixin.py:190} INFO - [2024-11-11T03:05:18.104+0000] {dag.py:3239} INFO - Sync 1 DAGs
[2024-11-11T03:05:18.117+0000] {logging_mixin.py:190} INFO - [2024-11-11T03:05:18.117+0000] {dag.py:4180} INFO - Setting next_dagrun for example_sla_dag to 2024-11-11 03:02:00+00:00, run_after=2024-11-11 03:04:00+00:00
[2024-11-11T03:05:18.125+0000] {processor.py:208} INFO - Processing /home/airflow/.local/lib/python3.12/site-packages/airflow/example_dags/example_sla_dag.py took 0.042 seconds
[2024-11-11T03:05:48.420+0000] {processor.py:186} INFO - Started process (PID=5055) to work on /home/airflow/.local/lib/python3.12/site-packages/airflow/example_dags/example_sla_dag.py
[2024-11-11T03:05:48.420+0000] {processor.py:914} INFO - Processing file /home/airflow/.local/lib/python3.12/site-packages/airflow/example_dags/example_sla_dag.py for tasks to queue
[2024-11-11T03:05:48.422+0000] {logging_mixin.py:190} INFO - [2024-11-11T03:05:48.421+0000] {dagbag.py:588} INFO - Filling up the DagBag from /home/airflow/.local/lib/python3.12/site-packages/airflow/example_dags/example_sla_dag.py
[2024-11-11T03:05:48.428+0000] {processor.py:925} INFO - DAG(s) 'example_sla_dag' retrieved from /home/airflow/.local/lib/python3.12/site-packages/airflow/example_dags/example_sla_dag.py
[2024-11-11T03:05:48.438+0000] {logging_mixin.py:190} INFO - [2024-11-11T03:05:48.438+0000] {dag.py:3239} INFO - Sync 1 DAGs
[2024-11-11T03:05:48.450+0000] {logging_mixin.py:190} INFO - [2024-11-11T03:05:48.450+0000] {dag.py:4180} INFO - Setting next_dagrun for example_sla_dag to 2024-11-11 03:02:00+00:00, run_after=2024-11-11 03:04:00+00:00
[2024-11-11T03:05:48.458+0000] {processor.py:208} INFO - Processing /home/airflow/.local/lib/python3.12/site-packages/airflow/example_dags/example_sla_dag.py took 0.043 seconds
[2024-11-11T03:06:18.745+0000] {processor.py:186} INFO - Started process (PID=5118) to work on /home/airflow/.local/lib/python3.12/site-packages/airflow/example_dags/example_sla_dag.py
[2024-11-11T03:06:18.745+0000] {processor.py:914} INFO - Processing file /home/airflow/.local/lib/python3.12/site-packages/airflow/example_dags/example_sla_dag.py for tasks to queue
[2024-11-11T03:06:18.747+0000] {logging_mixin.py:190} INFO - [2024-11-11T03:06:18.747+0000] {dagbag.py:588} INFO - Filling up the DagBag from /home/airflow/.local/lib/python3.12/site-packages/airflow/example_dags/example_sla_dag.py
[2024-11-11T03:06:18.753+0000] {processor.py:925} INFO - DAG(s) 'example_sla_dag' retrieved from /home/airflow/.local/lib/python3.12/site-packages/airflow/example_dags/example_sla_dag.py
[2024-11-11T03:06:18.763+0000] {logging_mixin.py:190} INFO - [2024-11-11T03:06:18.762+0000] {dag.py:3239} INFO - Sync 1 DAGs
[2024-11-11T03:06:18.774+0000] {logging_mixin.py:190} INFO - [2024-11-11T03:06:18.774+0000] {dag.py:4180} INFO - Setting next_dagrun for example_sla_dag to 2024-11-11 03:04:00+00:00, run_after=2024-11-11 03:06:00+00:00
[2024-11-11T03:06:18.783+0000] {processor.py:208} INFO - Processing /home/airflow/.local/lib/python3.12/site-packages/airflow/example_dags/example_sla_dag.py took 0.042 seconds
[2024-11-11T03:06:49.247+0000] {processor.py:186} INFO - Started process (PID=5181) to work on /home/airflow/.local/lib/python3.12/site-packages/airflow/example_dags/example_sla_dag.py
[2024-11-11T03:06:49.248+0000] {processor.py:914} INFO - Processing file /home/airflow/.local/lib/python3.12/site-packages/airflow/example_dags/example_sla_dag.py for tasks to queue
[2024-11-11T03:06:49.250+0000] {logging_mixin.py:190} INFO - [2024-11-11T03:06:49.250+0000] {dagbag.py:588} INFO - Filling up the DagBag from /home/airflow/.local/lib/python3.12/site-packages/airflow/example_dags/example_sla_dag.py
[2024-11-11T03:06:49.256+0000] {processor.py:925} INFO - DAG(s) 'example_sla_dag' retrieved from /home/airflow/.local/lib/python3.12/site-packages/airflow/example_dags/example_sla_dag.py
[2024-11-11T03:06:49.266+0000] {logging_mixin.py:190} INFO - [2024-11-11T03:06:49.266+0000] {dag.py:3239} INFO - Sync 1 DAGs
[2024-11-11T03:06:49.278+0000] {logging_mixin.py:190} INFO - [2024-11-11T03:06:49.278+0000] {dag.py:4180} INFO - Setting next_dagrun for example_sla_dag to 2024-11-11 03:04:00+00:00, run_after=2024-11-11 03:06:00+00:00
[2024-11-11T03:06:49.286+0000] {processor.py:208} INFO - Processing /home/airflow/.local/lib/python3.12/site-packages/airflow/example_dags/example_sla_dag.py took 0.041 seconds
[2024-11-11T03:07:19.767+0000] {processor.py:186} INFO - Started process (PID=5245) to work on /home/airflow/.local/lib/python3.12/site-packages/airflow/example_dags/example_sla_dag.py
[2024-11-11T03:07:19.768+0000] {processor.py:914} INFO - Processing file /home/airflow/.local/lib/python3.12/site-packages/airflow/example_dags/example_sla_dag.py for tasks to queue
[2024-11-11T03:07:19.769+0000] {logging_mixin.py:190} INFO - [2024-11-11T03:07:19.769+0000] {dagbag.py:588} INFO - Filling up the DagBag from /home/airflow/.local/lib/python3.12/site-packages/airflow/example_dags/example_sla_dag.py
[2024-11-11T03:07:19.775+0000] {processor.py:925} INFO - DAG(s) 'example_sla_dag' retrieved from /home/airflow/.local/lib/python3.12/site-packages/airflow/example_dags/example_sla_dag.py
[2024-11-11T03:07:19.785+0000] {logging_mixin.py:190} INFO - [2024-11-11T03:07:19.785+0000] {dag.py:3239} INFO - Sync 1 DAGs
[2024-11-11T03:07:19.796+0000] {logging_mixin.py:190} INFO - [2024-11-11T03:07:19.796+0000] {dag.py:4180} INFO - Setting next_dagrun for example_sla_dag to 2024-11-11 03:04:00+00:00, run_after=2024-11-11 03:06:00+00:00
[2024-11-11T03:07:19.805+0000] {processor.py:208} INFO - Processing /home/airflow/.local/lib/python3.12/site-packages/airflow/example_dags/example_sla_dag.py took 0.041 seconds
[2024-11-11T03:07:50.552+0000] {processor.py:186} INFO - Started process (PID=5308) to work on /home/airflow/.local/lib/python3.12/site-packages/airflow/example_dags/example_sla_dag.py
[2024-11-11T03:07:50.553+0000] {processor.py:914} INFO - Processing file /home/airflow/.local/lib/python3.12/site-packages/airflow/example_dags/example_sla_dag.py for tasks to queue
[2024-11-11T03:07:50.554+0000] {logging_mixin.py:190} INFO - [2024-11-11T03:07:50.554+0000] {dagbag.py:588} INFO - Filling up the DagBag from /home/airflow/.local/lib/python3.12/site-packages/airflow/example_dags/example_sla_dag.py
[2024-11-11T03:07:50.560+0000] {processor.py:925} INFO - DAG(s) 'example_sla_dag' retrieved from /home/airflow/.local/lib/python3.12/site-packages/airflow/example_dags/example_sla_dag.py
[2024-11-11T03:07:50.570+0000] {logging_mixin.py:190} INFO - [2024-11-11T03:07:50.570+0000] {dag.py:3239} INFO - Sync 1 DAGs
[2024-11-11T03:07:50.582+0000] {logging_mixin.py:190} INFO - [2024-11-11T03:07:50.582+0000] {dag.py:4180} INFO - Setting next_dagrun for example_sla_dag to 2024-11-11 03:04:00+00:00, run_after=2024-11-11 03:06:00+00:00
[2024-11-11T03:07:50.590+0000] {processor.py:208} INFO - Processing /home/airflow/.local/lib/python3.12/site-packages/airflow/example_dags/example_sla_dag.py took 0.041 seconds
[2024-11-11T03:08:21.101+0000] {processor.py:186} INFO - Started process (PID=5371) to work on /home/airflow/.local/lib/python3.12/site-packages/airflow/example_dags/example_sla_dag.py
[2024-11-11T03:08:21.101+0000] {processor.py:914} INFO - Processing file /home/airflow/.local/lib/python3.12/site-packages/airflow/example_dags/example_sla_dag.py for tasks to queue
[2024-11-11T03:08:21.103+0000] {logging_mixin.py:190} INFO - [2024-11-11T03:08:21.102+0000] {dagbag.py:588} INFO - Filling up the DagBag from /home/airflow/.local/lib/python3.12/site-packages/airflow/example_dags/example_sla_dag.py
[2024-11-11T03:08:21.109+0000] {processor.py:925} INFO - DAG(s) 'example_sla_dag' retrieved from /home/airflow/.local/lib/python3.12/site-packages/airflow/example_dags/example_sla_dag.py
[2024-11-11T03:08:21.120+0000] {logging_mixin.py:190} INFO - [2024-11-11T03:08:21.120+0000] {dag.py:3239} INFO - Sync 1 DAGs
[2024-11-11T03:08:21.132+0000] {logging_mixin.py:190} INFO - [2024-11-11T03:08:21.132+0000] {dag.py:4180} INFO - Setting next_dagrun for example_sla_dag to 2024-11-11 03:06:00+00:00, run_after=2024-11-11 03:08:00+00:00
[2024-11-11T03:08:21.141+0000] {processor.py:208} INFO - Processing /home/airflow/.local/lib/python3.12/site-packages/airflow/example_dags/example_sla_dag.py took 0.044 seconds
[2024-11-11T03:08:51.629+0000] {processor.py:186} INFO - Started process (PID=5434) to work on /home/airflow/.local/lib/python3.12/site-packages/airflow/example_dags/example_sla_dag.py
[2024-11-11T03:08:51.629+0000] {processor.py:914} INFO - Processing file /home/airflow/.local/lib/python3.12/site-packages/airflow/example_dags/example_sla_dag.py for tasks to queue
[2024-11-11T03:08:51.631+0000] {logging_mixin.py:190} INFO - [2024-11-11T03:08:51.631+0000] {dagbag.py:588} INFO - Filling up the DagBag from /home/airflow/.local/lib/python3.12/site-packages/airflow/example_dags/example_sla_dag.py
[2024-11-11T03:08:51.636+0000] {processor.py:925} INFO - DAG(s) 'example_sla_dag' retrieved from /home/airflow/.local/lib/python3.12/site-packages/airflow/example_dags/example_sla_dag.py
[2024-11-11T03:08:51.647+0000] {logging_mixin.py:190} INFO - [2024-11-11T03:08:51.647+0000] {dag.py:3239} INFO - Sync 1 DAGs
[2024-11-11T03:08:51.659+0000] {logging_mixin.py:190} INFO - [2024-11-11T03:08:51.659+0000] {dag.py:4180} INFO - Setting next_dagrun for example_sla_dag to 2024-11-11 03:06:00+00:00, run_after=2024-11-11 03:08:00+00:00
[2024-11-11T03:08:51.668+0000] {processor.py:208} INFO - Processing /home/airflow/.local/lib/python3.12/site-packages/airflow/example_dags/example_sla_dag.py took 0.043 seconds
[2024-11-11T03:09:22.100+0000] {processor.py:186} INFO - Started process (PID=5497) to work on /home/airflow/.local/lib/python3.12/site-packages/airflow/example_dags/example_sla_dag.py
[2024-11-11T03:09:22.100+0000] {processor.py:914} INFO - Processing file /home/airflow/.local/lib/python3.12/site-packages/airflow/example_dags/example_sla_dag.py for tasks to queue
[2024-11-11T03:09:22.102+0000] {logging_mixin.py:190} INFO - [2024-11-11T03:09:22.102+0000] {dagbag.py:588} INFO - Filling up the DagBag from /home/airflow/.local/lib/python3.12/site-packages/airflow/example_dags/example_sla_dag.py
[2024-11-11T03:09:22.108+0000] {processor.py:925} INFO - DAG(s) 'example_sla_dag' retrieved from /home/airflow/.local/lib/python3.12/site-packages/airflow/example_dags/example_sla_dag.py
[2024-11-11T03:09:22.118+0000] {logging_mixin.py:190} INFO - [2024-11-11T03:09:22.118+0000] {dag.py:3239} INFO - Sync 1 DAGs
[2024-11-11T03:09:22.130+0000] {logging_mixin.py:190} INFO - [2024-11-11T03:09:22.130+0000] {dag.py:4180} INFO - Setting next_dagrun for example_sla_dag to 2024-11-11 03:06:00+00:00, run_after=2024-11-11 03:08:00+00:00
[2024-11-11T03:09:22.139+0000] {processor.py:208} INFO - Processing /home/airflow/.local/lib/python3.12/site-packages/airflow/example_dags/example_sla_dag.py took 0.043 seconds
[2024-11-11T03:09:52.820+0000] {processor.py:186} INFO - Started process (PID=5560) to work on /home/airflow/.local/lib/python3.12/site-packages/airflow/example_dags/example_sla_dag.py
[2024-11-11T03:09:52.821+0000] {processor.py:914} INFO - Processing file /home/airflow/.local/lib/python3.12/site-packages/airflow/example_dags/example_sla_dag.py for tasks to queue
[2024-11-11T03:09:52.822+0000] {logging_mixin.py:190} INFO - [2024-11-11T03:09:52.822+0000] {dagbag.py:588} INFO - Filling up the DagBag from /home/airflow/.local/lib/python3.12/site-packages/airflow/example_dags/example_sla_dag.py
[2024-11-11T03:09:52.828+0000] {processor.py:925} INFO - DAG(s) 'example_sla_dag' retrieved from /home/airflow/.local/lib/python3.12/site-packages/airflow/example_dags/example_sla_dag.py
[2024-11-11T03:09:52.838+0000] {logging_mixin.py:190} INFO - [2024-11-11T03:09:52.838+0000] {dag.py:3239} INFO - Sync 1 DAGs
[2024-11-11T03:09:52.851+0000] {logging_mixin.py:190} INFO - [2024-11-11T03:09:52.851+0000] {dag.py:4180} INFO - Setting next_dagrun for example_sla_dag to 2024-11-11 03:06:00+00:00, run_after=2024-11-11 03:08:00+00:00
[2024-11-11T03:09:52.860+0000] {processor.py:208} INFO - Processing /home/airflow/.local/lib/python3.12/site-packages/airflow/example_dags/example_sla_dag.py took 0.043 seconds
[2024-11-11T03:10:23.478+0000] {processor.py:186} INFO - Started process (PID=5623) to work on /home/airflow/.local/lib/python3.12/site-packages/airflow/example_dags/example_sla_dag.py
[2024-11-11T03:10:23.478+0000] {processor.py:914} INFO - Processing file /home/airflow/.local/lib/python3.12/site-packages/airflow/example_dags/example_sla_dag.py for tasks to queue
[2024-11-11T03:10:23.479+0000] {logging_mixin.py:190} INFO - [2024-11-11T03:10:23.479+0000] {dagbag.py:588} INFO - Filling up the DagBag from /home/airflow/.local/lib/python3.12/site-packages/airflow/example_dags/example_sla_dag.py
[2024-11-11T03:10:23.485+0000] {processor.py:925} INFO - DAG(s) 'example_sla_dag' retrieved from /home/airflow/.local/lib/python3.12/site-packages/airflow/example_dags/example_sla_dag.py
[2024-11-11T03:10:23.495+0000] {logging_mixin.py:190} INFO - [2024-11-11T03:10:23.495+0000] {dag.py:3239} INFO - Sync 1 DAGs
[2024-11-11T03:10:23.508+0000] {logging_mixin.py:190} INFO - [2024-11-11T03:10:23.508+0000] {dag.py:4180} INFO - Setting next_dagrun for example_sla_dag to 2024-11-11 03:08:00+00:00, run_after=2024-11-11 03:10:00+00:00
[2024-11-11T03:10:23.517+0000] {processor.py:208} INFO - Processing /home/airflow/.local/lib/python3.12/site-packages/airflow/example_dags/example_sla_dag.py took 0.043 seconds
[2024-11-11T03:10:54.488+0000] {processor.py:186} INFO - Started process (PID=5686) to work on /home/airflow/.local/lib/python3.12/site-packages/airflow/example_dags/example_sla_dag.py
[2024-11-11T03:10:54.489+0000] {processor.py:914} INFO - Processing file /home/airflow/.local/lib/python3.12/site-packages/airflow/example_dags/example_sla_dag.py for tasks to queue
[2024-11-11T03:10:54.491+0000] {logging_mixin.py:190} INFO - [2024-11-11T03:10:54.490+0000] {dagbag.py:588} INFO - Filling up the DagBag from /home/airflow/.local/lib/python3.12/site-packages/airflow/example_dags/example_sla_dag.py
[2024-11-11T03:10:54.497+0000] {processor.py:925} INFO - DAG(s) 'example_sla_dag' retrieved from /home/airflow/.local/lib/python3.12/site-packages/airflow/example_dags/example_sla_dag.py
[2024-11-11T03:10:54.507+0000] {logging_mixin.py:190} INFO - [2024-11-11T03:10:54.507+0000] {dag.py:3239} INFO - Sync 1 DAGs
[2024-11-11T03:10:54.519+0000] {logging_mixin.py:190} INFO - [2024-11-11T03:10:54.519+0000] {dag.py:4180} INFO - Setting next_dagrun for example_sla_dag to 2024-11-11 03:08:00+00:00, run_after=2024-11-11 03:10:00+00:00
[2024-11-11T03:10:54.528+0000] {processor.py:208} INFO - Processing /home/airflow/.local/lib/python3.12/site-packages/airflow/example_dags/example_sla_dag.py took 0.043 seconds
[2024-11-11T03:22:06.079+0000] {processor.py:186} INFO - Started process (PID=5749) to work on /home/airflow/.local/lib/python3.12/site-packages/airflow/example_dags/example_sla_dag.py
[2024-11-11T03:22:06.080+0000] {processor.py:914} INFO - Processing file /home/airflow/.local/lib/python3.12/site-packages/airflow/example_dags/example_sla_dag.py for tasks to queue
[2024-11-11T03:22:06.081+0000] {logging_mixin.py:190} INFO - [2024-11-11T03:22:06.081+0000] {dagbag.py:588} INFO - Filling up the DagBag from /home/airflow/.local/lib/python3.12/site-packages/airflow/example_dags/example_sla_dag.py
[2024-11-11T03:22:06.087+0000] {processor.py:925} INFO - DAG(s) 'example_sla_dag' retrieved from /home/airflow/.local/lib/python3.12/site-packages/airflow/example_dags/example_sla_dag.py
[2024-11-11T03:22:06.098+0000] {logging_mixin.py:190} INFO - [2024-11-11T03:22:06.098+0000] {dag.py:3239} INFO - Sync 1 DAGs
[2024-11-11T03:22:06.110+0000] {logging_mixin.py:190} INFO - [2024-11-11T03:22:06.110+0000] {dag.py:4180} INFO - Setting next_dagrun for example_sla_dag to 2024-11-11 03:20:00+00:00, run_after=2024-11-11 03:22:00+00:00
[2024-11-11T03:22:06.118+0000] {processor.py:208} INFO - Processing /home/airflow/.local/lib/python3.12/site-packages/airflow/example_dags/example_sla_dag.py took 0.042 seconds
[2024-11-11T03:22:36.956+0000] {processor.py:186} INFO - Started process (PID=5812) to work on /home/airflow/.local/lib/python3.12/site-packages/airflow/example_dags/example_sla_dag.py
[2024-11-11T03:22:36.957+0000] {processor.py:914} INFO - Processing file /home/airflow/.local/lib/python3.12/site-packages/airflow/example_dags/example_sla_dag.py for tasks to queue
[2024-11-11T03:22:36.958+0000] {logging_mixin.py:190} INFO - [2024-11-11T03:22:36.958+0000] {dagbag.py:588} INFO - Filling up the DagBag from /home/airflow/.local/lib/python3.12/site-packages/airflow/example_dags/example_sla_dag.py
[2024-11-11T03:22:36.964+0000] {processor.py:925} INFO - DAG(s) 'example_sla_dag' retrieved from /home/airflow/.local/lib/python3.12/site-packages/airflow/example_dags/example_sla_dag.py
[2024-11-11T03:22:36.974+0000] {logging_mixin.py:190} INFO - [2024-11-11T03:22:36.974+0000] {dag.py:3239} INFO - Sync 1 DAGs
[2024-11-11T03:22:36.987+0000] {logging_mixin.py:190} INFO - [2024-11-11T03:22:36.987+0000] {dag.py:4180} INFO - Setting next_dagrun for example_sla_dag to 2024-11-11 03:20:00+00:00, run_after=2024-11-11 03:22:00+00:00
[2024-11-11T03:22:36.996+0000] {processor.py:208} INFO - Processing /home/airflow/.local/lib/python3.12/site-packages/airflow/example_dags/example_sla_dag.py took 0.044 seconds
[2024-11-11T03:23:08.097+0000] {processor.py:186} INFO - Started process (PID=5875) to work on /home/airflow/.local/lib/python3.12/site-packages/airflow/example_dags/example_sla_dag.py
[2024-11-11T03:23:08.097+0000] {processor.py:914} INFO - Processing file /home/airflow/.local/lib/python3.12/site-packages/airflow/example_dags/example_sla_dag.py for tasks to queue
[2024-11-11T03:23:08.098+0000] {logging_mixin.py:190} INFO - [2024-11-11T03:23:08.098+0000] {dagbag.py:588} INFO - Filling up the DagBag from /home/airflow/.local/lib/python3.12/site-packages/airflow/example_dags/example_sla_dag.py
[2024-11-11T03:23:08.105+0000] {processor.py:925} INFO - DAG(s) 'example_sla_dag' retrieved from /home/airflow/.local/lib/python3.12/site-packages/airflow/example_dags/example_sla_dag.py
[2024-11-11T03:23:08.115+0000] {logging_mixin.py:190} INFO - [2024-11-11T03:23:08.115+0000] {dag.py:3239} INFO - Sync 1 DAGs
[2024-11-11T03:23:08.127+0000] {logging_mixin.py:190} INFO - [2024-11-11T03:23:08.127+0000] {dag.py:4180} INFO - Setting next_dagrun for example_sla_dag to 2024-11-11 03:20:00+00:00, run_after=2024-11-11 03:22:00+00:00
[2024-11-11T03:23:08.136+0000] {processor.py:208} INFO - Processing /home/airflow/.local/lib/python3.12/site-packages/airflow/example_dags/example_sla_dag.py took 0.043 seconds
[2024-11-11T03:23:38.906+0000] {processor.py:186} INFO - Started process (PID=5938) to work on /home/airflow/.local/lib/python3.12/site-packages/airflow/example_dags/example_sla_dag.py
[2024-11-11T03:23:38.907+0000] {processor.py:914} INFO - Processing file /home/airflow/.local/lib/python3.12/site-packages/airflow/example_dags/example_sla_dag.py for tasks to queue
[2024-11-11T03:23:38.909+0000] {logging_mixin.py:190} INFO - [2024-11-11T03:23:38.908+0000] {dagbag.py:588} INFO - Filling up the DagBag from /home/airflow/.local/lib/python3.12/site-packages/airflow/example_dags/example_sla_dag.py
[2024-11-11T03:23:38.915+0000] {processor.py:925} INFO - DAG(s) 'example_sla_dag' retrieved from /home/airflow/.local/lib/python3.12/site-packages/airflow/example_dags/example_sla_dag.py
[2024-11-11T03:23:38.925+0000] {logging_mixin.py:190} INFO - [2024-11-11T03:23:38.925+0000] {dag.py:3239} INFO - Sync 1 DAGs
[2024-11-11T03:23:38.938+0000] {logging_mixin.py:190} INFO - [2024-11-11T03:23:38.937+0000] {dag.py:4180} INFO - Setting next_dagrun for example_sla_dag to 2024-11-11 03:20:00+00:00, run_after=2024-11-11 03:22:00+00:00
[2024-11-11T03:23:38.947+0000] {processor.py:208} INFO - Processing /home/airflow/.local/lib/python3.12/site-packages/airflow/example_dags/example_sla_dag.py took 0.043 seconds
[2024-11-11T03:24:09.866+0000] {processor.py:186} INFO - Started process (PID=6001) to work on /home/airflow/.local/lib/python3.12/site-packages/airflow/example_dags/example_sla_dag.py
[2024-11-11T03:24:09.867+0000] {processor.py:914} INFO - Processing file /home/airflow/.local/lib/python3.12/site-packages/airflow/example_dags/example_sla_dag.py for tasks to queue
[2024-11-11T03:24:09.868+0000] {logging_mixin.py:190} INFO - [2024-11-11T03:24:09.868+0000] {dagbag.py:588} INFO - Filling up the DagBag from /home/airflow/.local/lib/python3.12/site-packages/airflow/example_dags/example_sla_dag.py
[2024-11-11T03:24:09.874+0000] {processor.py:925} INFO - DAG(s) 'example_sla_dag' retrieved from /home/airflow/.local/lib/python3.12/site-packages/airflow/example_dags/example_sla_dag.py
[2024-11-11T03:24:09.885+0000] {logging_mixin.py:190} INFO - [2024-11-11T03:24:09.884+0000] {dag.py:3239} INFO - Sync 1 DAGs
[2024-11-11T03:24:09.897+0000] {logging_mixin.py:190} INFO - [2024-11-11T03:24:09.897+0000] {dag.py:4180} INFO - Setting next_dagrun for example_sla_dag to 2024-11-11 03:22:00+00:00, run_after=2024-11-11 03:24:00+00:00
[2024-11-11T03:24:09.906+0000] {processor.py:208} INFO - Processing /home/airflow/.local/lib/python3.12/site-packages/airflow/example_dags/example_sla_dag.py took 0.043 seconds
[2024-11-11T03:24:40.731+0000] {processor.py:186} INFO - Started process (PID=6063) to work on /home/airflow/.local/lib/python3.12/site-packages/airflow/example_dags/example_sla_dag.py
[2024-11-11T03:24:40.732+0000] {processor.py:914} INFO - Processing file /home/airflow/.local/lib/python3.12/site-packages/airflow/example_dags/example_sla_dag.py for tasks to queue
[2024-11-11T03:24:40.733+0000] {logging_mixin.py:190} INFO - [2024-11-11T03:24:40.733+0000] {dagbag.py:588} INFO - Filling up the DagBag from /home/airflow/.local/lib/python3.12/site-packages/airflow/example_dags/example_sla_dag.py
[2024-11-11T03:24:40.741+0000] {processor.py:925} INFO - DAG(s) 'example_sla_dag' retrieved from /home/airflow/.local/lib/python3.12/site-packages/airflow/example_dags/example_sla_dag.py
[2024-11-11T03:24:40.753+0000] {logging_mixin.py:190} INFO - [2024-11-11T03:24:40.752+0000] {dag.py:3239} INFO - Sync 1 DAGs
[2024-11-11T03:24:40.766+0000] {logging_mixin.py:190} INFO - [2024-11-11T03:24:40.766+0000] {dag.py:4180} INFO - Setting next_dagrun for example_sla_dag to 2024-11-11 03:22:00+00:00, run_after=2024-11-11 03:24:00+00:00
[2024-11-11T03:24:40.775+0000] {processor.py:208} INFO - Processing /home/airflow/.local/lib/python3.12/site-packages/airflow/example_dags/example_sla_dag.py took 0.048 seconds
[2024-11-11T03:25:11.454+0000] {processor.py:186} INFO - Started process (PID=6126) to work on /home/airflow/.local/lib/python3.12/site-packages/airflow/example_dags/example_sla_dag.py
[2024-11-11T03:25:11.454+0000] {processor.py:914} INFO - Processing file /home/airflow/.local/lib/python3.12/site-packages/airflow/example_dags/example_sla_dag.py for tasks to queue
[2024-11-11T03:25:11.456+0000] {logging_mixin.py:190} INFO - [2024-11-11T03:25:11.456+0000] {dagbag.py:588} INFO - Filling up the DagBag from /home/airflow/.local/lib/python3.12/site-packages/airflow/example_dags/example_sla_dag.py
[2024-11-11T03:25:11.462+0000] {processor.py:925} INFO - DAG(s) 'example_sla_dag' retrieved from /home/airflow/.local/lib/python3.12/site-packages/airflow/example_dags/example_sla_dag.py
[2024-11-11T03:25:11.472+0000] {logging_mixin.py:190} INFO - [2024-11-11T03:25:11.472+0000] {dag.py:3239} INFO - Sync 1 DAGs
[2024-11-11T03:25:11.485+0000] {logging_mixin.py:190} INFO - [2024-11-11T03:25:11.484+0000] {dag.py:4180} INFO - Setting next_dagrun for example_sla_dag to 2024-11-11 03:22:00+00:00, run_after=2024-11-11 03:24:00+00:00
[2024-11-11T03:25:11.493+0000] {processor.py:208} INFO - Processing /home/airflow/.local/lib/python3.12/site-packages/airflow/example_dags/example_sla_dag.py took 0.042 seconds
[2024-11-11T03:25:42.533+0000] {processor.py:186} INFO - Started process (PID=6189) to work on /home/airflow/.local/lib/python3.12/site-packages/airflow/example_dags/example_sla_dag.py
[2024-11-11T03:25:42.533+0000] {processor.py:914} INFO - Processing file /home/airflow/.local/lib/python3.12/site-packages/airflow/example_dags/example_sla_dag.py for tasks to queue
[2024-11-11T03:25:42.535+0000] {logging_mixin.py:190} INFO - [2024-11-11T03:25:42.535+0000] {dagbag.py:588} INFO - Filling up the DagBag from /home/airflow/.local/lib/python3.12/site-packages/airflow/example_dags/example_sla_dag.py
[2024-11-11T03:25:42.541+0000] {processor.py:925} INFO - DAG(s) 'example_sla_dag' retrieved from /home/airflow/.local/lib/python3.12/site-packages/airflow/example_dags/example_sla_dag.py
[2024-11-11T03:25:42.551+0000] {logging_mixin.py:190} INFO - [2024-11-11T03:25:42.551+0000] {dag.py:3239} INFO - Sync 1 DAGs
[2024-11-11T03:25:42.565+0000] {logging_mixin.py:190} INFO - [2024-11-11T03:25:42.565+0000] {dag.py:4180} INFO - Setting next_dagrun for example_sla_dag to 2024-11-11 03:22:00+00:00, run_after=2024-11-11 03:24:00+00:00
[2024-11-11T03:25:42.575+0000] {processor.py:208} INFO - Processing /home/airflow/.local/lib/python3.12/site-packages/airflow/example_dags/example_sla_dag.py took 0.045 seconds
[2024-11-11T03:26:13.289+0000] {processor.py:186} INFO - Started process (PID=6252) to work on /home/airflow/.local/lib/python3.12/site-packages/airflow/example_dags/example_sla_dag.py
[2024-11-11T03:26:13.289+0000] {processor.py:914} INFO - Processing file /home/airflow/.local/lib/python3.12/site-packages/airflow/example_dags/example_sla_dag.py for tasks to queue
[2024-11-11T03:26:13.291+0000] {logging_mixin.py:190} INFO - [2024-11-11T03:26:13.291+0000] {dagbag.py:588} INFO - Filling up the DagBag from /home/airflow/.local/lib/python3.12/site-packages/airflow/example_dags/example_sla_dag.py
[2024-11-11T03:26:13.297+0000] {processor.py:925} INFO - DAG(s) 'example_sla_dag' retrieved from /home/airflow/.local/lib/python3.12/site-packages/airflow/example_dags/example_sla_dag.py
[2024-11-11T03:26:13.307+0000] {logging_mixin.py:190} INFO - [2024-11-11T03:26:13.307+0000] {dag.py:3239} INFO - Sync 1 DAGs
[2024-11-11T03:26:13.319+0000] {logging_mixin.py:190} INFO - [2024-11-11T03:26:13.319+0000] {dag.py:4180} INFO - Setting next_dagrun for example_sla_dag to 2024-11-11 03:24:00+00:00, run_after=2024-11-11 03:26:00+00:00
[2024-11-11T03:26:13.327+0000] {processor.py:208} INFO - Processing /home/airflow/.local/lib/python3.12/site-packages/airflow/example_dags/example_sla_dag.py took 0.042 seconds
[2024-11-11T03:26:43.971+0000] {processor.py:186} INFO - Started process (PID=6315) to work on /home/airflow/.local/lib/python3.12/site-packages/airflow/example_dags/example_sla_dag.py
[2024-11-11T03:26:43.972+0000] {processor.py:914} INFO - Processing file /home/airflow/.local/lib/python3.12/site-packages/airflow/example_dags/example_sla_dag.py for tasks to queue
[2024-11-11T03:26:43.973+0000] {logging_mixin.py:190} INFO - [2024-11-11T03:26:43.973+0000] {dagbag.py:588} INFO - Filling up the DagBag from /home/airflow/.local/lib/python3.12/site-packages/airflow/example_dags/example_sla_dag.py
[2024-11-11T03:26:43.980+0000] {processor.py:925} INFO - DAG(s) 'example_sla_dag' retrieved from /home/airflow/.local/lib/python3.12/site-packages/airflow/example_dags/example_sla_dag.py
[2024-11-11T03:26:43.991+0000] {logging_mixin.py:190} INFO - [2024-11-11T03:26:43.991+0000] {dag.py:3239} INFO - Sync 1 DAGs
[2024-11-11T03:26:44.003+0000] {logging_mixin.py:190} INFO - [2024-11-11T03:26:44.003+0000] {dag.py:4180} INFO - Setting next_dagrun for example_sla_dag to 2024-11-11 03:24:00+00:00, run_after=2024-11-11 03:26:00+00:00
[2024-11-11T03:26:44.013+0000] {processor.py:208} INFO - Processing /home/airflow/.local/lib/python3.12/site-packages/airflow/example_dags/example_sla_dag.py took 0.046 seconds
[2024-11-11T03:27:14.919+0000] {processor.py:186} INFO - Started process (PID=6378) to work on /home/airflow/.local/lib/python3.12/site-packages/airflow/example_dags/example_sla_dag.py
[2024-11-11T03:27:14.920+0000] {processor.py:914} INFO - Processing file /home/airflow/.local/lib/python3.12/site-packages/airflow/example_dags/example_sla_dag.py for tasks to queue
[2024-11-11T03:27:14.922+0000] {logging_mixin.py:190} INFO - [2024-11-11T03:27:14.922+0000] {dagbag.py:588} INFO - Filling up the DagBag from /home/airflow/.local/lib/python3.12/site-packages/airflow/example_dags/example_sla_dag.py
[2024-11-11T03:27:14.928+0000] {processor.py:925} INFO - DAG(s) 'example_sla_dag' retrieved from /home/airflow/.local/lib/python3.12/site-packages/airflow/example_dags/example_sla_dag.py
[2024-11-11T03:27:14.939+0000] {logging_mixin.py:190} INFO - [2024-11-11T03:27:14.939+0000] {dag.py:3239} INFO - Sync 1 DAGs
[2024-11-11T03:27:14.951+0000] {logging_mixin.py:190} INFO - [2024-11-11T03:27:14.951+0000] {dag.py:4180} INFO - Setting next_dagrun for example_sla_dag to 2024-11-11 03:24:00+00:00, run_after=2024-11-11 03:26:00+00:00
[2024-11-11T03:27:14.959+0000] {processor.py:208} INFO - Processing /home/airflow/.local/lib/python3.12/site-packages/airflow/example_dags/example_sla_dag.py took 0.044 seconds
[2024-11-11T03:27:45.646+0000] {processor.py:186} INFO - Started process (PID=6441) to work on /home/airflow/.local/lib/python3.12/site-packages/airflow/example_dags/example_sla_dag.py
[2024-11-11T03:27:45.647+0000] {processor.py:914} INFO - Processing file /home/airflow/.local/lib/python3.12/site-packages/airflow/example_dags/example_sla_dag.py for tasks to queue
[2024-11-11T03:27:45.648+0000] {logging_mixin.py:190} INFO - [2024-11-11T03:27:45.648+0000] {dagbag.py:588} INFO - Filling up the DagBag from /home/airflow/.local/lib/python3.12/site-packages/airflow/example_dags/example_sla_dag.py
[2024-11-11T03:27:45.654+0000] {processor.py:925} INFO - DAG(s) 'example_sla_dag' retrieved from /home/airflow/.local/lib/python3.12/site-packages/airflow/example_dags/example_sla_dag.py
[2024-11-11T03:27:45.666+0000] {logging_mixin.py:190} INFO - [2024-11-11T03:27:45.666+0000] {dag.py:3239} INFO - Sync 1 DAGs
[2024-11-11T03:27:45.681+0000] {logging_mixin.py:190} INFO - [2024-11-11T03:27:45.681+0000] {dag.py:4180} INFO - Setting next_dagrun for example_sla_dag to 2024-11-11 03:24:00+00:00, run_after=2024-11-11 03:26:00+00:00
[2024-11-11T03:27:45.690+0000] {processor.py:208} INFO - Processing /home/airflow/.local/lib/python3.12/site-packages/airflow/example_dags/example_sla_dag.py took 0.048 seconds
[2024-11-11T03:28:16.430+0000] {processor.py:186} INFO - Started process (PID=6504) to work on /home/airflow/.local/lib/python3.12/site-packages/airflow/example_dags/example_sla_dag.py
[2024-11-11T03:28:16.431+0000] {processor.py:914} INFO - Processing file /home/airflow/.local/lib/python3.12/site-packages/airflow/example_dags/example_sla_dag.py for tasks to queue
[2024-11-11T03:28:16.432+0000] {logging_mixin.py:190} INFO - [2024-11-11T03:28:16.432+0000] {dagbag.py:588} INFO - Filling up the DagBag from /home/airflow/.local/lib/python3.12/site-packages/airflow/example_dags/example_sla_dag.py
[2024-11-11T03:28:16.438+0000] {processor.py:925} INFO - DAG(s) 'example_sla_dag' retrieved from /home/airflow/.local/lib/python3.12/site-packages/airflow/example_dags/example_sla_dag.py
[2024-11-11T03:28:16.449+0000] {logging_mixin.py:190} INFO - [2024-11-11T03:28:16.449+0000] {dag.py:3239} INFO - Sync 1 DAGs
[2024-11-11T03:28:16.462+0000] {logging_mixin.py:190} INFO - [2024-11-11T03:28:16.462+0000] {dag.py:4180} INFO - Setting next_dagrun for example_sla_dag to 2024-11-11 03:26:00+00:00, run_after=2024-11-11 03:28:00+00:00
[2024-11-11T03:28:16.472+0000] {processor.py:208} INFO - Processing /home/airflow/.local/lib/python3.12/site-packages/airflow/example_dags/example_sla_dag.py took 0.045 seconds
[2024-11-11T03:28:47.235+0000] {processor.py:186} INFO - Started process (PID=6567) to work on /home/airflow/.local/lib/python3.12/site-packages/airflow/example_dags/example_sla_dag.py
[2024-11-11T03:28:47.236+0000] {processor.py:914} INFO - Processing file /home/airflow/.local/lib/python3.12/site-packages/airflow/example_dags/example_sla_dag.py for tasks to queue
[2024-11-11T03:28:47.238+0000] {logging_mixin.py:190} INFO - [2024-11-11T03:28:47.238+0000] {dagbag.py:588} INFO - Filling up the DagBag from /home/airflow/.local/lib/python3.12/site-packages/airflow/example_dags/example_sla_dag.py
[2024-11-11T03:28:47.245+0000] {processor.py:925} INFO - DAG(s) 'example_sla_dag' retrieved from /home/airflow/.local/lib/python3.12/site-packages/airflow/example_dags/example_sla_dag.py
[2024-11-11T03:28:47.255+0000] {logging_mixin.py:190} INFO - [2024-11-11T03:28:47.254+0000] {dag.py:3239} INFO - Sync 1 DAGs
[2024-11-11T03:28:47.267+0000] {logging_mixin.py:190} INFO - [2024-11-11T03:28:47.267+0000] {dag.py:4180} INFO - Setting next_dagrun for example_sla_dag to 2024-11-11 03:26:00+00:00, run_after=2024-11-11 03:28:00+00:00
[2024-11-11T03:28:47.275+0000] {processor.py:208} INFO - Processing /home/airflow/.local/lib/python3.12/site-packages/airflow/example_dags/example_sla_dag.py took 0.042 seconds
[2024-11-11T03:29:17.957+0000] {processor.py:186} INFO - Started process (PID=6630) to work on /home/airflow/.local/lib/python3.12/site-packages/airflow/example_dags/example_sla_dag.py
[2024-11-11T03:29:17.958+0000] {processor.py:914} INFO - Processing file /home/airflow/.local/lib/python3.12/site-packages/airflow/example_dags/example_sla_dag.py for tasks to queue
[2024-11-11T03:29:17.960+0000] {logging_mixin.py:190} INFO - [2024-11-11T03:29:17.959+0000] {dagbag.py:588} INFO - Filling up the DagBag from /home/airflow/.local/lib/python3.12/site-packages/airflow/example_dags/example_sla_dag.py
[2024-11-11T03:29:17.966+0000] {processor.py:925} INFO - DAG(s) 'example_sla_dag' retrieved from /home/airflow/.local/lib/python3.12/site-packages/airflow/example_dags/example_sla_dag.py
[2024-11-11T03:29:17.977+0000] {logging_mixin.py:190} INFO - [2024-11-11T03:29:17.977+0000] {dag.py:3239} INFO - Sync 1 DAGs
[2024-11-11T03:29:17.990+0000] {logging_mixin.py:190} INFO - [2024-11-11T03:29:17.990+0000] {dag.py:4180} INFO - Setting next_dagrun for example_sla_dag to 2024-11-11 03:26:00+00:00, run_after=2024-11-11 03:28:00+00:00
[2024-11-11T03:29:18.000+0000] {processor.py:208} INFO - Processing /home/airflow/.local/lib/python3.12/site-packages/airflow/example_dags/example_sla_dag.py took 0.047 seconds
[2024-11-11T03:29:48.914+0000] {processor.py:186} INFO - Started process (PID=6692) to work on /home/airflow/.local/lib/python3.12/site-packages/airflow/example_dags/example_sla_dag.py
[2024-11-11T03:29:48.914+0000] {processor.py:914} INFO - Processing file /home/airflow/.local/lib/python3.12/site-packages/airflow/example_dags/example_sla_dag.py for tasks to queue
[2024-11-11T03:29:48.916+0000] {logging_mixin.py:190} INFO - [2024-11-11T03:29:48.916+0000] {dagbag.py:588} INFO - Filling up the DagBag from /home/airflow/.local/lib/python3.12/site-packages/airflow/example_dags/example_sla_dag.py
[2024-11-11T03:29:48.922+0000] {processor.py:925} INFO - DAG(s) 'example_sla_dag' retrieved from /home/airflow/.local/lib/python3.12/site-packages/airflow/example_dags/example_sla_dag.py
[2024-11-11T03:29:48.934+0000] {logging_mixin.py:190} INFO - [2024-11-11T03:29:48.934+0000] {dag.py:3239} INFO - Sync 1 DAGs
[2024-11-11T03:29:48.948+0000] {logging_mixin.py:190} INFO - [2024-11-11T03:29:48.948+0000] {dag.py:4180} INFO - Setting next_dagrun for example_sla_dag to 2024-11-11 03:26:00+00:00, run_after=2024-11-11 03:28:00+00:00
[2024-11-11T03:29:48.957+0000] {processor.py:208} INFO - Processing /home/airflow/.local/lib/python3.12/site-packages/airflow/example_dags/example_sla_dag.py took 0.047 seconds
[2024-11-11T03:30:19.939+0000] {processor.py:186} INFO - Started process (PID=6755) to work on /home/airflow/.local/lib/python3.12/site-packages/airflow/example_dags/example_sla_dag.py
[2024-11-11T03:30:19.945+0000] {processor.py:914} INFO - Processing file /home/airflow/.local/lib/python3.12/site-packages/airflow/example_dags/example_sla_dag.py for tasks to queue
[2024-11-11T03:30:19.947+0000] {logging_mixin.py:190} INFO - [2024-11-11T03:30:19.947+0000] {dagbag.py:588} INFO - Filling up the DagBag from /home/airflow/.local/lib/python3.12/site-packages/airflow/example_dags/example_sla_dag.py
[2024-11-11T03:30:19.956+0000] {processor.py:925} INFO - DAG(s) 'example_sla_dag' retrieved from /home/airflow/.local/lib/python3.12/site-packages/airflow/example_dags/example_sla_dag.py
[2024-11-11T03:30:19.969+0000] {logging_mixin.py:190} INFO - [2024-11-11T03:30:19.969+0000] {dag.py:3239} INFO - Sync 1 DAGs
[2024-11-11T03:30:19.983+0000] {logging_mixin.py:190} INFO - [2024-11-11T03:30:19.983+0000] {dag.py:4180} INFO - Setting next_dagrun for example_sla_dag to 2024-11-11 03:28:00+00:00, run_after=2024-11-11 03:30:00+00:00
[2024-11-11T03:30:19.994+0000] {processor.py:208} INFO - Processing /home/airflow/.local/lib/python3.12/site-packages/airflow/example_dags/example_sla_dag.py took 0.062 seconds
[2024-11-11T03:30:51.064+0000] {processor.py:186} INFO - Started process (PID=6818) to work on /home/airflow/.local/lib/python3.12/site-packages/airflow/example_dags/example_sla_dag.py
[2024-11-11T03:30:51.065+0000] {processor.py:914} INFO - Processing file /home/airflow/.local/lib/python3.12/site-packages/airflow/example_dags/example_sla_dag.py for tasks to queue
[2024-11-11T03:30:51.066+0000] {logging_mixin.py:190} INFO - [2024-11-11T03:30:51.066+0000] {dagbag.py:588} INFO - Filling up the DagBag from /home/airflow/.local/lib/python3.12/site-packages/airflow/example_dags/example_sla_dag.py
[2024-11-11T03:30:51.072+0000] {processor.py:925} INFO - DAG(s) 'example_sla_dag' retrieved from /home/airflow/.local/lib/python3.12/site-packages/airflow/example_dags/example_sla_dag.py
[2024-11-11T03:30:51.083+0000] {logging_mixin.py:190} INFO - [2024-11-11T03:30:51.083+0000] {dag.py:3239} INFO - Sync 1 DAGs
[2024-11-11T03:30:51.096+0000] {logging_mixin.py:190} INFO - [2024-11-11T03:30:51.096+0000] {dag.py:4180} INFO - Setting next_dagrun for example_sla_dag to 2024-11-11 03:28:00+00:00, run_after=2024-11-11 03:30:00+00:00
[2024-11-11T03:30:51.104+0000] {processor.py:208} INFO - Processing /home/airflow/.local/lib/python3.12/site-packages/airflow/example_dags/example_sla_dag.py took 0.044 seconds
[2024-11-11T03:31:21.983+0000] {processor.py:186} INFO - Started process (PID=6881) to work on /home/airflow/.local/lib/python3.12/site-packages/airflow/example_dags/example_sla_dag.py
[2024-11-11T03:31:21.984+0000] {processor.py:914} INFO - Processing file /home/airflow/.local/lib/python3.12/site-packages/airflow/example_dags/example_sla_dag.py for tasks to queue
[2024-11-11T03:31:21.986+0000] {logging_mixin.py:190} INFO - [2024-11-11T03:31:21.985+0000] {dagbag.py:588} INFO - Filling up the DagBag from /home/airflow/.local/lib/python3.12/site-packages/airflow/example_dags/example_sla_dag.py
[2024-11-11T03:31:21.997+0000] {processor.py:925} INFO - DAG(s) 'example_sla_dag' retrieved from /home/airflow/.local/lib/python3.12/site-packages/airflow/example_dags/example_sla_dag.py
[2024-11-11T03:31:22.010+0000] {logging_mixin.py:190} INFO - [2024-11-11T03:31:22.010+0000] {dag.py:3239} INFO - Sync 1 DAGs
[2024-11-11T03:31:22.024+0000] {logging_mixin.py:190} INFO - [2024-11-11T03:31:22.024+0000] {dag.py:4180} INFO - Setting next_dagrun for example_sla_dag to 2024-11-11 03:28:00+00:00, run_after=2024-11-11 03:30:00+00:00
[2024-11-11T03:31:22.035+0000] {processor.py:208} INFO - Processing /home/airflow/.local/lib/python3.12/site-packages/airflow/example_dags/example_sla_dag.py took 0.056 seconds
[2024-11-11T03:31:52.929+0000] {processor.py:186} INFO - Started process (PID=6944) to work on /home/airflow/.local/lib/python3.12/site-packages/airflow/example_dags/example_sla_dag.py
[2024-11-11T03:31:52.930+0000] {processor.py:914} INFO - Processing file /home/airflow/.local/lib/python3.12/site-packages/airflow/example_dags/example_sla_dag.py for tasks to queue
[2024-11-11T03:31:52.932+0000] {logging_mixin.py:190} INFO - [2024-11-11T03:31:52.932+0000] {dagbag.py:588} INFO - Filling up the DagBag from /home/airflow/.local/lib/python3.12/site-packages/airflow/example_dags/example_sla_dag.py
[2024-11-11T03:31:52.939+0000] {processor.py:925} INFO - DAG(s) 'example_sla_dag' retrieved from /home/airflow/.local/lib/python3.12/site-packages/airflow/example_dags/example_sla_dag.py
[2024-11-11T03:31:52.952+0000] {logging_mixin.py:190} INFO - [2024-11-11T03:31:52.951+0000] {dag.py:3239} INFO - Sync 1 DAGs
[2024-11-11T03:31:52.965+0000] {logging_mixin.py:190} INFO - [2024-11-11T03:31:52.965+0000] {dag.py:4180} INFO - Setting next_dagrun for example_sla_dag to 2024-11-11 03:28:00+00:00, run_after=2024-11-11 03:30:00+00:00
[2024-11-11T03:31:52.974+0000] {processor.py:208} INFO - Processing /home/airflow/.local/lib/python3.12/site-packages/airflow/example_dags/example_sla_dag.py took 0.048 seconds
[2024-11-11T03:32:24.400+0000] {processor.py:186} INFO - Started process (PID=7007) to work on /home/airflow/.local/lib/python3.12/site-packages/airflow/example_dags/example_sla_dag.py
[2024-11-11T03:32:24.401+0000] {processor.py:914} INFO - Processing file /home/airflow/.local/lib/python3.12/site-packages/airflow/example_dags/example_sla_dag.py for tasks to queue
[2024-11-11T03:32:24.402+0000] {logging_mixin.py:190} INFO - [2024-11-11T03:32:24.402+0000] {dagbag.py:588} INFO - Filling up the DagBag from /home/airflow/.local/lib/python3.12/site-packages/airflow/example_dags/example_sla_dag.py
[2024-11-11T03:32:24.409+0000] {processor.py:925} INFO - DAG(s) 'example_sla_dag' retrieved from /home/airflow/.local/lib/python3.12/site-packages/airflow/example_dags/example_sla_dag.py
[2024-11-11T03:32:24.420+0000] {logging_mixin.py:190} INFO - [2024-11-11T03:32:24.420+0000] {dag.py:3239} INFO - Sync 1 DAGs
[2024-11-11T03:32:24.434+0000] {logging_mixin.py:190} INFO - [2024-11-11T03:32:24.434+0000] {dag.py:4180} INFO - Setting next_dagrun for example_sla_dag to 2024-11-11 03:30:00+00:00, run_after=2024-11-11 03:32:00+00:00
[2024-11-11T03:32:24.444+0000] {processor.py:208} INFO - Processing /home/airflow/.local/lib/python3.12/site-packages/airflow/example_dags/example_sla_dag.py took 0.048 seconds
[2024-11-11T03:32:55.307+0000] {processor.py:186} INFO - Started process (PID=7071) to work on /home/airflow/.local/lib/python3.12/site-packages/airflow/example_dags/example_sla_dag.py
[2024-11-11T03:32:55.307+0000] {processor.py:914} INFO - Processing file /home/airflow/.local/lib/python3.12/site-packages/airflow/example_dags/example_sla_dag.py for tasks to queue
[2024-11-11T03:32:55.309+0000] {logging_mixin.py:190} INFO - [2024-11-11T03:32:55.308+0000] {dagbag.py:588} INFO - Filling up the DagBag from /home/airflow/.local/lib/python3.12/site-packages/airflow/example_dags/example_sla_dag.py
[2024-11-11T03:32:55.314+0000] {processor.py:925} INFO - DAG(s) 'example_sla_dag' retrieved from /home/airflow/.local/lib/python3.12/site-packages/airflow/example_dags/example_sla_dag.py
[2024-11-11T03:32:55.325+0000] {logging_mixin.py:190} INFO - [2024-11-11T03:32:55.324+0000] {dag.py:3239} INFO - Sync 1 DAGs
[2024-11-11T03:32:55.336+0000] {logging_mixin.py:190} INFO - [2024-11-11T03:32:55.336+0000] {dag.py:4180} INFO - Setting next_dagrun for example_sla_dag to 2024-11-11 03:30:00+00:00, run_after=2024-11-11 03:32:00+00:00
[2024-11-11T03:32:55.344+0000] {processor.py:208} INFO - Processing /home/airflow/.local/lib/python3.12/site-packages/airflow/example_dags/example_sla_dag.py took 0.042 seconds
[2024-11-11T03:33:26.095+0000] {processor.py:186} INFO - Started process (PID=7134) to work on /home/airflow/.local/lib/python3.12/site-packages/airflow/example_dags/example_sla_dag.py
[2024-11-11T03:33:26.096+0000] {processor.py:914} INFO - Processing file /home/airflow/.local/lib/python3.12/site-packages/airflow/example_dags/example_sla_dag.py for tasks to queue
[2024-11-11T03:33:26.098+0000] {logging_mixin.py:190} INFO - [2024-11-11T03:33:26.098+0000] {dagbag.py:588} INFO - Filling up the DagBag from /home/airflow/.local/lib/python3.12/site-packages/airflow/example_dags/example_sla_dag.py
[2024-11-11T03:33:26.104+0000] {processor.py:925} INFO - DAG(s) 'example_sla_dag' retrieved from /home/airflow/.local/lib/python3.12/site-packages/airflow/example_dags/example_sla_dag.py
[2024-11-11T03:33:26.115+0000] {logging_mixin.py:190} INFO - [2024-11-11T03:33:26.114+0000] {dag.py:3239} INFO - Sync 1 DAGs
[2024-11-11T03:33:26.126+0000] {logging_mixin.py:190} INFO - [2024-11-11T03:33:26.126+0000] {dag.py:4180} INFO - Setting next_dagrun for example_sla_dag to 2024-11-11 03:30:00+00:00, run_after=2024-11-11 03:32:00+00:00
[2024-11-11T03:33:26.134+0000] {processor.py:208} INFO - Processing /home/airflow/.local/lib/python3.12/site-packages/airflow/example_dags/example_sla_dag.py took 0.042 seconds
[2024-11-11T03:33:56.775+0000] {processor.py:186} INFO - Started process (PID=7197) to work on /home/airflow/.local/lib/python3.12/site-packages/airflow/example_dags/example_sla_dag.py
[2024-11-11T03:33:56.776+0000] {processor.py:914} INFO - Processing file /home/airflow/.local/lib/python3.12/site-packages/airflow/example_dags/example_sla_dag.py for tasks to queue
[2024-11-11T03:33:56.778+0000] {logging_mixin.py:190} INFO - [2024-11-11T03:33:56.778+0000] {dagbag.py:588} INFO - Filling up the DagBag from /home/airflow/.local/lib/python3.12/site-packages/airflow/example_dags/example_sla_dag.py
[2024-11-11T03:33:56.784+0000] {processor.py:925} INFO - DAG(s) 'example_sla_dag' retrieved from /home/airflow/.local/lib/python3.12/site-packages/airflow/example_dags/example_sla_dag.py
[2024-11-11T03:33:56.795+0000] {logging_mixin.py:190} INFO - [2024-11-11T03:33:56.794+0000] {dag.py:3239} INFO - Sync 1 DAGs
[2024-11-11T03:33:56.807+0000] {logging_mixin.py:190} INFO - [2024-11-11T03:33:56.807+0000] {dag.py:4180} INFO - Setting next_dagrun for example_sla_dag to 2024-11-11 03:30:00+00:00, run_after=2024-11-11 03:32:00+00:00
[2024-11-11T03:33:56.816+0000] {processor.py:208} INFO - Processing /home/airflow/.local/lib/python3.12/site-packages/airflow/example_dags/example_sla_dag.py took 0.044 seconds
[2024-11-11T03:34:27.578+0000] {processor.py:186} INFO - Started process (PID=7259) to work on /home/airflow/.local/lib/python3.12/site-packages/airflow/example_dags/example_sla_dag.py
[2024-11-11T03:34:27.578+0000] {processor.py:914} INFO - Processing file /home/airflow/.local/lib/python3.12/site-packages/airflow/example_dags/example_sla_dag.py for tasks to queue
[2024-11-11T03:34:27.579+0000] {logging_mixin.py:190} INFO - [2024-11-11T03:34:27.579+0000] {dagbag.py:588} INFO - Filling up the DagBag from /home/airflow/.local/lib/python3.12/site-packages/airflow/example_dags/example_sla_dag.py
[2024-11-11T03:34:27.586+0000] {processor.py:925} INFO - DAG(s) 'example_sla_dag' retrieved from /home/airflow/.local/lib/python3.12/site-packages/airflow/example_dags/example_sla_dag.py
[2024-11-11T03:34:27.596+0000] {logging_mixin.py:190} INFO - [2024-11-11T03:34:27.595+0000] {dag.py:3239} INFO - Sync 1 DAGs
[2024-11-11T03:34:27.607+0000] {logging_mixin.py:190} INFO - [2024-11-11T03:34:27.607+0000] {dag.py:4180} INFO - Setting next_dagrun for example_sla_dag to 2024-11-11 03:32:00+00:00, run_after=2024-11-11 03:34:00+00:00
[2024-11-11T03:34:27.614+0000] {processor.py:208} INFO - Processing /home/airflow/.local/lib/python3.12/site-packages/airflow/example_dags/example_sla_dag.py took 0.040 seconds
[2024-11-11T03:34:58.405+0000] {processor.py:186} INFO - Started process (PID=7322) to work on /home/airflow/.local/lib/python3.12/site-packages/airflow/example_dags/example_sla_dag.py
[2024-11-11T03:34:58.406+0000] {processor.py:914} INFO - Processing file /home/airflow/.local/lib/python3.12/site-packages/airflow/example_dags/example_sla_dag.py for tasks to queue
[2024-11-11T03:34:58.407+0000] {logging_mixin.py:190} INFO - [2024-11-11T03:34:58.407+0000] {dagbag.py:588} INFO - Filling up the DagBag from /home/airflow/.local/lib/python3.12/site-packages/airflow/example_dags/example_sla_dag.py
[2024-11-11T03:34:58.413+0000] {processor.py:925} INFO - DAG(s) 'example_sla_dag' retrieved from /home/airflow/.local/lib/python3.12/site-packages/airflow/example_dags/example_sla_dag.py
[2024-11-11T03:34:58.424+0000] {logging_mixin.py:190} INFO - [2024-11-11T03:34:58.424+0000] {dag.py:3239} INFO - Sync 1 DAGs
[2024-11-11T03:34:58.436+0000] {logging_mixin.py:190} INFO - [2024-11-11T03:34:58.436+0000] {dag.py:4180} INFO - Setting next_dagrun for example_sla_dag to 2024-11-11 03:32:00+00:00, run_after=2024-11-11 03:34:00+00:00
[2024-11-11T03:34:58.443+0000] {processor.py:208} INFO - Processing /home/airflow/.local/lib/python3.12/site-packages/airflow/example_dags/example_sla_dag.py took 0.042 seconds
[2024-11-11T03:35:29.088+0000] {processor.py:186} INFO - Started process (PID=7385) to work on /home/airflow/.local/lib/python3.12/site-packages/airflow/example_dags/example_sla_dag.py
[2024-11-11T03:35:29.089+0000] {processor.py:914} INFO - Processing file /home/airflow/.local/lib/python3.12/site-packages/airflow/example_dags/example_sla_dag.py for tasks to queue
[2024-11-11T03:35:29.090+0000] {logging_mixin.py:190} INFO - [2024-11-11T03:35:29.090+0000] {dagbag.py:588} INFO - Filling up the DagBag from /home/airflow/.local/lib/python3.12/site-packages/airflow/example_dags/example_sla_dag.py
[2024-11-11T03:35:29.096+0000] {processor.py:925} INFO - DAG(s) 'example_sla_dag' retrieved from /home/airflow/.local/lib/python3.12/site-packages/airflow/example_dags/example_sla_dag.py
[2024-11-11T03:35:29.106+0000] {logging_mixin.py:190} INFO - [2024-11-11T03:35:29.106+0000] {dag.py:3239} INFO - Sync 1 DAGs
[2024-11-11T03:35:29.116+0000] {logging_mixin.py:190} INFO - [2024-11-11T03:35:29.116+0000] {dag.py:4180} INFO - Setting next_dagrun for example_sla_dag to 2024-11-11 03:32:00+00:00, run_after=2024-11-11 03:34:00+00:00
[2024-11-11T03:35:29.124+0000] {processor.py:208} INFO - Processing /home/airflow/.local/lib/python3.12/site-packages/airflow/example_dags/example_sla_dag.py took 0.040 seconds
[2024-11-11T03:35:59.749+0000] {processor.py:186} INFO - Started process (PID=7447) to work on /home/airflow/.local/lib/python3.12/site-packages/airflow/example_dags/example_sla_dag.py
[2024-11-11T03:35:59.750+0000] {processor.py:914} INFO - Processing file /home/airflow/.local/lib/python3.12/site-packages/airflow/example_dags/example_sla_dag.py for tasks to queue
[2024-11-11T03:35:59.751+0000] {logging_mixin.py:190} INFO - [2024-11-11T03:35:59.751+0000] {dagbag.py:588} INFO - Filling up the DagBag from /home/airflow/.local/lib/python3.12/site-packages/airflow/example_dags/example_sla_dag.py
[2024-11-11T03:35:59.757+0000] {processor.py:925} INFO - DAG(s) 'example_sla_dag' retrieved from /home/airflow/.local/lib/python3.12/site-packages/airflow/example_dags/example_sla_dag.py
[2024-11-11T03:35:59.768+0000] {logging_mixin.py:190} INFO - [2024-11-11T03:35:59.768+0000] {dag.py:3239} INFO - Sync 1 DAGs
[2024-11-11T03:35:59.780+0000] {logging_mixin.py:190} INFO - [2024-11-11T03:35:59.780+0000] {dag.py:4180} INFO - Setting next_dagrun for example_sla_dag to 2024-11-11 03:32:00+00:00, run_after=2024-11-11 03:34:00+00:00
[2024-11-11T03:35:59.789+0000] {processor.py:208} INFO - Processing /home/airflow/.local/lib/python3.12/site-packages/airflow/example_dags/example_sla_dag.py took 0.043 seconds
[2024-11-11T03:36:30.367+0000] {processor.py:186} INFO - Started process (PID=7510) to work on /home/airflow/.local/lib/python3.12/site-packages/airflow/example_dags/example_sla_dag.py
[2024-11-11T03:36:30.367+0000] {processor.py:914} INFO - Processing file /home/airflow/.local/lib/python3.12/site-packages/airflow/example_dags/example_sla_dag.py for tasks to queue
[2024-11-11T03:36:30.369+0000] {logging_mixin.py:190} INFO - [2024-11-11T03:36:30.369+0000] {dagbag.py:588} INFO - Filling up the DagBag from /home/airflow/.local/lib/python3.12/site-packages/airflow/example_dags/example_sla_dag.py
[2024-11-11T03:36:30.375+0000] {processor.py:925} INFO - DAG(s) 'example_sla_dag' retrieved from /home/airflow/.local/lib/python3.12/site-packages/airflow/example_dags/example_sla_dag.py
[2024-11-11T03:36:30.386+0000] {logging_mixin.py:190} INFO - [2024-11-11T03:36:30.385+0000] {dag.py:3239} INFO - Sync 1 DAGs
[2024-11-11T03:36:30.398+0000] {logging_mixin.py:190} INFO - [2024-11-11T03:36:30.398+0000] {dag.py:4180} INFO - Setting next_dagrun for example_sla_dag to 2024-11-11 03:34:00+00:00, run_after=2024-11-11 03:36:00+00:00
[2024-11-11T03:36:30.407+0000] {processor.py:208} INFO - Processing /home/airflow/.local/lib/python3.12/site-packages/airflow/example_dags/example_sla_dag.py took 0.043 seconds
[2024-11-11T03:37:01.187+0000] {processor.py:186} INFO - Started process (PID=7573) to work on /home/airflow/.local/lib/python3.12/site-packages/airflow/example_dags/example_sla_dag.py
[2024-11-11T03:37:01.187+0000] {processor.py:914} INFO - Processing file /home/airflow/.local/lib/python3.12/site-packages/airflow/example_dags/example_sla_dag.py for tasks to queue
[2024-11-11T03:37:01.189+0000] {logging_mixin.py:190} INFO - [2024-11-11T03:37:01.189+0000] {dagbag.py:588} INFO - Filling up the DagBag from /home/airflow/.local/lib/python3.12/site-packages/airflow/example_dags/example_sla_dag.py
[2024-11-11T03:37:01.195+0000] {processor.py:925} INFO - DAG(s) 'example_sla_dag' retrieved from /home/airflow/.local/lib/python3.12/site-packages/airflow/example_dags/example_sla_dag.py
[2024-11-11T03:37:01.206+0000] {logging_mixin.py:190} INFO - [2024-11-11T03:37:01.206+0000] {dag.py:3239} INFO - Sync 1 DAGs
[2024-11-11T03:37:01.218+0000] {logging_mixin.py:190} INFO - [2024-11-11T03:37:01.218+0000] {dag.py:4180} INFO - Setting next_dagrun for example_sla_dag to 2024-11-11 03:34:00+00:00, run_after=2024-11-11 03:36:00+00:00
[2024-11-11T03:37:01.226+0000] {processor.py:208} INFO - Processing /home/airflow/.local/lib/python3.12/site-packages/airflow/example_dags/example_sla_dag.py took 0.043 seconds
[2024-11-11T03:37:31.716+0000] {processor.py:186} INFO - Started process (PID=7641) to work on /home/airflow/.local/lib/python3.12/site-packages/airflow/example_dags/example_sla_dag.py
[2024-11-11T03:37:31.717+0000] {processor.py:914} INFO - Processing file /home/airflow/.local/lib/python3.12/site-packages/airflow/example_dags/example_sla_dag.py for tasks to queue
[2024-11-11T03:37:31.719+0000] {logging_mixin.py:190} INFO - [2024-11-11T03:37:31.718+0000] {dagbag.py:588} INFO - Filling up the DagBag from /home/airflow/.local/lib/python3.12/site-packages/airflow/example_dags/example_sla_dag.py
[2024-11-11T03:37:31.725+0000] {processor.py:925} INFO - DAG(s) 'example_sla_dag' retrieved from /home/airflow/.local/lib/python3.12/site-packages/airflow/example_dags/example_sla_dag.py
[2024-11-11T03:37:31.735+0000] {logging_mixin.py:190} INFO - [2024-11-11T03:37:31.735+0000] {dag.py:3239} INFO - Sync 1 DAGs
[2024-11-11T03:37:31.748+0000] {logging_mixin.py:190} INFO - [2024-11-11T03:37:31.748+0000] {dag.py:4180} INFO - Setting next_dagrun for example_sla_dag to 2024-11-11 03:34:00+00:00, run_after=2024-11-11 03:36:00+00:00
[2024-11-11T03:37:31.757+0000] {processor.py:208} INFO - Processing /home/airflow/.local/lib/python3.12/site-packages/airflow/example_dags/example_sla_dag.py took 0.044 seconds
[2024-11-11T03:38:02.382+0000] {processor.py:186} INFO - Started process (PID=7703) to work on /home/airflow/.local/lib/python3.12/site-packages/airflow/example_dags/example_sla_dag.py
[2024-11-11T03:38:02.383+0000] {processor.py:914} INFO - Processing file /home/airflow/.local/lib/python3.12/site-packages/airflow/example_dags/example_sla_dag.py for tasks to queue
[2024-11-11T03:38:02.384+0000] {logging_mixin.py:190} INFO - [2024-11-11T03:38:02.384+0000] {dagbag.py:588} INFO - Filling up the DagBag from /home/airflow/.local/lib/python3.12/site-packages/airflow/example_dags/example_sla_dag.py
[2024-11-11T03:38:02.390+0000] {processor.py:925} INFO - DAG(s) 'example_sla_dag' retrieved from /home/airflow/.local/lib/python3.12/site-packages/airflow/example_dags/example_sla_dag.py
[2024-11-11T03:38:02.401+0000] {logging_mixin.py:190} INFO - [2024-11-11T03:38:02.401+0000] {dag.py:3239} INFO - Sync 1 DAGs
[2024-11-11T03:38:02.412+0000] {logging_mixin.py:190} INFO - [2024-11-11T03:38:02.412+0000] {dag.py:4180} INFO - Setting next_dagrun for example_sla_dag to 2024-11-11 03:36:00+00:00, run_after=2024-11-11 03:38:00+00:00
[2024-11-11T03:38:02.421+0000] {processor.py:208} INFO - Processing /home/airflow/.local/lib/python3.12/site-packages/airflow/example_dags/example_sla_dag.py took 0.043 seconds
[2024-11-11T03:38:32.954+0000] {processor.py:186} INFO - Started process (PID=7766) to work on /home/airflow/.local/lib/python3.12/site-packages/airflow/example_dags/example_sla_dag.py
[2024-11-11T03:38:32.955+0000] {processor.py:914} INFO - Processing file /home/airflow/.local/lib/python3.12/site-packages/airflow/example_dags/example_sla_dag.py for tasks to queue
[2024-11-11T03:38:32.957+0000] {logging_mixin.py:190} INFO - [2024-11-11T03:38:32.956+0000] {dagbag.py:588} INFO - Filling up the DagBag from /home/airflow/.local/lib/python3.12/site-packages/airflow/example_dags/example_sla_dag.py
[2024-11-11T03:38:32.963+0000] {processor.py:925} INFO - DAG(s) 'example_sla_dag' retrieved from /home/airflow/.local/lib/python3.12/site-packages/airflow/example_dags/example_sla_dag.py
[2024-11-11T03:38:32.973+0000] {logging_mixin.py:190} INFO - [2024-11-11T03:38:32.973+0000] {dag.py:3239} INFO - Sync 1 DAGs
[2024-11-11T03:38:32.985+0000] {logging_mixin.py:190} INFO - [2024-11-11T03:38:32.985+0000] {dag.py:4180} INFO - Setting next_dagrun for example_sla_dag to 2024-11-11 03:36:00+00:00, run_after=2024-11-11 03:38:00+00:00
[2024-11-11T03:38:32.994+0000] {processor.py:208} INFO - Processing /home/airflow/.local/lib/python3.12/site-packages/airflow/example_dags/example_sla_dag.py took 0.043 seconds
[2024-11-11T03:39:03.628+0000] {processor.py:186} INFO - Started process (PID=7829) to work on /home/airflow/.local/lib/python3.12/site-packages/airflow/example_dags/example_sla_dag.py
[2024-11-11T03:39:03.629+0000] {processor.py:914} INFO - Processing file /home/airflow/.local/lib/python3.12/site-packages/airflow/example_dags/example_sla_dag.py for tasks to queue
[2024-11-11T03:39:03.630+0000] {logging_mixin.py:190} INFO - [2024-11-11T03:39:03.630+0000] {dagbag.py:588} INFO - Filling up the DagBag from /home/airflow/.local/lib/python3.12/site-packages/airflow/example_dags/example_sla_dag.py
[2024-11-11T03:39:03.637+0000] {processor.py:925} INFO - DAG(s) 'example_sla_dag' retrieved from /home/airflow/.local/lib/python3.12/site-packages/airflow/example_dags/example_sla_dag.py
[2024-11-11T03:39:03.647+0000] {logging_mixin.py:190} INFO - [2024-11-11T03:39:03.647+0000] {dag.py:3239} INFO - Sync 1 DAGs
[2024-11-11T03:39:03.661+0000] {logging_mixin.py:190} INFO - [2024-11-11T03:39:03.661+0000] {dag.py:4180} INFO - Setting next_dagrun for example_sla_dag to 2024-11-11 03:36:00+00:00, run_after=2024-11-11 03:38:00+00:00
[2024-11-11T03:39:03.671+0000] {processor.py:208} INFO - Processing /home/airflow/.local/lib/python3.12/site-packages/airflow/example_dags/example_sla_dag.py took 0.046 seconds
[2024-11-11T03:39:34.371+0000] {processor.py:186} INFO - Started process (PID=7892) to work on /home/airflow/.local/lib/python3.12/site-packages/airflow/example_dags/example_sla_dag.py
[2024-11-11T03:39:34.371+0000] {processor.py:914} INFO - Processing file /home/airflow/.local/lib/python3.12/site-packages/airflow/example_dags/example_sla_dag.py for tasks to queue
[2024-11-11T03:39:34.373+0000] {logging_mixin.py:190} INFO - [2024-11-11T03:39:34.373+0000] {dagbag.py:588} INFO - Filling up the DagBag from /home/airflow/.local/lib/python3.12/site-packages/airflow/example_dags/example_sla_dag.py
[2024-11-11T03:39:34.379+0000] {processor.py:925} INFO - DAG(s) 'example_sla_dag' retrieved from /home/airflow/.local/lib/python3.12/site-packages/airflow/example_dags/example_sla_dag.py
[2024-11-11T03:39:34.390+0000] {logging_mixin.py:190} INFO - [2024-11-11T03:39:34.389+0000] {dag.py:3239} INFO - Sync 1 DAGs
[2024-11-11T03:39:34.402+0000] {logging_mixin.py:190} INFO - [2024-11-11T03:39:34.402+0000] {dag.py:4180} INFO - Setting next_dagrun for example_sla_dag to 2024-11-11 03:36:00+00:00, run_after=2024-11-11 03:38:00+00:00
[2024-11-11T03:39:34.410+0000] {processor.py:208} INFO - Processing /home/airflow/.local/lib/python3.12/site-packages/airflow/example_dags/example_sla_dag.py took 0.043 seconds
[2024-11-11T03:40:04.988+0000] {processor.py:186} INFO - Started process (PID=7955) to work on /home/airflow/.local/lib/python3.12/site-packages/airflow/example_dags/example_sla_dag.py
[2024-11-11T03:40:04.989+0000] {processor.py:914} INFO - Processing file /home/airflow/.local/lib/python3.12/site-packages/airflow/example_dags/example_sla_dag.py for tasks to queue
[2024-11-11T03:40:04.990+0000] {logging_mixin.py:190} INFO - [2024-11-11T03:40:04.990+0000] {dagbag.py:588} INFO - Filling up the DagBag from /home/airflow/.local/lib/python3.12/site-packages/airflow/example_dags/example_sla_dag.py
[2024-11-11T03:40:04.996+0000] {processor.py:925} INFO - DAG(s) 'example_sla_dag' retrieved from /home/airflow/.local/lib/python3.12/site-packages/airflow/example_dags/example_sla_dag.py
[2024-11-11T03:40:05.007+0000] {logging_mixin.py:190} INFO - [2024-11-11T03:40:05.007+0000] {dag.py:3239} INFO - Sync 1 DAGs
[2024-11-11T03:40:05.019+0000] {logging_mixin.py:190} INFO - [2024-11-11T03:40:05.019+0000] {dag.py:4180} INFO - Setting next_dagrun for example_sla_dag to 2024-11-11 03:38:00+00:00, run_after=2024-11-11 03:40:00+00:00
[2024-11-11T03:40:05.028+0000] {processor.py:208} INFO - Processing /home/airflow/.local/lib/python3.12/site-packages/airflow/example_dags/example_sla_dag.py took 0.043 seconds
[2024-11-11T03:40:35.864+0000] {processor.py:186} INFO - Started process (PID=8018) to work on /home/airflow/.local/lib/python3.12/site-packages/airflow/example_dags/example_sla_dag.py
[2024-11-11T03:40:35.865+0000] {processor.py:914} INFO - Processing file /home/airflow/.local/lib/python3.12/site-packages/airflow/example_dags/example_sla_dag.py for tasks to queue
[2024-11-11T03:40:35.866+0000] {logging_mixin.py:190} INFO - [2024-11-11T03:40:35.866+0000] {dagbag.py:588} INFO - Filling up the DagBag from /home/airflow/.local/lib/python3.12/site-packages/airflow/example_dags/example_sla_dag.py
[2024-11-11T03:40:35.872+0000] {processor.py:925} INFO - DAG(s) 'example_sla_dag' retrieved from /home/airflow/.local/lib/python3.12/site-packages/airflow/example_dags/example_sla_dag.py
[2024-11-11T03:40:35.883+0000] {logging_mixin.py:190} INFO - [2024-11-11T03:40:35.882+0000] {dag.py:3239} INFO - Sync 1 DAGs
[2024-11-11T03:40:35.895+0000] {logging_mixin.py:190} INFO - [2024-11-11T03:40:35.894+0000] {dag.py:4180} INFO - Setting next_dagrun for example_sla_dag to 2024-11-11 03:38:00+00:00, run_after=2024-11-11 03:40:00+00:00
[2024-11-11T03:40:35.902+0000] {processor.py:208} INFO - Processing /home/airflow/.local/lib/python3.12/site-packages/airflow/example_dags/example_sla_dag.py took 0.042 seconds
[2024-11-11T03:41:06.753+0000] {processor.py:186} INFO - Started process (PID=8081) to work on /home/airflow/.local/lib/python3.12/site-packages/airflow/example_dags/example_sla_dag.py
[2024-11-11T03:41:06.754+0000] {processor.py:914} INFO - Processing file /home/airflow/.local/lib/python3.12/site-packages/airflow/example_dags/example_sla_dag.py for tasks to queue
[2024-11-11T03:41:06.756+0000] {logging_mixin.py:190} INFO - [2024-11-11T03:41:06.755+0000] {dagbag.py:588} INFO - Filling up the DagBag from /home/airflow/.local/lib/python3.12/site-packages/airflow/example_dags/example_sla_dag.py
[2024-11-11T03:41:06.762+0000] {processor.py:925} INFO - DAG(s) 'example_sla_dag' retrieved from /home/airflow/.local/lib/python3.12/site-packages/airflow/example_dags/example_sla_dag.py
[2024-11-11T03:41:06.773+0000] {logging_mixin.py:190} INFO - [2024-11-11T03:41:06.773+0000] {dag.py:3239} INFO - Sync 1 DAGs
[2024-11-11T03:41:06.785+0000] {logging_mixin.py:190} INFO - [2024-11-11T03:41:06.784+0000] {dag.py:4180} INFO - Setting next_dagrun for example_sla_dag to 2024-11-11 03:38:00+00:00, run_after=2024-11-11 03:40:00+00:00
[2024-11-11T03:41:06.793+0000] {processor.py:208} INFO - Processing /home/airflow/.local/lib/python3.12/site-packages/airflow/example_dags/example_sla_dag.py took 0.044 seconds
[2024-11-11T03:41:37.435+0000] {processor.py:186} INFO - Started process (PID=8143) to work on /home/airflow/.local/lib/python3.12/site-packages/airflow/example_dags/example_sla_dag.py
[2024-11-11T03:41:37.435+0000] {processor.py:914} INFO - Processing file /home/airflow/.local/lib/python3.12/site-packages/airflow/example_dags/example_sla_dag.py for tasks to queue
[2024-11-11T03:41:37.436+0000] {logging_mixin.py:190} INFO - [2024-11-11T03:41:37.436+0000] {dagbag.py:588} INFO - Filling up the DagBag from /home/airflow/.local/lib/python3.12/site-packages/airflow/example_dags/example_sla_dag.py
[2024-11-11T03:41:37.443+0000] {processor.py:925} INFO - DAG(s) 'example_sla_dag' retrieved from /home/airflow/.local/lib/python3.12/site-packages/airflow/example_dags/example_sla_dag.py
[2024-11-11T03:41:37.456+0000] {logging_mixin.py:190} INFO - [2024-11-11T03:41:37.456+0000] {dag.py:3239} INFO - Sync 1 DAGs
[2024-11-11T03:41:37.470+0000] {logging_mixin.py:190} INFO - [2024-11-11T03:41:37.470+0000] {dag.py:4180} INFO - Setting next_dagrun for example_sla_dag to 2024-11-11 03:38:00+00:00, run_after=2024-11-11 03:40:00+00:00
[2024-11-11T03:41:37.480+0000] {processor.py:208} INFO - Processing /home/airflow/.local/lib/python3.12/site-packages/airflow/example_dags/example_sla_dag.py took 0.049 seconds
[2024-11-11T03:42:08.336+0000] {processor.py:186} INFO - Started process (PID=8206) to work on /home/airflow/.local/lib/python3.12/site-packages/airflow/example_dags/example_sla_dag.py
[2024-11-11T03:42:08.337+0000] {processor.py:914} INFO - Processing file /home/airflow/.local/lib/python3.12/site-packages/airflow/example_dags/example_sla_dag.py for tasks to queue
[2024-11-11T03:42:08.339+0000] {logging_mixin.py:190} INFO - [2024-11-11T03:42:08.338+0000] {dagbag.py:588} INFO - Filling up the DagBag from /home/airflow/.local/lib/python3.12/site-packages/airflow/example_dags/example_sla_dag.py
[2024-11-11T03:42:08.345+0000] {processor.py:925} INFO - DAG(s) 'example_sla_dag' retrieved from /home/airflow/.local/lib/python3.12/site-packages/airflow/example_dags/example_sla_dag.py
[2024-11-11T03:42:08.355+0000] {logging_mixin.py:190} INFO - [2024-11-11T03:42:08.355+0000] {dag.py:3239} INFO - Sync 1 DAGs
[2024-11-11T03:42:08.367+0000] {logging_mixin.py:190} INFO - [2024-11-11T03:42:08.367+0000] {dag.py:4180} INFO - Setting next_dagrun for example_sla_dag to 2024-11-11 03:40:00+00:00, run_after=2024-11-11 03:42:00+00:00
[2024-11-11T03:42:08.375+0000] {processor.py:208} INFO - Processing /home/airflow/.local/lib/python3.12/site-packages/airflow/example_dags/example_sla_dag.py took 0.042 seconds
[2024-11-11T03:42:38.958+0000] {processor.py:186} INFO - Started process (PID=8269) to work on /home/airflow/.local/lib/python3.12/site-packages/airflow/example_dags/example_sla_dag.py
[2024-11-11T03:42:38.959+0000] {processor.py:914} INFO - Processing file /home/airflow/.local/lib/python3.12/site-packages/airflow/example_dags/example_sla_dag.py for tasks to queue
[2024-11-11T03:42:38.960+0000] {logging_mixin.py:190} INFO - [2024-11-11T03:42:38.960+0000] {dagbag.py:588} INFO - Filling up the DagBag from /home/airflow/.local/lib/python3.12/site-packages/airflow/example_dags/example_sla_dag.py
[2024-11-11T03:42:38.967+0000] {processor.py:925} INFO - DAG(s) 'example_sla_dag' retrieved from /home/airflow/.local/lib/python3.12/site-packages/airflow/example_dags/example_sla_dag.py
[2024-11-11T03:42:38.978+0000] {logging_mixin.py:190} INFO - [2024-11-11T03:42:38.978+0000] {dag.py:3239} INFO - Sync 1 DAGs
[2024-11-11T03:42:38.991+0000] {logging_mixin.py:190} INFO - [2024-11-11T03:42:38.991+0000] {dag.py:4180} INFO - Setting next_dagrun for example_sla_dag to 2024-11-11 03:40:00+00:00, run_after=2024-11-11 03:42:00+00:00
[2024-11-11T03:42:39.000+0000] {processor.py:208} INFO - Processing /home/airflow/.local/lib/python3.12/site-packages/airflow/example_dags/example_sla_dag.py took 0.045 seconds
[2024-11-11T03:43:09.690+0000] {processor.py:186} INFO - Started process (PID=8332) to work on /home/airflow/.local/lib/python3.12/site-packages/airflow/example_dags/example_sla_dag.py
[2024-11-11T03:43:09.690+0000] {processor.py:914} INFO - Processing file /home/airflow/.local/lib/python3.12/site-packages/airflow/example_dags/example_sla_dag.py for tasks to queue
[2024-11-11T03:43:09.692+0000] {logging_mixin.py:190} INFO - [2024-11-11T03:43:09.692+0000] {dagbag.py:588} INFO - Filling up the DagBag from /home/airflow/.local/lib/python3.12/site-packages/airflow/example_dags/example_sla_dag.py
[2024-11-11T03:43:09.698+0000] {processor.py:925} INFO - DAG(s) 'example_sla_dag' retrieved from /home/airflow/.local/lib/python3.12/site-packages/airflow/example_dags/example_sla_dag.py
[2024-11-11T03:43:09.708+0000] {logging_mixin.py:190} INFO - [2024-11-11T03:43:09.708+0000] {dag.py:3239} INFO - Sync 1 DAGs
[2024-11-11T03:43:09.721+0000] {logging_mixin.py:190} INFO - [2024-11-11T03:43:09.721+0000] {dag.py:4180} INFO - Setting next_dagrun for example_sla_dag to 2024-11-11 03:40:00+00:00, run_after=2024-11-11 03:42:00+00:00
[2024-11-11T03:43:09.729+0000] {processor.py:208} INFO - Processing /home/airflow/.local/lib/python3.12/site-packages/airflow/example_dags/example_sla_dag.py took 0.044 seconds
[2024-11-11T03:43:40.229+0000] {processor.py:186} INFO - Started process (PID=8395) to work on /home/airflow/.local/lib/python3.12/site-packages/airflow/example_dags/example_sla_dag.py
[2024-11-11T03:43:40.230+0000] {processor.py:914} INFO - Processing file /home/airflow/.local/lib/python3.12/site-packages/airflow/example_dags/example_sla_dag.py for tasks to queue
[2024-11-11T03:43:40.231+0000] {logging_mixin.py:190} INFO - [2024-11-11T03:43:40.231+0000] {dagbag.py:588} INFO - Filling up the DagBag from /home/airflow/.local/lib/python3.12/site-packages/airflow/example_dags/example_sla_dag.py
[2024-11-11T03:43:40.237+0000] {processor.py:925} INFO - DAG(s) 'example_sla_dag' retrieved from /home/airflow/.local/lib/python3.12/site-packages/airflow/example_dags/example_sla_dag.py
[2024-11-11T03:43:40.248+0000] {logging_mixin.py:190} INFO - [2024-11-11T03:43:40.247+0000] {dag.py:3239} INFO - Sync 1 DAGs
[2024-11-11T03:43:40.261+0000] {logging_mixin.py:190} INFO - [2024-11-11T03:43:40.261+0000] {dag.py:4180} INFO - Setting next_dagrun for example_sla_dag to 2024-11-11 03:40:00+00:00, run_after=2024-11-11 03:42:00+00:00
[2024-11-11T03:43:40.269+0000] {processor.py:208} INFO - Processing /home/airflow/.local/lib/python3.12/site-packages/airflow/example_dags/example_sla_dag.py took 0.044 seconds
[2024-11-11T03:44:10.926+0000] {processor.py:186} INFO - Started process (PID=8458) to work on /home/airflow/.local/lib/python3.12/site-packages/airflow/example_dags/example_sla_dag.py
[2024-11-11T03:44:10.927+0000] {processor.py:914} INFO - Processing file /home/airflow/.local/lib/python3.12/site-packages/airflow/example_dags/example_sla_dag.py for tasks to queue
[2024-11-11T03:44:10.928+0000] {logging_mixin.py:190} INFO - [2024-11-11T03:44:10.928+0000] {dagbag.py:588} INFO - Filling up the DagBag from /home/airflow/.local/lib/python3.12/site-packages/airflow/example_dags/example_sla_dag.py
[2024-11-11T03:44:10.934+0000] {processor.py:925} INFO - DAG(s) 'example_sla_dag' retrieved from /home/airflow/.local/lib/python3.12/site-packages/airflow/example_dags/example_sla_dag.py
[2024-11-11T03:44:10.944+0000] {logging_mixin.py:190} INFO - [2024-11-11T03:44:10.944+0000] {dag.py:3239} INFO - Sync 1 DAGs
[2024-11-11T03:44:10.956+0000] {logging_mixin.py:190} INFO - [2024-11-11T03:44:10.956+0000] {dag.py:4180} INFO - Setting next_dagrun for example_sla_dag to 2024-11-11 03:42:00+00:00, run_after=2024-11-11 03:44:00+00:00
[2024-11-11T03:44:10.965+0000] {processor.py:208} INFO - Processing /home/airflow/.local/lib/python3.12/site-packages/airflow/example_dags/example_sla_dag.py took 0.043 seconds
[2024-11-11T03:44:41.616+0000] {processor.py:186} INFO - Started process (PID=8521) to work on /home/airflow/.local/lib/python3.12/site-packages/airflow/example_dags/example_sla_dag.py
[2024-11-11T03:44:41.617+0000] {processor.py:914} INFO - Processing file /home/airflow/.local/lib/python3.12/site-packages/airflow/example_dags/example_sla_dag.py for tasks to queue
[2024-11-11T03:44:41.618+0000] {logging_mixin.py:190} INFO - [2024-11-11T03:44:41.618+0000] {dagbag.py:588} INFO - Filling up the DagBag from /home/airflow/.local/lib/python3.12/site-packages/airflow/example_dags/example_sla_dag.py
[2024-11-11T03:44:41.625+0000] {processor.py:925} INFO - DAG(s) 'example_sla_dag' retrieved from /home/airflow/.local/lib/python3.12/site-packages/airflow/example_dags/example_sla_dag.py
[2024-11-11T03:44:41.635+0000] {logging_mixin.py:190} INFO - [2024-11-11T03:44:41.635+0000] {dag.py:3239} INFO - Sync 1 DAGs
[2024-11-11T03:44:41.648+0000] {logging_mixin.py:190} INFO - [2024-11-11T03:44:41.648+0000] {dag.py:4180} INFO - Setting next_dagrun for example_sla_dag to 2024-11-11 03:42:00+00:00, run_after=2024-11-11 03:44:00+00:00
[2024-11-11T03:44:41.657+0000] {processor.py:208} INFO - Processing /home/airflow/.local/lib/python3.12/site-packages/airflow/example_dags/example_sla_dag.py took 0.045 seconds
[2024-11-11T03:45:12.503+0000] {processor.py:186} INFO - Started process (PID=8584) to work on /home/airflow/.local/lib/python3.12/site-packages/airflow/example_dags/example_sla_dag.py
[2024-11-11T03:45:12.504+0000] {processor.py:914} INFO - Processing file /home/airflow/.local/lib/python3.12/site-packages/airflow/example_dags/example_sla_dag.py for tasks to queue
[2024-11-11T03:45:12.506+0000] {logging_mixin.py:190} INFO - [2024-11-11T03:45:12.505+0000] {dagbag.py:588} INFO - Filling up the DagBag from /home/airflow/.local/lib/python3.12/site-packages/airflow/example_dags/example_sla_dag.py
[2024-11-11T03:45:12.512+0000] {processor.py:925} INFO - DAG(s) 'example_sla_dag' retrieved from /home/airflow/.local/lib/python3.12/site-packages/airflow/example_dags/example_sla_dag.py
[2024-11-11T03:45:12.522+0000] {logging_mixin.py:190} INFO - [2024-11-11T03:45:12.522+0000] {dag.py:3239} INFO - Sync 1 DAGs
[2024-11-11T03:45:12.535+0000] {logging_mixin.py:190} INFO - [2024-11-11T03:45:12.535+0000] {dag.py:4180} INFO - Setting next_dagrun for example_sla_dag to 2024-11-11 03:42:00+00:00, run_after=2024-11-11 03:44:00+00:00
[2024-11-11T03:45:12.543+0000] {processor.py:208} INFO - Processing /home/airflow/.local/lib/python3.12/site-packages/airflow/example_dags/example_sla_dag.py took 0.044 seconds
[2024-11-11T03:45:42.954+0000] {processor.py:186} INFO - Started process (PID=8647) to work on /home/airflow/.local/lib/python3.12/site-packages/airflow/example_dags/example_sla_dag.py
[2024-11-11T03:45:42.955+0000] {processor.py:914} INFO - Processing file /home/airflow/.local/lib/python3.12/site-packages/airflow/example_dags/example_sla_dag.py for tasks to queue
[2024-11-11T03:45:42.957+0000] {logging_mixin.py:190} INFO - [2024-11-11T03:45:42.957+0000] {dagbag.py:588} INFO - Filling up the DagBag from /home/airflow/.local/lib/python3.12/site-packages/airflow/example_dags/example_sla_dag.py
[2024-11-11T03:45:42.963+0000] {processor.py:925} INFO - DAG(s) 'example_sla_dag' retrieved from /home/airflow/.local/lib/python3.12/site-packages/airflow/example_dags/example_sla_dag.py
[2024-11-11T03:45:42.973+0000] {logging_mixin.py:190} INFO - [2024-11-11T03:45:42.973+0000] {dag.py:3239} INFO - Sync 1 DAGs
[2024-11-11T03:45:42.985+0000] {logging_mixin.py:190} INFO - [2024-11-11T03:45:42.985+0000] {dag.py:4180} INFO - Setting next_dagrun for example_sla_dag to 2024-11-11 03:42:00+00:00, run_after=2024-11-11 03:44:00+00:00
[2024-11-11T03:45:42.994+0000] {processor.py:208} INFO - Processing /home/airflow/.local/lib/python3.12/site-packages/airflow/example_dags/example_sla_dag.py took 0.042 seconds
[2024-11-11T03:46:13.717+0000] {processor.py:186} INFO - Started process (PID=8710) to work on /home/airflow/.local/lib/python3.12/site-packages/airflow/example_dags/example_sla_dag.py
[2024-11-11T03:46:13.718+0000] {processor.py:914} INFO - Processing file /home/airflow/.local/lib/python3.12/site-packages/airflow/example_dags/example_sla_dag.py for tasks to queue
[2024-11-11T03:46:13.719+0000] {logging_mixin.py:190} INFO - [2024-11-11T03:46:13.719+0000] {dagbag.py:588} INFO - Filling up the DagBag from /home/airflow/.local/lib/python3.12/site-packages/airflow/example_dags/example_sla_dag.py
[2024-11-11T03:46:13.726+0000] {processor.py:925} INFO - DAG(s) 'example_sla_dag' retrieved from /home/airflow/.local/lib/python3.12/site-packages/airflow/example_dags/example_sla_dag.py
[2024-11-11T03:46:13.736+0000] {logging_mixin.py:190} INFO - [2024-11-11T03:46:13.736+0000] {dag.py:3239} INFO - Sync 1 DAGs
[2024-11-11T03:46:13.748+0000] {logging_mixin.py:190} INFO - [2024-11-11T03:46:13.748+0000] {dag.py:4180} INFO - Setting next_dagrun for example_sla_dag to 2024-11-11 03:44:00+00:00, run_after=2024-11-11 03:46:00+00:00
[2024-11-11T03:46:13.756+0000] {processor.py:208} INFO - Processing /home/airflow/.local/lib/python3.12/site-packages/airflow/example_dags/example_sla_dag.py took 0.042 seconds
[2024-11-11T03:46:44.225+0000] {processor.py:186} INFO - Started process (PID=8773) to work on /home/airflow/.local/lib/python3.12/site-packages/airflow/example_dags/example_sla_dag.py
[2024-11-11T03:46:44.226+0000] {processor.py:914} INFO - Processing file /home/airflow/.local/lib/python3.12/site-packages/airflow/example_dags/example_sla_dag.py for tasks to queue
[2024-11-11T03:46:44.227+0000] {logging_mixin.py:190} INFO - [2024-11-11T03:46:44.227+0000] {dagbag.py:588} INFO - Filling up the DagBag from /home/airflow/.local/lib/python3.12/site-packages/airflow/example_dags/example_sla_dag.py
[2024-11-11T03:46:44.233+0000] {processor.py:925} INFO - DAG(s) 'example_sla_dag' retrieved from /home/airflow/.local/lib/python3.12/site-packages/airflow/example_dags/example_sla_dag.py
[2024-11-11T03:46:44.244+0000] {logging_mixin.py:190} INFO - [2024-11-11T03:46:44.244+0000] {dag.py:3239} INFO - Sync 1 DAGs
[2024-11-11T03:46:44.256+0000] {logging_mixin.py:190} INFO - [2024-11-11T03:46:44.256+0000] {dag.py:4180} INFO - Setting next_dagrun for example_sla_dag to 2024-11-11 03:44:00+00:00, run_after=2024-11-11 03:46:00+00:00
[2024-11-11T03:46:44.265+0000] {processor.py:208} INFO - Processing /home/airflow/.local/lib/python3.12/site-packages/airflow/example_dags/example_sla_dag.py took 0.044 seconds
[2024-11-11T03:47:14.740+0000] {processor.py:186} INFO - Started process (PID=8836) to work on /home/airflow/.local/lib/python3.12/site-packages/airflow/example_dags/example_sla_dag.py
[2024-11-11T03:47:14.741+0000] {processor.py:914} INFO - Processing file /home/airflow/.local/lib/python3.12/site-packages/airflow/example_dags/example_sla_dag.py for tasks to queue
[2024-11-11T03:47:14.742+0000] {logging_mixin.py:190} INFO - [2024-11-11T03:47:14.742+0000] {dagbag.py:588} INFO - Filling up the DagBag from /home/airflow/.local/lib/python3.12/site-packages/airflow/example_dags/example_sla_dag.py
[2024-11-11T03:47:14.748+0000] {processor.py:925} INFO - DAG(s) 'example_sla_dag' retrieved from /home/airflow/.local/lib/python3.12/site-packages/airflow/example_dags/example_sla_dag.py
[2024-11-11T03:47:14.758+0000] {logging_mixin.py:190} INFO - [2024-11-11T03:47:14.758+0000] {dag.py:3239} INFO - Sync 1 DAGs
[2024-11-11T03:47:14.769+0000] {logging_mixin.py:190} INFO - [2024-11-11T03:47:14.769+0000] {dag.py:4180} INFO - Setting next_dagrun for example_sla_dag to 2024-11-11 03:44:00+00:00, run_after=2024-11-11 03:46:00+00:00
[2024-11-11T03:47:14.777+0000] {processor.py:208} INFO - Processing /home/airflow/.local/lib/python3.12/site-packages/airflow/example_dags/example_sla_dag.py took 0.041 seconds
[2024-11-11T03:47:45.276+0000] {processor.py:186} INFO - Started process (PID=8899) to work on /home/airflow/.local/lib/python3.12/site-packages/airflow/example_dags/example_sla_dag.py
[2024-11-11T03:47:45.276+0000] {processor.py:914} INFO - Processing file /home/airflow/.local/lib/python3.12/site-packages/airflow/example_dags/example_sla_dag.py for tasks to queue
[2024-11-11T03:47:45.278+0000] {logging_mixin.py:190} INFO - [2024-11-11T03:47:45.277+0000] {dagbag.py:588} INFO - Filling up the DagBag from /home/airflow/.local/lib/python3.12/site-packages/airflow/example_dags/example_sla_dag.py
[2024-11-11T03:47:45.283+0000] {processor.py:925} INFO - DAG(s) 'example_sla_dag' retrieved from /home/airflow/.local/lib/python3.12/site-packages/airflow/example_dags/example_sla_dag.py
[2024-11-11T03:47:45.293+0000] {logging_mixin.py:190} INFO - [2024-11-11T03:47:45.293+0000] {dag.py:3239} INFO - Sync 1 DAGs
[2024-11-11T03:47:45.305+0000] {logging_mixin.py:190} INFO - [2024-11-11T03:47:45.305+0000] {dag.py:4180} INFO - Setting next_dagrun for example_sla_dag to 2024-11-11 03:44:00+00:00, run_after=2024-11-11 03:46:00+00:00
[2024-11-11T03:47:45.313+0000] {processor.py:208} INFO - Processing /home/airflow/.local/lib/python3.12/site-packages/airflow/example_dags/example_sla_dag.py took 0.041 seconds
[2024-11-11T03:48:15.831+0000] {processor.py:186} INFO - Started process (PID=8962) to work on /home/airflow/.local/lib/python3.12/site-packages/airflow/example_dags/example_sla_dag.py
[2024-11-11T03:48:15.832+0000] {processor.py:914} INFO - Processing file /home/airflow/.local/lib/python3.12/site-packages/airflow/example_dags/example_sla_dag.py for tasks to queue
[2024-11-11T03:48:15.834+0000] {logging_mixin.py:190} INFO - [2024-11-11T03:48:15.833+0000] {dagbag.py:588} INFO - Filling up the DagBag from /home/airflow/.local/lib/python3.12/site-packages/airflow/example_dags/example_sla_dag.py
[2024-11-11T03:48:15.840+0000] {processor.py:925} INFO - DAG(s) 'example_sla_dag' retrieved from /home/airflow/.local/lib/python3.12/site-packages/airflow/example_dags/example_sla_dag.py
[2024-11-11T03:48:15.852+0000] {logging_mixin.py:190} INFO - [2024-11-11T03:48:15.852+0000] {dag.py:3239} INFO - Sync 1 DAGs
[2024-11-11T03:48:15.866+0000] {logging_mixin.py:190} INFO - [2024-11-11T03:48:15.866+0000] {dag.py:4180} INFO - Setting next_dagrun for example_sla_dag to 2024-11-11 03:46:00+00:00, run_after=2024-11-11 03:48:00+00:00
[2024-11-11T03:48:15.876+0000] {processor.py:208} INFO - Processing /home/airflow/.local/lib/python3.12/site-packages/airflow/example_dags/example_sla_dag.py took 0.048 seconds
[2024-11-11T03:48:46.713+0000] {processor.py:186} INFO - Started process (PID=9025) to work on /home/airflow/.local/lib/python3.12/site-packages/airflow/example_dags/example_sla_dag.py
[2024-11-11T03:48:46.713+0000] {processor.py:914} INFO - Processing file /home/airflow/.local/lib/python3.12/site-packages/airflow/example_dags/example_sla_dag.py for tasks to queue
[2024-11-11T03:48:46.715+0000] {logging_mixin.py:190} INFO - [2024-11-11T03:48:46.715+0000] {dagbag.py:588} INFO - Filling up the DagBag from /home/airflow/.local/lib/python3.12/site-packages/airflow/example_dags/example_sla_dag.py
[2024-11-11T03:48:46.720+0000] {processor.py:925} INFO - DAG(s) 'example_sla_dag' retrieved from /home/airflow/.local/lib/python3.12/site-packages/airflow/example_dags/example_sla_dag.py
[2024-11-11T03:48:46.730+0000] {logging_mixin.py:190} INFO - [2024-11-11T03:48:46.730+0000] {dag.py:3239} INFO - Sync 1 DAGs
[2024-11-11T03:48:46.741+0000] {logging_mixin.py:190} INFO - [2024-11-11T03:48:46.741+0000] {dag.py:4180} INFO - Setting next_dagrun for example_sla_dag to 2024-11-11 03:46:00+00:00, run_after=2024-11-11 03:48:00+00:00
[2024-11-11T03:48:46.749+0000] {processor.py:208} INFO - Processing /home/airflow/.local/lib/python3.12/site-packages/airflow/example_dags/example_sla_dag.py took 0.039 seconds
[2024-11-11T03:49:17.366+0000] {processor.py:186} INFO - Started process (PID=9088) to work on /home/airflow/.local/lib/python3.12/site-packages/airflow/example_dags/example_sla_dag.py
[2024-11-11T03:49:17.367+0000] {processor.py:914} INFO - Processing file /home/airflow/.local/lib/python3.12/site-packages/airflow/example_dags/example_sla_dag.py for tasks to queue
[2024-11-11T03:49:17.368+0000] {logging_mixin.py:190} INFO - [2024-11-11T03:49:17.368+0000] {dagbag.py:588} INFO - Filling up the DagBag from /home/airflow/.local/lib/python3.12/site-packages/airflow/example_dags/example_sla_dag.py
[2024-11-11T03:49:17.374+0000] {processor.py:925} INFO - DAG(s) 'example_sla_dag' retrieved from /home/airflow/.local/lib/python3.12/site-packages/airflow/example_dags/example_sla_dag.py
[2024-11-11T03:49:17.385+0000] {logging_mixin.py:190} INFO - [2024-11-11T03:49:17.384+0000] {dag.py:3239} INFO - Sync 1 DAGs
[2024-11-11T03:49:17.398+0000] {logging_mixin.py:190} INFO - [2024-11-11T03:49:17.398+0000] {dag.py:4180} INFO - Setting next_dagrun for example_sla_dag to 2024-11-11 03:46:00+00:00, run_after=2024-11-11 03:48:00+00:00
[2024-11-11T03:49:17.406+0000] {processor.py:208} INFO - Processing /home/airflow/.local/lib/python3.12/site-packages/airflow/example_dags/example_sla_dag.py took 0.043 seconds
[2024-11-11T03:59:42.938+0000] {processor.py:186} INFO - Started process (PID=9151) to work on /home/airflow/.local/lib/python3.12/site-packages/airflow/example_dags/example_sla_dag.py
[2024-11-11T03:59:42.939+0000] {processor.py:914} INFO - Processing file /home/airflow/.local/lib/python3.12/site-packages/airflow/example_dags/example_sla_dag.py for tasks to queue
[2024-11-11T03:59:42.940+0000] {logging_mixin.py:190} INFO - [2024-11-11T03:59:42.940+0000] {dagbag.py:588} INFO - Filling up the DagBag from /home/airflow/.local/lib/python3.12/site-packages/airflow/example_dags/example_sla_dag.py
[2024-11-11T03:59:42.946+0000] {processor.py:925} INFO - DAG(s) 'example_sla_dag' retrieved from /home/airflow/.local/lib/python3.12/site-packages/airflow/example_dags/example_sla_dag.py
[2024-11-11T03:59:42.956+0000] {logging_mixin.py:190} INFO - [2024-11-11T03:59:42.956+0000] {dag.py:3239} INFO - Sync 1 DAGs
[2024-11-11T03:59:42.968+0000] {logging_mixin.py:190} INFO - [2024-11-11T03:59:42.968+0000] {dag.py:4180} INFO - Setting next_dagrun for example_sla_dag to 2024-11-11 03:56:00+00:00, run_after=2024-11-11 03:58:00+00:00
[2024-11-11T03:59:42.976+0000] {processor.py:208} INFO - Processing /home/airflow/.local/lib/python3.12/site-packages/airflow/example_dags/example_sla_dag.py took 0.042 seconds
[2024-11-11T04:00:13.598+0000] {processor.py:186} INFO - Started process (PID=9214) to work on /home/airflow/.local/lib/python3.12/site-packages/airflow/example_dags/example_sla_dag.py
[2024-11-11T04:00:13.599+0000] {processor.py:914} INFO - Processing file /home/airflow/.local/lib/python3.12/site-packages/airflow/example_dags/example_sla_dag.py for tasks to queue
[2024-11-11T04:00:13.600+0000] {logging_mixin.py:190} INFO - [2024-11-11T04:00:13.600+0000] {dagbag.py:588} INFO - Filling up the DagBag from /home/airflow/.local/lib/python3.12/site-packages/airflow/example_dags/example_sla_dag.py
[2024-11-11T04:00:13.606+0000] {processor.py:925} INFO - DAG(s) 'example_sla_dag' retrieved from /home/airflow/.local/lib/python3.12/site-packages/airflow/example_dags/example_sla_dag.py
[2024-11-11T04:00:13.616+0000] {logging_mixin.py:190} INFO - [2024-11-11T04:00:13.616+0000] {dag.py:3239} INFO - Sync 1 DAGs
[2024-11-11T04:00:13.629+0000] {logging_mixin.py:190} INFO - [2024-11-11T04:00:13.628+0000] {dag.py:4180} INFO - Setting next_dagrun for example_sla_dag to 2024-11-11 03:58:00+00:00, run_after=2024-11-11 04:00:00+00:00
[2024-11-11T04:00:13.637+0000] {processor.py:208} INFO - Processing /home/airflow/.local/lib/python3.12/site-packages/airflow/example_dags/example_sla_dag.py took 0.042 seconds
[2024-11-11T04:00:44.454+0000] {processor.py:186} INFO - Started process (PID=9277) to work on /home/airflow/.local/lib/python3.12/site-packages/airflow/example_dags/example_sla_dag.py
[2024-11-11T04:00:44.455+0000] {processor.py:914} INFO - Processing file /home/airflow/.local/lib/python3.12/site-packages/airflow/example_dags/example_sla_dag.py for tasks to queue
[2024-11-11T04:00:44.456+0000] {logging_mixin.py:190} INFO - [2024-11-11T04:00:44.456+0000] {dagbag.py:588} INFO - Filling up the DagBag from /home/airflow/.local/lib/python3.12/site-packages/airflow/example_dags/example_sla_dag.py
[2024-11-11T04:00:44.462+0000] {processor.py:925} INFO - DAG(s) 'example_sla_dag' retrieved from /home/airflow/.local/lib/python3.12/site-packages/airflow/example_dags/example_sla_dag.py
[2024-11-11T04:00:44.473+0000] {logging_mixin.py:190} INFO - [2024-11-11T04:00:44.472+0000] {dag.py:3239} INFO - Sync 1 DAGs
[2024-11-11T04:00:44.486+0000] {logging_mixin.py:190} INFO - [2024-11-11T04:00:44.485+0000] {dag.py:4180} INFO - Setting next_dagrun for example_sla_dag to 2024-11-11 03:58:00+00:00, run_after=2024-11-11 04:00:00+00:00
[2024-11-11T04:00:44.494+0000] {processor.py:208} INFO - Processing /home/airflow/.local/lib/python3.12/site-packages/airflow/example_dags/example_sla_dag.py took 0.044 seconds
[2024-11-11T04:01:15.089+0000] {processor.py:186} INFO - Started process (PID=9340) to work on /home/airflow/.local/lib/python3.12/site-packages/airflow/example_dags/example_sla_dag.py
[2024-11-11T04:01:15.090+0000] {processor.py:914} INFO - Processing file /home/airflow/.local/lib/python3.12/site-packages/airflow/example_dags/example_sla_dag.py for tasks to queue
[2024-11-11T04:01:15.091+0000] {logging_mixin.py:190} INFO - [2024-11-11T04:01:15.091+0000] {dagbag.py:588} INFO - Filling up the DagBag from /home/airflow/.local/lib/python3.12/site-packages/airflow/example_dags/example_sla_dag.py
[2024-11-11T04:01:15.098+0000] {processor.py:925} INFO - DAG(s) 'example_sla_dag' retrieved from /home/airflow/.local/lib/python3.12/site-packages/airflow/example_dags/example_sla_dag.py
[2024-11-11T04:01:15.109+0000] {logging_mixin.py:190} INFO - [2024-11-11T04:01:15.108+0000] {dag.py:3239} INFO - Sync 1 DAGs
[2024-11-11T04:01:15.121+0000] {logging_mixin.py:190} INFO - [2024-11-11T04:01:15.121+0000] {dag.py:4180} INFO - Setting next_dagrun for example_sla_dag to 2024-11-11 03:58:00+00:00, run_after=2024-11-11 04:00:00+00:00
[2024-11-11T04:01:15.129+0000] {processor.py:208} INFO - Processing /home/airflow/.local/lib/python3.12/site-packages/airflow/example_dags/example_sla_dag.py took 0.044 seconds
[2024-11-11T04:01:45.940+0000] {processor.py:186} INFO - Started process (PID=9403) to work on /home/airflow/.local/lib/python3.12/site-packages/airflow/example_dags/example_sla_dag.py
[2024-11-11T04:01:45.941+0000] {processor.py:914} INFO - Processing file /home/airflow/.local/lib/python3.12/site-packages/airflow/example_dags/example_sla_dag.py for tasks to queue
[2024-11-11T04:01:45.943+0000] {logging_mixin.py:190} INFO - [2024-11-11T04:01:45.943+0000] {dagbag.py:588} INFO - Filling up the DagBag from /home/airflow/.local/lib/python3.12/site-packages/airflow/example_dags/example_sla_dag.py
[2024-11-11T04:01:45.949+0000] {processor.py:925} INFO - DAG(s) 'example_sla_dag' retrieved from /home/airflow/.local/lib/python3.12/site-packages/airflow/example_dags/example_sla_dag.py
[2024-11-11T04:01:45.960+0000] {logging_mixin.py:190} INFO - [2024-11-11T04:01:45.960+0000] {dag.py:3239} INFO - Sync 1 DAGs
[2024-11-11T04:01:45.973+0000] {logging_mixin.py:190} INFO - [2024-11-11T04:01:45.973+0000] {dag.py:4180} INFO - Setting next_dagrun for example_sla_dag to 2024-11-11 03:58:00+00:00, run_after=2024-11-11 04:00:00+00:00
[2024-11-11T04:01:45.981+0000] {processor.py:208} INFO - Processing /home/airflow/.local/lib/python3.12/site-packages/airflow/example_dags/example_sla_dag.py took 0.044 seconds
[2024-11-11T04:02:16.834+0000] {processor.py:186} INFO - Started process (PID=9466) to work on /home/airflow/.local/lib/python3.12/site-packages/airflow/example_dags/example_sla_dag.py
[2024-11-11T04:02:16.834+0000] {processor.py:914} INFO - Processing file /home/airflow/.local/lib/python3.12/site-packages/airflow/example_dags/example_sla_dag.py for tasks to queue
[2024-11-11T04:02:16.836+0000] {logging_mixin.py:190} INFO - [2024-11-11T04:02:16.836+0000] {dagbag.py:588} INFO - Filling up the DagBag from /home/airflow/.local/lib/python3.12/site-packages/airflow/example_dags/example_sla_dag.py
[2024-11-11T04:02:16.842+0000] {processor.py:925} INFO - DAG(s) 'example_sla_dag' retrieved from /home/airflow/.local/lib/python3.12/site-packages/airflow/example_dags/example_sla_dag.py
[2024-11-11T04:02:16.853+0000] {logging_mixin.py:190} INFO - [2024-11-11T04:02:16.853+0000] {dag.py:3239} INFO - Sync 1 DAGs
[2024-11-11T04:02:16.867+0000] {logging_mixin.py:190} INFO - [2024-11-11T04:02:16.866+0000] {dag.py:4180} INFO - Setting next_dagrun for example_sla_dag to 2024-11-11 04:00:00+00:00, run_after=2024-11-11 04:02:00+00:00
[2024-11-11T04:02:16.878+0000] {processor.py:208} INFO - Processing /home/airflow/.local/lib/python3.12/site-packages/airflow/example_dags/example_sla_dag.py took 0.047 seconds
[2024-11-11T04:02:47.532+0000] {processor.py:186} INFO - Started process (PID=9529) to work on /home/airflow/.local/lib/python3.12/site-packages/airflow/example_dags/example_sla_dag.py
[2024-11-11T04:02:47.532+0000] {processor.py:914} INFO - Processing file /home/airflow/.local/lib/python3.12/site-packages/airflow/example_dags/example_sla_dag.py for tasks to queue
[2024-11-11T04:02:47.534+0000] {logging_mixin.py:190} INFO - [2024-11-11T04:02:47.534+0000] {dagbag.py:588} INFO - Filling up the DagBag from /home/airflow/.local/lib/python3.12/site-packages/airflow/example_dags/example_sla_dag.py
[2024-11-11T04:02:47.540+0000] {processor.py:925} INFO - DAG(s) 'example_sla_dag' retrieved from /home/airflow/.local/lib/python3.12/site-packages/airflow/example_dags/example_sla_dag.py
[2024-11-11T04:02:47.551+0000] {logging_mixin.py:190} INFO - [2024-11-11T04:02:47.551+0000] {dag.py:3239} INFO - Sync 1 DAGs
[2024-11-11T04:02:47.562+0000] {logging_mixin.py:190} INFO - [2024-11-11T04:02:47.562+0000] {dag.py:4180} INFO - Setting next_dagrun for example_sla_dag to 2024-11-11 04:00:00+00:00, run_after=2024-11-11 04:02:00+00:00
[2024-11-11T04:02:47.570+0000] {processor.py:208} INFO - Processing /home/airflow/.local/lib/python3.12/site-packages/airflow/example_dags/example_sla_dag.py took 0.042 seconds
[2024-11-11T04:03:18.179+0000] {processor.py:186} INFO - Started process (PID=9592) to work on /home/airflow/.local/lib/python3.12/site-packages/airflow/example_dags/example_sla_dag.py
[2024-11-11T04:03:18.179+0000] {processor.py:914} INFO - Processing file /home/airflow/.local/lib/python3.12/site-packages/airflow/example_dags/example_sla_dag.py for tasks to queue
[2024-11-11T04:03:18.181+0000] {logging_mixin.py:190} INFO - [2024-11-11T04:03:18.181+0000] {dagbag.py:588} INFO - Filling up the DagBag from /home/airflow/.local/lib/python3.12/site-packages/airflow/example_dags/example_sla_dag.py
[2024-11-11T04:03:18.187+0000] {processor.py:925} INFO - DAG(s) 'example_sla_dag' retrieved from /home/airflow/.local/lib/python3.12/site-packages/airflow/example_dags/example_sla_dag.py
[2024-11-11T04:03:18.197+0000] {logging_mixin.py:190} INFO - [2024-11-11T04:03:18.197+0000] {dag.py:3239} INFO - Sync 1 DAGs
[2024-11-11T04:03:18.210+0000] {logging_mixin.py:190} INFO - [2024-11-11T04:03:18.210+0000] {dag.py:4180} INFO - Setting next_dagrun for example_sla_dag to 2024-11-11 04:00:00+00:00, run_after=2024-11-11 04:02:00+00:00
[2024-11-11T04:03:18.219+0000] {processor.py:208} INFO - Processing /home/airflow/.local/lib/python3.12/site-packages/airflow/example_dags/example_sla_dag.py took 0.043 seconds
[2024-11-11T04:03:49.093+0000] {processor.py:186} INFO - Started process (PID=9655) to work on /home/airflow/.local/lib/python3.12/site-packages/airflow/example_dags/example_sla_dag.py
[2024-11-11T04:03:49.093+0000] {processor.py:914} INFO - Processing file /home/airflow/.local/lib/python3.12/site-packages/airflow/example_dags/example_sla_dag.py for tasks to queue
[2024-11-11T04:03:49.095+0000] {logging_mixin.py:190} INFO - [2024-11-11T04:03:49.095+0000] {dagbag.py:588} INFO - Filling up the DagBag from /home/airflow/.local/lib/python3.12/site-packages/airflow/example_dags/example_sla_dag.py
[2024-11-11T04:03:49.101+0000] {processor.py:925} INFO - DAG(s) 'example_sla_dag' retrieved from /home/airflow/.local/lib/python3.12/site-packages/airflow/example_dags/example_sla_dag.py
[2024-11-11T04:03:49.110+0000] {logging_mixin.py:190} INFO - [2024-11-11T04:03:49.110+0000] {dag.py:3239} INFO - Sync 1 DAGs
[2024-11-11T04:03:49.121+0000] {logging_mixin.py:190} INFO - [2024-11-11T04:03:49.121+0000] {dag.py:4180} INFO - Setting next_dagrun for example_sla_dag to 2024-11-11 04:00:00+00:00, run_after=2024-11-11 04:02:00+00:00
[2024-11-11T04:03:49.129+0000] {processor.py:208} INFO - Processing /home/airflow/.local/lib/python3.12/site-packages/airflow/example_dags/example_sla_dag.py took 0.040 seconds
[2024-11-11T04:04:20.108+0000] {processor.py:186} INFO - Started process (PID=9718) to work on /home/airflow/.local/lib/python3.12/site-packages/airflow/example_dags/example_sla_dag.py
[2024-11-11T04:04:20.109+0000] {processor.py:914} INFO - Processing file /home/airflow/.local/lib/python3.12/site-packages/airflow/example_dags/example_sla_dag.py for tasks to queue
[2024-11-11T04:04:20.111+0000] {logging_mixin.py:190} INFO - [2024-11-11T04:04:20.110+0000] {dagbag.py:588} INFO - Filling up the DagBag from /home/airflow/.local/lib/python3.12/site-packages/airflow/example_dags/example_sla_dag.py
[2024-11-11T04:04:20.118+0000] {processor.py:925} INFO - DAG(s) 'example_sla_dag' retrieved from /home/airflow/.local/lib/python3.12/site-packages/airflow/example_dags/example_sla_dag.py
[2024-11-11T04:04:20.129+0000] {logging_mixin.py:190} INFO - [2024-11-11T04:04:20.129+0000] {dag.py:3239} INFO - Sync 1 DAGs
[2024-11-11T04:04:20.141+0000] {logging_mixin.py:190} INFO - [2024-11-11T04:04:20.141+0000] {dag.py:4180} INFO - Setting next_dagrun for example_sla_dag to 2024-11-11 04:02:00+00:00, run_after=2024-11-11 04:04:00+00:00
[2024-11-11T04:04:20.149+0000] {processor.py:208} INFO - Processing /home/airflow/.local/lib/python3.12/site-packages/airflow/example_dags/example_sla_dag.py took 0.045 seconds
[2024-11-11T04:04:50.975+0000] {processor.py:186} INFO - Started process (PID=9781) to work on /home/airflow/.local/lib/python3.12/site-packages/airflow/example_dags/example_sla_dag.py
[2024-11-11T04:04:50.976+0000] {processor.py:914} INFO - Processing file /home/airflow/.local/lib/python3.12/site-packages/airflow/example_dags/example_sla_dag.py for tasks to queue
[2024-11-11T04:04:50.977+0000] {logging_mixin.py:190} INFO - [2024-11-11T04:04:50.977+0000] {dagbag.py:588} INFO - Filling up the DagBag from /home/airflow/.local/lib/python3.12/site-packages/airflow/example_dags/example_sla_dag.py
[2024-11-11T04:04:50.983+0000] {processor.py:925} INFO - DAG(s) 'example_sla_dag' retrieved from /home/airflow/.local/lib/python3.12/site-packages/airflow/example_dags/example_sla_dag.py
[2024-11-11T04:04:50.994+0000] {logging_mixin.py:190} INFO - [2024-11-11T04:04:50.994+0000] {dag.py:3239} INFO - Sync 1 DAGs
[2024-11-11T04:04:51.007+0000] {logging_mixin.py:190} INFO - [2024-11-11T04:04:51.006+0000] {dag.py:4180} INFO - Setting next_dagrun for example_sla_dag to 2024-11-11 04:02:00+00:00, run_after=2024-11-11 04:04:00+00:00
[2024-11-11T04:04:51.015+0000] {processor.py:208} INFO - Processing /home/airflow/.local/lib/python3.12/site-packages/airflow/example_dags/example_sla_dag.py took 0.044 seconds
[2024-11-11T04:05:21.753+0000] {processor.py:186} INFO - Started process (PID=9844) to work on /home/airflow/.local/lib/python3.12/site-packages/airflow/example_dags/example_sla_dag.py
[2024-11-11T04:05:21.754+0000] {processor.py:914} INFO - Processing file /home/airflow/.local/lib/python3.12/site-packages/airflow/example_dags/example_sla_dag.py for tasks to queue
[2024-11-11T04:05:21.756+0000] {logging_mixin.py:190} INFO - [2024-11-11T04:05:21.755+0000] {dagbag.py:588} INFO - Filling up the DagBag from /home/airflow/.local/lib/python3.12/site-packages/airflow/example_dags/example_sla_dag.py
[2024-11-11T04:05:21.762+0000] {processor.py:925} INFO - DAG(s) 'example_sla_dag' retrieved from /home/airflow/.local/lib/python3.12/site-packages/airflow/example_dags/example_sla_dag.py
[2024-11-11T04:05:21.772+0000] {logging_mixin.py:190} INFO - [2024-11-11T04:05:21.772+0000] {dag.py:3239} INFO - Sync 1 DAGs
[2024-11-11T04:05:21.784+0000] {logging_mixin.py:190} INFO - [2024-11-11T04:05:21.784+0000] {dag.py:4180} INFO - Setting next_dagrun for example_sla_dag to 2024-11-11 04:02:00+00:00, run_after=2024-11-11 04:04:00+00:00
[2024-11-11T04:05:21.793+0000] {processor.py:208} INFO - Processing /home/airflow/.local/lib/python3.12/site-packages/airflow/example_dags/example_sla_dag.py took 0.043 seconds
[2024-11-11T04:05:52.377+0000] {processor.py:186} INFO - Started process (PID=9907) to work on /home/airflow/.local/lib/python3.12/site-packages/airflow/example_dags/example_sla_dag.py
[2024-11-11T04:05:52.377+0000] {processor.py:914} INFO - Processing file /home/airflow/.local/lib/python3.12/site-packages/airflow/example_dags/example_sla_dag.py for tasks to queue
[2024-11-11T04:05:52.379+0000] {logging_mixin.py:190} INFO - [2024-11-11T04:05:52.379+0000] {dagbag.py:588} INFO - Filling up the DagBag from /home/airflow/.local/lib/python3.12/site-packages/airflow/example_dags/example_sla_dag.py
[2024-11-11T04:05:52.385+0000] {processor.py:925} INFO - DAG(s) 'example_sla_dag' retrieved from /home/airflow/.local/lib/python3.12/site-packages/airflow/example_dags/example_sla_dag.py
[2024-11-11T04:05:52.397+0000] {logging_mixin.py:190} INFO - [2024-11-11T04:05:52.396+0000] {dag.py:3239} INFO - Sync 1 DAGs
[2024-11-11T04:05:52.409+0000] {logging_mixin.py:190} INFO - [2024-11-11T04:05:52.409+0000] {dag.py:4180} INFO - Setting next_dagrun for example_sla_dag to 2024-11-11 04:02:00+00:00, run_after=2024-11-11 04:04:00+00:00
[2024-11-11T04:05:52.419+0000] {processor.py:208} INFO - Processing /home/airflow/.local/lib/python3.12/site-packages/airflow/example_dags/example_sla_dag.py took 0.046 seconds
[2024-11-11T04:06:23.160+0000] {processor.py:186} INFO - Started process (PID=9970) to work on /home/airflow/.local/lib/python3.12/site-packages/airflow/example_dags/example_sla_dag.py
[2024-11-11T04:06:23.160+0000] {processor.py:914} INFO - Processing file /home/airflow/.local/lib/python3.12/site-packages/airflow/example_dags/example_sla_dag.py for tasks to queue
[2024-11-11T04:06:23.162+0000] {logging_mixin.py:190} INFO - [2024-11-11T04:06:23.162+0000] {dagbag.py:588} INFO - Filling up the DagBag from /home/airflow/.local/lib/python3.12/site-packages/airflow/example_dags/example_sla_dag.py
[2024-11-11T04:06:23.168+0000] {processor.py:925} INFO - DAG(s) 'example_sla_dag' retrieved from /home/airflow/.local/lib/python3.12/site-packages/airflow/example_dags/example_sla_dag.py
[2024-11-11T04:06:23.179+0000] {logging_mixin.py:190} INFO - [2024-11-11T04:06:23.178+0000] {dag.py:3239} INFO - Sync 1 DAGs
[2024-11-11T04:06:23.191+0000] {logging_mixin.py:190} INFO - [2024-11-11T04:06:23.191+0000] {dag.py:4180} INFO - Setting next_dagrun for example_sla_dag to 2024-11-11 04:04:00+00:00, run_after=2024-11-11 04:06:00+00:00
[2024-11-11T04:06:23.199+0000] {processor.py:208} INFO - Processing /home/airflow/.local/lib/python3.12/site-packages/airflow/example_dags/example_sla_dag.py took 0.043 seconds
[2024-11-11T04:06:53.962+0000] {processor.py:186} INFO - Started process (PID=10033) to work on /home/airflow/.local/lib/python3.12/site-packages/airflow/example_dags/example_sla_dag.py
[2024-11-11T04:06:53.962+0000] {processor.py:914} INFO - Processing file /home/airflow/.local/lib/python3.12/site-packages/airflow/example_dags/example_sla_dag.py for tasks to queue
[2024-11-11T04:06:53.964+0000] {logging_mixin.py:190} INFO - [2024-11-11T04:06:53.964+0000] {dagbag.py:588} INFO - Filling up the DagBag from /home/airflow/.local/lib/python3.12/site-packages/airflow/example_dags/example_sla_dag.py
[2024-11-11T04:06:53.970+0000] {processor.py:925} INFO - DAG(s) 'example_sla_dag' retrieved from /home/airflow/.local/lib/python3.12/site-packages/airflow/example_dags/example_sla_dag.py
[2024-11-11T04:06:53.981+0000] {logging_mixin.py:190} INFO - [2024-11-11T04:06:53.981+0000] {dag.py:3239} INFO - Sync 1 DAGs
[2024-11-11T04:06:53.993+0000] {logging_mixin.py:190} INFO - [2024-11-11T04:06:53.993+0000] {dag.py:4180} INFO - Setting next_dagrun for example_sla_dag to 2024-11-11 04:04:00+00:00, run_after=2024-11-11 04:06:00+00:00
[2024-11-11T04:06:54.002+0000] {processor.py:208} INFO - Processing /home/airflow/.local/lib/python3.12/site-packages/airflow/example_dags/example_sla_dag.py took 0.046 seconds
[2024-11-11T04:07:24.715+0000] {processor.py:186} INFO - Started process (PID=10096) to work on /home/airflow/.local/lib/python3.12/site-packages/airflow/example_dags/example_sla_dag.py
[2024-11-11T04:07:24.716+0000] {processor.py:914} INFO - Processing file /home/airflow/.local/lib/python3.12/site-packages/airflow/example_dags/example_sla_dag.py for tasks to queue
[2024-11-11T04:07:24.718+0000] {logging_mixin.py:190} INFO - [2024-11-11T04:07:24.717+0000] {dagbag.py:588} INFO - Filling up the DagBag from /home/airflow/.local/lib/python3.12/site-packages/airflow/example_dags/example_sla_dag.py
[2024-11-11T04:07:24.724+0000] {processor.py:925} INFO - DAG(s) 'example_sla_dag' retrieved from /home/airflow/.local/lib/python3.12/site-packages/airflow/example_dags/example_sla_dag.py
[2024-11-11T04:07:24.735+0000] {logging_mixin.py:190} INFO - [2024-11-11T04:07:24.734+0000] {dag.py:3239} INFO - Sync 1 DAGs
[2024-11-11T04:07:24.747+0000] {logging_mixin.py:190} INFO - [2024-11-11T04:07:24.747+0000] {dag.py:4180} INFO - Setting next_dagrun for example_sla_dag to 2024-11-11 04:04:00+00:00, run_after=2024-11-11 04:06:00+00:00
[2024-11-11T04:07:24.756+0000] {processor.py:208} INFO - Processing /home/airflow/.local/lib/python3.12/site-packages/airflow/example_dags/example_sla_dag.py took 0.044 seconds
[2024-11-11T04:07:55.577+0000] {processor.py:186} INFO - Started process (PID=10159) to work on /home/airflow/.local/lib/python3.12/site-packages/airflow/example_dags/example_sla_dag.py
[2024-11-11T04:07:55.577+0000] {processor.py:914} INFO - Processing file /home/airflow/.local/lib/python3.12/site-packages/airflow/example_dags/example_sla_dag.py for tasks to queue
[2024-11-11T04:07:55.579+0000] {logging_mixin.py:190} INFO - [2024-11-11T04:07:55.579+0000] {dagbag.py:588} INFO - Filling up the DagBag from /home/airflow/.local/lib/python3.12/site-packages/airflow/example_dags/example_sla_dag.py
[2024-11-11T04:07:55.585+0000] {processor.py:925} INFO - DAG(s) 'example_sla_dag' retrieved from /home/airflow/.local/lib/python3.12/site-packages/airflow/example_dags/example_sla_dag.py
[2024-11-11T04:07:55.595+0000] {logging_mixin.py:190} INFO - [2024-11-11T04:07:55.595+0000] {dag.py:3239} INFO - Sync 1 DAGs
[2024-11-11T04:07:55.608+0000] {logging_mixin.py:190} INFO - [2024-11-11T04:07:55.608+0000] {dag.py:4180} INFO - Setting next_dagrun for example_sla_dag to 2024-11-11 04:04:00+00:00, run_after=2024-11-11 04:06:00+00:00
[2024-11-11T04:07:55.616+0000] {processor.py:208} INFO - Processing /home/airflow/.local/lib/python3.12/site-packages/airflow/example_dags/example_sla_dag.py took 0.043 seconds
[2024-11-11T04:08:26.392+0000] {processor.py:186} INFO - Started process (PID=10222) to work on /home/airflow/.local/lib/python3.12/site-packages/airflow/example_dags/example_sla_dag.py
[2024-11-11T04:08:26.392+0000] {processor.py:914} INFO - Processing file /home/airflow/.local/lib/python3.12/site-packages/airflow/example_dags/example_sla_dag.py for tasks to queue
[2024-11-11T04:08:26.394+0000] {logging_mixin.py:190} INFO - [2024-11-11T04:08:26.393+0000] {dagbag.py:588} INFO - Filling up the DagBag from /home/airflow/.local/lib/python3.12/site-packages/airflow/example_dags/example_sla_dag.py
[2024-11-11T04:08:26.399+0000] {processor.py:925} INFO - DAG(s) 'example_sla_dag' retrieved from /home/airflow/.local/lib/python3.12/site-packages/airflow/example_dags/example_sla_dag.py
[2024-11-11T04:08:26.408+0000] {logging_mixin.py:190} INFO - [2024-11-11T04:08:26.408+0000] {dag.py:3239} INFO - Sync 1 DAGs
[2024-11-11T04:08:26.419+0000] {logging_mixin.py:190} INFO - [2024-11-11T04:08:26.419+0000] {dag.py:4180} INFO - Setting next_dagrun for example_sla_dag to 2024-11-11 04:06:00+00:00, run_after=2024-11-11 04:08:00+00:00
[2024-11-11T04:08:26.427+0000] {processor.py:208} INFO - Processing /home/airflow/.local/lib/python3.12/site-packages/airflow/example_dags/example_sla_dag.py took 0.039 seconds
[2024-11-11T04:08:57.014+0000] {processor.py:186} INFO - Started process (PID=10285) to work on /home/airflow/.local/lib/python3.12/site-packages/airflow/example_dags/example_sla_dag.py
[2024-11-11T04:08:57.015+0000] {processor.py:914} INFO - Processing file /home/airflow/.local/lib/python3.12/site-packages/airflow/example_dags/example_sla_dag.py for tasks to queue
[2024-11-11T04:08:57.016+0000] {logging_mixin.py:190} INFO - [2024-11-11T04:08:57.016+0000] {dagbag.py:588} INFO - Filling up the DagBag from /home/airflow/.local/lib/python3.12/site-packages/airflow/example_dags/example_sla_dag.py
[2024-11-11T04:08:57.022+0000] {processor.py:925} INFO - DAG(s) 'example_sla_dag' retrieved from /home/airflow/.local/lib/python3.12/site-packages/airflow/example_dags/example_sla_dag.py
[2024-11-11T04:08:57.032+0000] {logging_mixin.py:190} INFO - [2024-11-11T04:08:57.032+0000] {dag.py:3239} INFO - Sync 1 DAGs
[2024-11-11T04:08:57.044+0000] {logging_mixin.py:190} INFO - [2024-11-11T04:08:57.044+0000] {dag.py:4180} INFO - Setting next_dagrun for example_sla_dag to 2024-11-11 04:06:00+00:00, run_after=2024-11-11 04:08:00+00:00
[2024-11-11T04:08:57.053+0000] {processor.py:208} INFO - Processing /home/airflow/.local/lib/python3.12/site-packages/airflow/example_dags/example_sla_dag.py took 0.043 seconds
[2024-11-11T04:09:27.577+0000] {processor.py:186} INFO - Started process (PID=10348) to work on /home/airflow/.local/lib/python3.12/site-packages/airflow/example_dags/example_sla_dag.py
[2024-11-11T04:09:27.577+0000] {processor.py:914} INFO - Processing file /home/airflow/.local/lib/python3.12/site-packages/airflow/example_dags/example_sla_dag.py for tasks to queue
[2024-11-11T04:09:27.579+0000] {logging_mixin.py:190} INFO - [2024-11-11T04:09:27.579+0000] {dagbag.py:588} INFO - Filling up the DagBag from /home/airflow/.local/lib/python3.12/site-packages/airflow/example_dags/example_sla_dag.py
[2024-11-11T04:09:27.585+0000] {processor.py:925} INFO - DAG(s) 'example_sla_dag' retrieved from /home/airflow/.local/lib/python3.12/site-packages/airflow/example_dags/example_sla_dag.py
[2024-11-11T04:09:27.594+0000] {logging_mixin.py:190} INFO - [2024-11-11T04:09:27.594+0000] {dag.py:3239} INFO - Sync 1 DAGs
[2024-11-11T04:09:27.607+0000] {logging_mixin.py:190} INFO - [2024-11-11T04:09:27.606+0000] {dag.py:4180} INFO - Setting next_dagrun for example_sla_dag to 2024-11-11 04:06:00+00:00, run_after=2024-11-11 04:08:00+00:00
[2024-11-11T04:09:27.615+0000] {processor.py:208} INFO - Processing /home/airflow/.local/lib/python3.12/site-packages/airflow/example_dags/example_sla_dag.py took 0.042 seconds
[2024-11-11T04:09:59.079+0000] {processor.py:186} INFO - Started process (PID=10411) to work on /home/airflow/.local/lib/python3.12/site-packages/airflow/example_dags/example_sla_dag.py
[2024-11-11T04:09:59.080+0000] {processor.py:914} INFO - Processing file /home/airflow/.local/lib/python3.12/site-packages/airflow/example_dags/example_sla_dag.py for tasks to queue
[2024-11-11T04:09:59.081+0000] {logging_mixin.py:190} INFO - [2024-11-11T04:09:59.081+0000] {dagbag.py:588} INFO - Filling up the DagBag from /home/airflow/.local/lib/python3.12/site-packages/airflow/example_dags/example_sla_dag.py
[2024-11-11T04:09:59.087+0000] {processor.py:925} INFO - DAG(s) 'example_sla_dag' retrieved from /home/airflow/.local/lib/python3.12/site-packages/airflow/example_dags/example_sla_dag.py
[2024-11-11T04:09:59.098+0000] {logging_mixin.py:190} INFO - [2024-11-11T04:09:59.098+0000] {dag.py:3239} INFO - Sync 1 DAGs
[2024-11-11T04:09:59.111+0000] {logging_mixin.py:190} INFO - [2024-11-11T04:09:59.111+0000] {dag.py:4180} INFO - Setting next_dagrun for example_sla_dag to 2024-11-11 04:06:00+00:00, run_after=2024-11-11 04:08:00+00:00
[2024-11-11T04:09:59.119+0000] {processor.py:208} INFO - Processing /home/airflow/.local/lib/python3.12/site-packages/airflow/example_dags/example_sla_dag.py took 0.044 seconds
[2024-11-11T04:10:30.666+0000] {processor.py:186} INFO - Started process (PID=10474) to work on /home/airflow/.local/lib/python3.12/site-packages/airflow/example_dags/example_sla_dag.py
[2024-11-11T04:10:30.667+0000] {processor.py:914} INFO - Processing file /home/airflow/.local/lib/python3.12/site-packages/airflow/example_dags/example_sla_dag.py for tasks to queue
[2024-11-11T04:10:30.668+0000] {logging_mixin.py:190} INFO - [2024-11-11T04:10:30.668+0000] {dagbag.py:588} INFO - Filling up the DagBag from /home/airflow/.local/lib/python3.12/site-packages/airflow/example_dags/example_sla_dag.py
[2024-11-11T04:10:30.674+0000] {processor.py:925} INFO - DAG(s) 'example_sla_dag' retrieved from /home/airflow/.local/lib/python3.12/site-packages/airflow/example_dags/example_sla_dag.py
[2024-11-11T04:10:30.685+0000] {logging_mixin.py:190} INFO - [2024-11-11T04:10:30.685+0000] {dag.py:3239} INFO - Sync 1 DAGs
[2024-11-11T04:10:30.798+0000] {logging_mixin.py:190} INFO - [2024-11-11T04:10:30.798+0000] {dag.py:4180} INFO - Setting next_dagrun for example_sla_dag to 2024-11-11 04:08:00+00:00, run_after=2024-11-11 04:10:00+00:00
[2024-11-11T04:10:30.805+0000] {processor.py:208} INFO - Processing /home/airflow/.local/lib/python3.12/site-packages/airflow/example_dags/example_sla_dag.py took 0.143 seconds
[2024-11-11T04:11:00.967+0000] {processor.py:186} INFO - Started process (PID=10537) to work on /home/airflow/.local/lib/python3.12/site-packages/airflow/example_dags/example_sla_dag.py
[2024-11-11T04:11:00.968+0000] {processor.py:914} INFO - Processing file /home/airflow/.local/lib/python3.12/site-packages/airflow/example_dags/example_sla_dag.py for tasks to queue
[2024-11-11T04:11:00.970+0000] {logging_mixin.py:190} INFO - [2024-11-11T04:11:00.970+0000] {dagbag.py:588} INFO - Filling up the DagBag from /home/airflow/.local/lib/python3.12/site-packages/airflow/example_dags/example_sla_dag.py
[2024-11-11T04:11:00.976+0000] {processor.py:925} INFO - DAG(s) 'example_sla_dag' retrieved from /home/airflow/.local/lib/python3.12/site-packages/airflow/example_dags/example_sla_dag.py
[2024-11-11T04:11:00.986+0000] {logging_mixin.py:190} INFO - [2024-11-11T04:11:00.986+0000] {dag.py:3239} INFO - Sync 1 DAGs
[2024-11-11T04:11:00.999+0000] {logging_mixin.py:190} INFO - [2024-11-11T04:11:00.999+0000] {dag.py:4180} INFO - Setting next_dagrun for example_sla_dag to 2024-11-11 04:08:00+00:00, run_after=2024-11-11 04:10:00+00:00
[2024-11-11T04:11:01.009+0000] {processor.py:208} INFO - Processing /home/airflow/.local/lib/python3.12/site-packages/airflow/example_dags/example_sla_dag.py took 0.045 seconds
[2024-11-11T04:11:31.502+0000] {processor.py:186} INFO - Started process (PID=10600) to work on /home/airflow/.local/lib/python3.12/site-packages/airflow/example_dags/example_sla_dag.py
[2024-11-11T04:11:31.503+0000] {processor.py:914} INFO - Processing file /home/airflow/.local/lib/python3.12/site-packages/airflow/example_dags/example_sla_dag.py for tasks to queue
[2024-11-11T04:11:31.504+0000] {logging_mixin.py:190} INFO - [2024-11-11T04:11:31.504+0000] {dagbag.py:588} INFO - Filling up the DagBag from /home/airflow/.local/lib/python3.12/site-packages/airflow/example_dags/example_sla_dag.py
[2024-11-11T04:11:31.510+0000] {processor.py:925} INFO - DAG(s) 'example_sla_dag' retrieved from /home/airflow/.local/lib/python3.12/site-packages/airflow/example_dags/example_sla_dag.py
[2024-11-11T04:11:31.520+0000] {logging_mixin.py:190} INFO - [2024-11-11T04:11:31.520+0000] {dag.py:3239} INFO - Sync 1 DAGs
[2024-11-11T04:11:31.533+0000] {logging_mixin.py:190} INFO - [2024-11-11T04:11:31.532+0000] {dag.py:4180} INFO - Setting next_dagrun for example_sla_dag to 2024-11-11 04:08:00+00:00, run_after=2024-11-11 04:10:00+00:00
[2024-11-11T04:11:31.541+0000] {processor.py:208} INFO - Processing /home/airflow/.local/lib/python3.12/site-packages/airflow/example_dags/example_sla_dag.py took 0.043 seconds
[2024-11-11T04:12:02.980+0000] {processor.py:186} INFO - Started process (PID=10663) to work on /home/airflow/.local/lib/python3.12/site-packages/airflow/example_dags/example_sla_dag.py
[2024-11-11T04:12:02.980+0000] {processor.py:914} INFO - Processing file /home/airflow/.local/lib/python3.12/site-packages/airflow/example_dags/example_sla_dag.py for tasks to queue
[2024-11-11T04:12:02.982+0000] {logging_mixin.py:190} INFO - [2024-11-11T04:12:02.982+0000] {dagbag.py:588} INFO - Filling up the DagBag from /home/airflow/.local/lib/python3.12/site-packages/airflow/example_dags/example_sla_dag.py
[2024-11-11T04:12:02.988+0000] {processor.py:925} INFO - DAG(s) 'example_sla_dag' retrieved from /home/airflow/.local/lib/python3.12/site-packages/airflow/example_dags/example_sla_dag.py
[2024-11-11T04:12:03.110+0000] {logging_mixin.py:190} INFO - [2024-11-11T04:12:03.110+0000] {dag.py:3239} INFO - Sync 1 DAGs
[2024-11-11T04:12:03.120+0000] {logging_mixin.py:190} INFO - [2024-11-11T04:12:03.120+0000] {dag.py:4180} INFO - Setting next_dagrun for example_sla_dag to 2024-11-11 04:10:00+00:00, run_after=2024-11-11 04:12:00+00:00
[2024-11-11T04:12:03.128+0000] {processor.py:208} INFO - Processing /home/airflow/.local/lib/python3.12/site-packages/airflow/example_dags/example_sla_dag.py took 0.152 seconds
[2024-11-11T04:12:33.723+0000] {processor.py:186} INFO - Started process (PID=10726) to work on /home/airflow/.local/lib/python3.12/site-packages/airflow/example_dags/example_sla_dag.py
[2024-11-11T04:12:33.723+0000] {processor.py:914} INFO - Processing file /home/airflow/.local/lib/python3.12/site-packages/airflow/example_dags/example_sla_dag.py for tasks to queue
[2024-11-11T04:12:33.725+0000] {logging_mixin.py:190} INFO - [2024-11-11T04:12:33.725+0000] {dagbag.py:588} INFO - Filling up the DagBag from /home/airflow/.local/lib/python3.12/site-packages/airflow/example_dags/example_sla_dag.py
[2024-11-11T04:12:33.731+0000] {processor.py:925} INFO - DAG(s) 'example_sla_dag' retrieved from /home/airflow/.local/lib/python3.12/site-packages/airflow/example_dags/example_sla_dag.py
[2024-11-11T04:12:33.741+0000] {logging_mixin.py:190} INFO - [2024-11-11T04:12:33.741+0000] {dag.py:3239} INFO - Sync 1 DAGs
[2024-11-11T04:12:33.753+0000] {logging_mixin.py:190} INFO - [2024-11-11T04:12:33.753+0000] {dag.py:4180} INFO - Setting next_dagrun for example_sla_dag to 2024-11-11 04:10:00+00:00, run_after=2024-11-11 04:12:00+00:00
[2024-11-11T04:12:33.761+0000] {processor.py:208} INFO - Processing /home/airflow/.local/lib/python3.12/site-packages/airflow/example_dags/example_sla_dag.py took 0.042 seconds
[2024-11-11T04:13:04.183+0000] {processor.py:186} INFO - Started process (PID=10789) to work on /home/airflow/.local/lib/python3.12/site-packages/airflow/example_dags/example_sla_dag.py
[2024-11-11T04:13:04.183+0000] {processor.py:914} INFO - Processing file /home/airflow/.local/lib/python3.12/site-packages/airflow/example_dags/example_sla_dag.py for tasks to queue
[2024-11-11T04:13:04.185+0000] {logging_mixin.py:190} INFO - [2024-11-11T04:13:04.185+0000] {dagbag.py:588} INFO - Filling up the DagBag from /home/airflow/.local/lib/python3.12/site-packages/airflow/example_dags/example_sla_dag.py
[2024-11-11T04:13:04.191+0000] {processor.py:925} INFO - DAG(s) 'example_sla_dag' retrieved from /home/airflow/.local/lib/python3.12/site-packages/airflow/example_dags/example_sla_dag.py
[2024-11-11T04:13:04.201+0000] {logging_mixin.py:190} INFO - [2024-11-11T04:13:04.201+0000] {dag.py:3239} INFO - Sync 1 DAGs
[2024-11-11T04:13:04.213+0000] {logging_mixin.py:190} INFO - [2024-11-11T04:13:04.213+0000] {dag.py:4180} INFO - Setting next_dagrun for example_sla_dag to 2024-11-11 04:10:00+00:00, run_after=2024-11-11 04:12:00+00:00
[2024-11-11T04:13:04.221+0000] {processor.py:208} INFO - Processing /home/airflow/.local/lib/python3.12/site-packages/airflow/example_dags/example_sla_dag.py took 0.042 seconds
[2024-11-11T04:13:34.991+0000] {processor.py:186} INFO - Started process (PID=10852) to work on /home/airflow/.local/lib/python3.12/site-packages/airflow/example_dags/example_sla_dag.py
[2024-11-11T04:13:34.993+0000] {processor.py:914} INFO - Processing file /home/airflow/.local/lib/python3.12/site-packages/airflow/example_dags/example_sla_dag.py for tasks to queue
[2024-11-11T04:13:35.001+0000] {logging_mixin.py:190} INFO - [2024-11-11T04:13:35.001+0000] {dagbag.py:588} INFO - Filling up the DagBag from /home/airflow/.local/lib/python3.12/site-packages/airflow/example_dags/example_sla_dag.py
[2024-11-11T04:13:35.014+0000] {processor.py:925} INFO - DAG(s) 'example_sla_dag' retrieved from /home/airflow/.local/lib/python3.12/site-packages/airflow/example_dags/example_sla_dag.py
[2024-11-11T04:13:35.034+0000] {logging_mixin.py:190} INFO - [2024-11-11T04:13:35.034+0000] {dag.py:3239} INFO - Sync 1 DAGs
[2024-11-11T04:13:35.048+0000] {logging_mixin.py:190} INFO - [2024-11-11T04:13:35.048+0000] {dag.py:4180} INFO - Setting next_dagrun for example_sla_dag to 2024-11-11 04:10:00+00:00, run_after=2024-11-11 04:12:00+00:00
[2024-11-11T04:13:35.059+0000] {processor.py:208} INFO - Processing /home/airflow/.local/lib/python3.12/site-packages/airflow/example_dags/example_sla_dag.py took 0.077 seconds
[2024-11-11T04:47:36.472+0000] {processor.py:186} INFO - Started process (PID=10915) to work on /home/airflow/.local/lib/python3.12/site-packages/airflow/example_dags/example_sla_dag.py
[2024-11-11T04:47:36.473+0000] {processor.py:914} INFO - Processing file /home/airflow/.local/lib/python3.12/site-packages/airflow/example_dags/example_sla_dag.py for tasks to queue
[2024-11-11T04:47:36.474+0000] {logging_mixin.py:190} INFO - [2024-11-11T04:47:36.474+0000] {dagbag.py:588} INFO - Filling up the DagBag from /home/airflow/.local/lib/python3.12/site-packages/airflow/example_dags/example_sla_dag.py
[2024-11-11T04:47:36.480+0000] {processor.py:925} INFO - DAG(s) 'example_sla_dag' retrieved from /home/airflow/.local/lib/python3.12/site-packages/airflow/example_dags/example_sla_dag.py
[2024-11-11T04:47:36.490+0000] {logging_mixin.py:190} INFO - [2024-11-11T04:47:36.490+0000] {dag.py:3239} INFO - Sync 1 DAGs
[2024-11-11T04:47:36.503+0000] {logging_mixin.py:190} INFO - [2024-11-11T04:47:36.503+0000] {dag.py:4180} INFO - Setting next_dagrun for example_sla_dag to 2024-11-11 04:44:00+00:00, run_after=2024-11-11 04:46:00+00:00
[2024-11-11T04:47:36.512+0000] {processor.py:208} INFO - Processing /home/airflow/.local/lib/python3.12/site-packages/airflow/example_dags/example_sla_dag.py took 0.043 seconds
[2024-11-11T05:54:20.741+0000] {processor.py:186} INFO - Started process (PID=10977) to work on /home/airflow/.local/lib/python3.12/site-packages/airflow/example_dags/example_sla_dag.py
[2024-11-11T05:54:20.742+0000] {processor.py:914} INFO - Processing file /home/airflow/.local/lib/python3.12/site-packages/airflow/example_dags/example_sla_dag.py for tasks to queue
[2024-11-11T05:54:20.744+0000] {logging_mixin.py:190} INFO - [2024-11-11T05:54:20.743+0000] {dagbag.py:588} INFO - Filling up the DagBag from /home/airflow/.local/lib/python3.12/site-packages/airflow/example_dags/example_sla_dag.py
[2024-11-11T05:54:20.750+0000] {processor.py:925} INFO - DAG(s) 'example_sla_dag' retrieved from /home/airflow/.local/lib/python3.12/site-packages/airflow/example_dags/example_sla_dag.py
[2024-11-11T05:54:20.760+0000] {logging_mixin.py:190} INFO - [2024-11-11T05:54:20.760+0000] {dag.py:3239} INFO - Sync 1 DAGs
[2024-11-11T05:54:20.772+0000] {logging_mixin.py:190} INFO - [2024-11-11T05:54:20.772+0000] {dag.py:4180} INFO - Setting next_dagrun for example_sla_dag to 2024-11-11 05:52:00+00:00, run_after=2024-11-11 05:54:00+00:00
[2024-11-11T05:54:20.780+0000] {processor.py:208} INFO - Processing /home/airflow/.local/lib/python3.12/site-packages/airflow/example_dags/example_sla_dag.py took 0.042 seconds
[2024-11-11T05:54:51.058+0000] {processor.py:186} INFO - Started process (PID=11040) to work on /home/airflow/.local/lib/python3.12/site-packages/airflow/example_dags/example_sla_dag.py
[2024-11-11T05:54:51.059+0000] {processor.py:914} INFO - Processing file /home/airflow/.local/lib/python3.12/site-packages/airflow/example_dags/example_sla_dag.py for tasks to queue
[2024-11-11T05:54:51.060+0000] {logging_mixin.py:190} INFO - [2024-11-11T05:54:51.060+0000] {dagbag.py:588} INFO - Filling up the DagBag from /home/airflow/.local/lib/python3.12/site-packages/airflow/example_dags/example_sla_dag.py
[2024-11-11T05:54:51.068+0000] {processor.py:925} INFO - DAG(s) 'example_sla_dag' retrieved from /home/airflow/.local/lib/python3.12/site-packages/airflow/example_dags/example_sla_dag.py
[2024-11-11T05:54:51.078+0000] {logging_mixin.py:190} INFO - [2024-11-11T05:54:51.078+0000] {dag.py:3239} INFO - Sync 1 DAGs
[2024-11-11T05:54:51.092+0000] {logging_mixin.py:190} INFO - [2024-11-11T05:54:51.091+0000] {dag.py:4180} INFO - Setting next_dagrun for example_sla_dag to 2024-11-11 05:52:00+00:00, run_after=2024-11-11 05:54:00+00:00
[2024-11-11T05:54:51.100+0000] {processor.py:208} INFO - Processing /home/airflow/.local/lib/python3.12/site-packages/airflow/example_dags/example_sla_dag.py took 0.045 seconds
[2024-11-11T05:55:21.461+0000] {processor.py:186} INFO - Started process (PID=11103) to work on /home/airflow/.local/lib/python3.12/site-packages/airflow/example_dags/example_sla_dag.py
[2024-11-11T05:55:21.462+0000] {processor.py:914} INFO - Processing file /home/airflow/.local/lib/python3.12/site-packages/airflow/example_dags/example_sla_dag.py for tasks to queue
[2024-11-11T05:55:21.463+0000] {logging_mixin.py:190} INFO - [2024-11-11T05:55:21.463+0000] {dagbag.py:588} INFO - Filling up the DagBag from /home/airflow/.local/lib/python3.12/site-packages/airflow/example_dags/example_sla_dag.py
[2024-11-11T05:55:21.470+0000] {processor.py:925} INFO - DAG(s) 'example_sla_dag' retrieved from /home/airflow/.local/lib/python3.12/site-packages/airflow/example_dags/example_sla_dag.py
[2024-11-11T05:55:21.481+0000] {logging_mixin.py:190} INFO - [2024-11-11T05:55:21.480+0000] {dag.py:3239} INFO - Sync 1 DAGs
[2024-11-11T05:55:21.493+0000] {logging_mixin.py:190} INFO - [2024-11-11T05:55:21.493+0000] {dag.py:4180} INFO - Setting next_dagrun for example_sla_dag to 2024-11-11 05:52:00+00:00, run_after=2024-11-11 05:54:00+00:00
[2024-11-11T05:55:21.502+0000] {processor.py:208} INFO - Processing /home/airflow/.local/lib/python3.12/site-packages/airflow/example_dags/example_sla_dag.py took 0.045 seconds
[2024-11-11T05:55:52.057+0000] {processor.py:186} INFO - Started process (PID=11166) to work on /home/airflow/.local/lib/python3.12/site-packages/airflow/example_dags/example_sla_dag.py
[2024-11-11T05:55:52.058+0000] {processor.py:914} INFO - Processing file /home/airflow/.local/lib/python3.12/site-packages/airflow/example_dags/example_sla_dag.py for tasks to queue
[2024-11-11T05:55:52.060+0000] {logging_mixin.py:190} INFO - [2024-11-11T05:55:52.059+0000] {dagbag.py:588} INFO - Filling up the DagBag from /home/airflow/.local/lib/python3.12/site-packages/airflow/example_dags/example_sla_dag.py
[2024-11-11T05:55:52.066+0000] {processor.py:925} INFO - DAG(s) 'example_sla_dag' retrieved from /home/airflow/.local/lib/python3.12/site-packages/airflow/example_dags/example_sla_dag.py
[2024-11-11T05:55:52.075+0000] {logging_mixin.py:190} INFO - [2024-11-11T05:55:52.075+0000] {dag.py:3239} INFO - Sync 1 DAGs
[2024-11-11T05:55:52.087+0000] {logging_mixin.py:190} INFO - [2024-11-11T05:55:52.087+0000] {dag.py:4180} INFO - Setting next_dagrun for example_sla_dag to 2024-11-11 05:52:00+00:00, run_after=2024-11-11 05:54:00+00:00
[2024-11-11T05:55:52.095+0000] {processor.py:208} INFO - Processing /home/airflow/.local/lib/python3.12/site-packages/airflow/example_dags/example_sla_dag.py took 0.042 seconds
[2024-11-11T05:56:22.542+0000] {processor.py:186} INFO - Started process (PID=11229) to work on /home/airflow/.local/lib/python3.12/site-packages/airflow/example_dags/example_sla_dag.py
[2024-11-11T05:56:22.543+0000] {processor.py:914} INFO - Processing file /home/airflow/.local/lib/python3.12/site-packages/airflow/example_dags/example_sla_dag.py for tasks to queue
[2024-11-11T05:56:22.544+0000] {logging_mixin.py:190} INFO - [2024-11-11T05:56:22.544+0000] {dagbag.py:588} INFO - Filling up the DagBag from /home/airflow/.local/lib/python3.12/site-packages/airflow/example_dags/example_sla_dag.py
[2024-11-11T05:56:22.550+0000] {processor.py:925} INFO - DAG(s) 'example_sla_dag' retrieved from /home/airflow/.local/lib/python3.12/site-packages/airflow/example_dags/example_sla_dag.py
[2024-11-11T05:56:22.560+0000] {logging_mixin.py:190} INFO - [2024-11-11T05:56:22.560+0000] {dag.py:3239} INFO - Sync 1 DAGs
[2024-11-11T05:56:22.573+0000] {logging_mixin.py:190} INFO - [2024-11-11T05:56:22.573+0000] {dag.py:4180} INFO - Setting next_dagrun for example_sla_dag to 2024-11-11 05:54:00+00:00, run_after=2024-11-11 05:56:00+00:00
[2024-11-11T05:56:22.582+0000] {processor.py:208} INFO - Processing /home/airflow/.local/lib/python3.12/site-packages/airflow/example_dags/example_sla_dag.py took 0.044 seconds
[2024-11-11T05:56:52.836+0000] {processor.py:186} INFO - Started process (PID=11292) to work on /home/airflow/.local/lib/python3.12/site-packages/airflow/example_dags/example_sla_dag.py
[2024-11-11T05:56:52.837+0000] {processor.py:914} INFO - Processing file /home/airflow/.local/lib/python3.12/site-packages/airflow/example_dags/example_sla_dag.py for tasks to queue
[2024-11-11T05:56:52.839+0000] {logging_mixin.py:190} INFO - [2024-11-11T05:56:52.838+0000] {dagbag.py:588} INFO - Filling up the DagBag from /home/airflow/.local/lib/python3.12/site-packages/airflow/example_dags/example_sla_dag.py
[2024-11-11T05:56:52.845+0000] {processor.py:925} INFO - DAG(s) 'example_sla_dag' retrieved from /home/airflow/.local/lib/python3.12/site-packages/airflow/example_dags/example_sla_dag.py
[2024-11-11T05:56:52.857+0000] {logging_mixin.py:190} INFO - [2024-11-11T05:56:52.857+0000] {dag.py:3239} INFO - Sync 1 DAGs
[2024-11-11T05:56:52.870+0000] {logging_mixin.py:190} INFO - [2024-11-11T05:56:52.870+0000] {dag.py:4180} INFO - Setting next_dagrun for example_sla_dag to 2024-11-11 05:54:00+00:00, run_after=2024-11-11 05:56:00+00:00
[2024-11-11T05:56:52.879+0000] {processor.py:208} INFO - Processing /home/airflow/.local/lib/python3.12/site-packages/airflow/example_dags/example_sla_dag.py took 0.046 seconds
