[2024-11-11T02:24:37.929+0000] {processor.py:186} INFO - Started process (PID=64) to work on /home/airflow/.local/lib/python3.12/site-packages/airflow/example_dags/example_branch_operator_decorator.py
[2024-11-11T02:24:37.930+0000] {processor.py:914} INFO - Processing file /home/airflow/.local/lib/python3.12/site-packages/airflow/example_dags/example_branch_operator_decorator.py for tasks to queue
[2024-11-11T02:24:37.931+0000] {logging_mixin.py:190} INFO - [2024-11-11T02:24:37.931+0000] {dagbag.py:588} INFO - Filling up the DagBag from /home/airflow/.local/lib/python3.12/site-packages/airflow/example_dags/example_branch_operator_decorator.py
[2024-11-11T02:24:37.945+0000] {processor.py:925} INFO - DAG(s) 'example_branch_python_operator_decorator' retrieved from /home/airflow/.local/lib/python3.12/site-packages/airflow/example_dags/example_branch_operator_decorator.py
[2024-11-11T02:24:38.004+0000] {logging_mixin.py:190} INFO - [2024-11-11T02:24:38.004+0000] {override.py:1911} INFO - Created Permission View: can edit on DAG:example_branch_python_operator_decorator
[2024-11-11T02:24:38.009+0000] {logging_mixin.py:190} INFO - [2024-11-11T02:24:38.009+0000] {override.py:1911} INFO - Created Permission View: can read on DAG:example_branch_python_operator_decorator
[2024-11-11T02:24:38.012+0000] {logging_mixin.py:190} INFO - [2024-11-11T02:24:38.012+0000] {override.py:1911} INFO - Created Permission View: can delete on DAG:example_branch_python_operator_decorator
[2024-11-11T02:24:38.015+0000] {logging_mixin.py:190} INFO - [2024-11-11T02:24:38.015+0000] {override.py:1911} INFO - Created Permission View: can read on DAG Run:example_branch_python_operator_decorator
[2024-11-11T02:24:38.017+0000] {logging_mixin.py:190} INFO - [2024-11-11T02:24:38.017+0000] {override.py:1911} INFO - Created Permission View: can create on DAG Run:example_branch_python_operator_decorator
[2024-11-11T02:24:38.020+0000] {logging_mixin.py:190} INFO - [2024-11-11T02:24:38.020+0000] {override.py:1911} INFO - Created Permission View: can delete on DAG Run:example_branch_python_operator_decorator
[2024-11-11T02:24:38.022+0000] {logging_mixin.py:190} INFO - [2024-11-11T02:24:38.022+0000] {override.py:1911} INFO - Created Permission View: menu access on DAG Run:example_branch_python_operator_decorator
[2024-11-11T02:24:38.022+0000] {logging_mixin.py:190} INFO - [2024-11-11T02:24:38.022+0000] {dag.py:3239} INFO - Sync 1 DAGs
[2024-11-11T02:24:38.028+0000] {logging_mixin.py:190} INFO - [2024-11-11T02:24:38.028+0000] {dag.py:3262} INFO - Creating ORM DAG for example_branch_python_operator_decorator
[2024-11-11T02:24:38.033+0000] {logging_mixin.py:190} INFO - [2024-11-11T02:24:38.033+0000] {dag.py:4180} INFO - Setting next_dagrun for example_branch_python_operator_decorator to 2024-11-10 00:00:00+00:00, run_after=2024-11-11 00:00:00+00:00
[2024-11-11T02:24:38.041+0000] {processor.py:208} INFO - Processing /home/airflow/.local/lib/python3.12/site-packages/airflow/example_dags/example_branch_operator_decorator.py took 0.116 seconds
[2024-11-11T02:25:08.595+0000] {processor.py:186} INFO - Started process (PID=127) to work on /home/airflow/.local/lib/python3.12/site-packages/airflow/example_dags/example_branch_operator_decorator.py
[2024-11-11T02:25:08.595+0000] {processor.py:914} INFO - Processing file /home/airflow/.local/lib/python3.12/site-packages/airflow/example_dags/example_branch_operator_decorator.py for tasks to queue
[2024-11-11T02:25:08.596+0000] {logging_mixin.py:190} INFO - [2024-11-11T02:25:08.596+0000] {dagbag.py:588} INFO - Filling up the DagBag from /home/airflow/.local/lib/python3.12/site-packages/airflow/example_dags/example_branch_operator_decorator.py
[2024-11-11T02:25:08.606+0000] {processor.py:925} INFO - DAG(s) 'example_branch_python_operator_decorator' retrieved from /home/airflow/.local/lib/python3.12/site-packages/airflow/example_dags/example_branch_operator_decorator.py
[2024-11-11T02:25:08.619+0000] {logging_mixin.py:190} INFO - [2024-11-11T02:25:08.619+0000] {dag.py:3239} INFO - Sync 1 DAGs
[2024-11-11T02:25:08.629+0000] {logging_mixin.py:190} INFO - [2024-11-11T02:25:08.629+0000] {dag.py:4180} INFO - Setting next_dagrun for example_branch_python_operator_decorator to 2024-11-10 00:00:00+00:00, run_after=2024-11-11 00:00:00+00:00
[2024-11-11T02:25:08.637+0000] {processor.py:208} INFO - Processing /home/airflow/.local/lib/python3.12/site-packages/airflow/example_dags/example_branch_operator_decorator.py took 0.045 seconds
[2024-11-11T02:25:39.338+0000] {processor.py:186} INFO - Started process (PID=190) to work on /home/airflow/.local/lib/python3.12/site-packages/airflow/example_dags/example_branch_operator_decorator.py
[2024-11-11T02:25:39.339+0000] {processor.py:914} INFO - Processing file /home/airflow/.local/lib/python3.12/site-packages/airflow/example_dags/example_branch_operator_decorator.py for tasks to queue
[2024-11-11T02:25:39.340+0000] {logging_mixin.py:190} INFO - [2024-11-11T02:25:39.340+0000] {dagbag.py:588} INFO - Filling up the DagBag from /home/airflow/.local/lib/python3.12/site-packages/airflow/example_dags/example_branch_operator_decorator.py
[2024-11-11T02:25:39.351+0000] {processor.py:925} INFO - DAG(s) 'example_branch_python_operator_decorator' retrieved from /home/airflow/.local/lib/python3.12/site-packages/airflow/example_dags/example_branch_operator_decorator.py
[2024-11-11T02:25:39.364+0000] {logging_mixin.py:190} INFO - [2024-11-11T02:25:39.364+0000] {dag.py:3239} INFO - Sync 1 DAGs
[2024-11-11T02:25:39.375+0000] {logging_mixin.py:190} INFO - [2024-11-11T02:25:39.375+0000] {dag.py:4180} INFO - Setting next_dagrun for example_branch_python_operator_decorator to 2024-11-10 00:00:00+00:00, run_after=2024-11-11 00:00:00+00:00
[2024-11-11T02:25:39.383+0000] {processor.py:208} INFO - Processing /home/airflow/.local/lib/python3.12/site-packages/airflow/example_dags/example_branch_operator_decorator.py took 0.048 seconds
[2024-11-11T02:26:09.997+0000] {processor.py:186} INFO - Started process (PID=253) to work on /home/airflow/.local/lib/python3.12/site-packages/airflow/example_dags/example_branch_operator_decorator.py
[2024-11-11T02:26:09.998+0000] {processor.py:914} INFO - Processing file /home/airflow/.local/lib/python3.12/site-packages/airflow/example_dags/example_branch_operator_decorator.py for tasks to queue
[2024-11-11T02:26:09.999+0000] {logging_mixin.py:190} INFO - [2024-11-11T02:26:09.999+0000] {dagbag.py:588} INFO - Filling up the DagBag from /home/airflow/.local/lib/python3.12/site-packages/airflow/example_dags/example_branch_operator_decorator.py
[2024-11-11T02:26:10.009+0000] {processor.py:925} INFO - DAG(s) 'example_branch_python_operator_decorator' retrieved from /home/airflow/.local/lib/python3.12/site-packages/airflow/example_dags/example_branch_operator_decorator.py
[2024-11-11T02:26:10.022+0000] {logging_mixin.py:190} INFO - [2024-11-11T02:26:10.022+0000] {dag.py:3239} INFO - Sync 1 DAGs
[2024-11-11T02:26:10.032+0000] {logging_mixin.py:190} INFO - [2024-11-11T02:26:10.032+0000] {dag.py:4180} INFO - Setting next_dagrun for example_branch_python_operator_decorator to 2024-11-10 00:00:00+00:00, run_after=2024-11-11 00:00:00+00:00
[2024-11-11T02:26:10.040+0000] {processor.py:208} INFO - Processing /home/airflow/.local/lib/python3.12/site-packages/airflow/example_dags/example_branch_operator_decorator.py took 0.046 seconds
[2024-11-11T02:26:40.615+0000] {processor.py:186} INFO - Started process (PID=316) to work on /home/airflow/.local/lib/python3.12/site-packages/airflow/example_dags/example_branch_operator_decorator.py
[2024-11-11T02:26:40.616+0000] {processor.py:914} INFO - Processing file /home/airflow/.local/lib/python3.12/site-packages/airflow/example_dags/example_branch_operator_decorator.py for tasks to queue
[2024-11-11T02:26:40.617+0000] {logging_mixin.py:190} INFO - [2024-11-11T02:26:40.617+0000] {dagbag.py:588} INFO - Filling up the DagBag from /home/airflow/.local/lib/python3.12/site-packages/airflow/example_dags/example_branch_operator_decorator.py
[2024-11-11T02:26:40.627+0000] {processor.py:925} INFO - DAG(s) 'example_branch_python_operator_decorator' retrieved from /home/airflow/.local/lib/python3.12/site-packages/airflow/example_dags/example_branch_operator_decorator.py
[2024-11-11T02:26:40.640+0000] {logging_mixin.py:190} INFO - [2024-11-11T02:26:40.640+0000] {dag.py:3239} INFO - Sync 1 DAGs
[2024-11-11T02:26:40.651+0000] {logging_mixin.py:190} INFO - [2024-11-11T02:26:40.651+0000] {dag.py:4180} INFO - Setting next_dagrun for example_branch_python_operator_decorator to 2024-11-10 00:00:00+00:00, run_after=2024-11-11 00:00:00+00:00
[2024-11-11T02:26:40.658+0000] {processor.py:208} INFO - Processing /home/airflow/.local/lib/python3.12/site-packages/airflow/example_dags/example_branch_operator_decorator.py took 0.046 seconds
[2024-11-11T02:27:11.208+0000] {processor.py:186} INFO - Started process (PID=379) to work on /home/airflow/.local/lib/python3.12/site-packages/airflow/example_dags/example_branch_operator_decorator.py
[2024-11-11T02:27:11.208+0000] {processor.py:914} INFO - Processing file /home/airflow/.local/lib/python3.12/site-packages/airflow/example_dags/example_branch_operator_decorator.py for tasks to queue
[2024-11-11T02:27:11.209+0000] {logging_mixin.py:190} INFO - [2024-11-11T02:27:11.209+0000] {dagbag.py:588} INFO - Filling up the DagBag from /home/airflow/.local/lib/python3.12/site-packages/airflow/example_dags/example_branch_operator_decorator.py
[2024-11-11T02:27:11.220+0000] {processor.py:925} INFO - DAG(s) 'example_branch_python_operator_decorator' retrieved from /home/airflow/.local/lib/python3.12/site-packages/airflow/example_dags/example_branch_operator_decorator.py
[2024-11-11T02:27:11.232+0000] {logging_mixin.py:190} INFO - [2024-11-11T02:27:11.232+0000] {dag.py:3239} INFO - Sync 1 DAGs
[2024-11-11T02:27:11.243+0000] {logging_mixin.py:190} INFO - [2024-11-11T02:27:11.243+0000] {dag.py:4180} INFO - Setting next_dagrun for example_branch_python_operator_decorator to 2024-11-10 00:00:00+00:00, run_after=2024-11-11 00:00:00+00:00
[2024-11-11T02:27:11.250+0000] {processor.py:208} INFO - Processing /home/airflow/.local/lib/python3.12/site-packages/airflow/example_dags/example_branch_operator_decorator.py took 0.046 seconds
[2024-11-11T02:27:41.810+0000] {processor.py:186} INFO - Started process (PID=442) to work on /home/airflow/.local/lib/python3.12/site-packages/airflow/example_dags/example_branch_operator_decorator.py
[2024-11-11T02:27:41.811+0000] {processor.py:914} INFO - Processing file /home/airflow/.local/lib/python3.12/site-packages/airflow/example_dags/example_branch_operator_decorator.py for tasks to queue
[2024-11-11T02:27:41.812+0000] {logging_mixin.py:190} INFO - [2024-11-11T02:27:41.812+0000] {dagbag.py:588} INFO - Filling up the DagBag from /home/airflow/.local/lib/python3.12/site-packages/airflow/example_dags/example_branch_operator_decorator.py
[2024-11-11T02:27:41.822+0000] {processor.py:925} INFO - DAG(s) 'example_branch_python_operator_decorator' retrieved from /home/airflow/.local/lib/python3.12/site-packages/airflow/example_dags/example_branch_operator_decorator.py
[2024-11-11T02:27:41.835+0000] {logging_mixin.py:190} INFO - [2024-11-11T02:27:41.834+0000] {dag.py:3239} INFO - Sync 1 DAGs
[2024-11-11T02:27:41.845+0000] {logging_mixin.py:190} INFO - [2024-11-11T02:27:41.844+0000] {dag.py:4180} INFO - Setting next_dagrun for example_branch_python_operator_decorator to 2024-11-10 00:00:00+00:00, run_after=2024-11-11 00:00:00+00:00
[2024-11-11T02:27:41.852+0000] {processor.py:208} INFO - Processing /home/airflow/.local/lib/python3.12/site-packages/airflow/example_dags/example_branch_operator_decorator.py took 0.045 seconds
[2024-11-11T02:28:12.453+0000] {processor.py:186} INFO - Started process (PID=505) to work on /home/airflow/.local/lib/python3.12/site-packages/airflow/example_dags/example_branch_operator_decorator.py
[2024-11-11T02:28:12.454+0000] {processor.py:914} INFO - Processing file /home/airflow/.local/lib/python3.12/site-packages/airflow/example_dags/example_branch_operator_decorator.py for tasks to queue
[2024-11-11T02:28:12.456+0000] {logging_mixin.py:190} INFO - [2024-11-11T02:28:12.456+0000] {dagbag.py:588} INFO - Filling up the DagBag from /home/airflow/.local/lib/python3.12/site-packages/airflow/example_dags/example_branch_operator_decorator.py
[2024-11-11T02:28:12.466+0000] {processor.py:925} INFO - DAG(s) 'example_branch_python_operator_decorator' retrieved from /home/airflow/.local/lib/python3.12/site-packages/airflow/example_dags/example_branch_operator_decorator.py
[2024-11-11T02:28:12.479+0000] {logging_mixin.py:190} INFO - [2024-11-11T02:28:12.479+0000] {dag.py:3239} INFO - Sync 1 DAGs
[2024-11-11T02:28:12.490+0000] {logging_mixin.py:190} INFO - [2024-11-11T02:28:12.489+0000] {dag.py:4180} INFO - Setting next_dagrun for example_branch_python_operator_decorator to 2024-11-10 00:00:00+00:00, run_after=2024-11-11 00:00:00+00:00
[2024-11-11T02:28:12.497+0000] {processor.py:208} INFO - Processing /home/airflow/.local/lib/python3.12/site-packages/airflow/example_dags/example_branch_operator_decorator.py took 0.047 seconds
[2024-11-11T02:28:43.079+0000] {processor.py:186} INFO - Started process (PID=568) to work on /home/airflow/.local/lib/python3.12/site-packages/airflow/example_dags/example_branch_operator_decorator.py
[2024-11-11T02:28:43.079+0000] {processor.py:914} INFO - Processing file /home/airflow/.local/lib/python3.12/site-packages/airflow/example_dags/example_branch_operator_decorator.py for tasks to queue
[2024-11-11T02:28:43.081+0000] {logging_mixin.py:190} INFO - [2024-11-11T02:28:43.081+0000] {dagbag.py:588} INFO - Filling up the DagBag from /home/airflow/.local/lib/python3.12/site-packages/airflow/example_dags/example_branch_operator_decorator.py
[2024-11-11T02:28:43.090+0000] {processor.py:925} INFO - DAG(s) 'example_branch_python_operator_decorator' retrieved from /home/airflow/.local/lib/python3.12/site-packages/airflow/example_dags/example_branch_operator_decorator.py
[2024-11-11T02:28:43.103+0000] {logging_mixin.py:190} INFO - [2024-11-11T02:28:43.103+0000] {dag.py:3239} INFO - Sync 1 DAGs
[2024-11-11T02:28:43.115+0000] {logging_mixin.py:190} INFO - [2024-11-11T02:28:43.115+0000] {dag.py:4180} INFO - Setting next_dagrun for example_branch_python_operator_decorator to 2024-11-10 00:00:00+00:00, run_after=2024-11-11 00:00:00+00:00
[2024-11-11T02:28:43.123+0000] {processor.py:208} INFO - Processing /home/airflow/.local/lib/python3.12/site-packages/airflow/example_dags/example_branch_operator_decorator.py took 0.048 seconds
[2024-11-11T02:29:13.694+0000] {processor.py:186} INFO - Started process (PID=631) to work on /home/airflow/.local/lib/python3.12/site-packages/airflow/example_dags/example_branch_operator_decorator.py
[2024-11-11T02:29:13.694+0000] {processor.py:914} INFO - Processing file /home/airflow/.local/lib/python3.12/site-packages/airflow/example_dags/example_branch_operator_decorator.py for tasks to queue
[2024-11-11T02:29:13.695+0000] {logging_mixin.py:190} INFO - [2024-11-11T02:29:13.695+0000] {dagbag.py:588} INFO - Filling up the DagBag from /home/airflow/.local/lib/python3.12/site-packages/airflow/example_dags/example_branch_operator_decorator.py
[2024-11-11T02:29:13.706+0000] {processor.py:925} INFO - DAG(s) 'example_branch_python_operator_decorator' retrieved from /home/airflow/.local/lib/python3.12/site-packages/airflow/example_dags/example_branch_operator_decorator.py
[2024-11-11T02:29:13.719+0000] {logging_mixin.py:190} INFO - [2024-11-11T02:29:13.719+0000] {dag.py:3239} INFO - Sync 1 DAGs
[2024-11-11T02:29:13.729+0000] {logging_mixin.py:190} INFO - [2024-11-11T02:29:13.729+0000] {dag.py:4180} INFO - Setting next_dagrun for example_branch_python_operator_decorator to 2024-11-10 00:00:00+00:00, run_after=2024-11-11 00:00:00+00:00
[2024-11-11T02:29:13.737+0000] {processor.py:208} INFO - Processing /home/airflow/.local/lib/python3.12/site-packages/airflow/example_dags/example_branch_operator_decorator.py took 0.046 seconds
[2024-11-11T02:29:44.503+0000] {processor.py:186} INFO - Started process (PID=694) to work on /home/airflow/.local/lib/python3.12/site-packages/airflow/example_dags/example_branch_operator_decorator.py
[2024-11-11T02:29:44.503+0000] {processor.py:914} INFO - Processing file /home/airflow/.local/lib/python3.12/site-packages/airflow/example_dags/example_branch_operator_decorator.py for tasks to queue
[2024-11-11T02:29:44.505+0000] {logging_mixin.py:190} INFO - [2024-11-11T02:29:44.505+0000] {dagbag.py:588} INFO - Filling up the DagBag from /home/airflow/.local/lib/python3.12/site-packages/airflow/example_dags/example_branch_operator_decorator.py
[2024-11-11T02:29:44.515+0000] {processor.py:925} INFO - DAG(s) 'example_branch_python_operator_decorator' retrieved from /home/airflow/.local/lib/python3.12/site-packages/airflow/example_dags/example_branch_operator_decorator.py
[2024-11-11T02:29:44.529+0000] {logging_mixin.py:190} INFO - [2024-11-11T02:29:44.529+0000] {dag.py:3239} INFO - Sync 1 DAGs
[2024-11-11T02:29:44.540+0000] {logging_mixin.py:190} INFO - [2024-11-11T02:29:44.540+0000] {dag.py:4180} INFO - Setting next_dagrun for example_branch_python_operator_decorator to 2024-11-10 00:00:00+00:00, run_after=2024-11-11 00:00:00+00:00
[2024-11-11T02:29:44.548+0000] {processor.py:208} INFO - Processing /home/airflow/.local/lib/python3.12/site-packages/airflow/example_dags/example_branch_operator_decorator.py took 0.049 seconds
[2024-11-11T02:30:15.136+0000] {processor.py:186} INFO - Started process (PID=756) to work on /home/airflow/.local/lib/python3.12/site-packages/airflow/example_dags/example_branch_operator_decorator.py
[2024-11-11T02:30:15.136+0000] {processor.py:914} INFO - Processing file /home/airflow/.local/lib/python3.12/site-packages/airflow/example_dags/example_branch_operator_decorator.py for tasks to queue
[2024-11-11T02:30:15.138+0000] {logging_mixin.py:190} INFO - [2024-11-11T02:30:15.137+0000] {dagbag.py:588} INFO - Filling up the DagBag from /home/airflow/.local/lib/python3.12/site-packages/airflow/example_dags/example_branch_operator_decorator.py
[2024-11-11T02:30:15.148+0000] {processor.py:925} INFO - DAG(s) 'example_branch_python_operator_decorator' retrieved from /home/airflow/.local/lib/python3.12/site-packages/airflow/example_dags/example_branch_operator_decorator.py
[2024-11-11T02:30:15.161+0000] {logging_mixin.py:190} INFO - [2024-11-11T02:30:15.160+0000] {dag.py:3239} INFO - Sync 1 DAGs
[2024-11-11T02:30:15.171+0000] {logging_mixin.py:190} INFO - [2024-11-11T02:30:15.171+0000] {dag.py:4180} INFO - Setting next_dagrun for example_branch_python_operator_decorator to 2024-11-10 00:00:00+00:00, run_after=2024-11-11 00:00:00+00:00
[2024-11-11T02:30:15.178+0000] {processor.py:208} INFO - Processing /home/airflow/.local/lib/python3.12/site-packages/airflow/example_dags/example_branch_operator_decorator.py took 0.046 seconds
[2024-11-11T02:30:45.840+0000] {processor.py:186} INFO - Started process (PID=819) to work on /home/airflow/.local/lib/python3.12/site-packages/airflow/example_dags/example_branch_operator_decorator.py
[2024-11-11T02:30:45.841+0000] {processor.py:914} INFO - Processing file /home/airflow/.local/lib/python3.12/site-packages/airflow/example_dags/example_branch_operator_decorator.py for tasks to queue
[2024-11-11T02:30:45.842+0000] {logging_mixin.py:190} INFO - [2024-11-11T02:30:45.842+0000] {dagbag.py:588} INFO - Filling up the DagBag from /home/airflow/.local/lib/python3.12/site-packages/airflow/example_dags/example_branch_operator_decorator.py
[2024-11-11T02:30:45.853+0000] {processor.py:925} INFO - DAG(s) 'example_branch_python_operator_decorator' retrieved from /home/airflow/.local/lib/python3.12/site-packages/airflow/example_dags/example_branch_operator_decorator.py
[2024-11-11T02:30:45.866+0000] {logging_mixin.py:190} INFO - [2024-11-11T02:30:45.866+0000] {dag.py:3239} INFO - Sync 1 DAGs
[2024-11-11T02:30:45.877+0000] {logging_mixin.py:190} INFO - [2024-11-11T02:30:45.877+0000] {dag.py:4180} INFO - Setting next_dagrun for example_branch_python_operator_decorator to 2024-11-10 00:00:00+00:00, run_after=2024-11-11 00:00:00+00:00
[2024-11-11T02:30:45.885+0000] {processor.py:208} INFO - Processing /home/airflow/.local/lib/python3.12/site-packages/airflow/example_dags/example_branch_operator_decorator.py took 0.049 seconds
[2024-11-11T02:31:16.367+0000] {processor.py:186} INFO - Started process (PID=891) to work on /home/airflow/.local/lib/python3.12/site-packages/airflow/example_dags/example_branch_operator_decorator.py
[2024-11-11T02:31:16.368+0000] {processor.py:914} INFO - Processing file /home/airflow/.local/lib/python3.12/site-packages/airflow/example_dags/example_branch_operator_decorator.py for tasks to queue
[2024-11-11T02:31:16.370+0000] {logging_mixin.py:190} INFO - [2024-11-11T02:31:16.370+0000] {dagbag.py:588} INFO - Filling up the DagBag from /home/airflow/.local/lib/python3.12/site-packages/airflow/example_dags/example_branch_operator_decorator.py
[2024-11-11T02:31:16.381+0000] {processor.py:925} INFO - DAG(s) 'example_branch_python_operator_decorator' retrieved from /home/airflow/.local/lib/python3.12/site-packages/airflow/example_dags/example_branch_operator_decorator.py
[2024-11-11T02:31:16.395+0000] {logging_mixin.py:190} INFO - [2024-11-11T02:31:16.395+0000] {dag.py:3239} INFO - Sync 1 DAGs
[2024-11-11T02:31:16.409+0000] {logging_mixin.py:190} INFO - [2024-11-11T02:31:16.409+0000] {dag.py:4180} INFO - Setting next_dagrun for example_branch_python_operator_decorator to 2024-11-10 00:00:00+00:00, run_after=2024-11-11 00:00:00+00:00
[2024-11-11T02:31:16.417+0000] {processor.py:208} INFO - Processing /home/airflow/.local/lib/python3.12/site-packages/airflow/example_dags/example_branch_operator_decorator.py took 0.053 seconds
[2024-11-11T02:31:47.042+0000] {processor.py:186} INFO - Started process (PID=954) to work on /home/airflow/.local/lib/python3.12/site-packages/airflow/example_dags/example_branch_operator_decorator.py
[2024-11-11T02:31:47.042+0000] {processor.py:914} INFO - Processing file /home/airflow/.local/lib/python3.12/site-packages/airflow/example_dags/example_branch_operator_decorator.py for tasks to queue
[2024-11-11T02:31:47.043+0000] {logging_mixin.py:190} INFO - [2024-11-11T02:31:47.043+0000] {dagbag.py:588} INFO - Filling up the DagBag from /home/airflow/.local/lib/python3.12/site-packages/airflow/example_dags/example_branch_operator_decorator.py
[2024-11-11T02:31:47.054+0000] {processor.py:925} INFO - DAG(s) 'example_branch_python_operator_decorator' retrieved from /home/airflow/.local/lib/python3.12/site-packages/airflow/example_dags/example_branch_operator_decorator.py
[2024-11-11T02:31:47.067+0000] {logging_mixin.py:190} INFO - [2024-11-11T02:31:47.067+0000] {dag.py:3239} INFO - Sync 1 DAGs
[2024-11-11T02:31:47.078+0000] {logging_mixin.py:190} INFO - [2024-11-11T02:31:47.078+0000] {dag.py:4180} INFO - Setting next_dagrun for example_branch_python_operator_decorator to 2024-11-10 00:00:00+00:00, run_after=2024-11-11 00:00:00+00:00
[2024-11-11T02:31:47.086+0000] {processor.py:208} INFO - Processing /home/airflow/.local/lib/python3.12/site-packages/airflow/example_dags/example_branch_operator_decorator.py took 0.048 seconds
[2024-11-11T02:32:17.700+0000] {processor.py:186} INFO - Started process (PID=1016) to work on /home/airflow/.local/lib/python3.12/site-packages/airflow/example_dags/example_branch_operator_decorator.py
[2024-11-11T02:32:17.701+0000] {processor.py:914} INFO - Processing file /home/airflow/.local/lib/python3.12/site-packages/airflow/example_dags/example_branch_operator_decorator.py for tasks to queue
[2024-11-11T02:32:17.702+0000] {logging_mixin.py:190} INFO - [2024-11-11T02:32:17.702+0000] {dagbag.py:588} INFO - Filling up the DagBag from /home/airflow/.local/lib/python3.12/site-packages/airflow/example_dags/example_branch_operator_decorator.py
[2024-11-11T02:32:17.713+0000] {processor.py:925} INFO - DAG(s) 'example_branch_python_operator_decorator' retrieved from /home/airflow/.local/lib/python3.12/site-packages/airflow/example_dags/example_branch_operator_decorator.py
[2024-11-11T02:32:17.727+0000] {logging_mixin.py:190} INFO - [2024-11-11T02:32:17.727+0000] {dag.py:3239} INFO - Sync 1 DAGs
[2024-11-11T02:32:17.737+0000] {logging_mixin.py:190} INFO - [2024-11-11T02:32:17.737+0000] {dag.py:4180} INFO - Setting next_dagrun for example_branch_python_operator_decorator to 2024-11-10 00:00:00+00:00, run_after=2024-11-11 00:00:00+00:00
[2024-11-11T02:32:17.745+0000] {processor.py:208} INFO - Processing /home/airflow/.local/lib/python3.12/site-packages/airflow/example_dags/example_branch_operator_decorator.py took 0.049 seconds
[2024-11-11T02:32:48.411+0000] {processor.py:186} INFO - Started process (PID=1078) to work on /home/airflow/.local/lib/python3.12/site-packages/airflow/example_dags/example_branch_operator_decorator.py
[2024-11-11T02:32:48.412+0000] {processor.py:914} INFO - Processing file /home/airflow/.local/lib/python3.12/site-packages/airflow/example_dags/example_branch_operator_decorator.py for tasks to queue
[2024-11-11T02:32:48.413+0000] {logging_mixin.py:190} INFO - [2024-11-11T02:32:48.413+0000] {dagbag.py:588} INFO - Filling up the DagBag from /home/airflow/.local/lib/python3.12/site-packages/airflow/example_dags/example_branch_operator_decorator.py
[2024-11-11T02:32:48.424+0000] {processor.py:925} INFO - DAG(s) 'example_branch_python_operator_decorator' retrieved from /home/airflow/.local/lib/python3.12/site-packages/airflow/example_dags/example_branch_operator_decorator.py
[2024-11-11T02:32:48.438+0000] {logging_mixin.py:190} INFO - [2024-11-11T02:32:48.438+0000] {dag.py:3239} INFO - Sync 1 DAGs
[2024-11-11T02:32:48.448+0000] {logging_mixin.py:190} INFO - [2024-11-11T02:32:48.448+0000] {dag.py:4180} INFO - Setting next_dagrun for example_branch_python_operator_decorator to 2024-11-10 00:00:00+00:00, run_after=2024-11-11 00:00:00+00:00
[2024-11-11T02:32:48.456+0000] {processor.py:208} INFO - Processing /home/airflow/.local/lib/python3.12/site-packages/airflow/example_dags/example_branch_operator_decorator.py took 0.049 seconds
[2024-11-11T02:33:19.058+0000] {processor.py:186} INFO - Started process (PID=1141) to work on /home/airflow/.local/lib/python3.12/site-packages/airflow/example_dags/example_branch_operator_decorator.py
[2024-11-11T02:33:19.059+0000] {processor.py:914} INFO - Processing file /home/airflow/.local/lib/python3.12/site-packages/airflow/example_dags/example_branch_operator_decorator.py for tasks to queue
[2024-11-11T02:33:19.060+0000] {logging_mixin.py:190} INFO - [2024-11-11T02:33:19.060+0000] {dagbag.py:588} INFO - Filling up the DagBag from /home/airflow/.local/lib/python3.12/site-packages/airflow/example_dags/example_branch_operator_decorator.py
[2024-11-11T02:33:19.071+0000] {processor.py:925} INFO - DAG(s) 'example_branch_python_operator_decorator' retrieved from /home/airflow/.local/lib/python3.12/site-packages/airflow/example_dags/example_branch_operator_decorator.py
[2024-11-11T02:33:19.086+0000] {logging_mixin.py:190} INFO - [2024-11-11T02:33:19.086+0000] {dag.py:3239} INFO - Sync 1 DAGs
[2024-11-11T02:33:19.098+0000] {logging_mixin.py:190} INFO - [2024-11-11T02:33:19.098+0000] {dag.py:4180} INFO - Setting next_dagrun for example_branch_python_operator_decorator to 2024-11-10 00:00:00+00:00, run_after=2024-11-11 00:00:00+00:00
[2024-11-11T02:33:19.109+0000] {processor.py:208} INFO - Processing /home/airflow/.local/lib/python3.12/site-packages/airflow/example_dags/example_branch_operator_decorator.py took 0.054 seconds
[2024-11-11T02:33:49.813+0000] {processor.py:186} INFO - Started process (PID=1204) to work on /home/airflow/.local/lib/python3.12/site-packages/airflow/example_dags/example_branch_operator_decorator.py
[2024-11-11T02:33:49.814+0000] {processor.py:914} INFO - Processing file /home/airflow/.local/lib/python3.12/site-packages/airflow/example_dags/example_branch_operator_decorator.py for tasks to queue
[2024-11-11T02:33:49.816+0000] {logging_mixin.py:190} INFO - [2024-11-11T02:33:49.816+0000] {dagbag.py:588} INFO - Filling up the DagBag from /home/airflow/.local/lib/python3.12/site-packages/airflow/example_dags/example_branch_operator_decorator.py
[2024-11-11T02:33:49.829+0000] {processor.py:925} INFO - DAG(s) 'example_branch_python_operator_decorator' retrieved from /home/airflow/.local/lib/python3.12/site-packages/airflow/example_dags/example_branch_operator_decorator.py
[2024-11-11T02:33:49.844+0000] {logging_mixin.py:190} INFO - [2024-11-11T02:33:49.843+0000] {dag.py:3239} INFO - Sync 1 DAGs
[2024-11-11T02:33:49.855+0000] {logging_mixin.py:190} INFO - [2024-11-11T02:33:49.854+0000] {dag.py:4180} INFO - Setting next_dagrun for example_branch_python_operator_decorator to 2024-11-10 00:00:00+00:00, run_after=2024-11-11 00:00:00+00:00
[2024-11-11T02:33:49.863+0000] {processor.py:208} INFO - Processing /home/airflow/.local/lib/python3.12/site-packages/airflow/example_dags/example_branch_operator_decorator.py took 0.054 seconds
[2024-11-11T02:34:20.357+0000] {processor.py:186} INFO - Started process (PID=1267) to work on /home/airflow/.local/lib/python3.12/site-packages/airflow/example_dags/example_branch_operator_decorator.py
[2024-11-11T02:34:20.358+0000] {processor.py:914} INFO - Processing file /home/airflow/.local/lib/python3.12/site-packages/airflow/example_dags/example_branch_operator_decorator.py for tasks to queue
[2024-11-11T02:34:20.359+0000] {logging_mixin.py:190} INFO - [2024-11-11T02:34:20.359+0000] {dagbag.py:588} INFO - Filling up the DagBag from /home/airflow/.local/lib/python3.12/site-packages/airflow/example_dags/example_branch_operator_decorator.py
[2024-11-11T02:34:20.370+0000] {processor.py:925} INFO - DAG(s) 'example_branch_python_operator_decorator' retrieved from /home/airflow/.local/lib/python3.12/site-packages/airflow/example_dags/example_branch_operator_decorator.py
[2024-11-11T02:34:20.384+0000] {logging_mixin.py:190} INFO - [2024-11-11T02:34:20.384+0000] {dag.py:3239} INFO - Sync 1 DAGs
[2024-11-11T02:34:20.395+0000] {logging_mixin.py:190} INFO - [2024-11-11T02:34:20.395+0000] {dag.py:4180} INFO - Setting next_dagrun for example_branch_python_operator_decorator to 2024-11-10 00:00:00+00:00, run_after=2024-11-11 00:00:00+00:00
[2024-11-11T02:34:20.403+0000] {processor.py:208} INFO - Processing /home/airflow/.local/lib/python3.12/site-packages/airflow/example_dags/example_branch_operator_decorator.py took 0.052 seconds
[2024-11-11T02:34:51.124+0000] {processor.py:186} INFO - Started process (PID=1330) to work on /home/airflow/.local/lib/python3.12/site-packages/airflow/example_dags/example_branch_operator_decorator.py
[2024-11-11T02:34:51.125+0000] {processor.py:914} INFO - Processing file /home/airflow/.local/lib/python3.12/site-packages/airflow/example_dags/example_branch_operator_decorator.py for tasks to queue
[2024-11-11T02:34:51.126+0000] {logging_mixin.py:190} INFO - [2024-11-11T02:34:51.126+0000] {dagbag.py:588} INFO - Filling up the DagBag from /home/airflow/.local/lib/python3.12/site-packages/airflow/example_dags/example_branch_operator_decorator.py
[2024-11-11T02:34:51.137+0000] {processor.py:925} INFO - DAG(s) 'example_branch_python_operator_decorator' retrieved from /home/airflow/.local/lib/python3.12/site-packages/airflow/example_dags/example_branch_operator_decorator.py
[2024-11-11T02:34:51.150+0000] {logging_mixin.py:190} INFO - [2024-11-11T02:34:51.149+0000] {dag.py:3239} INFO - Sync 1 DAGs
[2024-11-11T02:34:51.160+0000] {logging_mixin.py:190} INFO - [2024-11-11T02:34:51.160+0000] {dag.py:4180} INFO - Setting next_dagrun for example_branch_python_operator_decorator to 2024-11-10 00:00:00+00:00, run_after=2024-11-11 00:00:00+00:00
[2024-11-11T02:34:51.167+0000] {processor.py:208} INFO - Processing /home/airflow/.local/lib/python3.12/site-packages/airflow/example_dags/example_branch_operator_decorator.py took 0.046 seconds
[2024-11-11T02:35:22.086+0000] {processor.py:186} INFO - Started process (PID=1393) to work on /home/airflow/.local/lib/python3.12/site-packages/airflow/example_dags/example_branch_operator_decorator.py
[2024-11-11T02:35:22.087+0000] {processor.py:914} INFO - Processing file /home/airflow/.local/lib/python3.12/site-packages/airflow/example_dags/example_branch_operator_decorator.py for tasks to queue
[2024-11-11T02:35:22.089+0000] {logging_mixin.py:190} INFO - [2024-11-11T02:35:22.088+0000] {dagbag.py:588} INFO - Filling up the DagBag from /home/airflow/.local/lib/python3.12/site-packages/airflow/example_dags/example_branch_operator_decorator.py
[2024-11-11T02:35:22.100+0000] {processor.py:925} INFO - DAG(s) 'example_branch_python_operator_decorator' retrieved from /home/airflow/.local/lib/python3.12/site-packages/airflow/example_dags/example_branch_operator_decorator.py
[2024-11-11T02:35:22.115+0000] {logging_mixin.py:190} INFO - [2024-11-11T02:35:22.115+0000] {dag.py:3239} INFO - Sync 1 DAGs
[2024-11-11T02:35:22.126+0000] {logging_mixin.py:190} INFO - [2024-11-11T02:35:22.126+0000] {dag.py:4180} INFO - Setting next_dagrun for example_branch_python_operator_decorator to 2024-11-10 00:00:00+00:00, run_after=2024-11-11 00:00:00+00:00
[2024-11-11T02:35:22.134+0000] {processor.py:208} INFO - Processing /home/airflow/.local/lib/python3.12/site-packages/airflow/example_dags/example_branch_operator_decorator.py took 0.052 seconds
[2024-11-11T02:35:52.777+0000] {processor.py:186} INFO - Started process (PID=1456) to work on /home/airflow/.local/lib/python3.12/site-packages/airflow/example_dags/example_branch_operator_decorator.py
[2024-11-11T02:35:52.778+0000] {processor.py:914} INFO - Processing file /home/airflow/.local/lib/python3.12/site-packages/airflow/example_dags/example_branch_operator_decorator.py for tasks to queue
[2024-11-11T02:35:52.780+0000] {logging_mixin.py:190} INFO - [2024-11-11T02:35:52.780+0000] {dagbag.py:588} INFO - Filling up the DagBag from /home/airflow/.local/lib/python3.12/site-packages/airflow/example_dags/example_branch_operator_decorator.py
[2024-11-11T02:35:52.792+0000] {processor.py:925} INFO - DAG(s) 'example_branch_python_operator_decorator' retrieved from /home/airflow/.local/lib/python3.12/site-packages/airflow/example_dags/example_branch_operator_decorator.py
[2024-11-11T02:35:52.807+0000] {logging_mixin.py:190} INFO - [2024-11-11T02:35:52.806+0000] {dag.py:3239} INFO - Sync 1 DAGs
[2024-11-11T02:35:52.819+0000] {logging_mixin.py:190} INFO - [2024-11-11T02:35:52.818+0000] {dag.py:4180} INFO - Setting next_dagrun for example_branch_python_operator_decorator to 2024-11-10 00:00:00+00:00, run_after=2024-11-11 00:00:00+00:00
[2024-11-11T02:35:52.827+0000] {processor.py:208} INFO - Processing /home/airflow/.local/lib/python3.12/site-packages/airflow/example_dags/example_branch_operator_decorator.py took 0.054 seconds
[2024-11-11T02:36:23.440+0000] {processor.py:186} INFO - Started process (PID=1519) to work on /home/airflow/.local/lib/python3.12/site-packages/airflow/example_dags/example_branch_operator_decorator.py
[2024-11-11T02:36:23.440+0000] {processor.py:914} INFO - Processing file /home/airflow/.local/lib/python3.12/site-packages/airflow/example_dags/example_branch_operator_decorator.py for tasks to queue
[2024-11-11T02:36:23.442+0000] {logging_mixin.py:190} INFO - [2024-11-11T02:36:23.442+0000] {dagbag.py:588} INFO - Filling up the DagBag from /home/airflow/.local/lib/python3.12/site-packages/airflow/example_dags/example_branch_operator_decorator.py
[2024-11-11T02:36:23.453+0000] {processor.py:925} INFO - DAG(s) 'example_branch_python_operator_decorator' retrieved from /home/airflow/.local/lib/python3.12/site-packages/airflow/example_dags/example_branch_operator_decorator.py
[2024-11-11T02:36:23.466+0000] {logging_mixin.py:190} INFO - [2024-11-11T02:36:23.466+0000] {dag.py:3239} INFO - Sync 1 DAGs
[2024-11-11T02:36:23.478+0000] {logging_mixin.py:190} INFO - [2024-11-11T02:36:23.478+0000] {dag.py:4180} INFO - Setting next_dagrun for example_branch_python_operator_decorator to 2024-11-10 00:00:00+00:00, run_after=2024-11-11 00:00:00+00:00
[2024-11-11T02:36:23.486+0000] {processor.py:208} INFO - Processing /home/airflow/.local/lib/python3.12/site-packages/airflow/example_dags/example_branch_operator_decorator.py took 0.050 seconds
[2024-11-11T02:36:54.173+0000] {processor.py:186} INFO - Started process (PID=1588) to work on /home/airflow/.local/lib/python3.12/site-packages/airflow/example_dags/example_branch_operator_decorator.py
[2024-11-11T02:36:54.173+0000] {processor.py:914} INFO - Processing file /home/airflow/.local/lib/python3.12/site-packages/airflow/example_dags/example_branch_operator_decorator.py for tasks to queue
[2024-11-11T02:36:54.175+0000] {logging_mixin.py:190} INFO - [2024-11-11T02:36:54.175+0000] {dagbag.py:588} INFO - Filling up the DagBag from /home/airflow/.local/lib/python3.12/site-packages/airflow/example_dags/example_branch_operator_decorator.py
[2024-11-11T02:36:54.186+0000] {processor.py:925} INFO - DAG(s) 'example_branch_python_operator_decorator' retrieved from /home/airflow/.local/lib/python3.12/site-packages/airflow/example_dags/example_branch_operator_decorator.py
[2024-11-11T02:36:54.199+0000] {logging_mixin.py:190} INFO - [2024-11-11T02:36:54.199+0000] {dag.py:3239} INFO - Sync 1 DAGs
[2024-11-11T02:36:54.210+0000] {logging_mixin.py:190} INFO - [2024-11-11T02:36:54.210+0000] {dag.py:4180} INFO - Setting next_dagrun for example_branch_python_operator_decorator to 2024-11-10 00:00:00+00:00, run_after=2024-11-11 00:00:00+00:00
[2024-11-11T02:36:54.218+0000] {processor.py:208} INFO - Processing /home/airflow/.local/lib/python3.12/site-packages/airflow/example_dags/example_branch_operator_decorator.py took 0.049 seconds
[2024-11-11T02:37:24.816+0000] {processor.py:186} INFO - Started process (PID=1651) to work on /home/airflow/.local/lib/python3.12/site-packages/airflow/example_dags/example_branch_operator_decorator.py
[2024-11-11T02:37:24.817+0000] {processor.py:914} INFO - Processing file /home/airflow/.local/lib/python3.12/site-packages/airflow/example_dags/example_branch_operator_decorator.py for tasks to queue
[2024-11-11T02:37:24.818+0000] {logging_mixin.py:190} INFO - [2024-11-11T02:37:24.818+0000] {dagbag.py:588} INFO - Filling up the DagBag from /home/airflow/.local/lib/python3.12/site-packages/airflow/example_dags/example_branch_operator_decorator.py
[2024-11-11T02:37:24.829+0000] {processor.py:925} INFO - DAG(s) 'example_branch_python_operator_decorator' retrieved from /home/airflow/.local/lib/python3.12/site-packages/airflow/example_dags/example_branch_operator_decorator.py
[2024-11-11T02:37:24.842+0000] {logging_mixin.py:190} INFO - [2024-11-11T02:37:24.842+0000] {dag.py:3239} INFO - Sync 1 DAGs
[2024-11-11T02:37:24.853+0000] {logging_mixin.py:190} INFO - [2024-11-11T02:37:24.853+0000] {dag.py:4180} INFO - Setting next_dagrun for example_branch_python_operator_decorator to 2024-11-10 00:00:00+00:00, run_after=2024-11-11 00:00:00+00:00
[2024-11-11T02:37:24.861+0000] {processor.py:208} INFO - Processing /home/airflow/.local/lib/python3.12/site-packages/airflow/example_dags/example_branch_operator_decorator.py took 0.049 seconds
[2024-11-11T02:37:55.455+0000] {processor.py:186} INFO - Started process (PID=1714) to work on /home/airflow/.local/lib/python3.12/site-packages/airflow/example_dags/example_branch_operator_decorator.py
[2024-11-11T02:37:55.456+0000] {processor.py:914} INFO - Processing file /home/airflow/.local/lib/python3.12/site-packages/airflow/example_dags/example_branch_operator_decorator.py for tasks to queue
[2024-11-11T02:37:55.457+0000] {logging_mixin.py:190} INFO - [2024-11-11T02:37:55.457+0000] {dagbag.py:588} INFO - Filling up the DagBag from /home/airflow/.local/lib/python3.12/site-packages/airflow/example_dags/example_branch_operator_decorator.py
[2024-11-11T02:37:55.468+0000] {processor.py:925} INFO - DAG(s) 'example_branch_python_operator_decorator' retrieved from /home/airflow/.local/lib/python3.12/site-packages/airflow/example_dags/example_branch_operator_decorator.py
[2024-11-11T02:37:55.482+0000] {logging_mixin.py:190} INFO - [2024-11-11T02:37:55.482+0000] {dag.py:3239} INFO - Sync 1 DAGs
[2024-11-11T02:37:55.493+0000] {logging_mixin.py:190} INFO - [2024-11-11T02:37:55.492+0000] {dag.py:4180} INFO - Setting next_dagrun for example_branch_python_operator_decorator to 2024-11-10 00:00:00+00:00, run_after=2024-11-11 00:00:00+00:00
[2024-11-11T02:37:55.500+0000] {processor.py:208} INFO - Processing /home/airflow/.local/lib/python3.12/site-packages/airflow/example_dags/example_branch_operator_decorator.py took 0.049 seconds
[2024-11-11T02:38:26.338+0000] {processor.py:186} INFO - Started process (PID=1777) to work on /home/airflow/.local/lib/python3.12/site-packages/airflow/example_dags/example_branch_operator_decorator.py
[2024-11-11T02:38:26.339+0000] {processor.py:914} INFO - Processing file /home/airflow/.local/lib/python3.12/site-packages/airflow/example_dags/example_branch_operator_decorator.py for tasks to queue
[2024-11-11T02:38:26.341+0000] {logging_mixin.py:190} INFO - [2024-11-11T02:38:26.340+0000] {dagbag.py:588} INFO - Filling up the DagBag from /home/airflow/.local/lib/python3.12/site-packages/airflow/example_dags/example_branch_operator_decorator.py
[2024-11-11T02:38:26.353+0000] {processor.py:925} INFO - DAG(s) 'example_branch_python_operator_decorator' retrieved from /home/airflow/.local/lib/python3.12/site-packages/airflow/example_dags/example_branch_operator_decorator.py
[2024-11-11T02:38:26.376+0000] {logging_mixin.py:190} INFO - [2024-11-11T02:38:26.376+0000] {dag.py:3239} INFO - Sync 1 DAGs
[2024-11-11T02:38:26.393+0000] {logging_mixin.py:190} INFO - [2024-11-11T02:38:26.393+0000] {dag.py:4180} INFO - Setting next_dagrun for example_branch_python_operator_decorator to 2024-11-10 00:00:00+00:00, run_after=2024-11-11 00:00:00+00:00
[2024-11-11T02:38:26.406+0000] {processor.py:208} INFO - Processing /home/airflow/.local/lib/python3.12/site-packages/airflow/example_dags/example_branch_operator_decorator.py took 0.072 seconds
[2024-11-11T02:38:57.092+0000] {processor.py:186} INFO - Started process (PID=1840) to work on /home/airflow/.local/lib/python3.12/site-packages/airflow/example_dags/example_branch_operator_decorator.py
[2024-11-11T02:38:57.093+0000] {processor.py:914} INFO - Processing file /home/airflow/.local/lib/python3.12/site-packages/airflow/example_dags/example_branch_operator_decorator.py for tasks to queue
[2024-11-11T02:38:57.094+0000] {logging_mixin.py:190} INFO - [2024-11-11T02:38:57.094+0000] {dagbag.py:588} INFO - Filling up the DagBag from /home/airflow/.local/lib/python3.12/site-packages/airflow/example_dags/example_branch_operator_decorator.py
[2024-11-11T02:38:57.105+0000] {processor.py:925} INFO - DAG(s) 'example_branch_python_operator_decorator' retrieved from /home/airflow/.local/lib/python3.12/site-packages/airflow/example_dags/example_branch_operator_decorator.py
[2024-11-11T02:38:57.119+0000] {logging_mixin.py:190} INFO - [2024-11-11T02:38:57.119+0000] {dag.py:3239} INFO - Sync 1 DAGs
[2024-11-11T02:38:57.130+0000] {logging_mixin.py:190} INFO - [2024-11-11T02:38:57.130+0000] {dag.py:4180} INFO - Setting next_dagrun for example_branch_python_operator_decorator to 2024-11-10 00:00:00+00:00, run_after=2024-11-11 00:00:00+00:00
[2024-11-11T02:38:57.138+0000] {processor.py:208} INFO - Processing /home/airflow/.local/lib/python3.12/site-packages/airflow/example_dags/example_branch_operator_decorator.py took 0.049 seconds
[2024-11-11T02:39:27.763+0000] {processor.py:186} INFO - Started process (PID=1903) to work on /home/airflow/.local/lib/python3.12/site-packages/airflow/example_dags/example_branch_operator_decorator.py
[2024-11-11T02:39:27.764+0000] {processor.py:914} INFO - Processing file /home/airflow/.local/lib/python3.12/site-packages/airflow/example_dags/example_branch_operator_decorator.py for tasks to queue
[2024-11-11T02:39:27.765+0000] {logging_mixin.py:190} INFO - [2024-11-11T02:39:27.765+0000] {dagbag.py:588} INFO - Filling up the DagBag from /home/airflow/.local/lib/python3.12/site-packages/airflow/example_dags/example_branch_operator_decorator.py
[2024-11-11T02:39:27.775+0000] {processor.py:925} INFO - DAG(s) 'example_branch_python_operator_decorator' retrieved from /home/airflow/.local/lib/python3.12/site-packages/airflow/example_dags/example_branch_operator_decorator.py
[2024-11-11T02:39:27.788+0000] {logging_mixin.py:190} INFO - [2024-11-11T02:39:27.788+0000] {dag.py:3239} INFO - Sync 1 DAGs
[2024-11-11T02:39:27.799+0000] {logging_mixin.py:190} INFO - [2024-11-11T02:39:27.799+0000] {dag.py:4180} INFO - Setting next_dagrun for example_branch_python_operator_decorator to 2024-11-10 00:00:00+00:00, run_after=2024-11-11 00:00:00+00:00
[2024-11-11T02:39:27.806+0000] {processor.py:208} INFO - Processing /home/airflow/.local/lib/python3.12/site-packages/airflow/example_dags/example_branch_operator_decorator.py took 0.046 seconds
[2024-11-11T02:39:58.505+0000] {processor.py:186} INFO - Started process (PID=1966) to work on /home/airflow/.local/lib/python3.12/site-packages/airflow/example_dags/example_branch_operator_decorator.py
[2024-11-11T02:39:58.506+0000] {processor.py:914} INFO - Processing file /home/airflow/.local/lib/python3.12/site-packages/airflow/example_dags/example_branch_operator_decorator.py for tasks to queue
[2024-11-11T02:39:58.507+0000] {logging_mixin.py:190} INFO - [2024-11-11T02:39:58.507+0000] {dagbag.py:588} INFO - Filling up the DagBag from /home/airflow/.local/lib/python3.12/site-packages/airflow/example_dags/example_branch_operator_decorator.py
[2024-11-11T02:39:58.517+0000] {processor.py:925} INFO - DAG(s) 'example_branch_python_operator_decorator' retrieved from /home/airflow/.local/lib/python3.12/site-packages/airflow/example_dags/example_branch_operator_decorator.py
[2024-11-11T02:39:58.530+0000] {logging_mixin.py:190} INFO - [2024-11-11T02:39:58.530+0000] {dag.py:3239} INFO - Sync 1 DAGs
[2024-11-11T02:39:58.541+0000] {logging_mixin.py:190} INFO - [2024-11-11T02:39:58.541+0000] {dag.py:4180} INFO - Setting next_dagrun for example_branch_python_operator_decorator to 2024-11-10 00:00:00+00:00, run_after=2024-11-11 00:00:00+00:00
[2024-11-11T02:39:58.548+0000] {processor.py:208} INFO - Processing /home/airflow/.local/lib/python3.12/site-packages/airflow/example_dags/example_branch_operator_decorator.py took 0.046 seconds
[2024-11-11T02:40:28.618+0000] {processor.py:186} INFO - Started process (PID=2029) to work on /home/airflow/.local/lib/python3.12/site-packages/airflow/example_dags/example_branch_operator_decorator.py
[2024-11-11T02:40:28.619+0000] {processor.py:914} INFO - Processing file /home/airflow/.local/lib/python3.12/site-packages/airflow/example_dags/example_branch_operator_decorator.py for tasks to queue
[2024-11-11T02:40:28.621+0000] {logging_mixin.py:190} INFO - [2024-11-11T02:40:28.621+0000] {dagbag.py:588} INFO - Filling up the DagBag from /home/airflow/.local/lib/python3.12/site-packages/airflow/example_dags/example_branch_operator_decorator.py
[2024-11-11T02:40:28.637+0000] {processor.py:925} INFO - DAG(s) 'example_branch_python_operator_decorator' retrieved from /home/airflow/.local/lib/python3.12/site-packages/airflow/example_dags/example_branch_operator_decorator.py
[2024-11-11T02:40:28.652+0000] {logging_mixin.py:190} INFO - [2024-11-11T02:40:28.652+0000] {dag.py:3239} INFO - Sync 1 DAGs
[2024-11-11T02:40:28.663+0000] {logging_mixin.py:190} INFO - [2024-11-11T02:40:28.663+0000] {dag.py:4180} INFO - Setting next_dagrun for example_branch_python_operator_decorator to 2024-11-10 00:00:00+00:00, run_after=2024-11-11 00:00:00+00:00
[2024-11-11T02:40:28.671+0000] {processor.py:208} INFO - Processing /home/airflow/.local/lib/python3.12/site-packages/airflow/example_dags/example_branch_operator_decorator.py took 0.057 seconds
[2024-11-11T02:40:59.489+0000] {processor.py:186} INFO - Started process (PID=2092) to work on /home/airflow/.local/lib/python3.12/site-packages/airflow/example_dags/example_branch_operator_decorator.py
[2024-11-11T02:40:59.490+0000] {processor.py:914} INFO - Processing file /home/airflow/.local/lib/python3.12/site-packages/airflow/example_dags/example_branch_operator_decorator.py for tasks to queue
[2024-11-11T02:40:59.492+0000] {logging_mixin.py:190} INFO - [2024-11-11T02:40:59.491+0000] {dagbag.py:588} INFO - Filling up the DagBag from /home/airflow/.local/lib/python3.12/site-packages/airflow/example_dags/example_branch_operator_decorator.py
[2024-11-11T02:40:59.502+0000] {processor.py:925} INFO - DAG(s) 'example_branch_python_operator_decorator' retrieved from /home/airflow/.local/lib/python3.12/site-packages/airflow/example_dags/example_branch_operator_decorator.py
[2024-11-11T02:40:59.516+0000] {logging_mixin.py:190} INFO - [2024-11-11T02:40:59.516+0000] {dag.py:3239} INFO - Sync 1 DAGs
[2024-11-11T02:40:59.528+0000] {logging_mixin.py:190} INFO - [2024-11-11T02:40:59.528+0000] {dag.py:4180} INFO - Setting next_dagrun for example_branch_python_operator_decorator to 2024-11-10 00:00:00+00:00, run_after=2024-11-11 00:00:00+00:00
[2024-11-11T02:40:59.536+0000] {processor.py:208} INFO - Processing /home/airflow/.local/lib/python3.12/site-packages/airflow/example_dags/example_branch_operator_decorator.py took 0.051 seconds
[2024-11-11T02:41:30.218+0000] {processor.py:186} INFO - Started process (PID=2155) to work on /home/airflow/.local/lib/python3.12/site-packages/airflow/example_dags/example_branch_operator_decorator.py
[2024-11-11T02:41:30.220+0000] {processor.py:914} INFO - Processing file /home/airflow/.local/lib/python3.12/site-packages/airflow/example_dags/example_branch_operator_decorator.py for tasks to queue
[2024-11-11T02:41:30.222+0000] {logging_mixin.py:190} INFO - [2024-11-11T02:41:30.222+0000] {dagbag.py:588} INFO - Filling up the DagBag from /home/airflow/.local/lib/python3.12/site-packages/airflow/example_dags/example_branch_operator_decorator.py
[2024-11-11T02:41:30.236+0000] {processor.py:925} INFO - DAG(s) 'example_branch_python_operator_decorator' retrieved from /home/airflow/.local/lib/python3.12/site-packages/airflow/example_dags/example_branch_operator_decorator.py
[2024-11-11T02:41:30.254+0000] {logging_mixin.py:190} INFO - [2024-11-11T02:41:30.254+0000] {dag.py:3239} INFO - Sync 1 DAGs
[2024-11-11T02:41:30.270+0000] {logging_mixin.py:190} INFO - [2024-11-11T02:41:30.269+0000] {dag.py:4180} INFO - Setting next_dagrun for example_branch_python_operator_decorator to 2024-11-10 00:00:00+00:00, run_after=2024-11-11 00:00:00+00:00
[2024-11-11T02:41:30.280+0000] {processor.py:208} INFO - Processing /home/airflow/.local/lib/python3.12/site-packages/airflow/example_dags/example_branch_operator_decorator.py took 0.066 seconds
[2024-11-11T02:42:00.859+0000] {processor.py:186} INFO - Started process (PID=2218) to work on /home/airflow/.local/lib/python3.12/site-packages/airflow/example_dags/example_branch_operator_decorator.py
[2024-11-11T02:42:00.860+0000] {processor.py:914} INFO - Processing file /home/airflow/.local/lib/python3.12/site-packages/airflow/example_dags/example_branch_operator_decorator.py for tasks to queue
[2024-11-11T02:42:00.861+0000] {logging_mixin.py:190} INFO - [2024-11-11T02:42:00.861+0000] {dagbag.py:588} INFO - Filling up the DagBag from /home/airflow/.local/lib/python3.12/site-packages/airflow/example_dags/example_branch_operator_decorator.py
[2024-11-11T02:42:00.872+0000] {processor.py:925} INFO - DAG(s) 'example_branch_python_operator_decorator' retrieved from /home/airflow/.local/lib/python3.12/site-packages/airflow/example_dags/example_branch_operator_decorator.py
[2024-11-11T02:42:00.886+0000] {logging_mixin.py:190} INFO - [2024-11-11T02:42:00.885+0000] {dag.py:3239} INFO - Sync 1 DAGs
[2024-11-11T02:42:00.897+0000] {logging_mixin.py:190} INFO - [2024-11-11T02:42:00.897+0000] {dag.py:4180} INFO - Setting next_dagrun for example_branch_python_operator_decorator to 2024-11-10 00:00:00+00:00, run_after=2024-11-11 00:00:00+00:00
[2024-11-11T02:42:00.906+0000] {processor.py:208} INFO - Processing /home/airflow/.local/lib/python3.12/site-packages/airflow/example_dags/example_branch_operator_decorator.py took 0.050 seconds
[2024-11-11T02:42:31.645+0000] {processor.py:186} INFO - Started process (PID=2281) to work on /home/airflow/.local/lib/python3.12/site-packages/airflow/example_dags/example_branch_operator_decorator.py
[2024-11-11T02:42:31.645+0000] {processor.py:914} INFO - Processing file /home/airflow/.local/lib/python3.12/site-packages/airflow/example_dags/example_branch_operator_decorator.py for tasks to queue
[2024-11-11T02:42:31.647+0000] {logging_mixin.py:190} INFO - [2024-11-11T02:42:31.647+0000] {dagbag.py:588} INFO - Filling up the DagBag from /home/airflow/.local/lib/python3.12/site-packages/airflow/example_dags/example_branch_operator_decorator.py
[2024-11-11T02:42:31.657+0000] {processor.py:925} INFO - DAG(s) 'example_branch_python_operator_decorator' retrieved from /home/airflow/.local/lib/python3.12/site-packages/airflow/example_dags/example_branch_operator_decorator.py
[2024-11-11T02:42:31.671+0000] {logging_mixin.py:190} INFO - [2024-11-11T02:42:31.671+0000] {dag.py:3239} INFO - Sync 1 DAGs
[2024-11-11T02:42:31.681+0000] {logging_mixin.py:190} INFO - [2024-11-11T02:42:31.681+0000] {dag.py:4180} INFO - Setting next_dagrun for example_branch_python_operator_decorator to 2024-11-10 00:00:00+00:00, run_after=2024-11-11 00:00:00+00:00
[2024-11-11T02:42:31.689+0000] {processor.py:208} INFO - Processing /home/airflow/.local/lib/python3.12/site-packages/airflow/example_dags/example_branch_operator_decorator.py took 0.048 seconds
[2024-11-11T02:43:02.311+0000] {processor.py:186} INFO - Started process (PID=2344) to work on /home/airflow/.local/lib/python3.12/site-packages/airflow/example_dags/example_branch_operator_decorator.py
[2024-11-11T02:43:02.312+0000] {processor.py:914} INFO - Processing file /home/airflow/.local/lib/python3.12/site-packages/airflow/example_dags/example_branch_operator_decorator.py for tasks to queue
[2024-11-11T02:43:02.313+0000] {logging_mixin.py:190} INFO - [2024-11-11T02:43:02.313+0000] {dagbag.py:588} INFO - Filling up the DagBag from /home/airflow/.local/lib/python3.12/site-packages/airflow/example_dags/example_branch_operator_decorator.py
[2024-11-11T02:43:02.323+0000] {processor.py:925} INFO - DAG(s) 'example_branch_python_operator_decorator' retrieved from /home/airflow/.local/lib/python3.12/site-packages/airflow/example_dags/example_branch_operator_decorator.py
[2024-11-11T02:43:02.337+0000] {logging_mixin.py:190} INFO - [2024-11-11T02:43:02.337+0000] {dag.py:3239} INFO - Sync 1 DAGs
[2024-11-11T02:43:02.349+0000] {logging_mixin.py:190} INFO - [2024-11-11T02:43:02.349+0000] {dag.py:4180} INFO - Setting next_dagrun for example_branch_python_operator_decorator to 2024-11-10 00:00:00+00:00, run_after=2024-11-11 00:00:00+00:00
[2024-11-11T02:43:02.357+0000] {processor.py:208} INFO - Processing /home/airflow/.local/lib/python3.12/site-packages/airflow/example_dags/example_branch_operator_decorator.py took 0.050 seconds
[2024-11-11T02:43:33.005+0000] {processor.py:186} INFO - Started process (PID=2407) to work on /home/airflow/.local/lib/python3.12/site-packages/airflow/example_dags/example_branch_operator_decorator.py
[2024-11-11T02:43:33.006+0000] {processor.py:914} INFO - Processing file /home/airflow/.local/lib/python3.12/site-packages/airflow/example_dags/example_branch_operator_decorator.py for tasks to queue
[2024-11-11T02:43:33.008+0000] {logging_mixin.py:190} INFO - [2024-11-11T02:43:33.008+0000] {dagbag.py:588} INFO - Filling up the DagBag from /home/airflow/.local/lib/python3.12/site-packages/airflow/example_dags/example_branch_operator_decorator.py
[2024-11-11T02:43:33.019+0000] {processor.py:925} INFO - DAG(s) 'example_branch_python_operator_decorator' retrieved from /home/airflow/.local/lib/python3.12/site-packages/airflow/example_dags/example_branch_operator_decorator.py
[2024-11-11T02:43:33.033+0000] {logging_mixin.py:190} INFO - [2024-11-11T02:43:33.033+0000] {dag.py:3239} INFO - Sync 1 DAGs
[2024-11-11T02:43:33.046+0000] {logging_mixin.py:190} INFO - [2024-11-11T02:43:33.046+0000] {dag.py:4180} INFO - Setting next_dagrun for example_branch_python_operator_decorator to 2024-11-10 00:00:00+00:00, run_after=2024-11-11 00:00:00+00:00
[2024-11-11T02:43:33.056+0000] {processor.py:208} INFO - Processing /home/airflow/.local/lib/python3.12/site-packages/airflow/example_dags/example_branch_operator_decorator.py took 0.055 seconds
[2024-11-11T02:44:03.849+0000] {processor.py:186} INFO - Started process (PID=2470) to work on /home/airflow/.local/lib/python3.12/site-packages/airflow/example_dags/example_branch_operator_decorator.py
[2024-11-11T02:44:03.850+0000] {processor.py:914} INFO - Processing file /home/airflow/.local/lib/python3.12/site-packages/airflow/example_dags/example_branch_operator_decorator.py for tasks to queue
[2024-11-11T02:44:03.852+0000] {logging_mixin.py:190} INFO - [2024-11-11T02:44:03.851+0000] {dagbag.py:588} INFO - Filling up the DagBag from /home/airflow/.local/lib/python3.12/site-packages/airflow/example_dags/example_branch_operator_decorator.py
[2024-11-11T02:44:03.863+0000] {processor.py:925} INFO - DAG(s) 'example_branch_python_operator_decorator' retrieved from /home/airflow/.local/lib/python3.12/site-packages/airflow/example_dags/example_branch_operator_decorator.py
[2024-11-11T02:44:03.876+0000] {logging_mixin.py:190} INFO - [2024-11-11T02:44:03.876+0000] {dag.py:3239} INFO - Sync 1 DAGs
[2024-11-11T02:44:03.887+0000] {logging_mixin.py:190} INFO - [2024-11-11T02:44:03.887+0000] {dag.py:4180} INFO - Setting next_dagrun for example_branch_python_operator_decorator to 2024-11-10 00:00:00+00:00, run_after=2024-11-11 00:00:00+00:00
[2024-11-11T02:44:03.895+0000] {processor.py:208} INFO - Processing /home/airflow/.local/lib/python3.12/site-packages/airflow/example_dags/example_branch_operator_decorator.py took 0.049 seconds
[2024-11-11T02:44:34.479+0000] {processor.py:186} INFO - Started process (PID=2533) to work on /home/airflow/.local/lib/python3.12/site-packages/airflow/example_dags/example_branch_operator_decorator.py
[2024-11-11T02:44:34.479+0000] {processor.py:914} INFO - Processing file /home/airflow/.local/lib/python3.12/site-packages/airflow/example_dags/example_branch_operator_decorator.py for tasks to queue
[2024-11-11T02:44:34.481+0000] {logging_mixin.py:190} INFO - [2024-11-11T02:44:34.481+0000] {dagbag.py:588} INFO - Filling up the DagBag from /home/airflow/.local/lib/python3.12/site-packages/airflow/example_dags/example_branch_operator_decorator.py
[2024-11-11T02:44:34.491+0000] {processor.py:925} INFO - DAG(s) 'example_branch_python_operator_decorator' retrieved from /home/airflow/.local/lib/python3.12/site-packages/airflow/example_dags/example_branch_operator_decorator.py
[2024-11-11T02:44:34.504+0000] {logging_mixin.py:190} INFO - [2024-11-11T02:44:34.504+0000] {dag.py:3239} INFO - Sync 1 DAGs
[2024-11-11T02:44:34.515+0000] {logging_mixin.py:190} INFO - [2024-11-11T02:44:34.515+0000] {dag.py:4180} INFO - Setting next_dagrun for example_branch_python_operator_decorator to 2024-11-10 00:00:00+00:00, run_after=2024-11-11 00:00:00+00:00
[2024-11-11T02:44:34.523+0000] {processor.py:208} INFO - Processing /home/airflow/.local/lib/python3.12/site-packages/airflow/example_dags/example_branch_operator_decorator.py took 0.048 seconds
[2024-11-11T02:45:05.090+0000] {processor.py:186} INFO - Started process (PID=2596) to work on /home/airflow/.local/lib/python3.12/site-packages/airflow/example_dags/example_branch_operator_decorator.py
[2024-11-11T02:45:05.091+0000] {processor.py:914} INFO - Processing file /home/airflow/.local/lib/python3.12/site-packages/airflow/example_dags/example_branch_operator_decorator.py for tasks to queue
[2024-11-11T02:45:05.092+0000] {logging_mixin.py:190} INFO - [2024-11-11T02:45:05.092+0000] {dagbag.py:588} INFO - Filling up the DagBag from /home/airflow/.local/lib/python3.12/site-packages/airflow/example_dags/example_branch_operator_decorator.py
[2024-11-11T02:45:05.102+0000] {processor.py:925} INFO - DAG(s) 'example_branch_python_operator_decorator' retrieved from /home/airflow/.local/lib/python3.12/site-packages/airflow/example_dags/example_branch_operator_decorator.py
[2024-11-11T02:45:05.115+0000] {logging_mixin.py:190} INFO - [2024-11-11T02:45:05.115+0000] {dag.py:3239} INFO - Sync 1 DAGs
[2024-11-11T02:45:05.128+0000] {logging_mixin.py:190} INFO - [2024-11-11T02:45:05.128+0000] {dag.py:4180} INFO - Setting next_dagrun for example_branch_python_operator_decorator to 2024-11-10 00:00:00+00:00, run_after=2024-11-11 00:00:00+00:00
[2024-11-11T02:45:05.136+0000] {processor.py:208} INFO - Processing /home/airflow/.local/lib/python3.12/site-packages/airflow/example_dags/example_branch_operator_decorator.py took 0.049 seconds
[2024-11-11T02:45:35.762+0000] {processor.py:186} INFO - Started process (PID=2659) to work on /home/airflow/.local/lib/python3.12/site-packages/airflow/example_dags/example_branch_operator_decorator.py
[2024-11-11T02:45:35.763+0000] {processor.py:914} INFO - Processing file /home/airflow/.local/lib/python3.12/site-packages/airflow/example_dags/example_branch_operator_decorator.py for tasks to queue
[2024-11-11T02:45:35.765+0000] {logging_mixin.py:190} INFO - [2024-11-11T02:45:35.764+0000] {dagbag.py:588} INFO - Filling up the DagBag from /home/airflow/.local/lib/python3.12/site-packages/airflow/example_dags/example_branch_operator_decorator.py
[2024-11-11T02:45:35.776+0000] {processor.py:925} INFO - DAG(s) 'example_branch_python_operator_decorator' retrieved from /home/airflow/.local/lib/python3.12/site-packages/airflow/example_dags/example_branch_operator_decorator.py
[2024-11-11T02:45:35.790+0000] {logging_mixin.py:190} INFO - [2024-11-11T02:45:35.789+0000] {dag.py:3239} INFO - Sync 1 DAGs
[2024-11-11T02:45:35.800+0000] {logging_mixin.py:190} INFO - [2024-11-11T02:45:35.800+0000] {dag.py:4180} INFO - Setting next_dagrun for example_branch_python_operator_decorator to 2024-11-10 00:00:00+00:00, run_after=2024-11-11 00:00:00+00:00
[2024-11-11T02:45:35.808+0000] {processor.py:208} INFO - Processing /home/airflow/.local/lib/python3.12/site-packages/airflow/example_dags/example_branch_operator_decorator.py took 0.050 seconds
[2024-11-11T02:46:06.414+0000] {processor.py:186} INFO - Started process (PID=2721) to work on /home/airflow/.local/lib/python3.12/site-packages/airflow/example_dags/example_branch_operator_decorator.py
[2024-11-11T02:46:06.415+0000] {processor.py:914} INFO - Processing file /home/airflow/.local/lib/python3.12/site-packages/airflow/example_dags/example_branch_operator_decorator.py for tasks to queue
[2024-11-11T02:46:06.417+0000] {logging_mixin.py:190} INFO - [2024-11-11T02:46:06.416+0000] {dagbag.py:588} INFO - Filling up the DagBag from /home/airflow/.local/lib/python3.12/site-packages/airflow/example_dags/example_branch_operator_decorator.py
[2024-11-11T02:46:06.428+0000] {processor.py:925} INFO - DAG(s) 'example_branch_python_operator_decorator' retrieved from /home/airflow/.local/lib/python3.12/site-packages/airflow/example_dags/example_branch_operator_decorator.py
[2024-11-11T02:46:06.442+0000] {logging_mixin.py:190} INFO - [2024-11-11T02:46:06.442+0000] {dag.py:3239} INFO - Sync 1 DAGs
[2024-11-11T02:46:06.453+0000] {logging_mixin.py:190} INFO - [2024-11-11T02:46:06.453+0000] {dag.py:4180} INFO - Setting next_dagrun for example_branch_python_operator_decorator to 2024-11-10 00:00:00+00:00, run_after=2024-11-11 00:00:00+00:00
[2024-11-11T02:46:06.461+0000] {processor.py:208} INFO - Processing /home/airflow/.local/lib/python3.12/site-packages/airflow/example_dags/example_branch_operator_decorator.py took 0.050 seconds
[2024-11-11T02:46:37.114+0000] {processor.py:186} INFO - Started process (PID=2784) to work on /home/airflow/.local/lib/python3.12/site-packages/airflow/example_dags/example_branch_operator_decorator.py
[2024-11-11T02:46:37.114+0000] {processor.py:914} INFO - Processing file /home/airflow/.local/lib/python3.12/site-packages/airflow/example_dags/example_branch_operator_decorator.py for tasks to queue
[2024-11-11T02:46:37.116+0000] {logging_mixin.py:190} INFO - [2024-11-11T02:46:37.116+0000] {dagbag.py:588} INFO - Filling up the DagBag from /home/airflow/.local/lib/python3.12/site-packages/airflow/example_dags/example_branch_operator_decorator.py
[2024-11-11T02:46:37.126+0000] {processor.py:925} INFO - DAG(s) 'example_branch_python_operator_decorator' retrieved from /home/airflow/.local/lib/python3.12/site-packages/airflow/example_dags/example_branch_operator_decorator.py
[2024-11-11T02:46:37.139+0000] {logging_mixin.py:190} INFO - [2024-11-11T02:46:37.139+0000] {dag.py:3239} INFO - Sync 1 DAGs
[2024-11-11T02:46:37.149+0000] {logging_mixin.py:190} INFO - [2024-11-11T02:46:37.149+0000] {dag.py:4180} INFO - Setting next_dagrun for example_branch_python_operator_decorator to 2024-11-10 00:00:00+00:00, run_after=2024-11-11 00:00:00+00:00
[2024-11-11T02:46:37.157+0000] {processor.py:208} INFO - Processing /home/airflow/.local/lib/python3.12/site-packages/airflow/example_dags/example_branch_operator_decorator.py took 0.046 seconds
[2024-11-11T02:47:07.748+0000] {processor.py:186} INFO - Started process (PID=2847) to work on /home/airflow/.local/lib/python3.12/site-packages/airflow/example_dags/example_branch_operator_decorator.py
[2024-11-11T02:47:07.749+0000] {processor.py:914} INFO - Processing file /home/airflow/.local/lib/python3.12/site-packages/airflow/example_dags/example_branch_operator_decorator.py for tasks to queue
[2024-11-11T02:47:07.750+0000] {logging_mixin.py:190} INFO - [2024-11-11T02:47:07.750+0000] {dagbag.py:588} INFO - Filling up the DagBag from /home/airflow/.local/lib/python3.12/site-packages/airflow/example_dags/example_branch_operator_decorator.py
[2024-11-11T02:47:07.761+0000] {processor.py:925} INFO - DAG(s) 'example_branch_python_operator_decorator' retrieved from /home/airflow/.local/lib/python3.12/site-packages/airflow/example_dags/example_branch_operator_decorator.py
[2024-11-11T02:47:07.775+0000] {logging_mixin.py:190} INFO - [2024-11-11T02:47:07.775+0000] {dag.py:3239} INFO - Sync 1 DAGs
[2024-11-11T02:47:07.787+0000] {logging_mixin.py:190} INFO - [2024-11-11T02:47:07.786+0000] {dag.py:4180} INFO - Setting next_dagrun for example_branch_python_operator_decorator to 2024-11-10 00:00:00+00:00, run_after=2024-11-11 00:00:00+00:00
[2024-11-11T02:47:07.795+0000] {processor.py:208} INFO - Processing /home/airflow/.local/lib/python3.12/site-packages/airflow/example_dags/example_branch_operator_decorator.py took 0.050 seconds
[2024-11-11T02:47:38.315+0000] {processor.py:186} INFO - Started process (PID=2910) to work on /home/airflow/.local/lib/python3.12/site-packages/airflow/example_dags/example_branch_operator_decorator.py
[2024-11-11T02:47:38.316+0000] {processor.py:914} INFO - Processing file /home/airflow/.local/lib/python3.12/site-packages/airflow/example_dags/example_branch_operator_decorator.py for tasks to queue
[2024-11-11T02:47:38.317+0000] {logging_mixin.py:190} INFO - [2024-11-11T02:47:38.317+0000] {dagbag.py:588} INFO - Filling up the DagBag from /home/airflow/.local/lib/python3.12/site-packages/airflow/example_dags/example_branch_operator_decorator.py
[2024-11-11T02:47:38.328+0000] {processor.py:925} INFO - DAG(s) 'example_branch_python_operator_decorator' retrieved from /home/airflow/.local/lib/python3.12/site-packages/airflow/example_dags/example_branch_operator_decorator.py
[2024-11-11T02:47:38.342+0000] {logging_mixin.py:190} INFO - [2024-11-11T02:47:38.342+0000] {dag.py:3239} INFO - Sync 1 DAGs
[2024-11-11T02:47:38.354+0000] {logging_mixin.py:190} INFO - [2024-11-11T02:47:38.354+0000] {dag.py:4180} INFO - Setting next_dagrun for example_branch_python_operator_decorator to 2024-11-10 00:00:00+00:00, run_after=2024-11-11 00:00:00+00:00
[2024-11-11T02:47:38.361+0000] {processor.py:208} INFO - Processing /home/airflow/.local/lib/python3.12/site-packages/airflow/example_dags/example_branch_operator_decorator.py took 0.050 seconds
[2024-11-11T02:48:08.935+0000] {processor.py:186} INFO - Started process (PID=2973) to work on /home/airflow/.local/lib/python3.12/site-packages/airflow/example_dags/example_branch_operator_decorator.py
[2024-11-11T02:48:08.936+0000] {processor.py:914} INFO - Processing file /home/airflow/.local/lib/python3.12/site-packages/airflow/example_dags/example_branch_operator_decorator.py for tasks to queue
[2024-11-11T02:48:08.937+0000] {logging_mixin.py:190} INFO - [2024-11-11T02:48:08.937+0000] {dagbag.py:588} INFO - Filling up the DagBag from /home/airflow/.local/lib/python3.12/site-packages/airflow/example_dags/example_branch_operator_decorator.py
[2024-11-11T02:48:08.948+0000] {processor.py:925} INFO - DAG(s) 'example_branch_python_operator_decorator' retrieved from /home/airflow/.local/lib/python3.12/site-packages/airflow/example_dags/example_branch_operator_decorator.py
[2024-11-11T02:48:08.962+0000] {logging_mixin.py:190} INFO - [2024-11-11T02:48:08.962+0000] {dag.py:3239} INFO - Sync 1 DAGs
[2024-11-11T02:48:08.974+0000] {logging_mixin.py:190} INFO - [2024-11-11T02:48:08.973+0000] {dag.py:4180} INFO - Setting next_dagrun for example_branch_python_operator_decorator to 2024-11-10 00:00:00+00:00, run_after=2024-11-11 00:00:00+00:00
[2024-11-11T02:48:08.981+0000] {processor.py:208} INFO - Processing /home/airflow/.local/lib/python3.12/site-packages/airflow/example_dags/example_branch_operator_decorator.py took 0.050 seconds
[2024-11-11T02:48:39.524+0000] {processor.py:186} INFO - Started process (PID=3036) to work on /home/airflow/.local/lib/python3.12/site-packages/airflow/example_dags/example_branch_operator_decorator.py
[2024-11-11T02:48:39.525+0000] {processor.py:914} INFO - Processing file /home/airflow/.local/lib/python3.12/site-packages/airflow/example_dags/example_branch_operator_decorator.py for tasks to queue
[2024-11-11T02:48:39.527+0000] {logging_mixin.py:190} INFO - [2024-11-11T02:48:39.526+0000] {dagbag.py:588} INFO - Filling up the DagBag from /home/airflow/.local/lib/python3.12/site-packages/airflow/example_dags/example_branch_operator_decorator.py
[2024-11-11T02:48:39.537+0000] {processor.py:925} INFO - DAG(s) 'example_branch_python_operator_decorator' retrieved from /home/airflow/.local/lib/python3.12/site-packages/airflow/example_dags/example_branch_operator_decorator.py
[2024-11-11T02:48:39.551+0000] {logging_mixin.py:190} INFO - [2024-11-11T02:48:39.551+0000] {dag.py:3239} INFO - Sync 1 DAGs
[2024-11-11T02:48:39.563+0000] {logging_mixin.py:190} INFO - [2024-11-11T02:48:39.562+0000] {dag.py:4180} INFO - Setting next_dagrun for example_branch_python_operator_decorator to 2024-11-10 00:00:00+00:00, run_after=2024-11-11 00:00:00+00:00
[2024-11-11T02:48:39.571+0000] {processor.py:208} INFO - Processing /home/airflow/.local/lib/python3.12/site-packages/airflow/example_dags/example_branch_operator_decorator.py took 0.050 seconds
[2024-11-11T02:49:10.088+0000] {processor.py:186} INFO - Started process (PID=3099) to work on /home/airflow/.local/lib/python3.12/site-packages/airflow/example_dags/example_branch_operator_decorator.py
[2024-11-11T02:49:10.089+0000] {processor.py:914} INFO - Processing file /home/airflow/.local/lib/python3.12/site-packages/airflow/example_dags/example_branch_operator_decorator.py for tasks to queue
[2024-11-11T02:49:10.090+0000] {logging_mixin.py:190} INFO - [2024-11-11T02:49:10.090+0000] {dagbag.py:588} INFO - Filling up the DagBag from /home/airflow/.local/lib/python3.12/site-packages/airflow/example_dags/example_branch_operator_decorator.py
[2024-11-11T02:49:10.101+0000] {processor.py:925} INFO - DAG(s) 'example_branch_python_operator_decorator' retrieved from /home/airflow/.local/lib/python3.12/site-packages/airflow/example_dags/example_branch_operator_decorator.py
[2024-11-11T02:49:10.115+0000] {logging_mixin.py:190} INFO - [2024-11-11T02:49:10.114+0000] {dag.py:3239} INFO - Sync 1 DAGs
[2024-11-11T02:49:10.126+0000] {logging_mixin.py:190} INFO - [2024-11-11T02:49:10.126+0000] {dag.py:4180} INFO - Setting next_dagrun for example_branch_python_operator_decorator to 2024-11-10 00:00:00+00:00, run_after=2024-11-11 00:00:00+00:00
[2024-11-11T02:49:10.135+0000] {processor.py:208} INFO - Processing /home/airflow/.local/lib/python3.12/site-packages/airflow/example_dags/example_branch_operator_decorator.py took 0.050 seconds
[2024-11-11T02:49:40.930+0000] {processor.py:186} INFO - Started process (PID=3162) to work on /home/airflow/.local/lib/python3.12/site-packages/airflow/example_dags/example_branch_operator_decorator.py
[2024-11-11T02:49:40.930+0000] {processor.py:914} INFO - Processing file /home/airflow/.local/lib/python3.12/site-packages/airflow/example_dags/example_branch_operator_decorator.py for tasks to queue
[2024-11-11T02:49:40.932+0000] {logging_mixin.py:190} INFO - [2024-11-11T02:49:40.931+0000] {dagbag.py:588} INFO - Filling up the DagBag from /home/airflow/.local/lib/python3.12/site-packages/airflow/example_dags/example_branch_operator_decorator.py
[2024-11-11T02:49:40.943+0000] {processor.py:925} INFO - DAG(s) 'example_branch_python_operator_decorator' retrieved from /home/airflow/.local/lib/python3.12/site-packages/airflow/example_dags/example_branch_operator_decorator.py
[2024-11-11T02:49:40.957+0000] {logging_mixin.py:190} INFO - [2024-11-11T02:49:40.957+0000] {dag.py:3239} INFO - Sync 1 DAGs
[2024-11-11T02:49:40.968+0000] {logging_mixin.py:190} INFO - [2024-11-11T02:49:40.968+0000] {dag.py:4180} INFO - Setting next_dagrun for example_branch_python_operator_decorator to 2024-11-10 00:00:00+00:00, run_after=2024-11-11 00:00:00+00:00
[2024-11-11T02:49:40.977+0000] {processor.py:208} INFO - Processing /home/airflow/.local/lib/python3.12/site-packages/airflow/example_dags/example_branch_operator_decorator.py took 0.050 seconds
[2024-11-11T02:50:11.839+0000] {processor.py:186} INFO - Started process (PID=3225) to work on /home/airflow/.local/lib/python3.12/site-packages/airflow/example_dags/example_branch_operator_decorator.py
[2024-11-11T02:50:11.840+0000] {processor.py:914} INFO - Processing file /home/airflow/.local/lib/python3.12/site-packages/airflow/example_dags/example_branch_operator_decorator.py for tasks to queue
[2024-11-11T02:50:11.841+0000] {logging_mixin.py:190} INFO - [2024-11-11T02:50:11.841+0000] {dagbag.py:588} INFO - Filling up the DagBag from /home/airflow/.local/lib/python3.12/site-packages/airflow/example_dags/example_branch_operator_decorator.py
[2024-11-11T02:50:11.852+0000] {processor.py:925} INFO - DAG(s) 'example_branch_python_operator_decorator' retrieved from /home/airflow/.local/lib/python3.12/site-packages/airflow/example_dags/example_branch_operator_decorator.py
[2024-11-11T02:50:11.866+0000] {logging_mixin.py:190} INFO - [2024-11-11T02:50:11.866+0000] {dag.py:3239} INFO - Sync 1 DAGs
[2024-11-11T02:50:11.877+0000] {logging_mixin.py:190} INFO - [2024-11-11T02:50:11.877+0000] {dag.py:4180} INFO - Setting next_dagrun for example_branch_python_operator_decorator to 2024-11-10 00:00:00+00:00, run_after=2024-11-11 00:00:00+00:00
[2024-11-11T02:50:11.885+0000] {processor.py:208} INFO - Processing /home/airflow/.local/lib/python3.12/site-packages/airflow/example_dags/example_branch_operator_decorator.py took 0.049 seconds
[2024-11-11T02:50:42.695+0000] {processor.py:186} INFO - Started process (PID=3288) to work on /home/airflow/.local/lib/python3.12/site-packages/airflow/example_dags/example_branch_operator_decorator.py
[2024-11-11T02:50:42.696+0000] {processor.py:914} INFO - Processing file /home/airflow/.local/lib/python3.12/site-packages/airflow/example_dags/example_branch_operator_decorator.py for tasks to queue
[2024-11-11T02:50:42.697+0000] {logging_mixin.py:190} INFO - [2024-11-11T02:50:42.697+0000] {dagbag.py:588} INFO - Filling up the DagBag from /home/airflow/.local/lib/python3.12/site-packages/airflow/example_dags/example_branch_operator_decorator.py
[2024-11-11T02:50:42.707+0000] {processor.py:925} INFO - DAG(s) 'example_branch_python_operator_decorator' retrieved from /home/airflow/.local/lib/python3.12/site-packages/airflow/example_dags/example_branch_operator_decorator.py
[2024-11-11T02:50:42.720+0000] {logging_mixin.py:190} INFO - [2024-11-11T02:50:42.720+0000] {dag.py:3239} INFO - Sync 1 DAGs
[2024-11-11T02:50:42.822+0000] {logging_mixin.py:190} INFO - [2024-11-11T02:50:42.822+0000] {dag.py:4180} INFO - Setting next_dagrun for example_branch_python_operator_decorator to 2024-11-10 00:00:00+00:00, run_after=2024-11-11 00:00:00+00:00
[2024-11-11T02:50:42.829+0000] {processor.py:208} INFO - Processing /home/airflow/.local/lib/python3.12/site-packages/airflow/example_dags/example_branch_operator_decorator.py took 0.137 seconds
[2024-11-11T02:51:13.223+0000] {processor.py:186} INFO - Started process (PID=3351) to work on /home/airflow/.local/lib/python3.12/site-packages/airflow/example_dags/example_branch_operator_decorator.py
[2024-11-11T02:51:13.224+0000] {processor.py:914} INFO - Processing file /home/airflow/.local/lib/python3.12/site-packages/airflow/example_dags/example_branch_operator_decorator.py for tasks to queue
[2024-11-11T02:51:13.225+0000] {logging_mixin.py:190} INFO - [2024-11-11T02:51:13.225+0000] {dagbag.py:588} INFO - Filling up the DagBag from /home/airflow/.local/lib/python3.12/site-packages/airflow/example_dags/example_branch_operator_decorator.py
[2024-11-11T02:51:13.235+0000] {processor.py:925} INFO - DAG(s) 'example_branch_python_operator_decorator' retrieved from /home/airflow/.local/lib/python3.12/site-packages/airflow/example_dags/example_branch_operator_decorator.py
[2024-11-11T02:51:13.248+0000] {logging_mixin.py:190} INFO - [2024-11-11T02:51:13.248+0000] {dag.py:3239} INFO - Sync 1 DAGs
[2024-11-11T02:51:13.258+0000] {logging_mixin.py:190} INFO - [2024-11-11T02:51:13.258+0000] {dag.py:4180} INFO - Setting next_dagrun for example_branch_python_operator_decorator to 2024-11-10 00:00:00+00:00, run_after=2024-11-11 00:00:00+00:00
[2024-11-11T02:51:13.266+0000] {processor.py:208} INFO - Processing /home/airflow/.local/lib/python3.12/site-packages/airflow/example_dags/example_branch_operator_decorator.py took 0.046 seconds
[2024-11-11T02:51:44.377+0000] {processor.py:186} INFO - Started process (PID=3414) to work on /home/airflow/.local/lib/python3.12/site-packages/airflow/example_dags/example_branch_operator_decorator.py
[2024-11-11T02:51:44.378+0000] {processor.py:914} INFO - Processing file /home/airflow/.local/lib/python3.12/site-packages/airflow/example_dags/example_branch_operator_decorator.py for tasks to queue
[2024-11-11T02:51:44.379+0000] {logging_mixin.py:190} INFO - [2024-11-11T02:51:44.379+0000] {dagbag.py:588} INFO - Filling up the DagBag from /home/airflow/.local/lib/python3.12/site-packages/airflow/example_dags/example_branch_operator_decorator.py
[2024-11-11T02:51:44.390+0000] {processor.py:925} INFO - DAG(s) 'example_branch_python_operator_decorator' retrieved from /home/airflow/.local/lib/python3.12/site-packages/airflow/example_dags/example_branch_operator_decorator.py
[2024-11-11T02:51:44.404+0000] {logging_mixin.py:190} INFO - [2024-11-11T02:51:44.404+0000] {dag.py:3239} INFO - Sync 1 DAGs
[2024-11-11T02:51:44.415+0000] {logging_mixin.py:190} INFO - [2024-11-11T02:51:44.415+0000] {dag.py:4180} INFO - Setting next_dagrun for example_branch_python_operator_decorator to 2024-11-10 00:00:00+00:00, run_after=2024-11-11 00:00:00+00:00
[2024-11-11T02:51:44.424+0000] {processor.py:208} INFO - Processing /home/airflow/.local/lib/python3.12/site-packages/airflow/example_dags/example_branch_operator_decorator.py took 0.051 seconds
[2024-11-11T02:52:16.205+0000] {processor.py:186} INFO - Started process (PID=3477) to work on /home/airflow/.local/lib/python3.12/site-packages/airflow/example_dags/example_branch_operator_decorator.py
[2024-11-11T02:52:16.205+0000] {processor.py:914} INFO - Processing file /home/airflow/.local/lib/python3.12/site-packages/airflow/example_dags/example_branch_operator_decorator.py for tasks to queue
[2024-11-11T02:52:16.207+0000] {logging_mixin.py:190} INFO - [2024-11-11T02:52:16.207+0000] {dagbag.py:588} INFO - Filling up the DagBag from /home/airflow/.local/lib/python3.12/site-packages/airflow/example_dags/example_branch_operator_decorator.py
[2024-11-11T02:52:16.217+0000] {processor.py:925} INFO - DAG(s) 'example_branch_python_operator_decorator' retrieved from /home/airflow/.local/lib/python3.12/site-packages/airflow/example_dags/example_branch_operator_decorator.py
[2024-11-11T02:52:16.342+0000] {logging_mixin.py:190} INFO - [2024-11-11T02:52:16.342+0000] {dag.py:3239} INFO - Sync 1 DAGs
[2024-11-11T02:52:16.352+0000] {logging_mixin.py:190} INFO - [2024-11-11T02:52:16.352+0000] {dag.py:4180} INFO - Setting next_dagrun for example_branch_python_operator_decorator to 2024-11-10 00:00:00+00:00, run_after=2024-11-11 00:00:00+00:00
[2024-11-11T02:52:16.359+0000] {processor.py:208} INFO - Processing /home/airflow/.local/lib/python3.12/site-packages/airflow/example_dags/example_branch_operator_decorator.py took 0.157 seconds
[2024-11-11T02:52:46.412+0000] {processor.py:186} INFO - Started process (PID=3540) to work on /home/airflow/.local/lib/python3.12/site-packages/airflow/example_dags/example_branch_operator_decorator.py
[2024-11-11T02:52:46.412+0000] {processor.py:914} INFO - Processing file /home/airflow/.local/lib/python3.12/site-packages/airflow/example_dags/example_branch_operator_decorator.py for tasks to queue
[2024-11-11T02:52:46.414+0000] {logging_mixin.py:190} INFO - [2024-11-11T02:52:46.413+0000] {dagbag.py:588} INFO - Filling up the DagBag from /home/airflow/.local/lib/python3.12/site-packages/airflow/example_dags/example_branch_operator_decorator.py
[2024-11-11T02:52:46.424+0000] {processor.py:925} INFO - DAG(s) 'example_branch_python_operator_decorator' retrieved from /home/airflow/.local/lib/python3.12/site-packages/airflow/example_dags/example_branch_operator_decorator.py
[2024-11-11T02:52:46.437+0000] {logging_mixin.py:190} INFO - [2024-11-11T02:52:46.437+0000] {dag.py:3239} INFO - Sync 1 DAGs
[2024-11-11T02:52:46.549+0000] {logging_mixin.py:190} INFO - [2024-11-11T02:52:46.548+0000] {dag.py:4180} INFO - Setting next_dagrun for example_branch_python_operator_decorator to 2024-11-10 00:00:00+00:00, run_after=2024-11-11 00:00:00+00:00
[2024-11-11T02:52:46.556+0000] {processor.py:208} INFO - Processing /home/airflow/.local/lib/python3.12/site-packages/airflow/example_dags/example_branch_operator_decorator.py took 0.147 seconds
[2024-11-11T02:53:16.685+0000] {processor.py:186} INFO - Started process (PID=3603) to work on /home/airflow/.local/lib/python3.12/site-packages/airflow/example_dags/example_branch_operator_decorator.py
[2024-11-11T02:53:16.686+0000] {processor.py:914} INFO - Processing file /home/airflow/.local/lib/python3.12/site-packages/airflow/example_dags/example_branch_operator_decorator.py for tasks to queue
[2024-11-11T02:53:16.687+0000] {logging_mixin.py:190} INFO - [2024-11-11T02:53:16.687+0000] {dagbag.py:588} INFO - Filling up the DagBag from /home/airflow/.local/lib/python3.12/site-packages/airflow/example_dags/example_branch_operator_decorator.py
[2024-11-11T02:53:16.701+0000] {processor.py:925} INFO - DAG(s) 'example_branch_python_operator_decorator' retrieved from /home/airflow/.local/lib/python3.12/site-packages/airflow/example_dags/example_branch_operator_decorator.py
[2024-11-11T02:53:16.716+0000] {logging_mixin.py:190} INFO - [2024-11-11T02:53:16.716+0000] {dag.py:3239} INFO - Sync 1 DAGs
[2024-11-11T02:53:16.834+0000] {logging_mixin.py:190} INFO - [2024-11-11T02:53:16.833+0000] {dag.py:4180} INFO - Setting next_dagrun for example_branch_python_operator_decorator to 2024-11-10 00:00:00+00:00, run_after=2024-11-11 00:00:00+00:00
[2024-11-11T02:53:16.843+0000] {processor.py:208} INFO - Processing /home/airflow/.local/lib/python3.12/site-packages/airflow/example_dags/example_branch_operator_decorator.py took 0.162 seconds
[2024-11-11T02:53:48.383+0000] {processor.py:186} INFO - Started process (PID=3666) to work on /home/airflow/.local/lib/python3.12/site-packages/airflow/example_dags/example_branch_operator_decorator.py
[2024-11-11T02:53:48.384+0000] {processor.py:914} INFO - Processing file /home/airflow/.local/lib/python3.12/site-packages/airflow/example_dags/example_branch_operator_decorator.py for tasks to queue
[2024-11-11T02:53:48.385+0000] {logging_mixin.py:190} INFO - [2024-11-11T02:53:48.385+0000] {dagbag.py:588} INFO - Filling up the DagBag from /home/airflow/.local/lib/python3.12/site-packages/airflow/example_dags/example_branch_operator_decorator.py
[2024-11-11T02:53:48.395+0000] {processor.py:925} INFO - DAG(s) 'example_branch_python_operator_decorator' retrieved from /home/airflow/.local/lib/python3.12/site-packages/airflow/example_dags/example_branch_operator_decorator.py
[2024-11-11T02:53:48.408+0000] {logging_mixin.py:190} INFO - [2024-11-11T02:53:48.408+0000] {dag.py:3239} INFO - Sync 1 DAGs
[2024-11-11T02:53:48.418+0000] {logging_mixin.py:190} INFO - [2024-11-11T02:53:48.418+0000] {dag.py:4180} INFO - Setting next_dagrun for example_branch_python_operator_decorator to 2024-11-10 00:00:00+00:00, run_after=2024-11-11 00:00:00+00:00
[2024-11-11T02:53:48.426+0000] {processor.py:208} INFO - Processing /home/airflow/.local/lib/python3.12/site-packages/airflow/example_dags/example_branch_operator_decorator.py took 0.046 seconds
[2024-11-11T02:54:18.907+0000] {processor.py:186} INFO - Started process (PID=3729) to work on /home/airflow/.local/lib/python3.12/site-packages/airflow/example_dags/example_branch_operator_decorator.py
[2024-11-11T02:54:18.908+0000] {processor.py:914} INFO - Processing file /home/airflow/.local/lib/python3.12/site-packages/airflow/example_dags/example_branch_operator_decorator.py for tasks to queue
[2024-11-11T02:54:18.909+0000] {logging_mixin.py:190} INFO - [2024-11-11T02:54:18.909+0000] {dagbag.py:588} INFO - Filling up the DagBag from /home/airflow/.local/lib/python3.12/site-packages/airflow/example_dags/example_branch_operator_decorator.py
[2024-11-11T02:54:18.920+0000] {processor.py:925} INFO - DAG(s) 'example_branch_python_operator_decorator' retrieved from /home/airflow/.local/lib/python3.12/site-packages/airflow/example_dags/example_branch_operator_decorator.py
[2024-11-11T02:54:18.933+0000] {logging_mixin.py:190} INFO - [2024-11-11T02:54:18.933+0000] {dag.py:3239} INFO - Sync 1 DAGs
[2024-11-11T02:54:18.944+0000] {logging_mixin.py:190} INFO - [2024-11-11T02:54:18.944+0000] {dag.py:4180} INFO - Setting next_dagrun for example_branch_python_operator_decorator to 2024-11-10 00:00:00+00:00, run_after=2024-11-11 00:00:00+00:00
[2024-11-11T02:54:18.952+0000] {processor.py:208} INFO - Processing /home/airflow/.local/lib/python3.12/site-packages/airflow/example_dags/example_branch_operator_decorator.py took 0.048 seconds
[2024-11-11T02:54:49.412+0000] {processor.py:186} INFO - Started process (PID=3792) to work on /home/airflow/.local/lib/python3.12/site-packages/airflow/example_dags/example_branch_operator_decorator.py
[2024-11-11T02:54:49.413+0000] {processor.py:914} INFO - Processing file /home/airflow/.local/lib/python3.12/site-packages/airflow/example_dags/example_branch_operator_decorator.py for tasks to queue
[2024-11-11T02:54:49.414+0000] {logging_mixin.py:190} INFO - [2024-11-11T02:54:49.414+0000] {dagbag.py:588} INFO - Filling up the DagBag from /home/airflow/.local/lib/python3.12/site-packages/airflow/example_dags/example_branch_operator_decorator.py
[2024-11-11T02:54:49.425+0000] {processor.py:925} INFO - DAG(s) 'example_branch_python_operator_decorator' retrieved from /home/airflow/.local/lib/python3.12/site-packages/airflow/example_dags/example_branch_operator_decorator.py
[2024-11-11T02:54:49.439+0000] {logging_mixin.py:190} INFO - [2024-11-11T02:54:49.438+0000] {dag.py:3239} INFO - Sync 1 DAGs
[2024-11-11T02:54:49.450+0000] {logging_mixin.py:190} INFO - [2024-11-11T02:54:49.450+0000] {dag.py:4180} INFO - Setting next_dagrun for example_branch_python_operator_decorator to 2024-11-10 00:00:00+00:00, run_after=2024-11-11 00:00:00+00:00
[2024-11-11T02:54:49.459+0000] {processor.py:208} INFO - Processing /home/airflow/.local/lib/python3.12/site-packages/airflow/example_dags/example_branch_operator_decorator.py took 0.051 seconds
[2024-11-11T02:55:19.803+0000] {processor.py:186} INFO - Started process (PID=3855) to work on /home/airflow/.local/lib/python3.12/site-packages/airflow/example_dags/example_branch_operator_decorator.py
[2024-11-11T02:55:19.804+0000] {processor.py:914} INFO - Processing file /home/airflow/.local/lib/python3.12/site-packages/airflow/example_dags/example_branch_operator_decorator.py for tasks to queue
[2024-11-11T02:55:19.805+0000] {logging_mixin.py:190} INFO - [2024-11-11T02:55:19.805+0000] {dagbag.py:588} INFO - Filling up the DagBag from /home/airflow/.local/lib/python3.12/site-packages/airflow/example_dags/example_branch_operator_decorator.py
[2024-11-11T02:55:19.816+0000] {processor.py:925} INFO - DAG(s) 'example_branch_python_operator_decorator' retrieved from /home/airflow/.local/lib/python3.12/site-packages/airflow/example_dags/example_branch_operator_decorator.py
[2024-11-11T02:55:19.829+0000] {logging_mixin.py:190} INFO - [2024-11-11T02:55:19.829+0000] {dag.py:3239} INFO - Sync 1 DAGs
[2024-11-11T02:55:19.840+0000] {logging_mixin.py:190} INFO - [2024-11-11T02:55:19.840+0000] {dag.py:4180} INFO - Setting next_dagrun for example_branch_python_operator_decorator to 2024-11-10 00:00:00+00:00, run_after=2024-11-11 00:00:00+00:00
[2024-11-11T02:55:19.848+0000] {processor.py:208} INFO - Processing /home/airflow/.local/lib/python3.12/site-packages/airflow/example_dags/example_branch_operator_decorator.py took 0.049 seconds
[2024-11-11T02:55:50.279+0000] {processor.py:186} INFO - Started process (PID=3918) to work on /home/airflow/.local/lib/python3.12/site-packages/airflow/example_dags/example_branch_operator_decorator.py
[2024-11-11T02:55:50.280+0000] {processor.py:914} INFO - Processing file /home/airflow/.local/lib/python3.12/site-packages/airflow/example_dags/example_branch_operator_decorator.py for tasks to queue
[2024-11-11T02:55:50.281+0000] {logging_mixin.py:190} INFO - [2024-11-11T02:55:50.281+0000] {dagbag.py:588} INFO - Filling up the DagBag from /home/airflow/.local/lib/python3.12/site-packages/airflow/example_dags/example_branch_operator_decorator.py
[2024-11-11T02:55:50.291+0000] {processor.py:925} INFO - DAG(s) 'example_branch_python_operator_decorator' retrieved from /home/airflow/.local/lib/python3.12/site-packages/airflow/example_dags/example_branch_operator_decorator.py
[2024-11-11T02:55:50.304+0000] {logging_mixin.py:190} INFO - [2024-11-11T02:55:50.304+0000] {dag.py:3239} INFO - Sync 1 DAGs
[2024-11-11T02:55:50.315+0000] {logging_mixin.py:190} INFO - [2024-11-11T02:55:50.315+0000] {dag.py:4180} INFO - Setting next_dagrun for example_branch_python_operator_decorator to 2024-11-10 00:00:00+00:00, run_after=2024-11-11 00:00:00+00:00
[2024-11-11T02:55:50.322+0000] {processor.py:208} INFO - Processing /home/airflow/.local/lib/python3.12/site-packages/airflow/example_dags/example_branch_operator_decorator.py took 0.046 seconds
[2024-11-11T02:56:20.863+0000] {processor.py:186} INFO - Started process (PID=3981) to work on /home/airflow/.local/lib/python3.12/site-packages/airflow/example_dags/example_branch_operator_decorator.py
[2024-11-11T02:56:20.864+0000] {processor.py:914} INFO - Processing file /home/airflow/.local/lib/python3.12/site-packages/airflow/example_dags/example_branch_operator_decorator.py for tasks to queue
[2024-11-11T02:56:20.865+0000] {logging_mixin.py:190} INFO - [2024-11-11T02:56:20.865+0000] {dagbag.py:588} INFO - Filling up the DagBag from /home/airflow/.local/lib/python3.12/site-packages/airflow/example_dags/example_branch_operator_decorator.py
[2024-11-11T02:56:20.875+0000] {processor.py:925} INFO - DAG(s) 'example_branch_python_operator_decorator' retrieved from /home/airflow/.local/lib/python3.12/site-packages/airflow/example_dags/example_branch_operator_decorator.py
[2024-11-11T02:56:20.889+0000] {logging_mixin.py:190} INFO - [2024-11-11T02:56:20.888+0000] {dag.py:3239} INFO - Sync 1 DAGs
[2024-11-11T02:56:20.899+0000] {logging_mixin.py:190} INFO - [2024-11-11T02:56:20.899+0000] {dag.py:4180} INFO - Setting next_dagrun for example_branch_python_operator_decorator to 2024-11-10 00:00:00+00:00, run_after=2024-11-11 00:00:00+00:00
[2024-11-11T02:56:20.907+0000] {processor.py:208} INFO - Processing /home/airflow/.local/lib/python3.12/site-packages/airflow/example_dags/example_branch_operator_decorator.py took 0.047 seconds
[2024-11-11T02:56:51.394+0000] {processor.py:186} INFO - Started process (PID=4044) to work on /home/airflow/.local/lib/python3.12/site-packages/airflow/example_dags/example_branch_operator_decorator.py
[2024-11-11T02:56:51.395+0000] {processor.py:914} INFO - Processing file /home/airflow/.local/lib/python3.12/site-packages/airflow/example_dags/example_branch_operator_decorator.py for tasks to queue
[2024-11-11T02:56:51.396+0000] {logging_mixin.py:190} INFO - [2024-11-11T02:56:51.396+0000] {dagbag.py:588} INFO - Filling up the DagBag from /home/airflow/.local/lib/python3.12/site-packages/airflow/example_dags/example_branch_operator_decorator.py
[2024-11-11T02:56:51.406+0000] {processor.py:925} INFO - DAG(s) 'example_branch_python_operator_decorator' retrieved from /home/airflow/.local/lib/python3.12/site-packages/airflow/example_dags/example_branch_operator_decorator.py
[2024-11-11T02:56:51.420+0000] {logging_mixin.py:190} INFO - [2024-11-11T02:56:51.420+0000] {dag.py:3239} INFO - Sync 1 DAGs
[2024-11-11T02:56:51.431+0000] {logging_mixin.py:190} INFO - [2024-11-11T02:56:51.430+0000] {dag.py:4180} INFO - Setting next_dagrun for example_branch_python_operator_decorator to 2024-11-10 00:00:00+00:00, run_after=2024-11-11 00:00:00+00:00
[2024-11-11T02:56:51.438+0000] {processor.py:208} INFO - Processing /home/airflow/.local/lib/python3.12/site-packages/airflow/example_dags/example_branch_operator_decorator.py took 0.048 seconds
[2024-11-11T02:57:21.918+0000] {processor.py:186} INFO - Started process (PID=4107) to work on /home/airflow/.local/lib/python3.12/site-packages/airflow/example_dags/example_branch_operator_decorator.py
[2024-11-11T02:57:21.919+0000] {processor.py:914} INFO - Processing file /home/airflow/.local/lib/python3.12/site-packages/airflow/example_dags/example_branch_operator_decorator.py for tasks to queue
[2024-11-11T02:57:21.920+0000] {logging_mixin.py:190} INFO - [2024-11-11T02:57:21.920+0000] {dagbag.py:588} INFO - Filling up the DagBag from /home/airflow/.local/lib/python3.12/site-packages/airflow/example_dags/example_branch_operator_decorator.py
[2024-11-11T02:57:21.930+0000] {processor.py:925} INFO - DAG(s) 'example_branch_python_operator_decorator' retrieved from /home/airflow/.local/lib/python3.12/site-packages/airflow/example_dags/example_branch_operator_decorator.py
[2024-11-11T02:57:21.943+0000] {logging_mixin.py:190} INFO - [2024-11-11T02:57:21.943+0000] {dag.py:3239} INFO - Sync 1 DAGs
[2024-11-11T02:57:21.954+0000] {logging_mixin.py:190} INFO - [2024-11-11T02:57:21.954+0000] {dag.py:4180} INFO - Setting next_dagrun for example_branch_python_operator_decorator to 2024-11-10 00:00:00+00:00, run_after=2024-11-11 00:00:00+00:00
[2024-11-11T02:57:21.962+0000] {processor.py:208} INFO - Processing /home/airflow/.local/lib/python3.12/site-packages/airflow/example_dags/example_branch_operator_decorator.py took 0.048 seconds
[2024-11-11T02:57:52.370+0000] {processor.py:186} INFO - Started process (PID=4170) to work on /home/airflow/.local/lib/python3.12/site-packages/airflow/example_dags/example_branch_operator_decorator.py
[2024-11-11T02:57:52.370+0000] {processor.py:914} INFO - Processing file /home/airflow/.local/lib/python3.12/site-packages/airflow/example_dags/example_branch_operator_decorator.py for tasks to queue
[2024-11-11T02:57:52.372+0000] {logging_mixin.py:190} INFO - [2024-11-11T02:57:52.372+0000] {dagbag.py:588} INFO - Filling up the DagBag from /home/airflow/.local/lib/python3.12/site-packages/airflow/example_dags/example_branch_operator_decorator.py
[2024-11-11T02:57:52.382+0000] {processor.py:925} INFO - DAG(s) 'example_branch_python_operator_decorator' retrieved from /home/airflow/.local/lib/python3.12/site-packages/airflow/example_dags/example_branch_operator_decorator.py
[2024-11-11T02:57:52.395+0000] {logging_mixin.py:190} INFO - [2024-11-11T02:57:52.395+0000] {dag.py:3239} INFO - Sync 1 DAGs
[2024-11-11T02:57:52.406+0000] {logging_mixin.py:190} INFO - [2024-11-11T02:57:52.406+0000] {dag.py:4180} INFO - Setting next_dagrun for example_branch_python_operator_decorator to 2024-11-10 00:00:00+00:00, run_after=2024-11-11 00:00:00+00:00
[2024-11-11T02:57:52.413+0000] {processor.py:208} INFO - Processing /home/airflow/.local/lib/python3.12/site-packages/airflow/example_dags/example_branch_operator_decorator.py took 0.046 seconds
[2024-11-11T02:58:22.871+0000] {processor.py:186} INFO - Started process (PID=4233) to work on /home/airflow/.local/lib/python3.12/site-packages/airflow/example_dags/example_branch_operator_decorator.py
[2024-11-11T02:58:22.872+0000] {processor.py:914} INFO - Processing file /home/airflow/.local/lib/python3.12/site-packages/airflow/example_dags/example_branch_operator_decorator.py for tasks to queue
[2024-11-11T02:58:22.874+0000] {logging_mixin.py:190} INFO - [2024-11-11T02:58:22.874+0000] {dagbag.py:588} INFO - Filling up the DagBag from /home/airflow/.local/lib/python3.12/site-packages/airflow/example_dags/example_branch_operator_decorator.py
[2024-11-11T02:58:22.886+0000] {processor.py:925} INFO - DAG(s) 'example_branch_python_operator_decorator' retrieved from /home/airflow/.local/lib/python3.12/site-packages/airflow/example_dags/example_branch_operator_decorator.py
[2024-11-11T02:58:22.904+0000] {logging_mixin.py:190} INFO - [2024-11-11T02:58:22.904+0000] {dag.py:3239} INFO - Sync 1 DAGs
[2024-11-11T02:58:22.917+0000] {logging_mixin.py:190} INFO - [2024-11-11T02:58:22.917+0000] {dag.py:4180} INFO - Setting next_dagrun for example_branch_python_operator_decorator to 2024-11-10 00:00:00+00:00, run_after=2024-11-11 00:00:00+00:00
[2024-11-11T02:58:22.927+0000] {processor.py:208} INFO - Processing /home/airflow/.local/lib/python3.12/site-packages/airflow/example_dags/example_branch_operator_decorator.py took 0.061 seconds
[2024-11-11T02:58:53.314+0000] {processor.py:186} INFO - Started process (PID=4296) to work on /home/airflow/.local/lib/python3.12/site-packages/airflow/example_dags/example_branch_operator_decorator.py
[2024-11-11T02:58:53.314+0000] {processor.py:914} INFO - Processing file /home/airflow/.local/lib/python3.12/site-packages/airflow/example_dags/example_branch_operator_decorator.py for tasks to queue
[2024-11-11T02:58:53.316+0000] {logging_mixin.py:190} INFO - [2024-11-11T02:58:53.316+0000] {dagbag.py:588} INFO - Filling up the DagBag from /home/airflow/.local/lib/python3.12/site-packages/airflow/example_dags/example_branch_operator_decorator.py
[2024-11-11T02:58:53.327+0000] {processor.py:925} INFO - DAG(s) 'example_branch_python_operator_decorator' retrieved from /home/airflow/.local/lib/python3.12/site-packages/airflow/example_dags/example_branch_operator_decorator.py
[2024-11-11T02:58:53.341+0000] {logging_mixin.py:190} INFO - [2024-11-11T02:58:53.341+0000] {dag.py:3239} INFO - Sync 1 DAGs
[2024-11-11T02:58:53.352+0000] {logging_mixin.py:190} INFO - [2024-11-11T02:58:53.352+0000] {dag.py:4180} INFO - Setting next_dagrun for example_branch_python_operator_decorator to 2024-11-10 00:00:00+00:00, run_after=2024-11-11 00:00:00+00:00
[2024-11-11T02:58:53.361+0000] {processor.py:208} INFO - Processing /home/airflow/.local/lib/python3.12/site-packages/airflow/example_dags/example_branch_operator_decorator.py took 0.050 seconds
[2024-11-11T02:59:23.787+0000] {processor.py:186} INFO - Started process (PID=4359) to work on /home/airflow/.local/lib/python3.12/site-packages/airflow/example_dags/example_branch_operator_decorator.py
[2024-11-11T02:59:23.788+0000] {processor.py:914} INFO - Processing file /home/airflow/.local/lib/python3.12/site-packages/airflow/example_dags/example_branch_operator_decorator.py for tasks to queue
[2024-11-11T02:59:23.790+0000] {logging_mixin.py:190} INFO - [2024-11-11T02:59:23.789+0000] {dagbag.py:588} INFO - Filling up the DagBag from /home/airflow/.local/lib/python3.12/site-packages/airflow/example_dags/example_branch_operator_decorator.py
[2024-11-11T02:59:23.801+0000] {processor.py:925} INFO - DAG(s) 'example_branch_python_operator_decorator' retrieved from /home/airflow/.local/lib/python3.12/site-packages/airflow/example_dags/example_branch_operator_decorator.py
[2024-11-11T02:59:23.814+0000] {logging_mixin.py:190} INFO - [2024-11-11T02:59:23.814+0000] {dag.py:3239} INFO - Sync 1 DAGs
[2024-11-11T02:59:23.827+0000] {logging_mixin.py:190} INFO - [2024-11-11T02:59:23.827+0000] {dag.py:4180} INFO - Setting next_dagrun for example_branch_python_operator_decorator to 2024-11-10 00:00:00+00:00, run_after=2024-11-11 00:00:00+00:00
[2024-11-11T02:59:23.836+0000] {processor.py:208} INFO - Processing /home/airflow/.local/lib/python3.12/site-packages/airflow/example_dags/example_branch_operator_decorator.py took 0.053 seconds
[2024-11-11T02:59:54.265+0000] {processor.py:186} INFO - Started process (PID=4422) to work on /home/airflow/.local/lib/python3.12/site-packages/airflow/example_dags/example_branch_operator_decorator.py
[2024-11-11T02:59:54.266+0000] {processor.py:914} INFO - Processing file /home/airflow/.local/lib/python3.12/site-packages/airflow/example_dags/example_branch_operator_decorator.py for tasks to queue
[2024-11-11T02:59:54.267+0000] {logging_mixin.py:190} INFO - [2024-11-11T02:59:54.267+0000] {dagbag.py:588} INFO - Filling up the DagBag from /home/airflow/.local/lib/python3.12/site-packages/airflow/example_dags/example_branch_operator_decorator.py
[2024-11-11T02:59:54.277+0000] {processor.py:925} INFO - DAG(s) 'example_branch_python_operator_decorator' retrieved from /home/airflow/.local/lib/python3.12/site-packages/airflow/example_dags/example_branch_operator_decorator.py
[2024-11-11T02:59:54.291+0000] {logging_mixin.py:190} INFO - [2024-11-11T02:59:54.291+0000] {dag.py:3239} INFO - Sync 1 DAGs
[2024-11-11T02:59:54.302+0000] {logging_mixin.py:190} INFO - [2024-11-11T02:59:54.302+0000] {dag.py:4180} INFO - Setting next_dagrun for example_branch_python_operator_decorator to 2024-11-10 00:00:00+00:00, run_after=2024-11-11 00:00:00+00:00
[2024-11-11T02:59:54.310+0000] {processor.py:208} INFO - Processing /home/airflow/.local/lib/python3.12/site-packages/airflow/example_dags/example_branch_operator_decorator.py took 0.049 seconds
[2024-11-11T03:00:24.778+0000] {processor.py:186} INFO - Started process (PID=4485) to work on /home/airflow/.local/lib/python3.12/site-packages/airflow/example_dags/example_branch_operator_decorator.py
[2024-11-11T03:00:24.778+0000] {processor.py:914} INFO - Processing file /home/airflow/.local/lib/python3.12/site-packages/airflow/example_dags/example_branch_operator_decorator.py for tasks to queue
[2024-11-11T03:00:24.780+0000] {logging_mixin.py:190} INFO - [2024-11-11T03:00:24.780+0000] {dagbag.py:588} INFO - Filling up the DagBag from /home/airflow/.local/lib/python3.12/site-packages/airflow/example_dags/example_branch_operator_decorator.py
[2024-11-11T03:00:24.790+0000] {processor.py:925} INFO - DAG(s) 'example_branch_python_operator_decorator' retrieved from /home/airflow/.local/lib/python3.12/site-packages/airflow/example_dags/example_branch_operator_decorator.py
[2024-11-11T03:00:24.803+0000] {logging_mixin.py:190} INFO - [2024-11-11T03:00:24.803+0000] {dag.py:3239} INFO - Sync 1 DAGs
[2024-11-11T03:00:24.814+0000] {logging_mixin.py:190} INFO - [2024-11-11T03:00:24.814+0000] {dag.py:4180} INFO - Setting next_dagrun for example_branch_python_operator_decorator to 2024-11-10 00:00:00+00:00, run_after=2024-11-11 00:00:00+00:00
[2024-11-11T03:00:24.822+0000] {processor.py:208} INFO - Processing /home/airflow/.local/lib/python3.12/site-packages/airflow/example_dags/example_branch_operator_decorator.py took 0.048 seconds
[2024-11-11T03:00:55.257+0000] {processor.py:186} INFO - Started process (PID=4548) to work on /home/airflow/.local/lib/python3.12/site-packages/airflow/example_dags/example_branch_operator_decorator.py
[2024-11-11T03:00:55.258+0000] {processor.py:914} INFO - Processing file /home/airflow/.local/lib/python3.12/site-packages/airflow/example_dags/example_branch_operator_decorator.py for tasks to queue
[2024-11-11T03:00:55.260+0000] {logging_mixin.py:190} INFO - [2024-11-11T03:00:55.259+0000] {dagbag.py:588} INFO - Filling up the DagBag from /home/airflow/.local/lib/python3.12/site-packages/airflow/example_dags/example_branch_operator_decorator.py
[2024-11-11T03:00:55.270+0000] {processor.py:925} INFO - DAG(s) 'example_branch_python_operator_decorator' retrieved from /home/airflow/.local/lib/python3.12/site-packages/airflow/example_dags/example_branch_operator_decorator.py
[2024-11-11T03:00:55.284+0000] {logging_mixin.py:190} INFO - [2024-11-11T03:00:55.284+0000] {dag.py:3239} INFO - Sync 1 DAGs
[2024-11-11T03:00:55.295+0000] {logging_mixin.py:190} INFO - [2024-11-11T03:00:55.294+0000] {dag.py:4180} INFO - Setting next_dagrun for example_branch_python_operator_decorator to 2024-11-10 00:00:00+00:00, run_after=2024-11-11 00:00:00+00:00
[2024-11-11T03:00:55.302+0000] {processor.py:208} INFO - Processing /home/airflow/.local/lib/python3.12/site-packages/airflow/example_dags/example_branch_operator_decorator.py took 0.049 seconds
[2024-11-11T03:01:25.711+0000] {processor.py:186} INFO - Started process (PID=4611) to work on /home/airflow/.local/lib/python3.12/site-packages/airflow/example_dags/example_branch_operator_decorator.py
[2024-11-11T03:01:25.711+0000] {processor.py:914} INFO - Processing file /home/airflow/.local/lib/python3.12/site-packages/airflow/example_dags/example_branch_operator_decorator.py for tasks to queue
[2024-11-11T03:01:25.713+0000] {logging_mixin.py:190} INFO - [2024-11-11T03:01:25.713+0000] {dagbag.py:588} INFO - Filling up the DagBag from /home/airflow/.local/lib/python3.12/site-packages/airflow/example_dags/example_branch_operator_decorator.py
[2024-11-11T03:01:25.723+0000] {processor.py:925} INFO - DAG(s) 'example_branch_python_operator_decorator' retrieved from /home/airflow/.local/lib/python3.12/site-packages/airflow/example_dags/example_branch_operator_decorator.py
[2024-11-11T03:01:25.736+0000] {logging_mixin.py:190} INFO - [2024-11-11T03:01:25.736+0000] {dag.py:3239} INFO - Sync 1 DAGs
[2024-11-11T03:01:25.746+0000] {logging_mixin.py:190} INFO - [2024-11-11T03:01:25.746+0000] {dag.py:4180} INFO - Setting next_dagrun for example_branch_python_operator_decorator to 2024-11-10 00:00:00+00:00, run_after=2024-11-11 00:00:00+00:00
[2024-11-11T03:01:25.753+0000] {processor.py:208} INFO - Processing /home/airflow/.local/lib/python3.12/site-packages/airflow/example_dags/example_branch_operator_decorator.py took 0.045 seconds
[2024-11-11T03:01:56.505+0000] {processor.py:186} INFO - Started process (PID=4674) to work on /home/airflow/.local/lib/python3.12/site-packages/airflow/example_dags/example_branch_operator_decorator.py
[2024-11-11T03:01:56.505+0000] {processor.py:914} INFO - Processing file /home/airflow/.local/lib/python3.12/site-packages/airflow/example_dags/example_branch_operator_decorator.py for tasks to queue
[2024-11-11T03:01:56.507+0000] {logging_mixin.py:190} INFO - [2024-11-11T03:01:56.507+0000] {dagbag.py:588} INFO - Filling up the DagBag from /home/airflow/.local/lib/python3.12/site-packages/airflow/example_dags/example_branch_operator_decorator.py
[2024-11-11T03:01:56.519+0000] {processor.py:925} INFO - DAG(s) 'example_branch_python_operator_decorator' retrieved from /home/airflow/.local/lib/python3.12/site-packages/airflow/example_dags/example_branch_operator_decorator.py
[2024-11-11T03:01:56.533+0000] {logging_mixin.py:190} INFO - [2024-11-11T03:01:56.532+0000] {dag.py:3239} INFO - Sync 1 DAGs
[2024-11-11T03:01:56.544+0000] {logging_mixin.py:190} INFO - [2024-11-11T03:01:56.544+0000] {dag.py:4180} INFO - Setting next_dagrun for example_branch_python_operator_decorator to 2024-11-10 00:00:00+00:00, run_after=2024-11-11 00:00:00+00:00
[2024-11-11T03:01:56.552+0000] {processor.py:208} INFO - Processing /home/airflow/.local/lib/python3.12/site-packages/airflow/example_dags/example_branch_operator_decorator.py took 0.051 seconds
[2024-11-11T03:03:16.080+0000] {processor.py:186} INFO - Started process (PID=4737) to work on /home/airflow/.local/lib/python3.12/site-packages/airflow/example_dags/example_branch_operator_decorator.py
[2024-11-11T03:03:16.081+0000] {processor.py:914} INFO - Processing file /home/airflow/.local/lib/python3.12/site-packages/airflow/example_dags/example_branch_operator_decorator.py for tasks to queue
[2024-11-11T03:03:16.082+0000] {logging_mixin.py:190} INFO - [2024-11-11T03:03:16.082+0000] {dagbag.py:588} INFO - Filling up the DagBag from /home/airflow/.local/lib/python3.12/site-packages/airflow/example_dags/example_branch_operator_decorator.py
[2024-11-11T03:03:16.092+0000] {processor.py:925} INFO - DAG(s) 'example_branch_python_operator_decorator' retrieved from /home/airflow/.local/lib/python3.12/site-packages/airflow/example_dags/example_branch_operator_decorator.py
[2024-11-11T03:03:16.106+0000] {logging_mixin.py:190} INFO - [2024-11-11T03:03:16.106+0000] {dag.py:3239} INFO - Sync 1 DAGs
[2024-11-11T03:03:16.117+0000] {logging_mixin.py:190} INFO - [2024-11-11T03:03:16.117+0000] {dag.py:4180} INFO - Setting next_dagrun for example_branch_python_operator_decorator to 2024-11-10 00:00:00+00:00, run_after=2024-11-11 00:00:00+00:00
[2024-11-11T03:03:16.125+0000] {processor.py:208} INFO - Processing /home/airflow/.local/lib/python3.12/site-packages/airflow/example_dags/example_branch_operator_decorator.py took 0.048 seconds
[2024-11-11T03:03:46.503+0000] {processor.py:186} INFO - Started process (PID=4800) to work on /home/airflow/.local/lib/python3.12/site-packages/airflow/example_dags/example_branch_operator_decorator.py
[2024-11-11T03:03:46.504+0000] {processor.py:914} INFO - Processing file /home/airflow/.local/lib/python3.12/site-packages/airflow/example_dags/example_branch_operator_decorator.py for tasks to queue
[2024-11-11T03:03:46.506+0000] {logging_mixin.py:190} INFO - [2024-11-11T03:03:46.506+0000] {dagbag.py:588} INFO - Filling up the DagBag from /home/airflow/.local/lib/python3.12/site-packages/airflow/example_dags/example_branch_operator_decorator.py
[2024-11-11T03:03:46.522+0000] {processor.py:925} INFO - DAG(s) 'example_branch_python_operator_decorator' retrieved from /home/airflow/.local/lib/python3.12/site-packages/airflow/example_dags/example_branch_operator_decorator.py
[2024-11-11T03:03:46.538+0000] {logging_mixin.py:190} INFO - [2024-11-11T03:03:46.538+0000] {dag.py:3239} INFO - Sync 1 DAGs
[2024-11-11T03:03:46.553+0000] {logging_mixin.py:190} INFO - [2024-11-11T03:03:46.553+0000] {dag.py:4180} INFO - Setting next_dagrun for example_branch_python_operator_decorator to 2024-11-10 00:00:00+00:00, run_after=2024-11-11 00:00:00+00:00
[2024-11-11T03:03:46.562+0000] {processor.py:208} INFO - Processing /home/airflow/.local/lib/python3.12/site-packages/airflow/example_dags/example_branch_operator_decorator.py took 0.064 seconds
[2024-11-11T03:04:17.038+0000] {processor.py:186} INFO - Started process (PID=4863) to work on /home/airflow/.local/lib/python3.12/site-packages/airflow/example_dags/example_branch_operator_decorator.py
[2024-11-11T03:04:17.039+0000] {processor.py:914} INFO - Processing file /home/airflow/.local/lib/python3.12/site-packages/airflow/example_dags/example_branch_operator_decorator.py for tasks to queue
[2024-11-11T03:04:17.040+0000] {logging_mixin.py:190} INFO - [2024-11-11T03:04:17.040+0000] {dagbag.py:588} INFO - Filling up the DagBag from /home/airflow/.local/lib/python3.12/site-packages/airflow/example_dags/example_branch_operator_decorator.py
[2024-11-11T03:04:17.052+0000] {processor.py:925} INFO - DAG(s) 'example_branch_python_operator_decorator' retrieved from /home/airflow/.local/lib/python3.12/site-packages/airflow/example_dags/example_branch_operator_decorator.py
[2024-11-11T03:04:17.066+0000] {logging_mixin.py:190} INFO - [2024-11-11T03:04:17.066+0000] {dag.py:3239} INFO - Sync 1 DAGs
[2024-11-11T03:04:17.077+0000] {logging_mixin.py:190} INFO - [2024-11-11T03:04:17.077+0000] {dag.py:4180} INFO - Setting next_dagrun for example_branch_python_operator_decorator to 2024-11-10 00:00:00+00:00, run_after=2024-11-11 00:00:00+00:00
[2024-11-11T03:04:17.086+0000] {processor.py:208} INFO - Processing /home/airflow/.local/lib/python3.12/site-packages/airflow/example_dags/example_branch_operator_decorator.py took 0.052 seconds
[2024-11-11T03:04:47.537+0000] {processor.py:186} INFO - Started process (PID=4926) to work on /home/airflow/.local/lib/python3.12/site-packages/airflow/example_dags/example_branch_operator_decorator.py
[2024-11-11T03:04:47.538+0000] {processor.py:914} INFO - Processing file /home/airflow/.local/lib/python3.12/site-packages/airflow/example_dags/example_branch_operator_decorator.py for tasks to queue
[2024-11-11T03:04:47.539+0000] {logging_mixin.py:190} INFO - [2024-11-11T03:04:47.539+0000] {dagbag.py:588} INFO - Filling up the DagBag from /home/airflow/.local/lib/python3.12/site-packages/airflow/example_dags/example_branch_operator_decorator.py
[2024-11-11T03:04:47.549+0000] {processor.py:925} INFO - DAG(s) 'example_branch_python_operator_decorator' retrieved from /home/airflow/.local/lib/python3.12/site-packages/airflow/example_dags/example_branch_operator_decorator.py
[2024-11-11T03:04:47.563+0000] {logging_mixin.py:190} INFO - [2024-11-11T03:04:47.563+0000] {dag.py:3239} INFO - Sync 1 DAGs
[2024-11-11T03:04:47.574+0000] {logging_mixin.py:190} INFO - [2024-11-11T03:04:47.574+0000] {dag.py:4180} INFO - Setting next_dagrun for example_branch_python_operator_decorator to 2024-11-10 00:00:00+00:00, run_after=2024-11-11 00:00:00+00:00
[2024-11-11T03:04:47.582+0000] {processor.py:208} INFO - Processing /home/airflow/.local/lib/python3.12/site-packages/airflow/example_dags/example_branch_operator_decorator.py took 0.049 seconds
[2024-11-11T03:05:17.992+0000] {processor.py:186} INFO - Started process (PID=4989) to work on /home/airflow/.local/lib/python3.12/site-packages/airflow/example_dags/example_branch_operator_decorator.py
[2024-11-11T03:05:17.993+0000] {processor.py:914} INFO - Processing file /home/airflow/.local/lib/python3.12/site-packages/airflow/example_dags/example_branch_operator_decorator.py for tasks to queue
[2024-11-11T03:05:17.994+0000] {logging_mixin.py:190} INFO - [2024-11-11T03:05:17.994+0000] {dagbag.py:588} INFO - Filling up the DagBag from /home/airflow/.local/lib/python3.12/site-packages/airflow/example_dags/example_branch_operator_decorator.py
[2024-11-11T03:05:18.005+0000] {processor.py:925} INFO - DAG(s) 'example_branch_python_operator_decorator' retrieved from /home/airflow/.local/lib/python3.12/site-packages/airflow/example_dags/example_branch_operator_decorator.py
[2024-11-11T03:05:18.019+0000] {logging_mixin.py:190} INFO - [2024-11-11T03:05:18.018+0000] {dag.py:3239} INFO - Sync 1 DAGs
[2024-11-11T03:05:18.030+0000] {logging_mixin.py:190} INFO - [2024-11-11T03:05:18.030+0000] {dag.py:4180} INFO - Setting next_dagrun for example_branch_python_operator_decorator to 2024-11-10 00:00:00+00:00, run_after=2024-11-11 00:00:00+00:00
[2024-11-11T03:05:18.039+0000] {processor.py:208} INFO - Processing /home/airflow/.local/lib/python3.12/site-packages/airflow/example_dags/example_branch_operator_decorator.py took 0.050 seconds
[2024-11-11T03:05:48.326+0000] {processor.py:186} INFO - Started process (PID=5052) to work on /home/airflow/.local/lib/python3.12/site-packages/airflow/example_dags/example_branch_operator_decorator.py
[2024-11-11T03:05:48.326+0000] {processor.py:914} INFO - Processing file /home/airflow/.local/lib/python3.12/site-packages/airflow/example_dags/example_branch_operator_decorator.py for tasks to queue
[2024-11-11T03:05:48.328+0000] {logging_mixin.py:190} INFO - [2024-11-11T03:05:48.328+0000] {dagbag.py:588} INFO - Filling up the DagBag from /home/airflow/.local/lib/python3.12/site-packages/airflow/example_dags/example_branch_operator_decorator.py
[2024-11-11T03:05:48.338+0000] {processor.py:925} INFO - DAG(s) 'example_branch_python_operator_decorator' retrieved from /home/airflow/.local/lib/python3.12/site-packages/airflow/example_dags/example_branch_operator_decorator.py
[2024-11-11T03:05:48.352+0000] {logging_mixin.py:190} INFO - [2024-11-11T03:05:48.352+0000] {dag.py:3239} INFO - Sync 1 DAGs
[2024-11-11T03:05:48.364+0000] {logging_mixin.py:190} INFO - [2024-11-11T03:05:48.364+0000] {dag.py:4180} INFO - Setting next_dagrun for example_branch_python_operator_decorator to 2024-11-10 00:00:00+00:00, run_after=2024-11-11 00:00:00+00:00
[2024-11-11T03:05:48.373+0000] {processor.py:208} INFO - Processing /home/airflow/.local/lib/python3.12/site-packages/airflow/example_dags/example_branch_operator_decorator.py took 0.050 seconds
[2024-11-11T03:06:18.668+0000] {processor.py:186} INFO - Started process (PID=5115) to work on /home/airflow/.local/lib/python3.12/site-packages/airflow/example_dags/example_branch_operator_decorator.py
[2024-11-11T03:06:18.668+0000] {processor.py:914} INFO - Processing file /home/airflow/.local/lib/python3.12/site-packages/airflow/example_dags/example_branch_operator_decorator.py for tasks to queue
[2024-11-11T03:06:18.670+0000] {logging_mixin.py:190} INFO - [2024-11-11T03:06:18.669+0000] {dagbag.py:588} INFO - Filling up the DagBag from /home/airflow/.local/lib/python3.12/site-packages/airflow/example_dags/example_branch_operator_decorator.py
[2024-11-11T03:06:18.681+0000] {processor.py:925} INFO - DAG(s) 'example_branch_python_operator_decorator' retrieved from /home/airflow/.local/lib/python3.12/site-packages/airflow/example_dags/example_branch_operator_decorator.py
[2024-11-11T03:06:18.695+0000] {logging_mixin.py:190} INFO - [2024-11-11T03:06:18.695+0000] {dag.py:3239} INFO - Sync 1 DAGs
[2024-11-11T03:06:18.706+0000] {logging_mixin.py:190} INFO - [2024-11-11T03:06:18.706+0000] {dag.py:4180} INFO - Setting next_dagrun for example_branch_python_operator_decorator to 2024-11-10 00:00:00+00:00, run_after=2024-11-11 00:00:00+00:00
[2024-11-11T03:06:18.714+0000] {processor.py:208} INFO - Processing /home/airflow/.local/lib/python3.12/site-packages/airflow/example_dags/example_branch_operator_decorator.py took 0.050 seconds
[2024-11-11T03:06:49.132+0000] {processor.py:186} INFO - Started process (PID=5178) to work on /home/airflow/.local/lib/python3.12/site-packages/airflow/example_dags/example_branch_operator_decorator.py
[2024-11-11T03:06:49.133+0000] {processor.py:914} INFO - Processing file /home/airflow/.local/lib/python3.12/site-packages/airflow/example_dags/example_branch_operator_decorator.py for tasks to queue
[2024-11-11T03:06:49.134+0000] {logging_mixin.py:190} INFO - [2024-11-11T03:06:49.134+0000] {dagbag.py:588} INFO - Filling up the DagBag from /home/airflow/.local/lib/python3.12/site-packages/airflow/example_dags/example_branch_operator_decorator.py
[2024-11-11T03:06:49.144+0000] {processor.py:925} INFO - DAG(s) 'example_branch_python_operator_decorator' retrieved from /home/airflow/.local/lib/python3.12/site-packages/airflow/example_dags/example_branch_operator_decorator.py
[2024-11-11T03:06:49.157+0000] {logging_mixin.py:190} INFO - [2024-11-11T03:06:49.157+0000] {dag.py:3239} INFO - Sync 1 DAGs
[2024-11-11T03:06:49.171+0000] {logging_mixin.py:190} INFO - [2024-11-11T03:06:49.171+0000] {dag.py:4180} INFO - Setting next_dagrun for example_branch_python_operator_decorator to 2024-11-10 00:00:00+00:00, run_after=2024-11-11 00:00:00+00:00
[2024-11-11T03:06:49.181+0000] {processor.py:208} INFO - Processing /home/airflow/.local/lib/python3.12/site-packages/airflow/example_dags/example_branch_operator_decorator.py took 0.052 seconds
[2024-11-11T03:07:19.656+0000] {processor.py:186} INFO - Started process (PID=5242) to work on /home/airflow/.local/lib/python3.12/site-packages/airflow/example_dags/example_branch_operator_decorator.py
[2024-11-11T03:07:19.657+0000] {processor.py:914} INFO - Processing file /home/airflow/.local/lib/python3.12/site-packages/airflow/example_dags/example_branch_operator_decorator.py for tasks to queue
[2024-11-11T03:07:19.658+0000] {logging_mixin.py:190} INFO - [2024-11-11T03:07:19.658+0000] {dagbag.py:588} INFO - Filling up the DagBag from /home/airflow/.local/lib/python3.12/site-packages/airflow/example_dags/example_branch_operator_decorator.py
[2024-11-11T03:07:19.670+0000] {processor.py:925} INFO - DAG(s) 'example_branch_python_operator_decorator' retrieved from /home/airflow/.local/lib/python3.12/site-packages/airflow/example_dags/example_branch_operator_decorator.py
[2024-11-11T03:07:19.683+0000] {logging_mixin.py:190} INFO - [2024-11-11T03:07:19.683+0000] {dag.py:3239} INFO - Sync 1 DAGs
[2024-11-11T03:07:19.694+0000] {logging_mixin.py:190} INFO - [2024-11-11T03:07:19.694+0000] {dag.py:4180} INFO - Setting next_dagrun for example_branch_python_operator_decorator to 2024-11-10 00:00:00+00:00, run_after=2024-11-11 00:00:00+00:00
[2024-11-11T03:07:19.702+0000] {processor.py:208} INFO - Processing /home/airflow/.local/lib/python3.12/site-packages/airflow/example_dags/example_branch_operator_decorator.py took 0.049 seconds
[2024-11-11T03:07:50.437+0000] {processor.py:186} INFO - Started process (PID=5305) to work on /home/airflow/.local/lib/python3.12/site-packages/airflow/example_dags/example_branch_operator_decorator.py
[2024-11-11T03:07:50.438+0000] {processor.py:914} INFO - Processing file /home/airflow/.local/lib/python3.12/site-packages/airflow/example_dags/example_branch_operator_decorator.py for tasks to queue
[2024-11-11T03:07:50.439+0000] {logging_mixin.py:190} INFO - [2024-11-11T03:07:50.439+0000] {dagbag.py:588} INFO - Filling up the DagBag from /home/airflow/.local/lib/python3.12/site-packages/airflow/example_dags/example_branch_operator_decorator.py
[2024-11-11T03:07:50.451+0000] {processor.py:925} INFO - DAG(s) 'example_branch_python_operator_decorator' retrieved from /home/airflow/.local/lib/python3.12/site-packages/airflow/example_dags/example_branch_operator_decorator.py
[2024-11-11T03:07:50.465+0000] {logging_mixin.py:190} INFO - [2024-11-11T03:07:50.464+0000] {dag.py:3239} INFO - Sync 1 DAGs
[2024-11-11T03:07:50.476+0000] {logging_mixin.py:190} INFO - [2024-11-11T03:07:50.475+0000] {dag.py:4180} INFO - Setting next_dagrun for example_branch_python_operator_decorator to 2024-11-10 00:00:00+00:00, run_after=2024-11-11 00:00:00+00:00
[2024-11-11T03:07:50.484+0000] {processor.py:208} INFO - Processing /home/airflow/.local/lib/python3.12/site-packages/airflow/example_dags/example_branch_operator_decorator.py took 0.051 seconds
[2024-11-11T03:08:21.008+0000] {processor.py:186} INFO - Started process (PID=5368) to work on /home/airflow/.local/lib/python3.12/site-packages/airflow/example_dags/example_branch_operator_decorator.py
[2024-11-11T03:08:21.008+0000] {processor.py:914} INFO - Processing file /home/airflow/.local/lib/python3.12/site-packages/airflow/example_dags/example_branch_operator_decorator.py for tasks to queue
[2024-11-11T03:08:21.010+0000] {logging_mixin.py:190} INFO - [2024-11-11T03:08:21.009+0000] {dagbag.py:588} INFO - Filling up the DagBag from /home/airflow/.local/lib/python3.12/site-packages/airflow/example_dags/example_branch_operator_decorator.py
[2024-11-11T03:08:21.020+0000] {processor.py:925} INFO - DAG(s) 'example_branch_python_operator_decorator' retrieved from /home/airflow/.local/lib/python3.12/site-packages/airflow/example_dags/example_branch_operator_decorator.py
[2024-11-11T03:08:21.034+0000] {logging_mixin.py:190} INFO - [2024-11-11T03:08:21.033+0000] {dag.py:3239} INFO - Sync 1 DAGs
[2024-11-11T03:08:21.046+0000] {logging_mixin.py:190} INFO - [2024-11-11T03:08:21.046+0000] {dag.py:4180} INFO - Setting next_dagrun for example_branch_python_operator_decorator to 2024-11-10 00:00:00+00:00, run_after=2024-11-11 00:00:00+00:00
[2024-11-11T03:08:21.054+0000] {processor.py:208} INFO - Processing /home/airflow/.local/lib/python3.12/site-packages/airflow/example_dags/example_branch_operator_decorator.py took 0.050 seconds
[2024-11-11T03:08:51.540+0000] {processor.py:186} INFO - Started process (PID=5431) to work on /home/airflow/.local/lib/python3.12/site-packages/airflow/example_dags/example_branch_operator_decorator.py
[2024-11-11T03:08:51.541+0000] {processor.py:914} INFO - Processing file /home/airflow/.local/lib/python3.12/site-packages/airflow/example_dags/example_branch_operator_decorator.py for tasks to queue
[2024-11-11T03:08:51.542+0000] {logging_mixin.py:190} INFO - [2024-11-11T03:08:51.542+0000] {dagbag.py:588} INFO - Filling up the DagBag from /home/airflow/.local/lib/python3.12/site-packages/airflow/example_dags/example_branch_operator_decorator.py
[2024-11-11T03:08:51.553+0000] {processor.py:925} INFO - DAG(s) 'example_branch_python_operator_decorator' retrieved from /home/airflow/.local/lib/python3.12/site-packages/airflow/example_dags/example_branch_operator_decorator.py
[2024-11-11T03:08:51.567+0000] {logging_mixin.py:190} INFO - [2024-11-11T03:08:51.567+0000] {dag.py:3239} INFO - Sync 1 DAGs
[2024-11-11T03:08:51.579+0000] {logging_mixin.py:190} INFO - [2024-11-11T03:08:51.579+0000] {dag.py:4180} INFO - Setting next_dagrun for example_branch_python_operator_decorator to 2024-11-10 00:00:00+00:00, run_after=2024-11-11 00:00:00+00:00
[2024-11-11T03:08:51.587+0000] {processor.py:208} INFO - Processing /home/airflow/.local/lib/python3.12/site-packages/airflow/example_dags/example_branch_operator_decorator.py took 0.050 seconds
[2024-11-11T03:09:22.015+0000] {processor.py:186} INFO - Started process (PID=5494) to work on /home/airflow/.local/lib/python3.12/site-packages/airflow/example_dags/example_branch_operator_decorator.py
[2024-11-11T03:09:22.016+0000] {processor.py:914} INFO - Processing file /home/airflow/.local/lib/python3.12/site-packages/airflow/example_dags/example_branch_operator_decorator.py for tasks to queue
[2024-11-11T03:09:22.017+0000] {logging_mixin.py:190} INFO - [2024-11-11T03:09:22.017+0000] {dagbag.py:588} INFO - Filling up the DagBag from /home/airflow/.local/lib/python3.12/site-packages/airflow/example_dags/example_branch_operator_decorator.py
[2024-11-11T03:09:22.028+0000] {processor.py:925} INFO - DAG(s) 'example_branch_python_operator_decorator' retrieved from /home/airflow/.local/lib/python3.12/site-packages/airflow/example_dags/example_branch_operator_decorator.py
[2024-11-11T03:09:22.042+0000] {logging_mixin.py:190} INFO - [2024-11-11T03:09:22.042+0000] {dag.py:3239} INFO - Sync 1 DAGs
[2024-11-11T03:09:22.054+0000] {logging_mixin.py:190} INFO - [2024-11-11T03:09:22.054+0000] {dag.py:4180} INFO - Setting next_dagrun for example_branch_python_operator_decorator to 2024-11-10 00:00:00+00:00, run_after=2024-11-11 00:00:00+00:00
[2024-11-11T03:09:22.062+0000] {processor.py:208} INFO - Processing /home/airflow/.local/lib/python3.12/site-packages/airflow/example_dags/example_branch_operator_decorator.py took 0.050 seconds
[2024-11-11T03:09:52.725+0000] {processor.py:186} INFO - Started process (PID=5557) to work on /home/airflow/.local/lib/python3.12/site-packages/airflow/example_dags/example_branch_operator_decorator.py
[2024-11-11T03:09:52.726+0000] {processor.py:914} INFO - Processing file /home/airflow/.local/lib/python3.12/site-packages/airflow/example_dags/example_branch_operator_decorator.py for tasks to queue
[2024-11-11T03:09:52.727+0000] {logging_mixin.py:190} INFO - [2024-11-11T03:09:52.727+0000] {dagbag.py:588} INFO - Filling up the DagBag from /home/airflow/.local/lib/python3.12/site-packages/airflow/example_dags/example_branch_operator_decorator.py
[2024-11-11T03:09:52.737+0000] {processor.py:925} INFO - DAG(s) 'example_branch_python_operator_decorator' retrieved from /home/airflow/.local/lib/python3.12/site-packages/airflow/example_dags/example_branch_operator_decorator.py
[2024-11-11T03:09:52.751+0000] {logging_mixin.py:190} INFO - [2024-11-11T03:09:52.751+0000] {dag.py:3239} INFO - Sync 1 DAGs
[2024-11-11T03:09:52.764+0000] {logging_mixin.py:190} INFO - [2024-11-11T03:09:52.763+0000] {dag.py:4180} INFO - Setting next_dagrun for example_branch_python_operator_decorator to 2024-11-10 00:00:00+00:00, run_after=2024-11-11 00:00:00+00:00
[2024-11-11T03:09:52.772+0000] {processor.py:208} INFO - Processing /home/airflow/.local/lib/python3.12/site-packages/airflow/example_dags/example_branch_operator_decorator.py took 0.050 seconds
[2024-11-11T03:10:23.396+0000] {processor.py:186} INFO - Started process (PID=5620) to work on /home/airflow/.local/lib/python3.12/site-packages/airflow/example_dags/example_branch_operator_decorator.py
[2024-11-11T03:10:23.396+0000] {processor.py:914} INFO - Processing file /home/airflow/.local/lib/python3.12/site-packages/airflow/example_dags/example_branch_operator_decorator.py for tasks to queue
[2024-11-11T03:10:23.398+0000] {logging_mixin.py:190} INFO - [2024-11-11T03:10:23.398+0000] {dagbag.py:588} INFO - Filling up the DagBag from /home/airflow/.local/lib/python3.12/site-packages/airflow/example_dags/example_branch_operator_decorator.py
[2024-11-11T03:10:23.409+0000] {processor.py:925} INFO - DAG(s) 'example_branch_python_operator_decorator' retrieved from /home/airflow/.local/lib/python3.12/site-packages/airflow/example_dags/example_branch_operator_decorator.py
[2024-11-11T03:10:23.422+0000] {logging_mixin.py:190} INFO - [2024-11-11T03:10:23.422+0000] {dag.py:3239} INFO - Sync 1 DAGs
[2024-11-11T03:10:23.434+0000] {logging_mixin.py:190} INFO - [2024-11-11T03:10:23.434+0000] {dag.py:4180} INFO - Setting next_dagrun for example_branch_python_operator_decorator to 2024-11-10 00:00:00+00:00, run_after=2024-11-11 00:00:00+00:00
[2024-11-11T03:10:23.442+0000] {processor.py:208} INFO - Processing /home/airflow/.local/lib/python3.12/site-packages/airflow/example_dags/example_branch_operator_decorator.py took 0.050 seconds
[2024-11-11T03:10:54.390+0000] {processor.py:186} INFO - Started process (PID=5683) to work on /home/airflow/.local/lib/python3.12/site-packages/airflow/example_dags/example_branch_operator_decorator.py
[2024-11-11T03:10:54.391+0000] {processor.py:914} INFO - Processing file /home/airflow/.local/lib/python3.12/site-packages/airflow/example_dags/example_branch_operator_decorator.py for tasks to queue
[2024-11-11T03:10:54.392+0000] {logging_mixin.py:190} INFO - [2024-11-11T03:10:54.392+0000] {dagbag.py:588} INFO - Filling up the DagBag from /home/airflow/.local/lib/python3.12/site-packages/airflow/example_dags/example_branch_operator_decorator.py
[2024-11-11T03:10:54.403+0000] {processor.py:925} INFO - DAG(s) 'example_branch_python_operator_decorator' retrieved from /home/airflow/.local/lib/python3.12/site-packages/airflow/example_dags/example_branch_operator_decorator.py
[2024-11-11T03:10:54.417+0000] {logging_mixin.py:190} INFO - [2024-11-11T03:10:54.417+0000] {dag.py:3239} INFO - Sync 1 DAGs
[2024-11-11T03:10:54.429+0000] {logging_mixin.py:190} INFO - [2024-11-11T03:10:54.429+0000] {dag.py:4180} INFO - Setting next_dagrun for example_branch_python_operator_decorator to 2024-11-10 00:00:00+00:00, run_after=2024-11-11 00:00:00+00:00
[2024-11-11T03:10:54.439+0000] {processor.py:208} INFO - Processing /home/airflow/.local/lib/python3.12/site-packages/airflow/example_dags/example_branch_operator_decorator.py took 0.052 seconds
[2024-11-11T03:22:05.968+0000] {processor.py:186} INFO - Started process (PID=5746) to work on /home/airflow/.local/lib/python3.12/site-packages/airflow/example_dags/example_branch_operator_decorator.py
[2024-11-11T03:22:05.969+0000] {processor.py:914} INFO - Processing file /home/airflow/.local/lib/python3.12/site-packages/airflow/example_dags/example_branch_operator_decorator.py for tasks to queue
[2024-11-11T03:22:05.970+0000] {logging_mixin.py:190} INFO - [2024-11-11T03:22:05.970+0000] {dagbag.py:588} INFO - Filling up the DagBag from /home/airflow/.local/lib/python3.12/site-packages/airflow/example_dags/example_branch_operator_decorator.py
[2024-11-11T03:22:05.980+0000] {processor.py:925} INFO - DAG(s) 'example_branch_python_operator_decorator' retrieved from /home/airflow/.local/lib/python3.12/site-packages/airflow/example_dags/example_branch_operator_decorator.py
[2024-11-11T03:22:05.994+0000] {logging_mixin.py:190} INFO - [2024-11-11T03:22:05.994+0000] {dag.py:3239} INFO - Sync 1 DAGs
[2024-11-11T03:22:06.004+0000] {logging_mixin.py:190} INFO - [2024-11-11T03:22:06.004+0000] {dag.py:4180} INFO - Setting next_dagrun for example_branch_python_operator_decorator to 2024-11-10 00:00:00+00:00, run_after=2024-11-11 00:00:00+00:00
[2024-11-11T03:22:06.012+0000] {processor.py:208} INFO - Processing /home/airflow/.local/lib/python3.12/site-packages/airflow/example_dags/example_branch_operator_decorator.py took 0.047 seconds
[2024-11-11T03:22:36.877+0000] {processor.py:186} INFO - Started process (PID=5809) to work on /home/airflow/.local/lib/python3.12/site-packages/airflow/example_dags/example_branch_operator_decorator.py
[2024-11-11T03:22:36.878+0000] {processor.py:914} INFO - Processing file /home/airflow/.local/lib/python3.12/site-packages/airflow/example_dags/example_branch_operator_decorator.py for tasks to queue
[2024-11-11T03:22:36.879+0000] {logging_mixin.py:190} INFO - [2024-11-11T03:22:36.879+0000] {dagbag.py:588} INFO - Filling up the DagBag from /home/airflow/.local/lib/python3.12/site-packages/airflow/example_dags/example_branch_operator_decorator.py
[2024-11-11T03:22:36.891+0000] {processor.py:925} INFO - DAG(s) 'example_branch_python_operator_decorator' retrieved from /home/airflow/.local/lib/python3.12/site-packages/airflow/example_dags/example_branch_operator_decorator.py
[2024-11-11T03:22:36.906+0000] {logging_mixin.py:190} INFO - [2024-11-11T03:22:36.905+0000] {dag.py:3239} INFO - Sync 1 DAGs
[2024-11-11T03:22:36.917+0000] {logging_mixin.py:190} INFO - [2024-11-11T03:22:36.917+0000] {dag.py:4180} INFO - Setting next_dagrun for example_branch_python_operator_decorator to 2024-11-10 00:00:00+00:00, run_after=2024-11-11 00:00:00+00:00
[2024-11-11T03:22:36.926+0000] {processor.py:208} INFO - Processing /home/airflow/.local/lib/python3.12/site-packages/airflow/example_dags/example_branch_operator_decorator.py took 0.053 seconds
[2024-11-11T03:23:07.976+0000] {processor.py:186} INFO - Started process (PID=5872) to work on /home/airflow/.local/lib/python3.12/site-packages/airflow/example_dags/example_branch_operator_decorator.py
[2024-11-11T03:23:07.977+0000] {processor.py:914} INFO - Processing file /home/airflow/.local/lib/python3.12/site-packages/airflow/example_dags/example_branch_operator_decorator.py for tasks to queue
[2024-11-11T03:23:07.978+0000] {logging_mixin.py:190} INFO - [2024-11-11T03:23:07.978+0000] {dagbag.py:588} INFO - Filling up the DagBag from /home/airflow/.local/lib/python3.12/site-packages/airflow/example_dags/example_branch_operator_decorator.py
[2024-11-11T03:23:07.989+0000] {processor.py:925} INFO - DAG(s) 'example_branch_python_operator_decorator' retrieved from /home/airflow/.local/lib/python3.12/site-packages/airflow/example_dags/example_branch_operator_decorator.py
[2024-11-11T03:23:08.003+0000] {logging_mixin.py:190} INFO - [2024-11-11T03:23:08.003+0000] {dag.py:3239} INFO - Sync 1 DAGs
[2024-11-11T03:23:08.015+0000] {logging_mixin.py:190} INFO - [2024-11-11T03:23:08.015+0000] {dag.py:4180} INFO - Setting next_dagrun for example_branch_python_operator_decorator to 2024-11-10 00:00:00+00:00, run_after=2024-11-11 00:00:00+00:00
[2024-11-11T03:23:08.025+0000] {processor.py:208} INFO - Processing /home/airflow/.local/lib/python3.12/site-packages/airflow/example_dags/example_branch_operator_decorator.py took 0.052 seconds
[2024-11-11T03:23:38.816+0000] {processor.py:186} INFO - Started process (PID=5935) to work on /home/airflow/.local/lib/python3.12/site-packages/airflow/example_dags/example_branch_operator_decorator.py
[2024-11-11T03:23:38.817+0000] {processor.py:914} INFO - Processing file /home/airflow/.local/lib/python3.12/site-packages/airflow/example_dags/example_branch_operator_decorator.py for tasks to queue
[2024-11-11T03:23:38.818+0000] {logging_mixin.py:190} INFO - [2024-11-11T03:23:38.818+0000] {dagbag.py:588} INFO - Filling up the DagBag from /home/airflow/.local/lib/python3.12/site-packages/airflow/example_dags/example_branch_operator_decorator.py
[2024-11-11T03:23:38.829+0000] {processor.py:925} INFO - DAG(s) 'example_branch_python_operator_decorator' retrieved from /home/airflow/.local/lib/python3.12/site-packages/airflow/example_dags/example_branch_operator_decorator.py
[2024-11-11T03:23:38.843+0000] {logging_mixin.py:190} INFO - [2024-11-11T03:23:38.843+0000] {dag.py:3239} INFO - Sync 1 DAGs
[2024-11-11T03:23:38.856+0000] {logging_mixin.py:190} INFO - [2024-11-11T03:23:38.856+0000] {dag.py:4180} INFO - Setting next_dagrun for example_branch_python_operator_decorator to 2024-11-10 00:00:00+00:00, run_after=2024-11-11 00:00:00+00:00
[2024-11-11T03:23:38.864+0000] {processor.py:208} INFO - Processing /home/airflow/.local/lib/python3.12/site-packages/airflow/example_dags/example_branch_operator_decorator.py took 0.052 seconds
[2024-11-11T03:24:09.773+0000] {processor.py:186} INFO - Started process (PID=5998) to work on /home/airflow/.local/lib/python3.12/site-packages/airflow/example_dags/example_branch_operator_decorator.py
[2024-11-11T03:24:09.773+0000] {processor.py:914} INFO - Processing file /home/airflow/.local/lib/python3.12/site-packages/airflow/example_dags/example_branch_operator_decorator.py for tasks to queue
[2024-11-11T03:24:09.775+0000] {logging_mixin.py:190} INFO - [2024-11-11T03:24:09.775+0000] {dagbag.py:588} INFO - Filling up the DagBag from /home/airflow/.local/lib/python3.12/site-packages/airflow/example_dags/example_branch_operator_decorator.py
[2024-11-11T03:24:09.787+0000] {processor.py:925} INFO - DAG(s) 'example_branch_python_operator_decorator' retrieved from /home/airflow/.local/lib/python3.12/site-packages/airflow/example_dags/example_branch_operator_decorator.py
[2024-11-11T03:24:09.803+0000] {logging_mixin.py:190} INFO - [2024-11-11T03:24:09.802+0000] {dag.py:3239} INFO - Sync 1 DAGs
[2024-11-11T03:24:09.814+0000] {logging_mixin.py:190} INFO - [2024-11-11T03:24:09.814+0000] {dag.py:4180} INFO - Setting next_dagrun for example_branch_python_operator_decorator to 2024-11-10 00:00:00+00:00, run_after=2024-11-11 00:00:00+00:00
[2024-11-11T03:24:09.823+0000] {processor.py:208} INFO - Processing /home/airflow/.local/lib/python3.12/site-packages/airflow/example_dags/example_branch_operator_decorator.py took 0.054 seconds
[2024-11-11T03:24:40.630+0000] {processor.py:186} INFO - Started process (PID=6060) to work on /home/airflow/.local/lib/python3.12/site-packages/airflow/example_dags/example_branch_operator_decorator.py
[2024-11-11T03:24:40.631+0000] {processor.py:914} INFO - Processing file /home/airflow/.local/lib/python3.12/site-packages/airflow/example_dags/example_branch_operator_decorator.py for tasks to queue
[2024-11-11T03:24:40.632+0000] {logging_mixin.py:190} INFO - [2024-11-11T03:24:40.632+0000] {dagbag.py:588} INFO - Filling up the DagBag from /home/airflow/.local/lib/python3.12/site-packages/airflow/example_dags/example_branch_operator_decorator.py
[2024-11-11T03:24:40.643+0000] {processor.py:925} INFO - DAG(s) 'example_branch_python_operator_decorator' retrieved from /home/airflow/.local/lib/python3.12/site-packages/airflow/example_dags/example_branch_operator_decorator.py
[2024-11-11T03:24:40.659+0000] {logging_mixin.py:190} INFO - [2024-11-11T03:24:40.658+0000] {dag.py:3239} INFO - Sync 1 DAGs
[2024-11-11T03:24:40.674+0000] {logging_mixin.py:190} INFO - [2024-11-11T03:24:40.673+0000] {dag.py:4180} INFO - Setting next_dagrun for example_branch_python_operator_decorator to 2024-11-10 00:00:00+00:00, run_after=2024-11-11 00:00:00+00:00
[2024-11-11T03:24:40.682+0000] {processor.py:208} INFO - Processing /home/airflow/.local/lib/python3.12/site-packages/airflow/example_dags/example_branch_operator_decorator.py took 0.056 seconds
[2024-11-11T03:25:11.364+0000] {processor.py:186} INFO - Started process (PID=6123) to work on /home/airflow/.local/lib/python3.12/site-packages/airflow/example_dags/example_branch_operator_decorator.py
[2024-11-11T03:25:11.365+0000] {processor.py:914} INFO - Processing file /home/airflow/.local/lib/python3.12/site-packages/airflow/example_dags/example_branch_operator_decorator.py for tasks to queue
[2024-11-11T03:25:11.366+0000] {logging_mixin.py:190} INFO - [2024-11-11T03:25:11.366+0000] {dagbag.py:588} INFO - Filling up the DagBag from /home/airflow/.local/lib/python3.12/site-packages/airflow/example_dags/example_branch_operator_decorator.py
[2024-11-11T03:25:11.377+0000] {processor.py:925} INFO - DAG(s) 'example_branch_python_operator_decorator' retrieved from /home/airflow/.local/lib/python3.12/site-packages/airflow/example_dags/example_branch_operator_decorator.py
[2024-11-11T03:25:11.391+0000] {logging_mixin.py:190} INFO - [2024-11-11T03:25:11.391+0000] {dag.py:3239} INFO - Sync 1 DAGs
[2024-11-11T03:25:11.403+0000] {logging_mixin.py:190} INFO - [2024-11-11T03:25:11.403+0000] {dag.py:4180} INFO - Setting next_dagrun for example_branch_python_operator_decorator to 2024-11-10 00:00:00+00:00, run_after=2024-11-11 00:00:00+00:00
[2024-11-11T03:25:11.412+0000] {processor.py:208} INFO - Processing /home/airflow/.local/lib/python3.12/site-packages/airflow/example_dags/example_branch_operator_decorator.py took 0.051 seconds
[2024-11-11T03:25:42.425+0000] {processor.py:186} INFO - Started process (PID=6186) to work on /home/airflow/.local/lib/python3.12/site-packages/airflow/example_dags/example_branch_operator_decorator.py
[2024-11-11T03:25:42.426+0000] {processor.py:914} INFO - Processing file /home/airflow/.local/lib/python3.12/site-packages/airflow/example_dags/example_branch_operator_decorator.py for tasks to queue
[2024-11-11T03:25:42.428+0000] {logging_mixin.py:190} INFO - [2024-11-11T03:25:42.427+0000] {dagbag.py:588} INFO - Filling up the DagBag from /home/airflow/.local/lib/python3.12/site-packages/airflow/example_dags/example_branch_operator_decorator.py
[2024-11-11T03:25:42.439+0000] {processor.py:925} INFO - DAG(s) 'example_branch_python_operator_decorator' retrieved from /home/airflow/.local/lib/python3.12/site-packages/airflow/example_dags/example_branch_operator_decorator.py
[2024-11-11T03:25:42.457+0000] {logging_mixin.py:190} INFO - [2024-11-11T03:25:42.457+0000] {dag.py:3239} INFO - Sync 1 DAGs
[2024-11-11T03:25:42.472+0000] {logging_mixin.py:190} INFO - [2024-11-11T03:25:42.472+0000] {dag.py:4180} INFO - Setting next_dagrun for example_branch_python_operator_decorator to 2024-11-10 00:00:00+00:00, run_after=2024-11-11 00:00:00+00:00
[2024-11-11T03:25:42.482+0000] {processor.py:208} INFO - Processing /home/airflow/.local/lib/python3.12/site-packages/airflow/example_dags/example_branch_operator_decorator.py took 0.060 seconds
[2024-11-11T03:26:13.186+0000] {processor.py:186} INFO - Started process (PID=6249) to work on /home/airflow/.local/lib/python3.12/site-packages/airflow/example_dags/example_branch_operator_decorator.py
[2024-11-11T03:26:13.187+0000] {processor.py:914} INFO - Processing file /home/airflow/.local/lib/python3.12/site-packages/airflow/example_dags/example_branch_operator_decorator.py for tasks to queue
[2024-11-11T03:26:13.188+0000] {logging_mixin.py:190} INFO - [2024-11-11T03:26:13.188+0000] {dagbag.py:588} INFO - Filling up the DagBag from /home/airflow/.local/lib/python3.12/site-packages/airflow/example_dags/example_branch_operator_decorator.py
[2024-11-11T03:26:13.199+0000] {processor.py:925} INFO - DAG(s) 'example_branch_python_operator_decorator' retrieved from /home/airflow/.local/lib/python3.12/site-packages/airflow/example_dags/example_branch_operator_decorator.py
[2024-11-11T03:26:13.213+0000] {logging_mixin.py:190} INFO - [2024-11-11T03:26:13.213+0000] {dag.py:3239} INFO - Sync 1 DAGs
[2024-11-11T03:26:13.225+0000] {logging_mixin.py:190} INFO - [2024-11-11T03:26:13.225+0000] {dag.py:4180} INFO - Setting next_dagrun for example_branch_python_operator_decorator to 2024-11-10 00:00:00+00:00, run_after=2024-11-11 00:00:00+00:00
[2024-11-11T03:26:13.234+0000] {processor.py:208} INFO - Processing /home/airflow/.local/lib/python3.12/site-packages/airflow/example_dags/example_branch_operator_decorator.py took 0.052 seconds
[2024-11-11T03:26:43.885+0000] {processor.py:186} INFO - Started process (PID=6312) to work on /home/airflow/.local/lib/python3.12/site-packages/airflow/example_dags/example_branch_operator_decorator.py
[2024-11-11T03:26:43.885+0000] {processor.py:914} INFO - Processing file /home/airflow/.local/lib/python3.12/site-packages/airflow/example_dags/example_branch_operator_decorator.py for tasks to queue
[2024-11-11T03:26:43.887+0000] {logging_mixin.py:190} INFO - [2024-11-11T03:26:43.887+0000] {dagbag.py:588} INFO - Filling up the DagBag from /home/airflow/.local/lib/python3.12/site-packages/airflow/example_dags/example_branch_operator_decorator.py
[2024-11-11T03:26:43.898+0000] {processor.py:925} INFO - DAG(s) 'example_branch_python_operator_decorator' retrieved from /home/airflow/.local/lib/python3.12/site-packages/airflow/example_dags/example_branch_operator_decorator.py
[2024-11-11T03:26:43.913+0000] {logging_mixin.py:190} INFO - [2024-11-11T03:26:43.913+0000] {dag.py:3239} INFO - Sync 1 DAGs
[2024-11-11T03:26:43.926+0000] {logging_mixin.py:190} INFO - [2024-11-11T03:26:43.926+0000] {dag.py:4180} INFO - Setting next_dagrun for example_branch_python_operator_decorator to 2024-11-10 00:00:00+00:00, run_after=2024-11-11 00:00:00+00:00
[2024-11-11T03:26:43.935+0000] {processor.py:208} INFO - Processing /home/airflow/.local/lib/python3.12/site-packages/airflow/example_dags/example_branch_operator_decorator.py took 0.054 seconds
[2024-11-11T03:27:14.806+0000] {processor.py:186} INFO - Started process (PID=6375) to work on /home/airflow/.local/lib/python3.12/site-packages/airflow/example_dags/example_branch_operator_decorator.py
[2024-11-11T03:27:14.807+0000] {processor.py:914} INFO - Processing file /home/airflow/.local/lib/python3.12/site-packages/airflow/example_dags/example_branch_operator_decorator.py for tasks to queue
[2024-11-11T03:27:14.808+0000] {logging_mixin.py:190} INFO - [2024-11-11T03:27:14.808+0000] {dagbag.py:588} INFO - Filling up the DagBag from /home/airflow/.local/lib/python3.12/site-packages/airflow/example_dags/example_branch_operator_decorator.py
[2024-11-11T03:27:14.819+0000] {processor.py:925} INFO - DAG(s) 'example_branch_python_operator_decorator' retrieved from /home/airflow/.local/lib/python3.12/site-packages/airflow/example_dags/example_branch_operator_decorator.py
[2024-11-11T03:27:14.834+0000] {logging_mixin.py:190} INFO - [2024-11-11T03:27:14.833+0000] {dag.py:3239} INFO - Sync 1 DAGs
[2024-11-11T03:27:14.845+0000] {logging_mixin.py:190} INFO - [2024-11-11T03:27:14.845+0000] {dag.py:4180} INFO - Setting next_dagrun for example_branch_python_operator_decorator to 2024-11-10 00:00:00+00:00, run_after=2024-11-11 00:00:00+00:00
[2024-11-11T03:27:14.854+0000] {processor.py:208} INFO - Processing /home/airflow/.local/lib/python3.12/site-packages/airflow/example_dags/example_branch_operator_decorator.py took 0.051 seconds
[2024-11-11T03:27:45.546+0000] {processor.py:186} INFO - Started process (PID=6438) to work on /home/airflow/.local/lib/python3.12/site-packages/airflow/example_dags/example_branch_operator_decorator.py
[2024-11-11T03:27:45.546+0000] {processor.py:914} INFO - Processing file /home/airflow/.local/lib/python3.12/site-packages/airflow/example_dags/example_branch_operator_decorator.py for tasks to queue
[2024-11-11T03:27:45.548+0000] {logging_mixin.py:190} INFO - [2024-11-11T03:27:45.548+0000] {dagbag.py:588} INFO - Filling up the DagBag from /home/airflow/.local/lib/python3.12/site-packages/airflow/example_dags/example_branch_operator_decorator.py
[2024-11-11T03:27:45.559+0000] {processor.py:925} INFO - DAG(s) 'example_branch_python_operator_decorator' retrieved from /home/airflow/.local/lib/python3.12/site-packages/airflow/example_dags/example_branch_operator_decorator.py
[2024-11-11T03:27:45.574+0000] {logging_mixin.py:190} INFO - [2024-11-11T03:27:45.574+0000] {dag.py:3239} INFO - Sync 1 DAGs
[2024-11-11T03:27:45.587+0000] {logging_mixin.py:190} INFO - [2024-11-11T03:27:45.587+0000] {dag.py:4180} INFO - Setting next_dagrun for example_branch_python_operator_decorator to 2024-11-10 00:00:00+00:00, run_after=2024-11-11 00:00:00+00:00
[2024-11-11T03:27:45.597+0000] {processor.py:208} INFO - Processing /home/airflow/.local/lib/python3.12/site-packages/airflow/example_dags/example_branch_operator_decorator.py took 0.055 seconds
[2024-11-11T03:28:16.333+0000] {processor.py:186} INFO - Started process (PID=6501) to work on /home/airflow/.local/lib/python3.12/site-packages/airflow/example_dags/example_branch_operator_decorator.py
[2024-11-11T03:28:16.334+0000] {processor.py:914} INFO - Processing file /home/airflow/.local/lib/python3.12/site-packages/airflow/example_dags/example_branch_operator_decorator.py for tasks to queue
[2024-11-11T03:28:16.335+0000] {logging_mixin.py:190} INFO - [2024-11-11T03:28:16.335+0000] {dagbag.py:588} INFO - Filling up the DagBag from /home/airflow/.local/lib/python3.12/site-packages/airflow/example_dags/example_branch_operator_decorator.py
[2024-11-11T03:28:16.346+0000] {processor.py:925} INFO - DAG(s) 'example_branch_python_operator_decorator' retrieved from /home/airflow/.local/lib/python3.12/site-packages/airflow/example_dags/example_branch_operator_decorator.py
[2024-11-11T03:28:16.361+0000] {logging_mixin.py:190} INFO - [2024-11-11T03:28:16.361+0000] {dag.py:3239} INFO - Sync 1 DAGs
[2024-11-11T03:28:16.375+0000] {logging_mixin.py:190} INFO - [2024-11-11T03:28:16.374+0000] {dag.py:4180} INFO - Setting next_dagrun for example_branch_python_operator_decorator to 2024-11-10 00:00:00+00:00, run_after=2024-11-11 00:00:00+00:00
[2024-11-11T03:28:16.383+0000] {processor.py:208} INFO - Processing /home/airflow/.local/lib/python3.12/site-packages/airflow/example_dags/example_branch_operator_decorator.py took 0.054 seconds
[2024-11-11T03:28:47.124+0000] {processor.py:186} INFO - Started process (PID=6564) to work on /home/airflow/.local/lib/python3.12/site-packages/airflow/example_dags/example_branch_operator_decorator.py
[2024-11-11T03:28:47.124+0000] {processor.py:914} INFO - Processing file /home/airflow/.local/lib/python3.12/site-packages/airflow/example_dags/example_branch_operator_decorator.py for tasks to queue
[2024-11-11T03:28:47.126+0000] {logging_mixin.py:190} INFO - [2024-11-11T03:28:47.126+0000] {dagbag.py:588} INFO - Filling up the DagBag from /home/airflow/.local/lib/python3.12/site-packages/airflow/example_dags/example_branch_operator_decorator.py
[2024-11-11T03:28:47.136+0000] {processor.py:925} INFO - DAG(s) 'example_branch_python_operator_decorator' retrieved from /home/airflow/.local/lib/python3.12/site-packages/airflow/example_dags/example_branch_operator_decorator.py
[2024-11-11T03:28:47.149+0000] {logging_mixin.py:190} INFO - [2024-11-11T03:28:47.149+0000] {dag.py:3239} INFO - Sync 1 DAGs
[2024-11-11T03:28:47.160+0000] {logging_mixin.py:190} INFO - [2024-11-11T03:28:47.160+0000] {dag.py:4180} INFO - Setting next_dagrun for example_branch_python_operator_decorator to 2024-11-10 00:00:00+00:00, run_after=2024-11-11 00:00:00+00:00
[2024-11-11T03:28:47.167+0000] {processor.py:208} INFO - Processing /home/airflow/.local/lib/python3.12/site-packages/airflow/example_dags/example_branch_operator_decorator.py took 0.047 seconds
[2024-11-11T03:29:17.870+0000] {processor.py:186} INFO - Started process (PID=6627) to work on /home/airflow/.local/lib/python3.12/site-packages/airflow/example_dags/example_branch_operator_decorator.py
[2024-11-11T03:29:17.870+0000] {processor.py:914} INFO - Processing file /home/airflow/.local/lib/python3.12/site-packages/airflow/example_dags/example_branch_operator_decorator.py for tasks to queue
[2024-11-11T03:29:17.872+0000] {logging_mixin.py:190} INFO - [2024-11-11T03:29:17.872+0000] {dagbag.py:588} INFO - Filling up the DagBag from /home/airflow/.local/lib/python3.12/site-packages/airflow/example_dags/example_branch_operator_decorator.py
[2024-11-11T03:29:17.884+0000] {processor.py:925} INFO - DAG(s) 'example_branch_python_operator_decorator' retrieved from /home/airflow/.local/lib/python3.12/site-packages/airflow/example_dags/example_branch_operator_decorator.py
[2024-11-11T03:29:17.900+0000] {logging_mixin.py:190} INFO - [2024-11-11T03:29:17.899+0000] {dag.py:3239} INFO - Sync 1 DAGs
[2024-11-11T03:29:17.913+0000] {logging_mixin.py:190} INFO - [2024-11-11T03:29:17.912+0000] {dag.py:4180} INFO - Setting next_dagrun for example_branch_python_operator_decorator to 2024-11-10 00:00:00+00:00, run_after=2024-11-11 00:00:00+00:00
[2024-11-11T03:29:17.921+0000] {processor.py:208} INFO - Processing /home/airflow/.local/lib/python3.12/site-packages/airflow/example_dags/example_branch_operator_decorator.py took 0.054 seconds
[2024-11-11T03:29:48.812+0000] {processor.py:186} INFO - Started process (PID=6689) to work on /home/airflow/.local/lib/python3.12/site-packages/airflow/example_dags/example_branch_operator_decorator.py
[2024-11-11T03:29:48.813+0000] {processor.py:914} INFO - Processing file /home/airflow/.local/lib/python3.12/site-packages/airflow/example_dags/example_branch_operator_decorator.py for tasks to queue
[2024-11-11T03:29:48.814+0000] {logging_mixin.py:190} INFO - [2024-11-11T03:29:48.814+0000] {dagbag.py:588} INFO - Filling up the DagBag from /home/airflow/.local/lib/python3.12/site-packages/airflow/example_dags/example_branch_operator_decorator.py
[2024-11-11T03:29:48.825+0000] {processor.py:925} INFO - DAG(s) 'example_branch_python_operator_decorator' retrieved from /home/airflow/.local/lib/python3.12/site-packages/airflow/example_dags/example_branch_operator_decorator.py
[2024-11-11T03:29:48.841+0000] {logging_mixin.py:190} INFO - [2024-11-11T03:29:48.841+0000] {dag.py:3239} INFO - Sync 1 DAGs
[2024-11-11T03:29:48.854+0000] {logging_mixin.py:190} INFO - [2024-11-11T03:29:48.854+0000] {dag.py:4180} INFO - Setting next_dagrun for example_branch_python_operator_decorator to 2024-11-10 00:00:00+00:00, run_after=2024-11-11 00:00:00+00:00
[2024-11-11T03:29:48.865+0000] {processor.py:208} INFO - Processing /home/airflow/.local/lib/python3.12/site-packages/airflow/example_dags/example_branch_operator_decorator.py took 0.057 seconds
[2024-11-11T03:30:19.842+0000] {processor.py:186} INFO - Started process (PID=6752) to work on /home/airflow/.local/lib/python3.12/site-packages/airflow/example_dags/example_branch_operator_decorator.py
[2024-11-11T03:30:19.843+0000] {processor.py:914} INFO - Processing file /home/airflow/.local/lib/python3.12/site-packages/airflow/example_dags/example_branch_operator_decorator.py for tasks to queue
[2024-11-11T03:30:19.845+0000] {logging_mixin.py:190} INFO - [2024-11-11T03:30:19.845+0000] {dagbag.py:588} INFO - Filling up the DagBag from /home/airflow/.local/lib/python3.12/site-packages/airflow/example_dags/example_branch_operator_decorator.py
[2024-11-11T03:30:19.857+0000] {processor.py:925} INFO - DAG(s) 'example_branch_python_operator_decorator' retrieved from /home/airflow/.local/lib/python3.12/site-packages/airflow/example_dags/example_branch_operator_decorator.py
[2024-11-11T03:30:19.871+0000] {logging_mixin.py:190} INFO - [2024-11-11T03:30:19.871+0000] {dag.py:3239} INFO - Sync 1 DAGs
[2024-11-11T03:30:19.883+0000] {logging_mixin.py:190} INFO - [2024-11-11T03:30:19.883+0000] {dag.py:4180} INFO - Setting next_dagrun for example_branch_python_operator_decorator to 2024-11-10 00:00:00+00:00, run_after=2024-11-11 00:00:00+00:00
[2024-11-11T03:30:19.896+0000] {processor.py:208} INFO - Processing /home/airflow/.local/lib/python3.12/site-packages/airflow/example_dags/example_branch_operator_decorator.py took 0.057 seconds
[2024-11-11T03:30:50.988+0000] {processor.py:186} INFO - Started process (PID=6815) to work on /home/airflow/.local/lib/python3.12/site-packages/airflow/example_dags/example_branch_operator_decorator.py
[2024-11-11T03:30:50.989+0000] {processor.py:914} INFO - Processing file /home/airflow/.local/lib/python3.12/site-packages/airflow/example_dags/example_branch_operator_decorator.py for tasks to queue
[2024-11-11T03:30:50.991+0000] {logging_mixin.py:190} INFO - [2024-11-11T03:30:50.990+0000] {dagbag.py:588} INFO - Filling up the DagBag from /home/airflow/.local/lib/python3.12/site-packages/airflow/example_dags/example_branch_operator_decorator.py
[2024-11-11T03:30:51.003+0000] {processor.py:925} INFO - DAG(s) 'example_branch_python_operator_decorator' retrieved from /home/airflow/.local/lib/python3.12/site-packages/airflow/example_dags/example_branch_operator_decorator.py
[2024-11-11T03:30:51.018+0000] {logging_mixin.py:190} INFO - [2024-11-11T03:30:51.018+0000] {dag.py:3239} INFO - Sync 1 DAGs
[2024-11-11T03:30:51.031+0000] {logging_mixin.py:190} INFO - [2024-11-11T03:30:51.030+0000] {dag.py:4180} INFO - Setting next_dagrun for example_branch_python_operator_decorator to 2024-11-10 00:00:00+00:00, run_after=2024-11-11 00:00:00+00:00
[2024-11-11T03:30:51.039+0000] {processor.py:208} INFO - Processing /home/airflow/.local/lib/python3.12/site-packages/airflow/example_dags/example_branch_operator_decorator.py took 0.055 seconds
[2024-11-11T03:31:21.843+0000] {processor.py:186} INFO - Started process (PID=6878) to work on /home/airflow/.local/lib/python3.12/site-packages/airflow/example_dags/example_branch_operator_decorator.py
[2024-11-11T03:31:21.843+0000] {processor.py:914} INFO - Processing file /home/airflow/.local/lib/python3.12/site-packages/airflow/example_dags/example_branch_operator_decorator.py for tasks to queue
[2024-11-11T03:31:21.845+0000] {logging_mixin.py:190} INFO - [2024-11-11T03:31:21.845+0000] {dagbag.py:588} INFO - Filling up the DagBag from /home/airflow/.local/lib/python3.12/site-packages/airflow/example_dags/example_branch_operator_decorator.py
[2024-11-11T03:31:21.856+0000] {processor.py:925} INFO - DAG(s) 'example_branch_python_operator_decorator' retrieved from /home/airflow/.local/lib/python3.12/site-packages/airflow/example_dags/example_branch_operator_decorator.py
[2024-11-11T03:31:21.871+0000] {logging_mixin.py:190} INFO - [2024-11-11T03:31:21.870+0000] {dag.py:3239} INFO - Sync 1 DAGs
[2024-11-11T03:31:21.882+0000] {logging_mixin.py:190} INFO - [2024-11-11T03:31:21.882+0000] {dag.py:4180} INFO - Setting next_dagrun for example_branch_python_operator_decorator to 2024-11-10 00:00:00+00:00, run_after=2024-11-11 00:00:00+00:00
[2024-11-11T03:31:21.892+0000] {processor.py:208} INFO - Processing /home/airflow/.local/lib/python3.12/site-packages/airflow/example_dags/example_branch_operator_decorator.py took 0.053 seconds
[2024-11-11T03:31:52.790+0000] {processor.py:186} INFO - Started process (PID=6941) to work on /home/airflow/.local/lib/python3.12/site-packages/airflow/example_dags/example_branch_operator_decorator.py
[2024-11-11T03:31:52.791+0000] {processor.py:914} INFO - Processing file /home/airflow/.local/lib/python3.12/site-packages/airflow/example_dags/example_branch_operator_decorator.py for tasks to queue
[2024-11-11T03:31:52.793+0000] {logging_mixin.py:190} INFO - [2024-11-11T03:31:52.792+0000] {dagbag.py:588} INFO - Filling up the DagBag from /home/airflow/.local/lib/python3.12/site-packages/airflow/example_dags/example_branch_operator_decorator.py
[2024-11-11T03:31:52.804+0000] {processor.py:925} INFO - DAG(s) 'example_branch_python_operator_decorator' retrieved from /home/airflow/.local/lib/python3.12/site-packages/airflow/example_dags/example_branch_operator_decorator.py
[2024-11-11T03:31:52.820+0000] {logging_mixin.py:190} INFO - [2024-11-11T03:31:52.820+0000] {dag.py:3239} INFO - Sync 1 DAGs
[2024-11-11T03:31:52.834+0000] {logging_mixin.py:190} INFO - [2024-11-11T03:31:52.834+0000] {dag.py:4180} INFO - Setting next_dagrun for example_branch_python_operator_decorator to 2024-11-10 00:00:00+00:00, run_after=2024-11-11 00:00:00+00:00
[2024-11-11T03:31:52.845+0000] {processor.py:208} INFO - Processing /home/airflow/.local/lib/python3.12/site-packages/airflow/example_dags/example_branch_operator_decorator.py took 0.058 seconds
[2024-11-11T03:32:24.232+0000] {processor.py:186} INFO - Started process (PID=7004) to work on /home/airflow/.local/lib/python3.12/site-packages/airflow/example_dags/example_branch_operator_decorator.py
[2024-11-11T03:32:24.241+0000] {processor.py:914} INFO - Processing file /home/airflow/.local/lib/python3.12/site-packages/airflow/example_dags/example_branch_operator_decorator.py for tasks to queue
[2024-11-11T03:32:24.268+0000] {logging_mixin.py:190} INFO - [2024-11-11T03:32:24.267+0000] {dagbag.py:588} INFO - Filling up the DagBag from /home/airflow/.local/lib/python3.12/site-packages/airflow/example_dags/example_branch_operator_decorator.py
[2024-11-11T03:32:24.305+0000] {processor.py:925} INFO - DAG(s) 'example_branch_python_operator_decorator' retrieved from /home/airflow/.local/lib/python3.12/site-packages/airflow/example_dags/example_branch_operator_decorator.py
[2024-11-11T03:32:24.334+0000] {logging_mixin.py:190} INFO - [2024-11-11T03:32:24.334+0000] {dag.py:3239} INFO - Sync 1 DAGs
[2024-11-11T03:32:24.349+0000] {logging_mixin.py:190} INFO - [2024-11-11T03:32:24.349+0000] {dag.py:4180} INFO - Setting next_dagrun for example_branch_python_operator_decorator to 2024-11-10 00:00:00+00:00, run_after=2024-11-11 00:00:00+00:00
[2024-11-11T03:32:24.359+0000] {processor.py:208} INFO - Processing /home/airflow/.local/lib/python3.12/site-packages/airflow/example_dags/example_branch_operator_decorator.py took 0.132 seconds
[2024-11-11T03:32:55.184+0000] {processor.py:186} INFO - Started process (PID=7068) to work on /home/airflow/.local/lib/python3.12/site-packages/airflow/example_dags/example_branch_operator_decorator.py
[2024-11-11T03:32:55.185+0000] {processor.py:914} INFO - Processing file /home/airflow/.local/lib/python3.12/site-packages/airflow/example_dags/example_branch_operator_decorator.py for tasks to queue
[2024-11-11T03:32:55.186+0000] {logging_mixin.py:190} INFO - [2024-11-11T03:32:55.186+0000] {dagbag.py:588} INFO - Filling up the DagBag from /home/airflow/.local/lib/python3.12/site-packages/airflow/example_dags/example_branch_operator_decorator.py
[2024-11-11T03:32:55.197+0000] {processor.py:925} INFO - DAG(s) 'example_branch_python_operator_decorator' retrieved from /home/airflow/.local/lib/python3.12/site-packages/airflow/example_dags/example_branch_operator_decorator.py
[2024-11-11T03:32:55.211+0000] {logging_mixin.py:190} INFO - [2024-11-11T03:32:55.211+0000] {dag.py:3239} INFO - Sync 1 DAGs
[2024-11-11T03:32:55.223+0000] {logging_mixin.py:190} INFO - [2024-11-11T03:32:55.223+0000] {dag.py:4180} INFO - Setting next_dagrun for example_branch_python_operator_decorator to 2024-11-10 00:00:00+00:00, run_after=2024-11-11 00:00:00+00:00
[2024-11-11T03:32:55.232+0000] {processor.py:208} INFO - Processing /home/airflow/.local/lib/python3.12/site-packages/airflow/example_dags/example_branch_operator_decorator.py took 0.051 seconds
[2024-11-11T03:33:25.993+0000] {processor.py:186} INFO - Started process (PID=7131) to work on /home/airflow/.local/lib/python3.12/site-packages/airflow/example_dags/example_branch_operator_decorator.py
[2024-11-11T03:33:25.994+0000] {processor.py:914} INFO - Processing file /home/airflow/.local/lib/python3.12/site-packages/airflow/example_dags/example_branch_operator_decorator.py for tasks to queue
[2024-11-11T03:33:25.995+0000] {logging_mixin.py:190} INFO - [2024-11-11T03:33:25.995+0000] {dagbag.py:588} INFO - Filling up the DagBag from /home/airflow/.local/lib/python3.12/site-packages/airflow/example_dags/example_branch_operator_decorator.py
[2024-11-11T03:33:26.006+0000] {processor.py:925} INFO - DAG(s) 'example_branch_python_operator_decorator' retrieved from /home/airflow/.local/lib/python3.12/site-packages/airflow/example_dags/example_branch_operator_decorator.py
[2024-11-11T03:33:26.019+0000] {logging_mixin.py:190} INFO - [2024-11-11T03:33:26.019+0000] {dag.py:3239} INFO - Sync 1 DAGs
[2024-11-11T03:33:26.031+0000] {logging_mixin.py:190} INFO - [2024-11-11T03:33:26.031+0000] {dag.py:4180} INFO - Setting next_dagrun for example_branch_python_operator_decorator to 2024-11-10 00:00:00+00:00, run_after=2024-11-11 00:00:00+00:00
[2024-11-11T03:33:26.040+0000] {processor.py:208} INFO - Processing /home/airflow/.local/lib/python3.12/site-packages/airflow/example_dags/example_branch_operator_decorator.py took 0.050 seconds
[2024-11-11T03:33:56.677+0000] {processor.py:186} INFO - Started process (PID=7194) to work on /home/airflow/.local/lib/python3.12/site-packages/airflow/example_dags/example_branch_operator_decorator.py
[2024-11-11T03:33:56.678+0000] {processor.py:914} INFO - Processing file /home/airflow/.local/lib/python3.12/site-packages/airflow/example_dags/example_branch_operator_decorator.py for tasks to queue
[2024-11-11T03:33:56.679+0000] {logging_mixin.py:190} INFO - [2024-11-11T03:33:56.679+0000] {dagbag.py:588} INFO - Filling up the DagBag from /home/airflow/.local/lib/python3.12/site-packages/airflow/example_dags/example_branch_operator_decorator.py
[2024-11-11T03:33:56.690+0000] {processor.py:925} INFO - DAG(s) 'example_branch_python_operator_decorator' retrieved from /home/airflow/.local/lib/python3.12/site-packages/airflow/example_dags/example_branch_operator_decorator.py
[2024-11-11T03:33:56.704+0000] {logging_mixin.py:190} INFO - [2024-11-11T03:33:56.704+0000] {dag.py:3239} INFO - Sync 1 DAGs
[2024-11-11T03:33:56.717+0000] {logging_mixin.py:190} INFO - [2024-11-11T03:33:56.717+0000] {dag.py:4180} INFO - Setting next_dagrun for example_branch_python_operator_decorator to 2024-11-10 00:00:00+00:00, run_after=2024-11-11 00:00:00+00:00
[2024-11-11T03:33:56.725+0000] {processor.py:208} INFO - Processing /home/airflow/.local/lib/python3.12/site-packages/airflow/example_dags/example_branch_operator_decorator.py took 0.053 seconds
[2024-11-11T03:34:27.465+0000] {processor.py:186} INFO - Started process (PID=7256) to work on /home/airflow/.local/lib/python3.12/site-packages/airflow/example_dags/example_branch_operator_decorator.py
[2024-11-11T03:34:27.466+0000] {processor.py:914} INFO - Processing file /home/airflow/.local/lib/python3.12/site-packages/airflow/example_dags/example_branch_operator_decorator.py for tasks to queue
[2024-11-11T03:34:27.467+0000] {logging_mixin.py:190} INFO - [2024-11-11T03:34:27.467+0000] {dagbag.py:588} INFO - Filling up the DagBag from /home/airflow/.local/lib/python3.12/site-packages/airflow/example_dags/example_branch_operator_decorator.py
[2024-11-11T03:34:27.477+0000] {processor.py:925} INFO - DAG(s) 'example_branch_python_operator_decorator' retrieved from /home/airflow/.local/lib/python3.12/site-packages/airflow/example_dags/example_branch_operator_decorator.py
[2024-11-11T03:34:27.491+0000] {logging_mixin.py:190} INFO - [2024-11-11T03:34:27.491+0000] {dag.py:3239} INFO - Sync 1 DAGs
[2024-11-11T03:34:27.502+0000] {logging_mixin.py:190} INFO - [2024-11-11T03:34:27.502+0000] {dag.py:4180} INFO - Setting next_dagrun for example_branch_python_operator_decorator to 2024-11-10 00:00:00+00:00, run_after=2024-11-11 00:00:00+00:00
[2024-11-11T03:34:27.511+0000] {processor.py:208} INFO - Processing /home/airflow/.local/lib/python3.12/site-packages/airflow/example_dags/example_branch_operator_decorator.py took 0.050 seconds
[2024-11-11T03:34:58.295+0000] {processor.py:186} INFO - Started process (PID=7319) to work on /home/airflow/.local/lib/python3.12/site-packages/airflow/example_dags/example_branch_operator_decorator.py
[2024-11-11T03:34:58.296+0000] {processor.py:914} INFO - Processing file /home/airflow/.local/lib/python3.12/site-packages/airflow/example_dags/example_branch_operator_decorator.py for tasks to queue
[2024-11-11T03:34:58.297+0000] {logging_mixin.py:190} INFO - [2024-11-11T03:34:58.297+0000] {dagbag.py:588} INFO - Filling up the DagBag from /home/airflow/.local/lib/python3.12/site-packages/airflow/example_dags/example_branch_operator_decorator.py
[2024-11-11T03:34:58.307+0000] {processor.py:925} INFO - DAG(s) 'example_branch_python_operator_decorator' retrieved from /home/airflow/.local/lib/python3.12/site-packages/airflow/example_dags/example_branch_operator_decorator.py
[2024-11-11T03:34:58.320+0000] {logging_mixin.py:190} INFO - [2024-11-11T03:34:58.320+0000] {dag.py:3239} INFO - Sync 1 DAGs
[2024-11-11T03:34:58.331+0000] {logging_mixin.py:190} INFO - [2024-11-11T03:34:58.331+0000] {dag.py:4180} INFO - Setting next_dagrun for example_branch_python_operator_decorator to 2024-11-10 00:00:00+00:00, run_after=2024-11-11 00:00:00+00:00
[2024-11-11T03:34:58.338+0000] {processor.py:208} INFO - Processing /home/airflow/.local/lib/python3.12/site-packages/airflow/example_dags/example_branch_operator_decorator.py took 0.046 seconds
[2024-11-11T03:35:28.975+0000] {processor.py:186} INFO - Started process (PID=7382) to work on /home/airflow/.local/lib/python3.12/site-packages/airflow/example_dags/example_branch_operator_decorator.py
[2024-11-11T03:35:28.976+0000] {processor.py:914} INFO - Processing file /home/airflow/.local/lib/python3.12/site-packages/airflow/example_dags/example_branch_operator_decorator.py for tasks to queue
[2024-11-11T03:35:28.977+0000] {logging_mixin.py:190} INFO - [2024-11-11T03:35:28.977+0000] {dagbag.py:588} INFO - Filling up the DagBag from /home/airflow/.local/lib/python3.12/site-packages/airflow/example_dags/example_branch_operator_decorator.py
[2024-11-11T03:35:28.988+0000] {processor.py:925} INFO - DAG(s) 'example_branch_python_operator_decorator' retrieved from /home/airflow/.local/lib/python3.12/site-packages/airflow/example_dags/example_branch_operator_decorator.py
[2024-11-11T03:35:29.001+0000] {logging_mixin.py:190} INFO - [2024-11-11T03:35:29.001+0000] {dag.py:3239} INFO - Sync 1 DAGs
[2024-11-11T03:35:29.012+0000] {logging_mixin.py:190} INFO - [2024-11-11T03:35:29.012+0000] {dag.py:4180} INFO - Setting next_dagrun for example_branch_python_operator_decorator to 2024-11-10 00:00:00+00:00, run_after=2024-11-11 00:00:00+00:00
[2024-11-11T03:35:29.021+0000] {processor.py:208} INFO - Processing /home/airflow/.local/lib/python3.12/site-packages/airflow/example_dags/example_branch_operator_decorator.py took 0.049 seconds
[2024-11-11T03:35:59.657+0000] {processor.py:186} INFO - Started process (PID=7444) to work on /home/airflow/.local/lib/python3.12/site-packages/airflow/example_dags/example_branch_operator_decorator.py
[2024-11-11T03:35:59.658+0000] {processor.py:914} INFO - Processing file /home/airflow/.local/lib/python3.12/site-packages/airflow/example_dags/example_branch_operator_decorator.py for tasks to queue
[2024-11-11T03:35:59.659+0000] {logging_mixin.py:190} INFO - [2024-11-11T03:35:59.659+0000] {dagbag.py:588} INFO - Filling up the DagBag from /home/airflow/.local/lib/python3.12/site-packages/airflow/example_dags/example_branch_operator_decorator.py
[2024-11-11T03:35:59.670+0000] {processor.py:925} INFO - DAG(s) 'example_branch_python_operator_decorator' retrieved from /home/airflow/.local/lib/python3.12/site-packages/airflow/example_dags/example_branch_operator_decorator.py
[2024-11-11T03:35:59.684+0000] {logging_mixin.py:190} INFO - [2024-11-11T03:35:59.684+0000] {dag.py:3239} INFO - Sync 1 DAGs
[2024-11-11T03:35:59.696+0000] {logging_mixin.py:190} INFO - [2024-11-11T03:35:59.696+0000] {dag.py:4180} INFO - Setting next_dagrun for example_branch_python_operator_decorator to 2024-11-10 00:00:00+00:00, run_after=2024-11-11 00:00:00+00:00
[2024-11-11T03:35:59.705+0000] {processor.py:208} INFO - Processing /home/airflow/.local/lib/python3.12/site-packages/airflow/example_dags/example_branch_operator_decorator.py took 0.051 seconds
[2024-11-11T03:36:30.275+0000] {processor.py:186} INFO - Started process (PID=7507) to work on /home/airflow/.local/lib/python3.12/site-packages/airflow/example_dags/example_branch_operator_decorator.py
[2024-11-11T03:36:30.276+0000] {processor.py:914} INFO - Processing file /home/airflow/.local/lib/python3.12/site-packages/airflow/example_dags/example_branch_operator_decorator.py for tasks to queue
[2024-11-11T03:36:30.277+0000] {logging_mixin.py:190} INFO - [2024-11-11T03:36:30.277+0000] {dagbag.py:588} INFO - Filling up the DagBag from /home/airflow/.local/lib/python3.12/site-packages/airflow/example_dags/example_branch_operator_decorator.py
[2024-11-11T03:36:30.288+0000] {processor.py:925} INFO - DAG(s) 'example_branch_python_operator_decorator' retrieved from /home/airflow/.local/lib/python3.12/site-packages/airflow/example_dags/example_branch_operator_decorator.py
[2024-11-11T03:36:30.303+0000] {logging_mixin.py:190} INFO - [2024-11-11T03:36:30.303+0000] {dag.py:3239} INFO - Sync 1 DAGs
[2024-11-11T03:36:30.315+0000] {logging_mixin.py:190} INFO - [2024-11-11T03:36:30.315+0000] {dag.py:4180} INFO - Setting next_dagrun for example_branch_python_operator_decorator to 2024-11-10 00:00:00+00:00, run_after=2024-11-11 00:00:00+00:00
[2024-11-11T03:36:30.324+0000] {processor.py:208} INFO - Processing /home/airflow/.local/lib/python3.12/site-packages/airflow/example_dags/example_branch_operator_decorator.py took 0.052 seconds
[2024-11-11T03:37:01.093+0000] {processor.py:186} INFO - Started process (PID=7570) to work on /home/airflow/.local/lib/python3.12/site-packages/airflow/example_dags/example_branch_operator_decorator.py
[2024-11-11T03:37:01.094+0000] {processor.py:914} INFO - Processing file /home/airflow/.local/lib/python3.12/site-packages/airflow/example_dags/example_branch_operator_decorator.py for tasks to queue
[2024-11-11T03:37:01.096+0000] {logging_mixin.py:190} INFO - [2024-11-11T03:37:01.096+0000] {dagbag.py:588} INFO - Filling up the DagBag from /home/airflow/.local/lib/python3.12/site-packages/airflow/example_dags/example_branch_operator_decorator.py
[2024-11-11T03:37:01.106+0000] {processor.py:925} INFO - DAG(s) 'example_branch_python_operator_decorator' retrieved from /home/airflow/.local/lib/python3.12/site-packages/airflow/example_dags/example_branch_operator_decorator.py
[2024-11-11T03:37:01.120+0000] {logging_mixin.py:190} INFO - [2024-11-11T03:37:01.120+0000] {dag.py:3239} INFO - Sync 1 DAGs
[2024-11-11T03:37:01.132+0000] {logging_mixin.py:190} INFO - [2024-11-11T03:37:01.132+0000] {dag.py:4180} INFO - Setting next_dagrun for example_branch_python_operator_decorator to 2024-11-10 00:00:00+00:00, run_after=2024-11-11 00:00:00+00:00
[2024-11-11T03:37:01.141+0000] {processor.py:208} INFO - Processing /home/airflow/.local/lib/python3.12/site-packages/airflow/example_dags/example_branch_operator_decorator.py took 0.051 seconds
[2024-11-11T03:37:31.626+0000] {processor.py:186} INFO - Started process (PID=7638) to work on /home/airflow/.local/lib/python3.12/site-packages/airflow/example_dags/example_branch_operator_decorator.py
[2024-11-11T03:37:31.627+0000] {processor.py:914} INFO - Processing file /home/airflow/.local/lib/python3.12/site-packages/airflow/example_dags/example_branch_operator_decorator.py for tasks to queue
[2024-11-11T03:37:31.629+0000] {logging_mixin.py:190} INFO - [2024-11-11T03:37:31.628+0000] {dagbag.py:588} INFO - Filling up the DagBag from /home/airflow/.local/lib/python3.12/site-packages/airflow/example_dags/example_branch_operator_decorator.py
[2024-11-11T03:37:31.639+0000] {processor.py:925} INFO - DAG(s) 'example_branch_python_operator_decorator' retrieved from /home/airflow/.local/lib/python3.12/site-packages/airflow/example_dags/example_branch_operator_decorator.py
[2024-11-11T03:37:31.654+0000] {logging_mixin.py:190} INFO - [2024-11-11T03:37:31.654+0000] {dag.py:3239} INFO - Sync 1 DAGs
[2024-11-11T03:37:31.666+0000] {logging_mixin.py:190} INFO - [2024-11-11T03:37:31.665+0000] {dag.py:4180} INFO - Setting next_dagrun for example_branch_python_operator_decorator to 2024-11-10 00:00:00+00:00, run_after=2024-11-11 00:00:00+00:00
[2024-11-11T03:37:31.674+0000] {processor.py:208} INFO - Processing /home/airflow/.local/lib/python3.12/site-packages/airflow/example_dags/example_branch_operator_decorator.py took 0.051 seconds
[2024-11-11T03:38:02.267+0000] {processor.py:186} INFO - Started process (PID=7700) to work on /home/airflow/.local/lib/python3.12/site-packages/airflow/example_dags/example_branch_operator_decorator.py
[2024-11-11T03:38:02.267+0000] {processor.py:914} INFO - Processing file /home/airflow/.local/lib/python3.12/site-packages/airflow/example_dags/example_branch_operator_decorator.py for tasks to queue
[2024-11-11T03:38:02.269+0000] {logging_mixin.py:190} INFO - [2024-11-11T03:38:02.269+0000] {dagbag.py:588} INFO - Filling up the DagBag from /home/airflow/.local/lib/python3.12/site-packages/airflow/example_dags/example_branch_operator_decorator.py
[2024-11-11T03:38:02.279+0000] {processor.py:925} INFO - DAG(s) 'example_branch_python_operator_decorator' retrieved from /home/airflow/.local/lib/python3.12/site-packages/airflow/example_dags/example_branch_operator_decorator.py
[2024-11-11T03:38:02.293+0000] {logging_mixin.py:190} INFO - [2024-11-11T03:38:02.293+0000] {dag.py:3239} INFO - Sync 1 DAGs
[2024-11-11T03:38:02.304+0000] {logging_mixin.py:190} INFO - [2024-11-11T03:38:02.304+0000] {dag.py:4180} INFO - Setting next_dagrun for example_branch_python_operator_decorator to 2024-11-10 00:00:00+00:00, run_after=2024-11-11 00:00:00+00:00
[2024-11-11T03:38:02.313+0000] {processor.py:208} INFO - Processing /home/airflow/.local/lib/python3.12/site-packages/airflow/example_dags/example_branch_operator_decorator.py took 0.049 seconds
[2024-11-11T03:38:32.874+0000] {processor.py:186} INFO - Started process (PID=7763) to work on /home/airflow/.local/lib/python3.12/site-packages/airflow/example_dags/example_branch_operator_decorator.py
[2024-11-11T03:38:32.875+0000] {processor.py:914} INFO - Processing file /home/airflow/.local/lib/python3.12/site-packages/airflow/example_dags/example_branch_operator_decorator.py for tasks to queue
[2024-11-11T03:38:32.877+0000] {logging_mixin.py:190} INFO - [2024-11-11T03:38:32.876+0000] {dagbag.py:588} INFO - Filling up the DagBag from /home/airflow/.local/lib/python3.12/site-packages/airflow/example_dags/example_branch_operator_decorator.py
[2024-11-11T03:38:32.888+0000] {processor.py:925} INFO - DAG(s) 'example_branch_python_operator_decorator' retrieved from /home/airflow/.local/lib/python3.12/site-packages/airflow/example_dags/example_branch_operator_decorator.py
[2024-11-11T03:38:32.902+0000] {logging_mixin.py:190} INFO - [2024-11-11T03:38:32.902+0000] {dag.py:3239} INFO - Sync 1 DAGs
[2024-11-11T03:38:32.913+0000] {logging_mixin.py:190} INFO - [2024-11-11T03:38:32.913+0000] {dag.py:4180} INFO - Setting next_dagrun for example_branch_python_operator_decorator to 2024-11-10 00:00:00+00:00, run_after=2024-11-11 00:00:00+00:00
[2024-11-11T03:38:32.922+0000] {processor.py:208} INFO - Processing /home/airflow/.local/lib/python3.12/site-packages/airflow/example_dags/example_branch_operator_decorator.py took 0.051 seconds
[2024-11-11T03:39:03.550+0000] {processor.py:186} INFO - Started process (PID=7826) to work on /home/airflow/.local/lib/python3.12/site-packages/airflow/example_dags/example_branch_operator_decorator.py
[2024-11-11T03:39:03.551+0000] {processor.py:914} INFO - Processing file /home/airflow/.local/lib/python3.12/site-packages/airflow/example_dags/example_branch_operator_decorator.py for tasks to queue
[2024-11-11T03:39:03.553+0000] {logging_mixin.py:190} INFO - [2024-11-11T03:39:03.553+0000] {dagbag.py:588} INFO - Filling up the DagBag from /home/airflow/.local/lib/python3.12/site-packages/airflow/example_dags/example_branch_operator_decorator.py
[2024-11-11T03:39:03.564+0000] {processor.py:925} INFO - DAG(s) 'example_branch_python_operator_decorator' retrieved from /home/airflow/.local/lib/python3.12/site-packages/airflow/example_dags/example_branch_operator_decorator.py
[2024-11-11T03:39:03.578+0000] {logging_mixin.py:190} INFO - [2024-11-11T03:39:03.578+0000] {dag.py:3239} INFO - Sync 1 DAGs
[2024-11-11T03:39:03.589+0000] {logging_mixin.py:190} INFO - [2024-11-11T03:39:03.589+0000] {dag.py:4180} INFO - Setting next_dagrun for example_branch_python_operator_decorator to 2024-11-10 00:00:00+00:00, run_after=2024-11-11 00:00:00+00:00
[2024-11-11T03:39:03.597+0000] {processor.py:208} INFO - Processing /home/airflow/.local/lib/python3.12/site-packages/airflow/example_dags/example_branch_operator_decorator.py took 0.050 seconds
[2024-11-11T03:39:34.273+0000] {processor.py:186} INFO - Started process (PID=7889) to work on /home/airflow/.local/lib/python3.12/site-packages/airflow/example_dags/example_branch_operator_decorator.py
[2024-11-11T03:39:34.274+0000] {processor.py:914} INFO - Processing file /home/airflow/.local/lib/python3.12/site-packages/airflow/example_dags/example_branch_operator_decorator.py for tasks to queue
[2024-11-11T03:39:34.275+0000] {logging_mixin.py:190} INFO - [2024-11-11T03:39:34.275+0000] {dagbag.py:588} INFO - Filling up the DagBag from /home/airflow/.local/lib/python3.12/site-packages/airflow/example_dags/example_branch_operator_decorator.py
[2024-11-11T03:39:34.285+0000] {processor.py:925} INFO - DAG(s) 'example_branch_python_operator_decorator' retrieved from /home/airflow/.local/lib/python3.12/site-packages/airflow/example_dags/example_branch_operator_decorator.py
[2024-11-11T03:39:34.299+0000] {logging_mixin.py:190} INFO - [2024-11-11T03:39:34.299+0000] {dag.py:3239} INFO - Sync 1 DAGs
[2024-11-11T03:39:34.311+0000] {logging_mixin.py:190} INFO - [2024-11-11T03:39:34.311+0000] {dag.py:4180} INFO - Setting next_dagrun for example_branch_python_operator_decorator to 2024-11-10 00:00:00+00:00, run_after=2024-11-11 00:00:00+00:00
[2024-11-11T03:39:34.320+0000] {processor.py:208} INFO - Processing /home/airflow/.local/lib/python3.12/site-packages/airflow/example_dags/example_branch_operator_decorator.py took 0.051 seconds
[2024-11-11T03:40:04.895+0000] {processor.py:186} INFO - Started process (PID=7952) to work on /home/airflow/.local/lib/python3.12/site-packages/airflow/example_dags/example_branch_operator_decorator.py
[2024-11-11T03:40:04.896+0000] {processor.py:914} INFO - Processing file /home/airflow/.local/lib/python3.12/site-packages/airflow/example_dags/example_branch_operator_decorator.py for tasks to queue
[2024-11-11T03:40:04.898+0000] {logging_mixin.py:190} INFO - [2024-11-11T03:40:04.897+0000] {dagbag.py:588} INFO - Filling up the DagBag from /home/airflow/.local/lib/python3.12/site-packages/airflow/example_dags/example_branch_operator_decorator.py
[2024-11-11T03:40:04.908+0000] {processor.py:925} INFO - DAG(s) 'example_branch_python_operator_decorator' retrieved from /home/airflow/.local/lib/python3.12/site-packages/airflow/example_dags/example_branch_operator_decorator.py
[2024-11-11T03:40:04.923+0000] {logging_mixin.py:190} INFO - [2024-11-11T03:40:04.923+0000] {dag.py:3239} INFO - Sync 1 DAGs
[2024-11-11T03:40:04.935+0000] {logging_mixin.py:190} INFO - [2024-11-11T03:40:04.935+0000] {dag.py:4180} INFO - Setting next_dagrun for example_branch_python_operator_decorator to 2024-11-10 00:00:00+00:00, run_after=2024-11-11 00:00:00+00:00
[2024-11-11T03:40:04.944+0000] {processor.py:208} INFO - Processing /home/airflow/.local/lib/python3.12/site-packages/airflow/example_dags/example_branch_operator_decorator.py took 0.052 seconds
[2024-11-11T03:40:35.755+0000] {processor.py:186} INFO - Started process (PID=8015) to work on /home/airflow/.local/lib/python3.12/site-packages/airflow/example_dags/example_branch_operator_decorator.py
[2024-11-11T03:40:35.755+0000] {processor.py:914} INFO - Processing file /home/airflow/.local/lib/python3.12/site-packages/airflow/example_dags/example_branch_operator_decorator.py for tasks to queue
[2024-11-11T03:40:35.756+0000] {logging_mixin.py:190} INFO - [2024-11-11T03:40:35.756+0000] {dagbag.py:588} INFO - Filling up the DagBag from /home/airflow/.local/lib/python3.12/site-packages/airflow/example_dags/example_branch_operator_decorator.py
[2024-11-11T03:40:35.767+0000] {processor.py:925} INFO - DAG(s) 'example_branch_python_operator_decorator' retrieved from /home/airflow/.local/lib/python3.12/site-packages/airflow/example_dags/example_branch_operator_decorator.py
[2024-11-11T03:40:35.780+0000] {logging_mixin.py:190} INFO - [2024-11-11T03:40:35.780+0000] {dag.py:3239} INFO - Sync 1 DAGs
[2024-11-11T03:40:35.791+0000] {logging_mixin.py:190} INFO - [2024-11-11T03:40:35.791+0000] {dag.py:4180} INFO - Setting next_dagrun for example_branch_python_operator_decorator to 2024-11-10 00:00:00+00:00, run_after=2024-11-11 00:00:00+00:00
[2024-11-11T03:40:35.798+0000] {processor.py:208} INFO - Processing /home/airflow/.local/lib/python3.12/site-packages/airflow/example_dags/example_branch_operator_decorator.py took 0.047 seconds
[2024-11-11T03:41:06.649+0000] {processor.py:186} INFO - Started process (PID=8078) to work on /home/airflow/.local/lib/python3.12/site-packages/airflow/example_dags/example_branch_operator_decorator.py
[2024-11-11T03:41:06.650+0000] {processor.py:914} INFO - Processing file /home/airflow/.local/lib/python3.12/site-packages/airflow/example_dags/example_branch_operator_decorator.py for tasks to queue
[2024-11-11T03:41:06.651+0000] {logging_mixin.py:190} INFO - [2024-11-11T03:41:06.651+0000] {dagbag.py:588} INFO - Filling up the DagBag from /home/airflow/.local/lib/python3.12/site-packages/airflow/example_dags/example_branch_operator_decorator.py
[2024-11-11T03:41:06.662+0000] {processor.py:925} INFO - DAG(s) 'example_branch_python_operator_decorator' retrieved from /home/airflow/.local/lib/python3.12/site-packages/airflow/example_dags/example_branch_operator_decorator.py
[2024-11-11T03:41:06.676+0000] {logging_mixin.py:190} INFO - [2024-11-11T03:41:06.676+0000] {dag.py:3239} INFO - Sync 1 DAGs
[2024-11-11T03:41:06.689+0000] {logging_mixin.py:190} INFO - [2024-11-11T03:41:06.689+0000] {dag.py:4180} INFO - Setting next_dagrun for example_branch_python_operator_decorator to 2024-11-10 00:00:00+00:00, run_after=2024-11-11 00:00:00+00:00
[2024-11-11T03:41:06.698+0000] {processor.py:208} INFO - Processing /home/airflow/.local/lib/python3.12/site-packages/airflow/example_dags/example_branch_operator_decorator.py took 0.052 seconds
[2024-11-11T03:41:37.341+0000] {processor.py:186} INFO - Started process (PID=8140) to work on /home/airflow/.local/lib/python3.12/site-packages/airflow/example_dags/example_branch_operator_decorator.py
[2024-11-11T03:41:37.342+0000] {processor.py:914} INFO - Processing file /home/airflow/.local/lib/python3.12/site-packages/airflow/example_dags/example_branch_operator_decorator.py for tasks to queue
[2024-11-11T03:41:37.344+0000] {logging_mixin.py:190} INFO - [2024-11-11T03:41:37.344+0000] {dagbag.py:588} INFO - Filling up the DagBag from /home/airflow/.local/lib/python3.12/site-packages/airflow/example_dags/example_branch_operator_decorator.py
[2024-11-11T03:41:37.356+0000] {processor.py:925} INFO - DAG(s) 'example_branch_python_operator_decorator' retrieved from /home/airflow/.local/lib/python3.12/site-packages/airflow/example_dags/example_branch_operator_decorator.py
[2024-11-11T03:41:37.372+0000] {logging_mixin.py:190} INFO - [2024-11-11T03:41:37.372+0000] {dag.py:3239} INFO - Sync 1 DAGs
[2024-11-11T03:41:37.385+0000] {logging_mixin.py:190} INFO - [2024-11-11T03:41:37.385+0000] {dag.py:4180} INFO - Setting next_dagrun for example_branch_python_operator_decorator to 2024-11-10 00:00:00+00:00, run_after=2024-11-11 00:00:00+00:00
[2024-11-11T03:41:37.393+0000] {processor.py:208} INFO - Processing /home/airflow/.local/lib/python3.12/site-packages/airflow/example_dags/example_branch_operator_decorator.py took 0.056 seconds
[2024-11-11T03:42:08.227+0000] {processor.py:186} INFO - Started process (PID=8203) to work on /home/airflow/.local/lib/python3.12/site-packages/airflow/example_dags/example_branch_operator_decorator.py
[2024-11-11T03:42:08.227+0000] {processor.py:914} INFO - Processing file /home/airflow/.local/lib/python3.12/site-packages/airflow/example_dags/example_branch_operator_decorator.py for tasks to queue
[2024-11-11T03:42:08.229+0000] {logging_mixin.py:190} INFO - [2024-11-11T03:42:08.229+0000] {dagbag.py:588} INFO - Filling up the DagBag from /home/airflow/.local/lib/python3.12/site-packages/airflow/example_dags/example_branch_operator_decorator.py
[2024-11-11T03:42:08.239+0000] {processor.py:925} INFO - DAG(s) 'example_branch_python_operator_decorator' retrieved from /home/airflow/.local/lib/python3.12/site-packages/airflow/example_dags/example_branch_operator_decorator.py
[2024-11-11T03:42:08.253+0000] {logging_mixin.py:190} INFO - [2024-11-11T03:42:08.253+0000] {dag.py:3239} INFO - Sync 1 DAGs
[2024-11-11T03:42:08.263+0000] {logging_mixin.py:190} INFO - [2024-11-11T03:42:08.263+0000] {dag.py:4180} INFO - Setting next_dagrun for example_branch_python_operator_decorator to 2024-11-10 00:00:00+00:00, run_after=2024-11-11 00:00:00+00:00
[2024-11-11T03:42:08.270+0000] {processor.py:208} INFO - Processing /home/airflow/.local/lib/python3.12/site-packages/airflow/example_dags/example_branch_operator_decorator.py took 0.047 seconds
[2024-11-11T03:42:38.876+0000] {processor.py:186} INFO - Started process (PID=8266) to work on /home/airflow/.local/lib/python3.12/site-packages/airflow/example_dags/example_branch_operator_decorator.py
[2024-11-11T03:42:38.877+0000] {processor.py:914} INFO - Processing file /home/airflow/.local/lib/python3.12/site-packages/airflow/example_dags/example_branch_operator_decorator.py for tasks to queue
[2024-11-11T03:42:38.878+0000] {logging_mixin.py:190} INFO - [2024-11-11T03:42:38.878+0000] {dagbag.py:588} INFO - Filling up the DagBag from /home/airflow/.local/lib/python3.12/site-packages/airflow/example_dags/example_branch_operator_decorator.py
[2024-11-11T03:42:38.890+0000] {processor.py:925} INFO - DAG(s) 'example_branch_python_operator_decorator' retrieved from /home/airflow/.local/lib/python3.12/site-packages/airflow/example_dags/example_branch_operator_decorator.py
[2024-11-11T03:42:38.905+0000] {logging_mixin.py:190} INFO - [2024-11-11T03:42:38.905+0000] {dag.py:3239} INFO - Sync 1 DAGs
[2024-11-11T03:42:38.916+0000] {logging_mixin.py:190} INFO - [2024-11-11T03:42:38.916+0000] {dag.py:4180} INFO - Setting next_dagrun for example_branch_python_operator_decorator to 2024-11-10 00:00:00+00:00, run_after=2024-11-11 00:00:00+00:00
[2024-11-11T03:42:38.924+0000] {processor.py:208} INFO - Processing /home/airflow/.local/lib/python3.12/site-packages/airflow/example_dags/example_branch_operator_decorator.py took 0.051 seconds
[2024-11-11T03:43:09.598+0000] {processor.py:186} INFO - Started process (PID=8329) to work on /home/airflow/.local/lib/python3.12/site-packages/airflow/example_dags/example_branch_operator_decorator.py
[2024-11-11T03:43:09.598+0000] {processor.py:914} INFO - Processing file /home/airflow/.local/lib/python3.12/site-packages/airflow/example_dags/example_branch_operator_decorator.py for tasks to queue
[2024-11-11T03:43:09.600+0000] {logging_mixin.py:190} INFO - [2024-11-11T03:43:09.600+0000] {dagbag.py:588} INFO - Filling up the DagBag from /home/airflow/.local/lib/python3.12/site-packages/airflow/example_dags/example_branch_operator_decorator.py
[2024-11-11T03:43:09.611+0000] {processor.py:925} INFO - DAG(s) 'example_branch_python_operator_decorator' retrieved from /home/airflow/.local/lib/python3.12/site-packages/airflow/example_dags/example_branch_operator_decorator.py
[2024-11-11T03:43:09.625+0000] {logging_mixin.py:190} INFO - [2024-11-11T03:43:09.625+0000] {dag.py:3239} INFO - Sync 1 DAGs
[2024-11-11T03:43:09.637+0000] {logging_mixin.py:190} INFO - [2024-11-11T03:43:09.637+0000] {dag.py:4180} INFO - Setting next_dagrun for example_branch_python_operator_decorator to 2024-11-10 00:00:00+00:00, run_after=2024-11-11 00:00:00+00:00
[2024-11-11T03:43:09.645+0000] {processor.py:208} INFO - Processing /home/airflow/.local/lib/python3.12/site-packages/airflow/example_dags/example_branch_operator_decorator.py took 0.051 seconds
[2024-11-11T03:43:40.136+0000] {processor.py:186} INFO - Started process (PID=8392) to work on /home/airflow/.local/lib/python3.12/site-packages/airflow/example_dags/example_branch_operator_decorator.py
[2024-11-11T03:43:40.137+0000] {processor.py:914} INFO - Processing file /home/airflow/.local/lib/python3.12/site-packages/airflow/example_dags/example_branch_operator_decorator.py for tasks to queue
[2024-11-11T03:43:40.138+0000] {logging_mixin.py:190} INFO - [2024-11-11T03:43:40.138+0000] {dagbag.py:588} INFO - Filling up the DagBag from /home/airflow/.local/lib/python3.12/site-packages/airflow/example_dags/example_branch_operator_decorator.py
[2024-11-11T03:43:40.149+0000] {processor.py:925} INFO - DAG(s) 'example_branch_python_operator_decorator' retrieved from /home/airflow/.local/lib/python3.12/site-packages/airflow/example_dags/example_branch_operator_decorator.py
[2024-11-11T03:43:40.163+0000] {logging_mixin.py:190} INFO - [2024-11-11T03:43:40.163+0000] {dag.py:3239} INFO - Sync 1 DAGs
[2024-11-11T03:43:40.175+0000] {logging_mixin.py:190} INFO - [2024-11-11T03:43:40.175+0000] {dag.py:4180} INFO - Setting next_dagrun for example_branch_python_operator_decorator to 2024-11-10 00:00:00+00:00, run_after=2024-11-11 00:00:00+00:00
[2024-11-11T03:43:40.184+0000] {processor.py:208} INFO - Processing /home/airflow/.local/lib/python3.12/site-packages/airflow/example_dags/example_branch_operator_decorator.py took 0.051 seconds
[2024-11-11T03:44:10.845+0000] {processor.py:186} INFO - Started process (PID=8455) to work on /home/airflow/.local/lib/python3.12/site-packages/airflow/example_dags/example_branch_operator_decorator.py
[2024-11-11T03:44:10.846+0000] {processor.py:914} INFO - Processing file /home/airflow/.local/lib/python3.12/site-packages/airflow/example_dags/example_branch_operator_decorator.py for tasks to queue
[2024-11-11T03:44:10.847+0000] {logging_mixin.py:190} INFO - [2024-11-11T03:44:10.847+0000] {dagbag.py:588} INFO - Filling up the DagBag from /home/airflow/.local/lib/python3.12/site-packages/airflow/example_dags/example_branch_operator_decorator.py
[2024-11-11T03:44:10.858+0000] {processor.py:925} INFO - DAG(s) 'example_branch_python_operator_decorator' retrieved from /home/airflow/.local/lib/python3.12/site-packages/airflow/example_dags/example_branch_operator_decorator.py
[2024-11-11T03:44:10.872+0000] {logging_mixin.py:190} INFO - [2024-11-11T03:44:10.872+0000] {dag.py:3239} INFO - Sync 1 DAGs
[2024-11-11T03:44:10.884+0000] {logging_mixin.py:190} INFO - [2024-11-11T03:44:10.884+0000] {dag.py:4180} INFO - Setting next_dagrun for example_branch_python_operator_decorator to 2024-11-10 00:00:00+00:00, run_after=2024-11-11 00:00:00+00:00
[2024-11-11T03:44:10.892+0000] {processor.py:208} INFO - Processing /home/airflow/.local/lib/python3.12/site-packages/airflow/example_dags/example_branch_operator_decorator.py took 0.050 seconds
[2024-11-11T03:44:41.513+0000] {processor.py:186} INFO - Started process (PID=8518) to work on /home/airflow/.local/lib/python3.12/site-packages/airflow/example_dags/example_branch_operator_decorator.py
[2024-11-11T03:44:41.514+0000] {processor.py:914} INFO - Processing file /home/airflow/.local/lib/python3.12/site-packages/airflow/example_dags/example_branch_operator_decorator.py for tasks to queue
[2024-11-11T03:44:41.516+0000] {logging_mixin.py:190} INFO - [2024-11-11T03:44:41.515+0000] {dagbag.py:588} INFO - Filling up the DagBag from /home/airflow/.local/lib/python3.12/site-packages/airflow/example_dags/example_branch_operator_decorator.py
[2024-11-11T03:44:41.528+0000] {processor.py:925} INFO - DAG(s) 'example_branch_python_operator_decorator' retrieved from /home/airflow/.local/lib/python3.12/site-packages/airflow/example_dags/example_branch_operator_decorator.py
[2024-11-11T03:44:41.544+0000] {logging_mixin.py:190} INFO - [2024-11-11T03:44:41.544+0000] {dag.py:3239} INFO - Sync 1 DAGs
[2024-11-11T03:44:41.557+0000] {logging_mixin.py:190} INFO - [2024-11-11T03:44:41.557+0000] {dag.py:4180} INFO - Setting next_dagrun for example_branch_python_operator_decorator to 2024-11-10 00:00:00+00:00, run_after=2024-11-11 00:00:00+00:00
[2024-11-11T03:44:41.566+0000] {processor.py:208} INFO - Processing /home/airflow/.local/lib/python3.12/site-packages/airflow/example_dags/example_branch_operator_decorator.py took 0.057 seconds
[2024-11-11T03:45:12.389+0000] {processor.py:186} INFO - Started process (PID=8581) to work on /home/airflow/.local/lib/python3.12/site-packages/airflow/example_dags/example_branch_operator_decorator.py
[2024-11-11T03:45:12.390+0000] {processor.py:914} INFO - Processing file /home/airflow/.local/lib/python3.12/site-packages/airflow/example_dags/example_branch_operator_decorator.py for tasks to queue
[2024-11-11T03:45:12.391+0000] {logging_mixin.py:190} INFO - [2024-11-11T03:45:12.391+0000] {dagbag.py:588} INFO - Filling up the DagBag from /home/airflow/.local/lib/python3.12/site-packages/airflow/example_dags/example_branch_operator_decorator.py
[2024-11-11T03:45:12.402+0000] {processor.py:925} INFO - DAG(s) 'example_branch_python_operator_decorator' retrieved from /home/airflow/.local/lib/python3.12/site-packages/airflow/example_dags/example_branch_operator_decorator.py
[2024-11-11T03:45:12.416+0000] {logging_mixin.py:190} INFO - [2024-11-11T03:45:12.415+0000] {dag.py:3239} INFO - Sync 1 DAGs
[2024-11-11T03:45:12.426+0000] {logging_mixin.py:190} INFO - [2024-11-11T03:45:12.426+0000] {dag.py:4180} INFO - Setting next_dagrun for example_branch_python_operator_decorator to 2024-11-10 00:00:00+00:00, run_after=2024-11-11 00:00:00+00:00
[2024-11-11T03:45:12.434+0000] {processor.py:208} INFO - Processing /home/airflow/.local/lib/python3.12/site-packages/airflow/example_dags/example_branch_operator_decorator.py took 0.048 seconds
[2024-11-11T03:45:42.863+0000] {processor.py:186} INFO - Started process (PID=8644) to work on /home/airflow/.local/lib/python3.12/site-packages/airflow/example_dags/example_branch_operator_decorator.py
[2024-11-11T03:45:42.864+0000] {processor.py:914} INFO - Processing file /home/airflow/.local/lib/python3.12/site-packages/airflow/example_dags/example_branch_operator_decorator.py for tasks to queue
[2024-11-11T03:45:42.865+0000] {logging_mixin.py:190} INFO - [2024-11-11T03:45:42.865+0000] {dagbag.py:588} INFO - Filling up the DagBag from /home/airflow/.local/lib/python3.12/site-packages/airflow/example_dags/example_branch_operator_decorator.py
[2024-11-11T03:45:42.876+0000] {processor.py:925} INFO - DAG(s) 'example_branch_python_operator_decorator' retrieved from /home/airflow/.local/lib/python3.12/site-packages/airflow/example_dags/example_branch_operator_decorator.py
[2024-11-11T03:45:42.890+0000] {logging_mixin.py:190} INFO - [2024-11-11T03:45:42.889+0000] {dag.py:3239} INFO - Sync 1 DAGs
[2024-11-11T03:45:42.902+0000] {logging_mixin.py:190} INFO - [2024-11-11T03:45:42.902+0000] {dag.py:4180} INFO - Setting next_dagrun for example_branch_python_operator_decorator to 2024-11-10 00:00:00+00:00, run_after=2024-11-11 00:00:00+00:00
[2024-11-11T03:45:42.910+0000] {processor.py:208} INFO - Processing /home/airflow/.local/lib/python3.12/site-packages/airflow/example_dags/example_branch_operator_decorator.py took 0.050 seconds
[2024-11-11T03:46:13.614+0000] {processor.py:186} INFO - Started process (PID=8707) to work on /home/airflow/.local/lib/python3.12/site-packages/airflow/example_dags/example_branch_operator_decorator.py
[2024-11-11T03:46:13.615+0000] {processor.py:914} INFO - Processing file /home/airflow/.local/lib/python3.12/site-packages/airflow/example_dags/example_branch_operator_decorator.py for tasks to queue
[2024-11-11T03:46:13.616+0000] {logging_mixin.py:190} INFO - [2024-11-11T03:46:13.616+0000] {dagbag.py:588} INFO - Filling up the DagBag from /home/airflow/.local/lib/python3.12/site-packages/airflow/example_dags/example_branch_operator_decorator.py
[2024-11-11T03:46:13.627+0000] {processor.py:925} INFO - DAG(s) 'example_branch_python_operator_decorator' retrieved from /home/airflow/.local/lib/python3.12/site-packages/airflow/example_dags/example_branch_operator_decorator.py
[2024-11-11T03:46:13.640+0000] {logging_mixin.py:190} INFO - [2024-11-11T03:46:13.640+0000] {dag.py:3239} INFO - Sync 1 DAGs
[2024-11-11T03:46:13.652+0000] {logging_mixin.py:190} INFO - [2024-11-11T03:46:13.652+0000] {dag.py:4180} INFO - Setting next_dagrun for example_branch_python_operator_decorator to 2024-11-10 00:00:00+00:00, run_after=2024-11-11 00:00:00+00:00
[2024-11-11T03:46:13.661+0000] {processor.py:208} INFO - Processing /home/airflow/.local/lib/python3.12/site-packages/airflow/example_dags/example_branch_operator_decorator.py took 0.050 seconds
[2024-11-11T03:46:44.124+0000] {processor.py:186} INFO - Started process (PID=8770) to work on /home/airflow/.local/lib/python3.12/site-packages/airflow/example_dags/example_branch_operator_decorator.py
[2024-11-11T03:46:44.125+0000] {processor.py:914} INFO - Processing file /home/airflow/.local/lib/python3.12/site-packages/airflow/example_dags/example_branch_operator_decorator.py for tasks to queue
[2024-11-11T03:46:44.126+0000] {logging_mixin.py:190} INFO - [2024-11-11T03:46:44.126+0000] {dagbag.py:588} INFO - Filling up the DagBag from /home/airflow/.local/lib/python3.12/site-packages/airflow/example_dags/example_branch_operator_decorator.py
[2024-11-11T03:46:44.137+0000] {processor.py:925} INFO - DAG(s) 'example_branch_python_operator_decorator' retrieved from /home/airflow/.local/lib/python3.12/site-packages/airflow/example_dags/example_branch_operator_decorator.py
[2024-11-11T03:46:44.151+0000] {logging_mixin.py:190} INFO - [2024-11-11T03:46:44.151+0000] {dag.py:3239} INFO - Sync 1 DAGs
[2024-11-11T03:46:44.163+0000] {logging_mixin.py:190} INFO - [2024-11-11T03:46:44.163+0000] {dag.py:4180} INFO - Setting next_dagrun for example_branch_python_operator_decorator to 2024-11-10 00:00:00+00:00, run_after=2024-11-11 00:00:00+00:00
[2024-11-11T03:46:44.172+0000] {processor.py:208} INFO - Processing /home/airflow/.local/lib/python3.12/site-packages/airflow/example_dags/example_branch_operator_decorator.py took 0.051 seconds
[2024-11-11T03:47:14.672+0000] {processor.py:186} INFO - Started process (PID=8833) to work on /home/airflow/.local/lib/python3.12/site-packages/airflow/example_dags/example_branch_operator_decorator.py
[2024-11-11T03:47:14.673+0000] {processor.py:914} INFO - Processing file /home/airflow/.local/lib/python3.12/site-packages/airflow/example_dags/example_branch_operator_decorator.py for tasks to queue
[2024-11-11T03:47:14.674+0000] {logging_mixin.py:190} INFO - [2024-11-11T03:47:14.674+0000] {dagbag.py:588} INFO - Filling up the DagBag from /home/airflow/.local/lib/python3.12/site-packages/airflow/example_dags/example_branch_operator_decorator.py
[2024-11-11T03:47:14.685+0000] {processor.py:925} INFO - DAG(s) 'example_branch_python_operator_decorator' retrieved from /home/airflow/.local/lib/python3.12/site-packages/airflow/example_dags/example_branch_operator_decorator.py
[2024-11-11T03:47:14.699+0000] {logging_mixin.py:190} INFO - [2024-11-11T03:47:14.698+0000] {dag.py:3239} INFO - Sync 1 DAGs
[2024-11-11T03:47:14.709+0000] {logging_mixin.py:190} INFO - [2024-11-11T03:47:14.709+0000] {dag.py:4180} INFO - Setting next_dagrun for example_branch_python_operator_decorator to 2024-11-10 00:00:00+00:00, run_after=2024-11-11 00:00:00+00:00
[2024-11-11T03:47:14.718+0000] {processor.py:208} INFO - Processing /home/airflow/.local/lib/python3.12/site-packages/airflow/example_dags/example_branch_operator_decorator.py took 0.050 seconds
[2024-11-11T03:47:45.149+0000] {processor.py:186} INFO - Started process (PID=8896) to work on /home/airflow/.local/lib/python3.12/site-packages/airflow/example_dags/example_branch_operator_decorator.py
[2024-11-11T03:47:45.149+0000] {processor.py:914} INFO - Processing file /home/airflow/.local/lib/python3.12/site-packages/airflow/example_dags/example_branch_operator_decorator.py for tasks to queue
[2024-11-11T03:47:45.151+0000] {logging_mixin.py:190} INFO - [2024-11-11T03:47:45.151+0000] {dagbag.py:588} INFO - Filling up the DagBag from /home/airflow/.local/lib/python3.12/site-packages/airflow/example_dags/example_branch_operator_decorator.py
[2024-11-11T03:47:45.161+0000] {processor.py:925} INFO - DAG(s) 'example_branch_python_operator_decorator' retrieved from /home/airflow/.local/lib/python3.12/site-packages/airflow/example_dags/example_branch_operator_decorator.py
[2024-11-11T03:47:45.175+0000] {logging_mixin.py:190} INFO - [2024-11-11T03:47:45.174+0000] {dag.py:3239} INFO - Sync 1 DAGs
[2024-11-11T03:47:45.185+0000] {logging_mixin.py:190} INFO - [2024-11-11T03:47:45.185+0000] {dag.py:4180} INFO - Setting next_dagrun for example_branch_python_operator_decorator to 2024-11-10 00:00:00+00:00, run_after=2024-11-11 00:00:00+00:00
[2024-11-11T03:47:45.193+0000] {processor.py:208} INFO - Processing /home/airflow/.local/lib/python3.12/site-packages/airflow/example_dags/example_branch_operator_decorator.py took 0.048 seconds
[2024-11-11T03:48:15.655+0000] {processor.py:186} INFO - Started process (PID=8958) to work on /home/airflow/.local/lib/python3.12/site-packages/airflow/example_dags/example_branch_operator_decorator.py
[2024-11-11T03:48:15.656+0000] {processor.py:914} INFO - Processing file /home/airflow/.local/lib/python3.12/site-packages/airflow/example_dags/example_branch_operator_decorator.py for tasks to queue
[2024-11-11T03:48:15.658+0000] {logging_mixin.py:190} INFO - [2024-11-11T03:48:15.657+0000] {dagbag.py:588} INFO - Filling up the DagBag from /home/airflow/.local/lib/python3.12/site-packages/airflow/example_dags/example_branch_operator_decorator.py
[2024-11-11T03:48:15.669+0000] {processor.py:925} INFO - DAG(s) 'example_branch_python_operator_decorator' retrieved from /home/airflow/.local/lib/python3.12/site-packages/airflow/example_dags/example_branch_operator_decorator.py
[2024-11-11T03:48:15.683+0000] {logging_mixin.py:190} INFO - [2024-11-11T03:48:15.683+0000] {dag.py:3239} INFO - Sync 1 DAGs
[2024-11-11T03:48:15.694+0000] {logging_mixin.py:190} INFO - [2024-11-11T03:48:15.694+0000] {dag.py:4180} INFO - Setting next_dagrun for example_branch_python_operator_decorator to 2024-11-10 00:00:00+00:00, run_after=2024-11-11 00:00:00+00:00
[2024-11-11T03:48:15.702+0000] {processor.py:208} INFO - Processing /home/airflow/.local/lib/python3.12/site-packages/airflow/example_dags/example_branch_operator_decorator.py took 0.050 seconds
[2024-11-11T03:48:46.602+0000] {processor.py:186} INFO - Started process (PID=9022) to work on /home/airflow/.local/lib/python3.12/site-packages/airflow/example_dags/example_branch_operator_decorator.py
[2024-11-11T03:48:46.602+0000] {processor.py:914} INFO - Processing file /home/airflow/.local/lib/python3.12/site-packages/airflow/example_dags/example_branch_operator_decorator.py for tasks to queue
[2024-11-11T03:48:46.603+0000] {logging_mixin.py:190} INFO - [2024-11-11T03:48:46.603+0000] {dagbag.py:588} INFO - Filling up the DagBag from /home/airflow/.local/lib/python3.12/site-packages/airflow/example_dags/example_branch_operator_decorator.py
[2024-11-11T03:48:46.614+0000] {processor.py:925} INFO - DAG(s) 'example_branch_python_operator_decorator' retrieved from /home/airflow/.local/lib/python3.12/site-packages/airflow/example_dags/example_branch_operator_decorator.py
[2024-11-11T03:48:46.628+0000] {logging_mixin.py:190} INFO - [2024-11-11T03:48:46.628+0000] {dag.py:3239} INFO - Sync 1 DAGs
[2024-11-11T03:48:46.638+0000] {logging_mixin.py:190} INFO - [2024-11-11T03:48:46.638+0000] {dag.py:4180} INFO - Setting next_dagrun for example_branch_python_operator_decorator to 2024-11-10 00:00:00+00:00, run_after=2024-11-11 00:00:00+00:00
[2024-11-11T03:48:46.646+0000] {processor.py:208} INFO - Processing /home/airflow/.local/lib/python3.12/site-packages/airflow/example_dags/example_branch_operator_decorator.py took 0.048 seconds
[2024-11-11T03:49:17.276+0000] {processor.py:186} INFO - Started process (PID=9085) to work on /home/airflow/.local/lib/python3.12/site-packages/airflow/example_dags/example_branch_operator_decorator.py
[2024-11-11T03:49:17.277+0000] {processor.py:914} INFO - Processing file /home/airflow/.local/lib/python3.12/site-packages/airflow/example_dags/example_branch_operator_decorator.py for tasks to queue
[2024-11-11T03:49:17.278+0000] {logging_mixin.py:190} INFO - [2024-11-11T03:49:17.278+0000] {dagbag.py:588} INFO - Filling up the DagBag from /home/airflow/.local/lib/python3.12/site-packages/airflow/example_dags/example_branch_operator_decorator.py
[2024-11-11T03:49:17.289+0000] {processor.py:925} INFO - DAG(s) 'example_branch_python_operator_decorator' retrieved from /home/airflow/.local/lib/python3.12/site-packages/airflow/example_dags/example_branch_operator_decorator.py
[2024-11-11T03:49:17.303+0000] {logging_mixin.py:190} INFO - [2024-11-11T03:49:17.302+0000] {dag.py:3239} INFO - Sync 1 DAGs
[2024-11-11T03:49:17.315+0000] {logging_mixin.py:190} INFO - [2024-11-11T03:49:17.315+0000] {dag.py:4180} INFO - Setting next_dagrun for example_branch_python_operator_decorator to 2024-11-10 00:00:00+00:00, run_after=2024-11-11 00:00:00+00:00
[2024-11-11T03:49:17.323+0000] {processor.py:208} INFO - Processing /home/airflow/.local/lib/python3.12/site-packages/airflow/example_dags/example_branch_operator_decorator.py took 0.050 seconds
[2024-11-11T03:59:42.829+0000] {processor.py:186} INFO - Started process (PID=9148) to work on /home/airflow/.local/lib/python3.12/site-packages/airflow/example_dags/example_branch_operator_decorator.py
[2024-11-11T03:59:42.830+0000] {processor.py:914} INFO - Processing file /home/airflow/.local/lib/python3.12/site-packages/airflow/example_dags/example_branch_operator_decorator.py for tasks to queue
[2024-11-11T03:59:42.831+0000] {logging_mixin.py:190} INFO - [2024-11-11T03:59:42.831+0000] {dagbag.py:588} INFO - Filling up the DagBag from /home/airflow/.local/lib/python3.12/site-packages/airflow/example_dags/example_branch_operator_decorator.py
[2024-11-11T03:59:42.841+0000] {processor.py:925} INFO - DAG(s) 'example_branch_python_operator_decorator' retrieved from /home/airflow/.local/lib/python3.12/site-packages/airflow/example_dags/example_branch_operator_decorator.py
[2024-11-11T03:59:42.854+0000] {logging_mixin.py:190} INFO - [2024-11-11T03:59:42.854+0000] {dag.py:3239} INFO - Sync 1 DAGs
[2024-11-11T03:59:42.865+0000] {logging_mixin.py:190} INFO - [2024-11-11T03:59:42.865+0000] {dag.py:4180} INFO - Setting next_dagrun for example_branch_python_operator_decorator to 2024-11-10 00:00:00+00:00, run_after=2024-11-11 00:00:00+00:00
[2024-11-11T03:59:42.873+0000] {processor.py:208} INFO - Processing /home/airflow/.local/lib/python3.12/site-packages/airflow/example_dags/example_branch_operator_decorator.py took 0.047 seconds
[2024-11-11T04:00:13.510+0000] {processor.py:186} INFO - Started process (PID=9211) to work on /home/airflow/.local/lib/python3.12/site-packages/airflow/example_dags/example_branch_operator_decorator.py
[2024-11-11T04:00:13.511+0000] {processor.py:914} INFO - Processing file /home/airflow/.local/lib/python3.12/site-packages/airflow/example_dags/example_branch_operator_decorator.py for tasks to queue
[2024-11-11T04:00:13.512+0000] {logging_mixin.py:190} INFO - [2024-11-11T04:00:13.512+0000] {dagbag.py:588} INFO - Filling up the DagBag from /home/airflow/.local/lib/python3.12/site-packages/airflow/example_dags/example_branch_operator_decorator.py
[2024-11-11T04:00:13.522+0000] {processor.py:925} INFO - DAG(s) 'example_branch_python_operator_decorator' retrieved from /home/airflow/.local/lib/python3.12/site-packages/airflow/example_dags/example_branch_operator_decorator.py
[2024-11-11T04:00:13.536+0000] {logging_mixin.py:190} INFO - [2024-11-11T04:00:13.536+0000] {dag.py:3239} INFO - Sync 1 DAGs
[2024-11-11T04:00:13.548+0000] {logging_mixin.py:190} INFO - [2024-11-11T04:00:13.548+0000] {dag.py:4180} INFO - Setting next_dagrun for example_branch_python_operator_decorator to 2024-11-10 00:00:00+00:00, run_after=2024-11-11 00:00:00+00:00
[2024-11-11T04:00:13.557+0000] {processor.py:208} INFO - Processing /home/airflow/.local/lib/python3.12/site-packages/airflow/example_dags/example_branch_operator_decorator.py took 0.050 seconds
[2024-11-11T04:00:44.359+0000] {processor.py:186} INFO - Started process (PID=9274) to work on /home/airflow/.local/lib/python3.12/site-packages/airflow/example_dags/example_branch_operator_decorator.py
[2024-11-11T04:00:44.360+0000] {processor.py:914} INFO - Processing file /home/airflow/.local/lib/python3.12/site-packages/airflow/example_dags/example_branch_operator_decorator.py for tasks to queue
[2024-11-11T04:00:44.361+0000] {logging_mixin.py:190} INFO - [2024-11-11T04:00:44.361+0000] {dagbag.py:588} INFO - Filling up the DagBag from /home/airflow/.local/lib/python3.12/site-packages/airflow/example_dags/example_branch_operator_decorator.py
[2024-11-11T04:00:44.372+0000] {processor.py:925} INFO - DAG(s) 'example_branch_python_operator_decorator' retrieved from /home/airflow/.local/lib/python3.12/site-packages/airflow/example_dags/example_branch_operator_decorator.py
[2024-11-11T04:00:44.388+0000] {logging_mixin.py:190} INFO - [2024-11-11T04:00:44.387+0000] {dag.py:3239} INFO - Sync 1 DAGs
[2024-11-11T04:00:44.401+0000] {logging_mixin.py:190} INFO - [2024-11-11T04:00:44.401+0000] {dag.py:4180} INFO - Setting next_dagrun for example_branch_python_operator_decorator to 2024-11-10 00:00:00+00:00, run_after=2024-11-11 00:00:00+00:00
[2024-11-11T04:00:44.410+0000] {processor.py:208} INFO - Processing /home/airflow/.local/lib/python3.12/site-packages/airflow/example_dags/example_branch_operator_decorator.py took 0.054 seconds
[2024-11-11T04:01:14.988+0000] {processor.py:186} INFO - Started process (PID=9337) to work on /home/airflow/.local/lib/python3.12/site-packages/airflow/example_dags/example_branch_operator_decorator.py
[2024-11-11T04:01:14.988+0000] {processor.py:914} INFO - Processing file /home/airflow/.local/lib/python3.12/site-packages/airflow/example_dags/example_branch_operator_decorator.py for tasks to queue
[2024-11-11T04:01:14.990+0000] {logging_mixin.py:190} INFO - [2024-11-11T04:01:14.990+0000] {dagbag.py:588} INFO - Filling up the DagBag from /home/airflow/.local/lib/python3.12/site-packages/airflow/example_dags/example_branch_operator_decorator.py
[2024-11-11T04:01:15.001+0000] {processor.py:925} INFO - DAG(s) 'example_branch_python_operator_decorator' retrieved from /home/airflow/.local/lib/python3.12/site-packages/airflow/example_dags/example_branch_operator_decorator.py
[2024-11-11T04:01:15.015+0000] {logging_mixin.py:190} INFO - [2024-11-11T04:01:15.015+0000] {dag.py:3239} INFO - Sync 1 DAGs
[2024-11-11T04:01:15.027+0000] {logging_mixin.py:190} INFO - [2024-11-11T04:01:15.027+0000] {dag.py:4180} INFO - Setting next_dagrun for example_branch_python_operator_decorator to 2024-11-10 00:00:00+00:00, run_after=2024-11-11 00:00:00+00:00
[2024-11-11T04:01:15.037+0000] {processor.py:208} INFO - Processing /home/airflow/.local/lib/python3.12/site-packages/airflow/example_dags/example_branch_operator_decorator.py took 0.053 seconds
[2024-11-11T04:01:45.823+0000] {processor.py:186} INFO - Started process (PID=9400) to work on /home/airflow/.local/lib/python3.12/site-packages/airflow/example_dags/example_branch_operator_decorator.py
[2024-11-11T04:01:45.823+0000] {processor.py:914} INFO - Processing file /home/airflow/.local/lib/python3.12/site-packages/airflow/example_dags/example_branch_operator_decorator.py for tasks to queue
[2024-11-11T04:01:45.825+0000] {logging_mixin.py:190} INFO - [2024-11-11T04:01:45.824+0000] {dagbag.py:588} INFO - Filling up the DagBag from /home/airflow/.local/lib/python3.12/site-packages/airflow/example_dags/example_branch_operator_decorator.py
[2024-11-11T04:01:45.835+0000] {processor.py:925} INFO - DAG(s) 'example_branch_python_operator_decorator' retrieved from /home/airflow/.local/lib/python3.12/site-packages/airflow/example_dags/example_branch_operator_decorator.py
[2024-11-11T04:01:45.848+0000] {logging_mixin.py:190} INFO - [2024-11-11T04:01:45.848+0000] {dag.py:3239} INFO - Sync 1 DAGs
[2024-11-11T04:01:45.859+0000] {logging_mixin.py:190} INFO - [2024-11-11T04:01:45.859+0000] {dag.py:4180} INFO - Setting next_dagrun for example_branch_python_operator_decorator to 2024-11-10 00:00:00+00:00, run_after=2024-11-11 00:00:00+00:00
[2024-11-11T04:01:45.867+0000] {processor.py:208} INFO - Processing /home/airflow/.local/lib/python3.12/site-packages/airflow/example_dags/example_branch_operator_decorator.py took 0.047 seconds
[2024-11-11T04:02:16.740+0000] {processor.py:186} INFO - Started process (PID=9463) to work on /home/airflow/.local/lib/python3.12/site-packages/airflow/example_dags/example_branch_operator_decorator.py
[2024-11-11T04:02:16.741+0000] {processor.py:914} INFO - Processing file /home/airflow/.local/lib/python3.12/site-packages/airflow/example_dags/example_branch_operator_decorator.py for tasks to queue
[2024-11-11T04:02:16.742+0000] {logging_mixin.py:190} INFO - [2024-11-11T04:02:16.742+0000] {dagbag.py:588} INFO - Filling up the DagBag from /home/airflow/.local/lib/python3.12/site-packages/airflow/example_dags/example_branch_operator_decorator.py
[2024-11-11T04:02:16.753+0000] {processor.py:925} INFO - DAG(s) 'example_branch_python_operator_decorator' retrieved from /home/airflow/.local/lib/python3.12/site-packages/airflow/example_dags/example_branch_operator_decorator.py
[2024-11-11T04:02:16.768+0000] {logging_mixin.py:190} INFO - [2024-11-11T04:02:16.768+0000] {dag.py:3239} INFO - Sync 1 DAGs
[2024-11-11T04:02:16.781+0000] {logging_mixin.py:190} INFO - [2024-11-11T04:02:16.781+0000] {dag.py:4180} INFO - Setting next_dagrun for example_branch_python_operator_decorator to 2024-11-10 00:00:00+00:00, run_after=2024-11-11 00:00:00+00:00
[2024-11-11T04:02:16.790+0000] {processor.py:208} INFO - Processing /home/airflow/.local/lib/python3.12/site-packages/airflow/example_dags/example_branch_operator_decorator.py took 0.053 seconds
[2024-11-11T04:02:47.422+0000] {processor.py:186} INFO - Started process (PID=9526) to work on /home/airflow/.local/lib/python3.12/site-packages/airflow/example_dags/example_branch_operator_decorator.py
[2024-11-11T04:02:47.422+0000] {processor.py:914} INFO - Processing file /home/airflow/.local/lib/python3.12/site-packages/airflow/example_dags/example_branch_operator_decorator.py for tasks to queue
[2024-11-11T04:02:47.424+0000] {logging_mixin.py:190} INFO - [2024-11-11T04:02:47.424+0000] {dagbag.py:588} INFO - Filling up the DagBag from /home/airflow/.local/lib/python3.12/site-packages/airflow/example_dags/example_branch_operator_decorator.py
[2024-11-11T04:02:47.434+0000] {processor.py:925} INFO - DAG(s) 'example_branch_python_operator_decorator' retrieved from /home/airflow/.local/lib/python3.12/site-packages/airflow/example_dags/example_branch_operator_decorator.py
[2024-11-11T04:02:47.447+0000] {logging_mixin.py:190} INFO - [2024-11-11T04:02:47.447+0000] {dag.py:3239} INFO - Sync 1 DAGs
[2024-11-11T04:02:47.458+0000] {logging_mixin.py:190} INFO - [2024-11-11T04:02:47.458+0000] {dag.py:4180} INFO - Setting next_dagrun for example_branch_python_operator_decorator to 2024-11-10 00:00:00+00:00, run_after=2024-11-11 00:00:00+00:00
[2024-11-11T04:02:47.466+0000] {processor.py:208} INFO - Processing /home/airflow/.local/lib/python3.12/site-packages/airflow/example_dags/example_branch_operator_decorator.py took 0.047 seconds
[2024-11-11T04:03:18.088+0000] {processor.py:186} INFO - Started process (PID=9589) to work on /home/airflow/.local/lib/python3.12/site-packages/airflow/example_dags/example_branch_operator_decorator.py
[2024-11-11T04:03:18.089+0000] {processor.py:914} INFO - Processing file /home/airflow/.local/lib/python3.12/site-packages/airflow/example_dags/example_branch_operator_decorator.py for tasks to queue
[2024-11-11T04:03:18.091+0000] {logging_mixin.py:190} INFO - [2024-11-11T04:03:18.090+0000] {dagbag.py:588} INFO - Filling up the DagBag from /home/airflow/.local/lib/python3.12/site-packages/airflow/example_dags/example_branch_operator_decorator.py
[2024-11-11T04:03:18.101+0000] {processor.py:925} INFO - DAG(s) 'example_branch_python_operator_decorator' retrieved from /home/airflow/.local/lib/python3.12/site-packages/airflow/example_dags/example_branch_operator_decorator.py
[2024-11-11T04:03:18.115+0000] {logging_mixin.py:190} INFO - [2024-11-11T04:03:18.115+0000] {dag.py:3239} INFO - Sync 1 DAGs
[2024-11-11T04:03:18.127+0000] {logging_mixin.py:190} INFO - [2024-11-11T04:03:18.127+0000] {dag.py:4180} INFO - Setting next_dagrun for example_branch_python_operator_decorator to 2024-11-10 00:00:00+00:00, run_after=2024-11-11 00:00:00+00:00
[2024-11-11T04:03:18.136+0000] {processor.py:208} INFO - Processing /home/airflow/.local/lib/python3.12/site-packages/airflow/example_dags/example_branch_operator_decorator.py took 0.051 seconds
[2024-11-11T04:03:48.981+0000] {processor.py:186} INFO - Started process (PID=9652) to work on /home/airflow/.local/lib/python3.12/site-packages/airflow/example_dags/example_branch_operator_decorator.py
[2024-11-11T04:03:48.982+0000] {processor.py:914} INFO - Processing file /home/airflow/.local/lib/python3.12/site-packages/airflow/example_dags/example_branch_operator_decorator.py for tasks to queue
[2024-11-11T04:03:48.983+0000] {logging_mixin.py:190} INFO - [2024-11-11T04:03:48.983+0000] {dagbag.py:588} INFO - Filling up the DagBag from /home/airflow/.local/lib/python3.12/site-packages/airflow/example_dags/example_branch_operator_decorator.py
[2024-11-11T04:03:48.994+0000] {processor.py:925} INFO - DAG(s) 'example_branch_python_operator_decorator' retrieved from /home/airflow/.local/lib/python3.12/site-packages/airflow/example_dags/example_branch_operator_decorator.py
[2024-11-11T04:03:49.007+0000] {logging_mixin.py:190} INFO - [2024-11-11T04:03:49.007+0000] {dag.py:3239} INFO - Sync 1 DAGs
[2024-11-11T04:03:49.018+0000] {logging_mixin.py:190} INFO - [2024-11-11T04:03:49.018+0000] {dag.py:4180} INFO - Setting next_dagrun for example_branch_python_operator_decorator to 2024-11-10 00:00:00+00:00, run_after=2024-11-11 00:00:00+00:00
[2024-11-11T04:03:49.025+0000] {processor.py:208} INFO - Processing /home/airflow/.local/lib/python3.12/site-packages/airflow/example_dags/example_branch_operator_decorator.py took 0.048 seconds
[2024-11-11T04:04:19.962+0000] {processor.py:186} INFO - Started process (PID=9715) to work on /home/airflow/.local/lib/python3.12/site-packages/airflow/example_dags/example_branch_operator_decorator.py
[2024-11-11T04:04:19.963+0000] {processor.py:914} INFO - Processing file /home/airflow/.local/lib/python3.12/site-packages/airflow/example_dags/example_branch_operator_decorator.py for tasks to queue
[2024-11-11T04:04:19.964+0000] {logging_mixin.py:190} INFO - [2024-11-11T04:04:19.964+0000] {dagbag.py:588} INFO - Filling up the DagBag from /home/airflow/.local/lib/python3.12/site-packages/airflow/example_dags/example_branch_operator_decorator.py
[2024-11-11T04:04:19.997+0000] {processor.py:925} INFO - DAG(s) 'example_branch_python_operator_decorator' retrieved from /home/airflow/.local/lib/python3.12/site-packages/airflow/example_dags/example_branch_operator_decorator.py
[2024-11-11T04:04:20.021+0000] {logging_mixin.py:190} INFO - [2024-11-11T04:04:20.021+0000] {dag.py:3239} INFO - Sync 1 DAGs
[2024-11-11T04:04:20.036+0000] {logging_mixin.py:190} INFO - [2024-11-11T04:04:20.036+0000] {dag.py:4180} INFO - Setting next_dagrun for example_branch_python_operator_decorator to 2024-11-10 00:00:00+00:00, run_after=2024-11-11 00:00:00+00:00
[2024-11-11T04:04:20.046+0000] {processor.py:208} INFO - Processing /home/airflow/.local/lib/python3.12/site-packages/airflow/example_dags/example_branch_operator_decorator.py took 0.088 seconds
[2024-11-11T04:04:50.909+0000] {processor.py:186} INFO - Started process (PID=9778) to work on /home/airflow/.local/lib/python3.12/site-packages/airflow/example_dags/example_branch_operator_decorator.py
[2024-11-11T04:04:50.909+0000] {processor.py:914} INFO - Processing file /home/airflow/.local/lib/python3.12/site-packages/airflow/example_dags/example_branch_operator_decorator.py for tasks to queue
[2024-11-11T04:04:50.911+0000] {logging_mixin.py:190} INFO - [2024-11-11T04:04:50.911+0000] {dagbag.py:588} INFO - Filling up the DagBag from /home/airflow/.local/lib/python3.12/site-packages/airflow/example_dags/example_branch_operator_decorator.py
[2024-11-11T04:04:50.923+0000] {processor.py:925} INFO - DAG(s) 'example_branch_python_operator_decorator' retrieved from /home/airflow/.local/lib/python3.12/site-packages/airflow/example_dags/example_branch_operator_decorator.py
[2024-11-11T04:04:50.936+0000] {logging_mixin.py:190} INFO - [2024-11-11T04:04:50.936+0000] {dag.py:3239} INFO - Sync 1 DAGs
[2024-11-11T04:04:50.948+0000] {logging_mixin.py:190} INFO - [2024-11-11T04:04:50.948+0000] {dag.py:4180} INFO - Setting next_dagrun for example_branch_python_operator_decorator to 2024-11-10 00:00:00+00:00, run_after=2024-11-11 00:00:00+00:00
[2024-11-11T04:04:50.956+0000] {processor.py:208} INFO - Processing /home/airflow/.local/lib/python3.12/site-packages/airflow/example_dags/example_branch_operator_decorator.py took 0.052 seconds
[2024-11-11T04:05:21.656+0000] {processor.py:186} INFO - Started process (PID=9841) to work on /home/airflow/.local/lib/python3.12/site-packages/airflow/example_dags/example_branch_operator_decorator.py
[2024-11-11T04:05:21.657+0000] {processor.py:914} INFO - Processing file /home/airflow/.local/lib/python3.12/site-packages/airflow/example_dags/example_branch_operator_decorator.py for tasks to queue
[2024-11-11T04:05:21.658+0000] {logging_mixin.py:190} INFO - [2024-11-11T04:05:21.658+0000] {dagbag.py:588} INFO - Filling up the DagBag from /home/airflow/.local/lib/python3.12/site-packages/airflow/example_dags/example_branch_operator_decorator.py
[2024-11-11T04:05:21.669+0000] {processor.py:925} INFO - DAG(s) 'example_branch_python_operator_decorator' retrieved from /home/airflow/.local/lib/python3.12/site-packages/airflow/example_dags/example_branch_operator_decorator.py
[2024-11-11T04:05:21.683+0000] {logging_mixin.py:190} INFO - [2024-11-11T04:05:21.682+0000] {dag.py:3239} INFO - Sync 1 DAGs
[2024-11-11T04:05:21.695+0000] {logging_mixin.py:190} INFO - [2024-11-11T04:05:21.695+0000] {dag.py:4180} INFO - Setting next_dagrun for example_branch_python_operator_decorator to 2024-11-10 00:00:00+00:00, run_after=2024-11-11 00:00:00+00:00
[2024-11-11T04:05:21.704+0000] {processor.py:208} INFO - Processing /home/airflow/.local/lib/python3.12/site-packages/airflow/example_dags/example_branch_operator_decorator.py took 0.050 seconds
[2024-11-11T04:05:52.279+0000] {processor.py:186} INFO - Started process (PID=9904) to work on /home/airflow/.local/lib/python3.12/site-packages/airflow/example_dags/example_branch_operator_decorator.py
[2024-11-11T04:05:52.280+0000] {processor.py:914} INFO - Processing file /home/airflow/.local/lib/python3.12/site-packages/airflow/example_dags/example_branch_operator_decorator.py for tasks to queue
[2024-11-11T04:05:52.281+0000] {logging_mixin.py:190} INFO - [2024-11-11T04:05:52.281+0000] {dagbag.py:588} INFO - Filling up the DagBag from /home/airflow/.local/lib/python3.12/site-packages/airflow/example_dags/example_branch_operator_decorator.py
[2024-11-11T04:05:52.291+0000] {processor.py:925} INFO - DAG(s) 'example_branch_python_operator_decorator' retrieved from /home/airflow/.local/lib/python3.12/site-packages/airflow/example_dags/example_branch_operator_decorator.py
[2024-11-11T04:05:52.305+0000] {logging_mixin.py:190} INFO - [2024-11-11T04:05:52.305+0000] {dag.py:3239} INFO - Sync 1 DAGs
[2024-11-11T04:05:52.317+0000] {logging_mixin.py:190} INFO - [2024-11-11T04:05:52.317+0000] {dag.py:4180} INFO - Setting next_dagrun for example_branch_python_operator_decorator to 2024-11-10 00:00:00+00:00, run_after=2024-11-11 00:00:00+00:00
[2024-11-11T04:05:52.326+0000] {processor.py:208} INFO - Processing /home/airflow/.local/lib/python3.12/site-packages/airflow/example_dags/example_branch_operator_decorator.py took 0.051 seconds
[2024-11-11T04:06:23.065+0000] {processor.py:186} INFO - Started process (PID=9967) to work on /home/airflow/.local/lib/python3.12/site-packages/airflow/example_dags/example_branch_operator_decorator.py
[2024-11-11T04:06:23.066+0000] {processor.py:914} INFO - Processing file /home/airflow/.local/lib/python3.12/site-packages/airflow/example_dags/example_branch_operator_decorator.py for tasks to queue
[2024-11-11T04:06:23.067+0000] {logging_mixin.py:190} INFO - [2024-11-11T04:06:23.067+0000] {dagbag.py:588} INFO - Filling up the DagBag from /home/airflow/.local/lib/python3.12/site-packages/airflow/example_dags/example_branch_operator_decorator.py
[2024-11-11T04:06:23.078+0000] {processor.py:925} INFO - DAG(s) 'example_branch_python_operator_decorator' retrieved from /home/airflow/.local/lib/python3.12/site-packages/airflow/example_dags/example_branch_operator_decorator.py
[2024-11-11T04:06:23.091+0000] {logging_mixin.py:190} INFO - [2024-11-11T04:06:23.091+0000] {dag.py:3239} INFO - Sync 1 DAGs
[2024-11-11T04:06:23.104+0000] {logging_mixin.py:190} INFO - [2024-11-11T04:06:23.104+0000] {dag.py:4180} INFO - Setting next_dagrun for example_branch_python_operator_decorator to 2024-11-10 00:00:00+00:00, run_after=2024-11-11 00:00:00+00:00
[2024-11-11T04:06:23.112+0000] {processor.py:208} INFO - Processing /home/airflow/.local/lib/python3.12/site-packages/airflow/example_dags/example_branch_operator_decorator.py took 0.051 seconds
[2024-11-11T04:06:53.881+0000] {processor.py:186} INFO - Started process (PID=10030) to work on /home/airflow/.local/lib/python3.12/site-packages/airflow/example_dags/example_branch_operator_decorator.py
[2024-11-11T04:06:53.882+0000] {processor.py:914} INFO - Processing file /home/airflow/.local/lib/python3.12/site-packages/airflow/example_dags/example_branch_operator_decorator.py for tasks to queue
[2024-11-11T04:06:53.884+0000] {logging_mixin.py:190} INFO - [2024-11-11T04:06:53.883+0000] {dagbag.py:588} INFO - Filling up the DagBag from /home/airflow/.local/lib/python3.12/site-packages/airflow/example_dags/example_branch_operator_decorator.py
[2024-11-11T04:06:53.895+0000] {processor.py:925} INFO - DAG(s) 'example_branch_python_operator_decorator' retrieved from /home/airflow/.local/lib/python3.12/site-packages/airflow/example_dags/example_branch_operator_decorator.py
[2024-11-11T04:06:53.909+0000] {logging_mixin.py:190} INFO - [2024-11-11T04:06:53.909+0000] {dag.py:3239} INFO - Sync 1 DAGs
[2024-11-11T04:06:53.921+0000] {logging_mixin.py:190} INFO - [2024-11-11T04:06:53.921+0000] {dag.py:4180} INFO - Setting next_dagrun for example_branch_python_operator_decorator to 2024-11-10 00:00:00+00:00, run_after=2024-11-11 00:00:00+00:00
[2024-11-11T04:06:53.931+0000] {processor.py:208} INFO - Processing /home/airflow/.local/lib/python3.12/site-packages/airflow/example_dags/example_branch_operator_decorator.py took 0.054 seconds
[2024-11-11T04:07:24.590+0000] {processor.py:186} INFO - Started process (PID=10093) to work on /home/airflow/.local/lib/python3.12/site-packages/airflow/example_dags/example_branch_operator_decorator.py
[2024-11-11T04:07:24.590+0000] {processor.py:914} INFO - Processing file /home/airflow/.local/lib/python3.12/site-packages/airflow/example_dags/example_branch_operator_decorator.py for tasks to queue
[2024-11-11T04:07:24.592+0000] {logging_mixin.py:190} INFO - [2024-11-11T04:07:24.592+0000] {dagbag.py:588} INFO - Filling up the DagBag from /home/airflow/.local/lib/python3.12/site-packages/airflow/example_dags/example_branch_operator_decorator.py
[2024-11-11T04:07:24.602+0000] {processor.py:925} INFO - DAG(s) 'example_branch_python_operator_decorator' retrieved from /home/airflow/.local/lib/python3.12/site-packages/airflow/example_dags/example_branch_operator_decorator.py
[2024-11-11T04:07:24.617+0000] {logging_mixin.py:190} INFO - [2024-11-11T04:07:24.616+0000] {dag.py:3239} INFO - Sync 1 DAGs
[2024-11-11T04:07:24.627+0000] {logging_mixin.py:190} INFO - [2024-11-11T04:07:24.627+0000] {dag.py:4180} INFO - Setting next_dagrun for example_branch_python_operator_decorator to 2024-11-10 00:00:00+00:00, run_after=2024-11-11 00:00:00+00:00
[2024-11-11T04:07:24.635+0000] {processor.py:208} INFO - Processing /home/airflow/.local/lib/python3.12/site-packages/airflow/example_dags/example_branch_operator_decorator.py took 0.049 seconds
[2024-11-11T04:07:55.476+0000] {processor.py:186} INFO - Started process (PID=10156) to work on /home/airflow/.local/lib/python3.12/site-packages/airflow/example_dags/example_branch_operator_decorator.py
[2024-11-11T04:07:55.476+0000] {processor.py:914} INFO - Processing file /home/airflow/.local/lib/python3.12/site-packages/airflow/example_dags/example_branch_operator_decorator.py for tasks to queue
[2024-11-11T04:07:55.478+0000] {logging_mixin.py:190} INFO - [2024-11-11T04:07:55.478+0000] {dagbag.py:588} INFO - Filling up the DagBag from /home/airflow/.local/lib/python3.12/site-packages/airflow/example_dags/example_branch_operator_decorator.py
[2024-11-11T04:07:55.488+0000] {processor.py:925} INFO - DAG(s) 'example_branch_python_operator_decorator' retrieved from /home/airflow/.local/lib/python3.12/site-packages/airflow/example_dags/example_branch_operator_decorator.py
[2024-11-11T04:07:55.502+0000] {logging_mixin.py:190} INFO - [2024-11-11T04:07:55.502+0000] {dag.py:3239} INFO - Sync 1 DAGs
[2024-11-11T04:07:55.515+0000] {logging_mixin.py:190} INFO - [2024-11-11T04:07:55.515+0000] {dag.py:4180} INFO - Setting next_dagrun for example_branch_python_operator_decorator to 2024-11-10 00:00:00+00:00, run_after=2024-11-11 00:00:00+00:00
[2024-11-11T04:07:55.524+0000] {processor.py:208} INFO - Processing /home/airflow/.local/lib/python3.12/site-packages/airflow/example_dags/example_branch_operator_decorator.py took 0.052 seconds
[2024-11-11T04:08:26.277+0000] {processor.py:186} INFO - Started process (PID=10219) to work on /home/airflow/.local/lib/python3.12/site-packages/airflow/example_dags/example_branch_operator_decorator.py
[2024-11-11T04:08:26.277+0000] {processor.py:914} INFO - Processing file /home/airflow/.local/lib/python3.12/site-packages/airflow/example_dags/example_branch_operator_decorator.py for tasks to queue
[2024-11-11T04:08:26.279+0000] {logging_mixin.py:190} INFO - [2024-11-11T04:08:26.279+0000] {dagbag.py:588} INFO - Filling up the DagBag from /home/airflow/.local/lib/python3.12/site-packages/airflow/example_dags/example_branch_operator_decorator.py
[2024-11-11T04:08:26.289+0000] {processor.py:925} INFO - DAG(s) 'example_branch_python_operator_decorator' retrieved from /home/airflow/.local/lib/python3.12/site-packages/airflow/example_dags/example_branch_operator_decorator.py
[2024-11-11T04:08:26.302+0000] {logging_mixin.py:190} INFO - [2024-11-11T04:08:26.302+0000] {dag.py:3239} INFO - Sync 1 DAGs
[2024-11-11T04:08:26.312+0000] {logging_mixin.py:190} INFO - [2024-11-11T04:08:26.312+0000] {dag.py:4180} INFO - Setting next_dagrun for example_branch_python_operator_decorator to 2024-11-10 00:00:00+00:00, run_after=2024-11-11 00:00:00+00:00
[2024-11-11T04:08:26.320+0000] {processor.py:208} INFO - Processing /home/airflow/.local/lib/python3.12/site-packages/airflow/example_dags/example_branch_operator_decorator.py took 0.047 seconds
[2024-11-11T04:08:56.931+0000] {processor.py:186} INFO - Started process (PID=10282) to work on /home/airflow/.local/lib/python3.12/site-packages/airflow/example_dags/example_branch_operator_decorator.py
[2024-11-11T04:08:56.931+0000] {processor.py:914} INFO - Processing file /home/airflow/.local/lib/python3.12/site-packages/airflow/example_dags/example_branch_operator_decorator.py for tasks to queue
[2024-11-11T04:08:56.933+0000] {logging_mixin.py:190} INFO - [2024-11-11T04:08:56.932+0000] {dagbag.py:588} INFO - Filling up the DagBag from /home/airflow/.local/lib/python3.12/site-packages/airflow/example_dags/example_branch_operator_decorator.py
[2024-11-11T04:08:56.944+0000] {processor.py:925} INFO - DAG(s) 'example_branch_python_operator_decorator' retrieved from /home/airflow/.local/lib/python3.12/site-packages/airflow/example_dags/example_branch_operator_decorator.py
[2024-11-11T04:08:56.958+0000] {logging_mixin.py:190} INFO - [2024-11-11T04:08:56.958+0000] {dag.py:3239} INFO - Sync 1 DAGs
[2024-11-11T04:08:56.970+0000] {logging_mixin.py:190} INFO - [2024-11-11T04:08:56.970+0000] {dag.py:4180} INFO - Setting next_dagrun for example_branch_python_operator_decorator to 2024-11-10 00:00:00+00:00, run_after=2024-11-11 00:00:00+00:00
[2024-11-11T04:08:56.978+0000] {processor.py:208} INFO - Processing /home/airflow/.local/lib/python3.12/site-packages/airflow/example_dags/example_branch_operator_decorator.py took 0.051 seconds
[2024-11-11T04:09:27.500+0000] {processor.py:186} INFO - Started process (PID=10345) to work on /home/airflow/.local/lib/python3.12/site-packages/airflow/example_dags/example_branch_operator_decorator.py
[2024-11-11T04:09:27.500+0000] {processor.py:914} INFO - Processing file /home/airflow/.local/lib/python3.12/site-packages/airflow/example_dags/example_branch_operator_decorator.py for tasks to queue
[2024-11-11T04:09:27.502+0000] {logging_mixin.py:190} INFO - [2024-11-11T04:09:27.502+0000] {dagbag.py:588} INFO - Filling up the DagBag from /home/airflow/.local/lib/python3.12/site-packages/airflow/example_dags/example_branch_operator_decorator.py
[2024-11-11T04:09:27.513+0000] {processor.py:925} INFO - DAG(s) 'example_branch_python_operator_decorator' retrieved from /home/airflow/.local/lib/python3.12/site-packages/airflow/example_dags/example_branch_operator_decorator.py
[2024-11-11T04:09:27.528+0000] {logging_mixin.py:190} INFO - [2024-11-11T04:09:27.527+0000] {dag.py:3239} INFO - Sync 1 DAGs
[2024-11-11T04:09:27.539+0000] {logging_mixin.py:190} INFO - [2024-11-11T04:09:27.538+0000] {dag.py:4180} INFO - Setting next_dagrun for example_branch_python_operator_decorator to 2024-11-10 00:00:00+00:00, run_after=2024-11-11 00:00:00+00:00
[2024-11-11T04:09:27.546+0000] {processor.py:208} INFO - Processing /home/airflow/.local/lib/python3.12/site-packages/airflow/example_dags/example_branch_operator_decorator.py took 0.051 seconds
[2024-11-11T04:09:58.986+0000] {processor.py:186} INFO - Started process (PID=10408) to work on /home/airflow/.local/lib/python3.12/site-packages/airflow/example_dags/example_branch_operator_decorator.py
[2024-11-11T04:09:58.986+0000] {processor.py:914} INFO - Processing file /home/airflow/.local/lib/python3.12/site-packages/airflow/example_dags/example_branch_operator_decorator.py for tasks to queue
[2024-11-11T04:09:58.988+0000] {logging_mixin.py:190} INFO - [2024-11-11T04:09:58.988+0000] {dagbag.py:588} INFO - Filling up the DagBag from /home/airflow/.local/lib/python3.12/site-packages/airflow/example_dags/example_branch_operator_decorator.py
[2024-11-11T04:09:58.998+0000] {processor.py:925} INFO - DAG(s) 'example_branch_python_operator_decorator' retrieved from /home/airflow/.local/lib/python3.12/site-packages/airflow/example_dags/example_branch_operator_decorator.py
[2024-11-11T04:09:59.012+0000] {logging_mixin.py:190} INFO - [2024-11-11T04:09:59.012+0000] {dag.py:3239} INFO - Sync 1 DAGs
[2024-11-11T04:09:59.024+0000] {logging_mixin.py:190} INFO - [2024-11-11T04:09:59.024+0000] {dag.py:4180} INFO - Setting next_dagrun for example_branch_python_operator_decorator to 2024-11-10 00:00:00+00:00, run_after=2024-11-11 00:00:00+00:00
[2024-11-11T04:09:59.033+0000] {processor.py:208} INFO - Processing /home/airflow/.local/lib/python3.12/site-packages/airflow/example_dags/example_branch_operator_decorator.py took 0.051 seconds
[2024-11-11T04:10:30.345+0000] {processor.py:186} INFO - Started process (PID=10471) to work on /home/airflow/.local/lib/python3.12/site-packages/airflow/example_dags/example_branch_operator_decorator.py
[2024-11-11T04:10:30.345+0000] {processor.py:914} INFO - Processing file /home/airflow/.local/lib/python3.12/site-packages/airflow/example_dags/example_branch_operator_decorator.py for tasks to queue
[2024-11-11T04:10:30.347+0000] {logging_mixin.py:190} INFO - [2024-11-11T04:10:30.347+0000] {dagbag.py:588} INFO - Filling up the DagBag from /home/airflow/.local/lib/python3.12/site-packages/airflow/example_dags/example_branch_operator_decorator.py
[2024-11-11T04:10:30.357+0000] {processor.py:925} INFO - DAG(s) 'example_branch_python_operator_decorator' retrieved from /home/airflow/.local/lib/python3.12/site-packages/airflow/example_dags/example_branch_operator_decorator.py
[2024-11-11T04:10:30.370+0000] {logging_mixin.py:190} INFO - [2024-11-11T04:10:30.370+0000] {dag.py:3239} INFO - Sync 1 DAGs
[2024-11-11T04:10:30.475+0000] {logging_mixin.py:190} INFO - [2024-11-11T04:10:30.475+0000] {dag.py:4180} INFO - Setting next_dagrun for example_branch_python_operator_decorator to 2024-11-10 00:00:00+00:00, run_after=2024-11-11 00:00:00+00:00
[2024-11-11T04:10:30.483+0000] {processor.py:208} INFO - Processing /home/airflow/.local/lib/python3.12/site-packages/airflow/example_dags/example_branch_operator_decorator.py took 0.141 seconds
[2024-11-11T04:11:00.791+0000] {processor.py:186} INFO - Started process (PID=10534) to work on /home/airflow/.local/lib/python3.12/site-packages/airflow/example_dags/example_branch_operator_decorator.py
[2024-11-11T04:11:00.792+0000] {processor.py:914} INFO - Processing file /home/airflow/.local/lib/python3.12/site-packages/airflow/example_dags/example_branch_operator_decorator.py for tasks to queue
[2024-11-11T04:11:00.793+0000] {logging_mixin.py:190} INFO - [2024-11-11T04:11:00.793+0000] {dagbag.py:588} INFO - Filling up the DagBag from /home/airflow/.local/lib/python3.12/site-packages/airflow/example_dags/example_branch_operator_decorator.py
[2024-11-11T04:11:00.804+0000] {processor.py:925} INFO - DAG(s) 'example_branch_python_operator_decorator' retrieved from /home/airflow/.local/lib/python3.12/site-packages/airflow/example_dags/example_branch_operator_decorator.py
[2024-11-11T04:11:00.818+0000] {logging_mixin.py:190} INFO - [2024-11-11T04:11:00.817+0000] {dag.py:3239} INFO - Sync 1 DAGs
[2024-11-11T04:11:00.829+0000] {logging_mixin.py:190} INFO - [2024-11-11T04:11:00.829+0000] {dag.py:4180} INFO - Setting next_dagrun for example_branch_python_operator_decorator to 2024-11-10 00:00:00+00:00, run_after=2024-11-11 00:00:00+00:00
[2024-11-11T04:11:00.950+0000] {processor.py:208} INFO - Processing /home/airflow/.local/lib/python3.12/site-packages/airflow/example_dags/example_branch_operator_decorator.py took 0.162 seconds
[2024-11-11T04:11:31.440+0000] {processor.py:186} INFO - Started process (PID=10598) to work on /home/airflow/.local/lib/python3.12/site-packages/airflow/example_dags/example_branch_operator_decorator.py
[2024-11-11T04:11:31.440+0000] {processor.py:914} INFO - Processing file /home/airflow/.local/lib/python3.12/site-packages/airflow/example_dags/example_branch_operator_decorator.py for tasks to queue
[2024-11-11T04:11:31.441+0000] {logging_mixin.py:190} INFO - [2024-11-11T04:11:31.441+0000] {dagbag.py:588} INFO - Filling up the DagBag from /home/airflow/.local/lib/python3.12/site-packages/airflow/example_dags/example_branch_operator_decorator.py
[2024-11-11T04:11:31.452+0000] {processor.py:925} INFO - DAG(s) 'example_branch_python_operator_decorator' retrieved from /home/airflow/.local/lib/python3.12/site-packages/airflow/example_dags/example_branch_operator_decorator.py
[2024-11-11T04:11:31.466+0000] {logging_mixin.py:190} INFO - [2024-11-11T04:11:31.465+0000] {dag.py:3239} INFO - Sync 1 DAGs
[2024-11-11T04:11:31.477+0000] {logging_mixin.py:190} INFO - [2024-11-11T04:11:31.477+0000] {dag.py:4180} INFO - Setting next_dagrun for example_branch_python_operator_decorator to 2024-11-10 00:00:00+00:00, run_after=2024-11-11 00:00:00+00:00
[2024-11-11T04:11:31.486+0000] {processor.py:208} INFO - Processing /home/airflow/.local/lib/python3.12/site-packages/airflow/example_dags/example_branch_operator_decorator.py took 0.049 seconds
[2024-11-11T04:12:02.665+0000] {processor.py:186} INFO - Started process (PID=10660) to work on /home/airflow/.local/lib/python3.12/site-packages/airflow/example_dags/example_branch_operator_decorator.py
[2024-11-11T04:12:02.666+0000] {processor.py:914} INFO - Processing file /home/airflow/.local/lib/python3.12/site-packages/airflow/example_dags/example_branch_operator_decorator.py for tasks to queue
[2024-11-11T04:12:02.667+0000] {logging_mixin.py:190} INFO - [2024-11-11T04:12:02.667+0000] {dagbag.py:588} INFO - Filling up the DagBag from /home/airflow/.local/lib/python3.12/site-packages/airflow/example_dags/example_branch_operator_decorator.py
[2024-11-11T04:12:02.677+0000] {processor.py:925} INFO - DAG(s) 'example_branch_python_operator_decorator' retrieved from /home/airflow/.local/lib/python3.12/site-packages/airflow/example_dags/example_branch_operator_decorator.py
[2024-11-11T04:12:02.787+0000] {logging_mixin.py:190} INFO - [2024-11-11T04:12:02.787+0000] {dag.py:3239} INFO - Sync 1 DAGs
[2024-11-11T04:12:02.796+0000] {logging_mixin.py:190} INFO - [2024-11-11T04:12:02.796+0000] {dag.py:4180} INFO - Setting next_dagrun for example_branch_python_operator_decorator to 2024-11-10 00:00:00+00:00, run_after=2024-11-11 00:00:00+00:00
[2024-11-11T04:12:02.804+0000] {processor.py:208} INFO - Processing /home/airflow/.local/lib/python3.12/site-packages/airflow/example_dags/example_branch_operator_decorator.py took 0.142 seconds
[2024-11-11T04:12:33.613+0000] {processor.py:186} INFO - Started process (PID=10723) to work on /home/airflow/.local/lib/python3.12/site-packages/airflow/example_dags/example_branch_operator_decorator.py
[2024-11-11T04:12:33.613+0000] {processor.py:914} INFO - Processing file /home/airflow/.local/lib/python3.12/site-packages/airflow/example_dags/example_branch_operator_decorator.py for tasks to queue
[2024-11-11T04:12:33.615+0000] {logging_mixin.py:190} INFO - [2024-11-11T04:12:33.614+0000] {dagbag.py:588} INFO - Filling up the DagBag from /home/airflow/.local/lib/python3.12/site-packages/airflow/example_dags/example_branch_operator_decorator.py
[2024-11-11T04:12:33.625+0000] {processor.py:925} INFO - DAG(s) 'example_branch_python_operator_decorator' retrieved from /home/airflow/.local/lib/python3.12/site-packages/airflow/example_dags/example_branch_operator_decorator.py
[2024-11-11T04:12:33.638+0000] {logging_mixin.py:190} INFO - [2024-11-11T04:12:33.638+0000] {dag.py:3239} INFO - Sync 1 DAGs
[2024-11-11T04:12:33.649+0000] {logging_mixin.py:190} INFO - [2024-11-11T04:12:33.648+0000] {dag.py:4180} INFO - Setting next_dagrun for example_branch_python_operator_decorator to 2024-11-10 00:00:00+00:00, run_after=2024-11-11 00:00:00+00:00
[2024-11-11T04:12:33.656+0000] {processor.py:208} INFO - Processing /home/airflow/.local/lib/python3.12/site-packages/airflow/example_dags/example_branch_operator_decorator.py took 0.047 seconds
[2024-11-11T04:13:04.072+0000] {processor.py:186} INFO - Started process (PID=10786) to work on /home/airflow/.local/lib/python3.12/site-packages/airflow/example_dags/example_branch_operator_decorator.py
[2024-11-11T04:13:04.072+0000] {processor.py:914} INFO - Processing file /home/airflow/.local/lib/python3.12/site-packages/airflow/example_dags/example_branch_operator_decorator.py for tasks to queue
[2024-11-11T04:13:04.074+0000] {logging_mixin.py:190} INFO - [2024-11-11T04:13:04.074+0000] {dagbag.py:588} INFO - Filling up the DagBag from /home/airflow/.local/lib/python3.12/site-packages/airflow/example_dags/example_branch_operator_decorator.py
[2024-11-11T04:13:04.084+0000] {processor.py:925} INFO - DAG(s) 'example_branch_python_operator_decorator' retrieved from /home/airflow/.local/lib/python3.12/site-packages/airflow/example_dags/example_branch_operator_decorator.py
[2024-11-11T04:13:04.097+0000] {logging_mixin.py:190} INFO - [2024-11-11T04:13:04.097+0000] {dag.py:3239} INFO - Sync 1 DAGs
[2024-11-11T04:13:04.108+0000] {logging_mixin.py:190} INFO - [2024-11-11T04:13:04.108+0000] {dag.py:4180} INFO - Setting next_dagrun for example_branch_python_operator_decorator to 2024-11-10 00:00:00+00:00, run_after=2024-11-11 00:00:00+00:00
[2024-11-11T04:13:04.116+0000] {processor.py:208} INFO - Processing /home/airflow/.local/lib/python3.12/site-packages/airflow/example_dags/example_branch_operator_decorator.py took 0.047 seconds
[2024-11-11T04:13:34.842+0000] {processor.py:186} INFO - Started process (PID=10849) to work on /home/airflow/.local/lib/python3.12/site-packages/airflow/example_dags/example_branch_operator_decorator.py
[2024-11-11T04:13:34.843+0000] {processor.py:914} INFO - Processing file /home/airflow/.local/lib/python3.12/site-packages/airflow/example_dags/example_branch_operator_decorator.py for tasks to queue
[2024-11-11T04:13:34.844+0000] {logging_mixin.py:190} INFO - [2024-11-11T04:13:34.844+0000] {dagbag.py:588} INFO - Filling up the DagBag from /home/airflow/.local/lib/python3.12/site-packages/airflow/example_dags/example_branch_operator_decorator.py
[2024-11-11T04:13:34.857+0000] {processor.py:925} INFO - DAG(s) 'example_branch_python_operator_decorator' retrieved from /home/airflow/.local/lib/python3.12/site-packages/airflow/example_dags/example_branch_operator_decorator.py
[2024-11-11T04:13:34.881+0000] {logging_mixin.py:190} INFO - [2024-11-11T04:13:34.881+0000] {dag.py:3239} INFO - Sync 1 DAGs
[2024-11-11T04:13:34.905+0000] {logging_mixin.py:190} INFO - [2024-11-11T04:13:34.905+0000] {dag.py:4180} INFO - Setting next_dagrun for example_branch_python_operator_decorator to 2024-11-10 00:00:00+00:00, run_after=2024-11-11 00:00:00+00:00
[2024-11-11T04:13:34.925+0000] {processor.py:208} INFO - Processing /home/airflow/.local/lib/python3.12/site-packages/airflow/example_dags/example_branch_operator_decorator.py took 0.087 seconds
[2024-11-11T04:47:36.381+0000] {processor.py:186} INFO - Started process (PID=10912) to work on /home/airflow/.local/lib/python3.12/site-packages/airflow/example_dags/example_branch_operator_decorator.py
[2024-11-11T04:47:36.382+0000] {processor.py:914} INFO - Processing file /home/airflow/.local/lib/python3.12/site-packages/airflow/example_dags/example_branch_operator_decorator.py for tasks to queue
[2024-11-11T04:47:36.383+0000] {logging_mixin.py:190} INFO - [2024-11-11T04:47:36.383+0000] {dagbag.py:588} INFO - Filling up the DagBag from /home/airflow/.local/lib/python3.12/site-packages/airflow/example_dags/example_branch_operator_decorator.py
[2024-11-11T04:47:36.394+0000] {processor.py:925} INFO - DAG(s) 'example_branch_python_operator_decorator' retrieved from /home/airflow/.local/lib/python3.12/site-packages/airflow/example_dags/example_branch_operator_decorator.py
[2024-11-11T04:47:36.409+0000] {logging_mixin.py:190} INFO - [2024-11-11T04:47:36.409+0000] {dag.py:3239} INFO - Sync 1 DAGs
[2024-11-11T04:47:36.421+0000] {logging_mixin.py:190} INFO - [2024-11-11T04:47:36.421+0000] {dag.py:4180} INFO - Setting next_dagrun for example_branch_python_operator_decorator to 2024-11-10 00:00:00+00:00, run_after=2024-11-11 00:00:00+00:00
[2024-11-11T04:47:36.430+0000] {processor.py:208} INFO - Processing /home/airflow/.local/lib/python3.12/site-packages/airflow/example_dags/example_branch_operator_decorator.py took 0.053 seconds
[2024-11-11T05:54:20.632+0000] {processor.py:186} INFO - Started process (PID=10974) to work on /home/airflow/.local/lib/python3.12/site-packages/airflow/example_dags/example_branch_operator_decorator.py
[2024-11-11T05:54:20.633+0000] {processor.py:914} INFO - Processing file /home/airflow/.local/lib/python3.12/site-packages/airflow/example_dags/example_branch_operator_decorator.py for tasks to queue
[2024-11-11T05:54:20.634+0000] {logging_mixin.py:190} INFO - [2024-11-11T05:54:20.634+0000] {dagbag.py:588} INFO - Filling up the DagBag from /home/airflow/.local/lib/python3.12/site-packages/airflow/example_dags/example_branch_operator_decorator.py
[2024-11-11T05:54:20.644+0000] {processor.py:925} INFO - DAG(s) 'example_branch_python_operator_decorator' retrieved from /home/airflow/.local/lib/python3.12/site-packages/airflow/example_dags/example_branch_operator_decorator.py
[2024-11-11T05:54:20.658+0000] {logging_mixin.py:190} INFO - [2024-11-11T05:54:20.657+0000] {dag.py:3239} INFO - Sync 1 DAGs
[2024-11-11T05:54:20.668+0000] {logging_mixin.py:190} INFO - [2024-11-11T05:54:20.668+0000] {dag.py:4180} INFO - Setting next_dagrun for example_branch_python_operator_decorator to 2024-11-10 00:00:00+00:00, run_after=2024-11-11 00:00:00+00:00
[2024-11-11T05:54:20.675+0000] {processor.py:208} INFO - Processing /home/airflow/.local/lib/python3.12/site-packages/airflow/example_dags/example_branch_operator_decorator.py took 0.046 seconds
[2024-11-11T05:54:50.957+0000] {processor.py:186} INFO - Started process (PID=11037) to work on /home/airflow/.local/lib/python3.12/site-packages/airflow/example_dags/example_branch_operator_decorator.py
[2024-11-11T05:54:50.957+0000] {processor.py:914} INFO - Processing file /home/airflow/.local/lib/python3.12/site-packages/airflow/example_dags/example_branch_operator_decorator.py for tasks to queue
[2024-11-11T05:54:50.959+0000] {logging_mixin.py:190} INFO - [2024-11-11T05:54:50.958+0000] {dagbag.py:588} INFO - Filling up the DagBag from /home/airflow/.local/lib/python3.12/site-packages/airflow/example_dags/example_branch_operator_decorator.py
[2024-11-11T05:54:50.970+0000] {processor.py:925} INFO - DAG(s) 'example_branch_python_operator_decorator' retrieved from /home/airflow/.local/lib/python3.12/site-packages/airflow/example_dags/example_branch_operator_decorator.py
[2024-11-11T05:54:50.984+0000] {logging_mixin.py:190} INFO - [2024-11-11T05:54:50.984+0000] {dag.py:3239} INFO - Sync 1 DAGs
[2024-11-11T05:54:50.997+0000] {logging_mixin.py:190} INFO - [2024-11-11T05:54:50.997+0000] {dag.py:4180} INFO - Setting next_dagrun for example_branch_python_operator_decorator to 2024-11-10 00:00:00+00:00, run_after=2024-11-11 00:00:00+00:00
[2024-11-11T05:54:51.006+0000] {processor.py:208} INFO - Processing /home/airflow/.local/lib/python3.12/site-packages/airflow/example_dags/example_branch_operator_decorator.py took 0.053 seconds
[2024-11-11T05:55:21.383+0000] {processor.py:186} INFO - Started process (PID=11100) to work on /home/airflow/.local/lib/python3.12/site-packages/airflow/example_dags/example_branch_operator_decorator.py
[2024-11-11T05:55:21.384+0000] {processor.py:914} INFO - Processing file /home/airflow/.local/lib/python3.12/site-packages/airflow/example_dags/example_branch_operator_decorator.py for tasks to queue
[2024-11-11T05:55:21.386+0000] {logging_mixin.py:190} INFO - [2024-11-11T05:55:21.386+0000] {dagbag.py:588} INFO - Filling up the DagBag from /home/airflow/.local/lib/python3.12/site-packages/airflow/example_dags/example_branch_operator_decorator.py
[2024-11-11T05:55:21.397+0000] {processor.py:925} INFO - DAG(s) 'example_branch_python_operator_decorator' retrieved from /home/airflow/.local/lib/python3.12/site-packages/airflow/example_dags/example_branch_operator_decorator.py
[2024-11-11T05:55:21.411+0000] {logging_mixin.py:190} INFO - [2024-11-11T05:55:21.411+0000] {dag.py:3239} INFO - Sync 1 DAGs
[2024-11-11T05:55:21.423+0000] {logging_mixin.py:190} INFO - [2024-11-11T05:55:21.422+0000] {dag.py:4180} INFO - Setting next_dagrun for example_branch_python_operator_decorator to 2024-11-10 00:00:00+00:00, run_after=2024-11-11 00:00:00+00:00
[2024-11-11T05:55:21.430+0000] {processor.py:208} INFO - Processing /home/airflow/.local/lib/python3.12/site-packages/airflow/example_dags/example_branch_operator_decorator.py took 0.051 seconds
[2024-11-11T05:55:51.931+0000] {processor.py:186} INFO - Started process (PID=11163) to work on /home/airflow/.local/lib/python3.12/site-packages/airflow/example_dags/example_branch_operator_decorator.py
[2024-11-11T05:55:51.931+0000] {processor.py:914} INFO - Processing file /home/airflow/.local/lib/python3.12/site-packages/airflow/example_dags/example_branch_operator_decorator.py for tasks to queue
[2024-11-11T05:55:51.933+0000] {logging_mixin.py:190} INFO - [2024-11-11T05:55:51.933+0000] {dagbag.py:588} INFO - Filling up the DagBag from /home/airflow/.local/lib/python3.12/site-packages/airflow/example_dags/example_branch_operator_decorator.py
[2024-11-11T05:55:51.943+0000] {processor.py:925} INFO - DAG(s) 'example_branch_python_operator_decorator' retrieved from /home/airflow/.local/lib/python3.12/site-packages/airflow/example_dags/example_branch_operator_decorator.py
[2024-11-11T05:55:51.957+0000] {logging_mixin.py:190} INFO - [2024-11-11T05:55:51.956+0000] {dag.py:3239} INFO - Sync 1 DAGs
[2024-11-11T05:55:51.967+0000] {logging_mixin.py:190} INFO - [2024-11-11T05:55:51.967+0000] {dag.py:4180} INFO - Setting next_dagrun for example_branch_python_operator_decorator to 2024-11-10 00:00:00+00:00, run_after=2024-11-11 00:00:00+00:00
[2024-11-11T05:55:51.975+0000] {processor.py:208} INFO - Processing /home/airflow/.local/lib/python3.12/site-packages/airflow/example_dags/example_branch_operator_decorator.py took 0.048 seconds
[2024-11-11T05:56:22.467+0000] {processor.py:186} INFO - Started process (PID=11226) to work on /home/airflow/.local/lib/python3.12/site-packages/airflow/example_dags/example_branch_operator_decorator.py
[2024-11-11T05:56:22.468+0000] {processor.py:914} INFO - Processing file /home/airflow/.local/lib/python3.12/site-packages/airflow/example_dags/example_branch_operator_decorator.py for tasks to queue
[2024-11-11T05:56:22.469+0000] {logging_mixin.py:190} INFO - [2024-11-11T05:56:22.469+0000] {dagbag.py:588} INFO - Filling up the DagBag from /home/airflow/.local/lib/python3.12/site-packages/airflow/example_dags/example_branch_operator_decorator.py
[2024-11-11T05:56:22.480+0000] {processor.py:925} INFO - DAG(s) 'example_branch_python_operator_decorator' retrieved from /home/airflow/.local/lib/python3.12/site-packages/airflow/example_dags/example_branch_operator_decorator.py
[2024-11-11T05:56:22.494+0000] {logging_mixin.py:190} INFO - [2024-11-11T05:56:22.494+0000] {dag.py:3239} INFO - Sync 1 DAGs
[2024-11-11T05:56:22.506+0000] {logging_mixin.py:190} INFO - [2024-11-11T05:56:22.506+0000] {dag.py:4180} INFO - Setting next_dagrun for example_branch_python_operator_decorator to 2024-11-10 00:00:00+00:00, run_after=2024-11-11 00:00:00+00:00
[2024-11-11T05:56:22.514+0000] {processor.py:208} INFO - Processing /home/airflow/.local/lib/python3.12/site-packages/airflow/example_dags/example_branch_operator_decorator.py took 0.051 seconds
[2024-11-11T05:56:52.746+0000] {processor.py:186} INFO - Started process (PID=11289) to work on /home/airflow/.local/lib/python3.12/site-packages/airflow/example_dags/example_branch_operator_decorator.py
[2024-11-11T05:56:52.747+0000] {processor.py:914} INFO - Processing file /home/airflow/.local/lib/python3.12/site-packages/airflow/example_dags/example_branch_operator_decorator.py for tasks to queue
[2024-11-11T05:56:52.748+0000] {logging_mixin.py:190} INFO - [2024-11-11T05:56:52.748+0000] {dagbag.py:588} INFO - Filling up the DagBag from /home/airflow/.local/lib/python3.12/site-packages/airflow/example_dags/example_branch_operator_decorator.py
[2024-11-11T05:56:52.760+0000] {processor.py:925} INFO - DAG(s) 'example_branch_python_operator_decorator' retrieved from /home/airflow/.local/lib/python3.12/site-packages/airflow/example_dags/example_branch_operator_decorator.py
[2024-11-11T05:56:52.774+0000] {logging_mixin.py:190} INFO - [2024-11-11T05:56:52.774+0000] {dag.py:3239} INFO - Sync 1 DAGs
[2024-11-11T05:56:52.786+0000] {logging_mixin.py:190} INFO - [2024-11-11T05:56:52.786+0000] {dag.py:4180} INFO - Setting next_dagrun for example_branch_python_operator_decorator to 2024-11-10 00:00:00+00:00, run_after=2024-11-11 00:00:00+00:00
[2024-11-11T05:56:52.794+0000] {processor.py:208} INFO - Processing /home/airflow/.local/lib/python3.12/site-packages/airflow/example_dags/example_branch_operator_decorator.py took 0.052 seconds
