[2024-11-11T02:24:39.570+0000] {processor.py:186} INFO - Started process (PID=85) to work on /home/airflow/.local/lib/python3.12/site-packages/airflow/example_dags/example_task_group_decorator.py
[2024-11-11T02:24:39.571+0000] {processor.py:914} INFO - Processing file /home/airflow/.local/lib/python3.12/site-packages/airflow/example_dags/example_task_group_decorator.py for tasks to queue
[2024-11-11T02:24:39.573+0000] {logging_mixin.py:190} INFO - [2024-11-11T02:24:39.573+0000] {dagbag.py:588} INFO - Filling up the DagBag from /home/airflow/.local/lib/python3.12/site-packages/airflow/example_dags/example_task_group_decorator.py
[2024-11-11T02:24:39.585+0000] {processor.py:925} INFO - DAG(s) 'example_task_group_decorator' retrieved from /home/airflow/.local/lib/python3.12/site-packages/airflow/example_dags/example_task_group_decorator.py
[2024-11-11T02:24:39.652+0000] {logging_mixin.py:190} INFO - [2024-11-11T02:24:39.652+0000] {override.py:1911} INFO - Created Permission View: can edit on DAG:example_task_group_decorator
[2024-11-11T02:24:39.657+0000] {logging_mixin.py:190} INFO - [2024-11-11T02:24:39.657+0000] {override.py:1911} INFO - Created Permission View: can read on DAG:example_task_group_decorator
[2024-11-11T02:24:39.659+0000] {logging_mixin.py:190} INFO - [2024-11-11T02:24:39.659+0000] {override.py:1911} INFO - Created Permission View: can delete on DAG:example_task_group_decorator
[2024-11-11T02:24:39.662+0000] {logging_mixin.py:190} INFO - [2024-11-11T02:24:39.662+0000] {override.py:1911} INFO - Created Permission View: can read on DAG Run:example_task_group_decorator
[2024-11-11T02:24:39.664+0000] {logging_mixin.py:190} INFO - [2024-11-11T02:24:39.664+0000] {override.py:1911} INFO - Created Permission View: can create on DAG Run:example_task_group_decorator
[2024-11-11T02:24:39.667+0000] {logging_mixin.py:190} INFO - [2024-11-11T02:24:39.667+0000] {override.py:1911} INFO - Created Permission View: can delete on DAG Run:example_task_group_decorator
[2024-11-11T02:24:39.669+0000] {logging_mixin.py:190} INFO - [2024-11-11T02:24:39.669+0000] {override.py:1911} INFO - Created Permission View: menu access on DAG Run:example_task_group_decorator
[2024-11-11T02:24:39.669+0000] {logging_mixin.py:190} INFO - [2024-11-11T02:24:39.669+0000] {dag.py:3239} INFO - Sync 1 DAGs
[2024-11-11T02:24:39.675+0000] {logging_mixin.py:190} INFO - [2024-11-11T02:24:39.675+0000] {dag.py:3262} INFO - Creating ORM DAG for example_task_group_decorator
[2024-11-11T02:24:39.675+0000] {logging_mixin.py:190} INFO - [2024-11-11T02:24:39.675+0000] {dag.py:4180} INFO - Setting next_dagrun for example_task_group_decorator to None, run_after=None
[2024-11-11T02:24:39.683+0000] {processor.py:208} INFO - Processing /home/airflow/.local/lib/python3.12/site-packages/airflow/example_dags/example_task_group_decorator.py took 0.118 seconds
[2024-11-11T02:25:10.488+0000] {processor.py:186} INFO - Started process (PID=148) to work on /home/airflow/.local/lib/python3.12/site-packages/airflow/example_dags/example_task_group_decorator.py
[2024-11-11T02:25:10.489+0000] {processor.py:914} INFO - Processing file /home/airflow/.local/lib/python3.12/site-packages/airflow/example_dags/example_task_group_decorator.py for tasks to queue
[2024-11-11T02:25:10.490+0000] {logging_mixin.py:190} INFO - [2024-11-11T02:25:10.490+0000] {dagbag.py:588} INFO - Filling up the DagBag from /home/airflow/.local/lib/python3.12/site-packages/airflow/example_dags/example_task_group_decorator.py
[2024-11-11T02:25:10.498+0000] {processor.py:925} INFO - DAG(s) 'example_task_group_decorator' retrieved from /home/airflow/.local/lib/python3.12/site-packages/airflow/example_dags/example_task_group_decorator.py
[2024-11-11T02:25:10.510+0000] {logging_mixin.py:190} INFO - [2024-11-11T02:25:10.510+0000] {dag.py:3239} INFO - Sync 1 DAGs
[2024-11-11T02:25:10.517+0000] {logging_mixin.py:190} INFO - [2024-11-11T02:25:10.517+0000] {dag.py:4180} INFO - Setting next_dagrun for example_task_group_decorator to None, run_after=None
[2024-11-11T02:25:10.526+0000] {processor.py:208} INFO - Processing /home/airflow/.local/lib/python3.12/site-packages/airflow/example_dags/example_task_group_decorator.py took 0.041 seconds
[2024-11-11T02:25:41.256+0000] {processor.py:186} INFO - Started process (PID=211) to work on /home/airflow/.local/lib/python3.12/site-packages/airflow/example_dags/example_task_group_decorator.py
[2024-11-11T02:25:41.256+0000] {processor.py:914} INFO - Processing file /home/airflow/.local/lib/python3.12/site-packages/airflow/example_dags/example_task_group_decorator.py for tasks to queue
[2024-11-11T02:25:41.258+0000] {logging_mixin.py:190} INFO - [2024-11-11T02:25:41.258+0000] {dagbag.py:588} INFO - Filling up the DagBag from /home/airflow/.local/lib/python3.12/site-packages/airflow/example_dags/example_task_group_decorator.py
[2024-11-11T02:25:41.266+0000] {processor.py:925} INFO - DAG(s) 'example_task_group_decorator' retrieved from /home/airflow/.local/lib/python3.12/site-packages/airflow/example_dags/example_task_group_decorator.py
[2024-11-11T02:25:41.278+0000] {logging_mixin.py:190} INFO - [2024-11-11T02:25:41.278+0000] {dag.py:3239} INFO - Sync 1 DAGs
[2024-11-11T02:25:41.286+0000] {logging_mixin.py:190} INFO - [2024-11-11T02:25:41.285+0000] {dag.py:4180} INFO - Setting next_dagrun for example_task_group_decorator to None, run_after=None
[2024-11-11T02:25:41.294+0000] {processor.py:208} INFO - Processing /home/airflow/.local/lib/python3.12/site-packages/airflow/example_dags/example_task_group_decorator.py took 0.041 seconds
[2024-11-11T02:26:11.884+0000] {processor.py:186} INFO - Started process (PID=274) to work on /home/airflow/.local/lib/python3.12/site-packages/airflow/example_dags/example_task_group_decorator.py
[2024-11-11T02:26:11.884+0000] {processor.py:914} INFO - Processing file /home/airflow/.local/lib/python3.12/site-packages/airflow/example_dags/example_task_group_decorator.py for tasks to queue
[2024-11-11T02:26:11.886+0000] {logging_mixin.py:190} INFO - [2024-11-11T02:26:11.886+0000] {dagbag.py:588} INFO - Filling up the DagBag from /home/airflow/.local/lib/python3.12/site-packages/airflow/example_dags/example_task_group_decorator.py
[2024-11-11T02:26:11.894+0000] {processor.py:925} INFO - DAG(s) 'example_task_group_decorator' retrieved from /home/airflow/.local/lib/python3.12/site-packages/airflow/example_dags/example_task_group_decorator.py
[2024-11-11T02:26:11.906+0000] {logging_mixin.py:190} INFO - [2024-11-11T02:26:11.906+0000] {dag.py:3239} INFO - Sync 1 DAGs
[2024-11-11T02:26:11.913+0000] {logging_mixin.py:190} INFO - [2024-11-11T02:26:11.913+0000] {dag.py:4180} INFO - Setting next_dagrun for example_task_group_decorator to None, run_after=None
[2024-11-11T02:26:11.921+0000] {processor.py:208} INFO - Processing /home/airflow/.local/lib/python3.12/site-packages/airflow/example_dags/example_task_group_decorator.py took 0.041 seconds
[2024-11-11T02:26:42.491+0000] {processor.py:186} INFO - Started process (PID=337) to work on /home/airflow/.local/lib/python3.12/site-packages/airflow/example_dags/example_task_group_decorator.py
[2024-11-11T02:26:42.492+0000] {processor.py:914} INFO - Processing file /home/airflow/.local/lib/python3.12/site-packages/airflow/example_dags/example_task_group_decorator.py for tasks to queue
[2024-11-11T02:26:42.494+0000] {logging_mixin.py:190} INFO - [2024-11-11T02:26:42.493+0000] {dagbag.py:588} INFO - Filling up the DagBag from /home/airflow/.local/lib/python3.12/site-packages/airflow/example_dags/example_task_group_decorator.py
[2024-11-11T02:26:42.501+0000] {processor.py:925} INFO - DAG(s) 'example_task_group_decorator' retrieved from /home/airflow/.local/lib/python3.12/site-packages/airflow/example_dags/example_task_group_decorator.py
[2024-11-11T02:26:42.514+0000] {logging_mixin.py:190} INFO - [2024-11-11T02:26:42.514+0000] {dag.py:3239} INFO - Sync 1 DAGs
[2024-11-11T02:26:42.521+0000] {logging_mixin.py:190} INFO - [2024-11-11T02:26:42.521+0000] {dag.py:4180} INFO - Setting next_dagrun for example_task_group_decorator to None, run_after=None
[2024-11-11T02:26:42.530+0000] {processor.py:208} INFO - Processing /home/airflow/.local/lib/python3.12/site-packages/airflow/example_dags/example_task_group_decorator.py took 0.042 seconds
[2024-11-11T02:27:13.102+0000] {processor.py:186} INFO - Started process (PID=400) to work on /home/airflow/.local/lib/python3.12/site-packages/airflow/example_dags/example_task_group_decorator.py
[2024-11-11T02:27:13.103+0000] {processor.py:914} INFO - Processing file /home/airflow/.local/lib/python3.12/site-packages/airflow/example_dags/example_task_group_decorator.py for tasks to queue
[2024-11-11T02:27:13.104+0000] {logging_mixin.py:190} INFO - [2024-11-11T02:27:13.104+0000] {dagbag.py:588} INFO - Filling up the DagBag from /home/airflow/.local/lib/python3.12/site-packages/airflow/example_dags/example_task_group_decorator.py
[2024-11-11T02:27:13.113+0000] {processor.py:925} INFO - DAG(s) 'example_task_group_decorator' retrieved from /home/airflow/.local/lib/python3.12/site-packages/airflow/example_dags/example_task_group_decorator.py
[2024-11-11T02:27:13.126+0000] {logging_mixin.py:190} INFO - [2024-11-11T02:27:13.126+0000] {dag.py:3239} INFO - Sync 1 DAGs
[2024-11-11T02:27:13.133+0000] {logging_mixin.py:190} INFO - [2024-11-11T02:27:13.133+0000] {dag.py:4180} INFO - Setting next_dagrun for example_task_group_decorator to None, run_after=None
[2024-11-11T02:27:13.143+0000] {processor.py:208} INFO - Processing /home/airflow/.local/lib/python3.12/site-packages/airflow/example_dags/example_task_group_decorator.py took 0.045 seconds
[2024-11-11T02:27:43.658+0000] {processor.py:186} INFO - Started process (PID=463) to work on /home/airflow/.local/lib/python3.12/site-packages/airflow/example_dags/example_task_group_decorator.py
[2024-11-11T02:27:43.658+0000] {processor.py:914} INFO - Processing file /home/airflow/.local/lib/python3.12/site-packages/airflow/example_dags/example_task_group_decorator.py for tasks to queue
[2024-11-11T02:27:43.660+0000] {logging_mixin.py:190} INFO - [2024-11-11T02:27:43.660+0000] {dagbag.py:588} INFO - Filling up the DagBag from /home/airflow/.local/lib/python3.12/site-packages/airflow/example_dags/example_task_group_decorator.py
[2024-11-11T02:27:43.668+0000] {processor.py:925} INFO - DAG(s) 'example_task_group_decorator' retrieved from /home/airflow/.local/lib/python3.12/site-packages/airflow/example_dags/example_task_group_decorator.py
[2024-11-11T02:27:43.680+0000] {logging_mixin.py:190} INFO - [2024-11-11T02:27:43.680+0000] {dag.py:3239} INFO - Sync 1 DAGs
[2024-11-11T02:27:43.687+0000] {logging_mixin.py:190} INFO - [2024-11-11T02:27:43.687+0000] {dag.py:4180} INFO - Setting next_dagrun for example_task_group_decorator to None, run_after=None
[2024-11-11T02:27:43.696+0000] {processor.py:208} INFO - Processing /home/airflow/.local/lib/python3.12/site-packages/airflow/example_dags/example_task_group_decorator.py took 0.041 seconds
[2024-11-11T02:28:14.411+0000] {processor.py:186} INFO - Started process (PID=526) to work on /home/airflow/.local/lib/python3.12/site-packages/airflow/example_dags/example_task_group_decorator.py
[2024-11-11T02:28:14.411+0000] {processor.py:914} INFO - Processing file /home/airflow/.local/lib/python3.12/site-packages/airflow/example_dags/example_task_group_decorator.py for tasks to queue
[2024-11-11T02:28:14.413+0000] {logging_mixin.py:190} INFO - [2024-11-11T02:28:14.412+0000] {dagbag.py:588} INFO - Filling up the DagBag from /home/airflow/.local/lib/python3.12/site-packages/airflow/example_dags/example_task_group_decorator.py
[2024-11-11T02:28:14.420+0000] {processor.py:925} INFO - DAG(s) 'example_task_group_decorator' retrieved from /home/airflow/.local/lib/python3.12/site-packages/airflow/example_dags/example_task_group_decorator.py
[2024-11-11T02:28:14.433+0000] {logging_mixin.py:190} INFO - [2024-11-11T02:28:14.433+0000] {dag.py:3239} INFO - Sync 1 DAGs
[2024-11-11T02:28:14.442+0000] {logging_mixin.py:190} INFO - [2024-11-11T02:28:14.442+0000] {dag.py:4180} INFO - Setting next_dagrun for example_task_group_decorator to None, run_after=None
[2024-11-11T02:28:14.451+0000] {processor.py:208} INFO - Processing /home/airflow/.local/lib/python3.12/site-packages/airflow/example_dags/example_task_group_decorator.py took 0.043 seconds
[2024-11-11T02:28:45.024+0000] {processor.py:186} INFO - Started process (PID=589) to work on /home/airflow/.local/lib/python3.12/site-packages/airflow/example_dags/example_task_group_decorator.py
[2024-11-11T02:28:45.025+0000] {processor.py:914} INFO - Processing file /home/airflow/.local/lib/python3.12/site-packages/airflow/example_dags/example_task_group_decorator.py for tasks to queue
[2024-11-11T02:28:45.026+0000] {logging_mixin.py:190} INFO - [2024-11-11T02:28:45.026+0000] {dagbag.py:588} INFO - Filling up the DagBag from /home/airflow/.local/lib/python3.12/site-packages/airflow/example_dags/example_task_group_decorator.py
[2024-11-11T02:28:45.034+0000] {processor.py:925} INFO - DAG(s) 'example_task_group_decorator' retrieved from /home/airflow/.local/lib/python3.12/site-packages/airflow/example_dags/example_task_group_decorator.py
[2024-11-11T02:28:45.047+0000] {logging_mixin.py:190} INFO - [2024-11-11T02:28:45.047+0000] {dag.py:3239} INFO - Sync 1 DAGs
[2024-11-11T02:28:45.054+0000] {logging_mixin.py:190} INFO - [2024-11-11T02:28:45.054+0000] {dag.py:4180} INFO - Setting next_dagrun for example_task_group_decorator to None, run_after=None
[2024-11-11T02:28:45.062+0000] {processor.py:208} INFO - Processing /home/airflow/.local/lib/python3.12/site-packages/airflow/example_dags/example_task_group_decorator.py took 0.041 seconds
[2024-11-11T02:29:15.634+0000] {processor.py:186} INFO - Started process (PID=652) to work on /home/airflow/.local/lib/python3.12/site-packages/airflow/example_dags/example_task_group_decorator.py
[2024-11-11T02:29:15.635+0000] {processor.py:914} INFO - Processing file /home/airflow/.local/lib/python3.12/site-packages/airflow/example_dags/example_task_group_decorator.py for tasks to queue
[2024-11-11T02:29:15.636+0000] {logging_mixin.py:190} INFO - [2024-11-11T02:29:15.636+0000] {dagbag.py:588} INFO - Filling up the DagBag from /home/airflow/.local/lib/python3.12/site-packages/airflow/example_dags/example_task_group_decorator.py
[2024-11-11T02:29:15.644+0000] {processor.py:925} INFO - DAG(s) 'example_task_group_decorator' retrieved from /home/airflow/.local/lib/python3.12/site-packages/airflow/example_dags/example_task_group_decorator.py
[2024-11-11T02:29:15.657+0000] {logging_mixin.py:190} INFO - [2024-11-11T02:29:15.657+0000] {dag.py:3239} INFO - Sync 1 DAGs
[2024-11-11T02:29:15.665+0000] {logging_mixin.py:190} INFO - [2024-11-11T02:29:15.665+0000] {dag.py:4180} INFO - Setting next_dagrun for example_task_group_decorator to None, run_after=None
[2024-11-11T02:29:15.674+0000] {processor.py:208} INFO - Processing /home/airflow/.local/lib/python3.12/site-packages/airflow/example_dags/example_task_group_decorator.py took 0.043 seconds
[2024-11-11T02:29:46.465+0000] {processor.py:186} INFO - Started process (PID=715) to work on /home/airflow/.local/lib/python3.12/site-packages/airflow/example_dags/example_task_group_decorator.py
[2024-11-11T02:29:46.466+0000] {processor.py:914} INFO - Processing file /home/airflow/.local/lib/python3.12/site-packages/airflow/example_dags/example_task_group_decorator.py for tasks to queue
[2024-11-11T02:29:46.467+0000] {logging_mixin.py:190} INFO - [2024-11-11T02:29:46.467+0000] {dagbag.py:588} INFO - Filling up the DagBag from /home/airflow/.local/lib/python3.12/site-packages/airflow/example_dags/example_task_group_decorator.py
[2024-11-11T02:29:46.478+0000] {processor.py:925} INFO - DAG(s) 'example_task_group_decorator' retrieved from /home/airflow/.local/lib/python3.12/site-packages/airflow/example_dags/example_task_group_decorator.py
[2024-11-11T02:29:46.492+0000] {logging_mixin.py:190} INFO - [2024-11-11T02:29:46.491+0000] {dag.py:3239} INFO - Sync 1 DAGs
[2024-11-11T02:29:46.499+0000] {logging_mixin.py:190} INFO - [2024-11-11T02:29:46.499+0000] {dag.py:4180} INFO - Setting next_dagrun for example_task_group_decorator to None, run_after=None
[2024-11-11T02:29:46.507+0000] {processor.py:208} INFO - Processing /home/airflow/.local/lib/python3.12/site-packages/airflow/example_dags/example_task_group_decorator.py took 0.046 seconds
[2024-11-11T02:30:17.030+0000] {processor.py:186} INFO - Started process (PID=777) to work on /home/airflow/.local/lib/python3.12/site-packages/airflow/example_dags/example_task_group_decorator.py
[2024-11-11T02:30:17.030+0000] {processor.py:914} INFO - Processing file /home/airflow/.local/lib/python3.12/site-packages/airflow/example_dags/example_task_group_decorator.py for tasks to queue
[2024-11-11T02:30:17.032+0000] {logging_mixin.py:190} INFO - [2024-11-11T02:30:17.032+0000] {dagbag.py:588} INFO - Filling up the DagBag from /home/airflow/.local/lib/python3.12/site-packages/airflow/example_dags/example_task_group_decorator.py
[2024-11-11T02:30:17.040+0000] {processor.py:925} INFO - DAG(s) 'example_task_group_decorator' retrieved from /home/airflow/.local/lib/python3.12/site-packages/airflow/example_dags/example_task_group_decorator.py
[2024-11-11T02:30:17.052+0000] {logging_mixin.py:190} INFO - [2024-11-11T02:30:17.052+0000] {dag.py:3239} INFO - Sync 1 DAGs
[2024-11-11T02:30:17.059+0000] {logging_mixin.py:190} INFO - [2024-11-11T02:30:17.059+0000] {dag.py:4180} INFO - Setting next_dagrun for example_task_group_decorator to None, run_after=None
[2024-11-11T02:30:17.068+0000] {processor.py:208} INFO - Processing /home/airflow/.local/lib/python3.12/site-packages/airflow/example_dags/example_task_group_decorator.py took 0.041 seconds
[2024-11-11T02:30:47.841+0000] {processor.py:186} INFO - Started process (PID=840) to work on /home/airflow/.local/lib/python3.12/site-packages/airflow/example_dags/example_task_group_decorator.py
[2024-11-11T02:30:47.842+0000] {processor.py:914} INFO - Processing file /home/airflow/.local/lib/python3.12/site-packages/airflow/example_dags/example_task_group_decorator.py for tasks to queue
[2024-11-11T02:30:47.843+0000] {logging_mixin.py:190} INFO - [2024-11-11T02:30:47.843+0000] {dagbag.py:588} INFO - Filling up the DagBag from /home/airflow/.local/lib/python3.12/site-packages/airflow/example_dags/example_task_group_decorator.py
[2024-11-11T02:30:47.851+0000] {processor.py:925} INFO - DAG(s) 'example_task_group_decorator' retrieved from /home/airflow/.local/lib/python3.12/site-packages/airflow/example_dags/example_task_group_decorator.py
[2024-11-11T02:30:47.863+0000] {logging_mixin.py:190} INFO - [2024-11-11T02:30:47.863+0000] {dag.py:3239} INFO - Sync 1 DAGs
[2024-11-11T02:30:47.870+0000] {logging_mixin.py:190} INFO - [2024-11-11T02:30:47.870+0000] {dag.py:4180} INFO - Setting next_dagrun for example_task_group_decorator to None, run_after=None
[2024-11-11T02:30:47.879+0000] {processor.py:208} INFO - Processing /home/airflow/.local/lib/python3.12/site-packages/airflow/example_dags/example_task_group_decorator.py took 0.041 seconds
[2024-11-11T02:31:18.273+0000] {processor.py:186} INFO - Started process (PID=912) to work on /home/airflow/.local/lib/python3.12/site-packages/airflow/example_dags/example_task_group_decorator.py
[2024-11-11T02:31:18.273+0000] {processor.py:914} INFO - Processing file /home/airflow/.local/lib/python3.12/site-packages/airflow/example_dags/example_task_group_decorator.py for tasks to queue
[2024-11-11T02:31:18.275+0000] {logging_mixin.py:190} INFO - [2024-11-11T02:31:18.275+0000] {dagbag.py:588} INFO - Filling up the DagBag from /home/airflow/.local/lib/python3.12/site-packages/airflow/example_dags/example_task_group_decorator.py
[2024-11-11T02:31:18.283+0000] {processor.py:925} INFO - DAG(s) 'example_task_group_decorator' retrieved from /home/airflow/.local/lib/python3.12/site-packages/airflow/example_dags/example_task_group_decorator.py
[2024-11-11T02:31:18.295+0000] {logging_mixin.py:190} INFO - [2024-11-11T02:31:18.295+0000] {dag.py:3239} INFO - Sync 1 DAGs
[2024-11-11T02:31:18.303+0000] {logging_mixin.py:190} INFO - [2024-11-11T02:31:18.303+0000] {dag.py:4180} INFO - Setting next_dagrun for example_task_group_decorator to None, run_after=None
[2024-11-11T02:31:18.311+0000] {processor.py:208} INFO - Processing /home/airflow/.local/lib/python3.12/site-packages/airflow/example_dags/example_task_group_decorator.py took 0.041 seconds
[2024-11-11T02:31:49.026+0000] {processor.py:186} INFO - Started process (PID=975) to work on /home/airflow/.local/lib/python3.12/site-packages/airflow/example_dags/example_task_group_decorator.py
[2024-11-11T02:31:49.026+0000] {processor.py:914} INFO - Processing file /home/airflow/.local/lib/python3.12/site-packages/airflow/example_dags/example_task_group_decorator.py for tasks to queue
[2024-11-11T02:31:49.028+0000] {logging_mixin.py:190} INFO - [2024-11-11T02:31:49.028+0000] {dagbag.py:588} INFO - Filling up the DagBag from /home/airflow/.local/lib/python3.12/site-packages/airflow/example_dags/example_task_group_decorator.py
[2024-11-11T02:31:49.036+0000] {processor.py:925} INFO - DAG(s) 'example_task_group_decorator' retrieved from /home/airflow/.local/lib/python3.12/site-packages/airflow/example_dags/example_task_group_decorator.py
[2024-11-11T02:31:49.048+0000] {logging_mixin.py:190} INFO - [2024-11-11T02:31:49.048+0000] {dag.py:3239} INFO - Sync 1 DAGs
[2024-11-11T02:31:49.055+0000] {logging_mixin.py:190} INFO - [2024-11-11T02:31:49.055+0000] {dag.py:4180} INFO - Setting next_dagrun for example_task_group_decorator to None, run_after=None
[2024-11-11T02:31:49.064+0000] {processor.py:208} INFO - Processing /home/airflow/.local/lib/python3.12/site-packages/airflow/example_dags/example_task_group_decorator.py took 0.041 seconds
[2024-11-11T02:32:19.590+0000] {processor.py:186} INFO - Started process (PID=1037) to work on /home/airflow/.local/lib/python3.12/site-packages/airflow/example_dags/example_task_group_decorator.py
[2024-11-11T02:32:19.591+0000] {processor.py:914} INFO - Processing file /home/airflow/.local/lib/python3.12/site-packages/airflow/example_dags/example_task_group_decorator.py for tasks to queue
[2024-11-11T02:32:19.592+0000] {logging_mixin.py:190} INFO - [2024-11-11T02:32:19.592+0000] {dagbag.py:588} INFO - Filling up the DagBag from /home/airflow/.local/lib/python3.12/site-packages/airflow/example_dags/example_task_group_decorator.py
[2024-11-11T02:32:19.600+0000] {processor.py:925} INFO - DAG(s) 'example_task_group_decorator' retrieved from /home/airflow/.local/lib/python3.12/site-packages/airflow/example_dags/example_task_group_decorator.py
[2024-11-11T02:32:19.612+0000] {logging_mixin.py:190} INFO - [2024-11-11T02:32:19.612+0000] {dag.py:3239} INFO - Sync 1 DAGs
[2024-11-11T02:32:19.620+0000] {logging_mixin.py:190} INFO - [2024-11-11T02:32:19.620+0000] {dag.py:4180} INFO - Setting next_dagrun for example_task_group_decorator to None, run_after=None
[2024-11-11T02:32:19.628+0000] {processor.py:208} INFO - Processing /home/airflow/.local/lib/python3.12/site-packages/airflow/example_dags/example_task_group_decorator.py took 0.041 seconds
[2024-11-11T02:32:50.278+0000] {processor.py:186} INFO - Started process (PID=1099) to work on /home/airflow/.local/lib/python3.12/site-packages/airflow/example_dags/example_task_group_decorator.py
[2024-11-11T02:32:50.279+0000] {processor.py:914} INFO - Processing file /home/airflow/.local/lib/python3.12/site-packages/airflow/example_dags/example_task_group_decorator.py for tasks to queue
[2024-11-11T02:32:50.280+0000] {logging_mixin.py:190} INFO - [2024-11-11T02:32:50.280+0000] {dagbag.py:588} INFO - Filling up the DagBag from /home/airflow/.local/lib/python3.12/site-packages/airflow/example_dags/example_task_group_decorator.py
[2024-11-11T02:32:50.288+0000] {processor.py:925} INFO - DAG(s) 'example_task_group_decorator' retrieved from /home/airflow/.local/lib/python3.12/site-packages/airflow/example_dags/example_task_group_decorator.py
[2024-11-11T02:32:50.301+0000] {logging_mixin.py:190} INFO - [2024-11-11T02:32:50.301+0000] {dag.py:3239} INFO - Sync 1 DAGs
[2024-11-11T02:32:50.308+0000] {logging_mixin.py:190} INFO - [2024-11-11T02:32:50.308+0000] {dag.py:4180} INFO - Setting next_dagrun for example_task_group_decorator to None, run_after=None
[2024-11-11T02:32:50.317+0000] {processor.py:208} INFO - Processing /home/airflow/.local/lib/python3.12/site-packages/airflow/example_dags/example_task_group_decorator.py took 0.042 seconds
[2024-11-11T02:33:20.963+0000] {processor.py:186} INFO - Started process (PID=1162) to work on /home/airflow/.local/lib/python3.12/site-packages/airflow/example_dags/example_task_group_decorator.py
[2024-11-11T02:33:20.964+0000] {processor.py:914} INFO - Processing file /home/airflow/.local/lib/python3.12/site-packages/airflow/example_dags/example_task_group_decorator.py for tasks to queue
[2024-11-11T02:33:20.966+0000] {logging_mixin.py:190} INFO - [2024-11-11T02:33:20.965+0000] {dagbag.py:588} INFO - Filling up the DagBag from /home/airflow/.local/lib/python3.12/site-packages/airflow/example_dags/example_task_group_decorator.py
[2024-11-11T02:33:20.984+0000] {processor.py:925} INFO - DAG(s) 'example_task_group_decorator' retrieved from /home/airflow/.local/lib/python3.12/site-packages/airflow/example_dags/example_task_group_decorator.py
[2024-11-11T02:33:21.005+0000] {logging_mixin.py:190} INFO - [2024-11-11T02:33:21.005+0000] {dag.py:3239} INFO - Sync 1 DAGs
[2024-11-11T02:33:21.015+0000] {logging_mixin.py:190} INFO - [2024-11-11T02:33:21.014+0000] {dag.py:4180} INFO - Setting next_dagrun for example_task_group_decorator to None, run_after=None
[2024-11-11T02:33:21.027+0000] {processor.py:208} INFO - Processing /home/airflow/.local/lib/python3.12/site-packages/airflow/example_dags/example_task_group_decorator.py took 0.074 seconds
[2024-11-11T02:33:51.717+0000] {processor.py:186} INFO - Started process (PID=1225) to work on /home/airflow/.local/lib/python3.12/site-packages/airflow/example_dags/example_task_group_decorator.py
[2024-11-11T02:33:51.717+0000] {processor.py:914} INFO - Processing file /home/airflow/.local/lib/python3.12/site-packages/airflow/example_dags/example_task_group_decorator.py for tasks to queue
[2024-11-11T02:33:51.719+0000] {logging_mixin.py:190} INFO - [2024-11-11T02:33:51.718+0000] {dagbag.py:588} INFO - Filling up the DagBag from /home/airflow/.local/lib/python3.12/site-packages/airflow/example_dags/example_task_group_decorator.py
[2024-11-11T02:33:51.726+0000] {processor.py:925} INFO - DAG(s) 'example_task_group_decorator' retrieved from /home/airflow/.local/lib/python3.12/site-packages/airflow/example_dags/example_task_group_decorator.py
[2024-11-11T02:33:51.739+0000] {logging_mixin.py:190} INFO - [2024-11-11T02:33:51.739+0000] {dag.py:3239} INFO - Sync 1 DAGs
[2024-11-11T02:33:51.746+0000] {logging_mixin.py:190} INFO - [2024-11-11T02:33:51.746+0000] {dag.py:4180} INFO - Setting next_dagrun for example_task_group_decorator to None, run_after=None
[2024-11-11T02:33:51.754+0000] {processor.py:208} INFO - Processing /home/airflow/.local/lib/python3.12/site-packages/airflow/example_dags/example_task_group_decorator.py took 0.041 seconds
[2024-11-11T02:34:22.284+0000] {processor.py:186} INFO - Started process (PID=1288) to work on /home/airflow/.local/lib/python3.12/site-packages/airflow/example_dags/example_task_group_decorator.py
[2024-11-11T02:34:22.284+0000] {processor.py:914} INFO - Processing file /home/airflow/.local/lib/python3.12/site-packages/airflow/example_dags/example_task_group_decorator.py for tasks to queue
[2024-11-11T02:34:22.286+0000] {logging_mixin.py:190} INFO - [2024-11-11T02:34:22.286+0000] {dagbag.py:588} INFO - Filling up the DagBag from /home/airflow/.local/lib/python3.12/site-packages/airflow/example_dags/example_task_group_decorator.py
[2024-11-11T02:34:22.294+0000] {processor.py:925} INFO - DAG(s) 'example_task_group_decorator' retrieved from /home/airflow/.local/lib/python3.12/site-packages/airflow/example_dags/example_task_group_decorator.py
[2024-11-11T02:34:22.306+0000] {logging_mixin.py:190} INFO - [2024-11-11T02:34:22.306+0000] {dag.py:3239} INFO - Sync 1 DAGs
[2024-11-11T02:34:22.313+0000] {logging_mixin.py:190} INFO - [2024-11-11T02:34:22.313+0000] {dag.py:4180} INFO - Setting next_dagrun for example_task_group_decorator to None, run_after=None
[2024-11-11T02:34:22.322+0000] {processor.py:208} INFO - Processing /home/airflow/.local/lib/python3.12/site-packages/airflow/example_dags/example_task_group_decorator.py took 0.042 seconds
[2024-11-11T02:34:53.187+0000] {processor.py:186} INFO - Started process (PID=1351) to work on /home/airflow/.local/lib/python3.12/site-packages/airflow/example_dags/example_task_group_decorator.py
[2024-11-11T02:34:53.188+0000] {processor.py:914} INFO - Processing file /home/airflow/.local/lib/python3.12/site-packages/airflow/example_dags/example_task_group_decorator.py for tasks to queue
[2024-11-11T02:34:53.189+0000] {logging_mixin.py:190} INFO - [2024-11-11T02:34:53.189+0000] {dagbag.py:588} INFO - Filling up the DagBag from /home/airflow/.local/lib/python3.12/site-packages/airflow/example_dags/example_task_group_decorator.py
[2024-11-11T02:34:53.197+0000] {processor.py:925} INFO - DAG(s) 'example_task_group_decorator' retrieved from /home/airflow/.local/lib/python3.12/site-packages/airflow/example_dags/example_task_group_decorator.py
[2024-11-11T02:34:53.209+0000] {logging_mixin.py:190} INFO - [2024-11-11T02:34:53.209+0000] {dag.py:3239} INFO - Sync 1 DAGs
[2024-11-11T02:34:53.216+0000] {logging_mixin.py:190} INFO - [2024-11-11T02:34:53.216+0000] {dag.py:4180} INFO - Setting next_dagrun for example_task_group_decorator to None, run_after=None
[2024-11-11T02:34:53.225+0000] {processor.py:208} INFO - Processing /home/airflow/.local/lib/python3.12/site-packages/airflow/example_dags/example_task_group_decorator.py took 0.041 seconds
[2024-11-11T02:35:24.000+0000] {processor.py:186} INFO - Started process (PID=1420) to work on /home/airflow/.local/lib/python3.12/site-packages/airflow/example_dags/example_task_group_decorator.py
[2024-11-11T02:35:24.001+0000] {processor.py:914} INFO - Processing file /home/airflow/.local/lib/python3.12/site-packages/airflow/example_dags/example_task_group_decorator.py for tasks to queue
[2024-11-11T02:35:24.002+0000] {logging_mixin.py:190} INFO - [2024-11-11T02:35:24.002+0000] {dagbag.py:588} INFO - Filling up the DagBag from /home/airflow/.local/lib/python3.12/site-packages/airflow/example_dags/example_task_group_decorator.py
[2024-11-11T02:35:24.010+0000] {processor.py:925} INFO - DAG(s) 'example_task_group_decorator' retrieved from /home/airflow/.local/lib/python3.12/site-packages/airflow/example_dags/example_task_group_decorator.py
[2024-11-11T02:35:24.023+0000] {logging_mixin.py:190} INFO - [2024-11-11T02:35:24.023+0000] {dag.py:3239} INFO - Sync 1 DAGs
[2024-11-11T02:35:24.031+0000] {logging_mixin.py:190} INFO - [2024-11-11T02:35:24.030+0000] {dag.py:4180} INFO - Setting next_dagrun for example_task_group_decorator to None, run_after=None
[2024-11-11T02:35:24.040+0000] {processor.py:208} INFO - Processing /home/airflow/.local/lib/python3.12/site-packages/airflow/example_dags/example_task_group_decorator.py took 0.044 seconds
[2024-11-11T02:35:54.699+0000] {processor.py:186} INFO - Started process (PID=1483) to work on /home/airflow/.local/lib/python3.12/site-packages/airflow/example_dags/example_task_group_decorator.py
[2024-11-11T02:35:54.700+0000] {processor.py:914} INFO - Processing file /home/airflow/.local/lib/python3.12/site-packages/airflow/example_dags/example_task_group_decorator.py for tasks to queue
[2024-11-11T02:35:54.701+0000] {logging_mixin.py:190} INFO - [2024-11-11T02:35:54.701+0000] {dagbag.py:588} INFO - Filling up the DagBag from /home/airflow/.local/lib/python3.12/site-packages/airflow/example_dags/example_task_group_decorator.py
[2024-11-11T02:35:54.711+0000] {processor.py:925} INFO - DAG(s) 'example_task_group_decorator' retrieved from /home/airflow/.local/lib/python3.12/site-packages/airflow/example_dags/example_task_group_decorator.py
[2024-11-11T02:35:54.729+0000] {logging_mixin.py:190} INFO - [2024-11-11T02:35:54.729+0000] {dag.py:3239} INFO - Sync 1 DAGs
[2024-11-11T02:35:54.737+0000] {logging_mixin.py:190} INFO - [2024-11-11T02:35:54.737+0000] {dag.py:4180} INFO - Setting next_dagrun for example_task_group_decorator to None, run_after=None
[2024-11-11T02:35:54.748+0000] {processor.py:208} INFO - Processing /home/airflow/.local/lib/python3.12/site-packages/airflow/example_dags/example_task_group_decorator.py took 0.053 seconds
[2024-11-11T02:36:25.425+0000] {processor.py:186} INFO - Started process (PID=1546) to work on /home/airflow/.local/lib/python3.12/site-packages/airflow/example_dags/example_task_group_decorator.py
[2024-11-11T02:36:25.426+0000] {processor.py:914} INFO - Processing file /home/airflow/.local/lib/python3.12/site-packages/airflow/example_dags/example_task_group_decorator.py for tasks to queue
[2024-11-11T02:36:25.427+0000] {logging_mixin.py:190} INFO - [2024-11-11T02:36:25.427+0000] {dagbag.py:588} INFO - Filling up the DagBag from /home/airflow/.local/lib/python3.12/site-packages/airflow/example_dags/example_task_group_decorator.py
[2024-11-11T02:36:25.436+0000] {processor.py:925} INFO - DAG(s) 'example_task_group_decorator' retrieved from /home/airflow/.local/lib/python3.12/site-packages/airflow/example_dags/example_task_group_decorator.py
[2024-11-11T02:36:25.450+0000] {logging_mixin.py:190} INFO - [2024-11-11T02:36:25.450+0000] {dag.py:3239} INFO - Sync 1 DAGs
[2024-11-11T02:36:25.458+0000] {logging_mixin.py:190} INFO - [2024-11-11T02:36:25.458+0000] {dag.py:4180} INFO - Setting next_dagrun for example_task_group_decorator to None, run_after=None
[2024-11-11T02:36:25.470+0000] {processor.py:208} INFO - Processing /home/airflow/.local/lib/python3.12/site-packages/airflow/example_dags/example_task_group_decorator.py took 0.049 seconds
[2024-11-11T02:36:56.038+0000] {processor.py:186} INFO - Started process (PID=1609) to work on /home/airflow/.local/lib/python3.12/site-packages/airflow/example_dags/example_task_group_decorator.py
[2024-11-11T02:36:56.039+0000] {processor.py:914} INFO - Processing file /home/airflow/.local/lib/python3.12/site-packages/airflow/example_dags/example_task_group_decorator.py for tasks to queue
[2024-11-11T02:36:56.041+0000] {logging_mixin.py:190} INFO - [2024-11-11T02:36:56.041+0000] {dagbag.py:588} INFO - Filling up the DagBag from /home/airflow/.local/lib/python3.12/site-packages/airflow/example_dags/example_task_group_decorator.py
[2024-11-11T02:36:56.049+0000] {processor.py:925} INFO - DAG(s) 'example_task_group_decorator' retrieved from /home/airflow/.local/lib/python3.12/site-packages/airflow/example_dags/example_task_group_decorator.py
[2024-11-11T02:36:56.062+0000] {logging_mixin.py:190} INFO - [2024-11-11T02:36:56.062+0000] {dag.py:3239} INFO - Sync 1 DAGs
[2024-11-11T02:36:56.069+0000] {logging_mixin.py:190} INFO - [2024-11-11T02:36:56.069+0000] {dag.py:4180} INFO - Setting next_dagrun for example_task_group_decorator to None, run_after=None
[2024-11-11T02:36:56.078+0000] {processor.py:208} INFO - Processing /home/airflow/.local/lib/python3.12/site-packages/airflow/example_dags/example_task_group_decorator.py took 0.043 seconds
[2024-11-11T02:37:26.697+0000] {processor.py:186} INFO - Started process (PID=1672) to work on /home/airflow/.local/lib/python3.12/site-packages/airflow/example_dags/example_task_group_decorator.py
[2024-11-11T02:37:26.698+0000] {processor.py:914} INFO - Processing file /home/airflow/.local/lib/python3.12/site-packages/airflow/example_dags/example_task_group_decorator.py for tasks to queue
[2024-11-11T02:37:26.699+0000] {logging_mixin.py:190} INFO - [2024-11-11T02:37:26.699+0000] {dagbag.py:588} INFO - Filling up the DagBag from /home/airflow/.local/lib/python3.12/site-packages/airflow/example_dags/example_task_group_decorator.py
[2024-11-11T02:37:26.707+0000] {processor.py:925} INFO - DAG(s) 'example_task_group_decorator' retrieved from /home/airflow/.local/lib/python3.12/site-packages/airflow/example_dags/example_task_group_decorator.py
[2024-11-11T02:37:26.719+0000] {logging_mixin.py:190} INFO - [2024-11-11T02:37:26.719+0000] {dag.py:3239} INFO - Sync 1 DAGs
[2024-11-11T02:37:26.726+0000] {logging_mixin.py:190} INFO - [2024-11-11T02:37:26.726+0000] {dag.py:4180} INFO - Setting next_dagrun for example_task_group_decorator to None, run_after=None
[2024-11-11T02:37:26.734+0000] {processor.py:208} INFO - Processing /home/airflow/.local/lib/python3.12/site-packages/airflow/example_dags/example_task_group_decorator.py took 0.041 seconds
[2024-11-11T02:37:57.335+0000] {processor.py:186} INFO - Started process (PID=1735) to work on /home/airflow/.local/lib/python3.12/site-packages/airflow/example_dags/example_task_group_decorator.py
[2024-11-11T02:37:57.335+0000] {processor.py:914} INFO - Processing file /home/airflow/.local/lib/python3.12/site-packages/airflow/example_dags/example_task_group_decorator.py for tasks to queue
[2024-11-11T02:37:57.337+0000] {logging_mixin.py:190} INFO - [2024-11-11T02:37:57.337+0000] {dagbag.py:588} INFO - Filling up the DagBag from /home/airflow/.local/lib/python3.12/site-packages/airflow/example_dags/example_task_group_decorator.py
[2024-11-11T02:37:57.345+0000] {processor.py:925} INFO - DAG(s) 'example_task_group_decorator' retrieved from /home/airflow/.local/lib/python3.12/site-packages/airflow/example_dags/example_task_group_decorator.py
[2024-11-11T02:37:57.357+0000] {logging_mixin.py:190} INFO - [2024-11-11T02:37:57.357+0000] {dag.py:3239} INFO - Sync 1 DAGs
[2024-11-11T02:37:57.364+0000] {logging_mixin.py:190} INFO - [2024-11-11T02:37:57.364+0000] {dag.py:4180} INFO - Setting next_dagrun for example_task_group_decorator to None, run_after=None
[2024-11-11T02:37:57.372+0000] {processor.py:208} INFO - Processing /home/airflow/.local/lib/python3.12/site-packages/airflow/example_dags/example_task_group_decorator.py took 0.041 seconds
[2024-11-11T02:38:28.382+0000] {processor.py:186} INFO - Started process (PID=1798) to work on /home/airflow/.local/lib/python3.12/site-packages/airflow/example_dags/example_task_group_decorator.py
[2024-11-11T02:38:28.383+0000] {processor.py:914} INFO - Processing file /home/airflow/.local/lib/python3.12/site-packages/airflow/example_dags/example_task_group_decorator.py for tasks to queue
[2024-11-11T02:38:28.384+0000] {logging_mixin.py:190} INFO - [2024-11-11T02:38:28.384+0000] {dagbag.py:588} INFO - Filling up the DagBag from /home/airflow/.local/lib/python3.12/site-packages/airflow/example_dags/example_task_group_decorator.py
[2024-11-11T02:38:28.392+0000] {processor.py:925} INFO - DAG(s) 'example_task_group_decorator' retrieved from /home/airflow/.local/lib/python3.12/site-packages/airflow/example_dags/example_task_group_decorator.py
[2024-11-11T02:38:28.405+0000] {logging_mixin.py:190} INFO - [2024-11-11T02:38:28.405+0000] {dag.py:3239} INFO - Sync 1 DAGs
[2024-11-11T02:38:28.412+0000] {logging_mixin.py:190} INFO - [2024-11-11T02:38:28.412+0000] {dag.py:4180} INFO - Setting next_dagrun for example_task_group_decorator to None, run_after=None
[2024-11-11T02:38:28.421+0000] {processor.py:208} INFO - Processing /home/airflow/.local/lib/python3.12/site-packages/airflow/example_dags/example_task_group_decorator.py took 0.042 seconds
[2024-11-11T02:38:58.994+0000] {processor.py:186} INFO - Started process (PID=1861) to work on /home/airflow/.local/lib/python3.12/site-packages/airflow/example_dags/example_task_group_decorator.py
[2024-11-11T02:38:58.994+0000] {processor.py:914} INFO - Processing file /home/airflow/.local/lib/python3.12/site-packages/airflow/example_dags/example_task_group_decorator.py for tasks to queue
[2024-11-11T02:38:58.996+0000] {logging_mixin.py:190} INFO - [2024-11-11T02:38:58.996+0000] {dagbag.py:588} INFO - Filling up the DagBag from /home/airflow/.local/lib/python3.12/site-packages/airflow/example_dags/example_task_group_decorator.py
[2024-11-11T02:38:59.004+0000] {processor.py:925} INFO - DAG(s) 'example_task_group_decorator' retrieved from /home/airflow/.local/lib/python3.12/site-packages/airflow/example_dags/example_task_group_decorator.py
[2024-11-11T02:38:59.017+0000] {logging_mixin.py:190} INFO - [2024-11-11T02:38:59.016+0000] {dag.py:3239} INFO - Sync 1 DAGs
[2024-11-11T02:38:59.024+0000] {logging_mixin.py:190} INFO - [2024-11-11T02:38:59.024+0000] {dag.py:4180} INFO - Setting next_dagrun for example_task_group_decorator to None, run_after=None
[2024-11-11T02:38:59.032+0000] {processor.py:208} INFO - Processing /home/airflow/.local/lib/python3.12/site-packages/airflow/example_dags/example_task_group_decorator.py took 0.042 seconds
[2024-11-11T02:39:29.659+0000] {processor.py:186} INFO - Started process (PID=1924) to work on /home/airflow/.local/lib/python3.12/site-packages/airflow/example_dags/example_task_group_decorator.py
[2024-11-11T02:39:29.660+0000] {processor.py:914} INFO - Processing file /home/airflow/.local/lib/python3.12/site-packages/airflow/example_dags/example_task_group_decorator.py for tasks to queue
[2024-11-11T02:39:29.661+0000] {logging_mixin.py:190} INFO - [2024-11-11T02:39:29.661+0000] {dagbag.py:588} INFO - Filling up the DagBag from /home/airflow/.local/lib/python3.12/site-packages/airflow/example_dags/example_task_group_decorator.py
[2024-11-11T02:39:29.669+0000] {processor.py:925} INFO - DAG(s) 'example_task_group_decorator' retrieved from /home/airflow/.local/lib/python3.12/site-packages/airflow/example_dags/example_task_group_decorator.py
[2024-11-11T02:39:29.681+0000] {logging_mixin.py:190} INFO - [2024-11-11T02:39:29.681+0000] {dag.py:3239} INFO - Sync 1 DAGs
[2024-11-11T02:39:29.688+0000] {logging_mixin.py:190} INFO - [2024-11-11T02:39:29.688+0000] {dag.py:4180} INFO - Setting next_dagrun for example_task_group_decorator to None, run_after=None
[2024-11-11T02:39:29.697+0000] {processor.py:208} INFO - Processing /home/airflow/.local/lib/python3.12/site-packages/airflow/example_dags/example_task_group_decorator.py took 0.041 seconds
[2024-11-11T02:40:00.505+0000] {processor.py:186} INFO - Started process (PID=1987) to work on /home/airflow/.local/lib/python3.12/site-packages/airflow/example_dags/example_task_group_decorator.py
[2024-11-11T02:40:00.505+0000] {processor.py:914} INFO - Processing file /home/airflow/.local/lib/python3.12/site-packages/airflow/example_dags/example_task_group_decorator.py for tasks to queue
[2024-11-11T02:40:00.507+0000] {logging_mixin.py:190} INFO - [2024-11-11T02:40:00.506+0000] {dagbag.py:588} INFO - Filling up the DagBag from /home/airflow/.local/lib/python3.12/site-packages/airflow/example_dags/example_task_group_decorator.py
[2024-11-11T02:40:00.515+0000] {processor.py:925} INFO - DAG(s) 'example_task_group_decorator' retrieved from /home/airflow/.local/lib/python3.12/site-packages/airflow/example_dags/example_task_group_decorator.py
[2024-11-11T02:40:00.528+0000] {logging_mixin.py:190} INFO - [2024-11-11T02:40:00.528+0000] {dag.py:3239} INFO - Sync 1 DAGs
[2024-11-11T02:40:00.536+0000] {logging_mixin.py:190} INFO - [2024-11-11T02:40:00.536+0000] {dag.py:4180} INFO - Setting next_dagrun for example_task_group_decorator to None, run_after=None
[2024-11-11T02:40:00.545+0000] {processor.py:208} INFO - Processing /home/airflow/.local/lib/python3.12/site-packages/airflow/example_dags/example_task_group_decorator.py took 0.044 seconds
[2024-11-11T02:40:31.743+0000] {processor.py:186} INFO - Started process (PID=2050) to work on /home/airflow/.local/lib/python3.12/site-packages/airflow/example_dags/example_task_group_decorator.py
[2024-11-11T02:40:31.744+0000] {processor.py:914} INFO - Processing file /home/airflow/.local/lib/python3.12/site-packages/airflow/example_dags/example_task_group_decorator.py for tasks to queue
[2024-11-11T02:40:31.745+0000] {logging_mixin.py:190} INFO - [2024-11-11T02:40:31.745+0000] {dagbag.py:588} INFO - Filling up the DagBag from /home/airflow/.local/lib/python3.12/site-packages/airflow/example_dags/example_task_group_decorator.py
[2024-11-11T02:40:31.754+0000] {processor.py:925} INFO - DAG(s) 'example_task_group_decorator' retrieved from /home/airflow/.local/lib/python3.12/site-packages/airflow/example_dags/example_task_group_decorator.py
[2024-11-11T02:40:31.766+0000] {logging_mixin.py:190} INFO - [2024-11-11T02:40:31.766+0000] {dag.py:3239} INFO - Sync 1 DAGs
[2024-11-11T02:40:31.774+0000] {logging_mixin.py:190} INFO - [2024-11-11T02:40:31.773+0000] {dag.py:4180} INFO - Setting next_dagrun for example_task_group_decorator to None, run_after=None
[2024-11-11T02:40:31.782+0000] {processor.py:208} INFO - Processing /home/airflow/.local/lib/python3.12/site-packages/airflow/example_dags/example_task_group_decorator.py took 0.042 seconds
[2024-11-11T02:41:02.424+0000] {processor.py:186} INFO - Started process (PID=2113) to work on /home/airflow/.local/lib/python3.12/site-packages/airflow/example_dags/example_task_group_decorator.py
[2024-11-11T02:41:02.425+0000] {processor.py:914} INFO - Processing file /home/airflow/.local/lib/python3.12/site-packages/airflow/example_dags/example_task_group_decorator.py for tasks to queue
[2024-11-11T02:41:02.426+0000] {logging_mixin.py:190} INFO - [2024-11-11T02:41:02.426+0000] {dagbag.py:588} INFO - Filling up the DagBag from /home/airflow/.local/lib/python3.12/site-packages/airflow/example_dags/example_task_group_decorator.py
[2024-11-11T02:41:02.434+0000] {processor.py:925} INFO - DAG(s) 'example_task_group_decorator' retrieved from /home/airflow/.local/lib/python3.12/site-packages/airflow/example_dags/example_task_group_decorator.py
[2024-11-11T02:41:02.446+0000] {logging_mixin.py:190} INFO - [2024-11-11T02:41:02.446+0000] {dag.py:3239} INFO - Sync 1 DAGs
[2024-11-11T02:41:02.453+0000] {logging_mixin.py:190} INFO - [2024-11-11T02:41:02.453+0000] {dag.py:4180} INFO - Setting next_dagrun for example_task_group_decorator to None, run_after=None
[2024-11-11T02:41:02.461+0000] {processor.py:208} INFO - Processing /home/airflow/.local/lib/python3.12/site-packages/airflow/example_dags/example_task_group_decorator.py took 0.041 seconds
[2024-11-11T02:41:33.231+0000] {processor.py:186} INFO - Started process (PID=2176) to work on /home/airflow/.local/lib/python3.12/site-packages/airflow/example_dags/example_task_group_decorator.py
[2024-11-11T02:41:33.232+0000] {processor.py:914} INFO - Processing file /home/airflow/.local/lib/python3.12/site-packages/airflow/example_dags/example_task_group_decorator.py for tasks to queue
[2024-11-11T02:41:33.233+0000] {logging_mixin.py:190} INFO - [2024-11-11T02:41:33.233+0000] {dagbag.py:588} INFO - Filling up the DagBag from /home/airflow/.local/lib/python3.12/site-packages/airflow/example_dags/example_task_group_decorator.py
[2024-11-11T02:41:33.242+0000] {processor.py:925} INFO - DAG(s) 'example_task_group_decorator' retrieved from /home/airflow/.local/lib/python3.12/site-packages/airflow/example_dags/example_task_group_decorator.py
[2024-11-11T02:41:33.256+0000] {logging_mixin.py:190} INFO - [2024-11-11T02:41:33.255+0000] {dag.py:3239} INFO - Sync 1 DAGs
[2024-11-11T02:41:33.263+0000] {logging_mixin.py:190} INFO - [2024-11-11T02:41:33.263+0000] {dag.py:4180} INFO - Setting next_dagrun for example_task_group_decorator to None, run_after=None
[2024-11-11T02:41:33.272+0000] {processor.py:208} INFO - Processing /home/airflow/.local/lib/python3.12/site-packages/airflow/example_dags/example_task_group_decorator.py took 0.045 seconds
[2024-11-11T02:42:03.884+0000] {processor.py:186} INFO - Started process (PID=2239) to work on /home/airflow/.local/lib/python3.12/site-packages/airflow/example_dags/example_task_group_decorator.py
[2024-11-11T02:42:03.884+0000] {processor.py:914} INFO - Processing file /home/airflow/.local/lib/python3.12/site-packages/airflow/example_dags/example_task_group_decorator.py for tasks to queue
[2024-11-11T02:42:03.886+0000] {logging_mixin.py:190} INFO - [2024-11-11T02:42:03.885+0000] {dagbag.py:588} INFO - Filling up the DagBag from /home/airflow/.local/lib/python3.12/site-packages/airflow/example_dags/example_task_group_decorator.py
[2024-11-11T02:42:03.893+0000] {processor.py:925} INFO - DAG(s) 'example_task_group_decorator' retrieved from /home/airflow/.local/lib/python3.12/site-packages/airflow/example_dags/example_task_group_decorator.py
[2024-11-11T02:42:03.904+0000] {logging_mixin.py:190} INFO - [2024-11-11T02:42:03.904+0000] {dag.py:3239} INFO - Sync 1 DAGs
[2024-11-11T02:42:03.911+0000] {logging_mixin.py:190} INFO - [2024-11-11T02:42:03.911+0000] {dag.py:4180} INFO - Setting next_dagrun for example_task_group_decorator to None, run_after=None
[2024-11-11T02:42:03.918+0000] {processor.py:208} INFO - Processing /home/airflow/.local/lib/python3.12/site-packages/airflow/example_dags/example_task_group_decorator.py took 0.038 seconds
[2024-11-11T02:42:34.549+0000] {processor.py:186} INFO - Started process (PID=2302) to work on /home/airflow/.local/lib/python3.12/site-packages/airflow/example_dags/example_task_group_decorator.py
[2024-11-11T02:42:34.549+0000] {processor.py:914} INFO - Processing file /home/airflow/.local/lib/python3.12/site-packages/airflow/example_dags/example_task_group_decorator.py for tasks to queue
[2024-11-11T02:42:34.551+0000] {logging_mixin.py:190} INFO - [2024-11-11T02:42:34.551+0000] {dagbag.py:588} INFO - Filling up the DagBag from /home/airflow/.local/lib/python3.12/site-packages/airflow/example_dags/example_task_group_decorator.py
[2024-11-11T02:42:34.559+0000] {processor.py:925} INFO - DAG(s) 'example_task_group_decorator' retrieved from /home/airflow/.local/lib/python3.12/site-packages/airflow/example_dags/example_task_group_decorator.py
[2024-11-11T02:42:34.572+0000] {logging_mixin.py:190} INFO - [2024-11-11T02:42:34.571+0000] {dag.py:3239} INFO - Sync 1 DAGs
[2024-11-11T02:42:34.578+0000] {logging_mixin.py:190} INFO - [2024-11-11T02:42:34.578+0000] {dag.py:4180} INFO - Setting next_dagrun for example_task_group_decorator to None, run_after=None
[2024-11-11T02:42:34.587+0000] {processor.py:208} INFO - Processing /home/airflow/.local/lib/python3.12/site-packages/airflow/example_dags/example_task_group_decorator.py took 0.042 seconds
[2024-11-11T02:43:05.229+0000] {processor.py:186} INFO - Started process (PID=2365) to work on /home/airflow/.local/lib/python3.12/site-packages/airflow/example_dags/example_task_group_decorator.py
[2024-11-11T02:43:05.230+0000] {processor.py:914} INFO - Processing file /home/airflow/.local/lib/python3.12/site-packages/airflow/example_dags/example_task_group_decorator.py for tasks to queue
[2024-11-11T02:43:05.232+0000] {logging_mixin.py:190} INFO - [2024-11-11T02:43:05.232+0000] {dagbag.py:588} INFO - Filling up the DagBag from /home/airflow/.local/lib/python3.12/site-packages/airflow/example_dags/example_task_group_decorator.py
[2024-11-11T02:43:05.240+0000] {processor.py:925} INFO - DAG(s) 'example_task_group_decorator' retrieved from /home/airflow/.local/lib/python3.12/site-packages/airflow/example_dags/example_task_group_decorator.py
[2024-11-11T02:43:05.255+0000] {logging_mixin.py:190} INFO - [2024-11-11T02:43:05.254+0000] {dag.py:3239} INFO - Sync 1 DAGs
[2024-11-11T02:43:05.262+0000] {logging_mixin.py:190} INFO - [2024-11-11T02:43:05.262+0000] {dag.py:4180} INFO - Setting next_dagrun for example_task_group_decorator to None, run_after=None
[2024-11-11T02:43:05.270+0000] {processor.py:208} INFO - Processing /home/airflow/.local/lib/python3.12/site-packages/airflow/example_dags/example_task_group_decorator.py took 0.044 seconds
[2024-11-11T02:43:36.078+0000] {processor.py:186} INFO - Started process (PID=2428) to work on /home/airflow/.local/lib/python3.12/site-packages/airflow/example_dags/example_task_group_decorator.py
[2024-11-11T02:43:36.079+0000] {processor.py:914} INFO - Processing file /home/airflow/.local/lib/python3.12/site-packages/airflow/example_dags/example_task_group_decorator.py for tasks to queue
[2024-11-11T02:43:36.080+0000] {logging_mixin.py:190} INFO - [2024-11-11T02:43:36.080+0000] {dagbag.py:588} INFO - Filling up the DagBag from /home/airflow/.local/lib/python3.12/site-packages/airflow/example_dags/example_task_group_decorator.py
[2024-11-11T02:43:36.088+0000] {processor.py:925} INFO - DAG(s) 'example_task_group_decorator' retrieved from /home/airflow/.local/lib/python3.12/site-packages/airflow/example_dags/example_task_group_decorator.py
[2024-11-11T02:43:36.100+0000] {logging_mixin.py:190} INFO - [2024-11-11T02:43:36.100+0000] {dag.py:3239} INFO - Sync 1 DAGs
[2024-11-11T02:43:36.106+0000] {logging_mixin.py:190} INFO - [2024-11-11T02:43:36.106+0000] {dag.py:4180} INFO - Setting next_dagrun for example_task_group_decorator to None, run_after=None
[2024-11-11T02:43:36.115+0000] {processor.py:208} INFO - Processing /home/airflow/.local/lib/python3.12/site-packages/airflow/example_dags/example_task_group_decorator.py took 0.040 seconds
[2024-11-11T02:44:06.761+0000] {processor.py:186} INFO - Started process (PID=2491) to work on /home/airflow/.local/lib/python3.12/site-packages/airflow/example_dags/example_task_group_decorator.py
[2024-11-11T02:44:06.761+0000] {processor.py:914} INFO - Processing file /home/airflow/.local/lib/python3.12/site-packages/airflow/example_dags/example_task_group_decorator.py for tasks to queue
[2024-11-11T02:44:06.762+0000] {logging_mixin.py:190} INFO - [2024-11-11T02:44:06.762+0000] {dagbag.py:588} INFO - Filling up the DagBag from /home/airflow/.local/lib/python3.12/site-packages/airflow/example_dags/example_task_group_decorator.py
[2024-11-11T02:44:06.770+0000] {processor.py:925} INFO - DAG(s) 'example_task_group_decorator' retrieved from /home/airflow/.local/lib/python3.12/site-packages/airflow/example_dags/example_task_group_decorator.py
[2024-11-11T02:44:06.782+0000] {logging_mixin.py:190} INFO - [2024-11-11T02:44:06.782+0000] {dag.py:3239} INFO - Sync 1 DAGs
[2024-11-11T02:44:06.789+0000] {logging_mixin.py:190} INFO - [2024-11-11T02:44:06.788+0000] {dag.py:4180} INFO - Setting next_dagrun for example_task_group_decorator to None, run_after=None
[2024-11-11T02:44:06.796+0000] {processor.py:208} INFO - Processing /home/airflow/.local/lib/python3.12/site-packages/airflow/example_dags/example_task_group_decorator.py took 0.039 seconds
[2024-11-11T02:44:37.457+0000] {processor.py:186} INFO - Started process (PID=2554) to work on /home/airflow/.local/lib/python3.12/site-packages/airflow/example_dags/example_task_group_decorator.py
[2024-11-11T02:44:37.458+0000] {processor.py:914} INFO - Processing file /home/airflow/.local/lib/python3.12/site-packages/airflow/example_dags/example_task_group_decorator.py for tasks to queue
[2024-11-11T02:44:37.459+0000] {logging_mixin.py:190} INFO - [2024-11-11T02:44:37.459+0000] {dagbag.py:588} INFO - Filling up the DagBag from /home/airflow/.local/lib/python3.12/site-packages/airflow/example_dags/example_task_group_decorator.py
[2024-11-11T02:44:37.466+0000] {processor.py:925} INFO - DAG(s) 'example_task_group_decorator' retrieved from /home/airflow/.local/lib/python3.12/site-packages/airflow/example_dags/example_task_group_decorator.py
[2024-11-11T02:44:37.478+0000] {logging_mixin.py:190} INFO - [2024-11-11T02:44:37.478+0000] {dag.py:3239} INFO - Sync 1 DAGs
[2024-11-11T02:44:37.484+0000] {logging_mixin.py:190} INFO - [2024-11-11T02:44:37.484+0000] {dag.py:4180} INFO - Setting next_dagrun for example_task_group_decorator to None, run_after=None
[2024-11-11T02:44:37.492+0000] {processor.py:208} INFO - Processing /home/airflow/.local/lib/python3.12/site-packages/airflow/example_dags/example_task_group_decorator.py took 0.038 seconds
[2024-11-11T02:45:08.007+0000] {processor.py:186} INFO - Started process (PID=2617) to work on /home/airflow/.local/lib/python3.12/site-packages/airflow/example_dags/example_task_group_decorator.py
[2024-11-11T02:45:08.007+0000] {processor.py:914} INFO - Processing file /home/airflow/.local/lib/python3.12/site-packages/airflow/example_dags/example_task_group_decorator.py for tasks to queue
[2024-11-11T02:45:08.008+0000] {logging_mixin.py:190} INFO - [2024-11-11T02:45:08.008+0000] {dagbag.py:588} INFO - Filling up the DagBag from /home/airflow/.local/lib/python3.12/site-packages/airflow/example_dags/example_task_group_decorator.py
[2024-11-11T02:45:08.016+0000] {processor.py:925} INFO - DAG(s) 'example_task_group_decorator' retrieved from /home/airflow/.local/lib/python3.12/site-packages/airflow/example_dags/example_task_group_decorator.py
[2024-11-11T02:45:08.027+0000] {logging_mixin.py:190} INFO - [2024-11-11T02:45:08.027+0000] {dag.py:3239} INFO - Sync 1 DAGs
[2024-11-11T02:45:08.034+0000] {logging_mixin.py:190} INFO - [2024-11-11T02:45:08.033+0000] {dag.py:4180} INFO - Setting next_dagrun for example_task_group_decorator to None, run_after=None
[2024-11-11T02:45:08.041+0000] {processor.py:208} INFO - Processing /home/airflow/.local/lib/python3.12/site-packages/airflow/example_dags/example_task_group_decorator.py took 0.038 seconds
[2024-11-11T02:45:38.684+0000] {processor.py:186} INFO - Started process (PID=2680) to work on /home/airflow/.local/lib/python3.12/site-packages/airflow/example_dags/example_task_group_decorator.py
[2024-11-11T02:45:38.685+0000] {processor.py:914} INFO - Processing file /home/airflow/.local/lib/python3.12/site-packages/airflow/example_dags/example_task_group_decorator.py for tasks to queue
[2024-11-11T02:45:38.686+0000] {logging_mixin.py:190} INFO - [2024-11-11T02:45:38.686+0000] {dagbag.py:588} INFO - Filling up the DagBag from /home/airflow/.local/lib/python3.12/site-packages/airflow/example_dags/example_task_group_decorator.py
[2024-11-11T02:45:38.694+0000] {processor.py:925} INFO - DAG(s) 'example_task_group_decorator' retrieved from /home/airflow/.local/lib/python3.12/site-packages/airflow/example_dags/example_task_group_decorator.py
[2024-11-11T02:45:38.705+0000] {logging_mixin.py:190} INFO - [2024-11-11T02:45:38.705+0000] {dag.py:3239} INFO - Sync 1 DAGs
[2024-11-11T02:45:38.711+0000] {logging_mixin.py:190} INFO - [2024-11-11T02:45:38.711+0000] {dag.py:4180} INFO - Setting next_dagrun for example_task_group_decorator to None, run_after=None
[2024-11-11T02:45:38.718+0000] {processor.py:208} INFO - Processing /home/airflow/.local/lib/python3.12/site-packages/airflow/example_dags/example_task_group_decorator.py took 0.037 seconds
[2024-11-11T02:46:09.338+0000] {processor.py:186} INFO - Started process (PID=2742) to work on /home/airflow/.local/lib/python3.12/site-packages/airflow/example_dags/example_task_group_decorator.py
[2024-11-11T02:46:09.338+0000] {processor.py:914} INFO - Processing file /home/airflow/.local/lib/python3.12/site-packages/airflow/example_dags/example_task_group_decorator.py for tasks to queue
[2024-11-11T02:46:09.339+0000] {logging_mixin.py:190} INFO - [2024-11-11T02:46:09.339+0000] {dagbag.py:588} INFO - Filling up the DagBag from /home/airflow/.local/lib/python3.12/site-packages/airflow/example_dags/example_task_group_decorator.py
[2024-11-11T02:46:09.347+0000] {processor.py:925} INFO - DAG(s) 'example_task_group_decorator' retrieved from /home/airflow/.local/lib/python3.12/site-packages/airflow/example_dags/example_task_group_decorator.py
[2024-11-11T02:46:09.358+0000] {logging_mixin.py:190} INFO - [2024-11-11T02:46:09.358+0000] {dag.py:3239} INFO - Sync 1 DAGs
[2024-11-11T02:46:09.365+0000] {logging_mixin.py:190} INFO - [2024-11-11T02:46:09.364+0000] {dag.py:4180} INFO - Setting next_dagrun for example_task_group_decorator to None, run_after=None
[2024-11-11T02:46:09.372+0000] {processor.py:208} INFO - Processing /home/airflow/.local/lib/python3.12/site-packages/airflow/example_dags/example_task_group_decorator.py took 0.038 seconds
[2024-11-11T02:46:40.085+0000] {processor.py:186} INFO - Started process (PID=2805) to work on /home/airflow/.local/lib/python3.12/site-packages/airflow/example_dags/example_task_group_decorator.py
[2024-11-11T02:46:40.086+0000] {processor.py:914} INFO - Processing file /home/airflow/.local/lib/python3.12/site-packages/airflow/example_dags/example_task_group_decorator.py for tasks to queue
[2024-11-11T02:46:40.087+0000] {logging_mixin.py:190} INFO - [2024-11-11T02:46:40.087+0000] {dagbag.py:588} INFO - Filling up the DagBag from /home/airflow/.local/lib/python3.12/site-packages/airflow/example_dags/example_task_group_decorator.py
[2024-11-11T02:46:40.095+0000] {processor.py:925} INFO - DAG(s) 'example_task_group_decorator' retrieved from /home/airflow/.local/lib/python3.12/site-packages/airflow/example_dags/example_task_group_decorator.py
[2024-11-11T02:46:40.108+0000] {logging_mixin.py:190} INFO - [2024-11-11T02:46:40.108+0000] {dag.py:3239} INFO - Sync 1 DAGs
[2024-11-11T02:46:40.115+0000] {logging_mixin.py:190} INFO - [2024-11-11T02:46:40.115+0000] {dag.py:4180} INFO - Setting next_dagrun for example_task_group_decorator to None, run_after=None
[2024-11-11T02:46:40.123+0000] {processor.py:208} INFO - Processing /home/airflow/.local/lib/python3.12/site-packages/airflow/example_dags/example_task_group_decorator.py took 0.042 seconds
[2024-11-11T02:47:10.662+0000] {processor.py:186} INFO - Started process (PID=2868) to work on /home/airflow/.local/lib/python3.12/site-packages/airflow/example_dags/example_task_group_decorator.py
[2024-11-11T02:47:10.663+0000] {processor.py:914} INFO - Processing file /home/airflow/.local/lib/python3.12/site-packages/airflow/example_dags/example_task_group_decorator.py for tasks to queue
[2024-11-11T02:47:10.664+0000] {logging_mixin.py:190} INFO - [2024-11-11T02:47:10.664+0000] {dagbag.py:588} INFO - Filling up the DagBag from /home/airflow/.local/lib/python3.12/site-packages/airflow/example_dags/example_task_group_decorator.py
[2024-11-11T02:47:10.672+0000] {processor.py:925} INFO - DAG(s) 'example_task_group_decorator' retrieved from /home/airflow/.local/lib/python3.12/site-packages/airflow/example_dags/example_task_group_decorator.py
[2024-11-11T02:47:10.683+0000] {logging_mixin.py:190} INFO - [2024-11-11T02:47:10.683+0000] {dag.py:3239} INFO - Sync 1 DAGs
[2024-11-11T02:47:10.689+0000] {logging_mixin.py:190} INFO - [2024-11-11T02:47:10.689+0000] {dag.py:4180} INFO - Setting next_dagrun for example_task_group_decorator to None, run_after=None
[2024-11-11T02:47:10.697+0000] {processor.py:208} INFO - Processing /home/airflow/.local/lib/python3.12/site-packages/airflow/example_dags/example_task_group_decorator.py took 0.038 seconds
[2024-11-11T02:47:41.245+0000] {processor.py:186} INFO - Started process (PID=2931) to work on /home/airflow/.local/lib/python3.12/site-packages/airflow/example_dags/example_task_group_decorator.py
[2024-11-11T02:47:41.246+0000] {processor.py:914} INFO - Processing file /home/airflow/.local/lib/python3.12/site-packages/airflow/example_dags/example_task_group_decorator.py for tasks to queue
[2024-11-11T02:47:41.248+0000] {logging_mixin.py:190} INFO - [2024-11-11T02:47:41.247+0000] {dagbag.py:588} INFO - Filling up the DagBag from /home/airflow/.local/lib/python3.12/site-packages/airflow/example_dags/example_task_group_decorator.py
[2024-11-11T02:47:41.255+0000] {processor.py:925} INFO - DAG(s) 'example_task_group_decorator' retrieved from /home/airflow/.local/lib/python3.12/site-packages/airflow/example_dags/example_task_group_decorator.py
[2024-11-11T02:47:41.268+0000] {logging_mixin.py:190} INFO - [2024-11-11T02:47:41.267+0000] {dag.py:3239} INFO - Sync 1 DAGs
[2024-11-11T02:47:41.275+0000] {logging_mixin.py:190} INFO - [2024-11-11T02:47:41.274+0000] {dag.py:4180} INFO - Setting next_dagrun for example_task_group_decorator to None, run_after=None
[2024-11-11T02:47:41.282+0000] {processor.py:208} INFO - Processing /home/airflow/.local/lib/python3.12/site-packages/airflow/example_dags/example_task_group_decorator.py took 0.041 seconds
[2024-11-11T02:48:11.839+0000] {processor.py:186} INFO - Started process (PID=2994) to work on /home/airflow/.local/lib/python3.12/site-packages/airflow/example_dags/example_task_group_decorator.py
[2024-11-11T02:48:11.840+0000] {processor.py:914} INFO - Processing file /home/airflow/.local/lib/python3.12/site-packages/airflow/example_dags/example_task_group_decorator.py for tasks to queue
[2024-11-11T02:48:11.841+0000] {logging_mixin.py:190} INFO - [2024-11-11T02:48:11.841+0000] {dagbag.py:588} INFO - Filling up the DagBag from /home/airflow/.local/lib/python3.12/site-packages/airflow/example_dags/example_task_group_decorator.py
[2024-11-11T02:48:11.848+0000] {processor.py:925} INFO - DAG(s) 'example_task_group_decorator' retrieved from /home/airflow/.local/lib/python3.12/site-packages/airflow/example_dags/example_task_group_decorator.py
[2024-11-11T02:48:11.860+0000] {logging_mixin.py:190} INFO - [2024-11-11T02:48:11.860+0000] {dag.py:3239} INFO - Sync 1 DAGs
[2024-11-11T02:48:11.866+0000] {logging_mixin.py:190} INFO - [2024-11-11T02:48:11.866+0000] {dag.py:4180} INFO - Setting next_dagrun for example_task_group_decorator to None, run_after=None
[2024-11-11T02:48:11.874+0000] {processor.py:208} INFO - Processing /home/airflow/.local/lib/python3.12/site-packages/airflow/example_dags/example_task_group_decorator.py took 0.038 seconds
[2024-11-11T02:48:42.435+0000] {processor.py:186} INFO - Started process (PID=3057) to work on /home/airflow/.local/lib/python3.12/site-packages/airflow/example_dags/example_task_group_decorator.py
[2024-11-11T02:48:42.436+0000] {processor.py:914} INFO - Processing file /home/airflow/.local/lib/python3.12/site-packages/airflow/example_dags/example_task_group_decorator.py for tasks to queue
[2024-11-11T02:48:42.437+0000] {logging_mixin.py:190} INFO - [2024-11-11T02:48:42.437+0000] {dagbag.py:588} INFO - Filling up the DagBag from /home/airflow/.local/lib/python3.12/site-packages/airflow/example_dags/example_task_group_decorator.py
[2024-11-11T02:48:42.445+0000] {processor.py:925} INFO - DAG(s) 'example_task_group_decorator' retrieved from /home/airflow/.local/lib/python3.12/site-packages/airflow/example_dags/example_task_group_decorator.py
[2024-11-11T02:48:42.456+0000] {logging_mixin.py:190} INFO - [2024-11-11T02:48:42.456+0000] {dag.py:3239} INFO - Sync 1 DAGs
[2024-11-11T02:48:42.463+0000] {logging_mixin.py:190} INFO - [2024-11-11T02:48:42.463+0000] {dag.py:4180} INFO - Setting next_dagrun for example_task_group_decorator to None, run_after=None
[2024-11-11T02:48:42.470+0000] {processor.py:208} INFO - Processing /home/airflow/.local/lib/python3.12/site-packages/airflow/example_dags/example_task_group_decorator.py took 0.038 seconds
[2024-11-11T02:49:13.004+0000] {processor.py:186} INFO - Started process (PID=3120) to work on /home/airflow/.local/lib/python3.12/site-packages/airflow/example_dags/example_task_group_decorator.py
[2024-11-11T02:49:13.005+0000] {processor.py:914} INFO - Processing file /home/airflow/.local/lib/python3.12/site-packages/airflow/example_dags/example_task_group_decorator.py for tasks to queue
[2024-11-11T02:49:13.006+0000] {logging_mixin.py:190} INFO - [2024-11-11T02:49:13.006+0000] {dagbag.py:588} INFO - Filling up the DagBag from /home/airflow/.local/lib/python3.12/site-packages/airflow/example_dags/example_task_group_decorator.py
[2024-11-11T02:49:13.014+0000] {processor.py:925} INFO - DAG(s) 'example_task_group_decorator' retrieved from /home/airflow/.local/lib/python3.12/site-packages/airflow/example_dags/example_task_group_decorator.py
[2024-11-11T02:49:13.025+0000] {logging_mixin.py:190} INFO - [2024-11-11T02:49:13.025+0000] {dag.py:3239} INFO - Sync 1 DAGs
[2024-11-11T02:49:13.031+0000] {logging_mixin.py:190} INFO - [2024-11-11T02:49:13.031+0000] {dag.py:4180} INFO - Setting next_dagrun for example_task_group_decorator to None, run_after=None
[2024-11-11T02:49:13.039+0000] {processor.py:208} INFO - Processing /home/airflow/.local/lib/python3.12/site-packages/airflow/example_dags/example_task_group_decorator.py took 0.038 seconds
[2024-11-11T02:49:43.860+0000] {processor.py:186} INFO - Started process (PID=3183) to work on /home/airflow/.local/lib/python3.12/site-packages/airflow/example_dags/example_task_group_decorator.py
[2024-11-11T02:49:43.860+0000] {processor.py:914} INFO - Processing file /home/airflow/.local/lib/python3.12/site-packages/airflow/example_dags/example_task_group_decorator.py for tasks to queue
[2024-11-11T02:49:43.862+0000] {logging_mixin.py:190} INFO - [2024-11-11T02:49:43.861+0000] {dagbag.py:588} INFO - Filling up the DagBag from /home/airflow/.local/lib/python3.12/site-packages/airflow/example_dags/example_task_group_decorator.py
[2024-11-11T02:49:43.869+0000] {processor.py:925} INFO - DAG(s) 'example_task_group_decorator' retrieved from /home/airflow/.local/lib/python3.12/site-packages/airflow/example_dags/example_task_group_decorator.py
[2024-11-11T02:49:43.881+0000] {logging_mixin.py:190} INFO - [2024-11-11T02:49:43.881+0000] {dag.py:3239} INFO - Sync 1 DAGs
[2024-11-11T02:49:43.887+0000] {logging_mixin.py:190} INFO - [2024-11-11T02:49:43.887+0000] {dag.py:4180} INFO - Setting next_dagrun for example_task_group_decorator to None, run_after=None
[2024-11-11T02:49:43.894+0000] {processor.py:208} INFO - Processing /home/airflow/.local/lib/python3.12/site-packages/airflow/example_dags/example_task_group_decorator.py took 0.038 seconds
[2024-11-11T02:50:14.749+0000] {processor.py:186} INFO - Started process (PID=3246) to work on /home/airflow/.local/lib/python3.12/site-packages/airflow/example_dags/example_task_group_decorator.py
[2024-11-11T02:50:14.749+0000] {processor.py:914} INFO - Processing file /home/airflow/.local/lib/python3.12/site-packages/airflow/example_dags/example_task_group_decorator.py for tasks to queue
[2024-11-11T02:50:14.751+0000] {logging_mixin.py:190} INFO - [2024-11-11T02:50:14.751+0000] {dagbag.py:588} INFO - Filling up the DagBag from /home/airflow/.local/lib/python3.12/site-packages/airflow/example_dags/example_task_group_decorator.py
[2024-11-11T02:50:14.759+0000] {processor.py:925} INFO - DAG(s) 'example_task_group_decorator' retrieved from /home/airflow/.local/lib/python3.12/site-packages/airflow/example_dags/example_task_group_decorator.py
[2024-11-11T02:50:14.771+0000] {logging_mixin.py:190} INFO - [2024-11-11T02:50:14.771+0000] {dag.py:3239} INFO - Sync 1 DAGs
[2024-11-11T02:50:14.777+0000] {logging_mixin.py:190} INFO - [2024-11-11T02:50:14.777+0000] {dag.py:4180} INFO - Setting next_dagrun for example_task_group_decorator to None, run_after=None
[2024-11-11T02:50:14.785+0000] {processor.py:208} INFO - Processing /home/airflow/.local/lib/python3.12/site-packages/airflow/example_dags/example_task_group_decorator.py took 0.040 seconds
[2024-11-11T02:50:45.365+0000] {processor.py:186} INFO - Started process (PID=3309) to work on /home/airflow/.local/lib/python3.12/site-packages/airflow/example_dags/example_task_group_decorator.py
[2024-11-11T02:50:45.365+0000] {processor.py:914} INFO - Processing file /home/airflow/.local/lib/python3.12/site-packages/airflow/example_dags/example_task_group_decorator.py for tasks to queue
[2024-11-11T02:50:45.367+0000] {logging_mixin.py:190} INFO - [2024-11-11T02:50:45.367+0000] {dagbag.py:588} INFO - Filling up the DagBag from /home/airflow/.local/lib/python3.12/site-packages/airflow/example_dags/example_task_group_decorator.py
[2024-11-11T02:50:45.375+0000] {processor.py:925} INFO - DAG(s) 'example_task_group_decorator' retrieved from /home/airflow/.local/lib/python3.12/site-packages/airflow/example_dags/example_task_group_decorator.py
[2024-11-11T02:50:45.388+0000] {logging_mixin.py:190} INFO - [2024-11-11T02:50:45.388+0000] {dag.py:3239} INFO - Sync 1 DAGs
[2024-11-11T02:50:45.396+0000] {logging_mixin.py:190} INFO - [2024-11-11T02:50:45.396+0000] {dag.py:4180} INFO - Setting next_dagrun for example_task_group_decorator to None, run_after=None
[2024-11-11T02:50:45.513+0000] {processor.py:208} INFO - Processing /home/airflow/.local/lib/python3.12/site-packages/airflow/example_dags/example_task_group_decorator.py took 0.152 seconds
[2024-11-11T02:51:16.147+0000] {processor.py:186} INFO - Started process (PID=3372) to work on /home/airflow/.local/lib/python3.12/site-packages/airflow/example_dags/example_task_group_decorator.py
[2024-11-11T02:51:16.148+0000] {processor.py:914} INFO - Processing file /home/airflow/.local/lib/python3.12/site-packages/airflow/example_dags/example_task_group_decorator.py for tasks to queue
[2024-11-11T02:51:16.149+0000] {logging_mixin.py:190} INFO - [2024-11-11T02:51:16.149+0000] {dagbag.py:588} INFO - Filling up the DagBag from /home/airflow/.local/lib/python3.12/site-packages/airflow/example_dags/example_task_group_decorator.py
[2024-11-11T02:51:16.157+0000] {processor.py:925} INFO - DAG(s) 'example_task_group_decorator' retrieved from /home/airflow/.local/lib/python3.12/site-packages/airflow/example_dags/example_task_group_decorator.py
[2024-11-11T02:51:16.169+0000] {logging_mixin.py:190} INFO - [2024-11-11T02:51:16.169+0000] {dag.py:3239} INFO - Sync 1 DAGs
[2024-11-11T02:51:16.176+0000] {logging_mixin.py:190} INFO - [2024-11-11T02:51:16.176+0000] {dag.py:4180} INFO - Setting next_dagrun for example_task_group_decorator to None, run_after=None
[2024-11-11T02:51:16.184+0000] {processor.py:208} INFO - Processing /home/airflow/.local/lib/python3.12/site-packages/airflow/example_dags/example_task_group_decorator.py took 0.040 seconds
[2024-11-11T02:51:47.284+0000] {processor.py:186} INFO - Started process (PID=3435) to work on /home/airflow/.local/lib/python3.12/site-packages/airflow/example_dags/example_task_group_decorator.py
[2024-11-11T02:51:47.285+0000] {processor.py:914} INFO - Processing file /home/airflow/.local/lib/python3.12/site-packages/airflow/example_dags/example_task_group_decorator.py for tasks to queue
[2024-11-11T02:51:47.287+0000] {logging_mixin.py:190} INFO - [2024-11-11T02:51:47.286+0000] {dagbag.py:588} INFO - Filling up the DagBag from /home/airflow/.local/lib/python3.12/site-packages/airflow/example_dags/example_task_group_decorator.py
[2024-11-11T02:51:47.294+0000] {processor.py:925} INFO - DAG(s) 'example_task_group_decorator' retrieved from /home/airflow/.local/lib/python3.12/site-packages/airflow/example_dags/example_task_group_decorator.py
[2024-11-11T02:51:47.305+0000] {logging_mixin.py:190} INFO - [2024-11-11T02:51:47.305+0000] {dag.py:3239} INFO - Sync 1 DAGs
[2024-11-11T02:51:47.312+0000] {logging_mixin.py:190} INFO - [2024-11-11T02:51:47.311+0000] {dag.py:4180} INFO - Setting next_dagrun for example_task_group_decorator to None, run_after=None
[2024-11-11T02:51:47.319+0000] {processor.py:208} INFO - Processing /home/airflow/.local/lib/python3.12/site-packages/airflow/example_dags/example_task_group_decorator.py took 0.038 seconds
[2024-11-11T02:52:18.253+0000] {processor.py:186} INFO - Started process (PID=3498) to work on /home/airflow/.local/lib/python3.12/site-packages/airflow/example_dags/example_task_group_decorator.py
[2024-11-11T02:52:18.254+0000] {processor.py:914} INFO - Processing file /home/airflow/.local/lib/python3.12/site-packages/airflow/example_dags/example_task_group_decorator.py for tasks to queue
[2024-11-11T02:52:18.255+0000] {logging_mixin.py:190} INFO - [2024-11-11T02:52:18.255+0000] {dagbag.py:588} INFO - Filling up the DagBag from /home/airflow/.local/lib/python3.12/site-packages/airflow/example_dags/example_task_group_decorator.py
[2024-11-11T02:52:18.263+0000] {processor.py:925} INFO - DAG(s) 'example_task_group_decorator' retrieved from /home/airflow/.local/lib/python3.12/site-packages/airflow/example_dags/example_task_group_decorator.py
[2024-11-11T02:52:18.276+0000] {logging_mixin.py:190} INFO - [2024-11-11T02:52:18.276+0000] {dag.py:3239} INFO - Sync 1 DAGs
[2024-11-11T02:52:18.283+0000] {logging_mixin.py:190} INFO - [2024-11-11T02:52:18.283+0000] {dag.py:4180} INFO - Setting next_dagrun for example_task_group_decorator to None, run_after=None
[2024-11-11T02:52:18.292+0000] {processor.py:208} INFO - Processing /home/airflow/.local/lib/python3.12/site-packages/airflow/example_dags/example_task_group_decorator.py took 0.042 seconds
[2024-11-11T02:52:49.613+0000] {processor.py:186} INFO - Started process (PID=3561) to work on /home/airflow/.local/lib/python3.12/site-packages/airflow/example_dags/example_task_group_decorator.py
[2024-11-11T02:52:49.614+0000] {processor.py:914} INFO - Processing file /home/airflow/.local/lib/python3.12/site-packages/airflow/example_dags/example_task_group_decorator.py for tasks to queue
[2024-11-11T02:52:49.615+0000] {logging_mixin.py:190} INFO - [2024-11-11T02:52:49.615+0000] {dagbag.py:588} INFO - Filling up the DagBag from /home/airflow/.local/lib/python3.12/site-packages/airflow/example_dags/example_task_group_decorator.py
[2024-11-11T02:52:49.623+0000] {processor.py:925} INFO - DAG(s) 'example_task_group_decorator' retrieved from /home/airflow/.local/lib/python3.12/site-packages/airflow/example_dags/example_task_group_decorator.py
[2024-11-11T02:52:49.634+0000] {logging_mixin.py:190} INFO - [2024-11-11T02:52:49.634+0000] {dag.py:3239} INFO - Sync 1 DAGs
[2024-11-11T02:52:49.732+0000] {logging_mixin.py:190} INFO - [2024-11-11T02:52:49.732+0000] {dag.py:4180} INFO - Setting next_dagrun for example_task_group_decorator to None, run_after=None
[2024-11-11T02:52:49.739+0000] {processor.py:208} INFO - Processing /home/airflow/.local/lib/python3.12/site-packages/airflow/example_dags/example_task_group_decorator.py took 0.129 seconds
[2024-11-11T02:53:20.317+0000] {processor.py:186} INFO - Started process (PID=3624) to work on /home/airflow/.local/lib/python3.12/site-packages/airflow/example_dags/example_task_group_decorator.py
[2024-11-11T02:53:20.318+0000] {processor.py:914} INFO - Processing file /home/airflow/.local/lib/python3.12/site-packages/airflow/example_dags/example_task_group_decorator.py for tasks to queue
[2024-11-11T02:53:20.319+0000] {logging_mixin.py:190} INFO - [2024-11-11T02:53:20.319+0000] {dagbag.py:588} INFO - Filling up the DagBag from /home/airflow/.local/lib/python3.12/site-packages/airflow/example_dags/example_task_group_decorator.py
[2024-11-11T02:53:20.328+0000] {processor.py:925} INFO - DAG(s) 'example_task_group_decorator' retrieved from /home/airflow/.local/lib/python3.12/site-packages/airflow/example_dags/example_task_group_decorator.py
[2024-11-11T02:53:20.341+0000] {logging_mixin.py:190} INFO - [2024-11-11T02:53:20.341+0000] {dag.py:3239} INFO - Sync 1 DAGs
[2024-11-11T02:53:20.349+0000] {logging_mixin.py:190} INFO - [2024-11-11T02:53:20.348+0000] {dag.py:4180} INFO - Setting next_dagrun for example_task_group_decorator to None, run_after=None
[2024-11-11T02:53:20.464+0000] {processor.py:208} INFO - Processing /home/airflow/.local/lib/python3.12/site-packages/airflow/example_dags/example_task_group_decorator.py took 0.151 seconds
[2024-11-11T02:53:51.215+0000] {processor.py:186} INFO - Started process (PID=3687) to work on /home/airflow/.local/lib/python3.12/site-packages/airflow/example_dags/example_task_group_decorator.py
[2024-11-11T02:53:51.216+0000] {processor.py:914} INFO - Processing file /home/airflow/.local/lib/python3.12/site-packages/airflow/example_dags/example_task_group_decorator.py for tasks to queue
[2024-11-11T02:53:51.217+0000] {logging_mixin.py:190} INFO - [2024-11-11T02:53:51.217+0000] {dagbag.py:588} INFO - Filling up the DagBag from /home/airflow/.local/lib/python3.12/site-packages/airflow/example_dags/example_task_group_decorator.py
[2024-11-11T02:53:51.225+0000] {processor.py:925} INFO - DAG(s) 'example_task_group_decorator' retrieved from /home/airflow/.local/lib/python3.12/site-packages/airflow/example_dags/example_task_group_decorator.py
[2024-11-11T02:53:51.236+0000] {logging_mixin.py:190} INFO - [2024-11-11T02:53:51.236+0000] {dag.py:3239} INFO - Sync 1 DAGs
[2024-11-11T02:53:51.242+0000] {logging_mixin.py:190} INFO - [2024-11-11T02:53:51.242+0000] {dag.py:4180} INFO - Setting next_dagrun for example_task_group_decorator to None, run_after=None
[2024-11-11T02:53:51.250+0000] {processor.py:208} INFO - Processing /home/airflow/.local/lib/python3.12/site-packages/airflow/example_dags/example_task_group_decorator.py took 0.038 seconds
[2024-11-11T02:54:21.724+0000] {processor.py:186} INFO - Started process (PID=3750) to work on /home/airflow/.local/lib/python3.12/site-packages/airflow/example_dags/example_task_group_decorator.py
[2024-11-11T02:54:21.725+0000] {processor.py:914} INFO - Processing file /home/airflow/.local/lib/python3.12/site-packages/airflow/example_dags/example_task_group_decorator.py for tasks to queue
[2024-11-11T02:54:21.726+0000] {logging_mixin.py:190} INFO - [2024-11-11T02:54:21.726+0000] {dagbag.py:588} INFO - Filling up the DagBag from /home/airflow/.local/lib/python3.12/site-packages/airflow/example_dags/example_task_group_decorator.py
[2024-11-11T02:54:21.734+0000] {processor.py:925} INFO - DAG(s) 'example_task_group_decorator' retrieved from /home/airflow/.local/lib/python3.12/site-packages/airflow/example_dags/example_task_group_decorator.py
[2024-11-11T02:54:21.745+0000] {logging_mixin.py:190} INFO - [2024-11-11T02:54:21.745+0000] {dag.py:3239} INFO - Sync 1 DAGs
[2024-11-11T02:54:21.751+0000] {logging_mixin.py:190} INFO - [2024-11-11T02:54:21.751+0000] {dag.py:4180} INFO - Setting next_dagrun for example_task_group_decorator to None, run_after=None
[2024-11-11T02:54:21.759+0000] {processor.py:208} INFO - Processing /home/airflow/.local/lib/python3.12/site-packages/airflow/example_dags/example_task_group_decorator.py took 0.038 seconds
[2024-11-11T02:54:52.271+0000] {processor.py:186} INFO - Started process (PID=3813) to work on /home/airflow/.local/lib/python3.12/site-packages/airflow/example_dags/example_task_group_decorator.py
[2024-11-11T02:54:52.272+0000] {processor.py:914} INFO - Processing file /home/airflow/.local/lib/python3.12/site-packages/airflow/example_dags/example_task_group_decorator.py for tasks to queue
[2024-11-11T02:54:52.274+0000] {logging_mixin.py:190} INFO - [2024-11-11T02:54:52.273+0000] {dagbag.py:588} INFO - Filling up the DagBag from /home/airflow/.local/lib/python3.12/site-packages/airflow/example_dags/example_task_group_decorator.py
[2024-11-11T02:54:52.281+0000] {processor.py:925} INFO - DAG(s) 'example_task_group_decorator' retrieved from /home/airflow/.local/lib/python3.12/site-packages/airflow/example_dags/example_task_group_decorator.py
[2024-11-11T02:54:52.292+0000] {logging_mixin.py:190} INFO - [2024-11-11T02:54:52.292+0000] {dag.py:3239} INFO - Sync 1 DAGs
[2024-11-11T02:54:52.299+0000] {logging_mixin.py:190} INFO - [2024-11-11T02:54:52.298+0000] {dag.py:4180} INFO - Setting next_dagrun for example_task_group_decorator to None, run_after=None
[2024-11-11T02:54:52.307+0000] {processor.py:208} INFO - Processing /home/airflow/.local/lib/python3.12/site-packages/airflow/example_dags/example_task_group_decorator.py took 0.039 seconds
[2024-11-11T02:55:22.638+0000] {processor.py:186} INFO - Started process (PID=3876) to work on /home/airflow/.local/lib/python3.12/site-packages/airflow/example_dags/example_task_group_decorator.py
[2024-11-11T02:55:22.638+0000] {processor.py:914} INFO - Processing file /home/airflow/.local/lib/python3.12/site-packages/airflow/example_dags/example_task_group_decorator.py for tasks to queue
[2024-11-11T02:55:22.640+0000] {logging_mixin.py:190} INFO - [2024-11-11T02:55:22.639+0000] {dagbag.py:588} INFO - Filling up the DagBag from /home/airflow/.local/lib/python3.12/site-packages/airflow/example_dags/example_task_group_decorator.py
[2024-11-11T02:55:22.647+0000] {processor.py:925} INFO - DAG(s) 'example_task_group_decorator' retrieved from /home/airflow/.local/lib/python3.12/site-packages/airflow/example_dags/example_task_group_decorator.py
[2024-11-11T02:55:22.659+0000] {logging_mixin.py:190} INFO - [2024-11-11T02:55:22.659+0000] {dag.py:3239} INFO - Sync 1 DAGs
[2024-11-11T02:55:22.665+0000] {logging_mixin.py:190} INFO - [2024-11-11T02:55:22.665+0000] {dag.py:4180} INFO - Setting next_dagrun for example_task_group_decorator to None, run_after=None
[2024-11-11T02:55:22.673+0000] {processor.py:208} INFO - Processing /home/airflow/.local/lib/python3.12/site-packages/airflow/example_dags/example_task_group_decorator.py took 0.038 seconds
[2024-11-11T02:55:53.142+0000] {processor.py:186} INFO - Started process (PID=3939) to work on /home/airflow/.local/lib/python3.12/site-packages/airflow/example_dags/example_task_group_decorator.py
[2024-11-11T02:55:53.142+0000] {processor.py:914} INFO - Processing file /home/airflow/.local/lib/python3.12/site-packages/airflow/example_dags/example_task_group_decorator.py for tasks to queue
[2024-11-11T02:55:53.144+0000] {logging_mixin.py:190} INFO - [2024-11-11T02:55:53.144+0000] {dagbag.py:588} INFO - Filling up the DagBag from /home/airflow/.local/lib/python3.12/site-packages/airflow/example_dags/example_task_group_decorator.py
[2024-11-11T02:55:53.152+0000] {processor.py:925} INFO - DAG(s) 'example_task_group_decorator' retrieved from /home/airflow/.local/lib/python3.12/site-packages/airflow/example_dags/example_task_group_decorator.py
[2024-11-11T02:55:53.165+0000] {logging_mixin.py:190} INFO - [2024-11-11T02:55:53.165+0000] {dag.py:3239} INFO - Sync 1 DAGs
[2024-11-11T02:55:53.172+0000] {logging_mixin.py:190} INFO - [2024-11-11T02:55:53.172+0000] {dag.py:4180} INFO - Setting next_dagrun for example_task_group_decorator to None, run_after=None
[2024-11-11T02:55:53.181+0000] {processor.py:208} INFO - Processing /home/airflow/.local/lib/python3.12/site-packages/airflow/example_dags/example_task_group_decorator.py took 0.043 seconds
[2024-11-11T02:56:23.727+0000] {processor.py:186} INFO - Started process (PID=4002) to work on /home/airflow/.local/lib/python3.12/site-packages/airflow/example_dags/example_task_group_decorator.py
[2024-11-11T02:56:23.727+0000] {processor.py:914} INFO - Processing file /home/airflow/.local/lib/python3.12/site-packages/airflow/example_dags/example_task_group_decorator.py for tasks to queue
[2024-11-11T02:56:23.729+0000] {logging_mixin.py:190} INFO - [2024-11-11T02:56:23.729+0000] {dagbag.py:588} INFO - Filling up the DagBag from /home/airflow/.local/lib/python3.12/site-packages/airflow/example_dags/example_task_group_decorator.py
[2024-11-11T02:56:23.737+0000] {processor.py:925} INFO - DAG(s) 'example_task_group_decorator' retrieved from /home/airflow/.local/lib/python3.12/site-packages/airflow/example_dags/example_task_group_decorator.py
[2024-11-11T02:56:23.751+0000] {logging_mixin.py:190} INFO - [2024-11-11T02:56:23.751+0000] {dag.py:3239} INFO - Sync 1 DAGs
[2024-11-11T02:56:23.759+0000] {logging_mixin.py:190} INFO - [2024-11-11T02:56:23.759+0000] {dag.py:4180} INFO - Setting next_dagrun for example_task_group_decorator to None, run_after=None
[2024-11-11T02:56:23.770+0000] {processor.py:208} INFO - Processing /home/airflow/.local/lib/python3.12/site-packages/airflow/example_dags/example_task_group_decorator.py took 0.046 seconds
[2024-11-11T02:56:54.233+0000] {processor.py:186} INFO - Started process (PID=4065) to work on /home/airflow/.local/lib/python3.12/site-packages/airflow/example_dags/example_task_group_decorator.py
[2024-11-11T02:56:54.234+0000] {processor.py:914} INFO - Processing file /home/airflow/.local/lib/python3.12/site-packages/airflow/example_dags/example_task_group_decorator.py for tasks to queue
[2024-11-11T02:56:54.235+0000] {logging_mixin.py:190} INFO - [2024-11-11T02:56:54.235+0000] {dagbag.py:588} INFO - Filling up the DagBag from /home/airflow/.local/lib/python3.12/site-packages/airflow/example_dags/example_task_group_decorator.py
[2024-11-11T02:56:54.243+0000] {processor.py:925} INFO - DAG(s) 'example_task_group_decorator' retrieved from /home/airflow/.local/lib/python3.12/site-packages/airflow/example_dags/example_task_group_decorator.py
[2024-11-11T02:56:54.256+0000] {logging_mixin.py:190} INFO - [2024-11-11T02:56:54.255+0000] {dag.py:3239} INFO - Sync 1 DAGs
[2024-11-11T02:56:54.262+0000] {logging_mixin.py:190} INFO - [2024-11-11T02:56:54.262+0000] {dag.py:4180} INFO - Setting next_dagrun for example_task_group_decorator to None, run_after=None
[2024-11-11T02:56:54.270+0000] {processor.py:208} INFO - Processing /home/airflow/.local/lib/python3.12/site-packages/airflow/example_dags/example_task_group_decorator.py took 0.041 seconds
[2024-11-11T02:57:24.771+0000] {processor.py:186} INFO - Started process (PID=4128) to work on /home/airflow/.local/lib/python3.12/site-packages/airflow/example_dags/example_task_group_decorator.py
[2024-11-11T02:57:24.771+0000] {processor.py:914} INFO - Processing file /home/airflow/.local/lib/python3.12/site-packages/airflow/example_dags/example_task_group_decorator.py for tasks to queue
[2024-11-11T02:57:24.772+0000] {logging_mixin.py:190} INFO - [2024-11-11T02:57:24.772+0000] {dagbag.py:588} INFO - Filling up the DagBag from /home/airflow/.local/lib/python3.12/site-packages/airflow/example_dags/example_task_group_decorator.py
[2024-11-11T02:57:24.780+0000] {processor.py:925} INFO - DAG(s) 'example_task_group_decorator' retrieved from /home/airflow/.local/lib/python3.12/site-packages/airflow/example_dags/example_task_group_decorator.py
[2024-11-11T02:57:24.792+0000] {logging_mixin.py:190} INFO - [2024-11-11T02:57:24.792+0000] {dag.py:3239} INFO - Sync 1 DAGs
[2024-11-11T02:57:24.798+0000] {logging_mixin.py:190} INFO - [2024-11-11T02:57:24.798+0000] {dag.py:4180} INFO - Setting next_dagrun for example_task_group_decorator to None, run_after=None
[2024-11-11T02:57:24.805+0000] {processor.py:208} INFO - Processing /home/airflow/.local/lib/python3.12/site-packages/airflow/example_dags/example_task_group_decorator.py took 0.038 seconds
[2024-11-11T02:57:55.248+0000] {processor.py:186} INFO - Started process (PID=4191) to work on /home/airflow/.local/lib/python3.12/site-packages/airflow/example_dags/example_task_group_decorator.py
[2024-11-11T02:57:55.248+0000] {processor.py:914} INFO - Processing file /home/airflow/.local/lib/python3.12/site-packages/airflow/example_dags/example_task_group_decorator.py for tasks to queue
[2024-11-11T02:57:55.249+0000] {logging_mixin.py:190} INFO - [2024-11-11T02:57:55.249+0000] {dagbag.py:588} INFO - Filling up the DagBag from /home/airflow/.local/lib/python3.12/site-packages/airflow/example_dags/example_task_group_decorator.py
[2024-11-11T02:57:55.257+0000] {processor.py:925} INFO - DAG(s) 'example_task_group_decorator' retrieved from /home/airflow/.local/lib/python3.12/site-packages/airflow/example_dags/example_task_group_decorator.py
[2024-11-11T02:57:55.269+0000] {logging_mixin.py:190} INFO - [2024-11-11T02:57:55.268+0000] {dag.py:3239} INFO - Sync 1 DAGs
[2024-11-11T02:57:55.275+0000] {logging_mixin.py:190} INFO - [2024-11-11T02:57:55.275+0000] {dag.py:4180} INFO - Setting next_dagrun for example_task_group_decorator to None, run_after=None
[2024-11-11T02:57:55.282+0000] {processor.py:208} INFO - Processing /home/airflow/.local/lib/python3.12/site-packages/airflow/example_dags/example_task_group_decorator.py took 0.038 seconds
[2024-11-11T02:58:25.704+0000] {processor.py:186} INFO - Started process (PID=4254) to work on /home/airflow/.local/lib/python3.12/site-packages/airflow/example_dags/example_task_group_decorator.py
[2024-11-11T02:58:25.705+0000] {processor.py:914} INFO - Processing file /home/airflow/.local/lib/python3.12/site-packages/airflow/example_dags/example_task_group_decorator.py for tasks to queue
[2024-11-11T02:58:25.706+0000] {logging_mixin.py:190} INFO - [2024-11-11T02:58:25.706+0000] {dagbag.py:588} INFO - Filling up the DagBag from /home/airflow/.local/lib/python3.12/site-packages/airflow/example_dags/example_task_group_decorator.py
[2024-11-11T02:58:25.714+0000] {processor.py:925} INFO - DAG(s) 'example_task_group_decorator' retrieved from /home/airflow/.local/lib/python3.12/site-packages/airflow/example_dags/example_task_group_decorator.py
[2024-11-11T02:58:25.725+0000] {logging_mixin.py:190} INFO - [2024-11-11T02:58:25.725+0000] {dag.py:3239} INFO - Sync 1 DAGs
[2024-11-11T02:58:25.731+0000] {logging_mixin.py:190} INFO - [2024-11-11T02:58:25.731+0000] {dag.py:4180} INFO - Setting next_dagrun for example_task_group_decorator to None, run_after=None
[2024-11-11T02:58:25.738+0000] {processor.py:208} INFO - Processing /home/airflow/.local/lib/python3.12/site-packages/airflow/example_dags/example_task_group_decorator.py took 0.037 seconds
[2024-11-11T02:58:56.166+0000] {processor.py:186} INFO - Started process (PID=4317) to work on /home/airflow/.local/lib/python3.12/site-packages/airflow/example_dags/example_task_group_decorator.py
[2024-11-11T02:58:56.167+0000] {processor.py:914} INFO - Processing file /home/airflow/.local/lib/python3.12/site-packages/airflow/example_dags/example_task_group_decorator.py for tasks to queue
[2024-11-11T02:58:56.168+0000] {logging_mixin.py:190} INFO - [2024-11-11T02:58:56.168+0000] {dagbag.py:588} INFO - Filling up the DagBag from /home/airflow/.local/lib/python3.12/site-packages/airflow/example_dags/example_task_group_decorator.py
[2024-11-11T02:58:56.176+0000] {processor.py:925} INFO - DAG(s) 'example_task_group_decorator' retrieved from /home/airflow/.local/lib/python3.12/site-packages/airflow/example_dags/example_task_group_decorator.py
[2024-11-11T02:58:56.187+0000] {logging_mixin.py:190} INFO - [2024-11-11T02:58:56.187+0000] {dag.py:3239} INFO - Sync 1 DAGs
[2024-11-11T02:58:56.193+0000] {logging_mixin.py:190} INFO - [2024-11-11T02:58:56.193+0000] {dag.py:4180} INFO - Setting next_dagrun for example_task_group_decorator to None, run_after=None
[2024-11-11T02:58:56.201+0000] {processor.py:208} INFO - Processing /home/airflow/.local/lib/python3.12/site-packages/airflow/example_dags/example_task_group_decorator.py took 0.038 seconds
[2024-11-11T02:59:26.637+0000] {processor.py:186} INFO - Started process (PID=4386) to work on /home/airflow/.local/lib/python3.12/site-packages/airflow/example_dags/example_task_group_decorator.py
[2024-11-11T02:59:26.637+0000] {processor.py:914} INFO - Processing file /home/airflow/.local/lib/python3.12/site-packages/airflow/example_dags/example_task_group_decorator.py for tasks to queue
[2024-11-11T02:59:26.639+0000] {logging_mixin.py:190} INFO - [2024-11-11T02:59:26.638+0000] {dagbag.py:588} INFO - Filling up the DagBag from /home/airflow/.local/lib/python3.12/site-packages/airflow/example_dags/example_task_group_decorator.py
[2024-11-11T02:59:26.646+0000] {processor.py:925} INFO - DAG(s) 'example_task_group_decorator' retrieved from /home/airflow/.local/lib/python3.12/site-packages/airflow/example_dags/example_task_group_decorator.py
[2024-11-11T02:59:26.658+0000] {logging_mixin.py:190} INFO - [2024-11-11T02:59:26.658+0000] {dag.py:3239} INFO - Sync 1 DAGs
[2024-11-11T02:59:26.664+0000] {logging_mixin.py:190} INFO - [2024-11-11T02:59:26.664+0000] {dag.py:4180} INFO - Setting next_dagrun for example_task_group_decorator to None, run_after=None
[2024-11-11T02:59:26.672+0000] {processor.py:208} INFO - Processing /home/airflow/.local/lib/python3.12/site-packages/airflow/example_dags/example_task_group_decorator.py took 0.038 seconds
[2024-11-11T02:59:57.154+0000] {processor.py:186} INFO - Started process (PID=4449) to work on /home/airflow/.local/lib/python3.12/site-packages/airflow/example_dags/example_task_group_decorator.py
[2024-11-11T02:59:57.154+0000] {processor.py:914} INFO - Processing file /home/airflow/.local/lib/python3.12/site-packages/airflow/example_dags/example_task_group_decorator.py for tasks to queue
[2024-11-11T02:59:57.156+0000] {logging_mixin.py:190} INFO - [2024-11-11T02:59:57.156+0000] {dagbag.py:588} INFO - Filling up the DagBag from /home/airflow/.local/lib/python3.12/site-packages/airflow/example_dags/example_task_group_decorator.py
[2024-11-11T02:59:57.164+0000] {processor.py:925} INFO - DAG(s) 'example_task_group_decorator' retrieved from /home/airflow/.local/lib/python3.12/site-packages/airflow/example_dags/example_task_group_decorator.py
[2024-11-11T02:59:57.178+0000] {logging_mixin.py:190} INFO - [2024-11-11T02:59:57.178+0000] {dag.py:3239} INFO - Sync 1 DAGs
[2024-11-11T02:59:57.186+0000] {logging_mixin.py:190} INFO - [2024-11-11T02:59:57.185+0000] {dag.py:4180} INFO - Setting next_dagrun for example_task_group_decorator to None, run_after=None
[2024-11-11T02:59:57.195+0000] {processor.py:208} INFO - Processing /home/airflow/.local/lib/python3.12/site-packages/airflow/example_dags/example_task_group_decorator.py took 0.045 seconds
[2024-11-11T03:00:27.626+0000] {processor.py:186} INFO - Started process (PID=4512) to work on /home/airflow/.local/lib/python3.12/site-packages/airflow/example_dags/example_task_group_decorator.py
[2024-11-11T03:00:27.627+0000] {processor.py:914} INFO - Processing file /home/airflow/.local/lib/python3.12/site-packages/airflow/example_dags/example_task_group_decorator.py for tasks to queue
[2024-11-11T03:00:27.629+0000] {logging_mixin.py:190} INFO - [2024-11-11T03:00:27.628+0000] {dagbag.py:588} INFO - Filling up the DagBag from /home/airflow/.local/lib/python3.12/site-packages/airflow/example_dags/example_task_group_decorator.py
[2024-11-11T03:00:27.637+0000] {processor.py:925} INFO - DAG(s) 'example_task_group_decorator' retrieved from /home/airflow/.local/lib/python3.12/site-packages/airflow/example_dags/example_task_group_decorator.py
[2024-11-11T03:00:27.650+0000] {logging_mixin.py:190} INFO - [2024-11-11T03:00:27.650+0000] {dag.py:3239} INFO - Sync 1 DAGs
[2024-11-11T03:00:27.657+0000] {logging_mixin.py:190} INFO - [2024-11-11T03:00:27.656+0000] {dag.py:4180} INFO - Setting next_dagrun for example_task_group_decorator to None, run_after=None
[2024-11-11T03:00:27.665+0000] {processor.py:208} INFO - Processing /home/airflow/.local/lib/python3.12/site-packages/airflow/example_dags/example_task_group_decorator.py took 0.042 seconds
[2024-11-11T03:00:58.123+0000] {processor.py:186} INFO - Started process (PID=4575) to work on /home/airflow/.local/lib/python3.12/site-packages/airflow/example_dags/example_task_group_decorator.py
[2024-11-11T03:00:58.124+0000] {processor.py:914} INFO - Processing file /home/airflow/.local/lib/python3.12/site-packages/airflow/example_dags/example_task_group_decorator.py for tasks to queue
[2024-11-11T03:00:58.125+0000] {logging_mixin.py:190} INFO - [2024-11-11T03:00:58.125+0000] {dagbag.py:588} INFO - Filling up the DagBag from /home/airflow/.local/lib/python3.12/site-packages/airflow/example_dags/example_task_group_decorator.py
[2024-11-11T03:00:58.133+0000] {processor.py:925} INFO - DAG(s) 'example_task_group_decorator' retrieved from /home/airflow/.local/lib/python3.12/site-packages/airflow/example_dags/example_task_group_decorator.py
[2024-11-11T03:00:58.145+0000] {logging_mixin.py:190} INFO - [2024-11-11T03:00:58.145+0000] {dag.py:3239} INFO - Sync 1 DAGs
[2024-11-11T03:00:58.151+0000] {logging_mixin.py:190} INFO - [2024-11-11T03:00:58.151+0000] {dag.py:4180} INFO - Setting next_dagrun for example_task_group_decorator to None, run_after=None
[2024-11-11T03:00:58.158+0000] {processor.py:208} INFO - Processing /home/airflow/.local/lib/python3.12/site-packages/airflow/example_dags/example_task_group_decorator.py took 0.038 seconds
[2024-11-11T03:01:28.618+0000] {processor.py:186} INFO - Started process (PID=4638) to work on /home/airflow/.local/lib/python3.12/site-packages/airflow/example_dags/example_task_group_decorator.py
[2024-11-11T03:01:28.618+0000] {processor.py:914} INFO - Processing file /home/airflow/.local/lib/python3.12/site-packages/airflow/example_dags/example_task_group_decorator.py for tasks to queue
[2024-11-11T03:01:28.620+0000] {logging_mixin.py:190} INFO - [2024-11-11T03:01:28.619+0000] {dagbag.py:588} INFO - Filling up the DagBag from /home/airflow/.local/lib/python3.12/site-packages/airflow/example_dags/example_task_group_decorator.py
[2024-11-11T03:01:28.627+0000] {processor.py:925} INFO - DAG(s) 'example_task_group_decorator' retrieved from /home/airflow/.local/lib/python3.12/site-packages/airflow/example_dags/example_task_group_decorator.py
[2024-11-11T03:01:28.639+0000] {logging_mixin.py:190} INFO - [2024-11-11T03:01:28.639+0000] {dag.py:3239} INFO - Sync 1 DAGs
[2024-11-11T03:01:28.645+0000] {logging_mixin.py:190} INFO - [2024-11-11T03:01:28.645+0000] {dag.py:4180} INFO - Setting next_dagrun for example_task_group_decorator to None, run_after=None
[2024-11-11T03:01:28.652+0000] {processor.py:208} INFO - Processing /home/airflow/.local/lib/python3.12/site-packages/airflow/example_dags/example_task_group_decorator.py took 0.038 seconds
[2024-11-11T03:01:59.353+0000] {processor.py:186} INFO - Started process (PID=4701) to work on /home/airflow/.local/lib/python3.12/site-packages/airflow/example_dags/example_task_group_decorator.py
[2024-11-11T03:01:59.354+0000] {processor.py:914} INFO - Processing file /home/airflow/.local/lib/python3.12/site-packages/airflow/example_dags/example_task_group_decorator.py for tasks to queue
[2024-11-11T03:01:59.355+0000] {logging_mixin.py:190} INFO - [2024-11-11T03:01:59.355+0000] {dagbag.py:588} INFO - Filling up the DagBag from /home/airflow/.local/lib/python3.12/site-packages/airflow/example_dags/example_task_group_decorator.py
[2024-11-11T03:01:59.362+0000] {processor.py:925} INFO - DAG(s) 'example_task_group_decorator' retrieved from /home/airflow/.local/lib/python3.12/site-packages/airflow/example_dags/example_task_group_decorator.py
[2024-11-11T03:01:59.374+0000] {logging_mixin.py:190} INFO - [2024-11-11T03:01:59.374+0000] {dag.py:3239} INFO - Sync 1 DAGs
[2024-11-11T03:01:59.380+0000] {logging_mixin.py:190} INFO - [2024-11-11T03:01:59.380+0000] {dag.py:4180} INFO - Setting next_dagrun for example_task_group_decorator to None, run_after=None
[2024-11-11T03:01:59.388+0000] {processor.py:208} INFO - Processing /home/airflow/.local/lib/python3.12/site-packages/airflow/example_dags/example_task_group_decorator.py took 0.038 seconds
[2024-11-11T03:03:16.913+0000] {processor.py:186} INFO - Started process (PID=4758) to work on /home/airflow/.local/lib/python3.12/site-packages/airflow/example_dags/example_task_group_decorator.py
[2024-11-11T03:03:16.914+0000] {processor.py:914} INFO - Processing file /home/airflow/.local/lib/python3.12/site-packages/airflow/example_dags/example_task_group_decorator.py for tasks to queue
[2024-11-11T03:03:16.916+0000] {logging_mixin.py:190} INFO - [2024-11-11T03:03:16.915+0000] {dagbag.py:588} INFO - Filling up the DagBag from /home/airflow/.local/lib/python3.12/site-packages/airflow/example_dags/example_task_group_decorator.py
[2024-11-11T03:03:16.924+0000] {processor.py:925} INFO - DAG(s) 'example_task_group_decorator' retrieved from /home/airflow/.local/lib/python3.12/site-packages/airflow/example_dags/example_task_group_decorator.py
[2024-11-11T03:03:16.936+0000] {logging_mixin.py:190} INFO - [2024-11-11T03:03:16.936+0000] {dag.py:3239} INFO - Sync 1 DAGs
[2024-11-11T03:03:16.942+0000] {logging_mixin.py:190} INFO - [2024-11-11T03:03:16.942+0000] {dag.py:4180} INFO - Setting next_dagrun for example_task_group_decorator to None, run_after=None
[2024-11-11T03:03:16.951+0000] {processor.py:208} INFO - Processing /home/airflow/.local/lib/python3.12/site-packages/airflow/example_dags/example_task_group_decorator.py took 0.041 seconds
[2024-11-11T03:03:47.349+0000] {processor.py:186} INFO - Started process (PID=4821) to work on /home/airflow/.local/lib/python3.12/site-packages/airflow/example_dags/example_task_group_decorator.py
[2024-11-11T03:03:47.349+0000] {processor.py:914} INFO - Processing file /home/airflow/.local/lib/python3.12/site-packages/airflow/example_dags/example_task_group_decorator.py for tasks to queue
[2024-11-11T03:03:47.351+0000] {logging_mixin.py:190} INFO - [2024-11-11T03:03:47.351+0000] {dagbag.py:588} INFO - Filling up the DagBag from /home/airflow/.local/lib/python3.12/site-packages/airflow/example_dags/example_task_group_decorator.py
[2024-11-11T03:03:47.359+0000] {processor.py:925} INFO - DAG(s) 'example_task_group_decorator' retrieved from /home/airflow/.local/lib/python3.12/site-packages/airflow/example_dags/example_task_group_decorator.py
[2024-11-11T03:03:47.379+0000] {logging_mixin.py:190} INFO - [2024-11-11T03:03:47.378+0000] {dag.py:3239} INFO - Sync 1 DAGs
[2024-11-11T03:03:47.387+0000] {logging_mixin.py:190} INFO - [2024-11-11T03:03:47.387+0000] {dag.py:4180} INFO - Setting next_dagrun for example_task_group_decorator to None, run_after=None
[2024-11-11T03:03:47.396+0000] {processor.py:208} INFO - Processing /home/airflow/.local/lib/python3.12/site-packages/airflow/example_dags/example_task_group_decorator.py took 0.051 seconds
[2024-11-11T03:04:17.751+0000] {processor.py:186} INFO - Started process (PID=4884) to work on /home/airflow/.local/lib/python3.12/site-packages/airflow/example_dags/example_task_group_decorator.py
[2024-11-11T03:04:17.752+0000] {processor.py:914} INFO - Processing file /home/airflow/.local/lib/python3.12/site-packages/airflow/example_dags/example_task_group_decorator.py for tasks to queue
[2024-11-11T03:04:17.754+0000] {logging_mixin.py:190} INFO - [2024-11-11T03:04:17.754+0000] {dagbag.py:588} INFO - Filling up the DagBag from /home/airflow/.local/lib/python3.12/site-packages/airflow/example_dags/example_task_group_decorator.py
[2024-11-11T03:04:17.762+0000] {processor.py:925} INFO - DAG(s) 'example_task_group_decorator' retrieved from /home/airflow/.local/lib/python3.12/site-packages/airflow/example_dags/example_task_group_decorator.py
[2024-11-11T03:04:17.775+0000] {logging_mixin.py:190} INFO - [2024-11-11T03:04:17.775+0000] {dag.py:3239} INFO - Sync 1 DAGs
[2024-11-11T03:04:17.782+0000] {logging_mixin.py:190} INFO - [2024-11-11T03:04:17.782+0000] {dag.py:4180} INFO - Setting next_dagrun for example_task_group_decorator to None, run_after=None
[2024-11-11T03:04:17.791+0000] {processor.py:208} INFO - Processing /home/airflow/.local/lib/python3.12/site-packages/airflow/example_dags/example_task_group_decorator.py took 0.043 seconds
[2024-11-11T03:04:48.275+0000] {processor.py:186} INFO - Started process (PID=4947) to work on /home/airflow/.local/lib/python3.12/site-packages/airflow/example_dags/example_task_group_decorator.py
[2024-11-11T03:04:48.276+0000] {processor.py:914} INFO - Processing file /home/airflow/.local/lib/python3.12/site-packages/airflow/example_dags/example_task_group_decorator.py for tasks to queue
[2024-11-11T03:04:48.277+0000] {logging_mixin.py:190} INFO - [2024-11-11T03:04:48.277+0000] {dagbag.py:588} INFO - Filling up the DagBag from /home/airflow/.local/lib/python3.12/site-packages/airflow/example_dags/example_task_group_decorator.py
[2024-11-11T03:04:48.285+0000] {processor.py:925} INFO - DAG(s) 'example_task_group_decorator' retrieved from /home/airflow/.local/lib/python3.12/site-packages/airflow/example_dags/example_task_group_decorator.py
[2024-11-11T03:04:48.298+0000] {logging_mixin.py:190} INFO - [2024-11-11T03:04:48.298+0000] {dag.py:3239} INFO - Sync 1 DAGs
[2024-11-11T03:04:48.306+0000] {logging_mixin.py:190} INFO - [2024-11-11T03:04:48.306+0000] {dag.py:4180} INFO - Setting next_dagrun for example_task_group_decorator to None, run_after=None
[2024-11-11T03:04:48.315+0000] {processor.py:208} INFO - Processing /home/airflow/.local/lib/python3.12/site-packages/airflow/example_dags/example_task_group_decorator.py took 0.043 seconds
[2024-11-11T03:05:18.663+0000] {processor.py:186} INFO - Started process (PID=5010) to work on /home/airflow/.local/lib/python3.12/site-packages/airflow/example_dags/example_task_group_decorator.py
[2024-11-11T03:05:18.663+0000] {processor.py:914} INFO - Processing file /home/airflow/.local/lib/python3.12/site-packages/airflow/example_dags/example_task_group_decorator.py for tasks to queue
[2024-11-11T03:05:18.665+0000] {logging_mixin.py:190} INFO - [2024-11-11T03:05:18.665+0000] {dagbag.py:588} INFO - Filling up the DagBag from /home/airflow/.local/lib/python3.12/site-packages/airflow/example_dags/example_task_group_decorator.py
[2024-11-11T03:05:18.672+0000] {processor.py:925} INFO - DAG(s) 'example_task_group_decorator' retrieved from /home/airflow/.local/lib/python3.12/site-packages/airflow/example_dags/example_task_group_decorator.py
[2024-11-11T03:05:18.685+0000] {logging_mixin.py:190} INFO - [2024-11-11T03:05:18.685+0000] {dag.py:3239} INFO - Sync 1 DAGs
[2024-11-11T03:05:18.691+0000] {logging_mixin.py:190} INFO - [2024-11-11T03:05:18.691+0000] {dag.py:4180} INFO - Setting next_dagrun for example_task_group_decorator to None, run_after=None
[2024-11-11T03:05:18.699+0000] {processor.py:208} INFO - Processing /home/airflow/.local/lib/python3.12/site-packages/airflow/example_dags/example_task_group_decorator.py took 0.040 seconds
[2024-11-11T03:05:48.924+0000] {processor.py:186} INFO - Started process (PID=5072) to work on /home/airflow/.local/lib/python3.12/site-packages/airflow/example_dags/example_task_group_decorator.py
[2024-11-11T03:05:48.925+0000] {processor.py:914} INFO - Processing file /home/airflow/.local/lib/python3.12/site-packages/airflow/example_dags/example_task_group_decorator.py for tasks to queue
[2024-11-11T03:05:48.927+0000] {logging_mixin.py:190} INFO - [2024-11-11T03:05:48.926+0000] {dagbag.py:588} INFO - Filling up the DagBag from /home/airflow/.local/lib/python3.12/site-packages/airflow/example_dags/example_task_group_decorator.py
[2024-11-11T03:05:48.934+0000] {processor.py:925} INFO - DAG(s) 'example_task_group_decorator' retrieved from /home/airflow/.local/lib/python3.12/site-packages/airflow/example_dags/example_task_group_decorator.py
[2024-11-11T03:05:48.948+0000] {logging_mixin.py:190} INFO - [2024-11-11T03:05:48.947+0000] {dag.py:3239} INFO - Sync 1 DAGs
[2024-11-11T03:05:48.955+0000] {logging_mixin.py:190} INFO - [2024-11-11T03:05:48.955+0000] {dag.py:4180} INFO - Setting next_dagrun for example_task_group_decorator to None, run_after=None
[2024-11-11T03:05:48.964+0000] {processor.py:208} INFO - Processing /home/airflow/.local/lib/python3.12/site-packages/airflow/example_dags/example_task_group_decorator.py took 0.044 seconds
[2024-11-11T03:06:19.220+0000] {processor.py:186} INFO - Started process (PID=5135) to work on /home/airflow/.local/lib/python3.12/site-packages/airflow/example_dags/example_task_group_decorator.py
[2024-11-11T03:06:19.221+0000] {processor.py:914} INFO - Processing file /home/airflow/.local/lib/python3.12/site-packages/airflow/example_dags/example_task_group_decorator.py for tasks to queue
[2024-11-11T03:06:19.222+0000] {logging_mixin.py:190} INFO - [2024-11-11T03:06:19.222+0000] {dagbag.py:588} INFO - Filling up the DagBag from /home/airflow/.local/lib/python3.12/site-packages/airflow/example_dags/example_task_group_decorator.py
[2024-11-11T03:06:19.230+0000] {processor.py:925} INFO - DAG(s) 'example_task_group_decorator' retrieved from /home/airflow/.local/lib/python3.12/site-packages/airflow/example_dags/example_task_group_decorator.py
[2024-11-11T03:06:19.242+0000] {logging_mixin.py:190} INFO - [2024-11-11T03:06:19.242+0000] {dag.py:3239} INFO - Sync 1 DAGs
[2024-11-11T03:06:19.248+0000] {logging_mixin.py:190} INFO - [2024-11-11T03:06:19.248+0000] {dag.py:4180} INFO - Setting next_dagrun for example_task_group_decorator to None, run_after=None
[2024-11-11T03:06:19.257+0000] {processor.py:208} INFO - Processing /home/airflow/.local/lib/python3.12/site-packages/airflow/example_dags/example_task_group_decorator.py took 0.040 seconds
[2024-11-11T03:06:49.697+0000] {processor.py:186} INFO - Started process (PID=5197) to work on /home/airflow/.local/lib/python3.12/site-packages/airflow/example_dags/example_task_group_decorator.py
[2024-11-11T03:06:49.698+0000] {processor.py:914} INFO - Processing file /home/airflow/.local/lib/python3.12/site-packages/airflow/example_dags/example_task_group_decorator.py for tasks to queue
[2024-11-11T03:06:49.699+0000] {logging_mixin.py:190} INFO - [2024-11-11T03:06:49.699+0000] {dagbag.py:588} INFO - Filling up the DagBag from /home/airflow/.local/lib/python3.12/site-packages/airflow/example_dags/example_task_group_decorator.py
[2024-11-11T03:06:49.707+0000] {processor.py:925} INFO - DAG(s) 'example_task_group_decorator' retrieved from /home/airflow/.local/lib/python3.12/site-packages/airflow/example_dags/example_task_group_decorator.py
[2024-11-11T03:06:49.720+0000] {logging_mixin.py:190} INFO - [2024-11-11T03:06:49.719+0000] {dag.py:3239} INFO - Sync 1 DAGs
[2024-11-11T03:06:49.727+0000] {logging_mixin.py:190} INFO - [2024-11-11T03:06:49.727+0000] {dag.py:4180} INFO - Setting next_dagrun for example_task_group_decorator to None, run_after=None
[2024-11-11T03:06:49.735+0000] {processor.py:208} INFO - Processing /home/airflow/.local/lib/python3.12/site-packages/airflow/example_dags/example_task_group_decorator.py took 0.041 seconds
[2024-11-11T03:07:20.182+0000] {processor.py:186} INFO - Started process (PID=5261) to work on /home/airflow/.local/lib/python3.12/site-packages/airflow/example_dags/example_task_group_decorator.py
[2024-11-11T03:07:20.183+0000] {processor.py:914} INFO - Processing file /home/airflow/.local/lib/python3.12/site-packages/airflow/example_dags/example_task_group_decorator.py for tasks to queue
[2024-11-11T03:07:20.184+0000] {logging_mixin.py:190} INFO - [2024-11-11T03:07:20.184+0000] {dagbag.py:588} INFO - Filling up the DagBag from /home/airflow/.local/lib/python3.12/site-packages/airflow/example_dags/example_task_group_decorator.py
[2024-11-11T03:07:20.192+0000] {processor.py:925} INFO - DAG(s) 'example_task_group_decorator' retrieved from /home/airflow/.local/lib/python3.12/site-packages/airflow/example_dags/example_task_group_decorator.py
[2024-11-11T03:07:20.205+0000] {logging_mixin.py:190} INFO - [2024-11-11T03:07:20.205+0000] {dag.py:3239} INFO - Sync 1 DAGs
[2024-11-11T03:07:20.212+0000] {logging_mixin.py:190} INFO - [2024-11-11T03:07:20.212+0000] {dag.py:4180} INFO - Setting next_dagrun for example_task_group_decorator to None, run_after=None
[2024-11-11T03:07:20.221+0000] {processor.py:208} INFO - Processing /home/airflow/.local/lib/python3.12/site-packages/airflow/example_dags/example_task_group_decorator.py took 0.042 seconds
[2024-11-11T03:07:51.011+0000] {processor.py:186} INFO - Started process (PID=5324) to work on /home/airflow/.local/lib/python3.12/site-packages/airflow/example_dags/example_task_group_decorator.py
[2024-11-11T03:07:51.011+0000] {processor.py:914} INFO - Processing file /home/airflow/.local/lib/python3.12/site-packages/airflow/example_dags/example_task_group_decorator.py for tasks to queue
[2024-11-11T03:07:51.013+0000] {logging_mixin.py:190} INFO - [2024-11-11T03:07:51.012+0000] {dagbag.py:588} INFO - Filling up the DagBag from /home/airflow/.local/lib/python3.12/site-packages/airflow/example_dags/example_task_group_decorator.py
[2024-11-11T03:07:51.020+0000] {processor.py:925} INFO - DAG(s) 'example_task_group_decorator' retrieved from /home/airflow/.local/lib/python3.12/site-packages/airflow/example_dags/example_task_group_decorator.py
[2024-11-11T03:07:51.033+0000] {logging_mixin.py:190} INFO - [2024-11-11T03:07:51.033+0000] {dag.py:3239} INFO - Sync 1 DAGs
[2024-11-11T03:07:51.040+0000] {logging_mixin.py:190} INFO - [2024-11-11T03:07:51.040+0000] {dag.py:4180} INFO - Setting next_dagrun for example_task_group_decorator to None, run_after=None
[2024-11-11T03:07:51.049+0000] {processor.py:208} INFO - Processing /home/airflow/.local/lib/python3.12/site-packages/airflow/example_dags/example_task_group_decorator.py took 0.042 seconds
[2024-11-11T03:08:21.894+0000] {processor.py:186} INFO - Started process (PID=5389) to work on /home/airflow/.local/lib/python3.12/site-packages/airflow/example_dags/example_task_group_decorator.py
[2024-11-11T03:08:21.895+0000] {processor.py:914} INFO - Processing file /home/airflow/.local/lib/python3.12/site-packages/airflow/example_dags/example_task_group_decorator.py for tasks to queue
[2024-11-11T03:08:21.896+0000] {logging_mixin.py:190} INFO - [2024-11-11T03:08:21.896+0000] {dagbag.py:588} INFO - Filling up the DagBag from /home/airflow/.local/lib/python3.12/site-packages/airflow/example_dags/example_task_group_decorator.py
[2024-11-11T03:08:21.904+0000] {processor.py:925} INFO - DAG(s) 'example_task_group_decorator' retrieved from /home/airflow/.local/lib/python3.12/site-packages/airflow/example_dags/example_task_group_decorator.py
[2024-11-11T03:08:21.917+0000] {logging_mixin.py:190} INFO - [2024-11-11T03:08:21.917+0000] {dag.py:3239} INFO - Sync 1 DAGs
[2024-11-11T03:08:21.924+0000] {logging_mixin.py:190} INFO - [2024-11-11T03:08:21.924+0000] {dag.py:4180} INFO - Setting next_dagrun for example_task_group_decorator to None, run_after=None
[2024-11-11T03:08:21.933+0000] {processor.py:208} INFO - Processing /home/airflow/.local/lib/python3.12/site-packages/airflow/example_dags/example_task_group_decorator.py took 0.042 seconds
[2024-11-11T03:08:52.318+0000] {processor.py:186} INFO - Started process (PID=5452) to work on /home/airflow/.local/lib/python3.12/site-packages/airflow/example_dags/example_task_group_decorator.py
[2024-11-11T03:08:52.319+0000] {processor.py:914} INFO - Processing file /home/airflow/.local/lib/python3.12/site-packages/airflow/example_dags/example_task_group_decorator.py for tasks to queue
[2024-11-11T03:08:52.320+0000] {logging_mixin.py:190} INFO - [2024-11-11T03:08:52.320+0000] {dagbag.py:588} INFO - Filling up the DagBag from /home/airflow/.local/lib/python3.12/site-packages/airflow/example_dags/example_task_group_decorator.py
[2024-11-11T03:08:52.328+0000] {processor.py:925} INFO - DAG(s) 'example_task_group_decorator' retrieved from /home/airflow/.local/lib/python3.12/site-packages/airflow/example_dags/example_task_group_decorator.py
[2024-11-11T03:08:52.340+0000] {logging_mixin.py:190} INFO - [2024-11-11T03:08:52.340+0000] {dag.py:3239} INFO - Sync 1 DAGs
[2024-11-11T03:08:52.346+0000] {logging_mixin.py:190} INFO - [2024-11-11T03:08:52.346+0000] {dag.py:4180} INFO - Setting next_dagrun for example_task_group_decorator to None, run_after=None
[2024-11-11T03:08:52.355+0000] {processor.py:208} INFO - Processing /home/airflow/.local/lib/python3.12/site-packages/airflow/example_dags/example_task_group_decorator.py took 0.040 seconds
[2024-11-11T03:09:22.908+0000] {processor.py:186} INFO - Started process (PID=5515) to work on /home/airflow/.local/lib/python3.12/site-packages/airflow/example_dags/example_task_group_decorator.py
[2024-11-11T03:09:22.909+0000] {processor.py:914} INFO - Processing file /home/airflow/.local/lib/python3.12/site-packages/airflow/example_dags/example_task_group_decorator.py for tasks to queue
[2024-11-11T03:09:22.910+0000] {logging_mixin.py:190} INFO - [2024-11-11T03:09:22.910+0000] {dagbag.py:588} INFO - Filling up the DagBag from /home/airflow/.local/lib/python3.12/site-packages/airflow/example_dags/example_task_group_decorator.py
[2024-11-11T03:09:22.918+0000] {processor.py:925} INFO - DAG(s) 'example_task_group_decorator' retrieved from /home/airflow/.local/lib/python3.12/site-packages/airflow/example_dags/example_task_group_decorator.py
[2024-11-11T03:09:22.931+0000] {logging_mixin.py:190} INFO - [2024-11-11T03:09:22.931+0000] {dag.py:3239} INFO - Sync 1 DAGs
[2024-11-11T03:09:22.938+0000] {logging_mixin.py:190} INFO - [2024-11-11T03:09:22.937+0000] {dag.py:4180} INFO - Setting next_dagrun for example_task_group_decorator to None, run_after=None
[2024-11-11T03:09:22.946+0000] {processor.py:208} INFO - Processing /home/airflow/.local/lib/python3.12/site-packages/airflow/example_dags/example_task_group_decorator.py took 0.042 seconds
[2024-11-11T03:09:53.611+0000] {processor.py:186} INFO - Started process (PID=5578) to work on /home/airflow/.local/lib/python3.12/site-packages/airflow/example_dags/example_task_group_decorator.py
[2024-11-11T03:09:53.611+0000] {processor.py:914} INFO - Processing file /home/airflow/.local/lib/python3.12/site-packages/airflow/example_dags/example_task_group_decorator.py for tasks to queue
[2024-11-11T03:09:53.613+0000] {logging_mixin.py:190} INFO - [2024-11-11T03:09:53.613+0000] {dagbag.py:588} INFO - Filling up the DagBag from /home/airflow/.local/lib/python3.12/site-packages/airflow/example_dags/example_task_group_decorator.py
[2024-11-11T03:09:53.621+0000] {processor.py:925} INFO - DAG(s) 'example_task_group_decorator' retrieved from /home/airflow/.local/lib/python3.12/site-packages/airflow/example_dags/example_task_group_decorator.py
[2024-11-11T03:09:53.632+0000] {logging_mixin.py:190} INFO - [2024-11-11T03:09:53.632+0000] {dag.py:3239} INFO - Sync 1 DAGs
[2024-11-11T03:09:53.639+0000] {logging_mixin.py:190} INFO - [2024-11-11T03:09:53.639+0000] {dag.py:4180} INFO - Setting next_dagrun for example_task_group_decorator to None, run_after=None
[2024-11-11T03:09:53.647+0000] {processor.py:208} INFO - Processing /home/airflow/.local/lib/python3.12/site-packages/airflow/example_dags/example_task_group_decorator.py took 0.040 seconds
[2024-11-11T03:10:24.312+0000] {processor.py:186} INFO - Started process (PID=5641) to work on /home/airflow/.local/lib/python3.12/site-packages/airflow/example_dags/example_task_group_decorator.py
[2024-11-11T03:10:24.313+0000] {processor.py:914} INFO - Processing file /home/airflow/.local/lib/python3.12/site-packages/airflow/example_dags/example_task_group_decorator.py for tasks to queue
[2024-11-11T03:10:24.315+0000] {logging_mixin.py:190} INFO - [2024-11-11T03:10:24.314+0000] {dagbag.py:588} INFO - Filling up the DagBag from /home/airflow/.local/lib/python3.12/site-packages/airflow/example_dags/example_task_group_decorator.py
[2024-11-11T03:10:24.322+0000] {processor.py:925} INFO - DAG(s) 'example_task_group_decorator' retrieved from /home/airflow/.local/lib/python3.12/site-packages/airflow/example_dags/example_task_group_decorator.py
[2024-11-11T03:10:24.333+0000] {logging_mixin.py:190} INFO - [2024-11-11T03:10:24.333+0000] {dag.py:3239} INFO - Sync 1 DAGs
[2024-11-11T03:10:24.340+0000] {logging_mixin.py:190} INFO - [2024-11-11T03:10:24.340+0000] {dag.py:4180} INFO - Setting next_dagrun for example_task_group_decorator to None, run_after=None
[2024-11-11T03:10:24.348+0000] {processor.py:208} INFO - Processing /home/airflow/.local/lib/python3.12/site-packages/airflow/example_dags/example_task_group_decorator.py took 0.039 seconds
[2024-11-11T03:10:55.280+0000] {processor.py:186} INFO - Started process (PID=5704) to work on /home/airflow/.local/lib/python3.12/site-packages/airflow/example_dags/example_task_group_decorator.py
[2024-11-11T03:10:55.281+0000] {processor.py:914} INFO - Processing file /home/airflow/.local/lib/python3.12/site-packages/airflow/example_dags/example_task_group_decorator.py for tasks to queue
[2024-11-11T03:10:55.282+0000] {logging_mixin.py:190} INFO - [2024-11-11T03:10:55.282+0000] {dagbag.py:588} INFO - Filling up the DagBag from /home/airflow/.local/lib/python3.12/site-packages/airflow/example_dags/example_task_group_decorator.py
[2024-11-11T03:10:55.291+0000] {processor.py:925} INFO - DAG(s) 'example_task_group_decorator' retrieved from /home/airflow/.local/lib/python3.12/site-packages/airflow/example_dags/example_task_group_decorator.py
[2024-11-11T03:10:55.303+0000] {logging_mixin.py:190} INFO - [2024-11-11T03:10:55.303+0000] {dag.py:3239} INFO - Sync 1 DAGs
[2024-11-11T03:10:55.310+0000] {logging_mixin.py:190} INFO - [2024-11-11T03:10:55.310+0000] {dag.py:4180} INFO - Setting next_dagrun for example_task_group_decorator to None, run_after=None
[2024-11-11T03:10:55.318+0000] {processor.py:208} INFO - Processing /home/airflow/.local/lib/python3.12/site-packages/airflow/example_dags/example_task_group_decorator.py took 0.042 seconds
[2024-11-11T03:22:06.903+0000] {processor.py:186} INFO - Started process (PID=5767) to work on /home/airflow/.local/lib/python3.12/site-packages/airflow/example_dags/example_task_group_decorator.py
[2024-11-11T03:22:06.903+0000] {processor.py:914} INFO - Processing file /home/airflow/.local/lib/python3.12/site-packages/airflow/example_dags/example_task_group_decorator.py for tasks to queue
[2024-11-11T03:22:06.905+0000] {logging_mixin.py:190} INFO - [2024-11-11T03:22:06.905+0000] {dagbag.py:588} INFO - Filling up the DagBag from /home/airflow/.local/lib/python3.12/site-packages/airflow/example_dags/example_task_group_decorator.py
[2024-11-11T03:22:06.912+0000] {processor.py:925} INFO - DAG(s) 'example_task_group_decorator' retrieved from /home/airflow/.local/lib/python3.12/site-packages/airflow/example_dags/example_task_group_decorator.py
[2024-11-11T03:22:06.924+0000] {logging_mixin.py:190} INFO - [2024-11-11T03:22:06.924+0000] {dag.py:3239} INFO - Sync 1 DAGs
[2024-11-11T03:22:06.930+0000] {logging_mixin.py:190} INFO - [2024-11-11T03:22:06.930+0000] {dag.py:4180} INFO - Setting next_dagrun for example_task_group_decorator to None, run_after=None
[2024-11-11T03:22:06.938+0000] {processor.py:208} INFO - Processing /home/airflow/.local/lib/python3.12/site-packages/airflow/example_dags/example_task_group_decorator.py took 0.038 seconds
[2024-11-11T03:22:38.075+0000] {processor.py:186} INFO - Started process (PID=5830) to work on /home/airflow/.local/lib/python3.12/site-packages/airflow/example_dags/example_task_group_decorator.py
[2024-11-11T03:22:38.075+0000] {processor.py:914} INFO - Processing file /home/airflow/.local/lib/python3.12/site-packages/airflow/example_dags/example_task_group_decorator.py for tasks to queue
[2024-11-11T03:22:38.076+0000] {logging_mixin.py:190} INFO - [2024-11-11T03:22:38.076+0000] {dagbag.py:588} INFO - Filling up the DagBag from /home/airflow/.local/lib/python3.12/site-packages/airflow/example_dags/example_task_group_decorator.py
[2024-11-11T03:22:38.084+0000] {processor.py:925} INFO - DAG(s) 'example_task_group_decorator' retrieved from /home/airflow/.local/lib/python3.12/site-packages/airflow/example_dags/example_task_group_decorator.py
[2024-11-11T03:22:38.096+0000] {logging_mixin.py:190} INFO - [2024-11-11T03:22:38.096+0000] {dag.py:3239} INFO - Sync 1 DAGs
[2024-11-11T03:22:38.103+0000] {logging_mixin.py:190} INFO - [2024-11-11T03:22:38.102+0000] {dag.py:4180} INFO - Setting next_dagrun for example_task_group_decorator to None, run_after=None
[2024-11-11T03:22:38.111+0000] {processor.py:208} INFO - Processing /home/airflow/.local/lib/python3.12/site-packages/airflow/example_dags/example_task_group_decorator.py took 0.039 seconds
[2024-11-11T03:23:08.992+0000] {processor.py:186} INFO - Started process (PID=5893) to work on /home/airflow/.local/lib/python3.12/site-packages/airflow/example_dags/example_task_group_decorator.py
[2024-11-11T03:23:08.993+0000] {processor.py:914} INFO - Processing file /home/airflow/.local/lib/python3.12/site-packages/airflow/example_dags/example_task_group_decorator.py for tasks to queue
[2024-11-11T03:23:08.994+0000] {logging_mixin.py:190} INFO - [2024-11-11T03:23:08.994+0000] {dagbag.py:588} INFO - Filling up the DagBag from /home/airflow/.local/lib/python3.12/site-packages/airflow/example_dags/example_task_group_decorator.py
[2024-11-11T03:23:09.003+0000] {processor.py:925} INFO - DAG(s) 'example_task_group_decorator' retrieved from /home/airflow/.local/lib/python3.12/site-packages/airflow/example_dags/example_task_group_decorator.py
[2024-11-11T03:23:09.019+0000] {logging_mixin.py:190} INFO - [2024-11-11T03:23:09.019+0000] {dag.py:3239} INFO - Sync 1 DAGs
[2024-11-11T03:23:09.028+0000] {logging_mixin.py:190} INFO - [2024-11-11T03:23:09.028+0000] {dag.py:4180} INFO - Setting next_dagrun for example_task_group_decorator to None, run_after=None
[2024-11-11T03:23:09.037+0000] {processor.py:208} INFO - Processing /home/airflow/.local/lib/python3.12/site-packages/airflow/example_dags/example_task_group_decorator.py took 0.050 seconds
[2024-11-11T03:23:40.017+0000] {processor.py:186} INFO - Started process (PID=5956) to work on /home/airflow/.local/lib/python3.12/site-packages/airflow/example_dags/example_task_group_decorator.py
[2024-11-11T03:23:40.018+0000] {processor.py:914} INFO - Processing file /home/airflow/.local/lib/python3.12/site-packages/airflow/example_dags/example_task_group_decorator.py for tasks to queue
[2024-11-11T03:23:40.019+0000] {logging_mixin.py:190} INFO - [2024-11-11T03:23:40.019+0000] {dagbag.py:588} INFO - Filling up the DagBag from /home/airflow/.local/lib/python3.12/site-packages/airflow/example_dags/example_task_group_decorator.py
[2024-11-11T03:23:40.027+0000] {processor.py:925} INFO - DAG(s) 'example_task_group_decorator' retrieved from /home/airflow/.local/lib/python3.12/site-packages/airflow/example_dags/example_task_group_decorator.py
[2024-11-11T03:23:40.040+0000] {logging_mixin.py:190} INFO - [2024-11-11T03:23:40.040+0000] {dag.py:3239} INFO - Sync 1 DAGs
[2024-11-11T03:23:40.047+0000] {logging_mixin.py:190} INFO - [2024-11-11T03:23:40.047+0000] {dag.py:4180} INFO - Setting next_dagrun for example_task_group_decorator to None, run_after=None
[2024-11-11T03:23:40.056+0000] {processor.py:208} INFO - Processing /home/airflow/.local/lib/python3.12/site-packages/airflow/example_dags/example_task_group_decorator.py took 0.042 seconds
[2024-11-11T03:24:10.663+0000] {processor.py:186} INFO - Started process (PID=6019) to work on /home/airflow/.local/lib/python3.12/site-packages/airflow/example_dags/example_task_group_decorator.py
[2024-11-11T03:24:10.664+0000] {processor.py:914} INFO - Processing file /home/airflow/.local/lib/python3.12/site-packages/airflow/example_dags/example_task_group_decorator.py for tasks to queue
[2024-11-11T03:24:10.666+0000] {logging_mixin.py:190} INFO - [2024-11-11T03:24:10.665+0000] {dagbag.py:588} INFO - Filling up the DagBag from /home/airflow/.local/lib/python3.12/site-packages/airflow/example_dags/example_task_group_decorator.py
[2024-11-11T03:24:10.674+0000] {processor.py:925} INFO - DAG(s) 'example_task_group_decorator' retrieved from /home/airflow/.local/lib/python3.12/site-packages/airflow/example_dags/example_task_group_decorator.py
[2024-11-11T03:24:10.686+0000] {logging_mixin.py:190} INFO - [2024-11-11T03:24:10.686+0000] {dag.py:3239} INFO - Sync 1 DAGs
[2024-11-11T03:24:10.695+0000] {logging_mixin.py:190} INFO - [2024-11-11T03:24:10.695+0000] {dag.py:4180} INFO - Setting next_dagrun for example_task_group_decorator to None, run_after=None
[2024-11-11T03:24:10.704+0000] {processor.py:208} INFO - Processing /home/airflow/.local/lib/python3.12/site-packages/airflow/example_dags/example_task_group_decorator.py took 0.044 seconds
[2024-11-11T03:24:41.577+0000] {processor.py:186} INFO - Started process (PID=6081) to work on /home/airflow/.local/lib/python3.12/site-packages/airflow/example_dags/example_task_group_decorator.py
[2024-11-11T03:24:41.578+0000] {processor.py:914} INFO - Processing file /home/airflow/.local/lib/python3.12/site-packages/airflow/example_dags/example_task_group_decorator.py for tasks to queue
[2024-11-11T03:24:41.579+0000] {logging_mixin.py:190} INFO - [2024-11-11T03:24:41.579+0000] {dagbag.py:588} INFO - Filling up the DagBag from /home/airflow/.local/lib/python3.12/site-packages/airflow/example_dags/example_task_group_decorator.py
[2024-11-11T03:24:41.587+0000] {processor.py:925} INFO - DAG(s) 'example_task_group_decorator' retrieved from /home/airflow/.local/lib/python3.12/site-packages/airflow/example_dags/example_task_group_decorator.py
[2024-11-11T03:24:41.600+0000] {logging_mixin.py:190} INFO - [2024-11-11T03:24:41.600+0000] {dag.py:3239} INFO - Sync 1 DAGs
[2024-11-11T03:24:41.607+0000] {logging_mixin.py:190} INFO - [2024-11-11T03:24:41.607+0000] {dag.py:4180} INFO - Setting next_dagrun for example_task_group_decorator to None, run_after=None
[2024-11-11T03:24:41.617+0000] {processor.py:208} INFO - Processing /home/airflow/.local/lib/python3.12/site-packages/airflow/example_dags/example_task_group_decorator.py took 0.043 seconds
[2024-11-11T03:25:12.418+0000] {processor.py:186} INFO - Started process (PID=6144) to work on /home/airflow/.local/lib/python3.12/site-packages/airflow/example_dags/example_task_group_decorator.py
[2024-11-11T03:25:12.418+0000] {processor.py:914} INFO - Processing file /home/airflow/.local/lib/python3.12/site-packages/airflow/example_dags/example_task_group_decorator.py for tasks to queue
[2024-11-11T03:25:12.420+0000] {logging_mixin.py:190} INFO - [2024-11-11T03:25:12.420+0000] {dagbag.py:588} INFO - Filling up the DagBag from /home/airflow/.local/lib/python3.12/site-packages/airflow/example_dags/example_task_group_decorator.py
[2024-11-11T03:25:12.431+0000] {processor.py:925} INFO - DAG(s) 'example_task_group_decorator' retrieved from /home/airflow/.local/lib/python3.12/site-packages/airflow/example_dags/example_task_group_decorator.py
[2024-11-11T03:25:12.447+0000] {logging_mixin.py:190} INFO - [2024-11-11T03:25:12.447+0000] {dag.py:3239} INFO - Sync 1 DAGs
[2024-11-11T03:25:12.456+0000] {logging_mixin.py:190} INFO - [2024-11-11T03:25:12.456+0000] {dag.py:4180} INFO - Setting next_dagrun for example_task_group_decorator to None, run_after=None
[2024-11-11T03:25:12.468+0000] {processor.py:208} INFO - Processing /home/airflow/.local/lib/python3.12/site-packages/airflow/example_dags/example_task_group_decorator.py took 0.054 seconds
[2024-11-11T03:25:43.351+0000] {processor.py:186} INFO - Started process (PID=6207) to work on /home/airflow/.local/lib/python3.12/site-packages/airflow/example_dags/example_task_group_decorator.py
[2024-11-11T03:25:43.351+0000] {processor.py:914} INFO - Processing file /home/airflow/.local/lib/python3.12/site-packages/airflow/example_dags/example_task_group_decorator.py for tasks to queue
[2024-11-11T03:25:43.353+0000] {logging_mixin.py:190} INFO - [2024-11-11T03:25:43.353+0000] {dagbag.py:588} INFO - Filling up the DagBag from /home/airflow/.local/lib/python3.12/site-packages/airflow/example_dags/example_task_group_decorator.py
[2024-11-11T03:25:43.361+0000] {processor.py:925} INFO - DAG(s) 'example_task_group_decorator' retrieved from /home/airflow/.local/lib/python3.12/site-packages/airflow/example_dags/example_task_group_decorator.py
[2024-11-11T03:25:43.373+0000] {logging_mixin.py:190} INFO - [2024-11-11T03:25:43.373+0000] {dag.py:3239} INFO - Sync 1 DAGs
[2024-11-11T03:25:43.381+0000] {logging_mixin.py:190} INFO - [2024-11-11T03:25:43.381+0000] {dag.py:4180} INFO - Setting next_dagrun for example_task_group_decorator to None, run_after=None
[2024-11-11T03:25:43.390+0000] {processor.py:208} INFO - Processing /home/airflow/.local/lib/python3.12/site-packages/airflow/example_dags/example_task_group_decorator.py took 0.042 seconds
[2024-11-11T03:26:14.073+0000] {processor.py:186} INFO - Started process (PID=6270) to work on /home/airflow/.local/lib/python3.12/site-packages/airflow/example_dags/example_task_group_decorator.py
[2024-11-11T03:26:14.074+0000] {processor.py:914} INFO - Processing file /home/airflow/.local/lib/python3.12/site-packages/airflow/example_dags/example_task_group_decorator.py for tasks to queue
[2024-11-11T03:26:14.076+0000] {logging_mixin.py:190} INFO - [2024-11-11T03:26:14.075+0000] {dagbag.py:588} INFO - Filling up the DagBag from /home/airflow/.local/lib/python3.12/site-packages/airflow/example_dags/example_task_group_decorator.py
[2024-11-11T03:26:14.084+0000] {processor.py:925} INFO - DAG(s) 'example_task_group_decorator' retrieved from /home/airflow/.local/lib/python3.12/site-packages/airflow/example_dags/example_task_group_decorator.py
[2024-11-11T03:26:14.097+0000] {logging_mixin.py:190} INFO - [2024-11-11T03:26:14.097+0000] {dag.py:3239} INFO - Sync 1 DAGs
[2024-11-11T03:26:14.104+0000] {logging_mixin.py:190} INFO - [2024-11-11T03:26:14.104+0000] {dag.py:4180} INFO - Setting next_dagrun for example_task_group_decorator to None, run_after=None
[2024-11-11T03:26:14.112+0000] {processor.py:208} INFO - Processing /home/airflow/.local/lib/python3.12/site-packages/airflow/example_dags/example_task_group_decorator.py took 0.042 seconds
[2024-11-11T03:26:44.872+0000] {processor.py:186} INFO - Started process (PID=6333) to work on /home/airflow/.local/lib/python3.12/site-packages/airflow/example_dags/example_task_group_decorator.py
[2024-11-11T03:26:44.873+0000] {processor.py:914} INFO - Processing file /home/airflow/.local/lib/python3.12/site-packages/airflow/example_dags/example_task_group_decorator.py for tasks to queue
[2024-11-11T03:26:44.875+0000] {logging_mixin.py:190} INFO - [2024-11-11T03:26:44.874+0000] {dagbag.py:588} INFO - Filling up the DagBag from /home/airflow/.local/lib/python3.12/site-packages/airflow/example_dags/example_task_group_decorator.py
[2024-11-11T03:26:44.883+0000] {processor.py:925} INFO - DAG(s) 'example_task_group_decorator' retrieved from /home/airflow/.local/lib/python3.12/site-packages/airflow/example_dags/example_task_group_decorator.py
[2024-11-11T03:26:44.895+0000] {logging_mixin.py:190} INFO - [2024-11-11T03:26:44.895+0000] {dag.py:3239} INFO - Sync 1 DAGs
[2024-11-11T03:26:44.902+0000] {logging_mixin.py:190} INFO - [2024-11-11T03:26:44.902+0000] {dag.py:4180} INFO - Setting next_dagrun for example_task_group_decorator to None, run_after=None
[2024-11-11T03:26:44.911+0000] {processor.py:208} INFO - Processing /home/airflow/.local/lib/python3.12/site-packages/airflow/example_dags/example_task_group_decorator.py took 0.042 seconds
[2024-11-11T03:27:15.721+0000] {processor.py:186} INFO - Started process (PID=6396) to work on /home/airflow/.local/lib/python3.12/site-packages/airflow/example_dags/example_task_group_decorator.py
[2024-11-11T03:27:15.722+0000] {processor.py:914} INFO - Processing file /home/airflow/.local/lib/python3.12/site-packages/airflow/example_dags/example_task_group_decorator.py for tasks to queue
[2024-11-11T03:27:15.723+0000] {logging_mixin.py:190} INFO - [2024-11-11T03:27:15.723+0000] {dagbag.py:588} INFO - Filling up the DagBag from /home/airflow/.local/lib/python3.12/site-packages/airflow/example_dags/example_task_group_decorator.py
[2024-11-11T03:27:15.732+0000] {processor.py:925} INFO - DAG(s) 'example_task_group_decorator' retrieved from /home/airflow/.local/lib/python3.12/site-packages/airflow/example_dags/example_task_group_decorator.py
[2024-11-11T03:27:15.746+0000] {logging_mixin.py:190} INFO - [2024-11-11T03:27:15.746+0000] {dag.py:3239} INFO - Sync 1 DAGs
[2024-11-11T03:27:15.753+0000] {logging_mixin.py:190} INFO - [2024-11-11T03:27:15.753+0000] {dag.py:4180} INFO - Setting next_dagrun for example_task_group_decorator to None, run_after=None
[2024-11-11T03:27:15.762+0000] {processor.py:208} INFO - Processing /home/airflow/.local/lib/python3.12/site-packages/airflow/example_dags/example_task_group_decorator.py took 0.045 seconds
[2024-11-11T03:27:46.545+0000] {processor.py:186} INFO - Started process (PID=6459) to work on /home/airflow/.local/lib/python3.12/site-packages/airflow/example_dags/example_task_group_decorator.py
[2024-11-11T03:27:46.546+0000] {processor.py:914} INFO - Processing file /home/airflow/.local/lib/python3.12/site-packages/airflow/example_dags/example_task_group_decorator.py for tasks to queue
[2024-11-11T03:27:46.548+0000] {logging_mixin.py:190} INFO - [2024-11-11T03:27:46.548+0000] {dagbag.py:588} INFO - Filling up the DagBag from /home/airflow/.local/lib/python3.12/site-packages/airflow/example_dags/example_task_group_decorator.py
[2024-11-11T03:27:46.557+0000] {processor.py:925} INFO - DAG(s) 'example_task_group_decorator' retrieved from /home/airflow/.local/lib/python3.12/site-packages/airflow/example_dags/example_task_group_decorator.py
[2024-11-11T03:27:46.570+0000] {logging_mixin.py:190} INFO - [2024-11-11T03:27:46.570+0000] {dag.py:3239} INFO - Sync 1 DAGs
[2024-11-11T03:27:46.578+0000] {logging_mixin.py:190} INFO - [2024-11-11T03:27:46.578+0000] {dag.py:4180} INFO - Setting next_dagrun for example_task_group_decorator to None, run_after=None
[2024-11-11T03:27:46.587+0000] {processor.py:208} INFO - Processing /home/airflow/.local/lib/python3.12/site-packages/airflow/example_dags/example_task_group_decorator.py took 0.049 seconds
[2024-11-11T03:28:17.196+0000] {processor.py:186} INFO - Started process (PID=6522) to work on /home/airflow/.local/lib/python3.12/site-packages/airflow/example_dags/example_task_group_decorator.py
[2024-11-11T03:28:17.197+0000] {processor.py:914} INFO - Processing file /home/airflow/.local/lib/python3.12/site-packages/airflow/example_dags/example_task_group_decorator.py for tasks to queue
[2024-11-11T03:28:17.198+0000] {logging_mixin.py:190} INFO - [2024-11-11T03:28:17.198+0000] {dagbag.py:588} INFO - Filling up the DagBag from /home/airflow/.local/lib/python3.12/site-packages/airflow/example_dags/example_task_group_decorator.py
[2024-11-11T03:28:17.207+0000] {processor.py:925} INFO - DAG(s) 'example_task_group_decorator' retrieved from /home/airflow/.local/lib/python3.12/site-packages/airflow/example_dags/example_task_group_decorator.py
[2024-11-11T03:28:17.222+0000] {logging_mixin.py:190} INFO - [2024-11-11T03:28:17.222+0000] {dag.py:3239} INFO - Sync 1 DAGs
[2024-11-11T03:28:17.230+0000] {logging_mixin.py:190} INFO - [2024-11-11T03:28:17.230+0000] {dag.py:4180} INFO - Setting next_dagrun for example_task_group_decorator to None, run_after=None
[2024-11-11T03:28:17.239+0000] {processor.py:208} INFO - Processing /home/airflow/.local/lib/python3.12/site-packages/airflow/example_dags/example_task_group_decorator.py took 0.047 seconds
[2024-11-11T03:28:47.920+0000] {processor.py:186} INFO - Started process (PID=6584) to work on /home/airflow/.local/lib/python3.12/site-packages/airflow/example_dags/example_task_group_decorator.py
[2024-11-11T03:28:47.921+0000] {processor.py:914} INFO - Processing file /home/airflow/.local/lib/python3.12/site-packages/airflow/example_dags/example_task_group_decorator.py for tasks to queue
[2024-11-11T03:28:47.922+0000] {logging_mixin.py:190} INFO - [2024-11-11T03:28:47.922+0000] {dagbag.py:588} INFO - Filling up the DagBag from /home/airflow/.local/lib/python3.12/site-packages/airflow/example_dags/example_task_group_decorator.py
[2024-11-11T03:28:47.930+0000] {processor.py:925} INFO - DAG(s) 'example_task_group_decorator' retrieved from /home/airflow/.local/lib/python3.12/site-packages/airflow/example_dags/example_task_group_decorator.py
[2024-11-11T03:28:47.943+0000] {logging_mixin.py:190} INFO - [2024-11-11T03:28:47.943+0000] {dag.py:3239} INFO - Sync 1 DAGs
[2024-11-11T03:28:47.950+0000] {logging_mixin.py:190} INFO - [2024-11-11T03:28:47.950+0000] {dag.py:4180} INFO - Setting next_dagrun for example_task_group_decorator to None, run_after=None
[2024-11-11T03:28:47.959+0000] {processor.py:208} INFO - Processing /home/airflow/.local/lib/python3.12/site-packages/airflow/example_dags/example_task_group_decorator.py took 0.042 seconds
[2024-11-11T03:29:18.975+0000] {processor.py:186} INFO - Started process (PID=6648) to work on /home/airflow/.local/lib/python3.12/site-packages/airflow/example_dags/example_task_group_decorator.py
[2024-11-11T03:29:18.976+0000] {processor.py:914} INFO - Processing file /home/airflow/.local/lib/python3.12/site-packages/airflow/example_dags/example_task_group_decorator.py for tasks to queue
[2024-11-11T03:29:18.978+0000] {logging_mixin.py:190} INFO - [2024-11-11T03:29:18.978+0000] {dagbag.py:588} INFO - Filling up the DagBag from /home/airflow/.local/lib/python3.12/site-packages/airflow/example_dags/example_task_group_decorator.py
[2024-11-11T03:29:18.986+0000] {processor.py:925} INFO - DAG(s) 'example_task_group_decorator' retrieved from /home/airflow/.local/lib/python3.12/site-packages/airflow/example_dags/example_task_group_decorator.py
[2024-11-11T03:29:19.000+0000] {logging_mixin.py:190} INFO - [2024-11-11T03:29:19.000+0000] {dag.py:3239} INFO - Sync 1 DAGs
[2024-11-11T03:29:19.009+0000] {logging_mixin.py:190} INFO - [2024-11-11T03:29:19.008+0000] {dag.py:4180} INFO - Setting next_dagrun for example_task_group_decorator to None, run_after=None
[2024-11-11T03:29:19.018+0000] {processor.py:208} INFO - Processing /home/airflow/.local/lib/python3.12/site-packages/airflow/example_dags/example_task_group_decorator.py took 0.047 seconds
[2024-11-11T03:29:49.891+0000] {processor.py:186} INFO - Started process (PID=6710) to work on /home/airflow/.local/lib/python3.12/site-packages/airflow/example_dags/example_task_group_decorator.py
[2024-11-11T03:29:49.892+0000] {processor.py:914} INFO - Processing file /home/airflow/.local/lib/python3.12/site-packages/airflow/example_dags/example_task_group_decorator.py for tasks to queue
[2024-11-11T03:29:49.894+0000] {logging_mixin.py:190} INFO - [2024-11-11T03:29:49.893+0000] {dagbag.py:588} INFO - Filling up the DagBag from /home/airflow/.local/lib/python3.12/site-packages/airflow/example_dags/example_task_group_decorator.py
[2024-11-11T03:29:49.904+0000] {processor.py:925} INFO - DAG(s) 'example_task_group_decorator' retrieved from /home/airflow/.local/lib/python3.12/site-packages/airflow/example_dags/example_task_group_decorator.py
[2024-11-11T03:29:49.923+0000] {logging_mixin.py:190} INFO - [2024-11-11T03:29:49.923+0000] {dag.py:3239} INFO - Sync 1 DAGs
[2024-11-11T03:29:49.940+0000] {logging_mixin.py:190} INFO - [2024-11-11T03:29:49.940+0000] {dag.py:4180} INFO - Setting next_dagrun for example_task_group_decorator to None, run_after=None
[2024-11-11T03:29:49.954+0000] {processor.py:208} INFO - Processing /home/airflow/.local/lib/python3.12/site-packages/airflow/example_dags/example_task_group_decorator.py took 0.067 seconds
[2024-11-11T03:30:20.932+0000] {processor.py:186} INFO - Started process (PID=6773) to work on /home/airflow/.local/lib/python3.12/site-packages/airflow/example_dags/example_task_group_decorator.py
[2024-11-11T03:30:20.932+0000] {processor.py:914} INFO - Processing file /home/airflow/.local/lib/python3.12/site-packages/airflow/example_dags/example_task_group_decorator.py for tasks to queue
[2024-11-11T03:30:20.934+0000] {logging_mixin.py:190} INFO - [2024-11-11T03:30:20.934+0000] {dagbag.py:588} INFO - Filling up the DagBag from /home/airflow/.local/lib/python3.12/site-packages/airflow/example_dags/example_task_group_decorator.py
[2024-11-11T03:30:20.943+0000] {processor.py:925} INFO - DAG(s) 'example_task_group_decorator' retrieved from /home/airflow/.local/lib/python3.12/site-packages/airflow/example_dags/example_task_group_decorator.py
[2024-11-11T03:30:20.957+0000] {logging_mixin.py:190} INFO - [2024-11-11T03:30:20.957+0000] {dag.py:3239} INFO - Sync 1 DAGs
[2024-11-11T03:30:20.966+0000] {logging_mixin.py:190} INFO - [2024-11-11T03:30:20.965+0000] {dag.py:4180} INFO - Setting next_dagrun for example_task_group_decorator to None, run_after=None
[2024-11-11T03:30:20.979+0000] {processor.py:208} INFO - Processing /home/airflow/.local/lib/python3.12/site-packages/airflow/example_dags/example_task_group_decorator.py took 0.051 seconds
[2024-11-11T03:30:51.987+0000] {processor.py:186} INFO - Started process (PID=6836) to work on /home/airflow/.local/lib/python3.12/site-packages/airflow/example_dags/example_task_group_decorator.py
[2024-11-11T03:30:51.987+0000] {processor.py:914} INFO - Processing file /home/airflow/.local/lib/python3.12/site-packages/airflow/example_dags/example_task_group_decorator.py for tasks to queue
[2024-11-11T03:30:51.989+0000] {logging_mixin.py:190} INFO - [2024-11-11T03:30:51.989+0000] {dagbag.py:588} INFO - Filling up the DagBag from /home/airflow/.local/lib/python3.12/site-packages/airflow/example_dags/example_task_group_decorator.py
[2024-11-11T03:30:51.998+0000] {processor.py:925} INFO - DAG(s) 'example_task_group_decorator' retrieved from /home/airflow/.local/lib/python3.12/site-packages/airflow/example_dags/example_task_group_decorator.py
[2024-11-11T03:30:52.013+0000] {logging_mixin.py:190} INFO - [2024-11-11T03:30:52.013+0000] {dag.py:3239} INFO - Sync 1 DAGs
[2024-11-11T03:30:52.020+0000] {logging_mixin.py:190} INFO - [2024-11-11T03:30:52.020+0000] {dag.py:4180} INFO - Setting next_dagrun for example_task_group_decorator to None, run_after=None
[2024-11-11T03:30:52.031+0000] {processor.py:208} INFO - Processing /home/airflow/.local/lib/python3.12/site-packages/airflow/example_dags/example_task_group_decorator.py took 0.048 seconds
[2024-11-11T03:31:22.908+0000] {processor.py:186} INFO - Started process (PID=6899) to work on /home/airflow/.local/lib/python3.12/site-packages/airflow/example_dags/example_task_group_decorator.py
[2024-11-11T03:31:22.909+0000] {processor.py:914} INFO - Processing file /home/airflow/.local/lib/python3.12/site-packages/airflow/example_dags/example_task_group_decorator.py for tasks to queue
[2024-11-11T03:31:22.910+0000] {logging_mixin.py:190} INFO - [2024-11-11T03:31:22.910+0000] {dagbag.py:588} INFO - Filling up the DagBag from /home/airflow/.local/lib/python3.12/site-packages/airflow/example_dags/example_task_group_decorator.py
[2024-11-11T03:31:22.918+0000] {processor.py:925} INFO - DAG(s) 'example_task_group_decorator' retrieved from /home/airflow/.local/lib/python3.12/site-packages/airflow/example_dags/example_task_group_decorator.py
[2024-11-11T03:31:22.930+0000] {logging_mixin.py:190} INFO - [2024-11-11T03:31:22.929+0000] {dag.py:3239} INFO - Sync 1 DAGs
[2024-11-11T03:31:22.936+0000] {logging_mixin.py:190} INFO - [2024-11-11T03:31:22.936+0000] {dag.py:4180} INFO - Setting next_dagrun for example_task_group_decorator to None, run_after=None
[2024-11-11T03:31:22.944+0000] {processor.py:208} INFO - Processing /home/airflow/.local/lib/python3.12/site-packages/airflow/example_dags/example_task_group_decorator.py took 0.039 seconds
[2024-11-11T03:31:54.035+0000] {processor.py:186} INFO - Started process (PID=6962) to work on /home/airflow/.local/lib/python3.12/site-packages/airflow/example_dags/example_task_group_decorator.py
[2024-11-11T03:31:54.036+0000] {processor.py:914} INFO - Processing file /home/airflow/.local/lib/python3.12/site-packages/airflow/example_dags/example_task_group_decorator.py for tasks to queue
[2024-11-11T03:31:54.037+0000] {logging_mixin.py:190} INFO - [2024-11-11T03:31:54.037+0000] {dagbag.py:588} INFO - Filling up the DagBag from /home/airflow/.local/lib/python3.12/site-packages/airflow/example_dags/example_task_group_decorator.py
[2024-11-11T03:31:54.045+0000] {processor.py:925} INFO - DAG(s) 'example_task_group_decorator' retrieved from /home/airflow/.local/lib/python3.12/site-packages/airflow/example_dags/example_task_group_decorator.py
[2024-11-11T03:31:54.058+0000] {logging_mixin.py:190} INFO - [2024-11-11T03:31:54.058+0000] {dag.py:3239} INFO - Sync 1 DAGs
[2024-11-11T03:31:54.066+0000] {logging_mixin.py:190} INFO - [2024-11-11T03:31:54.066+0000] {dag.py:4180} INFO - Setting next_dagrun for example_task_group_decorator to None, run_after=None
[2024-11-11T03:31:54.074+0000] {processor.py:208} INFO - Processing /home/airflow/.local/lib/python3.12/site-packages/airflow/example_dags/example_task_group_decorator.py took 0.042 seconds
[2024-11-11T03:32:25.357+0000] {processor.py:186} INFO - Started process (PID=7025) to work on /home/airflow/.local/lib/python3.12/site-packages/airflow/example_dags/example_task_group_decorator.py
[2024-11-11T03:32:25.358+0000] {processor.py:914} INFO - Processing file /home/airflow/.local/lib/python3.12/site-packages/airflow/example_dags/example_task_group_decorator.py for tasks to queue
[2024-11-11T03:32:25.360+0000] {logging_mixin.py:190} INFO - [2024-11-11T03:32:25.360+0000] {dagbag.py:588} INFO - Filling up the DagBag from /home/airflow/.local/lib/python3.12/site-packages/airflow/example_dags/example_task_group_decorator.py
[2024-11-11T03:32:25.368+0000] {processor.py:925} INFO - DAG(s) 'example_task_group_decorator' retrieved from /home/airflow/.local/lib/python3.12/site-packages/airflow/example_dags/example_task_group_decorator.py
[2024-11-11T03:32:25.380+0000] {logging_mixin.py:190} INFO - [2024-11-11T03:32:25.380+0000] {dag.py:3239} INFO - Sync 1 DAGs
[2024-11-11T03:32:25.388+0000] {logging_mixin.py:190} INFO - [2024-11-11T03:32:25.388+0000] {dag.py:4180} INFO - Setting next_dagrun for example_task_group_decorator to None, run_after=None
[2024-11-11T03:32:25.396+0000] {processor.py:208} INFO - Processing /home/airflow/.local/lib/python3.12/site-packages/airflow/example_dags/example_task_group_decorator.py took 0.043 seconds
[2024-11-11T03:32:56.213+0000] {processor.py:186} INFO - Started process (PID=7089) to work on /home/airflow/.local/lib/python3.12/site-packages/airflow/example_dags/example_task_group_decorator.py
[2024-11-11T03:32:56.214+0000] {processor.py:914} INFO - Processing file /home/airflow/.local/lib/python3.12/site-packages/airflow/example_dags/example_task_group_decorator.py for tasks to queue
[2024-11-11T03:32:56.215+0000] {logging_mixin.py:190} INFO - [2024-11-11T03:32:56.215+0000] {dagbag.py:588} INFO - Filling up the DagBag from /home/airflow/.local/lib/python3.12/site-packages/airflow/example_dags/example_task_group_decorator.py
[2024-11-11T03:32:56.223+0000] {processor.py:925} INFO - DAG(s) 'example_task_group_decorator' retrieved from /home/airflow/.local/lib/python3.12/site-packages/airflow/example_dags/example_task_group_decorator.py
[2024-11-11T03:32:56.237+0000] {logging_mixin.py:190} INFO - [2024-11-11T03:32:56.237+0000] {dag.py:3239} INFO - Sync 1 DAGs
[2024-11-11T03:32:56.246+0000] {logging_mixin.py:190} INFO - [2024-11-11T03:32:56.246+0000] {dag.py:4180} INFO - Setting next_dagrun for example_task_group_decorator to None, run_after=None
[2024-11-11T03:32:56.258+0000] {processor.py:208} INFO - Processing /home/airflow/.local/lib/python3.12/site-packages/airflow/example_dags/example_task_group_decorator.py took 0.049 seconds
[2024-11-11T03:33:26.927+0000] {processor.py:186} INFO - Started process (PID=7152) to work on /home/airflow/.local/lib/python3.12/site-packages/airflow/example_dags/example_task_group_decorator.py
[2024-11-11T03:33:26.927+0000] {processor.py:914} INFO - Processing file /home/airflow/.local/lib/python3.12/site-packages/airflow/example_dags/example_task_group_decorator.py for tasks to queue
[2024-11-11T03:33:26.929+0000] {logging_mixin.py:190} INFO - [2024-11-11T03:33:26.929+0000] {dagbag.py:588} INFO - Filling up the DagBag from /home/airflow/.local/lib/python3.12/site-packages/airflow/example_dags/example_task_group_decorator.py
[2024-11-11T03:33:26.937+0000] {processor.py:925} INFO - DAG(s) 'example_task_group_decorator' retrieved from /home/airflow/.local/lib/python3.12/site-packages/airflow/example_dags/example_task_group_decorator.py
[2024-11-11T03:33:26.950+0000] {logging_mixin.py:190} INFO - [2024-11-11T03:33:26.950+0000] {dag.py:3239} INFO - Sync 1 DAGs
[2024-11-11T03:33:26.957+0000] {logging_mixin.py:190} INFO - [2024-11-11T03:33:26.957+0000] {dag.py:4180} INFO - Setting next_dagrun for example_task_group_decorator to None, run_after=None
[2024-11-11T03:33:26.965+0000] {processor.py:208} INFO - Processing /home/airflow/.local/lib/python3.12/site-packages/airflow/example_dags/example_task_group_decorator.py took 0.042 seconds
[2024-11-11T03:33:57.648+0000] {processor.py:186} INFO - Started process (PID=7215) to work on /home/airflow/.local/lib/python3.12/site-packages/airflow/example_dags/example_task_group_decorator.py
[2024-11-11T03:33:57.649+0000] {processor.py:914} INFO - Processing file /home/airflow/.local/lib/python3.12/site-packages/airflow/example_dags/example_task_group_decorator.py for tasks to queue
[2024-11-11T03:33:57.650+0000] {logging_mixin.py:190} INFO - [2024-11-11T03:33:57.650+0000] {dagbag.py:588} INFO - Filling up the DagBag from /home/airflow/.local/lib/python3.12/site-packages/airflow/example_dags/example_task_group_decorator.py
[2024-11-11T03:33:57.658+0000] {processor.py:925} INFO - DAG(s) 'example_task_group_decorator' retrieved from /home/airflow/.local/lib/python3.12/site-packages/airflow/example_dags/example_task_group_decorator.py
[2024-11-11T03:33:57.670+0000] {logging_mixin.py:190} INFO - [2024-11-11T03:33:57.670+0000] {dag.py:3239} INFO - Sync 1 DAGs
[2024-11-11T03:33:57.677+0000] {logging_mixin.py:190} INFO - [2024-11-11T03:33:57.677+0000] {dag.py:4180} INFO - Setting next_dagrun for example_task_group_decorator to None, run_after=None
[2024-11-11T03:33:57.686+0000] {processor.py:208} INFO - Processing /home/airflow/.local/lib/python3.12/site-packages/airflow/example_dags/example_task_group_decorator.py took 0.041 seconds
[2024-11-11T03:34:28.396+0000] {processor.py:186} INFO - Started process (PID=7277) to work on /home/airflow/.local/lib/python3.12/site-packages/airflow/example_dags/example_task_group_decorator.py
[2024-11-11T03:34:28.397+0000] {processor.py:914} INFO - Processing file /home/airflow/.local/lib/python3.12/site-packages/airflow/example_dags/example_task_group_decorator.py for tasks to queue
[2024-11-11T03:34:28.398+0000] {logging_mixin.py:190} INFO - [2024-11-11T03:34:28.398+0000] {dagbag.py:588} INFO - Filling up the DagBag from /home/airflow/.local/lib/python3.12/site-packages/airflow/example_dags/example_task_group_decorator.py
[2024-11-11T03:34:28.407+0000] {processor.py:925} INFO - DAG(s) 'example_task_group_decorator' retrieved from /home/airflow/.local/lib/python3.12/site-packages/airflow/example_dags/example_task_group_decorator.py
[2024-11-11T03:34:28.419+0000] {logging_mixin.py:190} INFO - [2024-11-11T03:34:28.419+0000] {dag.py:3239} INFO - Sync 1 DAGs
[2024-11-11T03:34:28.426+0000] {logging_mixin.py:190} INFO - [2024-11-11T03:34:28.425+0000] {dag.py:4180} INFO - Setting next_dagrun for example_task_group_decorator to None, run_after=None
[2024-11-11T03:34:28.434+0000] {processor.py:208} INFO - Processing /home/airflow/.local/lib/python3.12/site-packages/airflow/example_dags/example_task_group_decorator.py took 0.041 seconds
[2024-11-11T03:34:59.179+0000] {processor.py:186} INFO - Started process (PID=7340) to work on /home/airflow/.local/lib/python3.12/site-packages/airflow/example_dags/example_task_group_decorator.py
[2024-11-11T03:34:59.180+0000] {processor.py:914} INFO - Processing file /home/airflow/.local/lib/python3.12/site-packages/airflow/example_dags/example_task_group_decorator.py for tasks to queue
[2024-11-11T03:34:59.182+0000] {logging_mixin.py:190} INFO - [2024-11-11T03:34:59.181+0000] {dagbag.py:588} INFO - Filling up the DagBag from /home/airflow/.local/lib/python3.12/site-packages/airflow/example_dags/example_task_group_decorator.py
[2024-11-11T03:34:59.190+0000] {processor.py:925} INFO - DAG(s) 'example_task_group_decorator' retrieved from /home/airflow/.local/lib/python3.12/site-packages/airflow/example_dags/example_task_group_decorator.py
[2024-11-11T03:34:59.203+0000] {logging_mixin.py:190} INFO - [2024-11-11T03:34:59.202+0000] {dag.py:3239} INFO - Sync 1 DAGs
[2024-11-11T03:34:59.210+0000] {logging_mixin.py:190} INFO - [2024-11-11T03:34:59.210+0000] {dag.py:4180} INFO - Setting next_dagrun for example_task_group_decorator to None, run_after=None
[2024-11-11T03:34:59.218+0000] {processor.py:208} INFO - Processing /home/airflow/.local/lib/python3.12/site-packages/airflow/example_dags/example_task_group_decorator.py took 0.042 seconds
[2024-11-11T03:35:29.905+0000] {processor.py:186} INFO - Started process (PID=7403) to work on /home/airflow/.local/lib/python3.12/site-packages/airflow/example_dags/example_task_group_decorator.py
[2024-11-11T03:35:29.906+0000] {processor.py:914} INFO - Processing file /home/airflow/.local/lib/python3.12/site-packages/airflow/example_dags/example_task_group_decorator.py for tasks to queue
[2024-11-11T03:35:29.907+0000] {logging_mixin.py:190} INFO - [2024-11-11T03:35:29.907+0000] {dagbag.py:588} INFO - Filling up the DagBag from /home/airflow/.local/lib/python3.12/site-packages/airflow/example_dags/example_task_group_decorator.py
[2024-11-11T03:35:29.915+0000] {processor.py:925} INFO - DAG(s) 'example_task_group_decorator' retrieved from /home/airflow/.local/lib/python3.12/site-packages/airflow/example_dags/example_task_group_decorator.py
[2024-11-11T03:35:29.928+0000] {logging_mixin.py:190} INFO - [2024-11-11T03:35:29.928+0000] {dag.py:3239} INFO - Sync 1 DAGs
[2024-11-11T03:35:29.935+0000] {logging_mixin.py:190} INFO - [2024-11-11T03:35:29.935+0000] {dag.py:4180} INFO - Setting next_dagrun for example_task_group_decorator to None, run_after=None
[2024-11-11T03:35:29.943+0000] {processor.py:208} INFO - Processing /home/airflow/.local/lib/python3.12/site-packages/airflow/example_dags/example_task_group_decorator.py took 0.042 seconds
[2024-11-11T03:36:00.543+0000] {processor.py:186} INFO - Started process (PID=7465) to work on /home/airflow/.local/lib/python3.12/site-packages/airflow/example_dags/example_task_group_decorator.py
[2024-11-11T03:36:00.544+0000] {processor.py:914} INFO - Processing file /home/airflow/.local/lib/python3.12/site-packages/airflow/example_dags/example_task_group_decorator.py for tasks to queue
[2024-11-11T03:36:00.545+0000] {logging_mixin.py:190} INFO - [2024-11-11T03:36:00.545+0000] {dagbag.py:588} INFO - Filling up the DagBag from /home/airflow/.local/lib/python3.12/site-packages/airflow/example_dags/example_task_group_decorator.py
[2024-11-11T03:36:00.553+0000] {processor.py:925} INFO - DAG(s) 'example_task_group_decorator' retrieved from /home/airflow/.local/lib/python3.12/site-packages/airflow/example_dags/example_task_group_decorator.py
[2024-11-11T03:36:00.564+0000] {logging_mixin.py:190} INFO - [2024-11-11T03:36:00.564+0000] {dag.py:3239} INFO - Sync 1 DAGs
[2024-11-11T03:36:00.571+0000] {logging_mixin.py:190} INFO - [2024-11-11T03:36:00.571+0000] {dag.py:4180} INFO - Setting next_dagrun for example_task_group_decorator to None, run_after=None
[2024-11-11T03:36:00.579+0000] {processor.py:208} INFO - Processing /home/airflow/.local/lib/python3.12/site-packages/airflow/example_dags/example_task_group_decorator.py took 0.039 seconds
[2024-11-11T03:36:31.188+0000] {processor.py:186} INFO - Started process (PID=7528) to work on /home/airflow/.local/lib/python3.12/site-packages/airflow/example_dags/example_task_group_decorator.py
[2024-11-11T03:36:31.189+0000] {processor.py:914} INFO - Processing file /home/airflow/.local/lib/python3.12/site-packages/airflow/example_dags/example_task_group_decorator.py for tasks to queue
[2024-11-11T03:36:31.191+0000] {logging_mixin.py:190} INFO - [2024-11-11T03:36:31.191+0000] {dagbag.py:588} INFO - Filling up the DagBag from /home/airflow/.local/lib/python3.12/site-packages/airflow/example_dags/example_task_group_decorator.py
[2024-11-11T03:36:31.199+0000] {processor.py:925} INFO - DAG(s) 'example_task_group_decorator' retrieved from /home/airflow/.local/lib/python3.12/site-packages/airflow/example_dags/example_task_group_decorator.py
[2024-11-11T03:36:31.213+0000] {logging_mixin.py:190} INFO - [2024-11-11T03:36:31.212+0000] {dag.py:3239} INFO - Sync 1 DAGs
[2024-11-11T03:36:31.221+0000] {logging_mixin.py:190} INFO - [2024-11-11T03:36:31.220+0000] {dag.py:4180} INFO - Setting next_dagrun for example_task_group_decorator to None, run_after=None
[2024-11-11T03:36:31.236+0000] {processor.py:208} INFO - Processing /home/airflow/.local/lib/python3.12/site-packages/airflow/example_dags/example_task_group_decorator.py took 0.051 seconds
[2024-11-11T03:37:01.803+0000] {processor.py:186} INFO - Started process (PID=7596) to work on /home/airflow/.local/lib/python3.12/site-packages/airflow/example_dags/example_task_group_decorator.py
[2024-11-11T03:37:01.804+0000] {processor.py:914} INFO - Processing file /home/airflow/.local/lib/python3.12/site-packages/airflow/example_dags/example_task_group_decorator.py for tasks to queue
[2024-11-11T03:37:01.805+0000] {logging_mixin.py:190} INFO - [2024-11-11T03:37:01.805+0000] {dagbag.py:588} INFO - Filling up the DagBag from /home/airflow/.local/lib/python3.12/site-packages/airflow/example_dags/example_task_group_decorator.py
[2024-11-11T03:37:01.813+0000] {processor.py:925} INFO - DAG(s) 'example_task_group_decorator' retrieved from /home/airflow/.local/lib/python3.12/site-packages/airflow/example_dags/example_task_group_decorator.py
[2024-11-11T03:37:01.825+0000] {logging_mixin.py:190} INFO - [2024-11-11T03:37:01.825+0000] {dag.py:3239} INFO - Sync 1 DAGs
[2024-11-11T03:37:01.832+0000] {logging_mixin.py:190} INFO - [2024-11-11T03:37:01.832+0000] {dag.py:4180} INFO - Setting next_dagrun for example_task_group_decorator to None, run_after=None
[2024-11-11T03:37:01.840+0000] {processor.py:208} INFO - Processing /home/airflow/.local/lib/python3.12/site-packages/airflow/example_dags/example_task_group_decorator.py took 0.042 seconds
[2024-11-11T03:37:32.320+0000] {processor.py:186} INFO - Started process (PID=7658) to work on /home/airflow/.local/lib/python3.12/site-packages/airflow/example_dags/example_task_group_decorator.py
[2024-11-11T03:37:32.320+0000] {processor.py:914} INFO - Processing file /home/airflow/.local/lib/python3.12/site-packages/airflow/example_dags/example_task_group_decorator.py for tasks to queue
[2024-11-11T03:37:32.322+0000] {logging_mixin.py:190} INFO - [2024-11-11T03:37:32.322+0000] {dagbag.py:588} INFO - Filling up the DagBag from /home/airflow/.local/lib/python3.12/site-packages/airflow/example_dags/example_task_group_decorator.py
[2024-11-11T03:37:32.329+0000] {processor.py:925} INFO - DAG(s) 'example_task_group_decorator' retrieved from /home/airflow/.local/lib/python3.12/site-packages/airflow/example_dags/example_task_group_decorator.py
[2024-11-11T03:37:32.343+0000] {logging_mixin.py:190} INFO - [2024-11-11T03:37:32.343+0000] {dag.py:3239} INFO - Sync 1 DAGs
[2024-11-11T03:37:32.350+0000] {logging_mixin.py:190} INFO - [2024-11-11T03:37:32.350+0000] {dag.py:4180} INFO - Setting next_dagrun for example_task_group_decorator to None, run_after=None
[2024-11-11T03:37:32.359+0000] {processor.py:208} INFO - Processing /home/airflow/.local/lib/python3.12/site-packages/airflow/example_dags/example_task_group_decorator.py took 0.043 seconds
[2024-11-11T03:38:03.220+0000] {processor.py:186} INFO - Started process (PID=7721) to work on /home/airflow/.local/lib/python3.12/site-packages/airflow/example_dags/example_task_group_decorator.py
[2024-11-11T03:38:03.220+0000] {processor.py:914} INFO - Processing file /home/airflow/.local/lib/python3.12/site-packages/airflow/example_dags/example_task_group_decorator.py for tasks to queue
[2024-11-11T03:38:03.222+0000] {logging_mixin.py:190} INFO - [2024-11-11T03:38:03.222+0000] {dagbag.py:588} INFO - Filling up the DagBag from /home/airflow/.local/lib/python3.12/site-packages/airflow/example_dags/example_task_group_decorator.py
[2024-11-11T03:38:03.230+0000] {processor.py:925} INFO - DAG(s) 'example_task_group_decorator' retrieved from /home/airflow/.local/lib/python3.12/site-packages/airflow/example_dags/example_task_group_decorator.py
[2024-11-11T03:38:03.241+0000] {logging_mixin.py:190} INFO - [2024-11-11T03:38:03.241+0000] {dag.py:3239} INFO - Sync 1 DAGs
[2024-11-11T03:38:03.248+0000] {logging_mixin.py:190} INFO - [2024-11-11T03:38:03.248+0000] {dag.py:4180} INFO - Setting next_dagrun for example_task_group_decorator to None, run_after=None
[2024-11-11T03:38:03.256+0000] {processor.py:208} INFO - Processing /home/airflow/.local/lib/python3.12/site-packages/airflow/example_dags/example_task_group_decorator.py took 0.040 seconds
[2024-11-11T03:38:33.772+0000] {processor.py:186} INFO - Started process (PID=7784) to work on /home/airflow/.local/lib/python3.12/site-packages/airflow/example_dags/example_task_group_decorator.py
[2024-11-11T03:38:33.773+0000] {processor.py:914} INFO - Processing file /home/airflow/.local/lib/python3.12/site-packages/airflow/example_dags/example_task_group_decorator.py for tasks to queue
[2024-11-11T03:38:33.774+0000] {logging_mixin.py:190} INFO - [2024-11-11T03:38:33.774+0000] {dagbag.py:588} INFO - Filling up the DagBag from /home/airflow/.local/lib/python3.12/site-packages/airflow/example_dags/example_task_group_decorator.py
[2024-11-11T03:38:33.782+0000] {processor.py:925} INFO - DAG(s) 'example_task_group_decorator' retrieved from /home/airflow/.local/lib/python3.12/site-packages/airflow/example_dags/example_task_group_decorator.py
[2024-11-11T03:38:33.795+0000] {logging_mixin.py:190} INFO - [2024-11-11T03:38:33.795+0000] {dag.py:3239} INFO - Sync 1 DAGs
[2024-11-11T03:38:33.802+0000] {logging_mixin.py:190} INFO - [2024-11-11T03:38:33.802+0000] {dag.py:4180} INFO - Setting next_dagrun for example_task_group_decorator to None, run_after=None
[2024-11-11T03:38:33.810+0000] {processor.py:208} INFO - Processing /home/airflow/.local/lib/python3.12/site-packages/airflow/example_dags/example_task_group_decorator.py took 0.041 seconds
[2024-11-11T03:39:04.496+0000] {processor.py:186} INFO - Started process (PID=7847) to work on /home/airflow/.local/lib/python3.12/site-packages/airflow/example_dags/example_task_group_decorator.py
[2024-11-11T03:39:04.497+0000] {processor.py:914} INFO - Processing file /home/airflow/.local/lib/python3.12/site-packages/airflow/example_dags/example_task_group_decorator.py for tasks to queue
[2024-11-11T03:39:04.498+0000] {logging_mixin.py:190} INFO - [2024-11-11T03:39:04.498+0000] {dagbag.py:588} INFO - Filling up the DagBag from /home/airflow/.local/lib/python3.12/site-packages/airflow/example_dags/example_task_group_decorator.py
[2024-11-11T03:39:04.506+0000] {processor.py:925} INFO - DAG(s) 'example_task_group_decorator' retrieved from /home/airflow/.local/lib/python3.12/site-packages/airflow/example_dags/example_task_group_decorator.py
[2024-11-11T03:39:04.519+0000] {logging_mixin.py:190} INFO - [2024-11-11T03:39:04.519+0000] {dag.py:3239} INFO - Sync 1 DAGs
[2024-11-11T03:39:04.526+0000] {logging_mixin.py:190} INFO - [2024-11-11T03:39:04.525+0000] {dag.py:4180} INFO - Setting next_dagrun for example_task_group_decorator to None, run_after=None
[2024-11-11T03:39:04.534+0000] {processor.py:208} INFO - Processing /home/airflow/.local/lib/python3.12/site-packages/airflow/example_dags/example_task_group_decorator.py took 0.041 seconds
[2024-11-11T03:39:35.165+0000] {processor.py:186} INFO - Started process (PID=7910) to work on /home/airflow/.local/lib/python3.12/site-packages/airflow/example_dags/example_task_group_decorator.py
[2024-11-11T03:39:35.166+0000] {processor.py:914} INFO - Processing file /home/airflow/.local/lib/python3.12/site-packages/airflow/example_dags/example_task_group_decorator.py for tasks to queue
[2024-11-11T03:39:35.167+0000] {logging_mixin.py:190} INFO - [2024-11-11T03:39:35.167+0000] {dagbag.py:588} INFO - Filling up the DagBag from /home/airflow/.local/lib/python3.12/site-packages/airflow/example_dags/example_task_group_decorator.py
[2024-11-11T03:39:35.176+0000] {processor.py:925} INFO - DAG(s) 'example_task_group_decorator' retrieved from /home/airflow/.local/lib/python3.12/site-packages/airflow/example_dags/example_task_group_decorator.py
[2024-11-11T03:39:35.188+0000] {logging_mixin.py:190} INFO - [2024-11-11T03:39:35.188+0000] {dag.py:3239} INFO - Sync 1 DAGs
[2024-11-11T03:39:35.194+0000] {logging_mixin.py:190} INFO - [2024-11-11T03:39:35.194+0000] {dag.py:4180} INFO - Setting next_dagrun for example_task_group_decorator to None, run_after=None
[2024-11-11T03:39:35.203+0000] {processor.py:208} INFO - Processing /home/airflow/.local/lib/python3.12/site-packages/airflow/example_dags/example_task_group_decorator.py took 0.041 seconds
[2024-11-11T03:40:05.824+0000] {processor.py:186} INFO - Started process (PID=7973) to work on /home/airflow/.local/lib/python3.12/site-packages/airflow/example_dags/example_task_group_decorator.py
[2024-11-11T03:40:05.825+0000] {processor.py:914} INFO - Processing file /home/airflow/.local/lib/python3.12/site-packages/airflow/example_dags/example_task_group_decorator.py for tasks to queue
[2024-11-11T03:40:05.826+0000] {logging_mixin.py:190} INFO - [2024-11-11T03:40:05.826+0000] {dagbag.py:588} INFO - Filling up the DagBag from /home/airflow/.local/lib/python3.12/site-packages/airflow/example_dags/example_task_group_decorator.py
[2024-11-11T03:40:05.835+0000] {processor.py:925} INFO - DAG(s) 'example_task_group_decorator' retrieved from /home/airflow/.local/lib/python3.12/site-packages/airflow/example_dags/example_task_group_decorator.py
[2024-11-11T03:40:05.849+0000] {logging_mixin.py:190} INFO - [2024-11-11T03:40:05.849+0000] {dag.py:3239} INFO - Sync 1 DAGs
[2024-11-11T03:40:05.857+0000] {logging_mixin.py:190} INFO - [2024-11-11T03:40:05.857+0000] {dag.py:4180} INFO - Setting next_dagrun for example_task_group_decorator to None, run_after=None
[2024-11-11T03:40:05.866+0000] {processor.py:208} INFO - Processing /home/airflow/.local/lib/python3.12/site-packages/airflow/example_dags/example_task_group_decorator.py took 0.046 seconds
[2024-11-11T03:40:36.503+0000] {processor.py:186} INFO - Started process (PID=8035) to work on /home/airflow/.local/lib/python3.12/site-packages/airflow/example_dags/example_task_group_decorator.py
[2024-11-11T03:40:36.504+0000] {processor.py:914} INFO - Processing file /home/airflow/.local/lib/python3.12/site-packages/airflow/example_dags/example_task_group_decorator.py for tasks to queue
[2024-11-11T03:40:36.506+0000] {logging_mixin.py:190} INFO - [2024-11-11T03:40:36.505+0000] {dagbag.py:588} INFO - Filling up the DagBag from /home/airflow/.local/lib/python3.12/site-packages/airflow/example_dags/example_task_group_decorator.py
[2024-11-11T03:40:36.513+0000] {processor.py:925} INFO - DAG(s) 'example_task_group_decorator' retrieved from /home/airflow/.local/lib/python3.12/site-packages/airflow/example_dags/example_task_group_decorator.py
[2024-11-11T03:40:36.525+0000] {logging_mixin.py:190} INFO - [2024-11-11T03:40:36.525+0000] {dag.py:3239} INFO - Sync 1 DAGs
[2024-11-11T03:40:36.532+0000] {logging_mixin.py:190} INFO - [2024-11-11T03:40:36.532+0000] {dag.py:4180} INFO - Setting next_dagrun for example_task_group_decorator to None, run_after=None
[2024-11-11T03:40:36.540+0000] {processor.py:208} INFO - Processing /home/airflow/.local/lib/python3.12/site-packages/airflow/example_dags/example_task_group_decorator.py took 0.040 seconds
[2024-11-11T03:41:07.532+0000] {processor.py:186} INFO - Started process (PID=8099) to work on /home/airflow/.local/lib/python3.12/site-packages/airflow/example_dags/example_task_group_decorator.py
[2024-11-11T03:41:07.533+0000] {processor.py:914} INFO - Processing file /home/airflow/.local/lib/python3.12/site-packages/airflow/example_dags/example_task_group_decorator.py for tasks to queue
[2024-11-11T03:41:07.535+0000] {logging_mixin.py:190} INFO - [2024-11-11T03:41:07.534+0000] {dagbag.py:588} INFO - Filling up the DagBag from /home/airflow/.local/lib/python3.12/site-packages/airflow/example_dags/example_task_group_decorator.py
[2024-11-11T03:41:07.543+0000] {processor.py:925} INFO - DAG(s) 'example_task_group_decorator' retrieved from /home/airflow/.local/lib/python3.12/site-packages/airflow/example_dags/example_task_group_decorator.py
[2024-11-11T03:41:07.556+0000] {logging_mixin.py:190} INFO - [2024-11-11T03:41:07.556+0000] {dag.py:3239} INFO - Sync 1 DAGs
[2024-11-11T03:41:07.564+0000] {logging_mixin.py:190} INFO - [2024-11-11T03:41:07.563+0000] {dag.py:4180} INFO - Setting next_dagrun for example_task_group_decorator to None, run_after=None
[2024-11-11T03:41:07.574+0000] {processor.py:208} INFO - Processing /home/airflow/.local/lib/python3.12/site-packages/airflow/example_dags/example_task_group_decorator.py took 0.045 seconds
[2024-11-11T03:41:38.378+0000] {processor.py:186} INFO - Started process (PID=8161) to work on /home/airflow/.local/lib/python3.12/site-packages/airflow/example_dags/example_task_group_decorator.py
[2024-11-11T03:41:38.378+0000] {processor.py:914} INFO - Processing file /home/airflow/.local/lib/python3.12/site-packages/airflow/example_dags/example_task_group_decorator.py for tasks to queue
[2024-11-11T03:41:38.380+0000] {logging_mixin.py:190} INFO - [2024-11-11T03:41:38.380+0000] {dagbag.py:588} INFO - Filling up the DagBag from /home/airflow/.local/lib/python3.12/site-packages/airflow/example_dags/example_task_group_decorator.py
[2024-11-11T03:41:38.388+0000] {processor.py:925} INFO - DAG(s) 'example_task_group_decorator' retrieved from /home/airflow/.local/lib/python3.12/site-packages/airflow/example_dags/example_task_group_decorator.py
[2024-11-11T03:41:38.400+0000] {logging_mixin.py:190} INFO - [2024-11-11T03:41:38.400+0000] {dag.py:3239} INFO - Sync 1 DAGs
[2024-11-11T03:41:38.407+0000] {logging_mixin.py:190} INFO - [2024-11-11T03:41:38.407+0000] {dag.py:4180} INFO - Setting next_dagrun for example_task_group_decorator to None, run_after=None
[2024-11-11T03:41:38.415+0000] {processor.py:208} INFO - Processing /home/airflow/.local/lib/python3.12/site-packages/airflow/example_dags/example_task_group_decorator.py took 0.040 seconds
[2024-11-11T03:42:09.164+0000] {processor.py:186} INFO - Started process (PID=8224) to work on /home/airflow/.local/lib/python3.12/site-packages/airflow/example_dags/example_task_group_decorator.py
[2024-11-11T03:42:09.165+0000] {processor.py:914} INFO - Processing file /home/airflow/.local/lib/python3.12/site-packages/airflow/example_dags/example_task_group_decorator.py for tasks to queue
[2024-11-11T03:42:09.167+0000] {logging_mixin.py:190} INFO - [2024-11-11T03:42:09.166+0000] {dagbag.py:588} INFO - Filling up the DagBag from /home/airflow/.local/lib/python3.12/site-packages/airflow/example_dags/example_task_group_decorator.py
[2024-11-11T03:42:09.175+0000] {processor.py:925} INFO - DAG(s) 'example_task_group_decorator' retrieved from /home/airflow/.local/lib/python3.12/site-packages/airflow/example_dags/example_task_group_decorator.py
[2024-11-11T03:42:09.187+0000] {logging_mixin.py:190} INFO - [2024-11-11T03:42:09.187+0000] {dag.py:3239} INFO - Sync 1 DAGs
[2024-11-11T03:42:09.195+0000] {logging_mixin.py:190} INFO - [2024-11-11T03:42:09.194+0000] {dag.py:4180} INFO - Setting next_dagrun for example_task_group_decorator to None, run_after=None
[2024-11-11T03:42:09.203+0000] {processor.py:208} INFO - Processing /home/airflow/.local/lib/python3.12/site-packages/airflow/example_dags/example_task_group_decorator.py took 0.042 seconds
[2024-11-11T03:42:39.840+0000] {processor.py:186} INFO - Started process (PID=8287) to work on /home/airflow/.local/lib/python3.12/site-packages/airflow/example_dags/example_task_group_decorator.py
[2024-11-11T03:42:39.841+0000] {processor.py:914} INFO - Processing file /home/airflow/.local/lib/python3.12/site-packages/airflow/example_dags/example_task_group_decorator.py for tasks to queue
[2024-11-11T03:42:39.843+0000] {logging_mixin.py:190} INFO - [2024-11-11T03:42:39.842+0000] {dagbag.py:588} INFO - Filling up the DagBag from /home/airflow/.local/lib/python3.12/site-packages/airflow/example_dags/example_task_group_decorator.py
[2024-11-11T03:42:39.852+0000] {processor.py:925} INFO - DAG(s) 'example_task_group_decorator' retrieved from /home/airflow/.local/lib/python3.12/site-packages/airflow/example_dags/example_task_group_decorator.py
[2024-11-11T03:42:39.864+0000] {logging_mixin.py:190} INFO - [2024-11-11T03:42:39.864+0000] {dag.py:3239} INFO - Sync 1 DAGs
[2024-11-11T03:42:39.871+0000] {logging_mixin.py:190} INFO - [2024-11-11T03:42:39.871+0000] {dag.py:4180} INFO - Setting next_dagrun for example_task_group_decorator to None, run_after=None
[2024-11-11T03:42:39.883+0000] {processor.py:208} INFO - Processing /home/airflow/.local/lib/python3.12/site-packages/airflow/example_dags/example_task_group_decorator.py took 0.046 seconds
[2024-11-11T03:43:10.473+0000] {processor.py:186} INFO - Started process (PID=8350) to work on /home/airflow/.local/lib/python3.12/site-packages/airflow/example_dags/example_task_group_decorator.py
[2024-11-11T03:43:10.474+0000] {processor.py:914} INFO - Processing file /home/airflow/.local/lib/python3.12/site-packages/airflow/example_dags/example_task_group_decorator.py for tasks to queue
[2024-11-11T03:43:10.476+0000] {logging_mixin.py:190} INFO - [2024-11-11T03:43:10.475+0000] {dagbag.py:588} INFO - Filling up the DagBag from /home/airflow/.local/lib/python3.12/site-packages/airflow/example_dags/example_task_group_decorator.py
[2024-11-11T03:43:10.483+0000] {processor.py:925} INFO - DAG(s) 'example_task_group_decorator' retrieved from /home/airflow/.local/lib/python3.12/site-packages/airflow/example_dags/example_task_group_decorator.py
[2024-11-11T03:43:10.496+0000] {logging_mixin.py:190} INFO - [2024-11-11T03:43:10.496+0000] {dag.py:3239} INFO - Sync 1 DAGs
[2024-11-11T03:43:10.503+0000] {logging_mixin.py:190} INFO - [2024-11-11T03:43:10.503+0000] {dag.py:4180} INFO - Setting next_dagrun for example_task_group_decorator to None, run_after=None
[2024-11-11T03:43:10.512+0000] {processor.py:208} INFO - Processing /home/airflow/.local/lib/python3.12/site-packages/airflow/example_dags/example_task_group_decorator.py took 0.042 seconds
[2024-11-11T03:43:40.943+0000] {processor.py:186} INFO - Started process (PID=8413) to work on /home/airflow/.local/lib/python3.12/site-packages/airflow/example_dags/example_task_group_decorator.py
[2024-11-11T03:43:40.944+0000] {processor.py:914} INFO - Processing file /home/airflow/.local/lib/python3.12/site-packages/airflow/example_dags/example_task_group_decorator.py for tasks to queue
[2024-11-11T03:43:40.946+0000] {logging_mixin.py:190} INFO - [2024-11-11T03:43:40.945+0000] {dagbag.py:588} INFO - Filling up the DagBag from /home/airflow/.local/lib/python3.12/site-packages/airflow/example_dags/example_task_group_decorator.py
[2024-11-11T03:43:40.957+0000] {processor.py:925} INFO - DAG(s) 'example_task_group_decorator' retrieved from /home/airflow/.local/lib/python3.12/site-packages/airflow/example_dags/example_task_group_decorator.py
[2024-11-11T03:43:40.975+0000] {logging_mixin.py:190} INFO - [2024-11-11T03:43:40.975+0000] {dag.py:3239} INFO - Sync 1 DAGs
[2024-11-11T03:43:40.984+0000] {logging_mixin.py:190} INFO - [2024-11-11T03:43:40.983+0000] {dag.py:4180} INFO - Setting next_dagrun for example_task_group_decorator to None, run_after=None
[2024-11-11T03:43:40.994+0000] {processor.py:208} INFO - Processing /home/airflow/.local/lib/python3.12/site-packages/airflow/example_dags/example_task_group_decorator.py took 0.056 seconds
[2024-11-11T03:44:11.732+0000] {processor.py:186} INFO - Started process (PID=8476) to work on /home/airflow/.local/lib/python3.12/site-packages/airflow/example_dags/example_task_group_decorator.py
[2024-11-11T03:44:11.733+0000] {processor.py:914} INFO - Processing file /home/airflow/.local/lib/python3.12/site-packages/airflow/example_dags/example_task_group_decorator.py for tasks to queue
[2024-11-11T03:44:11.735+0000] {logging_mixin.py:190} INFO - [2024-11-11T03:44:11.734+0000] {dagbag.py:588} INFO - Filling up the DagBag from /home/airflow/.local/lib/python3.12/site-packages/airflow/example_dags/example_task_group_decorator.py
[2024-11-11T03:44:11.743+0000] {processor.py:925} INFO - DAG(s) 'example_task_group_decorator' retrieved from /home/airflow/.local/lib/python3.12/site-packages/airflow/example_dags/example_task_group_decorator.py
[2024-11-11T03:44:11.755+0000] {logging_mixin.py:190} INFO - [2024-11-11T03:44:11.755+0000] {dag.py:3239} INFO - Sync 1 DAGs
[2024-11-11T03:44:11.762+0000] {logging_mixin.py:190} INFO - [2024-11-11T03:44:11.761+0000] {dag.py:4180} INFO - Setting next_dagrun for example_task_group_decorator to None, run_after=None
[2024-11-11T03:44:11.770+0000] {processor.py:208} INFO - Processing /home/airflow/.local/lib/python3.12/site-packages/airflow/example_dags/example_task_group_decorator.py took 0.041 seconds
[2024-11-11T03:44:42.454+0000] {processor.py:186} INFO - Started process (PID=8539) to work on /home/airflow/.local/lib/python3.12/site-packages/airflow/example_dags/example_task_group_decorator.py
[2024-11-11T03:44:42.455+0000] {processor.py:914} INFO - Processing file /home/airflow/.local/lib/python3.12/site-packages/airflow/example_dags/example_task_group_decorator.py for tasks to queue
[2024-11-11T03:44:42.456+0000] {logging_mixin.py:190} INFO - [2024-11-11T03:44:42.456+0000] {dagbag.py:588} INFO - Filling up the DagBag from /home/airflow/.local/lib/python3.12/site-packages/airflow/example_dags/example_task_group_decorator.py
[2024-11-11T03:44:42.464+0000] {processor.py:925} INFO - DAG(s) 'example_task_group_decorator' retrieved from /home/airflow/.local/lib/python3.12/site-packages/airflow/example_dags/example_task_group_decorator.py
[2024-11-11T03:44:42.476+0000] {logging_mixin.py:190} INFO - [2024-11-11T03:44:42.476+0000] {dag.py:3239} INFO - Sync 1 DAGs
[2024-11-11T03:44:42.483+0000] {logging_mixin.py:190} INFO - [2024-11-11T03:44:42.483+0000] {dag.py:4180} INFO - Setting next_dagrun for example_task_group_decorator to None, run_after=None
[2024-11-11T03:44:42.491+0000] {processor.py:208} INFO - Processing /home/airflow/.local/lib/python3.12/site-packages/airflow/example_dags/example_task_group_decorator.py took 0.040 seconds
[2024-11-11T03:45:13.111+0000] {processor.py:186} INFO - Started process (PID=8601) to work on /home/airflow/.local/lib/python3.12/site-packages/airflow/example_dags/example_task_group_decorator.py
[2024-11-11T03:45:13.112+0000] {processor.py:914} INFO - Processing file /home/airflow/.local/lib/python3.12/site-packages/airflow/example_dags/example_task_group_decorator.py for tasks to queue
[2024-11-11T03:45:13.113+0000] {logging_mixin.py:190} INFO - [2024-11-11T03:45:13.113+0000] {dagbag.py:588} INFO - Filling up the DagBag from /home/airflow/.local/lib/python3.12/site-packages/airflow/example_dags/example_task_group_decorator.py
[2024-11-11T03:45:13.121+0000] {processor.py:925} INFO - DAG(s) 'example_task_group_decorator' retrieved from /home/airflow/.local/lib/python3.12/site-packages/airflow/example_dags/example_task_group_decorator.py
[2024-11-11T03:45:13.134+0000] {logging_mixin.py:190} INFO - [2024-11-11T03:45:13.134+0000] {dag.py:3239} INFO - Sync 1 DAGs
[2024-11-11T03:45:13.141+0000] {logging_mixin.py:190} INFO - [2024-11-11T03:45:13.141+0000] {dag.py:4180} INFO - Setting next_dagrun for example_task_group_decorator to None, run_after=None
[2024-11-11T03:45:13.150+0000] {processor.py:208} INFO - Processing /home/airflow/.local/lib/python3.12/site-packages/airflow/example_dags/example_task_group_decorator.py took 0.042 seconds
[2024-11-11T03:45:43.545+0000] {processor.py:186} INFO - Started process (PID=8664) to work on /home/airflow/.local/lib/python3.12/site-packages/airflow/example_dags/example_task_group_decorator.py
[2024-11-11T03:45:43.545+0000] {processor.py:914} INFO - Processing file /home/airflow/.local/lib/python3.12/site-packages/airflow/example_dags/example_task_group_decorator.py for tasks to queue
[2024-11-11T03:45:43.547+0000] {logging_mixin.py:190} INFO - [2024-11-11T03:45:43.546+0000] {dagbag.py:588} INFO - Filling up the DagBag from /home/airflow/.local/lib/python3.12/site-packages/airflow/example_dags/example_task_group_decorator.py
[2024-11-11T03:45:43.554+0000] {processor.py:925} INFO - DAG(s) 'example_task_group_decorator' retrieved from /home/airflow/.local/lib/python3.12/site-packages/airflow/example_dags/example_task_group_decorator.py
[2024-11-11T03:45:43.566+0000] {logging_mixin.py:190} INFO - [2024-11-11T03:45:43.566+0000] {dag.py:3239} INFO - Sync 1 DAGs
[2024-11-11T03:45:43.573+0000] {logging_mixin.py:190} INFO - [2024-11-11T03:45:43.573+0000] {dag.py:4180} INFO - Setting next_dagrun for example_task_group_decorator to None, run_after=None
[2024-11-11T03:45:43.581+0000] {processor.py:208} INFO - Processing /home/airflow/.local/lib/python3.12/site-packages/airflow/example_dags/example_task_group_decorator.py took 0.040 seconds
[2024-11-11T03:46:14.350+0000] {processor.py:186} INFO - Started process (PID=8727) to work on /home/airflow/.local/lib/python3.12/site-packages/airflow/example_dags/example_task_group_decorator.py
[2024-11-11T03:46:14.350+0000] {processor.py:914} INFO - Processing file /home/airflow/.local/lib/python3.12/site-packages/airflow/example_dags/example_task_group_decorator.py for tasks to queue
[2024-11-11T03:46:14.352+0000] {logging_mixin.py:190} INFO - [2024-11-11T03:46:14.352+0000] {dagbag.py:588} INFO - Filling up the DagBag from /home/airflow/.local/lib/python3.12/site-packages/airflow/example_dags/example_task_group_decorator.py
[2024-11-11T03:46:14.360+0000] {processor.py:925} INFO - DAG(s) 'example_task_group_decorator' retrieved from /home/airflow/.local/lib/python3.12/site-packages/airflow/example_dags/example_task_group_decorator.py
[2024-11-11T03:46:14.372+0000] {logging_mixin.py:190} INFO - [2024-11-11T03:46:14.372+0000] {dag.py:3239} INFO - Sync 1 DAGs
[2024-11-11T03:46:14.380+0000] {logging_mixin.py:190} INFO - [2024-11-11T03:46:14.379+0000] {dag.py:4180} INFO - Setting next_dagrun for example_task_group_decorator to None, run_after=None
[2024-11-11T03:46:14.388+0000] {processor.py:208} INFO - Processing /home/airflow/.local/lib/python3.12/site-packages/airflow/example_dags/example_task_group_decorator.py took 0.042 seconds
[2024-11-11T03:46:44.757+0000] {processor.py:186} INFO - Started process (PID=8790) to work on /home/airflow/.local/lib/python3.12/site-packages/airflow/example_dags/example_task_group_decorator.py
[2024-11-11T03:46:44.758+0000] {processor.py:914} INFO - Processing file /home/airflow/.local/lib/python3.12/site-packages/airflow/example_dags/example_task_group_decorator.py for tasks to queue
[2024-11-11T03:46:44.759+0000] {logging_mixin.py:190} INFO - [2024-11-11T03:46:44.759+0000] {dagbag.py:588} INFO - Filling up the DagBag from /home/airflow/.local/lib/python3.12/site-packages/airflow/example_dags/example_task_group_decorator.py
[2024-11-11T03:46:44.768+0000] {processor.py:925} INFO - DAG(s) 'example_task_group_decorator' retrieved from /home/airflow/.local/lib/python3.12/site-packages/airflow/example_dags/example_task_group_decorator.py
[2024-11-11T03:46:44.784+0000] {logging_mixin.py:190} INFO - [2024-11-11T03:46:44.784+0000] {dag.py:3239} INFO - Sync 1 DAGs
[2024-11-11T03:46:44.792+0000] {logging_mixin.py:190} INFO - [2024-11-11T03:46:44.792+0000] {dag.py:4180} INFO - Setting next_dagrun for example_task_group_decorator to None, run_after=None
[2024-11-11T03:46:44.800+0000] {processor.py:208} INFO - Processing /home/airflow/.local/lib/python3.12/site-packages/airflow/example_dags/example_task_group_decorator.py took 0.047 seconds
[2024-11-11T03:47:15.194+0000] {processor.py:186} INFO - Started process (PID=8852) to work on /home/airflow/.local/lib/python3.12/site-packages/airflow/example_dags/example_task_group_decorator.py
[2024-11-11T03:47:15.195+0000] {processor.py:914} INFO - Processing file /home/airflow/.local/lib/python3.12/site-packages/airflow/example_dags/example_task_group_decorator.py for tasks to queue
[2024-11-11T03:47:15.196+0000] {logging_mixin.py:190} INFO - [2024-11-11T03:47:15.196+0000] {dagbag.py:588} INFO - Filling up the DagBag from /home/airflow/.local/lib/python3.12/site-packages/airflow/example_dags/example_task_group_decorator.py
[2024-11-11T03:47:15.204+0000] {processor.py:925} INFO - DAG(s) 'example_task_group_decorator' retrieved from /home/airflow/.local/lib/python3.12/site-packages/airflow/example_dags/example_task_group_decorator.py
[2024-11-11T03:47:15.216+0000] {logging_mixin.py:190} INFO - [2024-11-11T03:47:15.216+0000] {dag.py:3239} INFO - Sync 1 DAGs
[2024-11-11T03:47:15.224+0000] {logging_mixin.py:190} INFO - [2024-11-11T03:47:15.223+0000] {dag.py:4180} INFO - Setting next_dagrun for example_task_group_decorator to None, run_after=None
[2024-11-11T03:47:15.232+0000] {processor.py:208} INFO - Processing /home/airflow/.local/lib/python3.12/site-packages/airflow/example_dags/example_task_group_decorator.py took 0.041 seconds
[2024-11-11T03:47:45.733+0000] {processor.py:186} INFO - Started process (PID=8915) to work on /home/airflow/.local/lib/python3.12/site-packages/airflow/example_dags/example_task_group_decorator.py
[2024-11-11T03:47:45.734+0000] {processor.py:914} INFO - Processing file /home/airflow/.local/lib/python3.12/site-packages/airflow/example_dags/example_task_group_decorator.py for tasks to queue
[2024-11-11T03:47:45.736+0000] {logging_mixin.py:190} INFO - [2024-11-11T03:47:45.736+0000] {dagbag.py:588} INFO - Filling up the DagBag from /home/airflow/.local/lib/python3.12/site-packages/airflow/example_dags/example_task_group_decorator.py
[2024-11-11T03:47:45.744+0000] {processor.py:925} INFO - DAG(s) 'example_task_group_decorator' retrieved from /home/airflow/.local/lib/python3.12/site-packages/airflow/example_dags/example_task_group_decorator.py
[2024-11-11T03:47:45.756+0000] {logging_mixin.py:190} INFO - [2024-11-11T03:47:45.756+0000] {dag.py:3239} INFO - Sync 1 DAGs
[2024-11-11T03:47:45.764+0000] {logging_mixin.py:190} INFO - [2024-11-11T03:47:45.764+0000] {dag.py:4180} INFO - Setting next_dagrun for example_task_group_decorator to None, run_after=None
[2024-11-11T03:47:45.774+0000] {processor.py:208} INFO - Processing /home/airflow/.local/lib/python3.12/site-packages/airflow/example_dags/example_task_group_decorator.py took 0.044 seconds
[2024-11-11T03:48:16.726+0000] {processor.py:186} INFO - Started process (PID=8980) to work on /home/airflow/.local/lib/python3.12/site-packages/airflow/example_dags/example_task_group_decorator.py
[2024-11-11T03:48:16.726+0000] {processor.py:914} INFO - Processing file /home/airflow/.local/lib/python3.12/site-packages/airflow/example_dags/example_task_group_decorator.py for tasks to queue
[2024-11-11T03:48:16.728+0000] {logging_mixin.py:190} INFO - [2024-11-11T03:48:16.728+0000] {dagbag.py:588} INFO - Filling up the DagBag from /home/airflow/.local/lib/python3.12/site-packages/airflow/example_dags/example_task_group_decorator.py
[2024-11-11T03:48:16.736+0000] {processor.py:925} INFO - DAG(s) 'example_task_group_decorator' retrieved from /home/airflow/.local/lib/python3.12/site-packages/airflow/example_dags/example_task_group_decorator.py
[2024-11-11T03:48:16.750+0000] {logging_mixin.py:190} INFO - [2024-11-11T03:48:16.750+0000] {dag.py:3239} INFO - Sync 1 DAGs
[2024-11-11T03:48:16.759+0000] {logging_mixin.py:190} INFO - [2024-11-11T03:48:16.759+0000] {dag.py:4180} INFO - Setting next_dagrun for example_task_group_decorator to None, run_after=None
[2024-11-11T03:48:16.769+0000] {processor.py:208} INFO - Processing /home/airflow/.local/lib/python3.12/site-packages/airflow/example_dags/example_task_group_decorator.py took 0.047 seconds
[2024-11-11T03:48:47.510+0000] {processor.py:186} INFO - Started process (PID=9043) to work on /home/airflow/.local/lib/python3.12/site-packages/airflow/example_dags/example_task_group_decorator.py
[2024-11-11T03:48:47.511+0000] {processor.py:914} INFO - Processing file /home/airflow/.local/lib/python3.12/site-packages/airflow/example_dags/example_task_group_decorator.py for tasks to queue
[2024-11-11T03:48:47.512+0000] {logging_mixin.py:190} INFO - [2024-11-11T03:48:47.512+0000] {dagbag.py:588} INFO - Filling up the DagBag from /home/airflow/.local/lib/python3.12/site-packages/airflow/example_dags/example_task_group_decorator.py
[2024-11-11T03:48:47.520+0000] {processor.py:925} INFO - DAG(s) 'example_task_group_decorator' retrieved from /home/airflow/.local/lib/python3.12/site-packages/airflow/example_dags/example_task_group_decorator.py
[2024-11-11T03:48:47.532+0000] {logging_mixin.py:190} INFO - [2024-11-11T03:48:47.532+0000] {dag.py:3239} INFO - Sync 1 DAGs
[2024-11-11T03:48:47.539+0000] {logging_mixin.py:190} INFO - [2024-11-11T03:48:47.539+0000] {dag.py:4180} INFO - Setting next_dagrun for example_task_group_decorator to None, run_after=None
[2024-11-11T03:48:47.547+0000] {processor.py:208} INFO - Processing /home/airflow/.local/lib/python3.12/site-packages/airflow/example_dags/example_task_group_decorator.py took 0.041 seconds
[2024-11-11T03:49:18.196+0000] {processor.py:186} INFO - Started process (PID=9106) to work on /home/airflow/.local/lib/python3.12/site-packages/airflow/example_dags/example_task_group_decorator.py
[2024-11-11T03:49:18.197+0000] {processor.py:914} INFO - Processing file /home/airflow/.local/lib/python3.12/site-packages/airflow/example_dags/example_task_group_decorator.py for tasks to queue
[2024-11-11T03:49:18.198+0000] {logging_mixin.py:190} INFO - [2024-11-11T03:49:18.198+0000] {dagbag.py:588} INFO - Filling up the DagBag from /home/airflow/.local/lib/python3.12/site-packages/airflow/example_dags/example_task_group_decorator.py
[2024-11-11T03:49:18.207+0000] {processor.py:925} INFO - DAG(s) 'example_task_group_decorator' retrieved from /home/airflow/.local/lib/python3.12/site-packages/airflow/example_dags/example_task_group_decorator.py
[2024-11-11T03:49:18.222+0000] {logging_mixin.py:190} INFO - [2024-11-11T03:49:18.222+0000] {dag.py:3239} INFO - Sync 1 DAGs
[2024-11-11T03:49:18.231+0000] {logging_mixin.py:190} INFO - [2024-11-11T03:49:18.230+0000] {dag.py:4180} INFO - Setting next_dagrun for example_task_group_decorator to None, run_after=None
[2024-11-11T03:49:18.239+0000] {processor.py:208} INFO - Processing /home/airflow/.local/lib/python3.12/site-packages/airflow/example_dags/example_task_group_decorator.py took 0.047 seconds
[2024-11-11T03:59:43.768+0000] {processor.py:186} INFO - Started process (PID=9169) to work on /home/airflow/.local/lib/python3.12/site-packages/airflow/example_dags/example_task_group_decorator.py
[2024-11-11T03:59:43.769+0000] {processor.py:914} INFO - Processing file /home/airflow/.local/lib/python3.12/site-packages/airflow/example_dags/example_task_group_decorator.py for tasks to queue
[2024-11-11T03:59:43.770+0000] {logging_mixin.py:190} INFO - [2024-11-11T03:59:43.770+0000] {dagbag.py:588} INFO - Filling up the DagBag from /home/airflow/.local/lib/python3.12/site-packages/airflow/example_dags/example_task_group_decorator.py
[2024-11-11T03:59:43.778+0000] {processor.py:925} INFO - DAG(s) 'example_task_group_decorator' retrieved from /home/airflow/.local/lib/python3.12/site-packages/airflow/example_dags/example_task_group_decorator.py
[2024-11-11T03:59:43.789+0000] {logging_mixin.py:190} INFO - [2024-11-11T03:59:43.789+0000] {dag.py:3239} INFO - Sync 1 DAGs
[2024-11-11T03:59:43.796+0000] {logging_mixin.py:190} INFO - [2024-11-11T03:59:43.796+0000] {dag.py:4180} INFO - Setting next_dagrun for example_task_group_decorator to None, run_after=None
[2024-11-11T03:59:43.804+0000] {processor.py:208} INFO - Processing /home/airflow/.local/lib/python3.12/site-packages/airflow/example_dags/example_task_group_decorator.py took 0.039 seconds
[2024-11-11T04:00:14.429+0000] {processor.py:186} INFO - Started process (PID=9232) to work on /home/airflow/.local/lib/python3.12/site-packages/airflow/example_dags/example_task_group_decorator.py
[2024-11-11T04:00:14.430+0000] {processor.py:914} INFO - Processing file /home/airflow/.local/lib/python3.12/site-packages/airflow/example_dags/example_task_group_decorator.py for tasks to queue
[2024-11-11T04:00:14.431+0000] {logging_mixin.py:190} INFO - [2024-11-11T04:00:14.431+0000] {dagbag.py:588} INFO - Filling up the DagBag from /home/airflow/.local/lib/python3.12/site-packages/airflow/example_dags/example_task_group_decorator.py
[2024-11-11T04:00:14.439+0000] {processor.py:925} INFO - DAG(s) 'example_task_group_decorator' retrieved from /home/airflow/.local/lib/python3.12/site-packages/airflow/example_dags/example_task_group_decorator.py
[2024-11-11T04:00:14.450+0000] {logging_mixin.py:190} INFO - [2024-11-11T04:00:14.450+0000] {dag.py:3239} INFO - Sync 1 DAGs
[2024-11-11T04:00:14.456+0000] {logging_mixin.py:190} INFO - [2024-11-11T04:00:14.456+0000] {dag.py:4180} INFO - Setting next_dagrun for example_task_group_decorator to None, run_after=None
[2024-11-11T04:00:14.464+0000] {processor.py:208} INFO - Processing /home/airflow/.local/lib/python3.12/site-packages/airflow/example_dags/example_task_group_decorator.py took 0.038 seconds
[2024-11-11T04:00:45.246+0000] {processor.py:186} INFO - Started process (PID=9295) to work on /home/airflow/.local/lib/python3.12/site-packages/airflow/example_dags/example_task_group_decorator.py
[2024-11-11T04:00:45.247+0000] {processor.py:914} INFO - Processing file /home/airflow/.local/lib/python3.12/site-packages/airflow/example_dags/example_task_group_decorator.py for tasks to queue
[2024-11-11T04:00:45.249+0000] {logging_mixin.py:190} INFO - [2024-11-11T04:00:45.248+0000] {dagbag.py:588} INFO - Filling up the DagBag from /home/airflow/.local/lib/python3.12/site-packages/airflow/example_dags/example_task_group_decorator.py
[2024-11-11T04:00:45.256+0000] {processor.py:925} INFO - DAG(s) 'example_task_group_decorator' retrieved from /home/airflow/.local/lib/python3.12/site-packages/airflow/example_dags/example_task_group_decorator.py
[2024-11-11T04:00:45.269+0000] {logging_mixin.py:190} INFO - [2024-11-11T04:00:45.269+0000] {dag.py:3239} INFO - Sync 1 DAGs
[2024-11-11T04:00:45.276+0000] {logging_mixin.py:190} INFO - [2024-11-11T04:00:45.276+0000] {dag.py:4180} INFO - Setting next_dagrun for example_task_group_decorator to None, run_after=None
[2024-11-11T04:00:45.285+0000] {processor.py:208} INFO - Processing /home/airflow/.local/lib/python3.12/site-packages/airflow/example_dags/example_task_group_decorator.py took 0.042 seconds
[2024-11-11T04:01:15.946+0000] {processor.py:186} INFO - Started process (PID=9358) to work on /home/airflow/.local/lib/python3.12/site-packages/airflow/example_dags/example_task_group_decorator.py
[2024-11-11T04:01:15.947+0000] {processor.py:914} INFO - Processing file /home/airflow/.local/lib/python3.12/site-packages/airflow/example_dags/example_task_group_decorator.py for tasks to queue
[2024-11-11T04:01:15.948+0000] {logging_mixin.py:190} INFO - [2024-11-11T04:01:15.948+0000] {dagbag.py:588} INFO - Filling up the DagBag from /home/airflow/.local/lib/python3.12/site-packages/airflow/example_dags/example_task_group_decorator.py
[2024-11-11T04:01:15.958+0000] {processor.py:925} INFO - DAG(s) 'example_task_group_decorator' retrieved from /home/airflow/.local/lib/python3.12/site-packages/airflow/example_dags/example_task_group_decorator.py
[2024-11-11T04:01:15.973+0000] {logging_mixin.py:190} INFO - [2024-11-11T04:01:15.973+0000] {dag.py:3239} INFO - Sync 1 DAGs
[2024-11-11T04:01:15.982+0000] {logging_mixin.py:190} INFO - [2024-11-11T04:01:15.982+0000] {dag.py:4180} INFO - Setting next_dagrun for example_task_group_decorator to None, run_after=None
[2024-11-11T04:01:15.993+0000] {processor.py:208} INFO - Processing /home/airflow/.local/lib/python3.12/site-packages/airflow/example_dags/example_task_group_decorator.py took 0.051 seconds
[2024-11-11T04:01:46.860+0000] {processor.py:186} INFO - Started process (PID=9421) to work on /home/airflow/.local/lib/python3.12/site-packages/airflow/example_dags/example_task_group_decorator.py
[2024-11-11T04:01:46.860+0000] {processor.py:914} INFO - Processing file /home/airflow/.local/lib/python3.12/site-packages/airflow/example_dags/example_task_group_decorator.py for tasks to queue
[2024-11-11T04:01:46.862+0000] {logging_mixin.py:190} INFO - [2024-11-11T04:01:46.861+0000] {dagbag.py:588} INFO - Filling up the DagBag from /home/airflow/.local/lib/python3.12/site-packages/airflow/example_dags/example_task_group_decorator.py
[2024-11-11T04:01:46.869+0000] {processor.py:925} INFO - DAG(s) 'example_task_group_decorator' retrieved from /home/airflow/.local/lib/python3.12/site-packages/airflow/example_dags/example_task_group_decorator.py
[2024-11-11T04:01:46.881+0000] {logging_mixin.py:190} INFO - [2024-11-11T04:01:46.881+0000] {dag.py:3239} INFO - Sync 1 DAGs
[2024-11-11T04:01:46.888+0000] {logging_mixin.py:190} INFO - [2024-11-11T04:01:46.888+0000] {dag.py:4180} INFO - Setting next_dagrun for example_task_group_decorator to None, run_after=None
[2024-11-11T04:01:46.895+0000] {processor.py:208} INFO - Processing /home/airflow/.local/lib/python3.12/site-packages/airflow/example_dags/example_task_group_decorator.py took 0.039 seconds
[2024-11-11T04:02:17.626+0000] {processor.py:186} INFO - Started process (PID=9484) to work on /home/airflow/.local/lib/python3.12/site-packages/airflow/example_dags/example_task_group_decorator.py
[2024-11-11T04:02:17.627+0000] {processor.py:914} INFO - Processing file /home/airflow/.local/lib/python3.12/site-packages/airflow/example_dags/example_task_group_decorator.py for tasks to queue
[2024-11-11T04:02:17.629+0000] {logging_mixin.py:190} INFO - [2024-11-11T04:02:17.629+0000] {dagbag.py:588} INFO - Filling up the DagBag from /home/airflow/.local/lib/python3.12/site-packages/airflow/example_dags/example_task_group_decorator.py
[2024-11-11T04:02:17.637+0000] {processor.py:925} INFO - DAG(s) 'example_task_group_decorator' retrieved from /home/airflow/.local/lib/python3.12/site-packages/airflow/example_dags/example_task_group_decorator.py
[2024-11-11T04:02:17.650+0000] {logging_mixin.py:190} INFO - [2024-11-11T04:02:17.650+0000] {dag.py:3239} INFO - Sync 1 DAGs
[2024-11-11T04:02:17.658+0000] {logging_mixin.py:190} INFO - [2024-11-11T04:02:17.658+0000] {dag.py:4180} INFO - Setting next_dagrun for example_task_group_decorator to None, run_after=None
[2024-11-11T04:02:17.667+0000] {processor.py:208} INFO - Processing /home/airflow/.local/lib/python3.12/site-packages/airflow/example_dags/example_task_group_decorator.py took 0.044 seconds
[2024-11-11T04:02:48.286+0000] {processor.py:186} INFO - Started process (PID=9547) to work on /home/airflow/.local/lib/python3.12/site-packages/airflow/example_dags/example_task_group_decorator.py
[2024-11-11T04:02:48.286+0000] {processor.py:914} INFO - Processing file /home/airflow/.local/lib/python3.12/site-packages/airflow/example_dags/example_task_group_decorator.py for tasks to queue
[2024-11-11T04:02:48.288+0000] {logging_mixin.py:190} INFO - [2024-11-11T04:02:48.288+0000] {dagbag.py:588} INFO - Filling up the DagBag from /home/airflow/.local/lib/python3.12/site-packages/airflow/example_dags/example_task_group_decorator.py
[2024-11-11T04:02:48.295+0000] {processor.py:925} INFO - DAG(s) 'example_task_group_decorator' retrieved from /home/airflow/.local/lib/python3.12/site-packages/airflow/example_dags/example_task_group_decorator.py
[2024-11-11T04:02:48.308+0000] {logging_mixin.py:190} INFO - [2024-11-11T04:02:48.308+0000] {dag.py:3239} INFO - Sync 1 DAGs
[2024-11-11T04:02:48.315+0000] {logging_mixin.py:190} INFO - [2024-11-11T04:02:48.315+0000] {dag.py:4180} INFO - Setting next_dagrun for example_task_group_decorator to None, run_after=None
[2024-11-11T04:02:48.324+0000] {processor.py:208} INFO - Processing /home/airflow/.local/lib/python3.12/site-packages/airflow/example_dags/example_task_group_decorator.py took 0.041 seconds
[2024-11-11T04:03:19.049+0000] {processor.py:186} INFO - Started process (PID=9610) to work on /home/airflow/.local/lib/python3.12/site-packages/airflow/example_dags/example_task_group_decorator.py
[2024-11-11T04:03:19.050+0000] {processor.py:914} INFO - Processing file /home/airflow/.local/lib/python3.12/site-packages/airflow/example_dags/example_task_group_decorator.py for tasks to queue
[2024-11-11T04:03:19.051+0000] {logging_mixin.py:190} INFO - [2024-11-11T04:03:19.051+0000] {dagbag.py:588} INFO - Filling up the DagBag from /home/airflow/.local/lib/python3.12/site-packages/airflow/example_dags/example_task_group_decorator.py
[2024-11-11T04:03:19.059+0000] {processor.py:925} INFO - DAG(s) 'example_task_group_decorator' retrieved from /home/airflow/.local/lib/python3.12/site-packages/airflow/example_dags/example_task_group_decorator.py
[2024-11-11T04:03:19.071+0000] {logging_mixin.py:190} INFO - [2024-11-11T04:03:19.071+0000] {dag.py:3239} INFO - Sync 1 DAGs
[2024-11-11T04:03:19.078+0000] {logging_mixin.py:190} INFO - [2024-11-11T04:03:19.078+0000] {dag.py:4180} INFO - Setting next_dagrun for example_task_group_decorator to None, run_after=None
[2024-11-11T04:03:19.086+0000] {processor.py:208} INFO - Processing /home/airflow/.local/lib/python3.12/site-packages/airflow/example_dags/example_task_group_decorator.py took 0.041 seconds
[2024-11-11T04:03:49.904+0000] {processor.py:186} INFO - Started process (PID=9673) to work on /home/airflow/.local/lib/python3.12/site-packages/airflow/example_dags/example_task_group_decorator.py
[2024-11-11T04:03:49.905+0000] {processor.py:914} INFO - Processing file /home/airflow/.local/lib/python3.12/site-packages/airflow/example_dags/example_task_group_decorator.py for tasks to queue
[2024-11-11T04:03:49.907+0000] {logging_mixin.py:190} INFO - [2024-11-11T04:03:49.906+0000] {dagbag.py:588} INFO - Filling up the DagBag from /home/airflow/.local/lib/python3.12/site-packages/airflow/example_dags/example_task_group_decorator.py
[2024-11-11T04:03:49.915+0000] {processor.py:925} INFO - DAG(s) 'example_task_group_decorator' retrieved from /home/airflow/.local/lib/python3.12/site-packages/airflow/example_dags/example_task_group_decorator.py
[2024-11-11T04:03:49.927+0000] {logging_mixin.py:190} INFO - [2024-11-11T04:03:49.927+0000] {dag.py:3239} INFO - Sync 1 DAGs
[2024-11-11T04:03:49.934+0000] {logging_mixin.py:190} INFO - [2024-11-11T04:03:49.933+0000] {dag.py:4180} INFO - Setting next_dagrun for example_task_group_decorator to None, run_after=None
[2024-11-11T04:03:49.942+0000] {processor.py:208} INFO - Processing /home/airflow/.local/lib/python3.12/site-packages/airflow/example_dags/example_task_group_decorator.py took 0.041 seconds
[2024-11-11T04:04:20.923+0000] {processor.py:186} INFO - Started process (PID=9736) to work on /home/airflow/.local/lib/python3.12/site-packages/airflow/example_dags/example_task_group_decorator.py
[2024-11-11T04:04:20.924+0000] {processor.py:914} INFO - Processing file /home/airflow/.local/lib/python3.12/site-packages/airflow/example_dags/example_task_group_decorator.py for tasks to queue
[2024-11-11T04:04:20.925+0000] {logging_mixin.py:190} INFO - [2024-11-11T04:04:20.925+0000] {dagbag.py:588} INFO - Filling up the DagBag from /home/airflow/.local/lib/python3.12/site-packages/airflow/example_dags/example_task_group_decorator.py
[2024-11-11T04:04:20.934+0000] {processor.py:925} INFO - DAG(s) 'example_task_group_decorator' retrieved from /home/airflow/.local/lib/python3.12/site-packages/airflow/example_dags/example_task_group_decorator.py
[2024-11-11T04:04:20.949+0000] {logging_mixin.py:190} INFO - [2024-11-11T04:04:20.948+0000] {dag.py:3239} INFO - Sync 1 DAGs
[2024-11-11T04:04:20.956+0000] {logging_mixin.py:190} INFO - [2024-11-11T04:04:20.956+0000] {dag.py:4180} INFO - Setting next_dagrun for example_task_group_decorator to None, run_after=None
[2024-11-11T04:04:20.964+0000] {processor.py:208} INFO - Processing /home/airflow/.local/lib/python3.12/site-packages/airflow/example_dags/example_task_group_decorator.py took 0.046 seconds
[2024-11-11T04:04:51.884+0000] {processor.py:186} INFO - Started process (PID=9799) to work on /home/airflow/.local/lib/python3.12/site-packages/airflow/example_dags/example_task_group_decorator.py
[2024-11-11T04:04:51.885+0000] {processor.py:914} INFO - Processing file /home/airflow/.local/lib/python3.12/site-packages/airflow/example_dags/example_task_group_decorator.py for tasks to queue
[2024-11-11T04:04:51.887+0000] {logging_mixin.py:190} INFO - [2024-11-11T04:04:51.886+0000] {dagbag.py:588} INFO - Filling up the DagBag from /home/airflow/.local/lib/python3.12/site-packages/airflow/example_dags/example_task_group_decorator.py
[2024-11-11T04:04:51.895+0000] {processor.py:925} INFO - DAG(s) 'example_task_group_decorator' retrieved from /home/airflow/.local/lib/python3.12/site-packages/airflow/example_dags/example_task_group_decorator.py
[2024-11-11T04:04:51.908+0000] {logging_mixin.py:190} INFO - [2024-11-11T04:04:51.908+0000] {dag.py:3239} INFO - Sync 1 DAGs
[2024-11-11T04:04:51.915+0000] {logging_mixin.py:190} INFO - [2024-11-11T04:04:51.915+0000] {dag.py:4180} INFO - Setting next_dagrun for example_task_group_decorator to None, run_after=None
[2024-11-11T04:04:51.924+0000] {processor.py:208} INFO - Processing /home/airflow/.local/lib/python3.12/site-packages/airflow/example_dags/example_task_group_decorator.py took 0.044 seconds
[2024-11-11T04:05:22.510+0000] {processor.py:186} INFO - Started process (PID=9862) to work on /home/airflow/.local/lib/python3.12/site-packages/airflow/example_dags/example_task_group_decorator.py
[2024-11-11T04:05:22.511+0000] {processor.py:914} INFO - Processing file /home/airflow/.local/lib/python3.12/site-packages/airflow/example_dags/example_task_group_decorator.py for tasks to queue
[2024-11-11T04:05:22.513+0000] {logging_mixin.py:190} INFO - [2024-11-11T04:05:22.513+0000] {dagbag.py:588} INFO - Filling up the DagBag from /home/airflow/.local/lib/python3.12/site-packages/airflow/example_dags/example_task_group_decorator.py
[2024-11-11T04:05:22.520+0000] {processor.py:925} INFO - DAG(s) 'example_task_group_decorator' retrieved from /home/airflow/.local/lib/python3.12/site-packages/airflow/example_dags/example_task_group_decorator.py
[2024-11-11T04:05:22.533+0000] {logging_mixin.py:190} INFO - [2024-11-11T04:05:22.533+0000] {dag.py:3239} INFO - Sync 1 DAGs
[2024-11-11T04:05:22.541+0000] {logging_mixin.py:190} INFO - [2024-11-11T04:05:22.541+0000] {dag.py:4180} INFO - Setting next_dagrun for example_task_group_decorator to None, run_after=None
[2024-11-11T04:05:22.549+0000] {processor.py:208} INFO - Processing /home/airflow/.local/lib/python3.12/site-packages/airflow/example_dags/example_task_group_decorator.py took 0.042 seconds
[2024-11-11T04:05:53.137+0000] {processor.py:186} INFO - Started process (PID=9925) to work on /home/airflow/.local/lib/python3.12/site-packages/airflow/example_dags/example_task_group_decorator.py
[2024-11-11T04:05:53.137+0000] {processor.py:914} INFO - Processing file /home/airflow/.local/lib/python3.12/site-packages/airflow/example_dags/example_task_group_decorator.py for tasks to queue
[2024-11-11T04:05:53.139+0000] {logging_mixin.py:190} INFO - [2024-11-11T04:05:53.138+0000] {dagbag.py:588} INFO - Filling up the DagBag from /home/airflow/.local/lib/python3.12/site-packages/airflow/example_dags/example_task_group_decorator.py
[2024-11-11T04:05:53.146+0000] {processor.py:925} INFO - DAG(s) 'example_task_group_decorator' retrieved from /home/airflow/.local/lib/python3.12/site-packages/airflow/example_dags/example_task_group_decorator.py
[2024-11-11T04:05:53.159+0000] {logging_mixin.py:190} INFO - [2024-11-11T04:05:53.158+0000] {dag.py:3239} INFO - Sync 1 DAGs
[2024-11-11T04:05:53.165+0000] {logging_mixin.py:190} INFO - [2024-11-11T04:05:53.165+0000] {dag.py:4180} INFO - Setting next_dagrun for example_task_group_decorator to None, run_after=None
[2024-11-11T04:05:53.174+0000] {processor.py:208} INFO - Processing /home/airflow/.local/lib/python3.12/site-packages/airflow/example_dags/example_task_group_decorator.py took 0.040 seconds
[2024-11-11T04:06:23.928+0000] {processor.py:186} INFO - Started process (PID=9988) to work on /home/airflow/.local/lib/python3.12/site-packages/airflow/example_dags/example_task_group_decorator.py
[2024-11-11T04:06:23.929+0000] {processor.py:914} INFO - Processing file /home/airflow/.local/lib/python3.12/site-packages/airflow/example_dags/example_task_group_decorator.py for tasks to queue
[2024-11-11T04:06:23.931+0000] {logging_mixin.py:190} INFO - [2024-11-11T04:06:23.930+0000] {dagbag.py:588} INFO - Filling up the DagBag from /home/airflow/.local/lib/python3.12/site-packages/airflow/example_dags/example_task_group_decorator.py
[2024-11-11T04:06:23.938+0000] {processor.py:925} INFO - DAG(s) 'example_task_group_decorator' retrieved from /home/airflow/.local/lib/python3.12/site-packages/airflow/example_dags/example_task_group_decorator.py
[2024-11-11T04:06:23.952+0000] {logging_mixin.py:190} INFO - [2024-11-11T04:06:23.952+0000] {dag.py:3239} INFO - Sync 1 DAGs
[2024-11-11T04:06:23.959+0000] {logging_mixin.py:190} INFO - [2024-11-11T04:06:23.959+0000] {dag.py:4180} INFO - Setting next_dagrun for example_task_group_decorator to None, run_after=None
[2024-11-11T04:06:23.968+0000] {processor.py:208} INFO - Processing /home/airflow/.local/lib/python3.12/site-packages/airflow/example_dags/example_task_group_decorator.py took 0.043 seconds
[2024-11-11T04:06:54.819+0000] {processor.py:186} INFO - Started process (PID=10051) to work on /home/airflow/.local/lib/python3.12/site-packages/airflow/example_dags/example_task_group_decorator.py
[2024-11-11T04:06:54.819+0000] {processor.py:914} INFO - Processing file /home/airflow/.local/lib/python3.12/site-packages/airflow/example_dags/example_task_group_decorator.py for tasks to queue
[2024-11-11T04:06:54.821+0000] {logging_mixin.py:190} INFO - [2024-11-11T04:06:54.821+0000] {dagbag.py:588} INFO - Filling up the DagBag from /home/airflow/.local/lib/python3.12/site-packages/airflow/example_dags/example_task_group_decorator.py
[2024-11-11T04:06:54.829+0000] {processor.py:925} INFO - DAG(s) 'example_task_group_decorator' retrieved from /home/airflow/.local/lib/python3.12/site-packages/airflow/example_dags/example_task_group_decorator.py
[2024-11-11T04:06:54.841+0000] {logging_mixin.py:190} INFO - [2024-11-11T04:06:54.841+0000] {dag.py:3239} INFO - Sync 1 DAGs
[2024-11-11T04:06:54.848+0000] {logging_mixin.py:190} INFO - [2024-11-11T04:06:54.848+0000] {dag.py:4180} INFO - Setting next_dagrun for example_task_group_decorator to None, run_after=None
[2024-11-11T04:06:54.856+0000] {processor.py:208} INFO - Processing /home/airflow/.local/lib/python3.12/site-packages/airflow/example_dags/example_task_group_decorator.py took 0.040 seconds
[2024-11-11T04:07:25.593+0000] {processor.py:186} INFO - Started process (PID=10114) to work on /home/airflow/.local/lib/python3.12/site-packages/airflow/example_dags/example_task_group_decorator.py
[2024-11-11T04:07:25.594+0000] {processor.py:914} INFO - Processing file /home/airflow/.local/lib/python3.12/site-packages/airflow/example_dags/example_task_group_decorator.py for tasks to queue
[2024-11-11T04:07:25.596+0000] {logging_mixin.py:190} INFO - [2024-11-11T04:07:25.596+0000] {dagbag.py:588} INFO - Filling up the DagBag from /home/airflow/.local/lib/python3.12/site-packages/airflow/example_dags/example_task_group_decorator.py
[2024-11-11T04:07:25.604+0000] {processor.py:925} INFO - DAG(s) 'example_task_group_decorator' retrieved from /home/airflow/.local/lib/python3.12/site-packages/airflow/example_dags/example_task_group_decorator.py
[2024-11-11T04:07:25.617+0000] {logging_mixin.py:190} INFO - [2024-11-11T04:07:25.616+0000] {dag.py:3239} INFO - Sync 1 DAGs
[2024-11-11T04:07:25.624+0000] {logging_mixin.py:190} INFO - [2024-11-11T04:07:25.624+0000] {dag.py:4180} INFO - Setting next_dagrun for example_task_group_decorator to None, run_after=None
[2024-11-11T04:07:25.633+0000] {processor.py:208} INFO - Processing /home/airflow/.local/lib/python3.12/site-packages/airflow/example_dags/example_task_group_decorator.py took 0.043 seconds
[2024-11-11T04:07:56.373+0000] {processor.py:186} INFO - Started process (PID=10177) to work on /home/airflow/.local/lib/python3.12/site-packages/airflow/example_dags/example_task_group_decorator.py
[2024-11-11T04:07:56.374+0000] {processor.py:914} INFO - Processing file /home/airflow/.local/lib/python3.12/site-packages/airflow/example_dags/example_task_group_decorator.py for tasks to queue
[2024-11-11T04:07:56.376+0000] {logging_mixin.py:190} INFO - [2024-11-11T04:07:56.375+0000] {dagbag.py:588} INFO - Filling up the DagBag from /home/airflow/.local/lib/python3.12/site-packages/airflow/example_dags/example_task_group_decorator.py
[2024-11-11T04:07:56.384+0000] {processor.py:925} INFO - DAG(s) 'example_task_group_decorator' retrieved from /home/airflow/.local/lib/python3.12/site-packages/airflow/example_dags/example_task_group_decorator.py
[2024-11-11T04:07:56.397+0000] {logging_mixin.py:190} INFO - [2024-11-11T04:07:56.397+0000] {dag.py:3239} INFO - Sync 1 DAGs
[2024-11-11T04:07:56.405+0000] {logging_mixin.py:190} INFO - [2024-11-11T04:07:56.405+0000] {dag.py:4180} INFO - Setting next_dagrun for example_task_group_decorator to None, run_after=None
[2024-11-11T04:07:56.414+0000] {processor.py:208} INFO - Processing /home/airflow/.local/lib/python3.12/site-packages/airflow/example_dags/example_task_group_decorator.py took 0.044 seconds
[2024-11-11T04:08:27.195+0000] {processor.py:186} INFO - Started process (PID=10240) to work on /home/airflow/.local/lib/python3.12/site-packages/airflow/example_dags/example_task_group_decorator.py
[2024-11-11T04:08:27.195+0000] {processor.py:914} INFO - Processing file /home/airflow/.local/lib/python3.12/site-packages/airflow/example_dags/example_task_group_decorator.py for tasks to queue
[2024-11-11T04:08:27.196+0000] {logging_mixin.py:190} INFO - [2024-11-11T04:08:27.196+0000] {dagbag.py:588} INFO - Filling up the DagBag from /home/airflow/.local/lib/python3.12/site-packages/airflow/example_dags/example_task_group_decorator.py
[2024-11-11T04:08:27.204+0000] {processor.py:925} INFO - DAG(s) 'example_task_group_decorator' retrieved from /home/airflow/.local/lib/python3.12/site-packages/airflow/example_dags/example_task_group_decorator.py
[2024-11-11T04:08:27.215+0000] {logging_mixin.py:190} INFO - [2024-11-11T04:08:27.215+0000] {dag.py:3239} INFO - Sync 1 DAGs
[2024-11-11T04:08:27.222+0000] {logging_mixin.py:190} INFO - [2024-11-11T04:08:27.222+0000] {dag.py:4180} INFO - Setting next_dagrun for example_task_group_decorator to None, run_after=None
[2024-11-11T04:08:27.229+0000] {processor.py:208} INFO - Processing /home/airflow/.local/lib/python3.12/site-packages/airflow/example_dags/example_task_group_decorator.py took 0.038 seconds
[2024-11-11T04:08:57.871+0000] {processor.py:186} INFO - Started process (PID=10303) to work on /home/airflow/.local/lib/python3.12/site-packages/airflow/example_dags/example_task_group_decorator.py
[2024-11-11T04:08:57.872+0000] {processor.py:914} INFO - Processing file /home/airflow/.local/lib/python3.12/site-packages/airflow/example_dags/example_task_group_decorator.py for tasks to queue
[2024-11-11T04:08:57.874+0000] {logging_mixin.py:190} INFO - [2024-11-11T04:08:57.874+0000] {dagbag.py:588} INFO - Filling up the DagBag from /home/airflow/.local/lib/python3.12/site-packages/airflow/example_dags/example_task_group_decorator.py
[2024-11-11T04:08:57.882+0000] {processor.py:925} INFO - DAG(s) 'example_task_group_decorator' retrieved from /home/airflow/.local/lib/python3.12/site-packages/airflow/example_dags/example_task_group_decorator.py
[2024-11-11T04:08:57.895+0000] {logging_mixin.py:190} INFO - [2024-11-11T04:08:57.895+0000] {dag.py:3239} INFO - Sync 1 DAGs
[2024-11-11T04:08:57.902+0000] {logging_mixin.py:190} INFO - [2024-11-11T04:08:57.902+0000] {dag.py:4180} INFO - Setting next_dagrun for example_task_group_decorator to None, run_after=None
[2024-11-11T04:08:57.910+0000] {processor.py:208} INFO - Processing /home/airflow/.local/lib/python3.12/site-packages/airflow/example_dags/example_task_group_decorator.py took 0.042 seconds
[2024-11-11T04:09:28.361+0000] {processor.py:186} INFO - Started process (PID=10366) to work on /home/airflow/.local/lib/python3.12/site-packages/airflow/example_dags/example_task_group_decorator.py
[2024-11-11T04:09:28.362+0000] {processor.py:914} INFO - Processing file /home/airflow/.local/lib/python3.12/site-packages/airflow/example_dags/example_task_group_decorator.py for tasks to queue
[2024-11-11T04:09:28.363+0000] {logging_mixin.py:190} INFO - [2024-11-11T04:09:28.363+0000] {dagbag.py:588} INFO - Filling up the DagBag from /home/airflow/.local/lib/python3.12/site-packages/airflow/example_dags/example_task_group_decorator.py
[2024-11-11T04:09:28.371+0000] {processor.py:925} INFO - DAG(s) 'example_task_group_decorator' retrieved from /home/airflow/.local/lib/python3.12/site-packages/airflow/example_dags/example_task_group_decorator.py
[2024-11-11T04:09:28.383+0000] {logging_mixin.py:190} INFO - [2024-11-11T04:09:28.383+0000] {dag.py:3239} INFO - Sync 1 DAGs
[2024-11-11T04:09:28.390+0000] {logging_mixin.py:190} INFO - [2024-11-11T04:09:28.390+0000] {dag.py:4180} INFO - Setting next_dagrun for example_task_group_decorator to None, run_after=None
[2024-11-11T04:09:28.398+0000] {processor.py:208} INFO - Processing /home/airflow/.local/lib/python3.12/site-packages/airflow/example_dags/example_task_group_decorator.py took 0.041 seconds
[2024-11-11T04:09:59.875+0000] {processor.py:186} INFO - Started process (PID=10429) to work on /home/airflow/.local/lib/python3.12/site-packages/airflow/example_dags/example_task_group_decorator.py
[2024-11-11T04:09:59.876+0000] {processor.py:914} INFO - Processing file /home/airflow/.local/lib/python3.12/site-packages/airflow/example_dags/example_task_group_decorator.py for tasks to queue
[2024-11-11T04:09:59.878+0000] {logging_mixin.py:190} INFO - [2024-11-11T04:09:59.877+0000] {dagbag.py:588} INFO - Filling up the DagBag from /home/airflow/.local/lib/python3.12/site-packages/airflow/example_dags/example_task_group_decorator.py
[2024-11-11T04:09:59.886+0000] {processor.py:925} INFO - DAG(s) 'example_task_group_decorator' retrieved from /home/airflow/.local/lib/python3.12/site-packages/airflow/example_dags/example_task_group_decorator.py
[2024-11-11T04:09:59.898+0000] {logging_mixin.py:190} INFO - [2024-11-11T04:09:59.898+0000] {dag.py:3239} INFO - Sync 1 DAGs
[2024-11-11T04:09:59.906+0000] {logging_mixin.py:190} INFO - [2024-11-11T04:09:59.906+0000] {dag.py:4180} INFO - Setting next_dagrun for example_task_group_decorator to None, run_after=None
[2024-11-11T04:09:59.915+0000] {processor.py:208} INFO - Processing /home/airflow/.local/lib/python3.12/site-packages/airflow/example_dags/example_task_group_decorator.py took 0.043 seconds
[2024-11-11T04:10:32.698+0000] {processor.py:186} INFO - Started process (PID=10492) to work on /home/airflow/.local/lib/python3.12/site-packages/airflow/example_dags/example_task_group_decorator.py
[2024-11-11T04:10:32.699+0000] {processor.py:914} INFO - Processing file /home/airflow/.local/lib/python3.12/site-packages/airflow/example_dags/example_task_group_decorator.py for tasks to queue
[2024-11-11T04:10:32.700+0000] {logging_mixin.py:190} INFO - [2024-11-11T04:10:32.700+0000] {dagbag.py:588} INFO - Filling up the DagBag from /home/airflow/.local/lib/python3.12/site-packages/airflow/example_dags/example_task_group_decorator.py
[2024-11-11T04:10:32.709+0000] {processor.py:925} INFO - DAG(s) 'example_task_group_decorator' retrieved from /home/airflow/.local/lib/python3.12/site-packages/airflow/example_dags/example_task_group_decorator.py
[2024-11-11T04:10:32.721+0000] {logging_mixin.py:190} INFO - [2024-11-11T04:10:32.721+0000] {dag.py:3239} INFO - Sync 1 DAGs
[2024-11-11T04:10:32.830+0000] {logging_mixin.py:190} INFO - [2024-11-11T04:10:32.830+0000] {dag.py:4180} INFO - Setting next_dagrun for example_task_group_decorator to None, run_after=None
[2024-11-11T04:10:32.838+0000] {processor.py:208} INFO - Processing /home/airflow/.local/lib/python3.12/site-packages/airflow/example_dags/example_task_group_decorator.py took 0.144 seconds
[2024-11-11T04:11:02.941+0000] {processor.py:186} INFO - Started process (PID=10555) to work on /home/airflow/.local/lib/python3.12/site-packages/airflow/example_dags/example_task_group_decorator.py
[2024-11-11T04:11:02.942+0000] {processor.py:914} INFO - Processing file /home/airflow/.local/lib/python3.12/site-packages/airflow/example_dags/example_task_group_decorator.py for tasks to queue
[2024-11-11T04:11:02.943+0000] {logging_mixin.py:190} INFO - [2024-11-11T04:11:02.943+0000] {dagbag.py:588} INFO - Filling up the DagBag from /home/airflow/.local/lib/python3.12/site-packages/airflow/example_dags/example_task_group_decorator.py
[2024-11-11T04:11:02.951+0000] {processor.py:925} INFO - DAG(s) 'example_task_group_decorator' retrieved from /home/airflow/.local/lib/python3.12/site-packages/airflow/example_dags/example_task_group_decorator.py
[2024-11-11T04:11:02.963+0000] {logging_mixin.py:190} INFO - [2024-11-11T04:11:02.963+0000] {dag.py:3239} INFO - Sync 1 DAGs
[2024-11-11T04:11:02.969+0000] {logging_mixin.py:190} INFO - [2024-11-11T04:11:02.969+0000] {dag.py:4180} INFO - Setting next_dagrun for example_task_group_decorator to None, run_after=None
[2024-11-11T04:11:02.978+0000] {processor.py:208} INFO - Processing /home/airflow/.local/lib/python3.12/site-packages/airflow/example_dags/example_task_group_decorator.py took 0.040 seconds
[2024-11-11T04:11:33.215+0000] {processor.py:186} INFO - Started process (PID=10618) to work on /home/airflow/.local/lib/python3.12/site-packages/airflow/example_dags/example_task_group_decorator.py
[2024-11-11T04:11:33.215+0000] {processor.py:914} INFO - Processing file /home/airflow/.local/lib/python3.12/site-packages/airflow/example_dags/example_task_group_decorator.py for tasks to queue
[2024-11-11T04:11:33.217+0000] {logging_mixin.py:190} INFO - [2024-11-11T04:11:33.217+0000] {dagbag.py:588} INFO - Filling up the DagBag from /home/airflow/.local/lib/python3.12/site-packages/airflow/example_dags/example_task_group_decorator.py
[2024-11-11T04:11:33.226+0000] {processor.py:925} INFO - DAG(s) 'example_task_group_decorator' retrieved from /home/airflow/.local/lib/python3.12/site-packages/airflow/example_dags/example_task_group_decorator.py
[2024-11-11T04:11:33.240+0000] {logging_mixin.py:190} INFO - [2024-11-11T04:11:33.240+0000] {dag.py:3239} INFO - Sync 1 DAGs
[2024-11-11T04:11:33.248+0000] {logging_mixin.py:190} INFO - [2024-11-11T04:11:33.248+0000] {dag.py:4180} INFO - Setting next_dagrun for example_task_group_decorator to None, run_after=None
[2024-11-11T04:11:33.259+0000] {processor.py:208} INFO - Processing /home/airflow/.local/lib/python3.12/site-packages/airflow/example_dags/example_task_group_decorator.py took 0.049 seconds
[2024-11-11T04:12:04.573+0000] {processor.py:186} INFO - Started process (PID=10680) to work on /home/airflow/.local/lib/python3.12/site-packages/airflow/example_dags/example_task_group_decorator.py
[2024-11-11T04:12:04.573+0000] {processor.py:914} INFO - Processing file /home/airflow/.local/lib/python3.12/site-packages/airflow/example_dags/example_task_group_decorator.py for tasks to queue
[2024-11-11T04:12:04.575+0000] {logging_mixin.py:190} INFO - [2024-11-11T04:12:04.575+0000] {dagbag.py:588} INFO - Filling up the DagBag from /home/airflow/.local/lib/python3.12/site-packages/airflow/example_dags/example_task_group_decorator.py
[2024-11-11T04:12:04.697+0000] {processor.py:925} INFO - DAG(s) 'example_task_group_decorator' retrieved from /home/airflow/.local/lib/python3.12/site-packages/airflow/example_dags/example_task_group_decorator.py
[2024-11-11T04:12:04.708+0000] {logging_mixin.py:190} INFO - [2024-11-11T04:12:04.708+0000] {dag.py:3239} INFO - Sync 1 DAGs
[2024-11-11T04:12:04.715+0000] {logging_mixin.py:190} INFO - [2024-11-11T04:12:04.714+0000] {dag.py:4180} INFO - Setting next_dagrun for example_task_group_decorator to None, run_after=None
[2024-11-11T04:12:04.723+0000] {processor.py:208} INFO - Processing /home/airflow/.local/lib/python3.12/site-packages/airflow/example_dags/example_task_group_decorator.py took 0.154 seconds
[2024-11-11T04:12:35.431+0000] {processor.py:186} INFO - Started process (PID=10744) to work on /home/airflow/.local/lib/python3.12/site-packages/airflow/example_dags/example_task_group_decorator.py
[2024-11-11T04:12:35.431+0000] {processor.py:914} INFO - Processing file /home/airflow/.local/lib/python3.12/site-packages/airflow/example_dags/example_task_group_decorator.py for tasks to queue
[2024-11-11T04:12:35.433+0000] {logging_mixin.py:190} INFO - [2024-11-11T04:12:35.433+0000] {dagbag.py:588} INFO - Filling up the DagBag from /home/airflow/.local/lib/python3.12/site-packages/airflow/example_dags/example_task_group_decorator.py
[2024-11-11T04:12:35.441+0000] {processor.py:925} INFO - DAG(s) 'example_task_group_decorator' retrieved from /home/airflow/.local/lib/python3.12/site-packages/airflow/example_dags/example_task_group_decorator.py
[2024-11-11T04:12:35.454+0000] {logging_mixin.py:190} INFO - [2024-11-11T04:12:35.453+0000] {dag.py:3239} INFO - Sync 1 DAGs
[2024-11-11T04:12:35.460+0000] {logging_mixin.py:190} INFO - [2024-11-11T04:12:35.460+0000] {dag.py:4180} INFO - Setting next_dagrun for example_task_group_decorator to None, run_after=None
[2024-11-11T04:12:35.469+0000] {processor.py:208} INFO - Processing /home/airflow/.local/lib/python3.12/site-packages/airflow/example_dags/example_task_group_decorator.py took 0.041 seconds
[2024-11-11T04:13:05.922+0000] {processor.py:186} INFO - Started process (PID=10807) to work on /home/airflow/.local/lib/python3.12/site-packages/airflow/example_dags/example_task_group_decorator.py
[2024-11-11T04:13:05.923+0000] {processor.py:914} INFO - Processing file /home/airflow/.local/lib/python3.12/site-packages/airflow/example_dags/example_task_group_decorator.py for tasks to queue
[2024-11-11T04:13:05.925+0000] {logging_mixin.py:190} INFO - [2024-11-11T04:13:05.924+0000] {dagbag.py:588} INFO - Filling up the DagBag from /home/airflow/.local/lib/python3.12/site-packages/airflow/example_dags/example_task_group_decorator.py
[2024-11-11T04:13:05.933+0000] {processor.py:925} INFO - DAG(s) 'example_task_group_decorator' retrieved from /home/airflow/.local/lib/python3.12/site-packages/airflow/example_dags/example_task_group_decorator.py
[2024-11-11T04:13:05.946+0000] {logging_mixin.py:190} INFO - [2024-11-11T04:13:05.946+0000] {dag.py:3239} INFO - Sync 1 DAGs
[2024-11-11T04:13:05.953+0000] {logging_mixin.py:190} INFO - [2024-11-11T04:13:05.953+0000] {dag.py:4180} INFO - Setting next_dagrun for example_task_group_decorator to None, run_after=None
[2024-11-11T04:13:05.961+0000] {processor.py:208} INFO - Processing /home/airflow/.local/lib/python3.12/site-packages/airflow/example_dags/example_task_group_decorator.py took 0.042 seconds
[2024-11-11T04:13:36.767+0000] {processor.py:186} INFO - Started process (PID=10870) to work on /home/airflow/.local/lib/python3.12/site-packages/airflow/example_dags/example_task_group_decorator.py
[2024-11-11T04:13:36.768+0000] {processor.py:914} INFO - Processing file /home/airflow/.local/lib/python3.12/site-packages/airflow/example_dags/example_task_group_decorator.py for tasks to queue
[2024-11-11T04:13:36.769+0000] {logging_mixin.py:190} INFO - [2024-11-11T04:13:36.769+0000] {dagbag.py:588} INFO - Filling up the DagBag from /home/airflow/.local/lib/python3.12/site-packages/airflow/example_dags/example_task_group_decorator.py
[2024-11-11T04:13:36.777+0000] {processor.py:925} INFO - DAG(s) 'example_task_group_decorator' retrieved from /home/airflow/.local/lib/python3.12/site-packages/airflow/example_dags/example_task_group_decorator.py
[2024-11-11T04:13:36.790+0000] {logging_mixin.py:190} INFO - [2024-11-11T04:13:36.789+0000] {dag.py:3239} INFO - Sync 1 DAGs
[2024-11-11T04:13:36.796+0000] {logging_mixin.py:190} INFO - [2024-11-11T04:13:36.796+0000] {dag.py:4180} INFO - Setting next_dagrun for example_task_group_decorator to None, run_after=None
[2024-11-11T04:13:36.804+0000] {processor.py:208} INFO - Processing /home/airflow/.local/lib/python3.12/site-packages/airflow/example_dags/example_task_group_decorator.py took 0.041 seconds
[2024-11-11T04:47:37.194+0000] {processor.py:186} INFO - Started process (PID=10933) to work on /home/airflow/.local/lib/python3.12/site-packages/airflow/example_dags/example_task_group_decorator.py
[2024-11-11T04:47:37.195+0000] {processor.py:914} INFO - Processing file /home/airflow/.local/lib/python3.12/site-packages/airflow/example_dags/example_task_group_decorator.py for tasks to queue
[2024-11-11T04:47:37.196+0000] {logging_mixin.py:190} INFO - [2024-11-11T04:47:37.196+0000] {dagbag.py:588} INFO - Filling up the DagBag from /home/airflow/.local/lib/python3.12/site-packages/airflow/example_dags/example_task_group_decorator.py
[2024-11-11T04:47:37.204+0000] {processor.py:925} INFO - DAG(s) 'example_task_group_decorator' retrieved from /home/airflow/.local/lib/python3.12/site-packages/airflow/example_dags/example_task_group_decorator.py
[2024-11-11T04:47:37.217+0000] {logging_mixin.py:190} INFO - [2024-11-11T04:47:37.217+0000] {dag.py:3239} INFO - Sync 1 DAGs
[2024-11-11T04:47:37.225+0000] {logging_mixin.py:190} INFO - [2024-11-11T04:47:37.225+0000] {dag.py:4180} INFO - Setting next_dagrun for example_task_group_decorator to None, run_after=None
[2024-11-11T04:47:37.235+0000] {processor.py:208} INFO - Processing /home/airflow/.local/lib/python3.12/site-packages/airflow/example_dags/example_task_group_decorator.py took 0.044 seconds
[2024-11-11T05:54:21.399+0000] {processor.py:186} INFO - Started process (PID=10995) to work on /home/airflow/.local/lib/python3.12/site-packages/airflow/example_dags/example_task_group_decorator.py
[2024-11-11T05:54:21.401+0000] {processor.py:914} INFO - Processing file /home/airflow/.local/lib/python3.12/site-packages/airflow/example_dags/example_task_group_decorator.py for tasks to queue
[2024-11-11T05:54:21.404+0000] {logging_mixin.py:190} INFO - [2024-11-11T05:54:21.404+0000] {dagbag.py:588} INFO - Filling up the DagBag from /home/airflow/.local/lib/python3.12/site-packages/airflow/example_dags/example_task_group_decorator.py
[2024-11-11T05:54:21.415+0000] {processor.py:925} INFO - DAG(s) 'example_task_group_decorator' retrieved from /home/airflow/.local/lib/python3.12/site-packages/airflow/example_dags/example_task_group_decorator.py
[2024-11-11T05:54:21.427+0000] {logging_mixin.py:190} INFO - [2024-11-11T05:54:21.427+0000] {dag.py:3239} INFO - Sync 1 DAGs
[2024-11-11T05:54:21.434+0000] {logging_mixin.py:190} INFO - [2024-11-11T05:54:21.434+0000] {dag.py:4180} INFO - Setting next_dagrun for example_task_group_decorator to None, run_after=None
[2024-11-11T05:54:21.442+0000] {processor.py:208} INFO - Processing /home/airflow/.local/lib/python3.12/site-packages/airflow/example_dags/example_task_group_decorator.py took 0.046 seconds
[2024-11-11T05:54:51.786+0000] {processor.py:186} INFO - Started process (PID=11058) to work on /home/airflow/.local/lib/python3.12/site-packages/airflow/example_dags/example_task_group_decorator.py
[2024-11-11T05:54:51.787+0000] {processor.py:914} INFO - Processing file /home/airflow/.local/lib/python3.12/site-packages/airflow/example_dags/example_task_group_decorator.py for tasks to queue
[2024-11-11T05:54:51.788+0000] {logging_mixin.py:190} INFO - [2024-11-11T05:54:51.788+0000] {dagbag.py:588} INFO - Filling up the DagBag from /home/airflow/.local/lib/python3.12/site-packages/airflow/example_dags/example_task_group_decorator.py
[2024-11-11T05:54:51.796+0000] {processor.py:925} INFO - DAG(s) 'example_task_group_decorator' retrieved from /home/airflow/.local/lib/python3.12/site-packages/airflow/example_dags/example_task_group_decorator.py
[2024-11-11T05:54:51.808+0000] {logging_mixin.py:190} INFO - [2024-11-11T05:54:51.808+0000] {dag.py:3239} INFO - Sync 1 DAGs
[2024-11-11T05:54:51.816+0000] {logging_mixin.py:190} INFO - [2024-11-11T05:54:51.816+0000] {dag.py:4180} INFO - Setting next_dagrun for example_task_group_decorator to None, run_after=None
[2024-11-11T05:54:51.826+0000] {processor.py:208} INFO - Processing /home/airflow/.local/lib/python3.12/site-packages/airflow/example_dags/example_task_group_decorator.py took 0.044 seconds
[2024-11-11T05:55:22.214+0000] {processor.py:186} INFO - Started process (PID=11121) to work on /home/airflow/.local/lib/python3.12/site-packages/airflow/example_dags/example_task_group_decorator.py
[2024-11-11T05:55:22.215+0000] {processor.py:914} INFO - Processing file /home/airflow/.local/lib/python3.12/site-packages/airflow/example_dags/example_task_group_decorator.py for tasks to queue
[2024-11-11T05:55:22.216+0000] {logging_mixin.py:190} INFO - [2024-11-11T05:55:22.216+0000] {dagbag.py:588} INFO - Filling up the DagBag from /home/airflow/.local/lib/python3.12/site-packages/airflow/example_dags/example_task_group_decorator.py
[2024-11-11T05:55:22.224+0000] {processor.py:925} INFO - DAG(s) 'example_task_group_decorator' retrieved from /home/airflow/.local/lib/python3.12/site-packages/airflow/example_dags/example_task_group_decorator.py
[2024-11-11T05:55:22.236+0000] {logging_mixin.py:190} INFO - [2024-11-11T05:55:22.236+0000] {dag.py:3239} INFO - Sync 1 DAGs
[2024-11-11T05:55:22.243+0000] {logging_mixin.py:190} INFO - [2024-11-11T05:55:22.243+0000] {dag.py:4180} INFO - Setting next_dagrun for example_task_group_decorator to None, run_after=None
[2024-11-11T05:55:22.251+0000] {processor.py:208} INFO - Processing /home/airflow/.local/lib/python3.12/site-packages/airflow/example_dags/example_task_group_decorator.py took 0.041 seconds
[2024-11-11T05:55:52.808+0000] {processor.py:186} INFO - Started process (PID=11184) to work on /home/airflow/.local/lib/python3.12/site-packages/airflow/example_dags/example_task_group_decorator.py
[2024-11-11T05:55:52.809+0000] {processor.py:914} INFO - Processing file /home/airflow/.local/lib/python3.12/site-packages/airflow/example_dags/example_task_group_decorator.py for tasks to queue
[2024-11-11T05:55:52.811+0000] {logging_mixin.py:190} INFO - [2024-11-11T05:55:52.811+0000] {dagbag.py:588} INFO - Filling up the DagBag from /home/airflow/.local/lib/python3.12/site-packages/airflow/example_dags/example_task_group_decorator.py
[2024-11-11T05:55:52.819+0000] {processor.py:925} INFO - DAG(s) 'example_task_group_decorator' retrieved from /home/airflow/.local/lib/python3.12/site-packages/airflow/example_dags/example_task_group_decorator.py
[2024-11-11T05:55:52.832+0000] {logging_mixin.py:190} INFO - [2024-11-11T05:55:52.832+0000] {dag.py:3239} INFO - Sync 1 DAGs
[2024-11-11T05:55:52.838+0000] {logging_mixin.py:190} INFO - [2024-11-11T05:55:52.838+0000] {dag.py:4180} INFO - Setting next_dagrun for example_task_group_decorator to None, run_after=None
[2024-11-11T05:55:52.846+0000] {processor.py:208} INFO - Processing /home/airflow/.local/lib/python3.12/site-packages/airflow/example_dags/example_task_group_decorator.py took 0.041 seconds
[2024-11-11T05:56:23.225+0000] {processor.py:186} INFO - Started process (PID=11247) to work on /home/airflow/.local/lib/python3.12/site-packages/airflow/example_dags/example_task_group_decorator.py
[2024-11-11T05:56:23.226+0000] {processor.py:914} INFO - Processing file /home/airflow/.local/lib/python3.12/site-packages/airflow/example_dags/example_task_group_decorator.py for tasks to queue
[2024-11-11T05:56:23.228+0000] {logging_mixin.py:190} INFO - [2024-11-11T05:56:23.227+0000] {dagbag.py:588} INFO - Filling up the DagBag from /home/airflow/.local/lib/python3.12/site-packages/airflow/example_dags/example_task_group_decorator.py
[2024-11-11T05:56:23.236+0000] {processor.py:925} INFO - DAG(s) 'example_task_group_decorator' retrieved from /home/airflow/.local/lib/python3.12/site-packages/airflow/example_dags/example_task_group_decorator.py
[2024-11-11T05:56:23.248+0000] {logging_mixin.py:190} INFO - [2024-11-11T05:56:23.248+0000] {dag.py:3239} INFO - Sync 1 DAGs
[2024-11-11T05:56:23.256+0000] {logging_mixin.py:190} INFO - [2024-11-11T05:56:23.255+0000] {dag.py:4180} INFO - Setting next_dagrun for example_task_group_decorator to None, run_after=None
[2024-11-11T05:56:23.264+0000] {processor.py:208} INFO - Processing /home/airflow/.local/lib/python3.12/site-packages/airflow/example_dags/example_task_group_decorator.py took 0.043 seconds
[2024-11-11T05:56:53.530+0000] {processor.py:186} INFO - Started process (PID=11310) to work on /home/airflow/.local/lib/python3.12/site-packages/airflow/example_dags/example_task_group_decorator.py
[2024-11-11T05:56:53.531+0000] {processor.py:914} INFO - Processing file /home/airflow/.local/lib/python3.12/site-packages/airflow/example_dags/example_task_group_decorator.py for tasks to queue
[2024-11-11T05:56:53.532+0000] {logging_mixin.py:190} INFO - [2024-11-11T05:56:53.532+0000] {dagbag.py:588} INFO - Filling up the DagBag from /home/airflow/.local/lib/python3.12/site-packages/airflow/example_dags/example_task_group_decorator.py
[2024-11-11T05:56:53.540+0000] {processor.py:925} INFO - DAG(s) 'example_task_group_decorator' retrieved from /home/airflow/.local/lib/python3.12/site-packages/airflow/example_dags/example_task_group_decorator.py
[2024-11-11T05:56:53.552+0000] {logging_mixin.py:190} INFO - [2024-11-11T05:56:53.552+0000] {dag.py:3239} INFO - Sync 1 DAGs
[2024-11-11T05:56:53.559+0000] {logging_mixin.py:190} INFO - [2024-11-11T05:56:53.559+0000] {dag.py:4180} INFO - Setting next_dagrun for example_task_group_decorator to None, run_after=None
[2024-11-11T05:56:53.567+0000] {processor.py:208} INFO - Processing /home/airflow/.local/lib/python3.12/site-packages/airflow/example_dags/example_task_group_decorator.py took 0.040 seconds
