[2024-11-11T02:24:38.060+0000] {processor.py:186} INFO - Started process (PID=66) to work on /home/airflow/.local/lib/python3.12/site-packages/airflow/example_dags/example_external_task_marker_dag.py
[2024-11-11T02:24:38.060+0000] {processor.py:914} INFO - Processing file /home/airflow/.local/lib/python3.12/site-packages/airflow/example_dags/example_external_task_marker_dag.py for tasks to queue
[2024-11-11T02:24:38.062+0000] {logging_mixin.py:190} INFO - [2024-11-11T02:24:38.062+0000] {dagbag.py:588} INFO - Filling up the DagBag from /home/airflow/.local/lib/python3.12/site-packages/airflow/example_dags/example_external_task_marker_dag.py
[2024-11-11T02:24:38.067+0000] {processor.py:925} INFO - DAG(s) 'example_external_task_marker_child', 'example_external_task_marker_parent' retrieved from /home/airflow/.local/lib/python3.12/site-packages/airflow/example_dags/example_external_task_marker_dag.py
[2024-11-11T02:24:38.120+0000] {logging_mixin.py:190} INFO - [2024-11-11T02:24:38.119+0000] {override.py:1911} INFO - Created Permission View: can edit on DAG:example_external_task_marker_child
[2024-11-11T02:24:38.125+0000] {logging_mixin.py:190} INFO - [2024-11-11T02:24:38.125+0000] {override.py:1911} INFO - Created Permission View: can read on DAG:example_external_task_marker_child
[2024-11-11T02:24:38.128+0000] {logging_mixin.py:190} INFO - [2024-11-11T02:24:38.128+0000] {override.py:1911} INFO - Created Permission View: can delete on DAG:example_external_task_marker_child
[2024-11-11T02:24:38.130+0000] {logging_mixin.py:190} INFO - [2024-11-11T02:24:38.130+0000] {override.py:1911} INFO - Created Permission View: can read on DAG Run:example_external_task_marker_child
[2024-11-11T02:24:38.133+0000] {logging_mixin.py:190} INFO - [2024-11-11T02:24:38.133+0000] {override.py:1911} INFO - Created Permission View: can create on DAG Run:example_external_task_marker_child
[2024-11-11T02:24:38.136+0000] {logging_mixin.py:190} INFO - [2024-11-11T02:24:38.136+0000] {override.py:1911} INFO - Created Permission View: can delete on DAG Run:example_external_task_marker_child
[2024-11-11T02:24:38.138+0000] {logging_mixin.py:190} INFO - [2024-11-11T02:24:38.138+0000] {override.py:1911} INFO - Created Permission View: menu access on DAG Run:example_external_task_marker_child
[2024-11-11T02:24:38.143+0000] {logging_mixin.py:190} INFO - [2024-11-11T02:24:38.143+0000] {override.py:1911} INFO - Created Permission View: can edit on DAG:example_external_task_marker_parent
[2024-11-11T02:24:38.145+0000] {logging_mixin.py:190} INFO - [2024-11-11T02:24:38.145+0000] {override.py:1911} INFO - Created Permission View: can read on DAG:example_external_task_marker_parent
[2024-11-11T02:24:38.147+0000] {logging_mixin.py:190} INFO - [2024-11-11T02:24:38.147+0000] {override.py:1911} INFO - Created Permission View: can delete on DAG:example_external_task_marker_parent
[2024-11-11T02:24:38.150+0000] {logging_mixin.py:190} INFO - [2024-11-11T02:24:38.149+0000] {override.py:1911} INFO - Created Permission View: can read on DAG Run:example_external_task_marker_parent
[2024-11-11T02:24:38.152+0000] {logging_mixin.py:190} INFO - [2024-11-11T02:24:38.152+0000] {override.py:1911} INFO - Created Permission View: can create on DAG Run:example_external_task_marker_parent
[2024-11-11T02:24:38.154+0000] {logging_mixin.py:190} INFO - [2024-11-11T02:24:38.154+0000] {override.py:1911} INFO - Created Permission View: can delete on DAG Run:example_external_task_marker_parent
[2024-11-11T02:24:38.156+0000] {logging_mixin.py:190} INFO - [2024-11-11T02:24:38.156+0000] {override.py:1911} INFO - Created Permission View: menu access on DAG Run:example_external_task_marker_parent
[2024-11-11T02:24:38.156+0000] {logging_mixin.py:190} INFO - [2024-11-11T02:24:38.156+0000] {dag.py:3239} INFO - Sync 2 DAGs
[2024-11-11T02:24:38.162+0000] {logging_mixin.py:190} INFO - [2024-11-11T02:24:38.162+0000] {dag.py:3262} INFO - Creating ORM DAG for example_external_task_marker_child
[2024-11-11T02:24:38.163+0000] {logging_mixin.py:190} INFO - [2024-11-11T02:24:38.163+0000] {dag.py:3262} INFO - Creating ORM DAG for example_external_task_marker_parent
[2024-11-11T02:24:38.163+0000] {logging_mixin.py:190} INFO - [2024-11-11T02:24:38.163+0000] {dag.py:4180} INFO - Setting next_dagrun for example_external_task_marker_child to None, run_after=None
[2024-11-11T02:24:38.164+0000] {logging_mixin.py:190} INFO - [2024-11-11T02:24:38.164+0000] {dag.py:4180} INFO - Setting next_dagrun for example_external_task_marker_parent to None, run_after=None
[2024-11-11T02:24:38.171+0000] {processor.py:208} INFO - Processing /home/airflow/.local/lib/python3.12/site-packages/airflow/example_dags/example_external_task_marker_dag.py took 0.115 seconds
[2024-11-11T02:25:08.653+0000] {processor.py:186} INFO - Started process (PID=129) to work on /home/airflow/.local/lib/python3.12/site-packages/airflow/example_dags/example_external_task_marker_dag.py
[2024-11-11T02:25:08.653+0000] {processor.py:914} INFO - Processing file /home/airflow/.local/lib/python3.12/site-packages/airflow/example_dags/example_external_task_marker_dag.py for tasks to queue
[2024-11-11T02:25:08.655+0000] {logging_mixin.py:190} INFO - [2024-11-11T02:25:08.654+0000] {dagbag.py:588} INFO - Filling up the DagBag from /home/airflow/.local/lib/python3.12/site-packages/airflow/example_dags/example_external_task_marker_dag.py
[2024-11-11T02:25:08.659+0000] {processor.py:925} INFO - DAG(s) 'example_external_task_marker_child', 'example_external_task_marker_parent' retrieved from /home/airflow/.local/lib/python3.12/site-packages/airflow/example_dags/example_external_task_marker_dag.py
[2024-11-11T02:25:08.670+0000] {logging_mixin.py:190} INFO - [2024-11-11T02:25:08.669+0000] {dag.py:3239} INFO - Sync 2 DAGs
[2024-11-11T02:25:08.676+0000] {logging_mixin.py:190} INFO - [2024-11-11T02:25:08.676+0000] {dag.py:4180} INFO - Setting next_dagrun for example_external_task_marker_child to None, run_after=None
[2024-11-11T02:25:08.678+0000] {logging_mixin.py:190} INFO - [2024-11-11T02:25:08.678+0000] {dag.py:4180} INFO - Setting next_dagrun for example_external_task_marker_parent to None, run_after=None
[2024-11-11T02:25:08.685+0000] {processor.py:208} INFO - Processing /home/airflow/.local/lib/python3.12/site-packages/airflow/example_dags/example_external_task_marker_dag.py took 0.035 seconds
[2024-11-11T02:25:39.397+0000] {processor.py:186} INFO - Started process (PID=192) to work on /home/airflow/.local/lib/python3.12/site-packages/airflow/example_dags/example_external_task_marker_dag.py
[2024-11-11T02:25:39.397+0000] {processor.py:914} INFO - Processing file /home/airflow/.local/lib/python3.12/site-packages/airflow/example_dags/example_external_task_marker_dag.py for tasks to queue
[2024-11-11T02:25:39.399+0000] {logging_mixin.py:190} INFO - [2024-11-11T02:25:39.398+0000] {dagbag.py:588} INFO - Filling up the DagBag from /home/airflow/.local/lib/python3.12/site-packages/airflow/example_dags/example_external_task_marker_dag.py
[2024-11-11T02:25:39.403+0000] {processor.py:925} INFO - DAG(s) 'example_external_task_marker_child', 'example_external_task_marker_parent' retrieved from /home/airflow/.local/lib/python3.12/site-packages/airflow/example_dags/example_external_task_marker_dag.py
[2024-11-11T02:25:39.415+0000] {logging_mixin.py:190} INFO - [2024-11-11T02:25:39.414+0000] {dag.py:3239} INFO - Sync 2 DAGs
[2024-11-11T02:25:39.422+0000] {logging_mixin.py:190} INFO - [2024-11-11T02:25:39.422+0000] {dag.py:4180} INFO - Setting next_dagrun for example_external_task_marker_child to None, run_after=None
[2024-11-11T02:25:39.423+0000] {logging_mixin.py:190} INFO - [2024-11-11T02:25:39.423+0000] {dag.py:4180} INFO - Setting next_dagrun for example_external_task_marker_parent to None, run_after=None
[2024-11-11T02:25:39.430+0000] {processor.py:208} INFO - Processing /home/airflow/.local/lib/python3.12/site-packages/airflow/example_dags/example_external_task_marker_dag.py took 0.037 seconds
[2024-11-11T02:26:10.056+0000] {processor.py:186} INFO - Started process (PID=255) to work on /home/airflow/.local/lib/python3.12/site-packages/airflow/example_dags/example_external_task_marker_dag.py
[2024-11-11T02:26:10.057+0000] {processor.py:914} INFO - Processing file /home/airflow/.local/lib/python3.12/site-packages/airflow/example_dags/example_external_task_marker_dag.py for tasks to queue
[2024-11-11T02:26:10.058+0000] {logging_mixin.py:190} INFO - [2024-11-11T02:26:10.058+0000] {dagbag.py:588} INFO - Filling up the DagBag from /home/airflow/.local/lib/python3.12/site-packages/airflow/example_dags/example_external_task_marker_dag.py
[2024-11-11T02:26:10.062+0000] {processor.py:925} INFO - DAG(s) 'example_external_task_marker_child', 'example_external_task_marker_parent' retrieved from /home/airflow/.local/lib/python3.12/site-packages/airflow/example_dags/example_external_task_marker_dag.py
[2024-11-11T02:26:10.074+0000] {logging_mixin.py:190} INFO - [2024-11-11T02:26:10.073+0000] {dag.py:3239} INFO - Sync 2 DAGs
[2024-11-11T02:26:10.081+0000] {logging_mixin.py:190} INFO - [2024-11-11T02:26:10.081+0000] {dag.py:4180} INFO - Setting next_dagrun for example_external_task_marker_child to None, run_after=None
[2024-11-11T02:26:10.082+0000] {logging_mixin.py:190} INFO - [2024-11-11T02:26:10.082+0000] {dag.py:4180} INFO - Setting next_dagrun for example_external_task_marker_parent to None, run_after=None
[2024-11-11T02:26:10.090+0000] {processor.py:208} INFO - Processing /home/airflow/.local/lib/python3.12/site-packages/airflow/example_dags/example_external_task_marker_dag.py took 0.037 seconds
[2024-11-11T02:26:40.675+0000] {processor.py:186} INFO - Started process (PID=318) to work on /home/airflow/.local/lib/python3.12/site-packages/airflow/example_dags/example_external_task_marker_dag.py
[2024-11-11T02:26:40.675+0000] {processor.py:914} INFO - Processing file /home/airflow/.local/lib/python3.12/site-packages/airflow/example_dags/example_external_task_marker_dag.py for tasks to queue
[2024-11-11T02:26:40.677+0000] {logging_mixin.py:190} INFO - [2024-11-11T02:26:40.676+0000] {dagbag.py:588} INFO - Filling up the DagBag from /home/airflow/.local/lib/python3.12/site-packages/airflow/example_dags/example_external_task_marker_dag.py
[2024-11-11T02:26:40.681+0000] {processor.py:925} INFO - DAG(s) 'example_external_task_marker_parent', 'example_external_task_marker_child' retrieved from /home/airflow/.local/lib/python3.12/site-packages/airflow/example_dags/example_external_task_marker_dag.py
[2024-11-11T02:26:40.692+0000] {logging_mixin.py:190} INFO - [2024-11-11T02:26:40.692+0000] {dag.py:3239} INFO - Sync 2 DAGs
[2024-11-11T02:26:40.699+0000] {logging_mixin.py:190} INFO - [2024-11-11T02:26:40.699+0000] {dag.py:4180} INFO - Setting next_dagrun for example_external_task_marker_child to None, run_after=None
[2024-11-11T02:26:40.701+0000] {logging_mixin.py:190} INFO - [2024-11-11T02:26:40.701+0000] {dag.py:4180} INFO - Setting next_dagrun for example_external_task_marker_parent to None, run_after=None
[2024-11-11T02:26:40.708+0000] {processor.py:208} INFO - Processing /home/airflow/.local/lib/python3.12/site-packages/airflow/example_dags/example_external_task_marker_dag.py took 0.037 seconds
[2024-11-11T02:27:11.267+0000] {processor.py:186} INFO - Started process (PID=381) to work on /home/airflow/.local/lib/python3.12/site-packages/airflow/example_dags/example_external_task_marker_dag.py
[2024-11-11T02:27:11.267+0000] {processor.py:914} INFO - Processing file /home/airflow/.local/lib/python3.12/site-packages/airflow/example_dags/example_external_task_marker_dag.py for tasks to queue
[2024-11-11T02:27:11.268+0000] {logging_mixin.py:190} INFO - [2024-11-11T02:27:11.268+0000] {dagbag.py:588} INFO - Filling up the DagBag from /home/airflow/.local/lib/python3.12/site-packages/airflow/example_dags/example_external_task_marker_dag.py
[2024-11-11T02:27:11.273+0000] {processor.py:925} INFO - DAG(s) 'example_external_task_marker_parent', 'example_external_task_marker_child' retrieved from /home/airflow/.local/lib/python3.12/site-packages/airflow/example_dags/example_external_task_marker_dag.py
[2024-11-11T02:27:11.284+0000] {logging_mixin.py:190} INFO - [2024-11-11T02:27:11.284+0000] {dag.py:3239} INFO - Sync 2 DAGs
[2024-11-11T02:27:11.291+0000] {logging_mixin.py:190} INFO - [2024-11-11T02:27:11.291+0000] {dag.py:4180} INFO - Setting next_dagrun for example_external_task_marker_child to None, run_after=None
[2024-11-11T02:27:11.293+0000] {logging_mixin.py:190} INFO - [2024-11-11T02:27:11.292+0000] {dag.py:4180} INFO - Setting next_dagrun for example_external_task_marker_parent to None, run_after=None
[2024-11-11T02:27:11.300+0000] {processor.py:208} INFO - Processing /home/airflow/.local/lib/python3.12/site-packages/airflow/example_dags/example_external_task_marker_dag.py took 0.036 seconds
[2024-11-11T02:27:41.868+0000] {processor.py:186} INFO - Started process (PID=444) to work on /home/airflow/.local/lib/python3.12/site-packages/airflow/example_dags/example_external_task_marker_dag.py
[2024-11-11T02:27:41.869+0000] {processor.py:914} INFO - Processing file /home/airflow/.local/lib/python3.12/site-packages/airflow/example_dags/example_external_task_marker_dag.py for tasks to queue
[2024-11-11T02:27:41.870+0000] {logging_mixin.py:190} INFO - [2024-11-11T02:27:41.870+0000] {dagbag.py:588} INFO - Filling up the DagBag from /home/airflow/.local/lib/python3.12/site-packages/airflow/example_dags/example_external_task_marker_dag.py
[2024-11-11T02:27:41.874+0000] {processor.py:925} INFO - DAG(s) 'example_external_task_marker_child', 'example_external_task_marker_parent' retrieved from /home/airflow/.local/lib/python3.12/site-packages/airflow/example_dags/example_external_task_marker_dag.py
[2024-11-11T02:27:41.885+0000] {logging_mixin.py:190} INFO - [2024-11-11T02:27:41.885+0000] {dag.py:3239} INFO - Sync 2 DAGs
[2024-11-11T02:27:41.892+0000] {logging_mixin.py:190} INFO - [2024-11-11T02:27:41.892+0000] {dag.py:4180} INFO - Setting next_dagrun for example_external_task_marker_child to None, run_after=None
[2024-11-11T02:27:41.894+0000] {logging_mixin.py:190} INFO - [2024-11-11T02:27:41.894+0000] {dag.py:4180} INFO - Setting next_dagrun for example_external_task_marker_parent to None, run_after=None
[2024-11-11T02:27:41.901+0000] {processor.py:208} INFO - Processing /home/airflow/.local/lib/python3.12/site-packages/airflow/example_dags/example_external_task_marker_dag.py took 0.036 seconds
[2024-11-11T02:28:12.514+0000] {processor.py:186} INFO - Started process (PID=507) to work on /home/airflow/.local/lib/python3.12/site-packages/airflow/example_dags/example_external_task_marker_dag.py
[2024-11-11T02:28:12.515+0000] {processor.py:914} INFO - Processing file /home/airflow/.local/lib/python3.12/site-packages/airflow/example_dags/example_external_task_marker_dag.py for tasks to queue
[2024-11-11T02:28:12.516+0000] {logging_mixin.py:190} INFO - [2024-11-11T02:28:12.516+0000] {dagbag.py:588} INFO - Filling up the DagBag from /home/airflow/.local/lib/python3.12/site-packages/airflow/example_dags/example_external_task_marker_dag.py
[2024-11-11T02:28:12.520+0000] {processor.py:925} INFO - DAG(s) 'example_external_task_marker_child', 'example_external_task_marker_parent' retrieved from /home/airflow/.local/lib/python3.12/site-packages/airflow/example_dags/example_external_task_marker_dag.py
[2024-11-11T02:28:12.532+0000] {logging_mixin.py:190} INFO - [2024-11-11T02:28:12.531+0000] {dag.py:3239} INFO - Sync 2 DAGs
[2024-11-11T02:28:12.539+0000] {logging_mixin.py:190} INFO - [2024-11-11T02:28:12.538+0000] {dag.py:4180} INFO - Setting next_dagrun for example_external_task_marker_child to None, run_after=None
[2024-11-11T02:28:12.540+0000] {logging_mixin.py:190} INFO - [2024-11-11T02:28:12.540+0000] {dag.py:4180} INFO - Setting next_dagrun for example_external_task_marker_parent to None, run_after=None
[2024-11-11T02:28:12.548+0000] {processor.py:208} INFO - Processing /home/airflow/.local/lib/python3.12/site-packages/airflow/example_dags/example_external_task_marker_dag.py took 0.037 seconds
[2024-11-11T02:28:43.143+0000] {processor.py:186} INFO - Started process (PID=570) to work on /home/airflow/.local/lib/python3.12/site-packages/airflow/example_dags/example_external_task_marker_dag.py
[2024-11-11T02:28:43.144+0000] {processor.py:914} INFO - Processing file /home/airflow/.local/lib/python3.12/site-packages/airflow/example_dags/example_external_task_marker_dag.py for tasks to queue
[2024-11-11T02:28:43.146+0000] {logging_mixin.py:190} INFO - [2024-11-11T02:28:43.145+0000] {dagbag.py:588} INFO - Filling up the DagBag from /home/airflow/.local/lib/python3.12/site-packages/airflow/example_dags/example_external_task_marker_dag.py
[2024-11-11T02:28:43.151+0000] {processor.py:925} INFO - DAG(s) 'example_external_task_marker_child', 'example_external_task_marker_parent' retrieved from /home/airflow/.local/lib/python3.12/site-packages/airflow/example_dags/example_external_task_marker_dag.py
[2024-11-11T02:28:43.163+0000] {logging_mixin.py:190} INFO - [2024-11-11T02:28:43.162+0000] {dag.py:3239} INFO - Sync 2 DAGs
[2024-11-11T02:28:43.170+0000] {logging_mixin.py:190} INFO - [2024-11-11T02:28:43.170+0000] {dag.py:4180} INFO - Setting next_dagrun for example_external_task_marker_child to None, run_after=None
[2024-11-11T02:28:43.172+0000] {logging_mixin.py:190} INFO - [2024-11-11T02:28:43.172+0000] {dag.py:4180} INFO - Setting next_dagrun for example_external_task_marker_parent to None, run_after=None
[2024-11-11T02:28:43.179+0000] {processor.py:208} INFO - Processing /home/airflow/.local/lib/python3.12/site-packages/airflow/example_dags/example_external_task_marker_dag.py took 0.040 seconds
[2024-11-11T02:29:13.753+0000] {processor.py:186} INFO - Started process (PID=633) to work on /home/airflow/.local/lib/python3.12/site-packages/airflow/example_dags/example_external_task_marker_dag.py
[2024-11-11T02:29:13.753+0000] {processor.py:914} INFO - Processing file /home/airflow/.local/lib/python3.12/site-packages/airflow/example_dags/example_external_task_marker_dag.py for tasks to queue
[2024-11-11T02:29:13.755+0000] {logging_mixin.py:190} INFO - [2024-11-11T02:29:13.754+0000] {dagbag.py:588} INFO - Filling up the DagBag from /home/airflow/.local/lib/python3.12/site-packages/airflow/example_dags/example_external_task_marker_dag.py
[2024-11-11T02:29:13.759+0000] {processor.py:925} INFO - DAG(s) 'example_external_task_marker_child', 'example_external_task_marker_parent' retrieved from /home/airflow/.local/lib/python3.12/site-packages/airflow/example_dags/example_external_task_marker_dag.py
[2024-11-11T02:29:13.770+0000] {logging_mixin.py:190} INFO - [2024-11-11T02:29:13.770+0000] {dag.py:3239} INFO - Sync 2 DAGs
[2024-11-11T02:29:13.777+0000] {logging_mixin.py:190} INFO - [2024-11-11T02:29:13.777+0000] {dag.py:4180} INFO - Setting next_dagrun for example_external_task_marker_child to None, run_after=None
[2024-11-11T02:29:13.779+0000] {logging_mixin.py:190} INFO - [2024-11-11T02:29:13.779+0000] {dag.py:4180} INFO - Setting next_dagrun for example_external_task_marker_parent to None, run_after=None
[2024-11-11T02:29:13.786+0000] {processor.py:208} INFO - Processing /home/airflow/.local/lib/python3.12/site-packages/airflow/example_dags/example_external_task_marker_dag.py took 0.037 seconds
[2024-11-11T02:29:44.565+0000] {processor.py:186} INFO - Started process (PID=696) to work on /home/airflow/.local/lib/python3.12/site-packages/airflow/example_dags/example_external_task_marker_dag.py
[2024-11-11T02:29:44.566+0000] {processor.py:914} INFO - Processing file /home/airflow/.local/lib/python3.12/site-packages/airflow/example_dags/example_external_task_marker_dag.py for tasks to queue
[2024-11-11T02:29:44.567+0000] {logging_mixin.py:190} INFO - [2024-11-11T02:29:44.567+0000] {dagbag.py:588} INFO - Filling up the DagBag from /home/airflow/.local/lib/python3.12/site-packages/airflow/example_dags/example_external_task_marker_dag.py
[2024-11-11T02:29:44.572+0000] {processor.py:925} INFO - DAG(s) 'example_external_task_marker_parent', 'example_external_task_marker_child' retrieved from /home/airflow/.local/lib/python3.12/site-packages/airflow/example_dags/example_external_task_marker_dag.py
[2024-11-11T02:29:44.584+0000] {logging_mixin.py:190} INFO - [2024-11-11T02:29:44.584+0000] {dag.py:3239} INFO - Sync 2 DAGs
[2024-11-11T02:29:44.592+0000] {logging_mixin.py:190} INFO - [2024-11-11T02:29:44.591+0000] {dag.py:4180} INFO - Setting next_dagrun for example_external_task_marker_child to None, run_after=None
[2024-11-11T02:29:44.594+0000] {logging_mixin.py:190} INFO - [2024-11-11T02:29:44.594+0000] {dag.py:4180} INFO - Setting next_dagrun for example_external_task_marker_parent to None, run_after=None
[2024-11-11T02:29:44.602+0000] {processor.py:208} INFO - Processing /home/airflow/.local/lib/python3.12/site-packages/airflow/example_dags/example_external_task_marker_dag.py took 0.040 seconds
[2024-11-11T02:30:15.195+0000] {processor.py:186} INFO - Started process (PID=758) to work on /home/airflow/.local/lib/python3.12/site-packages/airflow/example_dags/example_external_task_marker_dag.py
[2024-11-11T02:30:15.195+0000] {processor.py:914} INFO - Processing file /home/airflow/.local/lib/python3.12/site-packages/airflow/example_dags/example_external_task_marker_dag.py for tasks to queue
[2024-11-11T02:30:15.196+0000] {logging_mixin.py:190} INFO - [2024-11-11T02:30:15.196+0000] {dagbag.py:588} INFO - Filling up the DagBag from /home/airflow/.local/lib/python3.12/site-packages/airflow/example_dags/example_external_task_marker_dag.py
[2024-11-11T02:30:15.201+0000] {processor.py:925} INFO - DAG(s) 'example_external_task_marker_child', 'example_external_task_marker_parent' retrieved from /home/airflow/.local/lib/python3.12/site-packages/airflow/example_dags/example_external_task_marker_dag.py
[2024-11-11T02:30:15.212+0000] {logging_mixin.py:190} INFO - [2024-11-11T02:30:15.212+0000] {dag.py:3239} INFO - Sync 2 DAGs
[2024-11-11T02:30:15.219+0000] {logging_mixin.py:190} INFO - [2024-11-11T02:30:15.219+0000] {dag.py:4180} INFO - Setting next_dagrun for example_external_task_marker_child to None, run_after=None
[2024-11-11T02:30:15.221+0000] {logging_mixin.py:190} INFO - [2024-11-11T02:30:15.221+0000] {dag.py:4180} INFO - Setting next_dagrun for example_external_task_marker_parent to None, run_after=None
[2024-11-11T02:30:15.228+0000] {processor.py:208} INFO - Processing /home/airflow/.local/lib/python3.12/site-packages/airflow/example_dags/example_external_task_marker_dag.py took 0.037 seconds
[2024-11-11T02:30:45.948+0000] {processor.py:186} INFO - Started process (PID=821) to work on /home/airflow/.local/lib/python3.12/site-packages/airflow/example_dags/example_external_task_marker_dag.py
[2024-11-11T02:30:45.949+0000] {processor.py:914} INFO - Processing file /home/airflow/.local/lib/python3.12/site-packages/airflow/example_dags/example_external_task_marker_dag.py for tasks to queue
[2024-11-11T02:30:45.951+0000] {logging_mixin.py:190} INFO - [2024-11-11T02:30:45.951+0000] {dagbag.py:588} INFO - Filling up the DagBag from /home/airflow/.local/lib/python3.12/site-packages/airflow/example_dags/example_external_task_marker_dag.py
[2024-11-11T02:30:45.956+0000] {processor.py:925} INFO - DAG(s) 'example_external_task_marker_parent', 'example_external_task_marker_child' retrieved from /home/airflow/.local/lib/python3.12/site-packages/airflow/example_dags/example_external_task_marker_dag.py
[2024-11-11T02:30:45.968+0000] {logging_mixin.py:190} INFO - [2024-11-11T02:30:45.967+0000] {dag.py:3239} INFO - Sync 2 DAGs
[2024-11-11T02:30:45.975+0000] {logging_mixin.py:190} INFO - [2024-11-11T02:30:45.975+0000] {dag.py:4180} INFO - Setting next_dagrun for example_external_task_marker_child to None, run_after=None
[2024-11-11T02:30:45.977+0000] {logging_mixin.py:190} INFO - [2024-11-11T02:30:45.977+0000] {dag.py:4180} INFO - Setting next_dagrun for example_external_task_marker_parent to None, run_after=None
[2024-11-11T02:30:45.984+0000] {processor.py:208} INFO - Processing /home/airflow/.local/lib/python3.12/site-packages/airflow/example_dags/example_external_task_marker_dag.py took 0.040 seconds
[2024-11-11T02:31:16.433+0000] {processor.py:186} INFO - Started process (PID=893) to work on /home/airflow/.local/lib/python3.12/site-packages/airflow/example_dags/example_external_task_marker_dag.py
[2024-11-11T02:31:16.434+0000] {processor.py:914} INFO - Processing file /home/airflow/.local/lib/python3.12/site-packages/airflow/example_dags/example_external_task_marker_dag.py for tasks to queue
[2024-11-11T02:31:16.436+0000] {logging_mixin.py:190} INFO - [2024-11-11T02:31:16.436+0000] {dagbag.py:588} INFO - Filling up the DagBag from /home/airflow/.local/lib/python3.12/site-packages/airflow/example_dags/example_external_task_marker_dag.py
[2024-11-11T02:31:16.442+0000] {processor.py:925} INFO - DAG(s) 'example_external_task_marker_child', 'example_external_task_marker_parent' retrieved from /home/airflow/.local/lib/python3.12/site-packages/airflow/example_dags/example_external_task_marker_dag.py
[2024-11-11T02:31:16.453+0000] {logging_mixin.py:190} INFO - [2024-11-11T02:31:16.453+0000] {dag.py:3239} INFO - Sync 2 DAGs
[2024-11-11T02:31:16.461+0000] {logging_mixin.py:190} INFO - [2024-11-11T02:31:16.460+0000] {dag.py:4180} INFO - Setting next_dagrun for example_external_task_marker_child to None, run_after=None
[2024-11-11T02:31:16.463+0000] {logging_mixin.py:190} INFO - [2024-11-11T02:31:16.463+0000] {dag.py:4180} INFO - Setting next_dagrun for example_external_task_marker_parent to None, run_after=None
[2024-11-11T02:31:16.470+0000] {processor.py:208} INFO - Processing /home/airflow/.local/lib/python3.12/site-packages/airflow/example_dags/example_external_task_marker_dag.py took 0.041 seconds
[2024-11-11T02:31:47.148+0000] {processor.py:186} INFO - Started process (PID=956) to work on /home/airflow/.local/lib/python3.12/site-packages/airflow/example_dags/example_external_task_marker_dag.py
[2024-11-11T02:31:47.148+0000] {processor.py:914} INFO - Processing file /home/airflow/.local/lib/python3.12/site-packages/airflow/example_dags/example_external_task_marker_dag.py for tasks to queue
[2024-11-11T02:31:47.150+0000] {logging_mixin.py:190} INFO - [2024-11-11T02:31:47.150+0000] {dagbag.py:588} INFO - Filling up the DagBag from /home/airflow/.local/lib/python3.12/site-packages/airflow/example_dags/example_external_task_marker_dag.py
[2024-11-11T02:31:47.155+0000] {processor.py:925} INFO - DAG(s) 'example_external_task_marker_child', 'example_external_task_marker_parent' retrieved from /home/airflow/.local/lib/python3.12/site-packages/airflow/example_dags/example_external_task_marker_dag.py
[2024-11-11T02:31:47.167+0000] {logging_mixin.py:190} INFO - [2024-11-11T02:31:47.166+0000] {dag.py:3239} INFO - Sync 2 DAGs
[2024-11-11T02:31:47.174+0000] {logging_mixin.py:190} INFO - [2024-11-11T02:31:47.173+0000] {dag.py:4180} INFO - Setting next_dagrun for example_external_task_marker_child to None, run_after=None
[2024-11-11T02:31:47.176+0000] {logging_mixin.py:190} INFO - [2024-11-11T02:31:47.175+0000] {dag.py:4180} INFO - Setting next_dagrun for example_external_task_marker_parent to None, run_after=None
[2024-11-11T02:31:47.183+0000] {processor.py:208} INFO - Processing /home/airflow/.local/lib/python3.12/site-packages/airflow/example_dags/example_external_task_marker_dag.py took 0.039 seconds
[2024-11-11T02:32:17.760+0000] {processor.py:186} INFO - Started process (PID=1018) to work on /home/airflow/.local/lib/python3.12/site-packages/airflow/example_dags/example_external_task_marker_dag.py
[2024-11-11T02:32:17.761+0000] {processor.py:914} INFO - Processing file /home/airflow/.local/lib/python3.12/site-packages/airflow/example_dags/example_external_task_marker_dag.py for tasks to queue
[2024-11-11T02:32:17.762+0000] {logging_mixin.py:190} INFO - [2024-11-11T02:32:17.762+0000] {dagbag.py:588} INFO - Filling up the DagBag from /home/airflow/.local/lib/python3.12/site-packages/airflow/example_dags/example_external_task_marker_dag.py
[2024-11-11T02:32:17.767+0000] {processor.py:925} INFO - DAG(s) 'example_external_task_marker_child', 'example_external_task_marker_parent' retrieved from /home/airflow/.local/lib/python3.12/site-packages/airflow/example_dags/example_external_task_marker_dag.py
[2024-11-11T02:32:17.779+0000] {logging_mixin.py:190} INFO - [2024-11-11T02:32:17.779+0000] {dag.py:3239} INFO - Sync 2 DAGs
[2024-11-11T02:32:17.786+0000] {logging_mixin.py:190} INFO - [2024-11-11T02:32:17.786+0000] {dag.py:4180} INFO - Setting next_dagrun for example_external_task_marker_child to None, run_after=None
[2024-11-11T02:32:17.788+0000] {logging_mixin.py:190} INFO - [2024-11-11T02:32:17.788+0000] {dag.py:4180} INFO - Setting next_dagrun for example_external_task_marker_parent to None, run_after=None
[2024-11-11T02:32:17.795+0000] {processor.py:208} INFO - Processing /home/airflow/.local/lib/python3.12/site-packages/airflow/example_dags/example_external_task_marker_dag.py took 0.038 seconds
[2024-11-11T02:32:48.471+0000] {processor.py:186} INFO - Started process (PID=1080) to work on /home/airflow/.local/lib/python3.12/site-packages/airflow/example_dags/example_external_task_marker_dag.py
[2024-11-11T02:32:48.472+0000] {processor.py:914} INFO - Processing file /home/airflow/.local/lib/python3.12/site-packages/airflow/example_dags/example_external_task_marker_dag.py for tasks to queue
[2024-11-11T02:32:48.473+0000] {logging_mixin.py:190} INFO - [2024-11-11T02:32:48.473+0000] {dagbag.py:588} INFO - Filling up the DagBag from /home/airflow/.local/lib/python3.12/site-packages/airflow/example_dags/example_external_task_marker_dag.py
[2024-11-11T02:32:48.478+0000] {processor.py:925} INFO - DAG(s) 'example_external_task_marker_parent', 'example_external_task_marker_child' retrieved from /home/airflow/.local/lib/python3.12/site-packages/airflow/example_dags/example_external_task_marker_dag.py
[2024-11-11T02:32:48.490+0000] {logging_mixin.py:190} INFO - [2024-11-11T02:32:48.489+0000] {dag.py:3239} INFO - Sync 2 DAGs
[2024-11-11T02:32:48.497+0000] {logging_mixin.py:190} INFO - [2024-11-11T02:32:48.496+0000] {dag.py:4180} INFO - Setting next_dagrun for example_external_task_marker_child to None, run_after=None
[2024-11-11T02:32:48.499+0000] {logging_mixin.py:190} INFO - [2024-11-11T02:32:48.498+0000] {dag.py:4180} INFO - Setting next_dagrun for example_external_task_marker_parent to None, run_after=None
[2024-11-11T02:32:48.506+0000] {processor.py:208} INFO - Processing /home/airflow/.local/lib/python3.12/site-packages/airflow/example_dags/example_external_task_marker_dag.py took 0.038 seconds
[2024-11-11T02:33:19.125+0000] {processor.py:186} INFO - Started process (PID=1143) to work on /home/airflow/.local/lib/python3.12/site-packages/airflow/example_dags/example_external_task_marker_dag.py
[2024-11-11T02:33:19.126+0000] {processor.py:914} INFO - Processing file /home/airflow/.local/lib/python3.12/site-packages/airflow/example_dags/example_external_task_marker_dag.py for tasks to queue
[2024-11-11T02:33:19.127+0000] {logging_mixin.py:190} INFO - [2024-11-11T02:33:19.127+0000] {dagbag.py:588} INFO - Filling up the DagBag from /home/airflow/.local/lib/python3.12/site-packages/airflow/example_dags/example_external_task_marker_dag.py
[2024-11-11T02:33:19.132+0000] {processor.py:925} INFO - DAG(s) 'example_external_task_marker_parent', 'example_external_task_marker_child' retrieved from /home/airflow/.local/lib/python3.12/site-packages/airflow/example_dags/example_external_task_marker_dag.py
[2024-11-11T02:33:19.145+0000] {logging_mixin.py:190} INFO - [2024-11-11T02:33:19.145+0000] {dag.py:3239} INFO - Sync 2 DAGs
[2024-11-11T02:33:19.153+0000] {logging_mixin.py:190} INFO - [2024-11-11T02:33:19.153+0000] {dag.py:4180} INFO - Setting next_dagrun for example_external_task_marker_child to None, run_after=None
[2024-11-11T02:33:19.155+0000] {logging_mixin.py:190} INFO - [2024-11-11T02:33:19.155+0000] {dag.py:4180} INFO - Setting next_dagrun for example_external_task_marker_parent to None, run_after=None
[2024-11-11T02:33:19.163+0000] {processor.py:208} INFO - Processing /home/airflow/.local/lib/python3.12/site-packages/airflow/example_dags/example_external_task_marker_dag.py took 0.042 seconds
[2024-11-11T02:33:49.877+0000] {processor.py:186} INFO - Started process (PID=1206) to work on /home/airflow/.local/lib/python3.12/site-packages/airflow/example_dags/example_external_task_marker_dag.py
[2024-11-11T02:33:49.878+0000] {processor.py:914} INFO - Processing file /home/airflow/.local/lib/python3.12/site-packages/airflow/example_dags/example_external_task_marker_dag.py for tasks to queue
[2024-11-11T02:33:49.880+0000] {logging_mixin.py:190} INFO - [2024-11-11T02:33:49.879+0000] {dagbag.py:588} INFO - Filling up the DagBag from /home/airflow/.local/lib/python3.12/site-packages/airflow/example_dags/example_external_task_marker_dag.py
[2024-11-11T02:33:49.885+0000] {processor.py:925} INFO - DAG(s) 'example_external_task_marker_parent', 'example_external_task_marker_child' retrieved from /home/airflow/.local/lib/python3.12/site-packages/airflow/example_dags/example_external_task_marker_dag.py
[2024-11-11T02:33:49.897+0000] {logging_mixin.py:190} INFO - [2024-11-11T02:33:49.896+0000] {dag.py:3239} INFO - Sync 2 DAGs
[2024-11-11T02:33:49.904+0000] {logging_mixin.py:190} INFO - [2024-11-11T02:33:49.904+0000] {dag.py:4180} INFO - Setting next_dagrun for example_external_task_marker_child to None, run_after=None
[2024-11-11T02:33:49.906+0000] {logging_mixin.py:190} INFO - [2024-11-11T02:33:49.906+0000] {dag.py:4180} INFO - Setting next_dagrun for example_external_task_marker_parent to None, run_after=None
[2024-11-11T02:33:49.913+0000] {processor.py:208} INFO - Processing /home/airflow/.local/lib/python3.12/site-packages/airflow/example_dags/example_external_task_marker_dag.py took 0.039 seconds
[2024-11-11T02:34:20.419+0000] {processor.py:186} INFO - Started process (PID=1269) to work on /home/airflow/.local/lib/python3.12/site-packages/airflow/example_dags/example_external_task_marker_dag.py
[2024-11-11T02:34:20.420+0000] {processor.py:914} INFO - Processing file /home/airflow/.local/lib/python3.12/site-packages/airflow/example_dags/example_external_task_marker_dag.py for tasks to queue
[2024-11-11T02:34:20.422+0000] {logging_mixin.py:190} INFO - [2024-11-11T02:34:20.422+0000] {dagbag.py:588} INFO - Filling up the DagBag from /home/airflow/.local/lib/python3.12/site-packages/airflow/example_dags/example_external_task_marker_dag.py
[2024-11-11T02:34:20.426+0000] {processor.py:925} INFO - DAG(s) 'example_external_task_marker_parent', 'example_external_task_marker_child' retrieved from /home/airflow/.local/lib/python3.12/site-packages/airflow/example_dags/example_external_task_marker_dag.py
[2024-11-11T02:34:20.439+0000] {logging_mixin.py:190} INFO - [2024-11-11T02:34:20.438+0000] {dag.py:3239} INFO - Sync 2 DAGs
[2024-11-11T02:34:20.446+0000] {logging_mixin.py:190} INFO - [2024-11-11T02:34:20.446+0000] {dag.py:4180} INFO - Setting next_dagrun for example_external_task_marker_child to None, run_after=None
[2024-11-11T02:34:20.448+0000] {logging_mixin.py:190} INFO - [2024-11-11T02:34:20.448+0000] {dag.py:4180} INFO - Setting next_dagrun for example_external_task_marker_parent to None, run_after=None
[2024-11-11T02:34:20.455+0000] {processor.py:208} INFO - Processing /home/airflow/.local/lib/python3.12/site-packages/airflow/example_dags/example_external_task_marker_dag.py took 0.040 seconds
[2024-11-11T02:34:51.185+0000] {processor.py:186} INFO - Started process (PID=1332) to work on /home/airflow/.local/lib/python3.12/site-packages/airflow/example_dags/example_external_task_marker_dag.py
[2024-11-11T02:34:51.186+0000] {processor.py:914} INFO - Processing file /home/airflow/.local/lib/python3.12/site-packages/airflow/example_dags/example_external_task_marker_dag.py for tasks to queue
[2024-11-11T02:34:51.187+0000] {logging_mixin.py:190} INFO - [2024-11-11T02:34:51.187+0000] {dagbag.py:588} INFO - Filling up the DagBag from /home/airflow/.local/lib/python3.12/site-packages/airflow/example_dags/example_external_task_marker_dag.py
[2024-11-11T02:34:51.192+0000] {processor.py:925} INFO - DAG(s) 'example_external_task_marker_parent', 'example_external_task_marker_child' retrieved from /home/airflow/.local/lib/python3.12/site-packages/airflow/example_dags/example_external_task_marker_dag.py
[2024-11-11T02:34:51.204+0000] {logging_mixin.py:190} INFO - [2024-11-11T02:34:51.204+0000] {dag.py:3239} INFO - Sync 2 DAGs
[2024-11-11T02:34:51.211+0000] {logging_mixin.py:190} INFO - [2024-11-11T02:34:51.211+0000] {dag.py:4180} INFO - Setting next_dagrun for example_external_task_marker_child to None, run_after=None
[2024-11-11T02:34:51.213+0000] {logging_mixin.py:190} INFO - [2024-11-11T02:34:51.213+0000] {dag.py:4180} INFO - Setting next_dagrun for example_external_task_marker_parent to None, run_after=None
[2024-11-11T02:34:51.221+0000] {processor.py:208} INFO - Processing /home/airflow/.local/lib/python3.12/site-packages/airflow/example_dags/example_external_task_marker_dag.py took 0.040 seconds
[2024-11-11T02:35:22.150+0000] {processor.py:186} INFO - Started process (PID=1395) to work on /home/airflow/.local/lib/python3.12/site-packages/airflow/example_dags/example_external_task_marker_dag.py
[2024-11-11T02:35:22.151+0000] {processor.py:914} INFO - Processing file /home/airflow/.local/lib/python3.12/site-packages/airflow/example_dags/example_external_task_marker_dag.py for tasks to queue
[2024-11-11T02:35:22.153+0000] {logging_mixin.py:190} INFO - [2024-11-11T02:35:22.152+0000] {dagbag.py:588} INFO - Filling up the DagBag from /home/airflow/.local/lib/python3.12/site-packages/airflow/example_dags/example_external_task_marker_dag.py
[2024-11-11T02:35:22.157+0000] {processor.py:925} INFO - DAG(s) 'example_external_task_marker_parent', 'example_external_task_marker_child' retrieved from /home/airflow/.local/lib/python3.12/site-packages/airflow/example_dags/example_external_task_marker_dag.py
[2024-11-11T02:35:22.171+0000] {logging_mixin.py:190} INFO - [2024-11-11T02:35:22.171+0000] {dag.py:3239} INFO - Sync 2 DAGs
[2024-11-11T02:35:22.180+0000] {logging_mixin.py:190} INFO - [2024-11-11T02:35:22.179+0000] {dag.py:4180} INFO - Setting next_dagrun for example_external_task_marker_child to None, run_after=None
[2024-11-11T02:35:22.182+0000] {logging_mixin.py:190} INFO - [2024-11-11T02:35:22.182+0000] {dag.py:4180} INFO - Setting next_dagrun for example_external_task_marker_parent to None, run_after=None
[2024-11-11T02:35:22.192+0000] {processor.py:208} INFO - Processing /home/airflow/.local/lib/python3.12/site-packages/airflow/example_dags/example_external_task_marker_dag.py took 0.045 seconds
[2024-11-11T02:35:52.843+0000] {processor.py:186} INFO - Started process (PID=1458) to work on /home/airflow/.local/lib/python3.12/site-packages/airflow/example_dags/example_external_task_marker_dag.py
[2024-11-11T02:35:52.844+0000] {processor.py:914} INFO - Processing file /home/airflow/.local/lib/python3.12/site-packages/airflow/example_dags/example_external_task_marker_dag.py for tasks to queue
[2024-11-11T02:35:52.846+0000] {logging_mixin.py:190} INFO - [2024-11-11T02:35:52.846+0000] {dagbag.py:588} INFO - Filling up the DagBag from /home/airflow/.local/lib/python3.12/site-packages/airflow/example_dags/example_external_task_marker_dag.py
[2024-11-11T02:35:52.851+0000] {processor.py:925} INFO - DAG(s) 'example_external_task_marker_child', 'example_external_task_marker_parent' retrieved from /home/airflow/.local/lib/python3.12/site-packages/airflow/example_dags/example_external_task_marker_dag.py
[2024-11-11T02:35:52.863+0000] {logging_mixin.py:190} INFO - [2024-11-11T02:35:52.863+0000] {dag.py:3239} INFO - Sync 2 DAGs
[2024-11-11T02:35:52.870+0000] {logging_mixin.py:190} INFO - [2024-11-11T02:35:52.870+0000] {dag.py:4180} INFO - Setting next_dagrun for example_external_task_marker_child to None, run_after=None
[2024-11-11T02:35:52.874+0000] {logging_mixin.py:190} INFO - [2024-11-11T02:35:52.874+0000] {dag.py:4180} INFO - Setting next_dagrun for example_external_task_marker_parent to None, run_after=None
[2024-11-11T02:35:52.883+0000] {processor.py:208} INFO - Processing /home/airflow/.local/lib/python3.12/site-packages/airflow/example_dags/example_external_task_marker_dag.py took 0.043 seconds
[2024-11-11T02:36:23.504+0000] {processor.py:186} INFO - Started process (PID=1521) to work on /home/airflow/.local/lib/python3.12/site-packages/airflow/example_dags/example_external_task_marker_dag.py
[2024-11-11T02:36:23.504+0000] {processor.py:914} INFO - Processing file /home/airflow/.local/lib/python3.12/site-packages/airflow/example_dags/example_external_task_marker_dag.py for tasks to queue
[2024-11-11T02:36:23.506+0000] {logging_mixin.py:190} INFO - [2024-11-11T02:36:23.506+0000] {dagbag.py:588} INFO - Filling up the DagBag from /home/airflow/.local/lib/python3.12/site-packages/airflow/example_dags/example_external_task_marker_dag.py
[2024-11-11T02:36:23.511+0000] {processor.py:925} INFO - DAG(s) 'example_external_task_marker_child', 'example_external_task_marker_parent' retrieved from /home/airflow/.local/lib/python3.12/site-packages/airflow/example_dags/example_external_task_marker_dag.py
[2024-11-11T02:36:23.524+0000] {logging_mixin.py:190} INFO - [2024-11-11T02:36:23.524+0000] {dag.py:3239} INFO - Sync 2 DAGs
[2024-11-11T02:36:23.532+0000] {logging_mixin.py:190} INFO - [2024-11-11T02:36:23.532+0000] {dag.py:4180} INFO - Setting next_dagrun for example_external_task_marker_child to None, run_after=None
[2024-11-11T02:36:23.534+0000] {logging_mixin.py:190} INFO - [2024-11-11T02:36:23.534+0000] {dag.py:4180} INFO - Setting next_dagrun for example_external_task_marker_parent to None, run_after=None
[2024-11-11T02:36:23.542+0000] {processor.py:208} INFO - Processing /home/airflow/.local/lib/python3.12/site-packages/airflow/example_dags/example_external_task_marker_dag.py took 0.042 seconds
[2024-11-11T02:36:54.233+0000] {processor.py:186} INFO - Started process (PID=1590) to work on /home/airflow/.local/lib/python3.12/site-packages/airflow/example_dags/example_external_task_marker_dag.py
[2024-11-11T02:36:54.233+0000] {processor.py:914} INFO - Processing file /home/airflow/.local/lib/python3.12/site-packages/airflow/example_dags/example_external_task_marker_dag.py for tasks to queue
[2024-11-11T02:36:54.235+0000] {logging_mixin.py:190} INFO - [2024-11-11T02:36:54.235+0000] {dagbag.py:588} INFO - Filling up the DagBag from /home/airflow/.local/lib/python3.12/site-packages/airflow/example_dags/example_external_task_marker_dag.py
[2024-11-11T02:36:54.239+0000] {processor.py:925} INFO - DAG(s) 'example_external_task_marker_parent', 'example_external_task_marker_child' retrieved from /home/airflow/.local/lib/python3.12/site-packages/airflow/example_dags/example_external_task_marker_dag.py
[2024-11-11T02:36:54.251+0000] {logging_mixin.py:190} INFO - [2024-11-11T02:36:54.251+0000] {dag.py:3239} INFO - Sync 2 DAGs
[2024-11-11T02:36:54.258+0000] {logging_mixin.py:190} INFO - [2024-11-11T02:36:54.258+0000] {dag.py:4180} INFO - Setting next_dagrun for example_external_task_marker_child to None, run_after=None
[2024-11-11T02:36:54.260+0000] {logging_mixin.py:190} INFO - [2024-11-11T02:36:54.260+0000] {dag.py:4180} INFO - Setting next_dagrun for example_external_task_marker_parent to None, run_after=None
[2024-11-11T02:36:54.267+0000] {processor.py:208} INFO - Processing /home/airflow/.local/lib/python3.12/site-packages/airflow/example_dags/example_external_task_marker_dag.py took 0.038 seconds
[2024-11-11T02:37:24.875+0000] {processor.py:186} INFO - Started process (PID=1653) to work on /home/airflow/.local/lib/python3.12/site-packages/airflow/example_dags/example_external_task_marker_dag.py
[2024-11-11T02:37:24.876+0000] {processor.py:914} INFO - Processing file /home/airflow/.local/lib/python3.12/site-packages/airflow/example_dags/example_external_task_marker_dag.py for tasks to queue
[2024-11-11T02:37:24.878+0000] {logging_mixin.py:190} INFO - [2024-11-11T02:37:24.877+0000] {dagbag.py:588} INFO - Filling up the DagBag from /home/airflow/.local/lib/python3.12/site-packages/airflow/example_dags/example_external_task_marker_dag.py
[2024-11-11T02:37:24.882+0000] {processor.py:925} INFO - DAG(s) 'example_external_task_marker_child', 'example_external_task_marker_parent' retrieved from /home/airflow/.local/lib/python3.12/site-packages/airflow/example_dags/example_external_task_marker_dag.py
[2024-11-11T02:37:24.894+0000] {logging_mixin.py:190} INFO - [2024-11-11T02:37:24.894+0000] {dag.py:3239} INFO - Sync 2 DAGs
[2024-11-11T02:37:24.901+0000] {logging_mixin.py:190} INFO - [2024-11-11T02:37:24.901+0000] {dag.py:4180} INFO - Setting next_dagrun for example_external_task_marker_child to None, run_after=None
[2024-11-11T02:37:24.903+0000] {logging_mixin.py:190} INFO - [2024-11-11T02:37:24.903+0000] {dag.py:4180} INFO - Setting next_dagrun for example_external_task_marker_parent to None, run_after=None
[2024-11-11T02:37:24.910+0000] {processor.py:208} INFO - Processing /home/airflow/.local/lib/python3.12/site-packages/airflow/example_dags/example_external_task_marker_dag.py took 0.038 seconds
[2024-11-11T02:37:55.516+0000] {processor.py:186} INFO - Started process (PID=1716) to work on /home/airflow/.local/lib/python3.12/site-packages/airflow/example_dags/example_external_task_marker_dag.py
[2024-11-11T02:37:55.516+0000] {processor.py:914} INFO - Processing file /home/airflow/.local/lib/python3.12/site-packages/airflow/example_dags/example_external_task_marker_dag.py for tasks to queue
[2024-11-11T02:37:55.518+0000] {logging_mixin.py:190} INFO - [2024-11-11T02:37:55.518+0000] {dagbag.py:588} INFO - Filling up the DagBag from /home/airflow/.local/lib/python3.12/site-packages/airflow/example_dags/example_external_task_marker_dag.py
[2024-11-11T02:37:55.523+0000] {processor.py:925} INFO - DAG(s) 'example_external_task_marker_child', 'example_external_task_marker_parent' retrieved from /home/airflow/.local/lib/python3.12/site-packages/airflow/example_dags/example_external_task_marker_dag.py
[2024-11-11T02:37:55.534+0000] {logging_mixin.py:190} INFO - [2024-11-11T02:37:55.534+0000] {dag.py:3239} INFO - Sync 2 DAGs
[2024-11-11T02:37:55.541+0000] {logging_mixin.py:190} INFO - [2024-11-11T02:37:55.541+0000] {dag.py:4180} INFO - Setting next_dagrun for example_external_task_marker_child to None, run_after=None
[2024-11-11T02:37:55.543+0000] {logging_mixin.py:190} INFO - [2024-11-11T02:37:55.543+0000] {dag.py:4180} INFO - Setting next_dagrun for example_external_task_marker_parent to None, run_after=None
[2024-11-11T02:37:55.550+0000] {processor.py:208} INFO - Processing /home/airflow/.local/lib/python3.12/site-packages/airflow/example_dags/example_external_task_marker_dag.py took 0.038 seconds
[2024-11-11T02:38:26.427+0000] {processor.py:186} INFO - Started process (PID=1779) to work on /home/airflow/.local/lib/python3.12/site-packages/airflow/example_dags/example_external_task_marker_dag.py
[2024-11-11T02:38:26.428+0000] {processor.py:914} INFO - Processing file /home/airflow/.local/lib/python3.12/site-packages/airflow/example_dags/example_external_task_marker_dag.py for tasks to queue
[2024-11-11T02:38:26.429+0000] {logging_mixin.py:190} INFO - [2024-11-11T02:38:26.429+0000] {dagbag.py:588} INFO - Filling up the DagBag from /home/airflow/.local/lib/python3.12/site-packages/airflow/example_dags/example_external_task_marker_dag.py
[2024-11-11T02:38:26.439+0000] {processor.py:925} INFO - DAG(s) 'example_external_task_marker_child', 'example_external_task_marker_parent' retrieved from /home/airflow/.local/lib/python3.12/site-packages/airflow/example_dags/example_external_task_marker_dag.py
[2024-11-11T02:38:26.459+0000] {logging_mixin.py:190} INFO - [2024-11-11T02:38:26.459+0000] {dag.py:3239} INFO - Sync 2 DAGs
[2024-11-11T02:38:26.467+0000] {logging_mixin.py:190} INFO - [2024-11-11T02:38:26.467+0000] {dag.py:4180} INFO - Setting next_dagrun for example_external_task_marker_child to None, run_after=None
[2024-11-11T02:38:26.469+0000] {logging_mixin.py:190} INFO - [2024-11-11T02:38:26.469+0000] {dag.py:4180} INFO - Setting next_dagrun for example_external_task_marker_parent to None, run_after=None
[2024-11-11T02:38:26.477+0000] {processor.py:208} INFO - Processing /home/airflow/.local/lib/python3.12/site-packages/airflow/example_dags/example_external_task_marker_dag.py took 0.054 seconds
[2024-11-11T02:38:57.153+0000] {processor.py:186} INFO - Started process (PID=1842) to work on /home/airflow/.local/lib/python3.12/site-packages/airflow/example_dags/example_external_task_marker_dag.py
[2024-11-11T02:38:57.154+0000] {processor.py:914} INFO - Processing file /home/airflow/.local/lib/python3.12/site-packages/airflow/example_dags/example_external_task_marker_dag.py for tasks to queue
[2024-11-11T02:38:57.155+0000] {logging_mixin.py:190} INFO - [2024-11-11T02:38:57.155+0000] {dagbag.py:588} INFO - Filling up the DagBag from /home/airflow/.local/lib/python3.12/site-packages/airflow/example_dags/example_external_task_marker_dag.py
[2024-11-11T02:38:57.160+0000] {processor.py:925} INFO - DAG(s) 'example_external_task_marker_parent', 'example_external_task_marker_child' retrieved from /home/airflow/.local/lib/python3.12/site-packages/airflow/example_dags/example_external_task_marker_dag.py
[2024-11-11T02:38:57.171+0000] {logging_mixin.py:190} INFO - [2024-11-11T02:38:57.171+0000] {dag.py:3239} INFO - Sync 2 DAGs
[2024-11-11T02:38:57.178+0000] {logging_mixin.py:190} INFO - [2024-11-11T02:38:57.178+0000] {dag.py:4180} INFO - Setting next_dagrun for example_external_task_marker_child to None, run_after=None
[2024-11-11T02:38:57.181+0000] {logging_mixin.py:190} INFO - [2024-11-11T02:38:57.181+0000] {dag.py:4180} INFO - Setting next_dagrun for example_external_task_marker_parent to None, run_after=None
[2024-11-11T02:38:57.188+0000] {processor.py:208} INFO - Processing /home/airflow/.local/lib/python3.12/site-packages/airflow/example_dags/example_external_task_marker_dag.py took 0.039 seconds
[2024-11-11T02:39:27.823+0000] {processor.py:186} INFO - Started process (PID=1905) to work on /home/airflow/.local/lib/python3.12/site-packages/airflow/example_dags/example_external_task_marker_dag.py
[2024-11-11T02:39:27.823+0000] {processor.py:914} INFO - Processing file /home/airflow/.local/lib/python3.12/site-packages/airflow/example_dags/example_external_task_marker_dag.py for tasks to queue
[2024-11-11T02:39:27.824+0000] {logging_mixin.py:190} INFO - [2024-11-11T02:39:27.824+0000] {dagbag.py:588} INFO - Filling up the DagBag from /home/airflow/.local/lib/python3.12/site-packages/airflow/example_dags/example_external_task_marker_dag.py
[2024-11-11T02:39:27.829+0000] {processor.py:925} INFO - DAG(s) 'example_external_task_marker_parent', 'example_external_task_marker_child' retrieved from /home/airflow/.local/lib/python3.12/site-packages/airflow/example_dags/example_external_task_marker_dag.py
[2024-11-11T02:39:27.840+0000] {logging_mixin.py:190} INFO - [2024-11-11T02:39:27.840+0000] {dag.py:3239} INFO - Sync 2 DAGs
[2024-11-11T02:39:27.847+0000] {logging_mixin.py:190} INFO - [2024-11-11T02:39:27.847+0000] {dag.py:4180} INFO - Setting next_dagrun for example_external_task_marker_child to None, run_after=None
[2024-11-11T02:39:27.849+0000] {logging_mixin.py:190} INFO - [2024-11-11T02:39:27.849+0000] {dag.py:4180} INFO - Setting next_dagrun for example_external_task_marker_parent to None, run_after=None
[2024-11-11T02:39:27.856+0000] {processor.py:208} INFO - Processing /home/airflow/.local/lib/python3.12/site-packages/airflow/example_dags/example_external_task_marker_dag.py took 0.037 seconds
[2024-11-11T02:39:58.565+0000] {processor.py:186} INFO - Started process (PID=1968) to work on /home/airflow/.local/lib/python3.12/site-packages/airflow/example_dags/example_external_task_marker_dag.py
[2024-11-11T02:39:58.566+0000] {processor.py:914} INFO - Processing file /home/airflow/.local/lib/python3.12/site-packages/airflow/example_dags/example_external_task_marker_dag.py for tasks to queue
[2024-11-11T02:39:58.567+0000] {logging_mixin.py:190} INFO - [2024-11-11T02:39:58.567+0000] {dagbag.py:588} INFO - Filling up the DagBag from /home/airflow/.local/lib/python3.12/site-packages/airflow/example_dags/example_external_task_marker_dag.py
[2024-11-11T02:39:58.572+0000] {processor.py:925} INFO - DAG(s) 'example_external_task_marker_child', 'example_external_task_marker_parent' retrieved from /home/airflow/.local/lib/python3.12/site-packages/airflow/example_dags/example_external_task_marker_dag.py
[2024-11-11T02:39:58.583+0000] {logging_mixin.py:190} INFO - [2024-11-11T02:39:58.582+0000] {dag.py:3239} INFO - Sync 2 DAGs
[2024-11-11T02:39:58.590+0000] {logging_mixin.py:190} INFO - [2024-11-11T02:39:58.590+0000] {dag.py:4180} INFO - Setting next_dagrun for example_external_task_marker_child to None, run_after=None
[2024-11-11T02:39:58.592+0000] {logging_mixin.py:190} INFO - [2024-11-11T02:39:58.592+0000] {dag.py:4180} INFO - Setting next_dagrun for example_external_task_marker_parent to None, run_after=None
[2024-11-11T02:39:58.599+0000] {processor.py:208} INFO - Processing /home/airflow/.local/lib/python3.12/site-packages/airflow/example_dags/example_external_task_marker_dag.py took 0.037 seconds
[2024-11-11T02:40:28.685+0000] {processor.py:186} INFO - Started process (PID=2030) to work on /home/airflow/.local/lib/python3.12/site-packages/airflow/example_dags/example_external_task_marker_dag.py
[2024-11-11T02:40:28.686+0000] {processor.py:914} INFO - Processing file /home/airflow/.local/lib/python3.12/site-packages/airflow/example_dags/example_external_task_marker_dag.py for tasks to queue
[2024-11-11T02:40:28.688+0000] {logging_mixin.py:190} INFO - [2024-11-11T02:40:28.688+0000] {dagbag.py:588} INFO - Filling up the DagBag from /home/airflow/.local/lib/python3.12/site-packages/airflow/example_dags/example_external_task_marker_dag.py
[2024-11-11T02:40:28.693+0000] {processor.py:925} INFO - DAG(s) 'example_external_task_marker_parent', 'example_external_task_marker_child' retrieved from /home/airflow/.local/lib/python3.12/site-packages/airflow/example_dags/example_external_task_marker_dag.py
[2024-11-11T02:40:28.705+0000] {logging_mixin.py:190} INFO - [2024-11-11T02:40:28.705+0000] {dag.py:3239} INFO - Sync 2 DAGs
[2024-11-11T02:40:28.712+0000] {logging_mixin.py:190} INFO - [2024-11-11T02:40:28.712+0000] {dag.py:4180} INFO - Setting next_dagrun for example_external_task_marker_child to None, run_after=None
[2024-11-11T02:40:28.713+0000] {logging_mixin.py:190} INFO - [2024-11-11T02:40:28.713+0000] {dag.py:4180} INFO - Setting next_dagrun for example_external_task_marker_parent to None, run_after=None
[2024-11-11T02:40:28.720+0000] {processor.py:208} INFO - Processing /home/airflow/.local/lib/python3.12/site-packages/airflow/example_dags/example_external_task_marker_dag.py took 0.038 seconds
[2024-11-11T02:40:59.551+0000] {processor.py:186} INFO - Started process (PID=2094) to work on /home/airflow/.local/lib/python3.12/site-packages/airflow/example_dags/example_external_task_marker_dag.py
[2024-11-11T02:40:59.552+0000] {processor.py:914} INFO - Processing file /home/airflow/.local/lib/python3.12/site-packages/airflow/example_dags/example_external_task_marker_dag.py for tasks to queue
[2024-11-11T02:40:59.554+0000] {logging_mixin.py:190} INFO - [2024-11-11T02:40:59.553+0000] {dagbag.py:588} INFO - Filling up the DagBag from /home/airflow/.local/lib/python3.12/site-packages/airflow/example_dags/example_external_task_marker_dag.py
[2024-11-11T02:40:59.558+0000] {processor.py:925} INFO - DAG(s) 'example_external_task_marker_child', 'example_external_task_marker_parent' retrieved from /home/airflow/.local/lib/python3.12/site-packages/airflow/example_dags/example_external_task_marker_dag.py
[2024-11-11T02:40:59.571+0000] {logging_mixin.py:190} INFO - [2024-11-11T02:40:59.571+0000] {dag.py:3239} INFO - Sync 2 DAGs
[2024-11-11T02:40:59.578+0000] {logging_mixin.py:190} INFO - [2024-11-11T02:40:59.578+0000] {dag.py:4180} INFO - Setting next_dagrun for example_external_task_marker_child to None, run_after=None
[2024-11-11T02:40:59.581+0000] {logging_mixin.py:190} INFO - [2024-11-11T02:40:59.581+0000] {dag.py:4180} INFO - Setting next_dagrun for example_external_task_marker_parent to None, run_after=None
[2024-11-11T02:40:59.589+0000] {processor.py:208} INFO - Processing /home/airflow/.local/lib/python3.12/site-packages/airflow/example_dags/example_external_task_marker_dag.py took 0.041 seconds
[2024-11-11T02:41:30.298+0000] {processor.py:186} INFO - Started process (PID=2157) to work on /home/airflow/.local/lib/python3.12/site-packages/airflow/example_dags/example_external_task_marker_dag.py
[2024-11-11T02:41:30.299+0000] {processor.py:914} INFO - Processing file /home/airflow/.local/lib/python3.12/site-packages/airflow/example_dags/example_external_task_marker_dag.py for tasks to queue
[2024-11-11T02:41:30.301+0000] {logging_mixin.py:190} INFO - [2024-11-11T02:41:30.300+0000] {dagbag.py:588} INFO - Filling up the DagBag from /home/airflow/.local/lib/python3.12/site-packages/airflow/example_dags/example_external_task_marker_dag.py
[2024-11-11T02:41:30.307+0000] {processor.py:925} INFO - DAG(s) 'example_external_task_marker_parent', 'example_external_task_marker_child' retrieved from /home/airflow/.local/lib/python3.12/site-packages/airflow/example_dags/example_external_task_marker_dag.py
[2024-11-11T02:41:30.321+0000] {logging_mixin.py:190} INFO - [2024-11-11T02:41:30.320+0000] {dag.py:3239} INFO - Sync 2 DAGs
[2024-11-11T02:41:30.329+0000] {logging_mixin.py:190} INFO - [2024-11-11T02:41:30.329+0000] {dag.py:4180} INFO - Setting next_dagrun for example_external_task_marker_child to None, run_after=None
[2024-11-11T02:41:30.331+0000] {logging_mixin.py:190} INFO - [2024-11-11T02:41:30.331+0000] {dag.py:4180} INFO - Setting next_dagrun for example_external_task_marker_parent to None, run_after=None
[2024-11-11T02:41:30.342+0000] {processor.py:208} INFO - Processing /home/airflow/.local/lib/python3.12/site-packages/airflow/example_dags/example_external_task_marker_dag.py took 0.047 seconds
[2024-11-11T02:42:00.971+0000] {processor.py:186} INFO - Started process (PID=2220) to work on /home/airflow/.local/lib/python3.12/site-packages/airflow/example_dags/example_external_task_marker_dag.py
[2024-11-11T02:42:00.972+0000] {processor.py:914} INFO - Processing file /home/airflow/.local/lib/python3.12/site-packages/airflow/example_dags/example_external_task_marker_dag.py for tasks to queue
[2024-11-11T02:42:00.973+0000] {logging_mixin.py:190} INFO - [2024-11-11T02:42:00.973+0000] {dagbag.py:588} INFO - Filling up the DagBag from /home/airflow/.local/lib/python3.12/site-packages/airflow/example_dags/example_external_task_marker_dag.py
[2024-11-11T02:42:00.978+0000] {processor.py:925} INFO - DAG(s) 'example_external_task_marker_child', 'example_external_task_marker_parent' retrieved from /home/airflow/.local/lib/python3.12/site-packages/airflow/example_dags/example_external_task_marker_dag.py
[2024-11-11T02:42:00.991+0000] {logging_mixin.py:190} INFO - [2024-11-11T02:42:00.991+0000] {dag.py:3239} INFO - Sync 2 DAGs
[2024-11-11T02:42:00.998+0000] {logging_mixin.py:190} INFO - [2024-11-11T02:42:00.998+0000] {dag.py:4180} INFO - Setting next_dagrun for example_external_task_marker_child to None, run_after=None
[2024-11-11T02:42:01.000+0000] {logging_mixin.py:190} INFO - [2024-11-11T02:42:01.000+0000] {dag.py:4180} INFO - Setting next_dagrun for example_external_task_marker_parent to None, run_after=None
[2024-11-11T02:42:01.008+0000] {processor.py:208} INFO - Processing /home/airflow/.local/lib/python3.12/site-packages/airflow/example_dags/example_external_task_marker_dag.py took 0.041 seconds
[2024-11-11T02:42:31.706+0000] {processor.py:186} INFO - Started process (PID=2283) to work on /home/airflow/.local/lib/python3.12/site-packages/airflow/example_dags/example_external_task_marker_dag.py
[2024-11-11T02:42:31.706+0000] {processor.py:914} INFO - Processing file /home/airflow/.local/lib/python3.12/site-packages/airflow/example_dags/example_external_task_marker_dag.py for tasks to queue
[2024-11-11T02:42:31.708+0000] {logging_mixin.py:190} INFO - [2024-11-11T02:42:31.707+0000] {dagbag.py:588} INFO - Filling up the DagBag from /home/airflow/.local/lib/python3.12/site-packages/airflow/example_dags/example_external_task_marker_dag.py
[2024-11-11T02:42:31.712+0000] {processor.py:925} INFO - DAG(s) 'example_external_task_marker_child', 'example_external_task_marker_parent' retrieved from /home/airflow/.local/lib/python3.12/site-packages/airflow/example_dags/example_external_task_marker_dag.py
[2024-11-11T02:42:31.723+0000] {logging_mixin.py:190} INFO - [2024-11-11T02:42:31.723+0000] {dag.py:3239} INFO - Sync 2 DAGs
[2024-11-11T02:42:31.730+0000] {logging_mixin.py:190} INFO - [2024-11-11T02:42:31.730+0000] {dag.py:4180} INFO - Setting next_dagrun for example_external_task_marker_child to None, run_after=None
[2024-11-11T02:42:31.732+0000] {logging_mixin.py:190} INFO - [2024-11-11T02:42:31.732+0000] {dag.py:4180} INFO - Setting next_dagrun for example_external_task_marker_parent to None, run_after=None
[2024-11-11T02:42:31.740+0000] {processor.py:208} INFO - Processing /home/airflow/.local/lib/python3.12/site-packages/airflow/example_dags/example_external_task_marker_dag.py took 0.038 seconds
[2024-11-11T02:43:02.372+0000] {processor.py:186} INFO - Started process (PID=2346) to work on /home/airflow/.local/lib/python3.12/site-packages/airflow/example_dags/example_external_task_marker_dag.py
[2024-11-11T02:43:02.372+0000] {processor.py:914} INFO - Processing file /home/airflow/.local/lib/python3.12/site-packages/airflow/example_dags/example_external_task_marker_dag.py for tasks to queue
[2024-11-11T02:43:02.374+0000] {logging_mixin.py:190} INFO - [2024-11-11T02:43:02.374+0000] {dagbag.py:588} INFO - Filling up the DagBag from /home/airflow/.local/lib/python3.12/site-packages/airflow/example_dags/example_external_task_marker_dag.py
[2024-11-11T02:43:02.378+0000] {processor.py:925} INFO - DAG(s) 'example_external_task_marker_child', 'example_external_task_marker_parent' retrieved from /home/airflow/.local/lib/python3.12/site-packages/airflow/example_dags/example_external_task_marker_dag.py
[2024-11-11T02:43:02.390+0000] {logging_mixin.py:190} INFO - [2024-11-11T02:43:02.390+0000] {dag.py:3239} INFO - Sync 2 DAGs
[2024-11-11T02:43:02.397+0000] {logging_mixin.py:190} INFO - [2024-11-11T02:43:02.397+0000] {dag.py:4180} INFO - Setting next_dagrun for example_external_task_marker_child to None, run_after=None
[2024-11-11T02:43:02.400+0000] {logging_mixin.py:190} INFO - [2024-11-11T02:43:02.399+0000] {dag.py:4180} INFO - Setting next_dagrun for example_external_task_marker_parent to None, run_after=None
[2024-11-11T02:43:02.407+0000] {processor.py:208} INFO - Processing /home/airflow/.local/lib/python3.12/site-packages/airflow/example_dags/example_external_task_marker_dag.py took 0.039 seconds
[2024-11-11T02:43:33.072+0000] {processor.py:186} INFO - Started process (PID=2409) to work on /home/airflow/.local/lib/python3.12/site-packages/airflow/example_dags/example_external_task_marker_dag.py
[2024-11-11T02:43:33.073+0000] {processor.py:914} INFO - Processing file /home/airflow/.local/lib/python3.12/site-packages/airflow/example_dags/example_external_task_marker_dag.py for tasks to queue
[2024-11-11T02:43:33.074+0000] {logging_mixin.py:190} INFO - [2024-11-11T02:43:33.074+0000] {dagbag.py:588} INFO - Filling up the DagBag from /home/airflow/.local/lib/python3.12/site-packages/airflow/example_dags/example_external_task_marker_dag.py
[2024-11-11T02:43:33.079+0000] {processor.py:925} INFO - DAG(s) 'example_external_task_marker_parent', 'example_external_task_marker_child' retrieved from /home/airflow/.local/lib/python3.12/site-packages/airflow/example_dags/example_external_task_marker_dag.py
[2024-11-11T02:43:33.092+0000] {logging_mixin.py:190} INFO - [2024-11-11T02:43:33.092+0000] {dag.py:3239} INFO - Sync 2 DAGs
[2024-11-11T02:43:33.100+0000] {logging_mixin.py:190} INFO - [2024-11-11T02:43:33.099+0000] {dag.py:4180} INFO - Setting next_dagrun for example_external_task_marker_child to None, run_after=None
[2024-11-11T02:43:33.102+0000] {logging_mixin.py:190} INFO - [2024-11-11T02:43:33.102+0000] {dag.py:4180} INFO - Setting next_dagrun for example_external_task_marker_parent to None, run_after=None
[2024-11-11T02:43:33.111+0000] {processor.py:208} INFO - Processing /home/airflow/.local/lib/python3.12/site-packages/airflow/example_dags/example_external_task_marker_dag.py took 0.043 seconds
[2024-11-11T02:44:03.910+0000] {processor.py:186} INFO - Started process (PID=2472) to work on /home/airflow/.local/lib/python3.12/site-packages/airflow/example_dags/example_external_task_marker_dag.py
[2024-11-11T02:44:03.910+0000] {processor.py:914} INFO - Processing file /home/airflow/.local/lib/python3.12/site-packages/airflow/example_dags/example_external_task_marker_dag.py for tasks to queue
[2024-11-11T02:44:03.912+0000] {logging_mixin.py:190} INFO - [2024-11-11T02:44:03.912+0000] {dagbag.py:588} INFO - Filling up the DagBag from /home/airflow/.local/lib/python3.12/site-packages/airflow/example_dags/example_external_task_marker_dag.py
[2024-11-11T02:44:03.917+0000] {processor.py:925} INFO - DAG(s) 'example_external_task_marker_parent', 'example_external_task_marker_child' retrieved from /home/airflow/.local/lib/python3.12/site-packages/airflow/example_dags/example_external_task_marker_dag.py
[2024-11-11T02:44:03.929+0000] {logging_mixin.py:190} INFO - [2024-11-11T02:44:03.929+0000] {dag.py:3239} INFO - Sync 2 DAGs
[2024-11-11T02:44:03.936+0000] {logging_mixin.py:190} INFO - [2024-11-11T02:44:03.936+0000] {dag.py:4180} INFO - Setting next_dagrun for example_external_task_marker_child to None, run_after=None
[2024-11-11T02:44:03.938+0000] {logging_mixin.py:190} INFO - [2024-11-11T02:44:03.938+0000] {dag.py:4180} INFO - Setting next_dagrun for example_external_task_marker_parent to None, run_after=None
[2024-11-11T02:44:03.945+0000] {processor.py:208} INFO - Processing /home/airflow/.local/lib/python3.12/site-packages/airflow/example_dags/example_external_task_marker_dag.py took 0.039 seconds
[2024-11-11T02:44:34.588+0000] {processor.py:186} INFO - Started process (PID=2535) to work on /home/airflow/.local/lib/python3.12/site-packages/airflow/example_dags/example_external_task_marker_dag.py
[2024-11-11T02:44:34.589+0000] {processor.py:914} INFO - Processing file /home/airflow/.local/lib/python3.12/site-packages/airflow/example_dags/example_external_task_marker_dag.py for tasks to queue
[2024-11-11T02:44:34.590+0000] {logging_mixin.py:190} INFO - [2024-11-11T02:44:34.590+0000] {dagbag.py:588} INFO - Filling up the DagBag from /home/airflow/.local/lib/python3.12/site-packages/airflow/example_dags/example_external_task_marker_dag.py
[2024-11-11T02:44:34.595+0000] {processor.py:925} INFO - DAG(s) 'example_external_task_marker_child', 'example_external_task_marker_parent' retrieved from /home/airflow/.local/lib/python3.12/site-packages/airflow/example_dags/example_external_task_marker_dag.py
[2024-11-11T02:44:34.607+0000] {logging_mixin.py:190} INFO - [2024-11-11T02:44:34.606+0000] {dag.py:3239} INFO - Sync 2 DAGs
[2024-11-11T02:44:34.613+0000] {logging_mixin.py:190} INFO - [2024-11-11T02:44:34.613+0000] {dag.py:4180} INFO - Setting next_dagrun for example_external_task_marker_child to None, run_after=None
[2024-11-11T02:44:34.615+0000] {logging_mixin.py:190} INFO - [2024-11-11T02:44:34.615+0000] {dag.py:4180} INFO - Setting next_dagrun for example_external_task_marker_parent to None, run_after=None
[2024-11-11T02:44:34.623+0000] {processor.py:208} INFO - Processing /home/airflow/.local/lib/python3.12/site-packages/airflow/example_dags/example_external_task_marker_dag.py took 0.038 seconds
[2024-11-11T02:45:05.150+0000] {processor.py:186} INFO - Started process (PID=2598) to work on /home/airflow/.local/lib/python3.12/site-packages/airflow/example_dags/example_external_task_marker_dag.py
[2024-11-11T02:45:05.151+0000] {processor.py:914} INFO - Processing file /home/airflow/.local/lib/python3.12/site-packages/airflow/example_dags/example_external_task_marker_dag.py for tasks to queue
[2024-11-11T02:45:05.152+0000] {logging_mixin.py:190} INFO - [2024-11-11T02:45:05.152+0000] {dagbag.py:588} INFO - Filling up the DagBag from /home/airflow/.local/lib/python3.12/site-packages/airflow/example_dags/example_external_task_marker_dag.py
[2024-11-11T02:45:05.157+0000] {processor.py:925} INFO - DAG(s) 'example_external_task_marker_parent', 'example_external_task_marker_child' retrieved from /home/airflow/.local/lib/python3.12/site-packages/airflow/example_dags/example_external_task_marker_dag.py
[2024-11-11T02:45:05.169+0000] {logging_mixin.py:190} INFO - [2024-11-11T02:45:05.169+0000] {dag.py:3239} INFO - Sync 2 DAGs
[2024-11-11T02:45:05.176+0000] {logging_mixin.py:190} INFO - [2024-11-11T02:45:05.176+0000] {dag.py:4180} INFO - Setting next_dagrun for example_external_task_marker_child to None, run_after=None
[2024-11-11T02:45:05.178+0000] {logging_mixin.py:190} INFO - [2024-11-11T02:45:05.178+0000] {dag.py:4180} INFO - Setting next_dagrun for example_external_task_marker_parent to None, run_after=None
[2024-11-11T02:45:05.186+0000] {processor.py:208} INFO - Processing /home/airflow/.local/lib/python3.12/site-packages/airflow/example_dags/example_external_task_marker_dag.py took 0.038 seconds
[2024-11-11T02:45:35.823+0000] {processor.py:186} INFO - Started process (PID=2661) to work on /home/airflow/.local/lib/python3.12/site-packages/airflow/example_dags/example_external_task_marker_dag.py
[2024-11-11T02:45:35.824+0000] {processor.py:914} INFO - Processing file /home/airflow/.local/lib/python3.12/site-packages/airflow/example_dags/example_external_task_marker_dag.py for tasks to queue
[2024-11-11T02:45:35.825+0000] {logging_mixin.py:190} INFO - [2024-11-11T02:45:35.825+0000] {dagbag.py:588} INFO - Filling up the DagBag from /home/airflow/.local/lib/python3.12/site-packages/airflow/example_dags/example_external_task_marker_dag.py
[2024-11-11T02:45:35.830+0000] {processor.py:925} INFO - DAG(s) 'example_external_task_marker_child', 'example_external_task_marker_parent' retrieved from /home/airflow/.local/lib/python3.12/site-packages/airflow/example_dags/example_external_task_marker_dag.py
[2024-11-11T02:45:35.842+0000] {logging_mixin.py:190} INFO - [2024-11-11T02:45:35.842+0000] {dag.py:3239} INFO - Sync 2 DAGs
[2024-11-11T02:45:35.849+0000] {logging_mixin.py:190} INFO - [2024-11-11T02:45:35.849+0000] {dag.py:4180} INFO - Setting next_dagrun for example_external_task_marker_child to None, run_after=None
[2024-11-11T02:45:35.851+0000] {logging_mixin.py:190} INFO - [2024-11-11T02:45:35.851+0000] {dag.py:4180} INFO - Setting next_dagrun for example_external_task_marker_parent to None, run_after=None
[2024-11-11T02:45:35.858+0000] {processor.py:208} INFO - Processing /home/airflow/.local/lib/python3.12/site-packages/airflow/example_dags/example_external_task_marker_dag.py took 0.039 seconds
[2024-11-11T02:46:06.475+0000] {processor.py:186} INFO - Started process (PID=2723) to work on /home/airflow/.local/lib/python3.12/site-packages/airflow/example_dags/example_external_task_marker_dag.py
[2024-11-11T02:46:06.476+0000] {processor.py:914} INFO - Processing file /home/airflow/.local/lib/python3.12/site-packages/airflow/example_dags/example_external_task_marker_dag.py for tasks to queue
[2024-11-11T02:46:06.477+0000] {logging_mixin.py:190} INFO - [2024-11-11T02:46:06.477+0000] {dagbag.py:588} INFO - Filling up the DagBag from /home/airflow/.local/lib/python3.12/site-packages/airflow/example_dags/example_external_task_marker_dag.py
[2024-11-11T02:46:06.482+0000] {processor.py:925} INFO - DAG(s) 'example_external_task_marker_child', 'example_external_task_marker_parent' retrieved from /home/airflow/.local/lib/python3.12/site-packages/airflow/example_dags/example_external_task_marker_dag.py
[2024-11-11T02:46:06.494+0000] {logging_mixin.py:190} INFO - [2024-11-11T02:46:06.494+0000] {dag.py:3239} INFO - Sync 2 DAGs
[2024-11-11T02:46:06.501+0000] {logging_mixin.py:190} INFO - [2024-11-11T02:46:06.501+0000] {dag.py:4180} INFO - Setting next_dagrun for example_external_task_marker_child to None, run_after=None
[2024-11-11T02:46:06.503+0000] {logging_mixin.py:190} INFO - [2024-11-11T02:46:06.503+0000] {dag.py:4180} INFO - Setting next_dagrun for example_external_task_marker_parent to None, run_after=None
[2024-11-11T02:46:06.510+0000] {processor.py:208} INFO - Processing /home/airflow/.local/lib/python3.12/site-packages/airflow/example_dags/example_external_task_marker_dag.py took 0.039 seconds
[2024-11-11T02:46:37.224+0000] {processor.py:186} INFO - Started process (PID=2786) to work on /home/airflow/.local/lib/python3.12/site-packages/airflow/example_dags/example_external_task_marker_dag.py
[2024-11-11T02:46:37.224+0000] {processor.py:914} INFO - Processing file /home/airflow/.local/lib/python3.12/site-packages/airflow/example_dags/example_external_task_marker_dag.py for tasks to queue
[2024-11-11T02:46:37.226+0000] {logging_mixin.py:190} INFO - [2024-11-11T02:46:37.226+0000] {dagbag.py:588} INFO - Filling up the DagBag from /home/airflow/.local/lib/python3.12/site-packages/airflow/example_dags/example_external_task_marker_dag.py
[2024-11-11T02:46:37.231+0000] {processor.py:925} INFO - DAG(s) 'example_external_task_marker_parent', 'example_external_task_marker_child' retrieved from /home/airflow/.local/lib/python3.12/site-packages/airflow/example_dags/example_external_task_marker_dag.py
[2024-11-11T02:46:37.243+0000] {logging_mixin.py:190} INFO - [2024-11-11T02:46:37.243+0000] {dag.py:3239} INFO - Sync 2 DAGs
[2024-11-11T02:46:37.250+0000] {logging_mixin.py:190} INFO - [2024-11-11T02:46:37.250+0000] {dag.py:4180} INFO - Setting next_dagrun for example_external_task_marker_child to None, run_after=None
[2024-11-11T02:46:37.253+0000] {logging_mixin.py:190} INFO - [2024-11-11T02:46:37.252+0000] {dag.py:4180} INFO - Setting next_dagrun for example_external_task_marker_parent to None, run_after=None
[2024-11-11T02:46:37.260+0000] {processor.py:208} INFO - Processing /home/airflow/.local/lib/python3.12/site-packages/airflow/example_dags/example_external_task_marker_dag.py took 0.040 seconds
[2024-11-11T02:47:07.809+0000] {processor.py:186} INFO - Started process (PID=2849) to work on /home/airflow/.local/lib/python3.12/site-packages/airflow/example_dags/example_external_task_marker_dag.py
[2024-11-11T02:47:07.810+0000] {processor.py:914} INFO - Processing file /home/airflow/.local/lib/python3.12/site-packages/airflow/example_dags/example_external_task_marker_dag.py for tasks to queue
[2024-11-11T02:47:07.811+0000] {logging_mixin.py:190} INFO - [2024-11-11T02:47:07.811+0000] {dagbag.py:588} INFO - Filling up the DagBag from /home/airflow/.local/lib/python3.12/site-packages/airflow/example_dags/example_external_task_marker_dag.py
[2024-11-11T02:47:07.816+0000] {processor.py:925} INFO - DAG(s) 'example_external_task_marker_parent', 'example_external_task_marker_child' retrieved from /home/airflow/.local/lib/python3.12/site-packages/airflow/example_dags/example_external_task_marker_dag.py
[2024-11-11T02:47:07.828+0000] {logging_mixin.py:190} INFO - [2024-11-11T02:47:07.828+0000] {dag.py:3239} INFO - Sync 2 DAGs
[2024-11-11T02:47:07.836+0000] {logging_mixin.py:190} INFO - [2024-11-11T02:47:07.836+0000] {dag.py:4180} INFO - Setting next_dagrun for example_external_task_marker_child to None, run_after=None
[2024-11-11T02:47:07.838+0000] {logging_mixin.py:190} INFO - [2024-11-11T02:47:07.838+0000] {dag.py:4180} INFO - Setting next_dagrun for example_external_task_marker_parent to None, run_after=None
[2024-11-11T02:47:07.846+0000] {processor.py:208} INFO - Processing /home/airflow/.local/lib/python3.12/site-packages/airflow/example_dags/example_external_task_marker_dag.py took 0.040 seconds
[2024-11-11T02:47:38.376+0000] {processor.py:186} INFO - Started process (PID=2912) to work on /home/airflow/.local/lib/python3.12/site-packages/airflow/example_dags/example_external_task_marker_dag.py
[2024-11-11T02:47:38.377+0000] {processor.py:914} INFO - Processing file /home/airflow/.local/lib/python3.12/site-packages/airflow/example_dags/example_external_task_marker_dag.py for tasks to queue
[2024-11-11T02:47:38.378+0000] {logging_mixin.py:190} INFO - [2024-11-11T02:47:38.378+0000] {dagbag.py:588} INFO - Filling up the DagBag from /home/airflow/.local/lib/python3.12/site-packages/airflow/example_dags/example_external_task_marker_dag.py
[2024-11-11T02:47:38.383+0000] {processor.py:925} INFO - DAG(s) 'example_external_task_marker_child', 'example_external_task_marker_parent' retrieved from /home/airflow/.local/lib/python3.12/site-packages/airflow/example_dags/example_external_task_marker_dag.py
[2024-11-11T02:47:38.395+0000] {logging_mixin.py:190} INFO - [2024-11-11T02:47:38.395+0000] {dag.py:3239} INFO - Sync 2 DAGs
[2024-11-11T02:47:38.402+0000] {logging_mixin.py:190} INFO - [2024-11-11T02:47:38.402+0000] {dag.py:4180} INFO - Setting next_dagrun for example_external_task_marker_child to None, run_after=None
[2024-11-11T02:47:38.405+0000] {logging_mixin.py:190} INFO - [2024-11-11T02:47:38.405+0000] {dag.py:4180} INFO - Setting next_dagrun for example_external_task_marker_parent to None, run_after=None
[2024-11-11T02:47:38.412+0000] {processor.py:208} INFO - Processing /home/airflow/.local/lib/python3.12/site-packages/airflow/example_dags/example_external_task_marker_dag.py took 0.039 seconds
[2024-11-11T02:48:08.996+0000] {processor.py:186} INFO - Started process (PID=2975) to work on /home/airflow/.local/lib/python3.12/site-packages/airflow/example_dags/example_external_task_marker_dag.py
[2024-11-11T02:48:08.997+0000] {processor.py:914} INFO - Processing file /home/airflow/.local/lib/python3.12/site-packages/airflow/example_dags/example_external_task_marker_dag.py for tasks to queue
[2024-11-11T02:48:08.999+0000] {logging_mixin.py:190} INFO - [2024-11-11T02:48:08.999+0000] {dagbag.py:588} INFO - Filling up the DagBag from /home/airflow/.local/lib/python3.12/site-packages/airflow/example_dags/example_external_task_marker_dag.py
[2024-11-11T02:48:09.003+0000] {processor.py:925} INFO - DAG(s) 'example_external_task_marker_parent', 'example_external_task_marker_child' retrieved from /home/airflow/.local/lib/python3.12/site-packages/airflow/example_dags/example_external_task_marker_dag.py
[2024-11-11T02:48:09.016+0000] {logging_mixin.py:190} INFO - [2024-11-11T02:48:09.016+0000] {dag.py:3239} INFO - Sync 2 DAGs
[2024-11-11T02:48:09.023+0000] {logging_mixin.py:190} INFO - [2024-11-11T02:48:09.023+0000] {dag.py:4180} INFO - Setting next_dagrun for example_external_task_marker_child to None, run_after=None
[2024-11-11T02:48:09.025+0000] {logging_mixin.py:190} INFO - [2024-11-11T02:48:09.025+0000] {dag.py:4180} INFO - Setting next_dagrun for example_external_task_marker_parent to None, run_after=None
[2024-11-11T02:48:09.032+0000] {processor.py:208} INFO - Processing /home/airflow/.local/lib/python3.12/site-packages/airflow/example_dags/example_external_task_marker_dag.py took 0.039 seconds
[2024-11-11T02:48:39.585+0000] {processor.py:186} INFO - Started process (PID=3038) to work on /home/airflow/.local/lib/python3.12/site-packages/airflow/example_dags/example_external_task_marker_dag.py
[2024-11-11T02:48:39.586+0000] {processor.py:914} INFO - Processing file /home/airflow/.local/lib/python3.12/site-packages/airflow/example_dags/example_external_task_marker_dag.py for tasks to queue
[2024-11-11T02:48:39.587+0000] {logging_mixin.py:190} INFO - [2024-11-11T02:48:39.587+0000] {dagbag.py:588} INFO - Filling up the DagBag from /home/airflow/.local/lib/python3.12/site-packages/airflow/example_dags/example_external_task_marker_dag.py
[2024-11-11T02:48:39.592+0000] {processor.py:925} INFO - DAG(s) 'example_external_task_marker_child', 'example_external_task_marker_parent' retrieved from /home/airflow/.local/lib/python3.12/site-packages/airflow/example_dags/example_external_task_marker_dag.py
[2024-11-11T02:48:39.604+0000] {logging_mixin.py:190} INFO - [2024-11-11T02:48:39.604+0000] {dag.py:3239} INFO - Sync 2 DAGs
[2024-11-11T02:48:39.611+0000] {logging_mixin.py:190} INFO - [2024-11-11T02:48:39.611+0000] {dag.py:4180} INFO - Setting next_dagrun for example_external_task_marker_child to None, run_after=None
[2024-11-11T02:48:39.613+0000] {logging_mixin.py:190} INFO - [2024-11-11T02:48:39.613+0000] {dag.py:4180} INFO - Setting next_dagrun for example_external_task_marker_parent to None, run_after=None
[2024-11-11T02:48:39.621+0000] {processor.py:208} INFO - Processing /home/airflow/.local/lib/python3.12/site-packages/airflow/example_dags/example_external_task_marker_dag.py took 0.039 seconds
[2024-11-11T02:49:10.149+0000] {processor.py:186} INFO - Started process (PID=3101) to work on /home/airflow/.local/lib/python3.12/site-packages/airflow/example_dags/example_external_task_marker_dag.py
[2024-11-11T02:49:10.150+0000] {processor.py:914} INFO - Processing file /home/airflow/.local/lib/python3.12/site-packages/airflow/example_dags/example_external_task_marker_dag.py for tasks to queue
[2024-11-11T02:49:10.151+0000] {logging_mixin.py:190} INFO - [2024-11-11T02:49:10.151+0000] {dagbag.py:588} INFO - Filling up the DagBag from /home/airflow/.local/lib/python3.12/site-packages/airflow/example_dags/example_external_task_marker_dag.py
[2024-11-11T02:49:10.156+0000] {processor.py:925} INFO - DAG(s) 'example_external_task_marker_parent', 'example_external_task_marker_child' retrieved from /home/airflow/.local/lib/python3.12/site-packages/airflow/example_dags/example_external_task_marker_dag.py
[2024-11-11T02:49:10.168+0000] {logging_mixin.py:190} INFO - [2024-11-11T02:49:10.168+0000] {dag.py:3239} INFO - Sync 2 DAGs
[2024-11-11T02:49:10.175+0000] {logging_mixin.py:190} INFO - [2024-11-11T02:49:10.175+0000] {dag.py:4180} INFO - Setting next_dagrun for example_external_task_marker_child to None, run_after=None
[2024-11-11T02:49:10.178+0000] {logging_mixin.py:190} INFO - [2024-11-11T02:49:10.178+0000] {dag.py:4180} INFO - Setting next_dagrun for example_external_task_marker_parent to None, run_after=None
[2024-11-11T02:49:10.185+0000] {processor.py:208} INFO - Processing /home/airflow/.local/lib/python3.12/site-packages/airflow/example_dags/example_external_task_marker_dag.py took 0.040 seconds
[2024-11-11T02:49:40.992+0000] {processor.py:186} INFO - Started process (PID=3164) to work on /home/airflow/.local/lib/python3.12/site-packages/airflow/example_dags/example_external_task_marker_dag.py
[2024-11-11T02:49:40.993+0000] {processor.py:914} INFO - Processing file /home/airflow/.local/lib/python3.12/site-packages/airflow/example_dags/example_external_task_marker_dag.py for tasks to queue
[2024-11-11T02:49:40.994+0000] {logging_mixin.py:190} INFO - [2024-11-11T02:49:40.994+0000] {dagbag.py:588} INFO - Filling up the DagBag from /home/airflow/.local/lib/python3.12/site-packages/airflow/example_dags/example_external_task_marker_dag.py
[2024-11-11T02:49:40.999+0000] {processor.py:925} INFO - DAG(s) 'example_external_task_marker_child', 'example_external_task_marker_parent' retrieved from /home/airflow/.local/lib/python3.12/site-packages/airflow/example_dags/example_external_task_marker_dag.py
[2024-11-11T02:49:41.011+0000] {logging_mixin.py:190} INFO - [2024-11-11T02:49:41.011+0000] {dag.py:3239} INFO - Sync 2 DAGs
[2024-11-11T02:49:41.019+0000] {logging_mixin.py:190} INFO - [2024-11-11T02:49:41.019+0000] {dag.py:4180} INFO - Setting next_dagrun for example_external_task_marker_child to None, run_after=None
[2024-11-11T02:49:41.021+0000] {logging_mixin.py:190} INFO - [2024-11-11T02:49:41.021+0000] {dag.py:4180} INFO - Setting next_dagrun for example_external_task_marker_parent to None, run_after=None
[2024-11-11T02:49:41.029+0000] {processor.py:208} INFO - Processing /home/airflow/.local/lib/python3.12/site-packages/airflow/example_dags/example_external_task_marker_dag.py took 0.041 seconds
[2024-11-11T02:50:11.900+0000] {processor.py:186} INFO - Started process (PID=3227) to work on /home/airflow/.local/lib/python3.12/site-packages/airflow/example_dags/example_external_task_marker_dag.py
[2024-11-11T02:50:11.900+0000] {processor.py:914} INFO - Processing file /home/airflow/.local/lib/python3.12/site-packages/airflow/example_dags/example_external_task_marker_dag.py for tasks to queue
[2024-11-11T02:50:11.902+0000] {logging_mixin.py:190} INFO - [2024-11-11T02:50:11.902+0000] {dagbag.py:588} INFO - Filling up the DagBag from /home/airflow/.local/lib/python3.12/site-packages/airflow/example_dags/example_external_task_marker_dag.py
[2024-11-11T02:50:11.907+0000] {processor.py:925} INFO - DAG(s) 'example_external_task_marker_parent', 'example_external_task_marker_child' retrieved from /home/airflow/.local/lib/python3.12/site-packages/airflow/example_dags/example_external_task_marker_dag.py
[2024-11-11T02:50:11.918+0000] {logging_mixin.py:190} INFO - [2024-11-11T02:50:11.918+0000] {dag.py:3239} INFO - Sync 2 DAGs
[2024-11-11T02:50:11.926+0000] {logging_mixin.py:190} INFO - [2024-11-11T02:50:11.926+0000] {dag.py:4180} INFO - Setting next_dagrun for example_external_task_marker_child to None, run_after=None
[2024-11-11T02:50:11.928+0000] {logging_mixin.py:190} INFO - [2024-11-11T02:50:11.928+0000] {dag.py:4180} INFO - Setting next_dagrun for example_external_task_marker_parent to None, run_after=None
[2024-11-11T02:50:11.935+0000] {processor.py:208} INFO - Processing /home/airflow/.local/lib/python3.12/site-packages/airflow/example_dags/example_external_task_marker_dag.py took 0.039 seconds
[2024-11-11T02:50:42.848+0000] {processor.py:186} INFO - Started process (PID=3290) to work on /home/airflow/.local/lib/python3.12/site-packages/airflow/example_dags/example_external_task_marker_dag.py
[2024-11-11T02:50:42.849+0000] {processor.py:914} INFO - Processing file /home/airflow/.local/lib/python3.12/site-packages/airflow/example_dags/example_external_task_marker_dag.py for tasks to queue
[2024-11-11T02:50:42.850+0000] {logging_mixin.py:190} INFO - [2024-11-11T02:50:42.850+0000] {dagbag.py:588} INFO - Filling up the DagBag from /home/airflow/.local/lib/python3.12/site-packages/airflow/example_dags/example_external_task_marker_dag.py
[2024-11-11T02:50:42.854+0000] {processor.py:925} INFO - DAG(s) 'example_external_task_marker_parent', 'example_external_task_marker_child' retrieved from /home/airflow/.local/lib/python3.12/site-packages/airflow/example_dags/example_external_task_marker_dag.py
[2024-11-11T02:50:42.865+0000] {logging_mixin.py:190} INFO - [2024-11-11T02:50:42.865+0000] {dag.py:3239} INFO - Sync 2 DAGs
[2024-11-11T02:50:42.872+0000] {logging_mixin.py:190} INFO - [2024-11-11T02:50:42.872+0000] {dag.py:4180} INFO - Setting next_dagrun for example_external_task_marker_child to None, run_after=None
[2024-11-11T02:50:42.874+0000] {logging_mixin.py:190} INFO - [2024-11-11T02:50:42.874+0000] {dag.py:4180} INFO - Setting next_dagrun for example_external_task_marker_parent to None, run_after=None
[2024-11-11T02:50:42.882+0000] {processor.py:208} INFO - Processing /home/airflow/.local/lib/python3.12/site-packages/airflow/example_dags/example_external_task_marker_dag.py took 0.037 seconds
[2024-11-11T02:51:13.282+0000] {processor.py:186} INFO - Started process (PID=3353) to work on /home/airflow/.local/lib/python3.12/site-packages/airflow/example_dags/example_external_task_marker_dag.py
[2024-11-11T02:51:13.283+0000] {processor.py:914} INFO - Processing file /home/airflow/.local/lib/python3.12/site-packages/airflow/example_dags/example_external_task_marker_dag.py for tasks to queue
[2024-11-11T02:51:13.284+0000] {logging_mixin.py:190} INFO - [2024-11-11T02:51:13.284+0000] {dagbag.py:588} INFO - Filling up the DagBag from /home/airflow/.local/lib/python3.12/site-packages/airflow/example_dags/example_external_task_marker_dag.py
[2024-11-11T02:51:13.288+0000] {processor.py:925} INFO - DAG(s) 'example_external_task_marker_child', 'example_external_task_marker_parent' retrieved from /home/airflow/.local/lib/python3.12/site-packages/airflow/example_dags/example_external_task_marker_dag.py
[2024-11-11T02:51:13.300+0000] {logging_mixin.py:190} INFO - [2024-11-11T02:51:13.299+0000] {dag.py:3239} INFO - Sync 2 DAGs
[2024-11-11T02:51:13.307+0000] {logging_mixin.py:190} INFO - [2024-11-11T02:51:13.306+0000] {dag.py:4180} INFO - Setting next_dagrun for example_external_task_marker_child to None, run_after=None
[2024-11-11T02:51:13.308+0000] {logging_mixin.py:190} INFO - [2024-11-11T02:51:13.308+0000] {dag.py:4180} INFO - Setting next_dagrun for example_external_task_marker_parent to None, run_after=None
[2024-11-11T02:51:13.316+0000] {processor.py:208} INFO - Processing /home/airflow/.local/lib/python3.12/site-packages/airflow/example_dags/example_external_task_marker_dag.py took 0.037 seconds
[2024-11-11T02:51:44.439+0000] {processor.py:186} INFO - Started process (PID=3416) to work on /home/airflow/.local/lib/python3.12/site-packages/airflow/example_dags/example_external_task_marker_dag.py
[2024-11-11T02:51:44.440+0000] {processor.py:914} INFO - Processing file /home/airflow/.local/lib/python3.12/site-packages/airflow/example_dags/example_external_task_marker_dag.py for tasks to queue
[2024-11-11T02:51:44.441+0000] {logging_mixin.py:190} INFO - [2024-11-11T02:51:44.441+0000] {dagbag.py:588} INFO - Filling up the DagBag from /home/airflow/.local/lib/python3.12/site-packages/airflow/example_dags/example_external_task_marker_dag.py
[2024-11-11T02:51:44.446+0000] {processor.py:925} INFO - DAG(s) 'example_external_task_marker_child', 'example_external_task_marker_parent' retrieved from /home/airflow/.local/lib/python3.12/site-packages/airflow/example_dags/example_external_task_marker_dag.py
[2024-11-11T02:51:44.457+0000] {logging_mixin.py:190} INFO - [2024-11-11T02:51:44.457+0000] {dag.py:3239} INFO - Sync 2 DAGs
[2024-11-11T02:51:44.465+0000] {logging_mixin.py:190} INFO - [2024-11-11T02:51:44.465+0000] {dag.py:4180} INFO - Setting next_dagrun for example_external_task_marker_child to None, run_after=None
[2024-11-11T02:51:44.467+0000] {logging_mixin.py:190} INFO - [2024-11-11T02:51:44.467+0000] {dag.py:4180} INFO - Setting next_dagrun for example_external_task_marker_parent to None, run_after=None
[2024-11-11T02:51:44.475+0000] {processor.py:208} INFO - Processing /home/airflow/.local/lib/python3.12/site-packages/airflow/example_dags/example_external_task_marker_dag.py took 0.039 seconds
[2024-11-11T02:52:16.525+0000] {processor.py:186} INFO - Started process (PID=3479) to work on /home/airflow/.local/lib/python3.12/site-packages/airflow/example_dags/example_external_task_marker_dag.py
[2024-11-11T02:52:16.526+0000] {processor.py:914} INFO - Processing file /home/airflow/.local/lib/python3.12/site-packages/airflow/example_dags/example_external_task_marker_dag.py for tasks to queue
[2024-11-11T02:52:16.527+0000] {logging_mixin.py:190} INFO - [2024-11-11T02:52:16.527+0000] {dagbag.py:588} INFO - Filling up the DagBag from /home/airflow/.local/lib/python3.12/site-packages/airflow/example_dags/example_external_task_marker_dag.py
[2024-11-11T02:52:16.532+0000] {processor.py:925} INFO - DAG(s) 'example_external_task_marker_child', 'example_external_task_marker_parent' retrieved from /home/airflow/.local/lib/python3.12/site-packages/airflow/example_dags/example_external_task_marker_dag.py
[2024-11-11T02:52:16.544+0000] {logging_mixin.py:190} INFO - [2024-11-11T02:52:16.544+0000] {dag.py:3239} INFO - Sync 2 DAGs
[2024-11-11T02:52:16.652+0000] {logging_mixin.py:190} INFO - [2024-11-11T02:52:16.652+0000] {dag.py:4180} INFO - Setting next_dagrun for example_external_task_marker_child to None, run_after=None
[2024-11-11T02:52:16.654+0000] {logging_mixin.py:190} INFO - [2024-11-11T02:52:16.654+0000] {dag.py:4180} INFO - Setting next_dagrun for example_external_task_marker_parent to None, run_after=None
[2024-11-11T02:52:16.660+0000] {processor.py:208} INFO - Processing /home/airflow/.local/lib/python3.12/site-packages/airflow/example_dags/example_external_task_marker_dag.py took 0.139 seconds
[2024-11-11T02:52:46.716+0000] {processor.py:186} INFO - Started process (PID=3542) to work on /home/airflow/.local/lib/python3.12/site-packages/airflow/example_dags/example_external_task_marker_dag.py
[2024-11-11T02:52:46.716+0000] {processor.py:914} INFO - Processing file /home/airflow/.local/lib/python3.12/site-packages/airflow/example_dags/example_external_task_marker_dag.py for tasks to queue
[2024-11-11T02:52:46.718+0000] {logging_mixin.py:190} INFO - [2024-11-11T02:52:46.717+0000] {dagbag.py:588} INFO - Filling up the DagBag from /home/airflow/.local/lib/python3.12/site-packages/airflow/example_dags/example_external_task_marker_dag.py
[2024-11-11T02:52:46.723+0000] {processor.py:925} INFO - DAG(s) 'example_external_task_marker_child', 'example_external_task_marker_parent' retrieved from /home/airflow/.local/lib/python3.12/site-packages/airflow/example_dags/example_external_task_marker_dag.py
[2024-11-11T02:52:46.735+0000] {logging_mixin.py:190} INFO - [2024-11-11T02:52:46.735+0000] {dag.py:3239} INFO - Sync 2 DAGs
[2024-11-11T02:52:46.743+0000] {logging_mixin.py:190} INFO - [2024-11-11T02:52:46.742+0000] {dag.py:4180} INFO - Setting next_dagrun for example_external_task_marker_child to None, run_after=None
[2024-11-11T02:52:46.745+0000] {logging_mixin.py:190} INFO - [2024-11-11T02:52:46.744+0000] {dag.py:4180} INFO - Setting next_dagrun for example_external_task_marker_parent to None, run_after=None
[2024-11-11T02:52:46.852+0000] {processor.py:208} INFO - Processing /home/airflow/.local/lib/python3.12/site-packages/airflow/example_dags/example_external_task_marker_dag.py took 0.140 seconds
[2024-11-11T02:53:16.892+0000] {processor.py:186} INFO - Started process (PID=3605) to work on /home/airflow/.local/lib/python3.12/site-packages/airflow/example_dags/example_external_task_marker_dag.py
[2024-11-11T02:53:16.892+0000] {processor.py:914} INFO - Processing file /home/airflow/.local/lib/python3.12/site-packages/airflow/example_dags/example_external_task_marker_dag.py for tasks to queue
[2024-11-11T02:53:16.894+0000] {logging_mixin.py:190} INFO - [2024-11-11T02:53:16.893+0000] {dagbag.py:588} INFO - Filling up the DagBag from /home/airflow/.local/lib/python3.12/site-packages/airflow/example_dags/example_external_task_marker_dag.py
[2024-11-11T02:53:16.899+0000] {processor.py:925} INFO - DAG(s) 'example_external_task_marker_parent', 'example_external_task_marker_child' retrieved from /home/airflow/.local/lib/python3.12/site-packages/airflow/example_dags/example_external_task_marker_dag.py
[2024-11-11T02:53:16.911+0000] {logging_mixin.py:190} INFO - [2024-11-11T02:53:16.910+0000] {dag.py:3239} INFO - Sync 2 DAGs
[2024-11-11T02:53:16.917+0000] {logging_mixin.py:190} INFO - [2024-11-11T02:53:16.917+0000] {dag.py:4180} INFO - Setting next_dagrun for example_external_task_marker_child to None, run_after=None
[2024-11-11T02:53:16.919+0000] {logging_mixin.py:190} INFO - [2024-11-11T02:53:16.919+0000] {dag.py:4180} INFO - Setting next_dagrun for example_external_task_marker_parent to None, run_after=None
[2024-11-11T02:53:16.927+0000] {processor.py:208} INFO - Processing /home/airflow/.local/lib/python3.12/site-packages/airflow/example_dags/example_external_task_marker_dag.py took 0.039 seconds
[2024-11-11T02:53:48.443+0000] {processor.py:186} INFO - Started process (PID=3668) to work on /home/airflow/.local/lib/python3.12/site-packages/airflow/example_dags/example_external_task_marker_dag.py
[2024-11-11T02:53:48.444+0000] {processor.py:914} INFO - Processing file /home/airflow/.local/lib/python3.12/site-packages/airflow/example_dags/example_external_task_marker_dag.py for tasks to queue
[2024-11-11T02:53:48.445+0000] {logging_mixin.py:190} INFO - [2024-11-11T02:53:48.445+0000] {dagbag.py:588} INFO - Filling up the DagBag from /home/airflow/.local/lib/python3.12/site-packages/airflow/example_dags/example_external_task_marker_dag.py
[2024-11-11T02:53:48.449+0000] {processor.py:925} INFO - DAG(s) 'example_external_task_marker_parent', 'example_external_task_marker_child' retrieved from /home/airflow/.local/lib/python3.12/site-packages/airflow/example_dags/example_external_task_marker_dag.py
[2024-11-11T02:53:48.460+0000] {logging_mixin.py:190} INFO - [2024-11-11T02:53:48.460+0000] {dag.py:3239} INFO - Sync 2 DAGs
[2024-11-11T02:53:48.467+0000] {logging_mixin.py:190} INFO - [2024-11-11T02:53:48.467+0000] {dag.py:4180} INFO - Setting next_dagrun for example_external_task_marker_child to None, run_after=None
[2024-11-11T02:53:48.469+0000] {logging_mixin.py:190} INFO - [2024-11-11T02:53:48.469+0000] {dag.py:4180} INFO - Setting next_dagrun for example_external_task_marker_parent to None, run_after=None
[2024-11-11T02:53:48.476+0000] {processor.py:208} INFO - Processing /home/airflow/.local/lib/python3.12/site-packages/airflow/example_dags/example_external_task_marker_dag.py took 0.036 seconds
[2024-11-11T02:54:18.967+0000] {processor.py:186} INFO - Started process (PID=3731) to work on /home/airflow/.local/lib/python3.12/site-packages/airflow/example_dags/example_external_task_marker_dag.py
[2024-11-11T02:54:18.967+0000] {processor.py:914} INFO - Processing file /home/airflow/.local/lib/python3.12/site-packages/airflow/example_dags/example_external_task_marker_dag.py for tasks to queue
[2024-11-11T02:54:18.969+0000] {logging_mixin.py:190} INFO - [2024-11-11T02:54:18.969+0000] {dagbag.py:588} INFO - Filling up the DagBag from /home/airflow/.local/lib/python3.12/site-packages/airflow/example_dags/example_external_task_marker_dag.py
[2024-11-11T02:54:18.973+0000] {processor.py:925} INFO - DAG(s) 'example_external_task_marker_parent', 'example_external_task_marker_child' retrieved from /home/airflow/.local/lib/python3.12/site-packages/airflow/example_dags/example_external_task_marker_dag.py
[2024-11-11T02:54:18.985+0000] {logging_mixin.py:190} INFO - [2024-11-11T02:54:18.985+0000] {dag.py:3239} INFO - Sync 2 DAGs
[2024-11-11T02:54:18.992+0000] {logging_mixin.py:190} INFO - [2024-11-11T02:54:18.992+0000] {dag.py:4180} INFO - Setting next_dagrun for example_external_task_marker_child to None, run_after=None
[2024-11-11T02:54:18.994+0000] {logging_mixin.py:190} INFO - [2024-11-11T02:54:18.994+0000] {dag.py:4180} INFO - Setting next_dagrun for example_external_task_marker_parent to None, run_after=None
[2024-11-11T02:54:19.001+0000] {processor.py:208} INFO - Processing /home/airflow/.local/lib/python3.12/site-packages/airflow/example_dags/example_external_task_marker_dag.py took 0.038 seconds
[2024-11-11T02:54:49.475+0000] {processor.py:186} INFO - Started process (PID=3794) to work on /home/airflow/.local/lib/python3.12/site-packages/airflow/example_dags/example_external_task_marker_dag.py
[2024-11-11T02:54:49.475+0000] {processor.py:914} INFO - Processing file /home/airflow/.local/lib/python3.12/site-packages/airflow/example_dags/example_external_task_marker_dag.py for tasks to queue
[2024-11-11T02:54:49.477+0000] {logging_mixin.py:190} INFO - [2024-11-11T02:54:49.477+0000] {dagbag.py:588} INFO - Filling up the DagBag from /home/airflow/.local/lib/python3.12/site-packages/airflow/example_dags/example_external_task_marker_dag.py
[2024-11-11T02:54:49.482+0000] {processor.py:925} INFO - DAG(s) 'example_external_task_marker_parent', 'example_external_task_marker_child' retrieved from /home/airflow/.local/lib/python3.12/site-packages/airflow/example_dags/example_external_task_marker_dag.py
[2024-11-11T02:54:49.494+0000] {logging_mixin.py:190} INFO - [2024-11-11T02:54:49.494+0000] {dag.py:3239} INFO - Sync 2 DAGs
[2024-11-11T02:54:49.502+0000] {logging_mixin.py:190} INFO - [2024-11-11T02:54:49.502+0000] {dag.py:4180} INFO - Setting next_dagrun for example_external_task_marker_child to None, run_after=None
[2024-11-11T02:54:49.504+0000] {logging_mixin.py:190} INFO - [2024-11-11T02:54:49.504+0000] {dag.py:4180} INFO - Setting next_dagrun for example_external_task_marker_parent to None, run_after=None
[2024-11-11T02:54:49.511+0000] {processor.py:208} INFO - Processing /home/airflow/.local/lib/python3.12/site-packages/airflow/example_dags/example_external_task_marker_dag.py took 0.040 seconds
[2024-11-11T02:55:19.862+0000] {processor.py:186} INFO - Started process (PID=3857) to work on /home/airflow/.local/lib/python3.12/site-packages/airflow/example_dags/example_external_task_marker_dag.py
[2024-11-11T02:55:19.863+0000] {processor.py:914} INFO - Processing file /home/airflow/.local/lib/python3.12/site-packages/airflow/example_dags/example_external_task_marker_dag.py for tasks to queue
[2024-11-11T02:55:19.864+0000] {logging_mixin.py:190} INFO - [2024-11-11T02:55:19.864+0000] {dagbag.py:588} INFO - Filling up the DagBag from /home/airflow/.local/lib/python3.12/site-packages/airflow/example_dags/example_external_task_marker_dag.py
[2024-11-11T02:55:19.869+0000] {processor.py:925} INFO - DAG(s) 'example_external_task_marker_child', 'example_external_task_marker_parent' retrieved from /home/airflow/.local/lib/python3.12/site-packages/airflow/example_dags/example_external_task_marker_dag.py
[2024-11-11T02:55:19.880+0000] {logging_mixin.py:190} INFO - [2024-11-11T02:55:19.880+0000] {dag.py:3239} INFO - Sync 2 DAGs
[2024-11-11T02:55:19.888+0000] {logging_mixin.py:190} INFO - [2024-11-11T02:55:19.888+0000] {dag.py:4180} INFO - Setting next_dagrun for example_external_task_marker_child to None, run_after=None
[2024-11-11T02:55:19.890+0000] {logging_mixin.py:190} INFO - [2024-11-11T02:55:19.889+0000] {dag.py:4180} INFO - Setting next_dagrun for example_external_task_marker_parent to None, run_after=None
[2024-11-11T02:55:19.896+0000] {processor.py:208} INFO - Processing /home/airflow/.local/lib/python3.12/site-packages/airflow/example_dags/example_external_task_marker_dag.py took 0.037 seconds
[2024-11-11T02:55:50.339+0000] {processor.py:186} INFO - Started process (PID=3920) to work on /home/airflow/.local/lib/python3.12/site-packages/airflow/example_dags/example_external_task_marker_dag.py
[2024-11-11T02:55:50.340+0000] {processor.py:914} INFO - Processing file /home/airflow/.local/lib/python3.12/site-packages/airflow/example_dags/example_external_task_marker_dag.py for tasks to queue
[2024-11-11T02:55:50.341+0000] {logging_mixin.py:190} INFO - [2024-11-11T02:55:50.341+0000] {dagbag.py:588} INFO - Filling up the DagBag from /home/airflow/.local/lib/python3.12/site-packages/airflow/example_dags/example_external_task_marker_dag.py
[2024-11-11T02:55:50.345+0000] {processor.py:925} INFO - DAG(s) 'example_external_task_marker_child', 'example_external_task_marker_parent' retrieved from /home/airflow/.local/lib/python3.12/site-packages/airflow/example_dags/example_external_task_marker_dag.py
[2024-11-11T02:55:50.356+0000] {logging_mixin.py:190} INFO - [2024-11-11T02:55:50.356+0000] {dag.py:3239} INFO - Sync 2 DAGs
[2024-11-11T02:55:50.363+0000] {logging_mixin.py:190} INFO - [2024-11-11T02:55:50.363+0000] {dag.py:4180} INFO - Setting next_dagrun for example_external_task_marker_child to None, run_after=None
[2024-11-11T02:55:50.365+0000] {logging_mixin.py:190} INFO - [2024-11-11T02:55:50.365+0000] {dag.py:4180} INFO - Setting next_dagrun for example_external_task_marker_parent to None, run_after=None
[2024-11-11T02:55:50.372+0000] {processor.py:208} INFO - Processing /home/airflow/.local/lib/python3.12/site-packages/airflow/example_dags/example_external_task_marker_dag.py took 0.036 seconds
[2024-11-11T02:56:20.971+0000] {processor.py:186} INFO - Started process (PID=3983) to work on /home/airflow/.local/lib/python3.12/site-packages/airflow/example_dags/example_external_task_marker_dag.py
[2024-11-11T02:56:20.971+0000] {processor.py:914} INFO - Processing file /home/airflow/.local/lib/python3.12/site-packages/airflow/example_dags/example_external_task_marker_dag.py for tasks to queue
[2024-11-11T02:56:20.972+0000] {logging_mixin.py:190} INFO - [2024-11-11T02:56:20.972+0000] {dagbag.py:588} INFO - Filling up the DagBag from /home/airflow/.local/lib/python3.12/site-packages/airflow/example_dags/example_external_task_marker_dag.py
[2024-11-11T02:56:20.977+0000] {processor.py:925} INFO - DAG(s) 'example_external_task_marker_child', 'example_external_task_marker_parent' retrieved from /home/airflow/.local/lib/python3.12/site-packages/airflow/example_dags/example_external_task_marker_dag.py
[2024-11-11T02:56:20.989+0000] {logging_mixin.py:190} INFO - [2024-11-11T02:56:20.989+0000] {dag.py:3239} INFO - Sync 2 DAGs
[2024-11-11T02:56:20.997+0000] {logging_mixin.py:190} INFO - [2024-11-11T02:56:20.997+0000] {dag.py:4180} INFO - Setting next_dagrun for example_external_task_marker_child to None, run_after=None
[2024-11-11T02:56:20.999+0000] {logging_mixin.py:190} INFO - [2024-11-11T02:56:20.999+0000] {dag.py:4180} INFO - Setting next_dagrun for example_external_task_marker_parent to None, run_after=None
[2024-11-11T02:56:21.006+0000] {processor.py:208} INFO - Processing /home/airflow/.local/lib/python3.12/site-packages/airflow/example_dags/example_external_task_marker_dag.py took 0.038 seconds
[2024-11-11T02:56:51.502+0000] {processor.py:186} INFO - Started process (PID=4046) to work on /home/airflow/.local/lib/python3.12/site-packages/airflow/example_dags/example_external_task_marker_dag.py
[2024-11-11T02:56:51.503+0000] {processor.py:914} INFO - Processing file /home/airflow/.local/lib/python3.12/site-packages/airflow/example_dags/example_external_task_marker_dag.py for tasks to queue
[2024-11-11T02:56:51.504+0000] {logging_mixin.py:190} INFO - [2024-11-11T02:56:51.504+0000] {dagbag.py:588} INFO - Filling up the DagBag from /home/airflow/.local/lib/python3.12/site-packages/airflow/example_dags/example_external_task_marker_dag.py
[2024-11-11T02:56:51.509+0000] {processor.py:925} INFO - DAG(s) 'example_external_task_marker_parent', 'example_external_task_marker_child' retrieved from /home/airflow/.local/lib/python3.12/site-packages/airflow/example_dags/example_external_task_marker_dag.py
[2024-11-11T02:56:51.521+0000] {logging_mixin.py:190} INFO - [2024-11-11T02:56:51.521+0000] {dag.py:3239} INFO - Sync 2 DAGs
[2024-11-11T02:56:51.528+0000] {logging_mixin.py:190} INFO - [2024-11-11T02:56:51.528+0000] {dag.py:4180} INFO - Setting next_dagrun for example_external_task_marker_child to None, run_after=None
[2024-11-11T02:56:51.530+0000] {logging_mixin.py:190} INFO - [2024-11-11T02:56:51.530+0000] {dag.py:4180} INFO - Setting next_dagrun for example_external_task_marker_parent to None, run_after=None
[2024-11-11T02:56:51.537+0000] {processor.py:208} INFO - Processing /home/airflow/.local/lib/python3.12/site-packages/airflow/example_dags/example_external_task_marker_dag.py took 0.039 seconds
[2024-11-11T02:57:22.029+0000] {processor.py:186} INFO - Started process (PID=4109) to work on /home/airflow/.local/lib/python3.12/site-packages/airflow/example_dags/example_external_task_marker_dag.py
[2024-11-11T02:57:22.029+0000] {processor.py:914} INFO - Processing file /home/airflow/.local/lib/python3.12/site-packages/airflow/example_dags/example_external_task_marker_dag.py for tasks to queue
[2024-11-11T02:57:22.031+0000] {logging_mixin.py:190} INFO - [2024-11-11T02:57:22.031+0000] {dagbag.py:588} INFO - Filling up the DagBag from /home/airflow/.local/lib/python3.12/site-packages/airflow/example_dags/example_external_task_marker_dag.py
[2024-11-11T02:57:22.036+0000] {processor.py:925} INFO - DAG(s) 'example_external_task_marker_child', 'example_external_task_marker_parent' retrieved from /home/airflow/.local/lib/python3.12/site-packages/airflow/example_dags/example_external_task_marker_dag.py
[2024-11-11T02:57:22.048+0000] {logging_mixin.py:190} INFO - [2024-11-11T02:57:22.047+0000] {dag.py:3239} INFO - Sync 2 DAGs
[2024-11-11T02:57:22.055+0000] {logging_mixin.py:190} INFO - [2024-11-11T02:57:22.055+0000] {dag.py:4180} INFO - Setting next_dagrun for example_external_task_marker_child to None, run_after=None
[2024-11-11T02:57:22.057+0000] {logging_mixin.py:190} INFO - [2024-11-11T02:57:22.057+0000] {dag.py:4180} INFO - Setting next_dagrun for example_external_task_marker_parent to None, run_after=None
[2024-11-11T02:57:22.064+0000] {processor.py:208} INFO - Processing /home/airflow/.local/lib/python3.12/site-packages/airflow/example_dags/example_external_task_marker_dag.py took 0.039 seconds
[2024-11-11T02:57:52.430+0000] {processor.py:186} INFO - Started process (PID=4172) to work on /home/airflow/.local/lib/python3.12/site-packages/airflow/example_dags/example_external_task_marker_dag.py
[2024-11-11T02:57:52.431+0000] {processor.py:914} INFO - Processing file /home/airflow/.local/lib/python3.12/site-packages/airflow/example_dags/example_external_task_marker_dag.py for tasks to queue
[2024-11-11T02:57:52.432+0000] {logging_mixin.py:190} INFO - [2024-11-11T02:57:52.432+0000] {dagbag.py:588} INFO - Filling up the DagBag from /home/airflow/.local/lib/python3.12/site-packages/airflow/example_dags/example_external_task_marker_dag.py
[2024-11-11T02:57:52.436+0000] {processor.py:925} INFO - DAG(s) 'example_external_task_marker_parent', 'example_external_task_marker_child' retrieved from /home/airflow/.local/lib/python3.12/site-packages/airflow/example_dags/example_external_task_marker_dag.py
[2024-11-11T02:57:52.447+0000] {logging_mixin.py:190} INFO - [2024-11-11T02:57:52.447+0000] {dag.py:3239} INFO - Sync 2 DAGs
[2024-11-11T02:57:52.454+0000] {logging_mixin.py:190} INFO - [2024-11-11T02:57:52.454+0000] {dag.py:4180} INFO - Setting next_dagrun for example_external_task_marker_child to None, run_after=None
[2024-11-11T02:57:52.456+0000] {logging_mixin.py:190} INFO - [2024-11-11T02:57:52.456+0000] {dag.py:4180} INFO - Setting next_dagrun for example_external_task_marker_parent to None, run_after=None
[2024-11-11T02:57:52.463+0000] {processor.py:208} INFO - Processing /home/airflow/.local/lib/python3.12/site-packages/airflow/example_dags/example_external_task_marker_dag.py took 0.036 seconds
[2024-11-11T02:58:22.944+0000] {processor.py:186} INFO - Started process (PID=4235) to work on /home/airflow/.local/lib/python3.12/site-packages/airflow/example_dags/example_external_task_marker_dag.py
[2024-11-11T02:58:22.945+0000] {processor.py:914} INFO - Processing file /home/airflow/.local/lib/python3.12/site-packages/airflow/example_dags/example_external_task_marker_dag.py for tasks to queue
[2024-11-11T02:58:22.947+0000] {logging_mixin.py:190} INFO - [2024-11-11T02:58:22.947+0000] {dagbag.py:588} INFO - Filling up the DagBag from /home/airflow/.local/lib/python3.12/site-packages/airflow/example_dags/example_external_task_marker_dag.py
[2024-11-11T02:58:22.952+0000] {processor.py:925} INFO - DAG(s) 'example_external_task_marker_child', 'example_external_task_marker_parent' retrieved from /home/airflow/.local/lib/python3.12/site-packages/airflow/example_dags/example_external_task_marker_dag.py
[2024-11-11T02:58:22.964+0000] {logging_mixin.py:190} INFO - [2024-11-11T02:58:22.964+0000] {dag.py:3239} INFO - Sync 2 DAGs
[2024-11-11T02:58:22.971+0000] {logging_mixin.py:190} INFO - [2024-11-11T02:58:22.971+0000] {dag.py:4180} INFO - Setting next_dagrun for example_external_task_marker_child to None, run_after=None
[2024-11-11T02:58:22.973+0000] {logging_mixin.py:190} INFO - [2024-11-11T02:58:22.973+0000] {dag.py:4180} INFO - Setting next_dagrun for example_external_task_marker_parent to None, run_after=None
[2024-11-11T02:58:22.980+0000] {processor.py:208} INFO - Processing /home/airflow/.local/lib/python3.12/site-packages/airflow/example_dags/example_external_task_marker_dag.py took 0.040 seconds
[2024-11-11T02:58:53.376+0000] {processor.py:186} INFO - Started process (PID=4298) to work on /home/airflow/.local/lib/python3.12/site-packages/airflow/example_dags/example_external_task_marker_dag.py
[2024-11-11T02:58:53.377+0000] {processor.py:914} INFO - Processing file /home/airflow/.local/lib/python3.12/site-packages/airflow/example_dags/example_external_task_marker_dag.py for tasks to queue
[2024-11-11T02:58:53.379+0000] {logging_mixin.py:190} INFO - [2024-11-11T02:58:53.379+0000] {dagbag.py:588} INFO - Filling up the DagBag from /home/airflow/.local/lib/python3.12/site-packages/airflow/example_dags/example_external_task_marker_dag.py
[2024-11-11T02:58:53.384+0000] {processor.py:925} INFO - DAG(s) 'example_external_task_marker_parent', 'example_external_task_marker_child' retrieved from /home/airflow/.local/lib/python3.12/site-packages/airflow/example_dags/example_external_task_marker_dag.py
[2024-11-11T02:58:53.396+0000] {logging_mixin.py:190} INFO - [2024-11-11T02:58:53.396+0000] {dag.py:3239} INFO - Sync 2 DAGs
[2024-11-11T02:58:53.404+0000] {logging_mixin.py:190} INFO - [2024-11-11T02:58:53.404+0000] {dag.py:4180} INFO - Setting next_dagrun for example_external_task_marker_child to None, run_after=None
[2024-11-11T02:58:53.406+0000] {logging_mixin.py:190} INFO - [2024-11-11T02:58:53.406+0000] {dag.py:4180} INFO - Setting next_dagrun for example_external_task_marker_parent to None, run_after=None
[2024-11-11T02:58:53.413+0000] {processor.py:208} INFO - Processing /home/airflow/.local/lib/python3.12/site-packages/airflow/example_dags/example_external_task_marker_dag.py took 0.040 seconds
[2024-11-11T02:59:23.853+0000] {processor.py:186} INFO - Started process (PID=4361) to work on /home/airflow/.local/lib/python3.12/site-packages/airflow/example_dags/example_external_task_marker_dag.py
[2024-11-11T02:59:23.854+0000] {processor.py:914} INFO - Processing file /home/airflow/.local/lib/python3.12/site-packages/airflow/example_dags/example_external_task_marker_dag.py for tasks to queue
[2024-11-11T02:59:23.855+0000] {logging_mixin.py:190} INFO - [2024-11-11T02:59:23.855+0000] {dagbag.py:588} INFO - Filling up the DagBag from /home/airflow/.local/lib/python3.12/site-packages/airflow/example_dags/example_external_task_marker_dag.py
[2024-11-11T02:59:23.861+0000] {processor.py:925} INFO - DAG(s) 'example_external_task_marker_parent', 'example_external_task_marker_child' retrieved from /home/airflow/.local/lib/python3.12/site-packages/airflow/example_dags/example_external_task_marker_dag.py
[2024-11-11T02:59:23.873+0000] {logging_mixin.py:190} INFO - [2024-11-11T02:59:23.873+0000] {dag.py:3239} INFO - Sync 2 DAGs
[2024-11-11T02:59:23.880+0000] {logging_mixin.py:190} INFO - [2024-11-11T02:59:23.880+0000] {dag.py:4180} INFO - Setting next_dagrun for example_external_task_marker_child to None, run_after=None
[2024-11-11T02:59:23.882+0000] {logging_mixin.py:190} INFO - [2024-11-11T02:59:23.882+0000] {dag.py:4180} INFO - Setting next_dagrun for example_external_task_marker_parent to None, run_after=None
[2024-11-11T02:59:23.889+0000] {processor.py:208} INFO - Processing /home/airflow/.local/lib/python3.12/site-packages/airflow/example_dags/example_external_task_marker_dag.py took 0.040 seconds
[2024-11-11T02:59:54.374+0000] {processor.py:186} INFO - Started process (PID=4424) to work on /home/airflow/.local/lib/python3.12/site-packages/airflow/example_dags/example_external_task_marker_dag.py
[2024-11-11T02:59:54.375+0000] {processor.py:914} INFO - Processing file /home/airflow/.local/lib/python3.12/site-packages/airflow/example_dags/example_external_task_marker_dag.py for tasks to queue
[2024-11-11T02:59:54.376+0000] {logging_mixin.py:190} INFO - [2024-11-11T02:59:54.376+0000] {dagbag.py:588} INFO - Filling up the DagBag from /home/airflow/.local/lib/python3.12/site-packages/airflow/example_dags/example_external_task_marker_dag.py
[2024-11-11T02:59:54.381+0000] {processor.py:925} INFO - DAG(s) 'example_external_task_marker_child', 'example_external_task_marker_parent' retrieved from /home/airflow/.local/lib/python3.12/site-packages/airflow/example_dags/example_external_task_marker_dag.py
[2024-11-11T02:59:54.393+0000] {logging_mixin.py:190} INFO - [2024-11-11T02:59:54.393+0000] {dag.py:3239} INFO - Sync 2 DAGs
[2024-11-11T02:59:54.400+0000] {logging_mixin.py:190} INFO - [2024-11-11T02:59:54.400+0000] {dag.py:4180} INFO - Setting next_dagrun for example_external_task_marker_child to None, run_after=None
[2024-11-11T02:59:54.402+0000] {logging_mixin.py:190} INFO - [2024-11-11T02:59:54.402+0000] {dag.py:4180} INFO - Setting next_dagrun for example_external_task_marker_parent to None, run_after=None
[2024-11-11T02:59:54.409+0000] {processor.py:208} INFO - Processing /home/airflow/.local/lib/python3.12/site-packages/airflow/example_dags/example_external_task_marker_dag.py took 0.039 seconds
[2024-11-11T03:00:24.886+0000] {processor.py:186} INFO - Started process (PID=4487) to work on /home/airflow/.local/lib/python3.12/site-packages/airflow/example_dags/example_external_task_marker_dag.py
[2024-11-11T03:00:24.887+0000] {processor.py:914} INFO - Processing file /home/airflow/.local/lib/python3.12/site-packages/airflow/example_dags/example_external_task_marker_dag.py for tasks to queue
[2024-11-11T03:00:24.888+0000] {logging_mixin.py:190} INFO - [2024-11-11T03:00:24.888+0000] {dagbag.py:588} INFO - Filling up the DagBag from /home/airflow/.local/lib/python3.12/site-packages/airflow/example_dags/example_external_task_marker_dag.py
[2024-11-11T03:00:24.893+0000] {processor.py:925} INFO - DAG(s) 'example_external_task_marker_parent', 'example_external_task_marker_child' retrieved from /home/airflow/.local/lib/python3.12/site-packages/airflow/example_dags/example_external_task_marker_dag.py
[2024-11-11T03:00:24.905+0000] {logging_mixin.py:190} INFO - [2024-11-11T03:00:24.905+0000] {dag.py:3239} INFO - Sync 2 DAGs
[2024-11-11T03:00:24.912+0000] {logging_mixin.py:190} INFO - [2024-11-11T03:00:24.912+0000] {dag.py:4180} INFO - Setting next_dagrun for example_external_task_marker_child to None, run_after=None
[2024-11-11T03:00:24.914+0000] {logging_mixin.py:190} INFO - [2024-11-11T03:00:24.914+0000] {dag.py:4180} INFO - Setting next_dagrun for example_external_task_marker_parent to None, run_after=None
[2024-11-11T03:00:24.921+0000] {processor.py:208} INFO - Processing /home/airflow/.local/lib/python3.12/site-packages/airflow/example_dags/example_external_task_marker_dag.py took 0.038 seconds
[2024-11-11T03:00:55.366+0000] {processor.py:186} INFO - Started process (PID=4550) to work on /home/airflow/.local/lib/python3.12/site-packages/airflow/example_dags/example_external_task_marker_dag.py
[2024-11-11T03:00:55.367+0000] {processor.py:914} INFO - Processing file /home/airflow/.local/lib/python3.12/site-packages/airflow/example_dags/example_external_task_marker_dag.py for tasks to queue
[2024-11-11T03:00:55.368+0000] {logging_mixin.py:190} INFO - [2024-11-11T03:00:55.368+0000] {dagbag.py:588} INFO - Filling up the DagBag from /home/airflow/.local/lib/python3.12/site-packages/airflow/example_dags/example_external_task_marker_dag.py
[2024-11-11T03:00:55.373+0000] {processor.py:925} INFO - DAG(s) 'example_external_task_marker_parent', 'example_external_task_marker_child' retrieved from /home/airflow/.local/lib/python3.12/site-packages/airflow/example_dags/example_external_task_marker_dag.py
[2024-11-11T03:00:55.385+0000] {logging_mixin.py:190} INFO - [2024-11-11T03:00:55.385+0000] {dag.py:3239} INFO - Sync 2 DAGs
[2024-11-11T03:00:55.392+0000] {logging_mixin.py:190} INFO - [2024-11-11T03:00:55.392+0000] {dag.py:4180} INFO - Setting next_dagrun for example_external_task_marker_child to None, run_after=None
[2024-11-11T03:00:55.394+0000] {logging_mixin.py:190} INFO - [2024-11-11T03:00:55.394+0000] {dag.py:4180} INFO - Setting next_dagrun for example_external_task_marker_parent to None, run_after=None
[2024-11-11T03:00:55.401+0000] {processor.py:208} INFO - Processing /home/airflow/.local/lib/python3.12/site-packages/airflow/example_dags/example_external_task_marker_dag.py took 0.038 seconds
[2024-11-11T03:01:25.770+0000] {processor.py:186} INFO - Started process (PID=4613) to work on /home/airflow/.local/lib/python3.12/site-packages/airflow/example_dags/example_external_task_marker_dag.py
[2024-11-11T03:01:25.771+0000] {processor.py:914} INFO - Processing file /home/airflow/.local/lib/python3.12/site-packages/airflow/example_dags/example_external_task_marker_dag.py for tasks to queue
[2024-11-11T03:01:25.772+0000] {logging_mixin.py:190} INFO - [2024-11-11T03:01:25.772+0000] {dagbag.py:588} INFO - Filling up the DagBag from /home/airflow/.local/lib/python3.12/site-packages/airflow/example_dags/example_external_task_marker_dag.py
[2024-11-11T03:01:25.776+0000] {processor.py:925} INFO - DAG(s) 'example_external_task_marker_parent', 'example_external_task_marker_child' retrieved from /home/airflow/.local/lib/python3.12/site-packages/airflow/example_dags/example_external_task_marker_dag.py
[2024-11-11T03:01:25.787+0000] {logging_mixin.py:190} INFO - [2024-11-11T03:01:25.787+0000] {dag.py:3239} INFO - Sync 2 DAGs
[2024-11-11T03:01:25.794+0000] {logging_mixin.py:190} INFO - [2024-11-11T03:01:25.794+0000] {dag.py:4180} INFO - Setting next_dagrun for example_external_task_marker_child to None, run_after=None
[2024-11-11T03:01:25.796+0000] {logging_mixin.py:190} INFO - [2024-11-11T03:01:25.796+0000] {dag.py:4180} INFO - Setting next_dagrun for example_external_task_marker_parent to None, run_after=None
[2024-11-11T03:01:25.804+0000] {processor.py:208} INFO - Processing /home/airflow/.local/lib/python3.12/site-packages/airflow/example_dags/example_external_task_marker_dag.py took 0.037 seconds
[2024-11-11T03:01:56.571+0000] {processor.py:186} INFO - Started process (PID=4676) to work on /home/airflow/.local/lib/python3.12/site-packages/airflow/example_dags/example_external_task_marker_dag.py
[2024-11-11T03:01:56.572+0000] {processor.py:914} INFO - Processing file /home/airflow/.local/lib/python3.12/site-packages/airflow/example_dags/example_external_task_marker_dag.py for tasks to queue
[2024-11-11T03:01:56.574+0000] {logging_mixin.py:190} INFO - [2024-11-11T03:01:56.574+0000] {dagbag.py:588} INFO - Filling up the DagBag from /home/airflow/.local/lib/python3.12/site-packages/airflow/example_dags/example_external_task_marker_dag.py
[2024-11-11T03:01:56.580+0000] {processor.py:925} INFO - DAG(s) 'example_external_task_marker_child', 'example_external_task_marker_parent' retrieved from /home/airflow/.local/lib/python3.12/site-packages/airflow/example_dags/example_external_task_marker_dag.py
[2024-11-11T03:01:56.603+0000] {logging_mixin.py:190} INFO - [2024-11-11T03:01:56.603+0000] {dag.py:3239} INFO - Sync 2 DAGs
[2024-11-11T03:01:56.612+0000] {logging_mixin.py:190} INFO - [2024-11-11T03:01:56.611+0000] {dag.py:4180} INFO - Setting next_dagrun for example_external_task_marker_child to None, run_after=None
[2024-11-11T03:01:56.614+0000] {logging_mixin.py:190} INFO - [2024-11-11T03:01:56.614+0000] {dag.py:4180} INFO - Setting next_dagrun for example_external_task_marker_parent to None, run_after=None
[2024-11-11T03:01:56.621+0000] {processor.py:208} INFO - Processing /home/airflow/.local/lib/python3.12/site-packages/airflow/example_dags/example_external_task_marker_dag.py took 0.054 seconds
[2024-11-11T03:03:16.188+0000] {processor.py:186} INFO - Started process (PID=4739) to work on /home/airflow/.local/lib/python3.12/site-packages/airflow/example_dags/example_external_task_marker_dag.py
[2024-11-11T03:03:16.189+0000] {processor.py:914} INFO - Processing file /home/airflow/.local/lib/python3.12/site-packages/airflow/example_dags/example_external_task_marker_dag.py for tasks to queue
[2024-11-11T03:03:16.191+0000] {logging_mixin.py:190} INFO - [2024-11-11T03:03:16.191+0000] {dagbag.py:588} INFO - Filling up the DagBag from /home/airflow/.local/lib/python3.12/site-packages/airflow/example_dags/example_external_task_marker_dag.py
[2024-11-11T03:03:16.195+0000] {processor.py:925} INFO - DAG(s) 'example_external_task_marker_parent', 'example_external_task_marker_child' retrieved from /home/airflow/.local/lib/python3.12/site-packages/airflow/example_dags/example_external_task_marker_dag.py
[2024-11-11T03:03:16.208+0000] {logging_mixin.py:190} INFO - [2024-11-11T03:03:16.208+0000] {dag.py:3239} INFO - Sync 2 DAGs
[2024-11-11T03:03:16.215+0000] {logging_mixin.py:190} INFO - [2024-11-11T03:03:16.215+0000] {dag.py:4180} INFO - Setting next_dagrun for example_external_task_marker_child to None, run_after=None
[2024-11-11T03:03:16.217+0000] {logging_mixin.py:190} INFO - [2024-11-11T03:03:16.217+0000] {dag.py:4180} INFO - Setting next_dagrun for example_external_task_marker_parent to None, run_after=None
[2024-11-11T03:03:16.224+0000] {processor.py:208} INFO - Processing /home/airflow/.local/lib/python3.12/site-packages/airflow/example_dags/example_external_task_marker_dag.py took 0.039 seconds
[2024-11-11T03:03:46.581+0000] {processor.py:186} INFO - Started process (PID=4802) to work on /home/airflow/.local/lib/python3.12/site-packages/airflow/example_dags/example_external_task_marker_dag.py
[2024-11-11T03:03:46.582+0000] {processor.py:914} INFO - Processing file /home/airflow/.local/lib/python3.12/site-packages/airflow/example_dags/example_external_task_marker_dag.py for tasks to queue
[2024-11-11T03:03:46.584+0000] {logging_mixin.py:190} INFO - [2024-11-11T03:03:46.584+0000] {dagbag.py:588} INFO - Filling up the DagBag from /home/airflow/.local/lib/python3.12/site-packages/airflow/example_dags/example_external_task_marker_dag.py
[2024-11-11T03:03:46.591+0000] {processor.py:925} INFO - DAG(s) 'example_external_task_marker_parent', 'example_external_task_marker_child' retrieved from /home/airflow/.local/lib/python3.12/site-packages/airflow/example_dags/example_external_task_marker_dag.py
[2024-11-11T03:03:46.606+0000] {logging_mixin.py:190} INFO - [2024-11-11T03:03:46.606+0000] {dag.py:3239} INFO - Sync 2 DAGs
[2024-11-11T03:03:46.616+0000] {logging_mixin.py:190} INFO - [2024-11-11T03:03:46.616+0000] {dag.py:4180} INFO - Setting next_dagrun for example_external_task_marker_child to None, run_after=None
[2024-11-11T03:03:46.618+0000] {logging_mixin.py:190} INFO - [2024-11-11T03:03:46.618+0000] {dag.py:4180} INFO - Setting next_dagrun for example_external_task_marker_parent to None, run_after=None
[2024-11-11T03:03:46.627+0000] {processor.py:208} INFO - Processing /home/airflow/.local/lib/python3.12/site-packages/airflow/example_dags/example_external_task_marker_dag.py took 0.051 seconds
[2024-11-11T03:04:17.101+0000] {processor.py:186} INFO - Started process (PID=4865) to work on /home/airflow/.local/lib/python3.12/site-packages/airflow/example_dags/example_external_task_marker_dag.py
[2024-11-11T03:04:17.102+0000] {processor.py:914} INFO - Processing file /home/airflow/.local/lib/python3.12/site-packages/airflow/example_dags/example_external_task_marker_dag.py for tasks to queue
[2024-11-11T03:04:17.104+0000] {logging_mixin.py:190} INFO - [2024-11-11T03:04:17.103+0000] {dagbag.py:588} INFO - Filling up the DagBag from /home/airflow/.local/lib/python3.12/site-packages/airflow/example_dags/example_external_task_marker_dag.py
[2024-11-11T03:04:17.108+0000] {processor.py:925} INFO - DAG(s) 'example_external_task_marker_parent', 'example_external_task_marker_child' retrieved from /home/airflow/.local/lib/python3.12/site-packages/airflow/example_dags/example_external_task_marker_dag.py
[2024-11-11T03:04:17.120+0000] {logging_mixin.py:190} INFO - [2024-11-11T03:04:17.120+0000] {dag.py:3239} INFO - Sync 2 DAGs
[2024-11-11T03:04:17.128+0000] {logging_mixin.py:190} INFO - [2024-11-11T03:04:17.127+0000] {dag.py:4180} INFO - Setting next_dagrun for example_external_task_marker_child to None, run_after=None
[2024-11-11T03:04:17.129+0000] {logging_mixin.py:190} INFO - [2024-11-11T03:04:17.129+0000] {dag.py:4180} INFO - Setting next_dagrun for example_external_task_marker_parent to None, run_after=None
[2024-11-11T03:04:17.136+0000] {processor.py:208} INFO - Processing /home/airflow/.local/lib/python3.12/site-packages/airflow/example_dags/example_external_task_marker_dag.py took 0.038 seconds
[2024-11-11T03:04:47.646+0000] {processor.py:186} INFO - Started process (PID=4928) to work on /home/airflow/.local/lib/python3.12/site-packages/airflow/example_dags/example_external_task_marker_dag.py
[2024-11-11T03:04:47.647+0000] {processor.py:914} INFO - Processing file /home/airflow/.local/lib/python3.12/site-packages/airflow/example_dags/example_external_task_marker_dag.py for tasks to queue
[2024-11-11T03:04:47.648+0000] {logging_mixin.py:190} INFO - [2024-11-11T03:04:47.648+0000] {dagbag.py:588} INFO - Filling up the DagBag from /home/airflow/.local/lib/python3.12/site-packages/airflow/example_dags/example_external_task_marker_dag.py
[2024-11-11T03:04:47.653+0000] {processor.py:925} INFO - DAG(s) 'example_external_task_marker_parent', 'example_external_task_marker_child' retrieved from /home/airflow/.local/lib/python3.12/site-packages/airflow/example_dags/example_external_task_marker_dag.py
[2024-11-11T03:04:47.665+0000] {logging_mixin.py:190} INFO - [2024-11-11T03:04:47.665+0000] {dag.py:3239} INFO - Sync 2 DAGs
[2024-11-11T03:04:47.673+0000] {logging_mixin.py:190} INFO - [2024-11-11T03:04:47.673+0000] {dag.py:4180} INFO - Setting next_dagrun for example_external_task_marker_child to None, run_after=None
[2024-11-11T03:04:47.675+0000] {logging_mixin.py:190} INFO - [2024-11-11T03:04:47.675+0000] {dag.py:4180} INFO - Setting next_dagrun for example_external_task_marker_parent to None, run_after=None
[2024-11-11T03:04:47.682+0000] {processor.py:208} INFO - Processing /home/airflow/.local/lib/python3.12/site-packages/airflow/example_dags/example_external_task_marker_dag.py took 0.040 seconds
[2024-11-11T03:05:18.054+0000] {processor.py:186} INFO - Started process (PID=4991) to work on /home/airflow/.local/lib/python3.12/site-packages/airflow/example_dags/example_external_task_marker_dag.py
[2024-11-11T03:05:18.055+0000] {processor.py:914} INFO - Processing file /home/airflow/.local/lib/python3.12/site-packages/airflow/example_dags/example_external_task_marker_dag.py for tasks to queue
[2024-11-11T03:05:18.056+0000] {logging_mixin.py:190} INFO - [2024-11-11T03:05:18.056+0000] {dagbag.py:588} INFO - Filling up the DagBag from /home/airflow/.local/lib/python3.12/site-packages/airflow/example_dags/example_external_task_marker_dag.py
[2024-11-11T03:05:18.061+0000] {processor.py:925} INFO - DAG(s) 'example_external_task_marker_parent', 'example_external_task_marker_child' retrieved from /home/airflow/.local/lib/python3.12/site-packages/airflow/example_dags/example_external_task_marker_dag.py
[2024-11-11T03:05:18.073+0000] {logging_mixin.py:190} INFO - [2024-11-11T03:05:18.073+0000] {dag.py:3239} INFO - Sync 2 DAGs
[2024-11-11T03:05:18.080+0000] {logging_mixin.py:190} INFO - [2024-11-11T03:05:18.080+0000] {dag.py:4180} INFO - Setting next_dagrun for example_external_task_marker_child to None, run_after=None
[2024-11-11T03:05:18.082+0000] {logging_mixin.py:190} INFO - [2024-11-11T03:05:18.082+0000] {dag.py:4180} INFO - Setting next_dagrun for example_external_task_marker_parent to None, run_after=None
[2024-11-11T03:05:18.090+0000] {processor.py:208} INFO - Processing /home/airflow/.local/lib/python3.12/site-packages/airflow/example_dags/example_external_task_marker_dag.py took 0.039 seconds
[2024-11-11T03:05:48.388+0000] {processor.py:186} INFO - Started process (PID=5054) to work on /home/airflow/.local/lib/python3.12/site-packages/airflow/example_dags/example_external_task_marker_dag.py
[2024-11-11T03:05:48.388+0000] {processor.py:914} INFO - Processing file /home/airflow/.local/lib/python3.12/site-packages/airflow/example_dags/example_external_task_marker_dag.py for tasks to queue
[2024-11-11T03:05:48.390+0000] {logging_mixin.py:190} INFO - [2024-11-11T03:05:48.390+0000] {dagbag.py:588} INFO - Filling up the DagBag from /home/airflow/.local/lib/python3.12/site-packages/airflow/example_dags/example_external_task_marker_dag.py
[2024-11-11T03:05:48.395+0000] {processor.py:925} INFO - DAG(s) 'example_external_task_marker_child', 'example_external_task_marker_parent' retrieved from /home/airflow/.local/lib/python3.12/site-packages/airflow/example_dags/example_external_task_marker_dag.py
[2024-11-11T03:05:48.407+0000] {logging_mixin.py:190} INFO - [2024-11-11T03:05:48.407+0000] {dag.py:3239} INFO - Sync 2 DAGs
[2024-11-11T03:05:48.415+0000] {logging_mixin.py:190} INFO - [2024-11-11T03:05:48.414+0000] {dag.py:4180} INFO - Setting next_dagrun for example_external_task_marker_child to None, run_after=None
[2024-11-11T03:05:48.418+0000] {logging_mixin.py:190} INFO - [2024-11-11T03:05:48.417+0000] {dag.py:4180} INFO - Setting next_dagrun for example_external_task_marker_parent to None, run_after=None
[2024-11-11T03:05:48.426+0000] {processor.py:208} INFO - Processing /home/airflow/.local/lib/python3.12/site-packages/airflow/example_dags/example_external_task_marker_dag.py took 0.041 seconds
[2024-11-11T03:06:18.730+0000] {processor.py:186} INFO - Started process (PID=5117) to work on /home/airflow/.local/lib/python3.12/site-packages/airflow/example_dags/example_external_task_marker_dag.py
[2024-11-11T03:06:18.730+0000] {processor.py:914} INFO - Processing file /home/airflow/.local/lib/python3.12/site-packages/airflow/example_dags/example_external_task_marker_dag.py for tasks to queue
[2024-11-11T03:06:18.732+0000] {logging_mixin.py:190} INFO - [2024-11-11T03:06:18.732+0000] {dagbag.py:588} INFO - Filling up the DagBag from /home/airflow/.local/lib/python3.12/site-packages/airflow/example_dags/example_external_task_marker_dag.py
[2024-11-11T03:06:18.737+0000] {processor.py:925} INFO - DAG(s) 'example_external_task_marker_child', 'example_external_task_marker_parent' retrieved from /home/airflow/.local/lib/python3.12/site-packages/airflow/example_dags/example_external_task_marker_dag.py
[2024-11-11T03:06:18.749+0000] {logging_mixin.py:190} INFO - [2024-11-11T03:06:18.749+0000] {dag.py:3239} INFO - Sync 2 DAGs
[2024-11-11T03:06:18.756+0000] {logging_mixin.py:190} INFO - [2024-11-11T03:06:18.756+0000] {dag.py:4180} INFO - Setting next_dagrun for example_external_task_marker_child to None, run_after=None
[2024-11-11T03:06:18.758+0000] {logging_mixin.py:190} INFO - [2024-11-11T03:06:18.758+0000] {dag.py:4180} INFO - Setting next_dagrun for example_external_task_marker_parent to None, run_after=None
[2024-11-11T03:06:18.766+0000] {processor.py:208} INFO - Processing /home/airflow/.local/lib/python3.12/site-packages/airflow/example_dags/example_external_task_marker_dag.py took 0.039 seconds
[2024-11-11T03:06:49.200+0000] {processor.py:186} INFO - Started process (PID=5180) to work on /home/airflow/.local/lib/python3.12/site-packages/airflow/example_dags/example_external_task_marker_dag.py
[2024-11-11T03:06:49.200+0000] {processor.py:914} INFO - Processing file /home/airflow/.local/lib/python3.12/site-packages/airflow/example_dags/example_external_task_marker_dag.py for tasks to queue
[2024-11-11T03:06:49.202+0000] {logging_mixin.py:190} INFO - [2024-11-11T03:06:49.201+0000] {dagbag.py:588} INFO - Filling up the DagBag from /home/airflow/.local/lib/python3.12/site-packages/airflow/example_dags/example_external_task_marker_dag.py
[2024-11-11T03:06:49.206+0000] {processor.py:925} INFO - DAG(s) 'example_external_task_marker_child', 'example_external_task_marker_parent' retrieved from /home/airflow/.local/lib/python3.12/site-packages/airflow/example_dags/example_external_task_marker_dag.py
[2024-11-11T03:06:49.217+0000] {logging_mixin.py:190} INFO - [2024-11-11T03:06:49.217+0000] {dag.py:3239} INFO - Sync 2 DAGs
[2024-11-11T03:06:49.224+0000] {logging_mixin.py:190} INFO - [2024-11-11T03:06:49.224+0000] {dag.py:4180} INFO - Setting next_dagrun for example_external_task_marker_child to None, run_after=None
[2024-11-11T03:06:49.226+0000] {logging_mixin.py:190} INFO - [2024-11-11T03:06:49.226+0000] {dag.py:4180} INFO - Setting next_dagrun for example_external_task_marker_parent to None, run_after=None
[2024-11-11T03:06:49.233+0000] {processor.py:208} INFO - Processing /home/airflow/.local/lib/python3.12/site-packages/airflow/example_dags/example_external_task_marker_dag.py took 0.037 seconds
[2024-11-11T03:07:19.719+0000] {processor.py:186} INFO - Started process (PID=5244) to work on /home/airflow/.local/lib/python3.12/site-packages/airflow/example_dags/example_external_task_marker_dag.py
[2024-11-11T03:07:19.720+0000] {processor.py:914} INFO - Processing file /home/airflow/.local/lib/python3.12/site-packages/airflow/example_dags/example_external_task_marker_dag.py for tasks to queue
[2024-11-11T03:07:19.721+0000] {logging_mixin.py:190} INFO - [2024-11-11T03:07:19.721+0000] {dagbag.py:588} INFO - Filling up the DagBag from /home/airflow/.local/lib/python3.12/site-packages/airflow/example_dags/example_external_task_marker_dag.py
[2024-11-11T03:07:19.725+0000] {processor.py:925} INFO - DAG(s) 'example_external_task_marker_parent', 'example_external_task_marker_child' retrieved from /home/airflow/.local/lib/python3.12/site-packages/airflow/example_dags/example_external_task_marker_dag.py
[2024-11-11T03:07:19.736+0000] {logging_mixin.py:190} INFO - [2024-11-11T03:07:19.736+0000] {dag.py:3239} INFO - Sync 2 DAGs
[2024-11-11T03:07:19.743+0000] {logging_mixin.py:190} INFO - [2024-11-11T03:07:19.743+0000] {dag.py:4180} INFO - Setting next_dagrun for example_external_task_marker_child to None, run_after=None
[2024-11-11T03:07:19.745+0000] {logging_mixin.py:190} INFO - [2024-11-11T03:07:19.745+0000] {dag.py:4180} INFO - Setting next_dagrun for example_external_task_marker_parent to None, run_after=None
[2024-11-11T03:07:19.752+0000] {processor.py:208} INFO - Processing /home/airflow/.local/lib/python3.12/site-packages/airflow/example_dags/example_external_task_marker_dag.py took 0.037 seconds
[2024-11-11T03:07:50.549+0000] {processor.py:186} INFO - Started process (PID=5307) to work on /home/airflow/.local/lib/python3.12/site-packages/airflow/example_dags/example_external_task_marker_dag.py
[2024-11-11T03:07:50.549+0000] {processor.py:914} INFO - Processing file /home/airflow/.local/lib/python3.12/site-packages/airflow/example_dags/example_external_task_marker_dag.py for tasks to queue
[2024-11-11T03:07:50.551+0000] {logging_mixin.py:190} INFO - [2024-11-11T03:07:50.551+0000] {dagbag.py:588} INFO - Filling up the DagBag from /home/airflow/.local/lib/python3.12/site-packages/airflow/example_dags/example_external_task_marker_dag.py
[2024-11-11T03:07:50.556+0000] {processor.py:925} INFO - DAG(s) 'example_external_task_marker_parent', 'example_external_task_marker_child' retrieved from /home/airflow/.local/lib/python3.12/site-packages/airflow/example_dags/example_external_task_marker_dag.py
[2024-11-11T03:07:50.569+0000] {logging_mixin.py:190} INFO - [2024-11-11T03:07:50.569+0000] {dag.py:3239} INFO - Sync 2 DAGs
[2024-11-11T03:07:50.576+0000] {logging_mixin.py:190} INFO - [2024-11-11T03:07:50.576+0000] {dag.py:4180} INFO - Setting next_dagrun for example_external_task_marker_child to None, run_after=None
[2024-11-11T03:07:50.578+0000] {logging_mixin.py:190} INFO - [2024-11-11T03:07:50.578+0000] {dag.py:4180} INFO - Setting next_dagrun for example_external_task_marker_parent to None, run_after=None
[2024-11-11T03:07:50.586+0000] {processor.py:208} INFO - Processing /home/airflow/.local/lib/python3.12/site-packages/airflow/example_dags/example_external_task_marker_dag.py took 0.040 seconds
[2024-11-11T03:08:21.070+0000] {processor.py:186} INFO - Started process (PID=5370) to work on /home/airflow/.local/lib/python3.12/site-packages/airflow/example_dags/example_external_task_marker_dag.py
[2024-11-11T03:08:21.071+0000] {processor.py:914} INFO - Processing file /home/airflow/.local/lib/python3.12/site-packages/airflow/example_dags/example_external_task_marker_dag.py for tasks to queue
[2024-11-11T03:08:21.072+0000] {logging_mixin.py:190} INFO - [2024-11-11T03:08:21.072+0000] {dagbag.py:588} INFO - Filling up the DagBag from /home/airflow/.local/lib/python3.12/site-packages/airflow/example_dags/example_external_task_marker_dag.py
[2024-11-11T03:08:21.077+0000] {processor.py:925} INFO - DAG(s) 'example_external_task_marker_child', 'example_external_task_marker_parent' retrieved from /home/airflow/.local/lib/python3.12/site-packages/airflow/example_dags/example_external_task_marker_dag.py
[2024-11-11T03:08:21.089+0000] {logging_mixin.py:190} INFO - [2024-11-11T03:08:21.089+0000] {dag.py:3239} INFO - Sync 2 DAGs
[2024-11-11T03:08:21.097+0000] {logging_mixin.py:190} INFO - [2024-11-11T03:08:21.097+0000] {dag.py:4180} INFO - Setting next_dagrun for example_external_task_marker_child to None, run_after=None
[2024-11-11T03:08:21.099+0000] {logging_mixin.py:190} INFO - [2024-11-11T03:08:21.099+0000] {dag.py:4180} INFO - Setting next_dagrun for example_external_task_marker_parent to None, run_after=None
[2024-11-11T03:08:21.107+0000] {processor.py:208} INFO - Processing /home/airflow/.local/lib/python3.12/site-packages/airflow/example_dags/example_external_task_marker_dag.py took 0.040 seconds
[2024-11-11T03:08:51.602+0000] {processor.py:186} INFO - Started process (PID=5433) to work on /home/airflow/.local/lib/python3.12/site-packages/airflow/example_dags/example_external_task_marker_dag.py
[2024-11-11T03:08:51.603+0000] {processor.py:914} INFO - Processing file /home/airflow/.local/lib/python3.12/site-packages/airflow/example_dags/example_external_task_marker_dag.py for tasks to queue
[2024-11-11T03:08:51.604+0000] {logging_mixin.py:190} INFO - [2024-11-11T03:08:51.604+0000] {dagbag.py:588} INFO - Filling up the DagBag from /home/airflow/.local/lib/python3.12/site-packages/airflow/example_dags/example_external_task_marker_dag.py
[2024-11-11T03:08:51.609+0000] {processor.py:925} INFO - DAG(s) 'example_external_task_marker_parent', 'example_external_task_marker_child' retrieved from /home/airflow/.local/lib/python3.12/site-packages/airflow/example_dags/example_external_task_marker_dag.py
[2024-11-11T03:08:51.621+0000] {logging_mixin.py:190} INFO - [2024-11-11T03:08:51.621+0000] {dag.py:3239} INFO - Sync 2 DAGs
[2024-11-11T03:08:51.629+0000] {logging_mixin.py:190} INFO - [2024-11-11T03:08:51.628+0000] {dag.py:4180} INFO - Setting next_dagrun for example_external_task_marker_child to None, run_after=None
[2024-11-11T03:08:51.631+0000] {logging_mixin.py:190} INFO - [2024-11-11T03:08:51.631+0000] {dag.py:4180} INFO - Setting next_dagrun for example_external_task_marker_parent to None, run_after=None
[2024-11-11T03:08:51.638+0000] {processor.py:208} INFO - Processing /home/airflow/.local/lib/python3.12/site-packages/airflow/example_dags/example_external_task_marker_dag.py took 0.040 seconds
[2024-11-11T03:09:22.077+0000] {processor.py:186} INFO - Started process (PID=5496) to work on /home/airflow/.local/lib/python3.12/site-packages/airflow/example_dags/example_external_task_marker_dag.py
[2024-11-11T03:09:22.078+0000] {processor.py:914} INFO - Processing file /home/airflow/.local/lib/python3.12/site-packages/airflow/example_dags/example_external_task_marker_dag.py for tasks to queue
[2024-11-11T03:09:22.079+0000] {logging_mixin.py:190} INFO - [2024-11-11T03:09:22.079+0000] {dagbag.py:588} INFO - Filling up the DagBag from /home/airflow/.local/lib/python3.12/site-packages/airflow/example_dags/example_external_task_marker_dag.py
[2024-11-11T03:09:22.084+0000] {processor.py:925} INFO - DAG(s) 'example_external_task_marker_parent', 'example_external_task_marker_child' retrieved from /home/airflow/.local/lib/python3.12/site-packages/airflow/example_dags/example_external_task_marker_dag.py
[2024-11-11T03:09:22.096+0000] {logging_mixin.py:190} INFO - [2024-11-11T03:09:22.096+0000] {dag.py:3239} INFO - Sync 2 DAGs
[2024-11-11T03:09:22.104+0000] {logging_mixin.py:190} INFO - [2024-11-11T03:09:22.104+0000] {dag.py:4180} INFO - Setting next_dagrun for example_external_task_marker_child to None, run_after=None
[2024-11-11T03:09:22.106+0000] {logging_mixin.py:190} INFO - [2024-11-11T03:09:22.106+0000] {dag.py:4180} INFO - Setting next_dagrun for example_external_task_marker_parent to None, run_after=None
[2024-11-11T03:09:22.113+0000] {processor.py:208} INFO - Processing /home/airflow/.local/lib/python3.12/site-packages/airflow/example_dags/example_external_task_marker_dag.py took 0.040 seconds
[2024-11-11T03:09:52.787+0000] {processor.py:186} INFO - Started process (PID=5559) to work on /home/airflow/.local/lib/python3.12/site-packages/airflow/example_dags/example_external_task_marker_dag.py
[2024-11-11T03:09:52.788+0000] {processor.py:914} INFO - Processing file /home/airflow/.local/lib/python3.12/site-packages/airflow/example_dags/example_external_task_marker_dag.py for tasks to queue
[2024-11-11T03:09:52.789+0000] {logging_mixin.py:190} INFO - [2024-11-11T03:09:52.789+0000] {dagbag.py:588} INFO - Filling up the DagBag from /home/airflow/.local/lib/python3.12/site-packages/airflow/example_dags/example_external_task_marker_dag.py
[2024-11-11T03:09:52.794+0000] {processor.py:925} INFO - DAG(s) 'example_external_task_marker_child', 'example_external_task_marker_parent' retrieved from /home/airflow/.local/lib/python3.12/site-packages/airflow/example_dags/example_external_task_marker_dag.py
[2024-11-11T03:09:52.806+0000] {logging_mixin.py:190} INFO - [2024-11-11T03:09:52.806+0000] {dag.py:3239} INFO - Sync 2 DAGs
[2024-11-11T03:09:52.814+0000] {logging_mixin.py:190} INFO - [2024-11-11T03:09:52.814+0000] {dag.py:4180} INFO - Setting next_dagrun for example_external_task_marker_child to None, run_after=None
[2024-11-11T03:09:52.816+0000] {logging_mixin.py:190} INFO - [2024-11-11T03:09:52.816+0000] {dag.py:4180} INFO - Setting next_dagrun for example_external_task_marker_parent to None, run_after=None
[2024-11-11T03:09:52.824+0000] {processor.py:208} INFO - Processing /home/airflow/.local/lib/python3.12/site-packages/airflow/example_dags/example_external_task_marker_dag.py took 0.040 seconds
[2024-11-11T03:10:23.457+0000] {processor.py:186} INFO - Started process (PID=5622) to work on /home/airflow/.local/lib/python3.12/site-packages/airflow/example_dags/example_external_task_marker_dag.py
[2024-11-11T03:10:23.458+0000] {processor.py:914} INFO - Processing file /home/airflow/.local/lib/python3.12/site-packages/airflow/example_dags/example_external_task_marker_dag.py for tasks to queue
[2024-11-11T03:10:23.459+0000] {logging_mixin.py:190} INFO - [2024-11-11T03:10:23.459+0000] {dagbag.py:588} INFO - Filling up the DagBag from /home/airflow/.local/lib/python3.12/site-packages/airflow/example_dags/example_external_task_marker_dag.py
[2024-11-11T03:10:23.464+0000] {processor.py:925} INFO - DAG(s) 'example_external_task_marker_parent', 'example_external_task_marker_child' retrieved from /home/airflow/.local/lib/python3.12/site-packages/airflow/example_dags/example_external_task_marker_dag.py
[2024-11-11T03:10:23.476+0000] {logging_mixin.py:190} INFO - [2024-11-11T03:10:23.476+0000] {dag.py:3239} INFO - Sync 2 DAGs
[2024-11-11T03:10:23.484+0000] {logging_mixin.py:190} INFO - [2024-11-11T03:10:23.484+0000] {dag.py:4180} INFO - Setting next_dagrun for example_external_task_marker_child to None, run_after=None
[2024-11-11T03:10:23.486+0000] {logging_mixin.py:190} INFO - [2024-11-11T03:10:23.486+0000] {dag.py:4180} INFO - Setting next_dagrun for example_external_task_marker_parent to None, run_after=None
[2024-11-11T03:10:23.494+0000] {processor.py:208} INFO - Processing /home/airflow/.local/lib/python3.12/site-packages/airflow/example_dags/example_external_task_marker_dag.py took 0.040 seconds
[2024-11-11T03:10:54.454+0000] {processor.py:186} INFO - Started process (PID=5685) to work on /home/airflow/.local/lib/python3.12/site-packages/airflow/example_dags/example_external_task_marker_dag.py
[2024-11-11T03:10:54.455+0000] {processor.py:914} INFO - Processing file /home/airflow/.local/lib/python3.12/site-packages/airflow/example_dags/example_external_task_marker_dag.py for tasks to queue
[2024-11-11T03:10:54.457+0000] {logging_mixin.py:190} INFO - [2024-11-11T03:10:54.456+0000] {dagbag.py:588} INFO - Filling up the DagBag from /home/airflow/.local/lib/python3.12/site-packages/airflow/example_dags/example_external_task_marker_dag.py
[2024-11-11T03:10:54.461+0000] {processor.py:925} INFO - DAG(s) 'example_external_task_marker_parent', 'example_external_task_marker_child' retrieved from /home/airflow/.local/lib/python3.12/site-packages/airflow/example_dags/example_external_task_marker_dag.py
[2024-11-11T03:10:54.473+0000] {logging_mixin.py:190} INFO - [2024-11-11T03:10:54.473+0000] {dag.py:3239} INFO - Sync 2 DAGs
[2024-11-11T03:10:54.480+0000] {logging_mixin.py:190} INFO - [2024-11-11T03:10:54.480+0000] {dag.py:4180} INFO - Setting next_dagrun for example_external_task_marker_child to None, run_after=None
[2024-11-11T03:10:54.482+0000] {logging_mixin.py:190} INFO - [2024-11-11T03:10:54.482+0000] {dag.py:4180} INFO - Setting next_dagrun for example_external_task_marker_parent to None, run_after=None
[2024-11-11T03:10:54.490+0000] {processor.py:208} INFO - Processing /home/airflow/.local/lib/python3.12/site-packages/airflow/example_dags/example_external_task_marker_dag.py took 0.039 seconds
[2024-11-11T03:22:06.030+0000] {processor.py:186} INFO - Started process (PID=5748) to work on /home/airflow/.local/lib/python3.12/site-packages/airflow/example_dags/example_external_task_marker_dag.py
[2024-11-11T03:22:06.031+0000] {processor.py:914} INFO - Processing file /home/airflow/.local/lib/python3.12/site-packages/airflow/example_dags/example_external_task_marker_dag.py for tasks to queue
[2024-11-11T03:22:06.032+0000] {logging_mixin.py:190} INFO - [2024-11-11T03:22:06.032+0000] {dagbag.py:588} INFO - Filling up the DagBag from /home/airflow/.local/lib/python3.12/site-packages/airflow/example_dags/example_external_task_marker_dag.py
[2024-11-11T03:22:06.036+0000] {processor.py:925} INFO - DAG(s) 'example_external_task_marker_child', 'example_external_task_marker_parent' retrieved from /home/airflow/.local/lib/python3.12/site-packages/airflow/example_dags/example_external_task_marker_dag.py
[2024-11-11T03:22:06.047+0000] {logging_mixin.py:190} INFO - [2024-11-11T03:22:06.047+0000] {dag.py:3239} INFO - Sync 2 DAGs
[2024-11-11T03:22:06.054+0000] {logging_mixin.py:190} INFO - [2024-11-11T03:22:06.054+0000] {dag.py:4180} INFO - Setting next_dagrun for example_external_task_marker_child to None, run_after=None
[2024-11-11T03:22:06.056+0000] {logging_mixin.py:190} INFO - [2024-11-11T03:22:06.056+0000] {dag.py:4180} INFO - Setting next_dagrun for example_external_task_marker_parent to None, run_after=None
[2024-11-11T03:22:06.064+0000] {processor.py:208} INFO - Processing /home/airflow/.local/lib/python3.12/site-packages/airflow/example_dags/example_external_task_marker_dag.py took 0.037 seconds
[2024-11-11T03:22:36.942+0000] {processor.py:186} INFO - Started process (PID=5811) to work on /home/airflow/.local/lib/python3.12/site-packages/airflow/example_dags/example_external_task_marker_dag.py
[2024-11-11T03:22:36.943+0000] {processor.py:914} INFO - Processing file /home/airflow/.local/lib/python3.12/site-packages/airflow/example_dags/example_external_task_marker_dag.py for tasks to queue
[2024-11-11T03:22:36.944+0000] {logging_mixin.py:190} INFO - [2024-11-11T03:22:36.944+0000] {dagbag.py:588} INFO - Filling up the DagBag from /home/airflow/.local/lib/python3.12/site-packages/airflow/example_dags/example_external_task_marker_dag.py
[2024-11-11T03:22:36.949+0000] {processor.py:925} INFO - DAG(s) 'example_external_task_marker_parent', 'example_external_task_marker_child' retrieved from /home/airflow/.local/lib/python3.12/site-packages/airflow/example_dags/example_external_task_marker_dag.py
[2024-11-11T03:22:36.961+0000] {logging_mixin.py:190} INFO - [2024-11-11T03:22:36.961+0000] {dag.py:3239} INFO - Sync 2 DAGs
[2024-11-11T03:22:36.969+0000] {logging_mixin.py:190} INFO - [2024-11-11T03:22:36.969+0000] {dag.py:4180} INFO - Setting next_dagrun for example_external_task_marker_child to None, run_after=None
[2024-11-11T03:22:36.971+0000] {logging_mixin.py:190} INFO - [2024-11-11T03:22:36.971+0000] {dag.py:4180} INFO - Setting next_dagrun for example_external_task_marker_parent to None, run_after=None
[2024-11-11T03:22:36.979+0000] {processor.py:208} INFO - Processing /home/airflow/.local/lib/python3.12/site-packages/airflow/example_dags/example_external_task_marker_dag.py took 0.041 seconds
[2024-11-11T03:23:08.093+0000] {processor.py:186} INFO - Started process (PID=5874) to work on /home/airflow/.local/lib/python3.12/site-packages/airflow/example_dags/example_external_task_marker_dag.py
[2024-11-11T03:23:08.094+0000] {processor.py:914} INFO - Processing file /home/airflow/.local/lib/python3.12/site-packages/airflow/example_dags/example_external_task_marker_dag.py for tasks to queue
[2024-11-11T03:23:08.095+0000] {logging_mixin.py:190} INFO - [2024-11-11T03:23:08.095+0000] {dagbag.py:588} INFO - Filling up the DagBag from /home/airflow/.local/lib/python3.12/site-packages/airflow/example_dags/example_external_task_marker_dag.py
[2024-11-11T03:23:08.100+0000] {processor.py:925} INFO - DAG(s) 'example_external_task_marker_child', 'example_external_task_marker_parent' retrieved from /home/airflow/.local/lib/python3.12/site-packages/airflow/example_dags/example_external_task_marker_dag.py
[2024-11-11T03:23:08.113+0000] {logging_mixin.py:190} INFO - [2024-11-11T03:23:08.113+0000] {dag.py:3239} INFO - Sync 2 DAGs
[2024-11-11T03:23:08.120+0000] {logging_mixin.py:190} INFO - [2024-11-11T03:23:08.120+0000] {dag.py:4180} INFO - Setting next_dagrun for example_external_task_marker_child to None, run_after=None
[2024-11-11T03:23:08.123+0000] {logging_mixin.py:190} INFO - [2024-11-11T03:23:08.123+0000] {dag.py:4180} INFO - Setting next_dagrun for example_external_task_marker_parent to None, run_after=None
[2024-11-11T03:23:08.131+0000] {processor.py:208} INFO - Processing /home/airflow/.local/lib/python3.12/site-packages/airflow/example_dags/example_external_task_marker_dag.py took 0.041 seconds
[2024-11-11T03:23:38.879+0000] {processor.py:186} INFO - Started process (PID=5937) to work on /home/airflow/.local/lib/python3.12/site-packages/airflow/example_dags/example_external_task_marker_dag.py
[2024-11-11T03:23:38.880+0000] {processor.py:914} INFO - Processing file /home/airflow/.local/lib/python3.12/site-packages/airflow/example_dags/example_external_task_marker_dag.py for tasks to queue
[2024-11-11T03:23:38.882+0000] {logging_mixin.py:190} INFO - [2024-11-11T03:23:38.882+0000] {dagbag.py:588} INFO - Filling up the DagBag from /home/airflow/.local/lib/python3.12/site-packages/airflow/example_dags/example_external_task_marker_dag.py
[2024-11-11T03:23:38.887+0000] {processor.py:925} INFO - DAG(s) 'example_external_task_marker_parent', 'example_external_task_marker_child' retrieved from /home/airflow/.local/lib/python3.12/site-packages/airflow/example_dags/example_external_task_marker_dag.py
[2024-11-11T03:23:38.899+0000] {logging_mixin.py:190} INFO - [2024-11-11T03:23:38.899+0000] {dag.py:3239} INFO - Sync 2 DAGs
[2024-11-11T03:23:38.907+0000] {logging_mixin.py:190} INFO - [2024-11-11T03:23:38.906+0000] {dag.py:4180} INFO - Setting next_dagrun for example_external_task_marker_child to None, run_after=None
[2024-11-11T03:23:38.909+0000] {logging_mixin.py:190} INFO - [2024-11-11T03:23:38.909+0000] {dag.py:4180} INFO - Setting next_dagrun for example_external_task_marker_parent to None, run_after=None
[2024-11-11T03:23:38.917+0000] {processor.py:208} INFO - Processing /home/airflow/.local/lib/python3.12/site-packages/airflow/example_dags/example_external_task_marker_dag.py took 0.041 seconds
[2024-11-11T03:24:09.838+0000] {processor.py:186} INFO - Started process (PID=6000) to work on /home/airflow/.local/lib/python3.12/site-packages/airflow/example_dags/example_external_task_marker_dag.py
[2024-11-11T03:24:09.839+0000] {processor.py:914} INFO - Processing file /home/airflow/.local/lib/python3.12/site-packages/airflow/example_dags/example_external_task_marker_dag.py for tasks to queue
[2024-11-11T03:24:09.840+0000] {logging_mixin.py:190} INFO - [2024-11-11T03:24:09.840+0000] {dagbag.py:588} INFO - Filling up the DagBag from /home/airflow/.local/lib/python3.12/site-packages/airflow/example_dags/example_external_task_marker_dag.py
[2024-11-11T03:24:09.845+0000] {processor.py:925} INFO - DAG(s) 'example_external_task_marker_child', 'example_external_task_marker_parent' retrieved from /home/airflow/.local/lib/python3.12/site-packages/airflow/example_dags/example_external_task_marker_dag.py
[2024-11-11T03:24:09.857+0000] {logging_mixin.py:190} INFO - [2024-11-11T03:24:09.857+0000] {dag.py:3239} INFO - Sync 2 DAGs
[2024-11-11T03:24:09.865+0000] {logging_mixin.py:190} INFO - [2024-11-11T03:24:09.865+0000] {dag.py:4180} INFO - Setting next_dagrun for example_external_task_marker_child to None, run_after=None
[2024-11-11T03:24:09.868+0000] {logging_mixin.py:190} INFO - [2024-11-11T03:24:09.867+0000] {dag.py:4180} INFO - Setting next_dagrun for example_external_task_marker_parent to None, run_after=None
[2024-11-11T03:24:09.875+0000] {processor.py:208} INFO - Processing /home/airflow/.local/lib/python3.12/site-packages/airflow/example_dags/example_external_task_marker_dag.py took 0.040 seconds
[2024-11-11T03:24:40.697+0000] {processor.py:186} INFO - Started process (PID=6062) to work on /home/airflow/.local/lib/python3.12/site-packages/airflow/example_dags/example_external_task_marker_dag.py
[2024-11-11T03:24:40.698+0000] {processor.py:914} INFO - Processing file /home/airflow/.local/lib/python3.12/site-packages/airflow/example_dags/example_external_task_marker_dag.py for tasks to queue
[2024-11-11T03:24:40.699+0000] {logging_mixin.py:190} INFO - [2024-11-11T03:24:40.699+0000] {dagbag.py:588} INFO - Filling up the DagBag from /home/airflow/.local/lib/python3.12/site-packages/airflow/example_dags/example_external_task_marker_dag.py
[2024-11-11T03:24:40.704+0000] {processor.py:925} INFO - DAG(s) 'example_external_task_marker_child', 'example_external_task_marker_parent' retrieved from /home/airflow/.local/lib/python3.12/site-packages/airflow/example_dags/example_external_task_marker_dag.py
[2024-11-11T03:24:40.717+0000] {logging_mixin.py:190} INFO - [2024-11-11T03:24:40.717+0000] {dag.py:3239} INFO - Sync 2 DAGs
[2024-11-11T03:24:40.725+0000] {logging_mixin.py:190} INFO - [2024-11-11T03:24:40.725+0000] {dag.py:4180} INFO - Setting next_dagrun for example_external_task_marker_child to None, run_after=None
[2024-11-11T03:24:40.727+0000] {logging_mixin.py:190} INFO - [2024-11-11T03:24:40.727+0000] {dag.py:4180} INFO - Setting next_dagrun for example_external_task_marker_parent to None, run_after=None
[2024-11-11T03:24:40.738+0000] {processor.py:208} INFO - Processing /home/airflow/.local/lib/python3.12/site-packages/airflow/example_dags/example_external_task_marker_dag.py took 0.044 seconds
[2024-11-11T03:25:11.427+0000] {processor.py:186} INFO - Started process (PID=6125) to work on /home/airflow/.local/lib/python3.12/site-packages/airflow/example_dags/example_external_task_marker_dag.py
[2024-11-11T03:25:11.427+0000] {processor.py:914} INFO - Processing file /home/airflow/.local/lib/python3.12/site-packages/airflow/example_dags/example_external_task_marker_dag.py for tasks to queue
[2024-11-11T03:25:11.429+0000] {logging_mixin.py:190} INFO - [2024-11-11T03:25:11.429+0000] {dagbag.py:588} INFO - Filling up the DagBag from /home/airflow/.local/lib/python3.12/site-packages/airflow/example_dags/example_external_task_marker_dag.py
[2024-11-11T03:25:11.434+0000] {processor.py:925} INFO - DAG(s) 'example_external_task_marker_parent', 'example_external_task_marker_child' retrieved from /home/airflow/.local/lib/python3.12/site-packages/airflow/example_dags/example_external_task_marker_dag.py
[2024-11-11T03:25:11.446+0000] {logging_mixin.py:190} INFO - [2024-11-11T03:25:11.446+0000] {dag.py:3239} INFO - Sync 2 DAGs
[2024-11-11T03:25:11.453+0000] {logging_mixin.py:190} INFO - [2024-11-11T03:25:11.453+0000] {dag.py:4180} INFO - Setting next_dagrun for example_external_task_marker_child to None, run_after=None
[2024-11-11T03:25:11.456+0000] {logging_mixin.py:190} INFO - [2024-11-11T03:25:11.456+0000] {dag.py:4180} INFO - Setting next_dagrun for example_external_task_marker_parent to None, run_after=None
[2024-11-11T03:25:11.463+0000] {processor.py:208} INFO - Processing /home/airflow/.local/lib/python3.12/site-packages/airflow/example_dags/example_external_task_marker_dag.py took 0.040 seconds
[2024-11-11T03:25:42.504+0000] {processor.py:186} INFO - Started process (PID=6188) to work on /home/airflow/.local/lib/python3.12/site-packages/airflow/example_dags/example_external_task_marker_dag.py
[2024-11-11T03:25:42.505+0000] {processor.py:914} INFO - Processing file /home/airflow/.local/lib/python3.12/site-packages/airflow/example_dags/example_external_task_marker_dag.py for tasks to queue
[2024-11-11T03:25:42.506+0000] {logging_mixin.py:190} INFO - [2024-11-11T03:25:42.506+0000] {dagbag.py:588} INFO - Filling up the DagBag from /home/airflow/.local/lib/python3.12/site-packages/airflow/example_dags/example_external_task_marker_dag.py
[2024-11-11T03:25:42.512+0000] {processor.py:925} INFO - DAG(s) 'example_external_task_marker_parent', 'example_external_task_marker_child' retrieved from /home/airflow/.local/lib/python3.12/site-packages/airflow/example_dags/example_external_task_marker_dag.py
[2024-11-11T03:25:42.526+0000] {logging_mixin.py:190} INFO - [2024-11-11T03:25:42.525+0000] {dag.py:3239} INFO - Sync 2 DAGs
[2024-11-11T03:25:42.534+0000] {logging_mixin.py:190} INFO - [2024-11-11T03:25:42.534+0000] {dag.py:4180} INFO - Setting next_dagrun for example_external_task_marker_child to None, run_after=None
[2024-11-11T03:25:42.536+0000] {logging_mixin.py:190} INFO - [2024-11-11T03:25:42.536+0000] {dag.py:4180} INFO - Setting next_dagrun for example_external_task_marker_parent to None, run_after=None
[2024-11-11T03:25:42.544+0000] {processor.py:208} INFO - Processing /home/airflow/.local/lib/python3.12/site-packages/airflow/example_dags/example_external_task_marker_dag.py took 0.045 seconds
[2024-11-11T03:26:13.250+0000] {processor.py:186} INFO - Started process (PID=6251) to work on /home/airflow/.local/lib/python3.12/site-packages/airflow/example_dags/example_external_task_marker_dag.py
[2024-11-11T03:26:13.251+0000] {processor.py:914} INFO - Processing file /home/airflow/.local/lib/python3.12/site-packages/airflow/example_dags/example_external_task_marker_dag.py for tasks to queue
[2024-11-11T03:26:13.252+0000] {logging_mixin.py:190} INFO - [2024-11-11T03:26:13.252+0000] {dagbag.py:588} INFO - Filling up the DagBag from /home/airflow/.local/lib/python3.12/site-packages/airflow/example_dags/example_external_task_marker_dag.py
[2024-11-11T03:26:13.257+0000] {processor.py:925} INFO - DAG(s) 'example_external_task_marker_child', 'example_external_task_marker_parent' retrieved from /home/airflow/.local/lib/python3.12/site-packages/airflow/example_dags/example_external_task_marker_dag.py
[2024-11-11T03:26:13.268+0000] {logging_mixin.py:190} INFO - [2024-11-11T03:26:13.268+0000] {dag.py:3239} INFO - Sync 2 DAGs
[2024-11-11T03:26:13.275+0000] {logging_mixin.py:190} INFO - [2024-11-11T03:26:13.275+0000] {dag.py:4180} INFO - Setting next_dagrun for example_external_task_marker_child to None, run_after=None
[2024-11-11T03:26:13.278+0000] {logging_mixin.py:190} INFO - [2024-11-11T03:26:13.277+0000] {dag.py:4180} INFO - Setting next_dagrun for example_external_task_marker_parent to None, run_after=None
[2024-11-11T03:26:13.285+0000] {processor.py:208} INFO - Processing /home/airflow/.local/lib/python3.12/site-packages/airflow/example_dags/example_external_task_marker_dag.py took 0.038 seconds
[2024-11-11T03:26:43.953+0000] {processor.py:186} INFO - Started process (PID=6314) to work on /home/airflow/.local/lib/python3.12/site-packages/airflow/example_dags/example_external_task_marker_dag.py
[2024-11-11T03:26:43.953+0000] {processor.py:914} INFO - Processing file /home/airflow/.local/lib/python3.12/site-packages/airflow/example_dags/example_external_task_marker_dag.py for tasks to queue
[2024-11-11T03:26:43.955+0000] {logging_mixin.py:190} INFO - [2024-11-11T03:26:43.954+0000] {dagbag.py:588} INFO - Filling up the DagBag from /home/airflow/.local/lib/python3.12/site-packages/airflow/example_dags/example_external_task_marker_dag.py
[2024-11-11T03:26:43.960+0000] {processor.py:925} INFO - DAG(s) 'example_external_task_marker_child', 'example_external_task_marker_parent' retrieved from /home/airflow/.local/lib/python3.12/site-packages/airflow/example_dags/example_external_task_marker_dag.py
[2024-11-11T03:26:43.974+0000] {logging_mixin.py:190} INFO - [2024-11-11T03:26:43.974+0000] {dag.py:3239} INFO - Sync 2 DAGs
[2024-11-11T03:26:43.982+0000] {logging_mixin.py:190} INFO - [2024-11-11T03:26:43.982+0000] {dag.py:4180} INFO - Setting next_dagrun for example_external_task_marker_child to None, run_after=None
[2024-11-11T03:26:43.984+0000] {logging_mixin.py:190} INFO - [2024-11-11T03:26:43.984+0000] {dag.py:4180} INFO - Setting next_dagrun for example_external_task_marker_parent to None, run_after=None
[2024-11-11T03:26:43.992+0000] {processor.py:208} INFO - Processing /home/airflow/.local/lib/python3.12/site-packages/airflow/example_dags/example_external_task_marker_dag.py took 0.043 seconds
[2024-11-11T03:27:14.869+0000] {processor.py:186} INFO - Started process (PID=6377) to work on /home/airflow/.local/lib/python3.12/site-packages/airflow/example_dags/example_external_task_marker_dag.py
[2024-11-11T03:27:14.870+0000] {processor.py:914} INFO - Processing file /home/airflow/.local/lib/python3.12/site-packages/airflow/example_dags/example_external_task_marker_dag.py for tasks to queue
[2024-11-11T03:27:14.871+0000] {logging_mixin.py:190} INFO - [2024-11-11T03:27:14.871+0000] {dagbag.py:588} INFO - Filling up the DagBag from /home/airflow/.local/lib/python3.12/site-packages/airflow/example_dags/example_external_task_marker_dag.py
[2024-11-11T03:27:14.877+0000] {processor.py:925} INFO - DAG(s) 'example_external_task_marker_parent', 'example_external_task_marker_child' retrieved from /home/airflow/.local/lib/python3.12/site-packages/airflow/example_dags/example_external_task_marker_dag.py
[2024-11-11T03:27:14.888+0000] {logging_mixin.py:190} INFO - [2024-11-11T03:27:14.888+0000] {dag.py:3239} INFO - Sync 2 DAGs
[2024-11-11T03:27:14.896+0000] {logging_mixin.py:190} INFO - [2024-11-11T03:27:14.895+0000] {dag.py:4180} INFO - Setting next_dagrun for example_external_task_marker_child to None, run_after=None
[2024-11-11T03:27:14.898+0000] {logging_mixin.py:190} INFO - [2024-11-11T03:27:14.897+0000] {dag.py:4180} INFO - Setting next_dagrun for example_external_task_marker_parent to None, run_after=None
[2024-11-11T03:27:14.904+0000] {processor.py:208} INFO - Processing /home/airflow/.local/lib/python3.12/site-packages/airflow/example_dags/example_external_task_marker_dag.py took 0.038 seconds
[2024-11-11T03:27:45.613+0000] {processor.py:186} INFO - Started process (PID=6440) to work on /home/airflow/.local/lib/python3.12/site-packages/airflow/example_dags/example_external_task_marker_dag.py
[2024-11-11T03:27:45.614+0000] {processor.py:914} INFO - Processing file /home/airflow/.local/lib/python3.12/site-packages/airflow/example_dags/example_external_task_marker_dag.py for tasks to queue
[2024-11-11T03:27:45.616+0000] {logging_mixin.py:190} INFO - [2024-11-11T03:27:45.616+0000] {dagbag.py:588} INFO - Filling up the DagBag from /home/airflow/.local/lib/python3.12/site-packages/airflow/example_dags/example_external_task_marker_dag.py
[2024-11-11T03:27:45.621+0000] {processor.py:925} INFO - DAG(s) 'example_external_task_marker_child', 'example_external_task_marker_parent' retrieved from /home/airflow/.local/lib/python3.12/site-packages/airflow/example_dags/example_external_task_marker_dag.py
[2024-11-11T03:27:45.636+0000] {logging_mixin.py:190} INFO - [2024-11-11T03:27:45.636+0000] {dag.py:3239} INFO - Sync 2 DAGs
[2024-11-11T03:27:45.645+0000] {logging_mixin.py:190} INFO - [2024-11-11T03:27:45.645+0000] {dag.py:4180} INFO - Setting next_dagrun for example_external_task_marker_child to None, run_after=None
[2024-11-11T03:27:45.647+0000] {logging_mixin.py:190} INFO - [2024-11-11T03:27:45.647+0000] {dag.py:4180} INFO - Setting next_dagrun for example_external_task_marker_parent to None, run_after=None
[2024-11-11T03:27:45.656+0000] {processor.py:208} INFO - Processing /home/airflow/.local/lib/python3.12/site-packages/airflow/example_dags/example_external_task_marker_dag.py took 0.047 seconds
[2024-11-11T03:28:16.400+0000] {processor.py:186} INFO - Started process (PID=6503) to work on /home/airflow/.local/lib/python3.12/site-packages/airflow/example_dags/example_external_task_marker_dag.py
[2024-11-11T03:28:16.401+0000] {processor.py:914} INFO - Processing file /home/airflow/.local/lib/python3.12/site-packages/airflow/example_dags/example_external_task_marker_dag.py for tasks to queue
[2024-11-11T03:28:16.402+0000] {logging_mixin.py:190} INFO - [2024-11-11T03:28:16.402+0000] {dagbag.py:588} INFO - Filling up the DagBag from /home/airflow/.local/lib/python3.12/site-packages/airflow/example_dags/example_external_task_marker_dag.py
[2024-11-11T03:28:16.408+0000] {processor.py:925} INFO - DAG(s) 'example_external_task_marker_parent', 'example_external_task_marker_child' retrieved from /home/airflow/.local/lib/python3.12/site-packages/airflow/example_dags/example_external_task_marker_dag.py
[2024-11-11T03:28:16.420+0000] {logging_mixin.py:190} INFO - [2024-11-11T03:28:16.420+0000] {dag.py:3239} INFO - Sync 2 DAGs
[2024-11-11T03:28:16.429+0000] {logging_mixin.py:190} INFO - [2024-11-11T03:28:16.429+0000] {dag.py:4180} INFO - Setting next_dagrun for example_external_task_marker_child to None, run_after=None
[2024-11-11T03:28:16.432+0000] {logging_mixin.py:190} INFO - [2024-11-11T03:28:16.432+0000] {dag.py:4180} INFO - Setting next_dagrun for example_external_task_marker_parent to None, run_after=None
[2024-11-11T03:28:16.440+0000] {processor.py:208} INFO - Processing /home/airflow/.local/lib/python3.12/site-packages/airflow/example_dags/example_external_task_marker_dag.py took 0.044 seconds
[2024-11-11T03:28:47.185+0000] {processor.py:186} INFO - Started process (PID=6566) to work on /home/airflow/.local/lib/python3.12/site-packages/airflow/example_dags/example_external_task_marker_dag.py
[2024-11-11T03:28:47.186+0000] {processor.py:914} INFO - Processing file /home/airflow/.local/lib/python3.12/site-packages/airflow/example_dags/example_external_task_marker_dag.py for tasks to queue
[2024-11-11T03:28:47.188+0000] {logging_mixin.py:190} INFO - [2024-11-11T03:28:47.187+0000] {dagbag.py:588} INFO - Filling up the DagBag from /home/airflow/.local/lib/python3.12/site-packages/airflow/example_dags/example_external_task_marker_dag.py
[2024-11-11T03:28:47.193+0000] {processor.py:925} INFO - DAG(s) 'example_external_task_marker_parent', 'example_external_task_marker_child' retrieved from /home/airflow/.local/lib/python3.12/site-packages/airflow/example_dags/example_external_task_marker_dag.py
[2024-11-11T03:28:47.205+0000] {logging_mixin.py:190} INFO - [2024-11-11T03:28:47.205+0000] {dag.py:3239} INFO - Sync 2 DAGs
[2024-11-11T03:28:47.212+0000] {logging_mixin.py:190} INFO - [2024-11-11T03:28:47.212+0000] {dag.py:4180} INFO - Setting next_dagrun for example_external_task_marker_child to None, run_after=None
[2024-11-11T03:28:47.214+0000] {logging_mixin.py:190} INFO - [2024-11-11T03:28:47.214+0000] {dag.py:4180} INFO - Setting next_dagrun for example_external_task_marker_parent to None, run_after=None
[2024-11-11T03:28:47.221+0000] {processor.py:208} INFO - Processing /home/airflow/.local/lib/python3.12/site-packages/airflow/example_dags/example_external_task_marker_dag.py took 0.040 seconds
[2024-11-11T03:29:17.937+0000] {processor.py:186} INFO - Started process (PID=6629) to work on /home/airflow/.local/lib/python3.12/site-packages/airflow/example_dags/example_external_task_marker_dag.py
[2024-11-11T03:29:17.938+0000] {processor.py:914} INFO - Processing file /home/airflow/.local/lib/python3.12/site-packages/airflow/example_dags/example_external_task_marker_dag.py for tasks to queue
[2024-11-11T03:29:17.940+0000] {logging_mixin.py:190} INFO - [2024-11-11T03:29:17.940+0000] {dagbag.py:588} INFO - Filling up the DagBag from /home/airflow/.local/lib/python3.12/site-packages/airflow/example_dags/example_external_task_marker_dag.py
[2024-11-11T03:29:17.946+0000] {processor.py:925} INFO - DAG(s) 'example_external_task_marker_parent', 'example_external_task_marker_child' retrieved from /home/airflow/.local/lib/python3.12/site-packages/airflow/example_dags/example_external_task_marker_dag.py
[2024-11-11T03:29:17.960+0000] {logging_mixin.py:190} INFO - [2024-11-11T03:29:17.960+0000] {dag.py:3239} INFO - Sync 2 DAGs
[2024-11-11T03:29:17.967+0000] {logging_mixin.py:190} INFO - [2024-11-11T03:29:17.967+0000] {dag.py:4180} INFO - Setting next_dagrun for example_external_task_marker_child to None, run_after=None
[2024-11-11T03:29:17.970+0000] {logging_mixin.py:190} INFO - [2024-11-11T03:29:17.969+0000] {dag.py:4180} INFO - Setting next_dagrun for example_external_task_marker_parent to None, run_after=None
[2024-11-11T03:29:17.979+0000] {processor.py:208} INFO - Processing /home/airflow/.local/lib/python3.12/site-packages/airflow/example_dags/example_external_task_marker_dag.py took 0.046 seconds
[2024-11-11T03:29:48.882+0000] {processor.py:186} INFO - Started process (PID=6691) to work on /home/airflow/.local/lib/python3.12/site-packages/airflow/example_dags/example_external_task_marker_dag.py
[2024-11-11T03:29:48.882+0000] {processor.py:914} INFO - Processing file /home/airflow/.local/lib/python3.12/site-packages/airflow/example_dags/example_external_task_marker_dag.py for tasks to queue
[2024-11-11T03:29:48.884+0000] {logging_mixin.py:190} INFO - [2024-11-11T03:29:48.883+0000] {dagbag.py:588} INFO - Filling up the DagBag from /home/airflow/.local/lib/python3.12/site-packages/airflow/example_dags/example_external_task_marker_dag.py
[2024-11-11T03:29:48.889+0000] {processor.py:925} INFO - DAG(s) 'example_external_task_marker_parent', 'example_external_task_marker_child' retrieved from /home/airflow/.local/lib/python3.12/site-packages/airflow/example_dags/example_external_task_marker_dag.py
[2024-11-11T03:29:48.901+0000] {logging_mixin.py:190} INFO - [2024-11-11T03:29:48.901+0000] {dag.py:3239} INFO - Sync 2 DAGs
[2024-11-11T03:29:48.910+0000] {logging_mixin.py:190} INFO - [2024-11-11T03:29:48.910+0000] {dag.py:4180} INFO - Setting next_dagrun for example_external_task_marker_child to None, run_after=None
[2024-11-11T03:29:48.913+0000] {logging_mixin.py:190} INFO - [2024-11-11T03:29:48.912+0000] {dag.py:4180} INFO - Setting next_dagrun for example_external_task_marker_parent to None, run_after=None
[2024-11-11T03:29:48.921+0000] {processor.py:208} INFO - Processing /home/airflow/.local/lib/python3.12/site-packages/airflow/example_dags/example_external_task_marker_dag.py took 0.043 seconds
[2024-11-11T03:30:19.926+0000] {processor.py:186} INFO - Started process (PID=6754) to work on /home/airflow/.local/lib/python3.12/site-packages/airflow/example_dags/example_external_task_marker_dag.py
[2024-11-11T03:30:19.928+0000] {processor.py:914} INFO - Processing file /home/airflow/.local/lib/python3.12/site-packages/airflow/example_dags/example_external_task_marker_dag.py for tasks to queue
[2024-11-11T03:30:19.931+0000] {logging_mixin.py:190} INFO - [2024-11-11T03:30:19.931+0000] {dagbag.py:588} INFO - Filling up the DagBag from /home/airflow/.local/lib/python3.12/site-packages/airflow/example_dags/example_external_task_marker_dag.py
[2024-11-11T03:30:19.947+0000] {processor.py:925} INFO - DAG(s) 'example_external_task_marker_parent', 'example_external_task_marker_child' retrieved from /home/airflow/.local/lib/python3.12/site-packages/airflow/example_dags/example_external_task_marker_dag.py
[2024-11-11T03:30:19.964+0000] {logging_mixin.py:190} INFO - [2024-11-11T03:30:19.964+0000] {dag.py:3239} INFO - Sync 2 DAGs
[2024-11-11T03:30:19.973+0000] {logging_mixin.py:190} INFO - [2024-11-11T03:30:19.972+0000] {dag.py:4180} INFO - Setting next_dagrun for example_external_task_marker_child to None, run_after=None
[2024-11-11T03:30:19.975+0000] {logging_mixin.py:190} INFO - [2024-11-11T03:30:19.975+0000] {dag.py:4180} INFO - Setting next_dagrun for example_external_task_marker_parent to None, run_after=None
[2024-11-11T03:30:19.984+0000] {processor.py:208} INFO - Processing /home/airflow/.local/lib/python3.12/site-packages/airflow/example_dags/example_external_task_marker_dag.py took 0.064 seconds
[2024-11-11T03:30:51.056+0000] {processor.py:186} INFO - Started process (PID=6817) to work on /home/airflow/.local/lib/python3.12/site-packages/airflow/example_dags/example_external_task_marker_dag.py
[2024-11-11T03:30:51.057+0000] {processor.py:914} INFO - Processing file /home/airflow/.local/lib/python3.12/site-packages/airflow/example_dags/example_external_task_marker_dag.py for tasks to queue
[2024-11-11T03:30:51.059+0000] {logging_mixin.py:190} INFO - [2024-11-11T03:30:51.059+0000] {dagbag.py:588} INFO - Filling up the DagBag from /home/airflow/.local/lib/python3.12/site-packages/airflow/example_dags/example_external_task_marker_dag.py
[2024-11-11T03:30:51.064+0000] {processor.py:925} INFO - DAG(s) 'example_external_task_marker_child', 'example_external_task_marker_parent' retrieved from /home/airflow/.local/lib/python3.12/site-packages/airflow/example_dags/example_external_task_marker_dag.py
[2024-11-11T03:30:51.078+0000] {logging_mixin.py:190} INFO - [2024-11-11T03:30:51.077+0000] {dag.py:3239} INFO - Sync 2 DAGs
[2024-11-11T03:30:51.085+0000] {logging_mixin.py:190} INFO - [2024-11-11T03:30:51.085+0000] {dag.py:4180} INFO - Setting next_dagrun for example_external_task_marker_child to None, run_after=None
[2024-11-11T03:30:51.087+0000] {logging_mixin.py:190} INFO - [2024-11-11T03:30:51.087+0000] {dag.py:4180} INFO - Setting next_dagrun for example_external_task_marker_parent to None, run_after=None
[2024-11-11T03:30:51.095+0000] {processor.py:208} INFO - Processing /home/airflow/.local/lib/python3.12/site-packages/airflow/example_dags/example_external_task_marker_dag.py took 0.042 seconds
[2024-11-11T03:31:21.979+0000] {processor.py:186} INFO - Started process (PID=6880) to work on /home/airflow/.local/lib/python3.12/site-packages/airflow/example_dags/example_external_task_marker_dag.py
[2024-11-11T03:31:21.980+0000] {processor.py:914} INFO - Processing file /home/airflow/.local/lib/python3.12/site-packages/airflow/example_dags/example_external_task_marker_dag.py for tasks to queue
[2024-11-11T03:31:21.982+0000] {logging_mixin.py:190} INFO - [2024-11-11T03:31:21.981+0000] {dagbag.py:588} INFO - Filling up the DagBag from /home/airflow/.local/lib/python3.12/site-packages/airflow/example_dags/example_external_task_marker_dag.py
[2024-11-11T03:31:21.989+0000] {processor.py:925} INFO - DAG(s) 'example_external_task_marker_child', 'example_external_task_marker_parent' retrieved from /home/airflow/.local/lib/python3.12/site-packages/airflow/example_dags/example_external_task_marker_dag.py
[2024-11-11T03:31:22.006+0000] {logging_mixin.py:190} INFO - [2024-11-11T03:31:22.006+0000] {dag.py:3239} INFO - Sync 2 DAGs
[2024-11-11T03:31:22.015+0000] {logging_mixin.py:190} INFO - [2024-11-11T03:31:22.015+0000] {dag.py:4180} INFO - Setting next_dagrun for example_external_task_marker_child to None, run_after=None
[2024-11-11T03:31:22.017+0000] {logging_mixin.py:190} INFO - [2024-11-11T03:31:22.017+0000] {dag.py:4180} INFO - Setting next_dagrun for example_external_task_marker_parent to None, run_after=None
[2024-11-11T03:31:22.026+0000] {processor.py:208} INFO - Processing /home/airflow/.local/lib/python3.12/site-packages/airflow/example_dags/example_external_task_marker_dag.py took 0.053 seconds
[2024-11-11T03:31:52.867+0000] {processor.py:186} INFO - Started process (PID=6943) to work on /home/airflow/.local/lib/python3.12/site-packages/airflow/example_dags/example_external_task_marker_dag.py
[2024-11-11T03:31:52.867+0000] {processor.py:914} INFO - Processing file /home/airflow/.local/lib/python3.12/site-packages/airflow/example_dags/example_external_task_marker_dag.py for tasks to queue
[2024-11-11T03:31:52.869+0000] {logging_mixin.py:190} INFO - [2024-11-11T03:31:52.869+0000] {dagbag.py:588} INFO - Filling up the DagBag from /home/airflow/.local/lib/python3.12/site-packages/airflow/example_dags/example_external_task_marker_dag.py
[2024-11-11T03:31:52.874+0000] {processor.py:925} INFO - DAG(s) 'example_external_task_marker_child', 'example_external_task_marker_parent' retrieved from /home/airflow/.local/lib/python3.12/site-packages/airflow/example_dags/example_external_task_marker_dag.py
[2024-11-11T03:31:52.889+0000] {logging_mixin.py:190} INFO - [2024-11-11T03:31:52.888+0000] {dag.py:3239} INFO - Sync 2 DAGs
[2024-11-11T03:31:52.898+0000] {logging_mixin.py:190} INFO - [2024-11-11T03:31:52.898+0000] {dag.py:4180} INFO - Setting next_dagrun for example_external_task_marker_child to None, run_after=None
[2024-11-11T03:31:52.900+0000] {logging_mixin.py:190} INFO - [2024-11-11T03:31:52.900+0000] {dag.py:4180} INFO - Setting next_dagrun for example_external_task_marker_parent to None, run_after=None
[2024-11-11T03:31:52.912+0000] {processor.py:208} INFO - Processing /home/airflow/.local/lib/python3.12/site-packages/airflow/example_dags/example_external_task_marker_dag.py took 0.049 seconds
[2024-11-11T03:32:24.377+0000] {processor.py:186} INFO - Started process (PID=7006) to work on /home/airflow/.local/lib/python3.12/site-packages/airflow/example_dags/example_external_task_marker_dag.py
[2024-11-11T03:32:24.378+0000] {processor.py:914} INFO - Processing file /home/airflow/.local/lib/python3.12/site-packages/airflow/example_dags/example_external_task_marker_dag.py for tasks to queue
[2024-11-11T03:32:24.379+0000] {logging_mixin.py:190} INFO - [2024-11-11T03:32:24.379+0000] {dagbag.py:588} INFO - Filling up the DagBag from /home/airflow/.local/lib/python3.12/site-packages/airflow/example_dags/example_external_task_marker_dag.py
[2024-11-11T03:32:24.384+0000] {processor.py:925} INFO - DAG(s) 'example_external_task_marker_parent', 'example_external_task_marker_child' retrieved from /home/airflow/.local/lib/python3.12/site-packages/airflow/example_dags/example_external_task_marker_dag.py
[2024-11-11T03:32:24.398+0000] {logging_mixin.py:190} INFO - [2024-11-11T03:32:24.398+0000] {dag.py:3239} INFO - Sync 2 DAGs
[2024-11-11T03:32:24.407+0000] {logging_mixin.py:190} INFO - [2024-11-11T03:32:24.406+0000] {dag.py:4180} INFO - Setting next_dagrun for example_external_task_marker_child to None, run_after=None
[2024-11-11T03:32:24.410+0000] {logging_mixin.py:190} INFO - [2024-11-11T03:32:24.409+0000] {dag.py:4180} INFO - Setting next_dagrun for example_external_task_marker_parent to None, run_after=None
[2024-11-11T03:32:24.418+0000] {processor.py:208} INFO - Processing /home/airflow/.local/lib/python3.12/site-packages/airflow/example_dags/example_external_task_marker_dag.py took 0.046 seconds
[2024-11-11T03:32:55.303+0000] {processor.py:186} INFO - Started process (PID=7070) to work on /home/airflow/.local/lib/python3.12/site-packages/airflow/example_dags/example_external_task_marker_dag.py
[2024-11-11T03:32:55.304+0000] {processor.py:914} INFO - Processing file /home/airflow/.local/lib/python3.12/site-packages/airflow/example_dags/example_external_task_marker_dag.py for tasks to queue
[2024-11-11T03:32:55.305+0000] {logging_mixin.py:190} INFO - [2024-11-11T03:32:55.305+0000] {dagbag.py:588} INFO - Filling up the DagBag from /home/airflow/.local/lib/python3.12/site-packages/airflow/example_dags/example_external_task_marker_dag.py
[2024-11-11T03:32:55.310+0000] {processor.py:925} INFO - DAG(s) 'example_external_task_marker_parent', 'example_external_task_marker_child' retrieved from /home/airflow/.local/lib/python3.12/site-packages/airflow/example_dags/example_external_task_marker_dag.py
[2024-11-11T03:32:55.323+0000] {logging_mixin.py:190} INFO - [2024-11-11T03:32:55.323+0000] {dag.py:3239} INFO - Sync 2 DAGs
[2024-11-11T03:32:55.330+0000] {logging_mixin.py:190} INFO - [2024-11-11T03:32:55.330+0000] {dag.py:4180} INFO - Setting next_dagrun for example_external_task_marker_child to None, run_after=None
[2024-11-11T03:32:55.332+0000] {logging_mixin.py:190} INFO - [2024-11-11T03:32:55.332+0000] {dag.py:4180} INFO - Setting next_dagrun for example_external_task_marker_parent to None, run_after=None
[2024-11-11T03:32:55.339+0000] {processor.py:208} INFO - Processing /home/airflow/.local/lib/python3.12/site-packages/airflow/example_dags/example_external_task_marker_dag.py took 0.040 seconds
[2024-11-11T03:33:26.056+0000] {processor.py:186} INFO - Started process (PID=7133) to work on /home/airflow/.local/lib/python3.12/site-packages/airflow/example_dags/example_external_task_marker_dag.py
[2024-11-11T03:33:26.057+0000] {processor.py:914} INFO - Processing file /home/airflow/.local/lib/python3.12/site-packages/airflow/example_dags/example_external_task_marker_dag.py for tasks to queue
[2024-11-11T03:33:26.058+0000] {logging_mixin.py:190} INFO - [2024-11-11T03:33:26.058+0000] {dagbag.py:588} INFO - Filling up the DagBag from /home/airflow/.local/lib/python3.12/site-packages/airflow/example_dags/example_external_task_marker_dag.py
[2024-11-11T03:33:26.063+0000] {processor.py:925} INFO - DAG(s) 'example_external_task_marker_parent', 'example_external_task_marker_child' retrieved from /home/airflow/.local/lib/python3.12/site-packages/airflow/example_dags/example_external_task_marker_dag.py
[2024-11-11T03:33:26.075+0000] {logging_mixin.py:190} INFO - [2024-11-11T03:33:26.075+0000] {dag.py:3239} INFO - Sync 2 DAGs
[2024-11-11T03:33:26.082+0000] {logging_mixin.py:190} INFO - [2024-11-11T03:33:26.082+0000] {dag.py:4180} INFO - Setting next_dagrun for example_external_task_marker_child to None, run_after=None
[2024-11-11T03:33:26.084+0000] {logging_mixin.py:190} INFO - [2024-11-11T03:33:26.084+0000] {dag.py:4180} INFO - Setting next_dagrun for example_external_task_marker_parent to None, run_after=None
[2024-11-11T03:33:26.091+0000] {processor.py:208} INFO - Processing /home/airflow/.local/lib/python3.12/site-packages/airflow/example_dags/example_external_task_marker_dag.py took 0.038 seconds
[2024-11-11T03:33:56.741+0000] {processor.py:186} INFO - Started process (PID=7196) to work on /home/airflow/.local/lib/python3.12/site-packages/airflow/example_dags/example_external_task_marker_dag.py
[2024-11-11T03:33:56.742+0000] {processor.py:914} INFO - Processing file /home/airflow/.local/lib/python3.12/site-packages/airflow/example_dags/example_external_task_marker_dag.py for tasks to queue
[2024-11-11T03:33:56.744+0000] {logging_mixin.py:190} INFO - [2024-11-11T03:33:56.743+0000] {dagbag.py:588} INFO - Filling up the DagBag from /home/airflow/.local/lib/python3.12/site-packages/airflow/example_dags/example_external_task_marker_dag.py
[2024-11-11T03:33:56.749+0000] {processor.py:925} INFO - DAG(s) 'example_external_task_marker_parent', 'example_external_task_marker_child' retrieved from /home/airflow/.local/lib/python3.12/site-packages/airflow/example_dags/example_external_task_marker_dag.py
[2024-11-11T03:33:56.761+0000] {logging_mixin.py:190} INFO - [2024-11-11T03:33:56.761+0000] {dag.py:3239} INFO - Sync 2 DAGs
[2024-11-11T03:33:56.769+0000] {logging_mixin.py:190} INFO - [2024-11-11T03:33:56.769+0000] {dag.py:4180} INFO - Setting next_dagrun for example_external_task_marker_child to None, run_after=None
[2024-11-11T03:33:56.771+0000] {logging_mixin.py:190} INFO - [2024-11-11T03:33:56.771+0000] {dag.py:4180} INFO - Setting next_dagrun for example_external_task_marker_parent to None, run_after=None
[2024-11-11T03:33:56.780+0000] {processor.py:208} INFO - Processing /home/airflow/.local/lib/python3.12/site-packages/airflow/example_dags/example_external_task_marker_dag.py took 0.042 seconds
[2024-11-11T03:34:27.528+0000] {processor.py:186} INFO - Started process (PID=7258) to work on /home/airflow/.local/lib/python3.12/site-packages/airflow/example_dags/example_external_task_marker_dag.py
[2024-11-11T03:34:27.529+0000] {processor.py:914} INFO - Processing file /home/airflow/.local/lib/python3.12/site-packages/airflow/example_dags/example_external_task_marker_dag.py for tasks to queue
[2024-11-11T03:34:27.530+0000] {logging_mixin.py:190} INFO - [2024-11-11T03:34:27.530+0000] {dagbag.py:588} INFO - Filling up the DagBag from /home/airflow/.local/lib/python3.12/site-packages/airflow/example_dags/example_external_task_marker_dag.py
[2024-11-11T03:34:27.535+0000] {processor.py:925} INFO - DAG(s) 'example_external_task_marker_parent', 'example_external_task_marker_child' retrieved from /home/airflow/.local/lib/python3.12/site-packages/airflow/example_dags/example_external_task_marker_dag.py
[2024-11-11T03:34:27.547+0000] {logging_mixin.py:190} INFO - [2024-11-11T03:34:27.547+0000] {dag.py:3239} INFO - Sync 2 DAGs
[2024-11-11T03:34:27.554+0000] {logging_mixin.py:190} INFO - [2024-11-11T03:34:27.554+0000] {dag.py:4180} INFO - Setting next_dagrun for example_external_task_marker_child to None, run_after=None
[2024-11-11T03:34:27.556+0000] {logging_mixin.py:190} INFO - [2024-11-11T03:34:27.556+0000] {dag.py:4180} INFO - Setting next_dagrun for example_external_task_marker_parent to None, run_after=None
[2024-11-11T03:34:27.563+0000] {processor.py:208} INFO - Processing /home/airflow/.local/lib/python3.12/site-packages/airflow/example_dags/example_external_task_marker_dag.py took 0.038 seconds
[2024-11-11T03:34:58.356+0000] {processor.py:186} INFO - Started process (PID=7321) to work on /home/airflow/.local/lib/python3.12/site-packages/airflow/example_dags/example_external_task_marker_dag.py
[2024-11-11T03:34:58.357+0000] {processor.py:914} INFO - Processing file /home/airflow/.local/lib/python3.12/site-packages/airflow/example_dags/example_external_task_marker_dag.py for tasks to queue
[2024-11-11T03:34:58.358+0000] {logging_mixin.py:190} INFO - [2024-11-11T03:34:58.358+0000] {dagbag.py:588} INFO - Filling up the DagBag from /home/airflow/.local/lib/python3.12/site-packages/airflow/example_dags/example_external_task_marker_dag.py
[2024-11-11T03:34:58.362+0000] {processor.py:925} INFO - DAG(s) 'example_external_task_marker_parent', 'example_external_task_marker_child' retrieved from /home/airflow/.local/lib/python3.12/site-packages/airflow/example_dags/example_external_task_marker_dag.py
[2024-11-11T03:34:58.373+0000] {logging_mixin.py:190} INFO - [2024-11-11T03:34:58.373+0000] {dag.py:3239} INFO - Sync 2 DAGs
[2024-11-11T03:34:58.380+0000] {logging_mixin.py:190} INFO - [2024-11-11T03:34:58.380+0000] {dag.py:4180} INFO - Setting next_dagrun for example_external_task_marker_child to None, run_after=None
[2024-11-11T03:34:58.383+0000] {logging_mixin.py:190} INFO - [2024-11-11T03:34:58.383+0000] {dag.py:4180} INFO - Setting next_dagrun for example_external_task_marker_parent to None, run_after=None
[2024-11-11T03:34:58.390+0000] {processor.py:208} INFO - Processing /home/airflow/.local/lib/python3.12/site-packages/airflow/example_dags/example_external_task_marker_dag.py took 0.037 seconds
[2024-11-11T03:35:29.085+0000] {processor.py:186} INFO - Started process (PID=7384) to work on /home/airflow/.local/lib/python3.12/site-packages/airflow/example_dags/example_external_task_marker_dag.py
[2024-11-11T03:35:29.086+0000] {processor.py:914} INFO - Processing file /home/airflow/.local/lib/python3.12/site-packages/airflow/example_dags/example_external_task_marker_dag.py for tasks to queue
[2024-11-11T03:35:29.087+0000] {logging_mixin.py:190} INFO - [2024-11-11T03:35:29.087+0000] {dagbag.py:588} INFO - Filling up the DagBag from /home/airflow/.local/lib/python3.12/site-packages/airflow/example_dags/example_external_task_marker_dag.py
[2024-11-11T03:35:29.092+0000] {processor.py:925} INFO - DAG(s) 'example_external_task_marker_parent', 'example_external_task_marker_child' retrieved from /home/airflow/.local/lib/python3.12/site-packages/airflow/example_dags/example_external_task_marker_dag.py
[2024-11-11T03:35:29.104+0000] {logging_mixin.py:190} INFO - [2024-11-11T03:35:29.104+0000] {dag.py:3239} INFO - Sync 2 DAGs
[2024-11-11T03:35:29.111+0000] {logging_mixin.py:190} INFO - [2024-11-11T03:35:29.111+0000] {dag.py:4180} INFO - Setting next_dagrun for example_external_task_marker_child to None, run_after=None
[2024-11-11T03:35:29.113+0000] {logging_mixin.py:190} INFO - [2024-11-11T03:35:29.113+0000] {dag.py:4180} INFO - Setting next_dagrun for example_external_task_marker_parent to None, run_after=None
[2024-11-11T03:35:29.120+0000] {processor.py:208} INFO - Processing /home/airflow/.local/lib/python3.12/site-packages/airflow/example_dags/example_external_task_marker_dag.py took 0.039 seconds
[2024-11-11T03:35:59.720+0000] {processor.py:186} INFO - Started process (PID=7446) to work on /home/airflow/.local/lib/python3.12/site-packages/airflow/example_dags/example_external_task_marker_dag.py
[2024-11-11T03:35:59.720+0000] {processor.py:914} INFO - Processing file /home/airflow/.local/lib/python3.12/site-packages/airflow/example_dags/example_external_task_marker_dag.py for tasks to queue
[2024-11-11T03:35:59.722+0000] {logging_mixin.py:190} INFO - [2024-11-11T03:35:59.722+0000] {dagbag.py:588} INFO - Filling up the DagBag from /home/airflow/.local/lib/python3.12/site-packages/airflow/example_dags/example_external_task_marker_dag.py
[2024-11-11T03:35:59.727+0000] {processor.py:925} INFO - DAG(s) 'example_external_task_marker_child', 'example_external_task_marker_parent' retrieved from /home/airflow/.local/lib/python3.12/site-packages/airflow/example_dags/example_external_task_marker_dag.py
[2024-11-11T03:35:59.739+0000] {logging_mixin.py:190} INFO - [2024-11-11T03:35:59.738+0000] {dag.py:3239} INFO - Sync 2 DAGs
[2024-11-11T03:35:59.746+0000] {logging_mixin.py:190} INFO - [2024-11-11T03:35:59.746+0000] {dag.py:4180} INFO - Setting next_dagrun for example_external_task_marker_child to None, run_after=None
[2024-11-11T03:35:59.748+0000] {logging_mixin.py:190} INFO - [2024-11-11T03:35:59.748+0000] {dag.py:4180} INFO - Setting next_dagrun for example_external_task_marker_parent to None, run_after=None
[2024-11-11T03:35:59.756+0000] {processor.py:208} INFO - Processing /home/airflow/.local/lib/python3.12/site-packages/airflow/example_dags/example_external_task_marker_dag.py took 0.039 seconds
[2024-11-11T03:36:30.339+0000] {processor.py:186} INFO - Started process (PID=7509) to work on /home/airflow/.local/lib/python3.12/site-packages/airflow/example_dags/example_external_task_marker_dag.py
[2024-11-11T03:36:30.340+0000] {processor.py:914} INFO - Processing file /home/airflow/.local/lib/python3.12/site-packages/airflow/example_dags/example_external_task_marker_dag.py for tasks to queue
[2024-11-11T03:36:30.341+0000] {logging_mixin.py:190} INFO - [2024-11-11T03:36:30.341+0000] {dagbag.py:588} INFO - Filling up the DagBag from /home/airflow/.local/lib/python3.12/site-packages/airflow/example_dags/example_external_task_marker_dag.py
[2024-11-11T03:36:30.346+0000] {processor.py:925} INFO - DAG(s) 'example_external_task_marker_child', 'example_external_task_marker_parent' retrieved from /home/airflow/.local/lib/python3.12/site-packages/airflow/example_dags/example_external_task_marker_dag.py
[2024-11-11T03:36:30.359+0000] {logging_mixin.py:190} INFO - [2024-11-11T03:36:30.358+0000] {dag.py:3239} INFO - Sync 2 DAGs
[2024-11-11T03:36:30.366+0000] {logging_mixin.py:190} INFO - [2024-11-11T03:36:30.366+0000] {dag.py:4180} INFO - Setting next_dagrun for example_external_task_marker_child to None, run_after=None
[2024-11-11T03:36:30.369+0000] {logging_mixin.py:190} INFO - [2024-11-11T03:36:30.368+0000] {dag.py:4180} INFO - Setting next_dagrun for example_external_task_marker_parent to None, run_after=None
[2024-11-11T03:36:30.376+0000] {processor.py:208} INFO - Processing /home/airflow/.local/lib/python3.12/site-packages/airflow/example_dags/example_external_task_marker_dag.py took 0.041 seconds
[2024-11-11T03:37:01.156+0000] {processor.py:186} INFO - Started process (PID=7572) to work on /home/airflow/.local/lib/python3.12/site-packages/airflow/example_dags/example_external_task_marker_dag.py
[2024-11-11T03:37:01.156+0000] {processor.py:914} INFO - Processing file /home/airflow/.local/lib/python3.12/site-packages/airflow/example_dags/example_external_task_marker_dag.py for tasks to queue
[2024-11-11T03:37:01.158+0000] {logging_mixin.py:190} INFO - [2024-11-11T03:37:01.158+0000] {dagbag.py:588} INFO - Filling up the DagBag from /home/airflow/.local/lib/python3.12/site-packages/airflow/example_dags/example_external_task_marker_dag.py
[2024-11-11T03:37:01.163+0000] {processor.py:925} INFO - DAG(s) 'example_external_task_marker_parent', 'example_external_task_marker_child' retrieved from /home/airflow/.local/lib/python3.12/site-packages/airflow/example_dags/example_external_task_marker_dag.py
[2024-11-11T03:37:01.176+0000] {logging_mixin.py:190} INFO - [2024-11-11T03:37:01.175+0000] {dag.py:3239} INFO - Sync 2 DAGs
[2024-11-11T03:37:01.183+0000] {logging_mixin.py:190} INFO - [2024-11-11T03:37:01.183+0000] {dag.py:4180} INFO - Setting next_dagrun for example_external_task_marker_child to None, run_after=None
[2024-11-11T03:37:01.185+0000] {logging_mixin.py:190} INFO - [2024-11-11T03:37:01.185+0000] {dag.py:4180} INFO - Setting next_dagrun for example_external_task_marker_parent to None, run_after=None
[2024-11-11T03:37:01.193+0000] {processor.py:208} INFO - Processing /home/airflow/.local/lib/python3.12/site-packages/airflow/example_dags/example_external_task_marker_dag.py took 0.040 seconds
[2024-11-11T03:37:31.689+0000] {processor.py:186} INFO - Started process (PID=7640) to work on /home/airflow/.local/lib/python3.12/site-packages/airflow/example_dags/example_external_task_marker_dag.py
[2024-11-11T03:37:31.690+0000] {processor.py:914} INFO - Processing file /home/airflow/.local/lib/python3.12/site-packages/airflow/example_dags/example_external_task_marker_dag.py for tasks to queue
[2024-11-11T03:37:31.691+0000] {logging_mixin.py:190} INFO - [2024-11-11T03:37:31.691+0000] {dagbag.py:588} INFO - Filling up the DagBag from /home/airflow/.local/lib/python3.12/site-packages/airflow/example_dags/example_external_task_marker_dag.py
[2024-11-11T03:37:31.696+0000] {processor.py:925} INFO - DAG(s) 'example_external_task_marker_parent', 'example_external_task_marker_child' retrieved from /home/airflow/.local/lib/python3.12/site-packages/airflow/example_dags/example_external_task_marker_dag.py
[2024-11-11T03:37:31.708+0000] {logging_mixin.py:190} INFO - [2024-11-11T03:37:31.708+0000] {dag.py:3239} INFO - Sync 2 DAGs
[2024-11-11T03:37:31.716+0000] {logging_mixin.py:190} INFO - [2024-11-11T03:37:31.716+0000] {dag.py:4180} INFO - Setting next_dagrun for example_external_task_marker_child to None, run_after=None
[2024-11-11T03:37:31.718+0000] {logging_mixin.py:190} INFO - [2024-11-11T03:37:31.718+0000] {dag.py:4180} INFO - Setting next_dagrun for example_external_task_marker_parent to None, run_after=None
[2024-11-11T03:37:31.726+0000] {processor.py:208} INFO - Processing /home/airflow/.local/lib/python3.12/site-packages/airflow/example_dags/example_external_task_marker_dag.py took 0.040 seconds
[2024-11-11T03:38:02.379+0000] {processor.py:186} INFO - Started process (PID=7702) to work on /home/airflow/.local/lib/python3.12/site-packages/airflow/example_dags/example_external_task_marker_dag.py
[2024-11-11T03:38:02.380+0000] {processor.py:914} INFO - Processing file /home/airflow/.local/lib/python3.12/site-packages/airflow/example_dags/example_external_task_marker_dag.py for tasks to queue
[2024-11-11T03:38:02.381+0000] {logging_mixin.py:190} INFO - [2024-11-11T03:38:02.381+0000] {dagbag.py:588} INFO - Filling up the DagBag from /home/airflow/.local/lib/python3.12/site-packages/airflow/example_dags/example_external_task_marker_dag.py
[2024-11-11T03:38:02.386+0000] {processor.py:925} INFO - DAG(s) 'example_external_task_marker_parent', 'example_external_task_marker_child' retrieved from /home/airflow/.local/lib/python3.12/site-packages/airflow/example_dags/example_external_task_marker_dag.py
[2024-11-11T03:38:02.400+0000] {logging_mixin.py:190} INFO - [2024-11-11T03:38:02.399+0000] {dag.py:3239} INFO - Sync 2 DAGs
[2024-11-11T03:38:02.407+0000] {logging_mixin.py:190} INFO - [2024-11-11T03:38:02.407+0000] {dag.py:4180} INFO - Setting next_dagrun for example_external_task_marker_child to None, run_after=None
[2024-11-11T03:38:02.409+0000] {logging_mixin.py:190} INFO - [2024-11-11T03:38:02.409+0000] {dag.py:4180} INFO - Setting next_dagrun for example_external_task_marker_parent to None, run_after=None
[2024-11-11T03:38:02.417+0000] {processor.py:208} INFO - Processing /home/airflow/.local/lib/python3.12/site-packages/airflow/example_dags/example_external_task_marker_dag.py took 0.042 seconds
[2024-11-11T03:38:32.937+0000] {processor.py:186} INFO - Started process (PID=7765) to work on /home/airflow/.local/lib/python3.12/site-packages/airflow/example_dags/example_external_task_marker_dag.py
[2024-11-11T03:38:32.938+0000] {processor.py:914} INFO - Processing file /home/airflow/.local/lib/python3.12/site-packages/airflow/example_dags/example_external_task_marker_dag.py for tasks to queue
[2024-11-11T03:38:32.940+0000] {logging_mixin.py:190} INFO - [2024-11-11T03:38:32.940+0000] {dagbag.py:588} INFO - Filling up the DagBag from /home/airflow/.local/lib/python3.12/site-packages/airflow/example_dags/example_external_task_marker_dag.py
[2024-11-11T03:38:32.945+0000] {processor.py:925} INFO - DAG(s) 'example_external_task_marker_parent', 'example_external_task_marker_child' retrieved from /home/airflow/.local/lib/python3.12/site-packages/airflow/example_dags/example_external_task_marker_dag.py
[2024-11-11T03:38:32.958+0000] {logging_mixin.py:190} INFO - [2024-11-11T03:38:32.957+0000] {dag.py:3239} INFO - Sync 2 DAGs
[2024-11-11T03:38:32.965+0000] {logging_mixin.py:190} INFO - [2024-11-11T03:38:32.965+0000] {dag.py:4180} INFO - Setting next_dagrun for example_external_task_marker_child to None, run_after=None
[2024-11-11T03:38:32.967+0000] {logging_mixin.py:190} INFO - [2024-11-11T03:38:32.967+0000] {dag.py:4180} INFO - Setting next_dagrun for example_external_task_marker_parent to None, run_after=None
[2024-11-11T03:38:32.975+0000] {processor.py:208} INFO - Processing /home/airflow/.local/lib/python3.12/site-packages/airflow/example_dags/example_external_task_marker_dag.py took 0.041 seconds
[2024-11-11T03:39:03.613+0000] {processor.py:186} INFO - Started process (PID=7828) to work on /home/airflow/.local/lib/python3.12/site-packages/airflow/example_dags/example_external_task_marker_dag.py
[2024-11-11T03:39:03.614+0000] {processor.py:914} INFO - Processing file /home/airflow/.local/lib/python3.12/site-packages/airflow/example_dags/example_external_task_marker_dag.py for tasks to queue
[2024-11-11T03:39:03.615+0000] {logging_mixin.py:190} INFO - [2024-11-11T03:39:03.615+0000] {dagbag.py:588} INFO - Filling up the DagBag from /home/airflow/.local/lib/python3.12/site-packages/airflow/example_dags/example_external_task_marker_dag.py
[2024-11-11T03:39:03.621+0000] {processor.py:925} INFO - DAG(s) 'example_external_task_marker_parent', 'example_external_task_marker_child' retrieved from /home/airflow/.local/lib/python3.12/site-packages/airflow/example_dags/example_external_task_marker_dag.py
[2024-11-11T03:39:03.633+0000] {logging_mixin.py:190} INFO - [2024-11-11T03:39:03.633+0000] {dag.py:3239} INFO - Sync 2 DAGs
[2024-11-11T03:39:03.641+0000] {logging_mixin.py:190} INFO - [2024-11-11T03:39:03.641+0000] {dag.py:4180} INFO - Setting next_dagrun for example_external_task_marker_child to None, run_after=None
[2024-11-11T03:39:03.643+0000] {logging_mixin.py:190} INFO - [2024-11-11T03:39:03.643+0000] {dag.py:4180} INFO - Setting next_dagrun for example_external_task_marker_parent to None, run_after=None
[2024-11-11T03:39:03.651+0000] {processor.py:208} INFO - Processing /home/airflow/.local/lib/python3.12/site-packages/airflow/example_dags/example_external_task_marker_dag.py took 0.042 seconds
[2024-11-11T03:39:34.336+0000] {processor.py:186} INFO - Started process (PID=7891) to work on /home/airflow/.local/lib/python3.12/site-packages/airflow/example_dags/example_external_task_marker_dag.py
[2024-11-11T03:39:34.337+0000] {processor.py:914} INFO - Processing file /home/airflow/.local/lib/python3.12/site-packages/airflow/example_dags/example_external_task_marker_dag.py for tasks to queue
[2024-11-11T03:39:34.338+0000] {logging_mixin.py:190} INFO - [2024-11-11T03:39:34.338+0000] {dagbag.py:588} INFO - Filling up the DagBag from /home/airflow/.local/lib/python3.12/site-packages/airflow/example_dags/example_external_task_marker_dag.py
[2024-11-11T03:39:34.343+0000] {processor.py:925} INFO - DAG(s) 'example_external_task_marker_parent', 'example_external_task_marker_child' retrieved from /home/airflow/.local/lib/python3.12/site-packages/airflow/example_dags/example_external_task_marker_dag.py
[2024-11-11T03:39:34.355+0000] {logging_mixin.py:190} INFO - [2024-11-11T03:39:34.355+0000] {dag.py:3239} INFO - Sync 2 DAGs
[2024-11-11T03:39:34.362+0000] {logging_mixin.py:190} INFO - [2024-11-11T03:39:34.362+0000] {dag.py:4180} INFO - Setting next_dagrun for example_external_task_marker_child to None, run_after=None
[2024-11-11T03:39:34.365+0000] {logging_mixin.py:190} INFO - [2024-11-11T03:39:34.364+0000] {dag.py:4180} INFO - Setting next_dagrun for example_external_task_marker_parent to None, run_after=None
[2024-11-11T03:39:34.372+0000] {processor.py:208} INFO - Processing /home/airflow/.local/lib/python3.12/site-packages/airflow/example_dags/example_external_task_marker_dag.py took 0.040 seconds
[2024-11-11T03:40:04.959+0000] {processor.py:186} INFO - Started process (PID=7954) to work on /home/airflow/.local/lib/python3.12/site-packages/airflow/example_dags/example_external_task_marker_dag.py
[2024-11-11T03:40:04.960+0000] {processor.py:914} INFO - Processing file /home/airflow/.local/lib/python3.12/site-packages/airflow/example_dags/example_external_task_marker_dag.py for tasks to queue
[2024-11-11T03:40:04.961+0000] {logging_mixin.py:190} INFO - [2024-11-11T03:40:04.961+0000] {dagbag.py:588} INFO - Filling up the DagBag from /home/airflow/.local/lib/python3.12/site-packages/airflow/example_dags/example_external_task_marker_dag.py
[2024-11-11T03:40:04.966+0000] {processor.py:925} INFO - DAG(s) 'example_external_task_marker_parent', 'example_external_task_marker_child' retrieved from /home/airflow/.local/lib/python3.12/site-packages/airflow/example_dags/example_external_task_marker_dag.py
[2024-11-11T03:40:04.979+0000] {logging_mixin.py:190} INFO - [2024-11-11T03:40:04.979+0000] {dag.py:3239} INFO - Sync 2 DAGs
[2024-11-11T03:40:04.986+0000] {logging_mixin.py:190} INFO - [2024-11-11T03:40:04.986+0000] {dag.py:4180} INFO - Setting next_dagrun for example_external_task_marker_child to None, run_after=None
[2024-11-11T03:40:04.989+0000] {logging_mixin.py:190} INFO - [2024-11-11T03:40:04.988+0000] {dag.py:4180} INFO - Setting next_dagrun for example_external_task_marker_parent to None, run_after=None
[2024-11-11T03:40:04.997+0000] {processor.py:208} INFO - Processing /home/airflow/.local/lib/python3.12/site-packages/airflow/example_dags/example_external_task_marker_dag.py took 0.041 seconds
[2024-11-11T03:40:35.816+0000] {processor.py:186} INFO - Started process (PID=8017) to work on /home/airflow/.local/lib/python3.12/site-packages/airflow/example_dags/example_external_task_marker_dag.py
[2024-11-11T03:40:35.816+0000] {processor.py:914} INFO - Processing file /home/airflow/.local/lib/python3.12/site-packages/airflow/example_dags/example_external_task_marker_dag.py for tasks to queue
[2024-11-11T03:40:35.818+0000] {logging_mixin.py:190} INFO - [2024-11-11T03:40:35.817+0000] {dagbag.py:588} INFO - Filling up the DagBag from /home/airflow/.local/lib/python3.12/site-packages/airflow/example_dags/example_external_task_marker_dag.py
[2024-11-11T03:40:35.822+0000] {processor.py:925} INFO - DAG(s) 'example_external_task_marker_parent', 'example_external_task_marker_child' retrieved from /home/airflow/.local/lib/python3.12/site-packages/airflow/example_dags/example_external_task_marker_dag.py
[2024-11-11T03:40:35.833+0000] {logging_mixin.py:190} INFO - [2024-11-11T03:40:35.833+0000] {dag.py:3239} INFO - Sync 2 DAGs
[2024-11-11T03:40:35.840+0000] {logging_mixin.py:190} INFO - [2024-11-11T03:40:35.840+0000] {dag.py:4180} INFO - Setting next_dagrun for example_external_task_marker_child to None, run_after=None
[2024-11-11T03:40:35.842+0000] {logging_mixin.py:190} INFO - [2024-11-11T03:40:35.842+0000] {dag.py:4180} INFO - Setting next_dagrun for example_external_task_marker_parent to None, run_after=None
[2024-11-11T03:40:35.850+0000] {processor.py:208} INFO - Processing /home/airflow/.local/lib/python3.12/site-packages/airflow/example_dags/example_external_task_marker_dag.py took 0.037 seconds
[2024-11-11T03:41:06.714+0000] {processor.py:186} INFO - Started process (PID=8080) to work on /home/airflow/.local/lib/python3.12/site-packages/airflow/example_dags/example_external_task_marker_dag.py
[2024-11-11T03:41:06.715+0000] {processor.py:914} INFO - Processing file /home/airflow/.local/lib/python3.12/site-packages/airflow/example_dags/example_external_task_marker_dag.py for tasks to queue
[2024-11-11T03:41:06.716+0000] {logging_mixin.py:190} INFO - [2024-11-11T03:41:06.716+0000] {dagbag.py:588} INFO - Filling up the DagBag from /home/airflow/.local/lib/python3.12/site-packages/airflow/example_dags/example_external_task_marker_dag.py
[2024-11-11T03:41:06.721+0000] {processor.py:925} INFO - DAG(s) 'example_external_task_marker_parent', 'example_external_task_marker_child' retrieved from /home/airflow/.local/lib/python3.12/site-packages/airflow/example_dags/example_external_task_marker_dag.py
[2024-11-11T03:41:06.733+0000] {logging_mixin.py:190} INFO - [2024-11-11T03:41:06.733+0000] {dag.py:3239} INFO - Sync 2 DAGs
[2024-11-11T03:41:06.740+0000] {logging_mixin.py:190} INFO - [2024-11-11T03:41:06.740+0000] {dag.py:4180} INFO - Setting next_dagrun for example_external_task_marker_child to None, run_after=None
[2024-11-11T03:41:06.742+0000] {logging_mixin.py:190} INFO - [2024-11-11T03:41:06.742+0000] {dag.py:4180} INFO - Setting next_dagrun for example_external_task_marker_parent to None, run_after=None
[2024-11-11T03:41:06.750+0000] {processor.py:208} INFO - Processing /home/airflow/.local/lib/python3.12/site-packages/airflow/example_dags/example_external_task_marker_dag.py took 0.039 seconds
[2024-11-11T03:41:37.411+0000] {processor.py:186} INFO - Started process (PID=8142) to work on /home/airflow/.local/lib/python3.12/site-packages/airflow/example_dags/example_external_task_marker_dag.py
[2024-11-11T03:41:37.412+0000] {processor.py:914} INFO - Processing file /home/airflow/.local/lib/python3.12/site-packages/airflow/example_dags/example_external_task_marker_dag.py for tasks to queue
[2024-11-11T03:41:37.414+0000] {logging_mixin.py:190} INFO - [2024-11-11T03:41:37.414+0000] {dagbag.py:588} INFO - Filling up the DagBag from /home/airflow/.local/lib/python3.12/site-packages/airflow/example_dags/example_external_task_marker_dag.py
[2024-11-11T03:41:37.419+0000] {processor.py:925} INFO - DAG(s) 'example_external_task_marker_child', 'example_external_task_marker_parent' retrieved from /home/airflow/.local/lib/python3.12/site-packages/airflow/example_dags/example_external_task_marker_dag.py
[2024-11-11T03:41:37.433+0000] {logging_mixin.py:190} INFO - [2024-11-11T03:41:37.432+0000] {dag.py:3239} INFO - Sync 2 DAGs
[2024-11-11T03:41:37.440+0000] {logging_mixin.py:190} INFO - [2024-11-11T03:41:37.440+0000] {dag.py:4180} INFO - Setting next_dagrun for example_external_task_marker_child to None, run_after=None
[2024-11-11T03:41:37.443+0000] {logging_mixin.py:190} INFO - [2024-11-11T03:41:37.443+0000] {dag.py:4180} INFO - Setting next_dagrun for example_external_task_marker_parent to None, run_after=None
[2024-11-11T03:41:37.454+0000] {processor.py:208} INFO - Processing /home/airflow/.local/lib/python3.12/site-packages/airflow/example_dags/example_external_task_marker_dag.py took 0.047 seconds
[2024-11-11T03:42:08.288+0000] {processor.py:186} INFO - Started process (PID=8205) to work on /home/airflow/.local/lib/python3.12/site-packages/airflow/example_dags/example_external_task_marker_dag.py
[2024-11-11T03:42:08.289+0000] {processor.py:914} INFO - Processing file /home/airflow/.local/lib/python3.12/site-packages/airflow/example_dags/example_external_task_marker_dag.py for tasks to queue
[2024-11-11T03:42:08.290+0000] {logging_mixin.py:190} INFO - [2024-11-11T03:42:08.290+0000] {dagbag.py:588} INFO - Filling up the DagBag from /home/airflow/.local/lib/python3.12/site-packages/airflow/example_dags/example_external_task_marker_dag.py
[2024-11-11T03:42:08.294+0000] {processor.py:925} INFO - DAG(s) 'example_external_task_marker_parent', 'example_external_task_marker_child' retrieved from /home/airflow/.local/lib/python3.12/site-packages/airflow/example_dags/example_external_task_marker_dag.py
[2024-11-11T03:42:08.305+0000] {logging_mixin.py:190} INFO - [2024-11-11T03:42:08.305+0000] {dag.py:3239} INFO - Sync 2 DAGs
[2024-11-11T03:42:08.312+0000] {logging_mixin.py:190} INFO - [2024-11-11T03:42:08.312+0000] {dag.py:4180} INFO - Setting next_dagrun for example_external_task_marker_child to None, run_after=None
[2024-11-11T03:42:08.314+0000] {logging_mixin.py:190} INFO - [2024-11-11T03:42:08.314+0000] {dag.py:4180} INFO - Setting next_dagrun for example_external_task_marker_parent to None, run_after=None
[2024-11-11T03:42:08.321+0000] {processor.py:208} INFO - Processing /home/airflow/.local/lib/python3.12/site-packages/airflow/example_dags/example_external_task_marker_dag.py took 0.037 seconds
[2024-11-11T03:42:38.940+0000] {processor.py:186} INFO - Started process (PID=8268) to work on /home/airflow/.local/lib/python3.12/site-packages/airflow/example_dags/example_external_task_marker_dag.py
[2024-11-11T03:42:38.940+0000] {processor.py:914} INFO - Processing file /home/airflow/.local/lib/python3.12/site-packages/airflow/example_dags/example_external_task_marker_dag.py for tasks to queue
[2024-11-11T03:42:38.942+0000] {logging_mixin.py:190} INFO - [2024-11-11T03:42:38.942+0000] {dagbag.py:588} INFO - Filling up the DagBag from /home/airflow/.local/lib/python3.12/site-packages/airflow/example_dags/example_external_task_marker_dag.py
[2024-11-11T03:42:38.947+0000] {processor.py:925} INFO - DAG(s) 'example_external_task_marker_child', 'example_external_task_marker_parent' retrieved from /home/airflow/.local/lib/python3.12/site-packages/airflow/example_dags/example_external_task_marker_dag.py
[2024-11-11T03:42:38.959+0000] {logging_mixin.py:190} INFO - [2024-11-11T03:42:38.959+0000] {dag.py:3239} INFO - Sync 2 DAGs
[2024-11-11T03:42:38.968+0000] {logging_mixin.py:190} INFO - [2024-11-11T03:42:38.968+0000] {dag.py:4180} INFO - Setting next_dagrun for example_external_task_marker_child to None, run_after=None
[2024-11-11T03:42:38.970+0000] {logging_mixin.py:190} INFO - [2024-11-11T03:42:38.970+0000] {dag.py:4180} INFO - Setting next_dagrun for example_external_task_marker_parent to None, run_after=None
[2024-11-11T03:42:38.978+0000] {processor.py:208} INFO - Processing /home/airflow/.local/lib/python3.12/site-packages/airflow/example_dags/example_external_task_marker_dag.py took 0.042 seconds
[2024-11-11T03:43:09.661+0000] {processor.py:186} INFO - Started process (PID=8331) to work on /home/airflow/.local/lib/python3.12/site-packages/airflow/example_dags/example_external_task_marker_dag.py
[2024-11-11T03:43:09.661+0000] {processor.py:914} INFO - Processing file /home/airflow/.local/lib/python3.12/site-packages/airflow/example_dags/example_external_task_marker_dag.py for tasks to queue
[2024-11-11T03:43:09.663+0000] {logging_mixin.py:190} INFO - [2024-11-11T03:43:09.663+0000] {dagbag.py:588} INFO - Filling up the DagBag from /home/airflow/.local/lib/python3.12/site-packages/airflow/example_dags/example_external_task_marker_dag.py
[2024-11-11T03:43:09.668+0000] {processor.py:925} INFO - DAG(s) 'example_external_task_marker_child', 'example_external_task_marker_parent' retrieved from /home/airflow/.local/lib/python3.12/site-packages/airflow/example_dags/example_external_task_marker_dag.py
[2024-11-11T03:43:09.680+0000] {logging_mixin.py:190} INFO - [2024-11-11T03:43:09.679+0000] {dag.py:3239} INFO - Sync 2 DAGs
[2024-11-11T03:43:09.688+0000] {logging_mixin.py:190} INFO - [2024-11-11T03:43:09.688+0000] {dag.py:4180} INFO - Setting next_dagrun for example_external_task_marker_child to None, run_after=None
[2024-11-11T03:43:09.691+0000] {logging_mixin.py:190} INFO - [2024-11-11T03:43:09.691+0000] {dag.py:4180} INFO - Setting next_dagrun for example_external_task_marker_parent to None, run_after=None
[2024-11-11T03:43:09.698+0000] {processor.py:208} INFO - Processing /home/airflow/.local/lib/python3.12/site-packages/airflow/example_dags/example_external_task_marker_dag.py took 0.041 seconds
[2024-11-11T03:43:40.201+0000] {processor.py:186} INFO - Started process (PID=8394) to work on /home/airflow/.local/lib/python3.12/site-packages/airflow/example_dags/example_external_task_marker_dag.py
[2024-11-11T03:43:40.202+0000] {processor.py:914} INFO - Processing file /home/airflow/.local/lib/python3.12/site-packages/airflow/example_dags/example_external_task_marker_dag.py for tasks to queue
[2024-11-11T03:43:40.203+0000] {logging_mixin.py:190} INFO - [2024-11-11T03:43:40.203+0000] {dagbag.py:588} INFO - Filling up the DagBag from /home/airflow/.local/lib/python3.12/site-packages/airflow/example_dags/example_external_task_marker_dag.py
[2024-11-11T03:43:40.209+0000] {processor.py:925} INFO - DAG(s) 'example_external_task_marker_child', 'example_external_task_marker_parent' retrieved from /home/airflow/.local/lib/python3.12/site-packages/airflow/example_dags/example_external_task_marker_dag.py
[2024-11-11T03:43:40.225+0000] {logging_mixin.py:190} INFO - [2024-11-11T03:43:40.224+0000] {dag.py:3239} INFO - Sync 2 DAGs
[2024-11-11T03:43:40.232+0000] {logging_mixin.py:190} INFO - [2024-11-11T03:43:40.232+0000] {dag.py:4180} INFO - Setting next_dagrun for example_external_task_marker_child to None, run_after=None
[2024-11-11T03:43:40.235+0000] {logging_mixin.py:190} INFO - [2024-11-11T03:43:40.235+0000] {dag.py:4180} INFO - Setting next_dagrun for example_external_task_marker_parent to None, run_after=None
[2024-11-11T03:43:40.242+0000] {processor.py:208} INFO - Processing /home/airflow/.local/lib/python3.12/site-packages/airflow/example_dags/example_external_task_marker_dag.py took 0.045 seconds
[2024-11-11T03:44:10.907+0000] {processor.py:186} INFO - Started process (PID=8457) to work on /home/airflow/.local/lib/python3.12/site-packages/airflow/example_dags/example_external_task_marker_dag.py
[2024-11-11T03:44:10.908+0000] {processor.py:914} INFO - Processing file /home/airflow/.local/lib/python3.12/site-packages/airflow/example_dags/example_external_task_marker_dag.py for tasks to queue
[2024-11-11T03:44:10.909+0000] {logging_mixin.py:190} INFO - [2024-11-11T03:44:10.909+0000] {dagbag.py:588} INFO - Filling up the DagBag from /home/airflow/.local/lib/python3.12/site-packages/airflow/example_dags/example_external_task_marker_dag.py
[2024-11-11T03:44:10.914+0000] {processor.py:925} INFO - DAG(s) 'example_external_task_marker_child', 'example_external_task_marker_parent' retrieved from /home/airflow/.local/lib/python3.12/site-packages/airflow/example_dags/example_external_task_marker_dag.py
[2024-11-11T03:44:10.927+0000] {logging_mixin.py:190} INFO - [2024-11-11T03:44:10.926+0000] {dag.py:3239} INFO - Sync 2 DAGs
[2024-11-11T03:44:10.934+0000] {logging_mixin.py:190} INFO - [2024-11-11T03:44:10.934+0000] {dag.py:4180} INFO - Setting next_dagrun for example_external_task_marker_child to None, run_after=None
[2024-11-11T03:44:10.936+0000] {logging_mixin.py:190} INFO - [2024-11-11T03:44:10.936+0000] {dag.py:4180} INFO - Setting next_dagrun for example_external_task_marker_parent to None, run_after=None
[2024-11-11T03:44:10.943+0000] {processor.py:208} INFO - Processing /home/airflow/.local/lib/python3.12/site-packages/airflow/example_dags/example_external_task_marker_dag.py took 0.039 seconds
[2024-11-11T03:44:41.582+0000] {processor.py:186} INFO - Started process (PID=8520) to work on /home/airflow/.local/lib/python3.12/site-packages/airflow/example_dags/example_external_task_marker_dag.py
[2024-11-11T03:44:41.583+0000] {processor.py:914} INFO - Processing file /home/airflow/.local/lib/python3.12/site-packages/airflow/example_dags/example_external_task_marker_dag.py for tasks to queue
[2024-11-11T03:44:41.584+0000] {logging_mixin.py:190} INFO - [2024-11-11T03:44:41.584+0000] {dagbag.py:588} INFO - Filling up the DagBag from /home/airflow/.local/lib/python3.12/site-packages/airflow/example_dags/example_external_task_marker_dag.py
[2024-11-11T03:44:41.589+0000] {processor.py:925} INFO - DAG(s) 'example_external_task_marker_child', 'example_external_task_marker_parent' retrieved from /home/airflow/.local/lib/python3.12/site-packages/airflow/example_dags/example_external_task_marker_dag.py
[2024-11-11T03:44:41.602+0000] {logging_mixin.py:190} INFO - [2024-11-11T03:44:41.602+0000] {dag.py:3239} INFO - Sync 2 DAGs
[2024-11-11T03:44:41.610+0000] {logging_mixin.py:190} INFO - [2024-11-11T03:44:41.609+0000] {dag.py:4180} INFO - Setting next_dagrun for example_external_task_marker_child to None, run_after=None
[2024-11-11T03:44:41.612+0000] {logging_mixin.py:190} INFO - [2024-11-11T03:44:41.612+0000] {dag.py:4180} INFO - Setting next_dagrun for example_external_task_marker_parent to None, run_after=None
[2024-11-11T03:44:41.620+0000] {processor.py:208} INFO - Processing /home/airflow/.local/lib/python3.12/site-packages/airflow/example_dags/example_external_task_marker_dag.py took 0.042 seconds
[2024-11-11T03:45:12.453+0000] {processor.py:186} INFO - Started process (PID=8583) to work on /home/airflow/.local/lib/python3.12/site-packages/airflow/example_dags/example_external_task_marker_dag.py
[2024-11-11T03:45:12.454+0000] {processor.py:914} INFO - Processing file /home/airflow/.local/lib/python3.12/site-packages/airflow/example_dags/example_external_task_marker_dag.py for tasks to queue
[2024-11-11T03:45:12.455+0000] {logging_mixin.py:190} INFO - [2024-11-11T03:45:12.455+0000] {dagbag.py:588} INFO - Filling up the DagBag from /home/airflow/.local/lib/python3.12/site-packages/airflow/example_dags/example_external_task_marker_dag.py
[2024-11-11T03:45:12.460+0000] {processor.py:925} INFO - DAG(s) 'example_external_task_marker_child', 'example_external_task_marker_parent' retrieved from /home/airflow/.local/lib/python3.12/site-packages/airflow/example_dags/example_external_task_marker_dag.py
[2024-11-11T03:45:12.471+0000] {logging_mixin.py:190} INFO - [2024-11-11T03:45:12.471+0000] {dag.py:3239} INFO - Sync 2 DAGs
[2024-11-11T03:45:12.478+0000] {logging_mixin.py:190} INFO - [2024-11-11T03:45:12.478+0000] {dag.py:4180} INFO - Setting next_dagrun for example_external_task_marker_child to None, run_after=None
[2024-11-11T03:45:12.480+0000] {logging_mixin.py:190} INFO - [2024-11-11T03:45:12.480+0000] {dag.py:4180} INFO - Setting next_dagrun for example_external_task_marker_parent to None, run_after=None
[2024-11-11T03:45:12.488+0000] {processor.py:208} INFO - Processing /home/airflow/.local/lib/python3.12/site-packages/airflow/example_dags/example_external_task_marker_dag.py took 0.038 seconds
[2024-11-11T03:45:42.925+0000] {processor.py:186} INFO - Started process (PID=8646) to work on /home/airflow/.local/lib/python3.12/site-packages/airflow/example_dags/example_external_task_marker_dag.py
[2024-11-11T03:45:42.926+0000] {processor.py:914} INFO - Processing file /home/airflow/.local/lib/python3.12/site-packages/airflow/example_dags/example_external_task_marker_dag.py for tasks to queue
[2024-11-11T03:45:42.928+0000] {logging_mixin.py:190} INFO - [2024-11-11T03:45:42.927+0000] {dagbag.py:588} INFO - Filling up the DagBag from /home/airflow/.local/lib/python3.12/site-packages/airflow/example_dags/example_external_task_marker_dag.py
[2024-11-11T03:45:42.932+0000] {processor.py:925} INFO - DAG(s) 'example_external_task_marker_child', 'example_external_task_marker_parent' retrieved from /home/airflow/.local/lib/python3.12/site-packages/airflow/example_dags/example_external_task_marker_dag.py
[2024-11-11T03:45:42.944+0000] {logging_mixin.py:190} INFO - [2024-11-11T03:45:42.944+0000] {dag.py:3239} INFO - Sync 2 DAGs
[2024-11-11T03:45:42.952+0000] {logging_mixin.py:190} INFO - [2024-11-11T03:45:42.952+0000] {dag.py:4180} INFO - Setting next_dagrun for example_external_task_marker_child to None, run_after=None
[2024-11-11T03:45:42.954+0000] {logging_mixin.py:190} INFO - [2024-11-11T03:45:42.954+0000] {dag.py:4180} INFO - Setting next_dagrun for example_external_task_marker_parent to None, run_after=None
[2024-11-11T03:45:42.961+0000] {processor.py:208} INFO - Processing /home/airflow/.local/lib/python3.12/site-packages/airflow/example_dags/example_external_task_marker_dag.py took 0.040 seconds
[2024-11-11T03:46:13.677+0000] {processor.py:186} INFO - Started process (PID=8709) to work on /home/airflow/.local/lib/python3.12/site-packages/airflow/example_dags/example_external_task_marker_dag.py
[2024-11-11T03:46:13.678+0000] {processor.py:914} INFO - Processing file /home/airflow/.local/lib/python3.12/site-packages/airflow/example_dags/example_external_task_marker_dag.py for tasks to queue
[2024-11-11T03:46:13.679+0000] {logging_mixin.py:190} INFO - [2024-11-11T03:46:13.679+0000] {dagbag.py:588} INFO - Filling up the DagBag from /home/airflow/.local/lib/python3.12/site-packages/airflow/example_dags/example_external_task_marker_dag.py
[2024-11-11T03:46:13.684+0000] {processor.py:925} INFO - DAG(s) 'example_external_task_marker_child', 'example_external_task_marker_parent' retrieved from /home/airflow/.local/lib/python3.12/site-packages/airflow/example_dags/example_external_task_marker_dag.py
[2024-11-11T03:46:13.696+0000] {logging_mixin.py:190} INFO - [2024-11-11T03:46:13.695+0000] {dag.py:3239} INFO - Sync 2 DAGs
[2024-11-11T03:46:13.703+0000] {logging_mixin.py:190} INFO - [2024-11-11T03:46:13.703+0000] {dag.py:4180} INFO - Setting next_dagrun for example_external_task_marker_child to None, run_after=None
[2024-11-11T03:46:13.705+0000] {logging_mixin.py:190} INFO - [2024-11-11T03:46:13.705+0000] {dag.py:4180} INFO - Setting next_dagrun for example_external_task_marker_parent to None, run_after=None
[2024-11-11T03:46:13.712+0000] {processor.py:208} INFO - Processing /home/airflow/.local/lib/python3.12/site-packages/airflow/example_dags/example_external_task_marker_dag.py took 0.039 seconds
[2024-11-11T03:46:44.187+0000] {processor.py:186} INFO - Started process (PID=8772) to work on /home/airflow/.local/lib/python3.12/site-packages/airflow/example_dags/example_external_task_marker_dag.py
[2024-11-11T03:46:44.187+0000] {processor.py:914} INFO - Processing file /home/airflow/.local/lib/python3.12/site-packages/airflow/example_dags/example_external_task_marker_dag.py for tasks to queue
[2024-11-11T03:46:44.189+0000] {logging_mixin.py:190} INFO - [2024-11-11T03:46:44.189+0000] {dagbag.py:588} INFO - Filling up the DagBag from /home/airflow/.local/lib/python3.12/site-packages/airflow/example_dags/example_external_task_marker_dag.py
[2024-11-11T03:46:44.194+0000] {processor.py:925} INFO - DAG(s) 'example_external_task_marker_parent', 'example_external_task_marker_child' retrieved from /home/airflow/.local/lib/python3.12/site-packages/airflow/example_dags/example_external_task_marker_dag.py
[2024-11-11T03:46:44.215+0000] {logging_mixin.py:190} INFO - [2024-11-11T03:46:44.215+0000] {dag.py:3239} INFO - Sync 2 DAGs
[2024-11-11T03:46:44.223+0000] {logging_mixin.py:190} INFO - [2024-11-11T03:46:44.222+0000] {dag.py:4180} INFO - Setting next_dagrun for example_external_task_marker_child to None, run_after=None
[2024-11-11T03:46:44.225+0000] {logging_mixin.py:190} INFO - [2024-11-11T03:46:44.225+0000] {dag.py:4180} INFO - Setting next_dagrun for example_external_task_marker_parent to None, run_after=None
[2024-11-11T03:46:44.233+0000] {processor.py:208} INFO - Processing /home/airflow/.local/lib/python3.12/site-packages/airflow/example_dags/example_external_task_marker_dag.py took 0.050 seconds
[2024-11-11T03:47:14.734+0000] {processor.py:186} INFO - Started process (PID=8835) to work on /home/airflow/.local/lib/python3.12/site-packages/airflow/example_dags/example_external_task_marker_dag.py
[2024-11-11T03:47:14.734+0000] {processor.py:914} INFO - Processing file /home/airflow/.local/lib/python3.12/site-packages/airflow/example_dags/example_external_task_marker_dag.py for tasks to queue
[2024-11-11T03:47:14.736+0000] {logging_mixin.py:190} INFO - [2024-11-11T03:47:14.736+0000] {dagbag.py:588} INFO - Filling up the DagBag from /home/airflow/.local/lib/python3.12/site-packages/airflow/example_dags/example_external_task_marker_dag.py
[2024-11-11T03:47:14.741+0000] {processor.py:925} INFO - DAG(s) 'example_external_task_marker_parent', 'example_external_task_marker_child' retrieved from /home/airflow/.local/lib/python3.12/site-packages/airflow/example_dags/example_external_task_marker_dag.py
[2024-11-11T03:47:14.753+0000] {logging_mixin.py:190} INFO - [2024-11-11T03:47:14.752+0000] {dag.py:3239} INFO - Sync 2 DAGs
[2024-11-11T03:47:14.760+0000] {logging_mixin.py:190} INFO - [2024-11-11T03:47:14.759+0000] {dag.py:4180} INFO - Setting next_dagrun for example_external_task_marker_child to None, run_after=None
[2024-11-11T03:47:14.761+0000] {logging_mixin.py:190} INFO - [2024-11-11T03:47:14.761+0000] {dag.py:4180} INFO - Setting next_dagrun for example_external_task_marker_parent to None, run_after=None
[2024-11-11T03:47:14.769+0000] {processor.py:208} INFO - Processing /home/airflow/.local/lib/python3.12/site-packages/airflow/example_dags/example_external_task_marker_dag.py took 0.038 seconds
[2024-11-11T03:47:45.264+0000] {processor.py:186} INFO - Started process (PID=8898) to work on /home/airflow/.local/lib/python3.12/site-packages/airflow/example_dags/example_external_task_marker_dag.py
[2024-11-11T03:47:45.265+0000] {processor.py:914} INFO - Processing file /home/airflow/.local/lib/python3.12/site-packages/airflow/example_dags/example_external_task_marker_dag.py for tasks to queue
[2024-11-11T03:47:45.267+0000] {logging_mixin.py:190} INFO - [2024-11-11T03:47:45.267+0000] {dagbag.py:588} INFO - Filling up the DagBag from /home/airflow/.local/lib/python3.12/site-packages/airflow/example_dags/example_external_task_marker_dag.py
[2024-11-11T03:47:45.272+0000] {processor.py:925} INFO - DAG(s) 'example_external_task_marker_parent', 'example_external_task_marker_child' retrieved from /home/airflow/.local/lib/python3.12/site-packages/airflow/example_dags/example_external_task_marker_dag.py
[2024-11-11T03:47:45.283+0000] {logging_mixin.py:190} INFO - [2024-11-11T03:47:45.283+0000] {dag.py:3239} INFO - Sync 2 DAGs
[2024-11-11T03:47:45.291+0000] {logging_mixin.py:190} INFO - [2024-11-11T03:47:45.290+0000] {dag.py:4180} INFO - Setting next_dagrun for example_external_task_marker_child to None, run_after=None
[2024-11-11T03:47:45.292+0000] {logging_mixin.py:190} INFO - [2024-11-11T03:47:45.292+0000] {dag.py:4180} INFO - Setting next_dagrun for example_external_task_marker_parent to None, run_after=None
[2024-11-11T03:47:45.300+0000] {processor.py:208} INFO - Processing /home/airflow/.local/lib/python3.12/site-packages/airflow/example_dags/example_external_task_marker_dag.py took 0.039 seconds
[2024-11-11T03:48:15.776+0000] {processor.py:186} INFO - Started process (PID=8961) to work on /home/airflow/.local/lib/python3.12/site-packages/airflow/example_dags/example_external_task_marker_dag.py
[2024-11-11T03:48:15.777+0000] {processor.py:914} INFO - Processing file /home/airflow/.local/lib/python3.12/site-packages/airflow/example_dags/example_external_task_marker_dag.py for tasks to queue
[2024-11-11T03:48:15.779+0000] {logging_mixin.py:190} INFO - [2024-11-11T03:48:15.779+0000] {dagbag.py:588} INFO - Filling up the DagBag from /home/airflow/.local/lib/python3.12/site-packages/airflow/example_dags/example_external_task_marker_dag.py
[2024-11-11T03:48:15.784+0000] {processor.py:925} INFO - DAG(s) 'example_external_task_marker_parent', 'example_external_task_marker_child' retrieved from /home/airflow/.local/lib/python3.12/site-packages/airflow/example_dags/example_external_task_marker_dag.py
[2024-11-11T03:48:15.797+0000] {logging_mixin.py:190} INFO - [2024-11-11T03:48:15.797+0000] {dag.py:3239} INFO - Sync 2 DAGs
[2024-11-11T03:48:15.804+0000] {logging_mixin.py:190} INFO - [2024-11-11T03:48:15.804+0000] {dag.py:4180} INFO - Setting next_dagrun for example_external_task_marker_child to None, run_after=None
[2024-11-11T03:48:15.807+0000] {logging_mixin.py:190} INFO - [2024-11-11T03:48:15.806+0000] {dag.py:4180} INFO - Setting next_dagrun for example_external_task_marker_parent to None, run_after=None
[2024-11-11T03:48:15.815+0000] {processor.py:208} INFO - Processing /home/airflow/.local/lib/python3.12/site-packages/airflow/example_dags/example_external_task_marker_dag.py took 0.042 seconds
[2024-11-11T03:48:46.710+0000] {processor.py:186} INFO - Started process (PID=9024) to work on /home/airflow/.local/lib/python3.12/site-packages/airflow/example_dags/example_external_task_marker_dag.py
[2024-11-11T03:48:46.710+0000] {processor.py:914} INFO - Processing file /home/airflow/.local/lib/python3.12/site-packages/airflow/example_dags/example_external_task_marker_dag.py for tasks to queue
[2024-11-11T03:48:46.712+0000] {logging_mixin.py:190} INFO - [2024-11-11T03:48:46.712+0000] {dagbag.py:588} INFO - Filling up the DagBag from /home/airflow/.local/lib/python3.12/site-packages/airflow/example_dags/example_external_task_marker_dag.py
[2024-11-11T03:48:46.717+0000] {processor.py:925} INFO - DAG(s) 'example_external_task_marker_parent', 'example_external_task_marker_child' retrieved from /home/airflow/.local/lib/python3.12/site-packages/airflow/example_dags/example_external_task_marker_dag.py
[2024-11-11T03:48:46.729+0000] {logging_mixin.py:190} INFO - [2024-11-11T03:48:46.729+0000] {dag.py:3239} INFO - Sync 2 DAGs
[2024-11-11T03:48:46.736+0000] {logging_mixin.py:190} INFO - [2024-11-11T03:48:46.736+0000] {dag.py:4180} INFO - Setting next_dagrun for example_external_task_marker_child to None, run_after=None
[2024-11-11T03:48:46.738+0000] {logging_mixin.py:190} INFO - [2024-11-11T03:48:46.738+0000] {dag.py:4180} INFO - Setting next_dagrun for example_external_task_marker_parent to None, run_after=None
[2024-11-11T03:48:46.745+0000] {processor.py:208} INFO - Processing /home/airflow/.local/lib/python3.12/site-packages/airflow/example_dags/example_external_task_marker_dag.py took 0.039 seconds
[2024-11-11T03:49:17.339+0000] {processor.py:186} INFO - Started process (PID=9087) to work on /home/airflow/.local/lib/python3.12/site-packages/airflow/example_dags/example_external_task_marker_dag.py
[2024-11-11T03:49:17.339+0000] {processor.py:914} INFO - Processing file /home/airflow/.local/lib/python3.12/site-packages/airflow/example_dags/example_external_task_marker_dag.py for tasks to queue
[2024-11-11T03:49:17.341+0000] {logging_mixin.py:190} INFO - [2024-11-11T03:49:17.341+0000] {dagbag.py:588} INFO - Filling up the DagBag from /home/airflow/.local/lib/python3.12/site-packages/airflow/example_dags/example_external_task_marker_dag.py
[2024-11-11T03:49:17.346+0000] {processor.py:925} INFO - DAG(s) 'example_external_task_marker_parent', 'example_external_task_marker_child' retrieved from /home/airflow/.local/lib/python3.12/site-packages/airflow/example_dags/example_external_task_marker_dag.py
[2024-11-11T03:49:17.357+0000] {logging_mixin.py:190} INFO - [2024-11-11T03:49:17.357+0000] {dag.py:3239} INFO - Sync 2 DAGs
[2024-11-11T03:49:17.365+0000] {logging_mixin.py:190} INFO - [2024-11-11T03:49:17.365+0000] {dag.py:4180} INFO - Setting next_dagrun for example_external_task_marker_child to None, run_after=None
[2024-11-11T03:49:17.367+0000] {logging_mixin.py:190} INFO - [2024-11-11T03:49:17.367+0000] {dag.py:4180} INFO - Setting next_dagrun for example_external_task_marker_parent to None, run_after=None
[2024-11-11T03:49:17.375+0000] {processor.py:208} INFO - Processing /home/airflow/.local/lib/python3.12/site-packages/airflow/example_dags/example_external_task_marker_dag.py took 0.039 seconds
[2024-11-11T03:59:42.890+0000] {processor.py:186} INFO - Started process (PID=9150) to work on /home/airflow/.local/lib/python3.12/site-packages/airflow/example_dags/example_external_task_marker_dag.py
[2024-11-11T03:59:42.891+0000] {processor.py:914} INFO - Processing file /home/airflow/.local/lib/python3.12/site-packages/airflow/example_dags/example_external_task_marker_dag.py for tasks to queue
[2024-11-11T03:59:42.892+0000] {logging_mixin.py:190} INFO - [2024-11-11T03:59:42.892+0000] {dagbag.py:588} INFO - Filling up the DagBag from /home/airflow/.local/lib/python3.12/site-packages/airflow/example_dags/example_external_task_marker_dag.py
[2024-11-11T03:59:42.896+0000] {processor.py:925} INFO - DAG(s) 'example_external_task_marker_child', 'example_external_task_marker_parent' retrieved from /home/airflow/.local/lib/python3.12/site-packages/airflow/example_dags/example_external_task_marker_dag.py
[2024-11-11T03:59:42.907+0000] {logging_mixin.py:190} INFO - [2024-11-11T03:59:42.907+0000] {dag.py:3239} INFO - Sync 2 DAGs
[2024-11-11T03:59:42.914+0000] {logging_mixin.py:190} INFO - [2024-11-11T03:59:42.914+0000] {dag.py:4180} INFO - Setting next_dagrun for example_external_task_marker_child to None, run_after=None
[2024-11-11T03:59:42.916+0000] {logging_mixin.py:190} INFO - [2024-11-11T03:59:42.916+0000] {dag.py:4180} INFO - Setting next_dagrun for example_external_task_marker_parent to None, run_after=None
[2024-11-11T03:59:42.923+0000] {processor.py:208} INFO - Processing /home/airflow/.local/lib/python3.12/site-packages/airflow/example_dags/example_external_task_marker_dag.py took 0.036 seconds
[2024-11-11T04:00:13.572+0000] {processor.py:186} INFO - Started process (PID=9213) to work on /home/airflow/.local/lib/python3.12/site-packages/airflow/example_dags/example_external_task_marker_dag.py
[2024-11-11T04:00:13.572+0000] {processor.py:914} INFO - Processing file /home/airflow/.local/lib/python3.12/site-packages/airflow/example_dags/example_external_task_marker_dag.py for tasks to queue
[2024-11-11T04:00:13.574+0000] {logging_mixin.py:190} INFO - [2024-11-11T04:00:13.574+0000] {dagbag.py:588} INFO - Filling up the DagBag from /home/airflow/.local/lib/python3.12/site-packages/airflow/example_dags/example_external_task_marker_dag.py
[2024-11-11T04:00:13.579+0000] {processor.py:925} INFO - DAG(s) 'example_external_task_marker_child', 'example_external_task_marker_parent' retrieved from /home/airflow/.local/lib/python3.12/site-packages/airflow/example_dags/example_external_task_marker_dag.py
[2024-11-11T04:00:13.591+0000] {logging_mixin.py:190} INFO - [2024-11-11T04:00:13.591+0000] {dag.py:3239} INFO - Sync 2 DAGs
[2024-11-11T04:00:13.598+0000] {logging_mixin.py:190} INFO - [2024-11-11T04:00:13.598+0000] {dag.py:4180} INFO - Setting next_dagrun for example_external_task_marker_child to None, run_after=None
[2024-11-11T04:00:13.601+0000] {logging_mixin.py:190} INFO - [2024-11-11T04:00:13.600+0000] {dag.py:4180} INFO - Setting next_dagrun for example_external_task_marker_parent to None, run_after=None
[2024-11-11T04:00:13.608+0000] {processor.py:208} INFO - Processing /home/airflow/.local/lib/python3.12/site-packages/airflow/example_dags/example_external_task_marker_dag.py took 0.040 seconds
[2024-11-11T04:00:44.425+0000] {processor.py:186} INFO - Started process (PID=9276) to work on /home/airflow/.local/lib/python3.12/site-packages/airflow/example_dags/example_external_task_marker_dag.py
[2024-11-11T04:00:44.426+0000] {processor.py:914} INFO - Processing file /home/airflow/.local/lib/python3.12/site-packages/airflow/example_dags/example_external_task_marker_dag.py for tasks to queue
[2024-11-11T04:00:44.427+0000] {logging_mixin.py:190} INFO - [2024-11-11T04:00:44.427+0000] {dagbag.py:588} INFO - Filling up the DagBag from /home/airflow/.local/lib/python3.12/site-packages/airflow/example_dags/example_external_task_marker_dag.py
[2024-11-11T04:00:44.432+0000] {processor.py:925} INFO - DAG(s) 'example_external_task_marker_child', 'example_external_task_marker_parent' retrieved from /home/airflow/.local/lib/python3.12/site-packages/airflow/example_dags/example_external_task_marker_dag.py
[2024-11-11T04:00:44.445+0000] {logging_mixin.py:190} INFO - [2024-11-11T04:00:44.444+0000] {dag.py:3239} INFO - Sync 2 DAGs
[2024-11-11T04:00:44.452+0000] {logging_mixin.py:190} INFO - [2024-11-11T04:00:44.452+0000] {dag.py:4180} INFO - Setting next_dagrun for example_external_task_marker_child to None, run_after=None
[2024-11-11T04:00:44.454+0000] {logging_mixin.py:190} INFO - [2024-11-11T04:00:44.454+0000] {dag.py:4180} INFO - Setting next_dagrun for example_external_task_marker_parent to None, run_after=None
[2024-11-11T04:00:44.462+0000] {processor.py:208} INFO - Processing /home/airflow/.local/lib/python3.12/site-packages/airflow/example_dags/example_external_task_marker_dag.py took 0.041 seconds
[2024-11-11T04:01:15.053+0000] {processor.py:186} INFO - Started process (PID=9339) to work on /home/airflow/.local/lib/python3.12/site-packages/airflow/example_dags/example_external_task_marker_dag.py
[2024-11-11T04:01:15.054+0000] {processor.py:914} INFO - Processing file /home/airflow/.local/lib/python3.12/site-packages/airflow/example_dags/example_external_task_marker_dag.py for tasks to queue
[2024-11-11T04:01:15.055+0000] {logging_mixin.py:190} INFO - [2024-11-11T04:01:15.055+0000] {dagbag.py:588} INFO - Filling up the DagBag from /home/airflow/.local/lib/python3.12/site-packages/airflow/example_dags/example_external_task_marker_dag.py
[2024-11-11T04:01:15.060+0000] {processor.py:925} INFO - DAG(s) 'example_external_task_marker_child', 'example_external_task_marker_parent' retrieved from /home/airflow/.local/lib/python3.12/site-packages/airflow/example_dags/example_external_task_marker_dag.py
[2024-11-11T04:01:15.072+0000] {logging_mixin.py:190} INFO - [2024-11-11T04:01:15.072+0000] {dag.py:3239} INFO - Sync 2 DAGs
[2024-11-11T04:01:15.080+0000] {logging_mixin.py:190} INFO - [2024-11-11T04:01:15.080+0000] {dag.py:4180} INFO - Setting next_dagrun for example_external_task_marker_child to None, run_after=None
[2024-11-11T04:01:15.082+0000] {logging_mixin.py:190} INFO - [2024-11-11T04:01:15.082+0000] {dag.py:4180} INFO - Setting next_dagrun for example_external_task_marker_parent to None, run_after=None
[2024-11-11T04:01:15.091+0000] {processor.py:208} INFO - Processing /home/airflow/.local/lib/python3.12/site-packages/airflow/example_dags/example_external_task_marker_dag.py took 0.041 seconds
[2024-11-11T04:01:45.885+0000] {processor.py:186} INFO - Started process (PID=9402) to work on /home/airflow/.local/lib/python3.12/site-packages/airflow/example_dags/example_external_task_marker_dag.py
[2024-11-11T04:01:45.885+0000] {processor.py:914} INFO - Processing file /home/airflow/.local/lib/python3.12/site-packages/airflow/example_dags/example_external_task_marker_dag.py for tasks to queue
[2024-11-11T04:01:45.886+0000] {logging_mixin.py:190} INFO - [2024-11-11T04:01:45.886+0000] {dagbag.py:588} INFO - Filling up the DagBag from /home/airflow/.local/lib/python3.12/site-packages/airflow/example_dags/example_external_task_marker_dag.py
[2024-11-11T04:01:45.891+0000] {processor.py:925} INFO - DAG(s) 'example_external_task_marker_child', 'example_external_task_marker_parent' retrieved from /home/airflow/.local/lib/python3.12/site-packages/airflow/example_dags/example_external_task_marker_dag.py
[2024-11-11T04:01:45.903+0000] {logging_mixin.py:190} INFO - [2024-11-11T04:01:45.902+0000] {dag.py:3239} INFO - Sync 2 DAGs
[2024-11-11T04:01:45.911+0000] {logging_mixin.py:190} INFO - [2024-11-11T04:01:45.911+0000] {dag.py:4180} INFO - Setting next_dagrun for example_external_task_marker_child to None, run_after=None
[2024-11-11T04:01:45.913+0000] {logging_mixin.py:190} INFO - [2024-11-11T04:01:45.913+0000] {dag.py:4180} INFO - Setting next_dagrun for example_external_task_marker_parent to None, run_after=None
[2024-11-11T04:01:45.923+0000] {processor.py:208} INFO - Processing /home/airflow/.local/lib/python3.12/site-packages/airflow/example_dags/example_external_task_marker_dag.py took 0.042 seconds
[2024-11-11T04:02:16.805+0000] {processor.py:186} INFO - Started process (PID=9465) to work on /home/airflow/.local/lib/python3.12/site-packages/airflow/example_dags/example_external_task_marker_dag.py
[2024-11-11T04:02:16.806+0000] {processor.py:914} INFO - Processing file /home/airflow/.local/lib/python3.12/site-packages/airflow/example_dags/example_external_task_marker_dag.py for tasks to queue
[2024-11-11T04:02:16.808+0000] {logging_mixin.py:190} INFO - [2024-11-11T04:02:16.807+0000] {dagbag.py:588} INFO - Filling up the DagBag from /home/airflow/.local/lib/python3.12/site-packages/airflow/example_dags/example_external_task_marker_dag.py
[2024-11-11T04:02:16.813+0000] {processor.py:925} INFO - DAG(s) 'example_external_task_marker_child', 'example_external_task_marker_parent' retrieved from /home/airflow/.local/lib/python3.12/site-packages/airflow/example_dags/example_external_task_marker_dag.py
[2024-11-11T04:02:16.825+0000] {logging_mixin.py:190} INFO - [2024-11-11T04:02:16.825+0000] {dag.py:3239} INFO - Sync 2 DAGs
[2024-11-11T04:02:16.833+0000] {logging_mixin.py:190} INFO - [2024-11-11T04:02:16.832+0000] {dag.py:4180} INFO - Setting next_dagrun for example_external_task_marker_child to None, run_after=None
[2024-11-11T04:02:16.835+0000] {logging_mixin.py:190} INFO - [2024-11-11T04:02:16.835+0000] {dag.py:4180} INFO - Setting next_dagrun for example_external_task_marker_parent to None, run_after=None
[2024-11-11T04:02:16.843+0000] {processor.py:208} INFO - Processing /home/airflow/.local/lib/python3.12/site-packages/airflow/example_dags/example_external_task_marker_dag.py took 0.041 seconds
[2024-11-11T04:02:47.484+0000] {processor.py:186} INFO - Started process (PID=9528) to work on /home/airflow/.local/lib/python3.12/site-packages/airflow/example_dags/example_external_task_marker_dag.py
[2024-11-11T04:02:47.484+0000] {processor.py:914} INFO - Processing file /home/airflow/.local/lib/python3.12/site-packages/airflow/example_dags/example_external_task_marker_dag.py for tasks to queue
[2024-11-11T04:02:47.486+0000] {logging_mixin.py:190} INFO - [2024-11-11T04:02:47.485+0000] {dagbag.py:588} INFO - Filling up the DagBag from /home/airflow/.local/lib/python3.12/site-packages/airflow/example_dags/example_external_task_marker_dag.py
[2024-11-11T04:02:47.490+0000] {processor.py:925} INFO - DAG(s) 'example_external_task_marker_parent', 'example_external_task_marker_child' retrieved from /home/airflow/.local/lib/python3.12/site-packages/airflow/example_dags/example_external_task_marker_dag.py
[2024-11-11T04:02:47.501+0000] {logging_mixin.py:190} INFO - [2024-11-11T04:02:47.501+0000] {dag.py:3239} INFO - Sync 2 DAGs
[2024-11-11T04:02:47.508+0000] {logging_mixin.py:190} INFO - [2024-11-11T04:02:47.508+0000] {dag.py:4180} INFO - Setting next_dagrun for example_external_task_marker_child to None, run_after=None
[2024-11-11T04:02:47.510+0000] {logging_mixin.py:190} INFO - [2024-11-11T04:02:47.510+0000] {dag.py:4180} INFO - Setting next_dagrun for example_external_task_marker_parent to None, run_after=None
[2024-11-11T04:02:47.517+0000] {processor.py:208} INFO - Processing /home/airflow/.local/lib/python3.12/site-packages/airflow/example_dags/example_external_task_marker_dag.py took 0.037 seconds
[2024-11-11T04:03:18.151+0000] {processor.py:186} INFO - Started process (PID=9591) to work on /home/airflow/.local/lib/python3.12/site-packages/airflow/example_dags/example_external_task_marker_dag.py
[2024-11-11T04:03:18.152+0000] {processor.py:914} INFO - Processing file /home/airflow/.local/lib/python3.12/site-packages/airflow/example_dags/example_external_task_marker_dag.py for tasks to queue
[2024-11-11T04:03:18.154+0000] {logging_mixin.py:190} INFO - [2024-11-11T04:03:18.154+0000] {dagbag.py:588} INFO - Filling up the DagBag from /home/airflow/.local/lib/python3.12/site-packages/airflow/example_dags/example_external_task_marker_dag.py
[2024-11-11T04:03:18.159+0000] {processor.py:925} INFO - DAG(s) 'example_external_task_marker_child', 'example_external_task_marker_parent' retrieved from /home/airflow/.local/lib/python3.12/site-packages/airflow/example_dags/example_external_task_marker_dag.py
[2024-11-11T04:03:18.171+0000] {logging_mixin.py:190} INFO - [2024-11-11T04:03:18.171+0000] {dag.py:3239} INFO - Sync 2 DAGs
[2024-11-11T04:03:18.179+0000] {logging_mixin.py:190} INFO - [2024-11-11T04:03:18.179+0000] {dag.py:4180} INFO - Setting next_dagrun for example_external_task_marker_child to None, run_after=None
[2024-11-11T04:03:18.181+0000] {logging_mixin.py:190} INFO - [2024-11-11T04:03:18.181+0000] {dag.py:4180} INFO - Setting next_dagrun for example_external_task_marker_parent to None, run_after=None
[2024-11-11T04:03:18.189+0000] {processor.py:208} INFO - Processing /home/airflow/.local/lib/python3.12/site-packages/airflow/example_dags/example_external_task_marker_dag.py took 0.041 seconds
[2024-11-11T04:03:49.090+0000] {processor.py:186} INFO - Started process (PID=9654) to work on /home/airflow/.local/lib/python3.12/site-packages/airflow/example_dags/example_external_task_marker_dag.py
[2024-11-11T04:03:49.091+0000] {processor.py:914} INFO - Processing file /home/airflow/.local/lib/python3.12/site-packages/airflow/example_dags/example_external_task_marker_dag.py for tasks to queue
[2024-11-11T04:03:49.092+0000] {logging_mixin.py:190} INFO - [2024-11-11T04:03:49.092+0000] {dagbag.py:588} INFO - Filling up the DagBag from /home/airflow/.local/lib/python3.12/site-packages/airflow/example_dags/example_external_task_marker_dag.py
[2024-11-11T04:03:49.097+0000] {processor.py:925} INFO - DAG(s) 'example_external_task_marker_child', 'example_external_task_marker_parent' retrieved from /home/airflow/.local/lib/python3.12/site-packages/airflow/example_dags/example_external_task_marker_dag.py
[2024-11-11T04:03:49.109+0000] {logging_mixin.py:190} INFO - [2024-11-11T04:03:49.109+0000] {dag.py:3239} INFO - Sync 2 DAGs
[2024-11-11T04:03:49.117+0000] {logging_mixin.py:190} INFO - [2024-11-11T04:03:49.116+0000] {dag.py:4180} INFO - Setting next_dagrun for example_external_task_marker_child to None, run_after=None
[2024-11-11T04:03:49.118+0000] {logging_mixin.py:190} INFO - [2024-11-11T04:03:49.118+0000] {dag.py:4180} INFO - Setting next_dagrun for example_external_task_marker_parent to None, run_after=None
[2024-11-11T04:03:49.126+0000] {processor.py:208} INFO - Processing /home/airflow/.local/lib/python3.12/site-packages/airflow/example_dags/example_external_task_marker_dag.py took 0.039 seconds
[2024-11-11T04:04:20.063+0000] {processor.py:186} INFO - Started process (PID=9717) to work on /home/airflow/.local/lib/python3.12/site-packages/airflow/example_dags/example_external_task_marker_dag.py
[2024-11-11T04:04:20.064+0000] {processor.py:914} INFO - Processing file /home/airflow/.local/lib/python3.12/site-packages/airflow/example_dags/example_external_task_marker_dag.py for tasks to queue
[2024-11-11T04:04:20.066+0000] {logging_mixin.py:190} INFO - [2024-11-11T04:04:20.066+0000] {dagbag.py:588} INFO - Filling up the DagBag from /home/airflow/.local/lib/python3.12/site-packages/airflow/example_dags/example_external_task_marker_dag.py
[2024-11-11T04:04:20.072+0000] {processor.py:925} INFO - DAG(s) 'example_external_task_marker_parent', 'example_external_task_marker_child' retrieved from /home/airflow/.local/lib/python3.12/site-packages/airflow/example_dags/example_external_task_marker_dag.py
[2024-11-11T04:04:20.087+0000] {logging_mixin.py:190} INFO - [2024-11-11T04:04:20.087+0000] {dag.py:3239} INFO - Sync 2 DAGs
[2024-11-11T04:04:20.095+0000] {logging_mixin.py:190} INFO - [2024-11-11T04:04:20.095+0000] {dag.py:4180} INFO - Setting next_dagrun for example_external_task_marker_child to None, run_after=None
[2024-11-11T04:04:20.098+0000] {logging_mixin.py:190} INFO - [2024-11-11T04:04:20.097+0000] {dag.py:4180} INFO - Setting next_dagrun for example_external_task_marker_parent to None, run_after=None
[2024-11-11T04:04:20.107+0000] {processor.py:208} INFO - Processing /home/airflow/.local/lib/python3.12/site-packages/airflow/example_dags/example_external_task_marker_dag.py took 0.047 seconds
[2024-11-11T04:04:50.972+0000] {processor.py:186} INFO - Started process (PID=9780) to work on /home/airflow/.local/lib/python3.12/site-packages/airflow/example_dags/example_external_task_marker_dag.py
[2024-11-11T04:04:50.972+0000] {processor.py:914} INFO - Processing file /home/airflow/.local/lib/python3.12/site-packages/airflow/example_dags/example_external_task_marker_dag.py for tasks to queue
[2024-11-11T04:04:50.974+0000] {logging_mixin.py:190} INFO - [2024-11-11T04:04:50.974+0000] {dagbag.py:588} INFO - Filling up the DagBag from /home/airflow/.local/lib/python3.12/site-packages/airflow/example_dags/example_external_task_marker_dag.py
[2024-11-11T04:04:50.979+0000] {processor.py:925} INFO - DAG(s) 'example_external_task_marker_parent', 'example_external_task_marker_child' retrieved from /home/airflow/.local/lib/python3.12/site-packages/airflow/example_dags/example_external_task_marker_dag.py
[2024-11-11T04:04:50.992+0000] {logging_mixin.py:190} INFO - [2024-11-11T04:04:50.992+0000] {dag.py:3239} INFO - Sync 2 DAGs
[2024-11-11T04:04:51.000+0000] {logging_mixin.py:190} INFO - [2024-11-11T04:04:51.000+0000] {dag.py:4180} INFO - Setting next_dagrun for example_external_task_marker_child to None, run_after=None
[2024-11-11T04:04:51.003+0000] {logging_mixin.py:190} INFO - [2024-11-11T04:04:51.002+0000] {dag.py:4180} INFO - Setting next_dagrun for example_external_task_marker_parent to None, run_after=None
[2024-11-11T04:04:51.011+0000] {processor.py:208} INFO - Processing /home/airflow/.local/lib/python3.12/site-packages/airflow/example_dags/example_external_task_marker_dag.py took 0.043 seconds
[2024-11-11T04:05:21.719+0000] {processor.py:186} INFO - Started process (PID=9843) to work on /home/airflow/.local/lib/python3.12/site-packages/airflow/example_dags/example_external_task_marker_dag.py
[2024-11-11T04:05:21.719+0000] {processor.py:914} INFO - Processing file /home/airflow/.local/lib/python3.12/site-packages/airflow/example_dags/example_external_task_marker_dag.py for tasks to queue
[2024-11-11T04:05:21.721+0000] {logging_mixin.py:190} INFO - [2024-11-11T04:05:21.721+0000] {dagbag.py:588} INFO - Filling up the DagBag from /home/airflow/.local/lib/python3.12/site-packages/airflow/example_dags/example_external_task_marker_dag.py
[2024-11-11T04:05:21.726+0000] {processor.py:925} INFO - DAG(s) 'example_external_task_marker_child', 'example_external_task_marker_parent' retrieved from /home/airflow/.local/lib/python3.12/site-packages/airflow/example_dags/example_external_task_marker_dag.py
[2024-11-11T04:05:21.737+0000] {logging_mixin.py:190} INFO - [2024-11-11T04:05:21.737+0000] {dag.py:3239} INFO - Sync 2 DAGs
[2024-11-11T04:05:21.745+0000] {logging_mixin.py:190} INFO - [2024-11-11T04:05:21.745+0000] {dag.py:4180} INFO - Setting next_dagrun for example_external_task_marker_child to None, run_after=None
[2024-11-11T04:05:21.747+0000] {logging_mixin.py:190} INFO - [2024-11-11T04:05:21.747+0000] {dag.py:4180} INFO - Setting next_dagrun for example_external_task_marker_parent to None, run_after=None
[2024-11-11T04:05:21.755+0000] {processor.py:208} INFO - Processing /home/airflow/.local/lib/python3.12/site-packages/airflow/example_dags/example_external_task_marker_dag.py took 0.039 seconds
[2024-11-11T04:05:52.342+0000] {processor.py:186} INFO - Started process (PID=9906) to work on /home/airflow/.local/lib/python3.12/site-packages/airflow/example_dags/example_external_task_marker_dag.py
[2024-11-11T04:05:52.343+0000] {processor.py:914} INFO - Processing file /home/airflow/.local/lib/python3.12/site-packages/airflow/example_dags/example_external_task_marker_dag.py for tasks to queue
[2024-11-11T04:05:52.344+0000] {logging_mixin.py:190} INFO - [2024-11-11T04:05:52.344+0000] {dagbag.py:588} INFO - Filling up the DagBag from /home/airflow/.local/lib/python3.12/site-packages/airflow/example_dags/example_external_task_marker_dag.py
[2024-11-11T04:05:52.349+0000] {processor.py:925} INFO - DAG(s) 'example_external_task_marker_child', 'example_external_task_marker_parent' retrieved from /home/airflow/.local/lib/python3.12/site-packages/airflow/example_dags/example_external_task_marker_dag.py
[2024-11-11T04:05:52.360+0000] {logging_mixin.py:190} INFO - [2024-11-11T04:05:52.360+0000] {dag.py:3239} INFO - Sync 2 DAGs
[2024-11-11T04:05:52.368+0000] {logging_mixin.py:190} INFO - [2024-11-11T04:05:52.368+0000] {dag.py:4180} INFO - Setting next_dagrun for example_external_task_marker_child to None, run_after=None
[2024-11-11T04:05:52.370+0000] {logging_mixin.py:190} INFO - [2024-11-11T04:05:52.370+0000] {dag.py:4180} INFO - Setting next_dagrun for example_external_task_marker_parent to None, run_after=None
[2024-11-11T04:05:52.378+0000] {processor.py:208} INFO - Processing /home/airflow/.local/lib/python3.12/site-packages/airflow/example_dags/example_external_task_marker_dag.py took 0.039 seconds
[2024-11-11T04:06:23.128+0000] {processor.py:186} INFO - Started process (PID=9969) to work on /home/airflow/.local/lib/python3.12/site-packages/airflow/example_dags/example_external_task_marker_dag.py
[2024-11-11T04:06:23.129+0000] {processor.py:914} INFO - Processing file /home/airflow/.local/lib/python3.12/site-packages/airflow/example_dags/example_external_task_marker_dag.py for tasks to queue
[2024-11-11T04:06:23.131+0000] {logging_mixin.py:190} INFO - [2024-11-11T04:06:23.130+0000] {dagbag.py:588} INFO - Filling up the DagBag from /home/airflow/.local/lib/python3.12/site-packages/airflow/example_dags/example_external_task_marker_dag.py
[2024-11-11T04:06:23.135+0000] {processor.py:925} INFO - DAG(s) 'example_external_task_marker_parent', 'example_external_task_marker_child' retrieved from /home/airflow/.local/lib/python3.12/site-packages/airflow/example_dags/example_external_task_marker_dag.py
[2024-11-11T04:06:23.148+0000] {logging_mixin.py:190} INFO - [2024-11-11T04:06:23.147+0000] {dag.py:3239} INFO - Sync 2 DAGs
[2024-11-11T04:06:23.155+0000] {logging_mixin.py:190} INFO - [2024-11-11T04:06:23.155+0000] {dag.py:4180} INFO - Setting next_dagrun for example_external_task_marker_child to None, run_after=None
[2024-11-11T04:06:23.157+0000] {logging_mixin.py:190} INFO - [2024-11-11T04:06:23.157+0000] {dag.py:4180} INFO - Setting next_dagrun for example_external_task_marker_parent to None, run_after=None
[2024-11-11T04:06:23.165+0000] {processor.py:208} INFO - Processing /home/airflow/.local/lib/python3.12/site-packages/airflow/example_dags/example_external_task_marker_dag.py took 0.040 seconds
[2024-11-11T04:06:53.950+0000] {processor.py:186} INFO - Started process (PID=10032) to work on /home/airflow/.local/lib/python3.12/site-packages/airflow/example_dags/example_external_task_marker_dag.py
[2024-11-11T04:06:53.952+0000] {processor.py:914} INFO - Processing file /home/airflow/.local/lib/python3.12/site-packages/airflow/example_dags/example_external_task_marker_dag.py for tasks to queue
[2024-11-11T04:06:53.954+0000] {logging_mixin.py:190} INFO - [2024-11-11T04:06:53.954+0000] {dagbag.py:588} INFO - Filling up the DagBag from /home/airflow/.local/lib/python3.12/site-packages/airflow/example_dags/example_external_task_marker_dag.py
[2024-11-11T04:06:53.962+0000] {processor.py:925} INFO - DAG(s) 'example_external_task_marker_child', 'example_external_task_marker_parent' retrieved from /home/airflow/.local/lib/python3.12/site-packages/airflow/example_dags/example_external_task_marker_dag.py
[2024-11-11T04:06:53.975+0000] {logging_mixin.py:190} INFO - [2024-11-11T04:06:53.974+0000] {dag.py:3239} INFO - Sync 2 DAGs
[2024-11-11T04:06:53.982+0000] {logging_mixin.py:190} INFO - [2024-11-11T04:06:53.982+0000] {dag.py:4180} INFO - Setting next_dagrun for example_external_task_marker_child to None, run_after=None
[2024-11-11T04:06:53.984+0000] {logging_mixin.py:190} INFO - [2024-11-11T04:06:53.984+0000] {dag.py:4180} INFO - Setting next_dagrun for example_external_task_marker_parent to None, run_after=None
[2024-11-11T04:06:53.992+0000] {processor.py:208} INFO - Processing /home/airflow/.local/lib/python3.12/site-packages/airflow/example_dags/example_external_task_marker_dag.py took 0.046 seconds
[2024-11-11T04:07:24.655+0000] {processor.py:186} INFO - Started process (PID=10095) to work on /home/airflow/.local/lib/python3.12/site-packages/airflow/example_dags/example_external_task_marker_dag.py
[2024-11-11T04:07:24.656+0000] {processor.py:914} INFO - Processing file /home/airflow/.local/lib/python3.12/site-packages/airflow/example_dags/example_external_task_marker_dag.py for tasks to queue
[2024-11-11T04:07:24.657+0000] {logging_mixin.py:190} INFO - [2024-11-11T04:07:24.657+0000] {dagbag.py:588} INFO - Filling up the DagBag from /home/airflow/.local/lib/python3.12/site-packages/airflow/example_dags/example_external_task_marker_dag.py
[2024-11-11T04:07:24.662+0000] {processor.py:925} INFO - DAG(s) 'example_external_task_marker_child', 'example_external_task_marker_parent' retrieved from /home/airflow/.local/lib/python3.12/site-packages/airflow/example_dags/example_external_task_marker_dag.py
[2024-11-11T04:07:24.678+0000] {logging_mixin.py:190} INFO - [2024-11-11T04:07:24.678+0000] {dag.py:3239} INFO - Sync 2 DAGs
[2024-11-11T04:07:24.687+0000] {logging_mixin.py:190} INFO - [2024-11-11T04:07:24.686+0000] {dag.py:4180} INFO - Setting next_dagrun for example_external_task_marker_child to None, run_after=None
[2024-11-11T04:07:24.689+0000] {logging_mixin.py:190} INFO - [2024-11-11T04:07:24.689+0000] {dag.py:4180} INFO - Setting next_dagrun for example_external_task_marker_parent to None, run_after=None
[2024-11-11T04:07:24.698+0000] {processor.py:208} INFO - Processing /home/airflow/.local/lib/python3.12/site-packages/airflow/example_dags/example_external_task_marker_dag.py took 0.047 seconds
[2024-11-11T04:07:55.540+0000] {processor.py:186} INFO - Started process (PID=10158) to work on /home/airflow/.local/lib/python3.12/site-packages/airflow/example_dags/example_external_task_marker_dag.py
[2024-11-11T04:07:55.541+0000] {processor.py:914} INFO - Processing file /home/airflow/.local/lib/python3.12/site-packages/airflow/example_dags/example_external_task_marker_dag.py for tasks to queue
[2024-11-11T04:07:55.542+0000] {logging_mixin.py:190} INFO - [2024-11-11T04:07:55.542+0000] {dagbag.py:588} INFO - Filling up the DagBag from /home/airflow/.local/lib/python3.12/site-packages/airflow/example_dags/example_external_task_marker_dag.py
[2024-11-11T04:07:55.547+0000] {processor.py:925} INFO - DAG(s) 'example_external_task_marker_parent', 'example_external_task_marker_child' retrieved from /home/airflow/.local/lib/python3.12/site-packages/airflow/example_dags/example_external_task_marker_dag.py
[2024-11-11T04:07:55.559+0000] {logging_mixin.py:190} INFO - [2024-11-11T04:07:55.559+0000] {dag.py:3239} INFO - Sync 2 DAGs
[2024-11-11T04:07:55.567+0000] {logging_mixin.py:190} INFO - [2024-11-11T04:07:55.567+0000] {dag.py:4180} INFO - Setting next_dagrun for example_external_task_marker_child to None, run_after=None
[2024-11-11T04:07:55.569+0000] {logging_mixin.py:190} INFO - [2024-11-11T04:07:55.569+0000] {dag.py:4180} INFO - Setting next_dagrun for example_external_task_marker_parent to None, run_after=None
[2024-11-11T04:07:55.578+0000] {processor.py:208} INFO - Processing /home/airflow/.local/lib/python3.12/site-packages/airflow/example_dags/example_external_task_marker_dag.py took 0.041 seconds
[2024-11-11T04:08:26.389+0000] {processor.py:186} INFO - Started process (PID=10221) to work on /home/airflow/.local/lib/python3.12/site-packages/airflow/example_dags/example_external_task_marker_dag.py
[2024-11-11T04:08:26.389+0000] {processor.py:914} INFO - Processing file /home/airflow/.local/lib/python3.12/site-packages/airflow/example_dags/example_external_task_marker_dag.py for tasks to queue
[2024-11-11T04:08:26.391+0000] {logging_mixin.py:190} INFO - [2024-11-11T04:08:26.391+0000] {dagbag.py:588} INFO - Filling up the DagBag from /home/airflow/.local/lib/python3.12/site-packages/airflow/example_dags/example_external_task_marker_dag.py
[2024-11-11T04:08:26.396+0000] {processor.py:925} INFO - DAG(s) 'example_external_task_marker_child', 'example_external_task_marker_parent' retrieved from /home/airflow/.local/lib/python3.12/site-packages/airflow/example_dags/example_external_task_marker_dag.py
[2024-11-11T04:08:26.408+0000] {logging_mixin.py:190} INFO - [2024-11-11T04:08:26.408+0000] {dag.py:3239} INFO - Sync 2 DAGs
[2024-11-11T04:08:26.415+0000] {logging_mixin.py:190} INFO - [2024-11-11T04:08:26.415+0000] {dag.py:4180} INFO - Setting next_dagrun for example_external_task_marker_child to None, run_after=None
[2024-11-11T04:08:26.417+0000] {logging_mixin.py:190} INFO - [2024-11-11T04:08:26.417+0000] {dag.py:4180} INFO - Setting next_dagrun for example_external_task_marker_parent to None, run_after=None
[2024-11-11T04:08:26.424+0000] {processor.py:208} INFO - Processing /home/airflow/.local/lib/python3.12/site-packages/airflow/example_dags/example_external_task_marker_dag.py took 0.039 seconds
[2024-11-11T04:08:56.994+0000] {processor.py:186} INFO - Started process (PID=10284) to work on /home/airflow/.local/lib/python3.12/site-packages/airflow/example_dags/example_external_task_marker_dag.py
[2024-11-11T04:08:56.994+0000] {processor.py:914} INFO - Processing file /home/airflow/.local/lib/python3.12/site-packages/airflow/example_dags/example_external_task_marker_dag.py for tasks to queue
[2024-11-11T04:08:56.996+0000] {logging_mixin.py:190} INFO - [2024-11-11T04:08:56.996+0000] {dagbag.py:588} INFO - Filling up the DagBag from /home/airflow/.local/lib/python3.12/site-packages/airflow/example_dags/example_external_task_marker_dag.py
[2024-11-11T04:08:57.001+0000] {processor.py:925} INFO - DAG(s) 'example_external_task_marker_parent', 'example_external_task_marker_child' retrieved from /home/airflow/.local/lib/python3.12/site-packages/airflow/example_dags/example_external_task_marker_dag.py
[2024-11-11T04:08:57.013+0000] {logging_mixin.py:190} INFO - [2024-11-11T04:08:57.013+0000] {dag.py:3239} INFO - Sync 2 DAGs
[2024-11-11T04:08:57.021+0000] {logging_mixin.py:190} INFO - [2024-11-11T04:08:57.020+0000] {dag.py:4180} INFO - Setting next_dagrun for example_external_task_marker_child to None, run_after=None
[2024-11-11T04:08:57.023+0000] {logging_mixin.py:190} INFO - [2024-11-11T04:08:57.023+0000] {dag.py:4180} INFO - Setting next_dagrun for example_external_task_marker_parent to None, run_after=None
[2024-11-11T04:08:57.030+0000] {processor.py:208} INFO - Processing /home/airflow/.local/lib/python3.12/site-packages/airflow/example_dags/example_external_task_marker_dag.py took 0.040 seconds
[2024-11-11T04:09:27.562+0000] {processor.py:186} INFO - Started process (PID=10347) to work on /home/airflow/.local/lib/python3.12/site-packages/airflow/example_dags/example_external_task_marker_dag.py
[2024-11-11T04:09:27.563+0000] {processor.py:914} INFO - Processing file /home/airflow/.local/lib/python3.12/site-packages/airflow/example_dags/example_external_task_marker_dag.py for tasks to queue
[2024-11-11T04:09:27.564+0000] {logging_mixin.py:190} INFO - [2024-11-11T04:09:27.564+0000] {dagbag.py:588} INFO - Filling up the DagBag from /home/airflow/.local/lib/python3.12/site-packages/airflow/example_dags/example_external_task_marker_dag.py
[2024-11-11T04:09:27.569+0000] {processor.py:925} INFO - DAG(s) 'example_external_task_marker_parent', 'example_external_task_marker_child' retrieved from /home/airflow/.local/lib/python3.12/site-packages/airflow/example_dags/example_external_task_marker_dag.py
[2024-11-11T04:09:27.582+0000] {logging_mixin.py:190} INFO - [2024-11-11T04:09:27.581+0000] {dag.py:3239} INFO - Sync 2 DAGs
[2024-11-11T04:09:27.589+0000] {logging_mixin.py:190} INFO - [2024-11-11T04:09:27.589+0000] {dag.py:4180} INFO - Setting next_dagrun for example_external_task_marker_child to None, run_after=None
[2024-11-11T04:09:27.591+0000] {logging_mixin.py:190} INFO - [2024-11-11T04:09:27.591+0000] {dag.py:4180} INFO - Setting next_dagrun for example_external_task_marker_parent to None, run_after=None
[2024-11-11T04:09:27.598+0000] {processor.py:208} INFO - Processing /home/airflow/.local/lib/python3.12/site-packages/airflow/example_dags/example_external_task_marker_dag.py took 0.039 seconds
[2024-11-11T04:09:59.049+0000] {processor.py:186} INFO - Started process (PID=10410) to work on /home/airflow/.local/lib/python3.12/site-packages/airflow/example_dags/example_external_task_marker_dag.py
[2024-11-11T04:09:59.049+0000] {processor.py:914} INFO - Processing file /home/airflow/.local/lib/python3.12/site-packages/airflow/example_dags/example_external_task_marker_dag.py for tasks to queue
[2024-11-11T04:09:59.051+0000] {logging_mixin.py:190} INFO - [2024-11-11T04:09:59.050+0000] {dagbag.py:588} INFO - Filling up the DagBag from /home/airflow/.local/lib/python3.12/site-packages/airflow/example_dags/example_external_task_marker_dag.py
[2024-11-11T04:09:59.055+0000] {processor.py:925} INFO - DAG(s) 'example_external_task_marker_parent', 'example_external_task_marker_child' retrieved from /home/airflow/.local/lib/python3.12/site-packages/airflow/example_dags/example_external_task_marker_dag.py
[2024-11-11T04:09:59.067+0000] {logging_mixin.py:190} INFO - [2024-11-11T04:09:59.067+0000] {dag.py:3239} INFO - Sync 2 DAGs
[2024-11-11T04:09:59.075+0000] {logging_mixin.py:190} INFO - [2024-11-11T04:09:59.075+0000] {dag.py:4180} INFO - Setting next_dagrun for example_external_task_marker_child to None, run_after=None
[2024-11-11T04:09:59.077+0000] {logging_mixin.py:190} INFO - [2024-11-11T04:09:59.077+0000] {dag.py:4180} INFO - Setting next_dagrun for example_external_task_marker_parent to None, run_after=None
[2024-11-11T04:09:59.085+0000] {processor.py:208} INFO - Processing /home/airflow/.local/lib/python3.12/site-packages/airflow/example_dags/example_external_task_marker_dag.py took 0.040 seconds
[2024-11-11T04:10:30.507+0000] {processor.py:186} INFO - Started process (PID=10473) to work on /home/airflow/.local/lib/python3.12/site-packages/airflow/example_dags/example_external_task_marker_dag.py
[2024-11-11T04:10:30.508+0000] {processor.py:914} INFO - Processing file /home/airflow/.local/lib/python3.12/site-packages/airflow/example_dags/example_external_task_marker_dag.py for tasks to queue
[2024-11-11T04:10:30.509+0000] {logging_mixin.py:190} INFO - [2024-11-11T04:10:30.509+0000] {dagbag.py:588} INFO - Filling up the DagBag from /home/airflow/.local/lib/python3.12/site-packages/airflow/example_dags/example_external_task_marker_dag.py
[2024-11-11T04:10:30.514+0000] {processor.py:925} INFO - DAG(s) 'example_external_task_marker_parent', 'example_external_task_marker_child' retrieved from /home/airflow/.local/lib/python3.12/site-packages/airflow/example_dags/example_external_task_marker_dag.py
[2024-11-11T04:10:30.527+0000] {logging_mixin.py:190} INFO - [2024-11-11T04:10:30.527+0000] {dag.py:3239} INFO - Sync 2 DAGs
[2024-11-11T04:10:30.535+0000] {logging_mixin.py:190} INFO - [2024-11-11T04:10:30.534+0000] {dag.py:4180} INFO - Setting next_dagrun for example_external_task_marker_child to None, run_after=None
[2024-11-11T04:10:30.641+0000] {logging_mixin.py:190} INFO - [2024-11-11T04:10:30.641+0000] {dag.py:4180} INFO - Setting next_dagrun for example_external_task_marker_parent to None, run_after=None
[2024-11-11T04:10:30.648+0000] {processor.py:208} INFO - Processing /home/airflow/.local/lib/python3.12/site-packages/airflow/example_dags/example_external_task_marker_dag.py took 0.145 seconds
[2024-11-11T04:11:00.915+0000] {processor.py:186} INFO - Started process (PID=10536) to work on /home/airflow/.local/lib/python3.12/site-packages/airflow/example_dags/example_external_task_marker_dag.py
[2024-11-11T04:11:00.916+0000] {processor.py:914} INFO - Processing file /home/airflow/.local/lib/python3.12/site-packages/airflow/example_dags/example_external_task_marker_dag.py for tasks to queue
[2024-11-11T04:11:00.917+0000] {logging_mixin.py:190} INFO - [2024-11-11T04:11:00.917+0000] {dagbag.py:588} INFO - Filling up the DagBag from /home/airflow/.local/lib/python3.12/site-packages/airflow/example_dags/example_external_task_marker_dag.py
[2024-11-11T04:11:00.923+0000] {processor.py:925} INFO - DAG(s) 'example_external_task_marker_child', 'example_external_task_marker_parent' retrieved from /home/airflow/.local/lib/python3.12/site-packages/airflow/example_dags/example_external_task_marker_dag.py
[2024-11-11T04:11:00.940+0000] {logging_mixin.py:190} INFO - [2024-11-11T04:11:00.939+0000] {dag.py:3239} INFO - Sync 2 DAGs
[2024-11-11T04:11:00.948+0000] {logging_mixin.py:190} INFO - [2024-11-11T04:11:00.948+0000] {dag.py:4180} INFO - Setting next_dagrun for example_external_task_marker_child to None, run_after=None
[2024-11-11T04:11:00.950+0000] {logging_mixin.py:190} INFO - [2024-11-11T04:11:00.950+0000] {dag.py:4180} INFO - Setting next_dagrun for example_external_task_marker_parent to None, run_after=None
[2024-11-11T04:11:00.958+0000] {processor.py:208} INFO - Processing /home/airflow/.local/lib/python3.12/site-packages/airflow/example_dags/example_external_task_marker_dag.py took 0.047 seconds
[2024-11-11T04:11:31.487+0000] {processor.py:186} INFO - Started process (PID=10599) to work on /home/airflow/.local/lib/python3.12/site-packages/airflow/example_dags/example_external_task_marker_dag.py
[2024-11-11T04:11:31.488+0000] {processor.py:914} INFO - Processing file /home/airflow/.local/lib/python3.12/site-packages/airflow/example_dags/example_external_task_marker_dag.py for tasks to queue
[2024-11-11T04:11:31.489+0000] {logging_mixin.py:190} INFO - [2024-11-11T04:11:31.489+0000] {dagbag.py:588} INFO - Filling up the DagBag from /home/airflow/.local/lib/python3.12/site-packages/airflow/example_dags/example_external_task_marker_dag.py
[2024-11-11T04:11:31.495+0000] {processor.py:925} INFO - DAG(s) 'example_external_task_marker_child', 'example_external_task_marker_parent' retrieved from /home/airflow/.local/lib/python3.12/site-packages/airflow/example_dags/example_external_task_marker_dag.py
[2024-11-11T04:11:31.507+0000] {logging_mixin.py:190} INFO - [2024-11-11T04:11:31.506+0000] {dag.py:3239} INFO - Sync 2 DAGs
[2024-11-11T04:11:31.514+0000] {logging_mixin.py:190} INFO - [2024-11-11T04:11:31.514+0000] {dag.py:4180} INFO - Setting next_dagrun for example_external_task_marker_child to None, run_after=None
[2024-11-11T04:11:31.516+0000] {logging_mixin.py:190} INFO - [2024-11-11T04:11:31.516+0000] {dag.py:4180} INFO - Setting next_dagrun for example_external_task_marker_parent to None, run_after=None
[2024-11-11T04:11:31.524+0000] {processor.py:208} INFO - Processing /home/airflow/.local/lib/python3.12/site-packages/airflow/example_dags/example_external_task_marker_dag.py took 0.040 seconds
[2024-11-11T04:12:02.824+0000] {processor.py:186} INFO - Started process (PID=10662) to work on /home/airflow/.local/lib/python3.12/site-packages/airflow/example_dags/example_external_task_marker_dag.py
[2024-11-11T04:12:02.825+0000] {processor.py:914} INFO - Processing file /home/airflow/.local/lib/python3.12/site-packages/airflow/example_dags/example_external_task_marker_dag.py for tasks to queue
[2024-11-11T04:12:02.826+0000] {logging_mixin.py:190} INFO - [2024-11-11T04:12:02.826+0000] {dagbag.py:588} INFO - Filling up the DagBag from /home/airflow/.local/lib/python3.12/site-packages/airflow/example_dags/example_external_task_marker_dag.py
[2024-11-11T04:12:02.830+0000] {processor.py:925} INFO - DAG(s) 'example_external_task_marker_child', 'example_external_task_marker_parent' retrieved from /home/airflow/.local/lib/python3.12/site-packages/airflow/example_dags/example_external_task_marker_dag.py
[2024-11-11T04:12:02.947+0000] {logging_mixin.py:190} INFO - [2024-11-11T04:12:02.947+0000] {dag.py:3239} INFO - Sync 2 DAGs
[2024-11-11T04:12:02.953+0000] {logging_mixin.py:190} INFO - [2024-11-11T04:12:02.953+0000] {dag.py:4180} INFO - Setting next_dagrun for example_external_task_marker_child to None, run_after=None
[2024-11-11T04:12:02.955+0000] {logging_mixin.py:190} INFO - [2024-11-11T04:12:02.955+0000] {dag.py:4180} INFO - Setting next_dagrun for example_external_task_marker_parent to None, run_after=None
[2024-11-11T04:12:02.962+0000] {processor.py:208} INFO - Processing /home/airflow/.local/lib/python3.12/site-packages/airflow/example_dags/example_external_task_marker_dag.py took 0.142 seconds
[2024-11-11T04:12:33.674+0000] {processor.py:186} INFO - Started process (PID=10725) to work on /home/airflow/.local/lib/python3.12/site-packages/airflow/example_dags/example_external_task_marker_dag.py
[2024-11-11T04:12:33.675+0000] {processor.py:914} INFO - Processing file /home/airflow/.local/lib/python3.12/site-packages/airflow/example_dags/example_external_task_marker_dag.py for tasks to queue
[2024-11-11T04:12:33.676+0000] {logging_mixin.py:190} INFO - [2024-11-11T04:12:33.676+0000] {dagbag.py:588} INFO - Filling up the DagBag from /home/airflow/.local/lib/python3.12/site-packages/airflow/example_dags/example_external_task_marker_dag.py
[2024-11-11T04:12:33.680+0000] {processor.py:925} INFO - DAG(s) 'example_external_task_marker_parent', 'example_external_task_marker_child' retrieved from /home/airflow/.local/lib/python3.12/site-packages/airflow/example_dags/example_external_task_marker_dag.py
[2024-11-11T04:12:33.691+0000] {logging_mixin.py:190} INFO - [2024-11-11T04:12:33.691+0000] {dag.py:3239} INFO - Sync 2 DAGs
[2024-11-11T04:12:33.699+0000] {logging_mixin.py:190} INFO - [2024-11-11T04:12:33.699+0000] {dag.py:4180} INFO - Setting next_dagrun for example_external_task_marker_child to None, run_after=None
[2024-11-11T04:12:33.701+0000] {logging_mixin.py:190} INFO - [2024-11-11T04:12:33.701+0000] {dag.py:4180} INFO - Setting next_dagrun for example_external_task_marker_parent to None, run_after=None
[2024-11-11T04:12:33.708+0000] {processor.py:208} INFO - Processing /home/airflow/.local/lib/python3.12/site-packages/airflow/example_dags/example_external_task_marker_dag.py took 0.038 seconds
[2024-11-11T04:13:04.134+0000] {processor.py:186} INFO - Started process (PID=10788) to work on /home/airflow/.local/lib/python3.12/site-packages/airflow/example_dags/example_external_task_marker_dag.py
[2024-11-11T04:13:04.134+0000] {processor.py:914} INFO - Processing file /home/airflow/.local/lib/python3.12/site-packages/airflow/example_dags/example_external_task_marker_dag.py for tasks to queue
[2024-11-11T04:13:04.136+0000] {logging_mixin.py:190} INFO - [2024-11-11T04:13:04.136+0000] {dagbag.py:588} INFO - Filling up the DagBag from /home/airflow/.local/lib/python3.12/site-packages/airflow/example_dags/example_external_task_marker_dag.py
[2024-11-11T04:13:04.140+0000] {processor.py:925} INFO - DAG(s) 'example_external_task_marker_child', 'example_external_task_marker_parent' retrieved from /home/airflow/.local/lib/python3.12/site-packages/airflow/example_dags/example_external_task_marker_dag.py
[2024-11-11T04:13:04.151+0000] {logging_mixin.py:190} INFO - [2024-11-11T04:13:04.151+0000] {dag.py:3239} INFO - Sync 2 DAGs
[2024-11-11T04:13:04.158+0000] {logging_mixin.py:190} INFO - [2024-11-11T04:13:04.158+0000] {dag.py:4180} INFO - Setting next_dagrun for example_external_task_marker_child to None, run_after=None
[2024-11-11T04:13:04.160+0000] {logging_mixin.py:190} INFO - [2024-11-11T04:13:04.160+0000] {dag.py:4180} INFO - Setting next_dagrun for example_external_task_marker_parent to None, run_after=None
[2024-11-11T04:13:04.168+0000] {processor.py:208} INFO - Processing /home/airflow/.local/lib/python3.12/site-packages/airflow/example_dags/example_external_task_marker_dag.py took 0.038 seconds
[2024-11-11T04:13:34.962+0000] {processor.py:186} INFO - Started process (PID=10851) to work on /home/airflow/.local/lib/python3.12/site-packages/airflow/example_dags/example_external_task_marker_dag.py
[2024-11-11T04:13:34.968+0000] {processor.py:914} INFO - Processing file /home/airflow/.local/lib/python3.12/site-packages/airflow/example_dags/example_external_task_marker_dag.py for tasks to queue
[2024-11-11T04:13:34.977+0000] {logging_mixin.py:190} INFO - [2024-11-11T04:13:34.977+0000] {dagbag.py:588} INFO - Filling up the DagBag from /home/airflow/.local/lib/python3.12/site-packages/airflow/example_dags/example_external_task_marker_dag.py
[2024-11-11T04:13:34.992+0000] {processor.py:925} INFO - DAG(s) 'example_external_task_marker_child', 'example_external_task_marker_parent' retrieved from /home/airflow/.local/lib/python3.12/site-packages/airflow/example_dags/example_external_task_marker_dag.py
[2024-11-11T04:13:35.026+0000] {logging_mixin.py:190} INFO - [2024-11-11T04:13:35.026+0000] {dag.py:3239} INFO - Sync 2 DAGs
[2024-11-11T04:13:35.034+0000] {logging_mixin.py:190} INFO - [2024-11-11T04:13:35.034+0000] {dag.py:4180} INFO - Setting next_dagrun for example_external_task_marker_child to None, run_after=None
[2024-11-11T04:13:35.037+0000] {logging_mixin.py:190} INFO - [2024-11-11T04:13:35.037+0000] {dag.py:4180} INFO - Setting next_dagrun for example_external_task_marker_parent to None, run_after=None
[2024-11-11T04:13:35.047+0000] {processor.py:208} INFO - Processing /home/airflow/.local/lib/python3.12/site-packages/airflow/example_dags/example_external_task_marker_dag.py took 0.093 seconds
[2024-11-11T04:47:36.445+0000] {processor.py:186} INFO - Started process (PID=10914) to work on /home/airflow/.local/lib/python3.12/site-packages/airflow/example_dags/example_external_task_marker_dag.py
[2024-11-11T04:47:36.446+0000] {processor.py:914} INFO - Processing file /home/airflow/.local/lib/python3.12/site-packages/airflow/example_dags/example_external_task_marker_dag.py for tasks to queue
[2024-11-11T04:47:36.447+0000] {logging_mixin.py:190} INFO - [2024-11-11T04:47:36.447+0000] {dagbag.py:588} INFO - Filling up the DagBag from /home/airflow/.local/lib/python3.12/site-packages/airflow/example_dags/example_external_task_marker_dag.py
[2024-11-11T04:47:36.452+0000] {processor.py:925} INFO - DAG(s) 'example_external_task_marker_parent', 'example_external_task_marker_child' retrieved from /home/airflow/.local/lib/python3.12/site-packages/airflow/example_dags/example_external_task_marker_dag.py
[2024-11-11T04:47:36.464+0000] {logging_mixin.py:190} INFO - [2024-11-11T04:47:36.464+0000] {dag.py:3239} INFO - Sync 2 DAGs
[2024-11-11T04:47:36.472+0000] {logging_mixin.py:190} INFO - [2024-11-11T04:47:36.472+0000] {dag.py:4180} INFO - Setting next_dagrun for example_external_task_marker_child to None, run_after=None
[2024-11-11T04:47:36.474+0000] {logging_mixin.py:190} INFO - [2024-11-11T04:47:36.474+0000] {dag.py:4180} INFO - Setting next_dagrun for example_external_task_marker_parent to None, run_after=None
[2024-11-11T04:47:36.482+0000] {processor.py:208} INFO - Processing /home/airflow/.local/lib/python3.12/site-packages/airflow/example_dags/example_external_task_marker_dag.py took 0.040 seconds
[2024-11-11T05:54:20.693+0000] {processor.py:186} INFO - Started process (PID=10976) to work on /home/airflow/.local/lib/python3.12/site-packages/airflow/example_dags/example_external_task_marker_dag.py
[2024-11-11T05:54:20.693+0000] {processor.py:914} INFO - Processing file /home/airflow/.local/lib/python3.12/site-packages/airflow/example_dags/example_external_task_marker_dag.py for tasks to queue
[2024-11-11T05:54:20.695+0000] {logging_mixin.py:190} INFO - [2024-11-11T05:54:20.695+0000] {dagbag.py:588} INFO - Filling up the DagBag from /home/airflow/.local/lib/python3.12/site-packages/airflow/example_dags/example_external_task_marker_dag.py
[2024-11-11T05:54:20.699+0000] {processor.py:925} INFO - DAG(s) 'example_external_task_marker_child', 'example_external_task_marker_parent' retrieved from /home/airflow/.local/lib/python3.12/site-packages/airflow/example_dags/example_external_task_marker_dag.py
[2024-11-11T05:54:20.710+0000] {logging_mixin.py:190} INFO - [2024-11-11T05:54:20.710+0000] {dag.py:3239} INFO - Sync 2 DAGs
[2024-11-11T05:54:20.717+0000] {logging_mixin.py:190} INFO - [2024-11-11T05:54:20.717+0000] {dag.py:4180} INFO - Setting next_dagrun for example_external_task_marker_child to None, run_after=None
[2024-11-11T05:54:20.719+0000] {logging_mixin.py:190} INFO - [2024-11-11T05:54:20.719+0000] {dag.py:4180} INFO - Setting next_dagrun for example_external_task_marker_parent to None, run_after=None
[2024-11-11T05:54:20.726+0000] {processor.py:208} INFO - Processing /home/airflow/.local/lib/python3.12/site-packages/airflow/example_dags/example_external_task_marker_dag.py took 0.037 seconds
[2024-11-11T05:54:51.023+0000] {processor.py:186} INFO - Started process (PID=11039) to work on /home/airflow/.local/lib/python3.12/site-packages/airflow/example_dags/example_external_task_marker_dag.py
[2024-11-11T05:54:51.023+0000] {processor.py:914} INFO - Processing file /home/airflow/.local/lib/python3.12/site-packages/airflow/example_dags/example_external_task_marker_dag.py for tasks to queue
[2024-11-11T05:54:51.025+0000] {logging_mixin.py:190} INFO - [2024-11-11T05:54:51.025+0000] {dagbag.py:588} INFO - Filling up the DagBag from /home/airflow/.local/lib/python3.12/site-packages/airflow/example_dags/example_external_task_marker_dag.py
[2024-11-11T05:54:51.030+0000] {processor.py:925} INFO - DAG(s) 'example_external_task_marker_parent', 'example_external_task_marker_child' retrieved from /home/airflow/.local/lib/python3.12/site-packages/airflow/example_dags/example_external_task_marker_dag.py
[2024-11-11T05:54:51.042+0000] {logging_mixin.py:190} INFO - [2024-11-11T05:54:51.042+0000] {dag.py:3239} INFO - Sync 2 DAGs
[2024-11-11T05:54:51.051+0000] {logging_mixin.py:190} INFO - [2024-11-11T05:54:51.050+0000] {dag.py:4180} INFO - Setting next_dagrun for example_external_task_marker_child to None, run_after=None
[2024-11-11T05:54:51.053+0000] {logging_mixin.py:190} INFO - [2024-11-11T05:54:51.053+0000] {dag.py:4180} INFO - Setting next_dagrun for example_external_task_marker_parent to None, run_after=None
[2024-11-11T05:54:51.061+0000] {processor.py:208} INFO - Processing /home/airflow/.local/lib/python3.12/site-packages/airflow/example_dags/example_external_task_marker_dag.py took 0.043 seconds
[2024-11-11T05:55:21.446+0000] {processor.py:186} INFO - Started process (PID=11102) to work on /home/airflow/.local/lib/python3.12/site-packages/airflow/example_dags/example_external_task_marker_dag.py
[2024-11-11T05:55:21.447+0000] {processor.py:914} INFO - Processing file /home/airflow/.local/lib/python3.12/site-packages/airflow/example_dags/example_external_task_marker_dag.py for tasks to queue
[2024-11-11T05:55:21.448+0000] {logging_mixin.py:190} INFO - [2024-11-11T05:55:21.448+0000] {dagbag.py:588} INFO - Filling up the DagBag from /home/airflow/.local/lib/python3.12/site-packages/airflow/example_dags/example_external_task_marker_dag.py
[2024-11-11T05:55:21.453+0000] {processor.py:925} INFO - DAG(s) 'example_external_task_marker_parent', 'example_external_task_marker_child' retrieved from /home/airflow/.local/lib/python3.12/site-packages/airflow/example_dags/example_external_task_marker_dag.py
[2024-11-11T05:55:21.466+0000] {logging_mixin.py:190} INFO - [2024-11-11T05:55:21.465+0000] {dag.py:3239} INFO - Sync 2 DAGs
[2024-11-11T05:55:21.474+0000] {logging_mixin.py:190} INFO - [2024-11-11T05:55:21.474+0000] {dag.py:4180} INFO - Setting next_dagrun for example_external_task_marker_child to None, run_after=None
[2024-11-11T05:55:21.476+0000] {logging_mixin.py:190} INFO - [2024-11-11T05:55:21.476+0000] {dag.py:4180} INFO - Setting next_dagrun for example_external_task_marker_parent to None, run_after=None
[2024-11-11T05:55:21.484+0000] {processor.py:208} INFO - Processing /home/airflow/.local/lib/python3.12/site-packages/airflow/example_dags/example_external_task_marker_dag.py took 0.042 seconds
[2024-11-11T05:55:51.994+0000] {processor.py:186} INFO - Started process (PID=11165) to work on /home/airflow/.local/lib/python3.12/site-packages/airflow/example_dags/example_external_task_marker_dag.py
[2024-11-11T05:55:51.994+0000] {processor.py:914} INFO - Processing file /home/airflow/.local/lib/python3.12/site-packages/airflow/example_dags/example_external_task_marker_dag.py for tasks to queue
[2024-11-11T05:55:51.995+0000] {logging_mixin.py:190} INFO - [2024-11-11T05:55:51.995+0000] {dagbag.py:588} INFO - Filling up the DagBag from /home/airflow/.local/lib/python3.12/site-packages/airflow/example_dags/example_external_task_marker_dag.py
[2024-11-11T05:55:52.000+0000] {processor.py:925} INFO - DAG(s) 'example_external_task_marker_parent', 'example_external_task_marker_child' retrieved from /home/airflow/.local/lib/python3.12/site-packages/airflow/example_dags/example_external_task_marker_dag.py
[2024-11-11T05:55:52.013+0000] {logging_mixin.py:190} INFO - [2024-11-11T05:55:52.012+0000] {dag.py:3239} INFO - Sync 2 DAGs
[2024-11-11T05:55:52.020+0000] {logging_mixin.py:190} INFO - [2024-11-11T05:55:52.020+0000] {dag.py:4180} INFO - Setting next_dagrun for example_external_task_marker_child to None, run_after=None
[2024-11-11T05:55:52.022+0000] {logging_mixin.py:190} INFO - [2024-11-11T05:55:52.022+0000] {dag.py:4180} INFO - Setting next_dagrun for example_external_task_marker_parent to None, run_after=None
[2024-11-11T05:55:52.031+0000] {processor.py:208} INFO - Processing /home/airflow/.local/lib/python3.12/site-packages/airflow/example_dags/example_external_task_marker_dag.py took 0.042 seconds
[2024-11-11T05:56:22.530+0000] {processor.py:186} INFO - Started process (PID=11228) to work on /home/airflow/.local/lib/python3.12/site-packages/airflow/example_dags/example_external_task_marker_dag.py
[2024-11-11T05:56:22.531+0000] {processor.py:914} INFO - Processing file /home/airflow/.local/lib/python3.12/site-packages/airflow/example_dags/example_external_task_marker_dag.py for tasks to queue
[2024-11-11T05:56:22.532+0000] {logging_mixin.py:190} INFO - [2024-11-11T05:56:22.532+0000] {dagbag.py:588} INFO - Filling up the DagBag from /home/airflow/.local/lib/python3.12/site-packages/airflow/example_dags/example_external_task_marker_dag.py
[2024-11-11T05:56:22.537+0000] {processor.py:925} INFO - DAG(s) 'example_external_task_marker_child', 'example_external_task_marker_parent' retrieved from /home/airflow/.local/lib/python3.12/site-packages/airflow/example_dags/example_external_task_marker_dag.py
[2024-11-11T05:56:22.549+0000] {logging_mixin.py:190} INFO - [2024-11-11T05:56:22.549+0000] {dag.py:3239} INFO - Sync 2 DAGs
[2024-11-11T05:56:22.557+0000] {logging_mixin.py:190} INFO - [2024-11-11T05:56:22.557+0000] {dag.py:4180} INFO - Setting next_dagrun for example_external_task_marker_child to None, run_after=None
[2024-11-11T05:56:22.559+0000] {logging_mixin.py:190} INFO - [2024-11-11T05:56:22.559+0000] {dag.py:4180} INFO - Setting next_dagrun for example_external_task_marker_parent to None, run_after=None
[2024-11-11T05:56:22.567+0000] {processor.py:208} INFO - Processing /home/airflow/.local/lib/python3.12/site-packages/airflow/example_dags/example_external_task_marker_dag.py took 0.040 seconds
[2024-11-11T05:56:52.810+0000] {processor.py:186} INFO - Started process (PID=11291) to work on /home/airflow/.local/lib/python3.12/site-packages/airflow/example_dags/example_external_task_marker_dag.py
[2024-11-11T05:56:52.810+0000] {processor.py:914} INFO - Processing file /home/airflow/.local/lib/python3.12/site-packages/airflow/example_dags/example_external_task_marker_dag.py for tasks to queue
[2024-11-11T05:56:52.812+0000] {logging_mixin.py:190} INFO - [2024-11-11T05:56:52.812+0000] {dagbag.py:588} INFO - Filling up the DagBag from /home/airflow/.local/lib/python3.12/site-packages/airflow/example_dags/example_external_task_marker_dag.py
[2024-11-11T05:56:52.817+0000] {processor.py:925} INFO - DAG(s) 'example_external_task_marker_parent', 'example_external_task_marker_child' retrieved from /home/airflow/.local/lib/python3.12/site-packages/airflow/example_dags/example_external_task_marker_dag.py
[2024-11-11T05:56:52.829+0000] {logging_mixin.py:190} INFO - [2024-11-11T05:56:52.829+0000] {dag.py:3239} INFO - Sync 2 DAGs
[2024-11-11T05:56:52.837+0000] {logging_mixin.py:190} INFO - [2024-11-11T05:56:52.837+0000] {dag.py:4180} INFO - Setting next_dagrun for example_external_task_marker_child to None, run_after=None
[2024-11-11T05:56:52.839+0000] {logging_mixin.py:190} INFO - [2024-11-11T05:56:52.839+0000] {dag.py:4180} INFO - Setting next_dagrun for example_external_task_marker_parent to None, run_after=None
[2024-11-11T05:56:52.847+0000] {processor.py:208} INFO - Processing /home/airflow/.local/lib/python3.12/site-packages/airflow/example_dags/example_external_task_marker_dag.py took 0.041 seconds
