[2024-11-11T02:24:38.463+0000] {processor.py:186} INFO - Started process (PID=73) to work on /home/airflow/.local/lib/python3.12/site-packages/airflow/example_dags/tutorial_objectstorage.py
[2024-11-11T02:24:38.464+0000] {processor.py:914} INFO - Processing file /home/airflow/.local/lib/python3.12/site-packages/airflow/example_dags/tutorial_objectstorage.py for tasks to queue
[2024-11-11T02:24:38.465+0000] {logging_mixin.py:190} INFO - [2024-11-11T02:24:38.465+0000] {dagbag.py:588} INFO - Filling up the DagBag from /home/airflow/.local/lib/python3.12/site-packages/airflow/example_dags/tutorial_objectstorage.py
[2024-11-11T02:24:38.473+0000] {processor.py:925} INFO - DAG(s) 'tutorial_objectstorage' retrieved from /home/airflow/.local/lib/python3.12/site-packages/airflow/example_dags/tutorial_objectstorage.py
[2024-11-11T02:24:38.523+0000] {logging_mixin.py:190} INFO - [2024-11-11T02:24:38.522+0000] {override.py:1911} INFO - Created Permission View: can edit on DAG:tutorial_objectstorage
[2024-11-11T02:24:38.527+0000] {logging_mixin.py:190} INFO - [2024-11-11T02:24:38.527+0000] {override.py:1911} INFO - Created Permission View: can read on DAG:tutorial_objectstorage
[2024-11-11T02:24:38.531+0000] {logging_mixin.py:190} INFO - [2024-11-11T02:24:38.531+0000] {override.py:1911} INFO - Created Permission View: can delete on DAG:tutorial_objectstorage
[2024-11-11T02:24:38.534+0000] {logging_mixin.py:190} INFO - [2024-11-11T02:24:38.533+0000] {override.py:1911} INFO - Created Permission View: can read on DAG Run:tutorial_objectstorage
[2024-11-11T02:24:38.536+0000] {logging_mixin.py:190} INFO - [2024-11-11T02:24:38.536+0000] {override.py:1911} INFO - Created Permission View: can create on DAG Run:tutorial_objectstorage
[2024-11-11T02:24:38.539+0000] {logging_mixin.py:190} INFO - [2024-11-11T02:24:38.539+0000] {override.py:1911} INFO - Created Permission View: can delete on DAG Run:tutorial_objectstorage
[2024-11-11T02:24:38.541+0000] {logging_mixin.py:190} INFO - [2024-11-11T02:24:38.541+0000] {override.py:1911} INFO - Created Permission View: menu access on DAG Run:tutorial_objectstorage
[2024-11-11T02:24:38.541+0000] {logging_mixin.py:190} INFO - [2024-11-11T02:24:38.541+0000] {dag.py:3239} INFO - Sync 1 DAGs
[2024-11-11T02:24:38.548+0000] {logging_mixin.py:190} INFO - [2024-11-11T02:24:38.548+0000] {dag.py:3262} INFO - Creating ORM DAG for tutorial_objectstorage
[2024-11-11T02:24:38.548+0000] {logging_mixin.py:190} INFO - [2024-11-11T02:24:38.548+0000] {dag.py:4180} INFO - Setting next_dagrun for tutorial_objectstorage to None, run_after=None
[2024-11-11T02:24:38.555+0000] {processor.py:208} INFO - Processing /home/airflow/.local/lib/python3.12/site-packages/airflow/example_dags/tutorial_objectstorage.py took 0.096 seconds
[2024-11-11T02:25:08.852+0000] {processor.py:186} INFO - Started process (PID=136) to work on /home/airflow/.local/lib/python3.12/site-packages/airflow/example_dags/tutorial_objectstorage.py
[2024-11-11T02:25:08.853+0000] {processor.py:914} INFO - Processing file /home/airflow/.local/lib/python3.12/site-packages/airflow/example_dags/tutorial_objectstorage.py for tasks to queue
[2024-11-11T02:25:08.854+0000] {logging_mixin.py:190} INFO - [2024-11-11T02:25:08.854+0000] {dagbag.py:588} INFO - Filling up the DagBag from /home/airflow/.local/lib/python3.12/site-packages/airflow/example_dags/tutorial_objectstorage.py
[2024-11-11T02:25:08.859+0000] {processor.py:925} INFO - DAG(s) 'tutorial_objectstorage' retrieved from /home/airflow/.local/lib/python3.12/site-packages/airflow/example_dags/tutorial_objectstorage.py
[2024-11-11T02:25:08.869+0000] {logging_mixin.py:190} INFO - [2024-11-11T02:25:08.869+0000] {dag.py:3239} INFO - Sync 1 DAGs
[2024-11-11T02:25:08.876+0000] {logging_mixin.py:190} INFO - [2024-11-11T02:25:08.876+0000] {dag.py:4180} INFO - Setting next_dagrun for tutorial_objectstorage to None, run_after=None
[2024-11-11T02:25:08.884+0000] {processor.py:208} INFO - Processing /home/airflow/.local/lib/python3.12/site-packages/airflow/example_dags/tutorial_objectstorage.py took 0.036 seconds
[2024-11-11T02:25:39.600+0000] {processor.py:186} INFO - Started process (PID=199) to work on /home/airflow/.local/lib/python3.12/site-packages/airflow/example_dags/tutorial_objectstorage.py
[2024-11-11T02:25:39.601+0000] {processor.py:914} INFO - Processing file /home/airflow/.local/lib/python3.12/site-packages/airflow/example_dags/tutorial_objectstorage.py for tasks to queue
[2024-11-11T02:25:39.603+0000] {logging_mixin.py:190} INFO - [2024-11-11T02:25:39.602+0000] {dagbag.py:588} INFO - Filling up the DagBag from /home/airflow/.local/lib/python3.12/site-packages/airflow/example_dags/tutorial_objectstorage.py
[2024-11-11T02:25:39.609+0000] {processor.py:925} INFO - DAG(s) 'tutorial_objectstorage' retrieved from /home/airflow/.local/lib/python3.12/site-packages/airflow/example_dags/tutorial_objectstorage.py
[2024-11-11T02:25:39.619+0000] {logging_mixin.py:190} INFO - [2024-11-11T02:25:39.619+0000] {dag.py:3239} INFO - Sync 1 DAGs
[2024-11-11T02:25:39.626+0000] {logging_mixin.py:190} INFO - [2024-11-11T02:25:39.626+0000] {dag.py:4180} INFO - Setting next_dagrun for tutorial_objectstorage to None, run_after=None
[2024-11-11T02:25:39.636+0000] {processor.py:208} INFO - Processing /home/airflow/.local/lib/python3.12/site-packages/airflow/example_dags/tutorial_objectstorage.py took 0.040 seconds
[2024-11-11T02:26:10.256+0000] {processor.py:186} INFO - Started process (PID=262) to work on /home/airflow/.local/lib/python3.12/site-packages/airflow/example_dags/tutorial_objectstorage.py
[2024-11-11T02:26:10.256+0000] {processor.py:914} INFO - Processing file /home/airflow/.local/lib/python3.12/site-packages/airflow/example_dags/tutorial_objectstorage.py for tasks to queue
[2024-11-11T02:26:10.258+0000] {logging_mixin.py:190} INFO - [2024-11-11T02:26:10.258+0000] {dagbag.py:588} INFO - Filling up the DagBag from /home/airflow/.local/lib/python3.12/site-packages/airflow/example_dags/tutorial_objectstorage.py
[2024-11-11T02:26:10.263+0000] {processor.py:925} INFO - DAG(s) 'tutorial_objectstorage' retrieved from /home/airflow/.local/lib/python3.12/site-packages/airflow/example_dags/tutorial_objectstorage.py
[2024-11-11T02:26:10.273+0000] {logging_mixin.py:190} INFO - [2024-11-11T02:26:10.273+0000] {dag.py:3239} INFO - Sync 1 DAGs
[2024-11-11T02:26:10.280+0000] {logging_mixin.py:190} INFO - [2024-11-11T02:26:10.280+0000] {dag.py:4180} INFO - Setting next_dagrun for tutorial_objectstorage to None, run_after=None
[2024-11-11T02:26:10.289+0000] {processor.py:208} INFO - Processing /home/airflow/.local/lib/python3.12/site-packages/airflow/example_dags/tutorial_objectstorage.py took 0.036 seconds
[2024-11-11T02:26:40.874+0000] {processor.py:186} INFO - Started process (PID=325) to work on /home/airflow/.local/lib/python3.12/site-packages/airflow/example_dags/tutorial_objectstorage.py
[2024-11-11T02:26:40.875+0000] {processor.py:914} INFO - Processing file /home/airflow/.local/lib/python3.12/site-packages/airflow/example_dags/tutorial_objectstorage.py for tasks to queue
[2024-11-11T02:26:40.876+0000] {logging_mixin.py:190} INFO - [2024-11-11T02:26:40.876+0000] {dagbag.py:588} INFO - Filling up the DagBag from /home/airflow/.local/lib/python3.12/site-packages/airflow/example_dags/tutorial_objectstorage.py
[2024-11-11T02:26:40.882+0000] {processor.py:925} INFO - DAG(s) 'tutorial_objectstorage' retrieved from /home/airflow/.local/lib/python3.12/site-packages/airflow/example_dags/tutorial_objectstorage.py
[2024-11-11T02:26:40.892+0000] {logging_mixin.py:190} INFO - [2024-11-11T02:26:40.892+0000] {dag.py:3239} INFO - Sync 1 DAGs
[2024-11-11T02:26:40.899+0000] {logging_mixin.py:190} INFO - [2024-11-11T02:26:40.899+0000] {dag.py:4180} INFO - Setting next_dagrun for tutorial_objectstorage to None, run_after=None
[2024-11-11T02:26:40.907+0000] {processor.py:208} INFO - Processing /home/airflow/.local/lib/python3.12/site-packages/airflow/example_dags/tutorial_objectstorage.py took 0.036 seconds
[2024-11-11T02:27:11.464+0000] {processor.py:186} INFO - Started process (PID=388) to work on /home/airflow/.local/lib/python3.12/site-packages/airflow/example_dags/tutorial_objectstorage.py
[2024-11-11T02:27:11.465+0000] {processor.py:914} INFO - Processing file /home/airflow/.local/lib/python3.12/site-packages/airflow/example_dags/tutorial_objectstorage.py for tasks to queue
[2024-11-11T02:27:11.466+0000] {logging_mixin.py:190} INFO - [2024-11-11T02:27:11.466+0000] {dagbag.py:588} INFO - Filling up the DagBag from /home/airflow/.local/lib/python3.12/site-packages/airflow/example_dags/tutorial_objectstorage.py
[2024-11-11T02:27:11.472+0000] {processor.py:925} INFO - DAG(s) 'tutorial_objectstorage' retrieved from /home/airflow/.local/lib/python3.12/site-packages/airflow/example_dags/tutorial_objectstorage.py
[2024-11-11T02:27:11.482+0000] {logging_mixin.py:190} INFO - [2024-11-11T02:27:11.482+0000] {dag.py:3239} INFO - Sync 1 DAGs
[2024-11-11T02:27:11.489+0000] {logging_mixin.py:190} INFO - [2024-11-11T02:27:11.488+0000] {dag.py:4180} INFO - Setting next_dagrun for tutorial_objectstorage to None, run_after=None
[2024-11-11T02:27:11.497+0000] {processor.py:208} INFO - Processing /home/airflow/.local/lib/python3.12/site-packages/airflow/example_dags/tutorial_objectstorage.py took 0.036 seconds
[2024-11-11T02:27:42.067+0000] {processor.py:186} INFO - Started process (PID=451) to work on /home/airflow/.local/lib/python3.12/site-packages/airflow/example_dags/tutorial_objectstorage.py
[2024-11-11T02:27:42.068+0000] {processor.py:914} INFO - Processing file /home/airflow/.local/lib/python3.12/site-packages/airflow/example_dags/tutorial_objectstorage.py for tasks to queue
[2024-11-11T02:27:42.069+0000] {logging_mixin.py:190} INFO - [2024-11-11T02:27:42.069+0000] {dagbag.py:588} INFO - Filling up the DagBag from /home/airflow/.local/lib/python3.12/site-packages/airflow/example_dags/tutorial_objectstorage.py
[2024-11-11T02:27:42.075+0000] {processor.py:925} INFO - DAG(s) 'tutorial_objectstorage' retrieved from /home/airflow/.local/lib/python3.12/site-packages/airflow/example_dags/tutorial_objectstorage.py
[2024-11-11T02:27:42.084+0000] {logging_mixin.py:190} INFO - [2024-11-11T02:27:42.084+0000] {dag.py:3239} INFO - Sync 1 DAGs
[2024-11-11T02:27:42.091+0000] {logging_mixin.py:190} INFO - [2024-11-11T02:27:42.091+0000] {dag.py:4180} INFO - Setting next_dagrun for tutorial_objectstorage to None, run_after=None
[2024-11-11T02:27:42.099+0000] {processor.py:208} INFO - Processing /home/airflow/.local/lib/python3.12/site-packages/airflow/example_dags/tutorial_objectstorage.py took 0.036 seconds
[2024-11-11T02:28:12.716+0000] {processor.py:186} INFO - Started process (PID=514) to work on /home/airflow/.local/lib/python3.12/site-packages/airflow/example_dags/tutorial_objectstorage.py
[2024-11-11T02:28:12.716+0000] {processor.py:914} INFO - Processing file /home/airflow/.local/lib/python3.12/site-packages/airflow/example_dags/tutorial_objectstorage.py for tasks to queue
[2024-11-11T02:28:12.718+0000] {logging_mixin.py:190} INFO - [2024-11-11T02:28:12.718+0000] {dagbag.py:588} INFO - Filling up the DagBag from /home/airflow/.local/lib/python3.12/site-packages/airflow/example_dags/tutorial_objectstorage.py
[2024-11-11T02:28:12.723+0000] {processor.py:925} INFO - DAG(s) 'tutorial_objectstorage' retrieved from /home/airflow/.local/lib/python3.12/site-packages/airflow/example_dags/tutorial_objectstorage.py
[2024-11-11T02:28:12.734+0000] {logging_mixin.py:190} INFO - [2024-11-11T02:28:12.734+0000] {dag.py:3239} INFO - Sync 1 DAGs
[2024-11-11T02:28:12.740+0000] {logging_mixin.py:190} INFO - [2024-11-11T02:28:12.740+0000] {dag.py:4180} INFO - Setting next_dagrun for tutorial_objectstorage to None, run_after=None
[2024-11-11T02:28:12.749+0000] {processor.py:208} INFO - Processing /home/airflow/.local/lib/python3.12/site-packages/airflow/example_dags/tutorial_objectstorage.py took 0.036 seconds
[2024-11-11T02:28:43.343+0000] {processor.py:186} INFO - Started process (PID=577) to work on /home/airflow/.local/lib/python3.12/site-packages/airflow/example_dags/tutorial_objectstorage.py
[2024-11-11T02:28:43.344+0000] {processor.py:914} INFO - Processing file /home/airflow/.local/lib/python3.12/site-packages/airflow/example_dags/tutorial_objectstorage.py for tasks to queue
[2024-11-11T02:28:43.345+0000] {logging_mixin.py:190} INFO - [2024-11-11T02:28:43.345+0000] {dagbag.py:588} INFO - Filling up the DagBag from /home/airflow/.local/lib/python3.12/site-packages/airflow/example_dags/tutorial_objectstorage.py
[2024-11-11T02:28:43.350+0000] {processor.py:925} INFO - DAG(s) 'tutorial_objectstorage' retrieved from /home/airflow/.local/lib/python3.12/site-packages/airflow/example_dags/tutorial_objectstorage.py
[2024-11-11T02:28:43.359+0000] {logging_mixin.py:190} INFO - [2024-11-11T02:28:43.359+0000] {dag.py:3239} INFO - Sync 1 DAGs
[2024-11-11T02:28:43.366+0000] {logging_mixin.py:190} INFO - [2024-11-11T02:28:43.366+0000] {dag.py:4180} INFO - Setting next_dagrun for tutorial_objectstorage to None, run_after=None
[2024-11-11T02:28:43.374+0000] {processor.py:208} INFO - Processing /home/airflow/.local/lib/python3.12/site-packages/airflow/example_dags/tutorial_objectstorage.py took 0.034 seconds
[2024-11-11T02:29:13.997+0000] {processor.py:186} INFO - Started process (PID=640) to work on /home/airflow/.local/lib/python3.12/site-packages/airflow/example_dags/tutorial_objectstorage.py
[2024-11-11T02:29:13.997+0000] {processor.py:914} INFO - Processing file /home/airflow/.local/lib/python3.12/site-packages/airflow/example_dags/tutorial_objectstorage.py for tasks to queue
[2024-11-11T02:29:13.999+0000] {logging_mixin.py:190} INFO - [2024-11-11T02:29:13.998+0000] {dagbag.py:588} INFO - Filling up the DagBag from /home/airflow/.local/lib/python3.12/site-packages/airflow/example_dags/tutorial_objectstorage.py
[2024-11-11T02:29:14.004+0000] {processor.py:925} INFO - DAG(s) 'tutorial_objectstorage' retrieved from /home/airflow/.local/lib/python3.12/site-packages/airflow/example_dags/tutorial_objectstorage.py
[2024-11-11T02:29:14.014+0000] {logging_mixin.py:190} INFO - [2024-11-11T02:29:14.014+0000] {dag.py:3239} INFO - Sync 1 DAGs
[2024-11-11T02:29:14.021+0000] {logging_mixin.py:190} INFO - [2024-11-11T02:29:14.021+0000] {dag.py:4180} INFO - Setting next_dagrun for tutorial_objectstorage to None, run_after=None
[2024-11-11T02:29:14.029+0000] {processor.py:208} INFO - Processing /home/airflow/.local/lib/python3.12/site-packages/airflow/example_dags/tutorial_objectstorage.py took 0.036 seconds
[2024-11-11T02:29:44.783+0000] {processor.py:186} INFO - Started process (PID=703) to work on /home/airflow/.local/lib/python3.12/site-packages/airflow/example_dags/tutorial_objectstorage.py
[2024-11-11T02:29:44.784+0000] {processor.py:914} INFO - Processing file /home/airflow/.local/lib/python3.12/site-packages/airflow/example_dags/tutorial_objectstorage.py for tasks to queue
[2024-11-11T02:29:44.785+0000] {logging_mixin.py:190} INFO - [2024-11-11T02:29:44.785+0000] {dagbag.py:588} INFO - Filling up the DagBag from /home/airflow/.local/lib/python3.12/site-packages/airflow/example_dags/tutorial_objectstorage.py
[2024-11-11T02:29:44.791+0000] {processor.py:925} INFO - DAG(s) 'tutorial_objectstorage' retrieved from /home/airflow/.local/lib/python3.12/site-packages/airflow/example_dags/tutorial_objectstorage.py
[2024-11-11T02:29:44.800+0000] {logging_mixin.py:190} INFO - [2024-11-11T02:29:44.800+0000] {dag.py:3239} INFO - Sync 1 DAGs
[2024-11-11T02:29:44.807+0000] {logging_mixin.py:190} INFO - [2024-11-11T02:29:44.807+0000] {dag.py:4180} INFO - Setting next_dagrun for tutorial_objectstorage to None, run_after=None
[2024-11-11T02:29:44.815+0000] {processor.py:208} INFO - Processing /home/airflow/.local/lib/python3.12/site-packages/airflow/example_dags/tutorial_objectstorage.py took 0.036 seconds
[2024-11-11T02:30:15.395+0000] {processor.py:186} INFO - Started process (PID=765) to work on /home/airflow/.local/lib/python3.12/site-packages/airflow/example_dags/tutorial_objectstorage.py
[2024-11-11T02:30:15.395+0000] {processor.py:914} INFO - Processing file /home/airflow/.local/lib/python3.12/site-packages/airflow/example_dags/tutorial_objectstorage.py for tasks to queue
[2024-11-11T02:30:15.397+0000] {logging_mixin.py:190} INFO - [2024-11-11T02:30:15.397+0000] {dagbag.py:588} INFO - Filling up the DagBag from /home/airflow/.local/lib/python3.12/site-packages/airflow/example_dags/tutorial_objectstorage.py
[2024-11-11T02:30:15.402+0000] {processor.py:925} INFO - DAG(s) 'tutorial_objectstorage' retrieved from /home/airflow/.local/lib/python3.12/site-packages/airflow/example_dags/tutorial_objectstorage.py
[2024-11-11T02:30:15.412+0000] {logging_mixin.py:190} INFO - [2024-11-11T02:30:15.412+0000] {dag.py:3239} INFO - Sync 1 DAGs
[2024-11-11T02:30:15.419+0000] {logging_mixin.py:190} INFO - [2024-11-11T02:30:15.419+0000] {dag.py:4180} INFO - Setting next_dagrun for tutorial_objectstorage to None, run_after=None
[2024-11-11T02:30:15.427+0000] {processor.py:208} INFO - Processing /home/airflow/.local/lib/python3.12/site-packages/airflow/example_dags/tutorial_objectstorage.py took 0.035 seconds
[2024-11-11T02:30:46.149+0000] {processor.py:186} INFO - Started process (PID=828) to work on /home/airflow/.local/lib/python3.12/site-packages/airflow/example_dags/tutorial_objectstorage.py
[2024-11-11T02:30:46.150+0000] {processor.py:914} INFO - Processing file /home/airflow/.local/lib/python3.12/site-packages/airflow/example_dags/tutorial_objectstorage.py for tasks to queue
[2024-11-11T02:30:46.151+0000] {logging_mixin.py:190} INFO - [2024-11-11T02:30:46.151+0000] {dagbag.py:588} INFO - Filling up the DagBag from /home/airflow/.local/lib/python3.12/site-packages/airflow/example_dags/tutorial_objectstorage.py
[2024-11-11T02:30:46.157+0000] {processor.py:925} INFO - DAG(s) 'tutorial_objectstorage' retrieved from /home/airflow/.local/lib/python3.12/site-packages/airflow/example_dags/tutorial_objectstorage.py
[2024-11-11T02:30:46.168+0000] {logging_mixin.py:190} INFO - [2024-11-11T02:30:46.168+0000] {dag.py:3239} INFO - Sync 1 DAGs
[2024-11-11T02:30:46.176+0000] {logging_mixin.py:190} INFO - [2024-11-11T02:30:46.176+0000] {dag.py:4180} INFO - Setting next_dagrun for tutorial_objectstorage to None, run_after=None
[2024-11-11T02:30:46.190+0000] {processor.py:208} INFO - Processing /home/airflow/.local/lib/python3.12/site-packages/airflow/example_dags/tutorial_objectstorage.py took 0.044 seconds
[2024-11-11T02:31:16.595+0000] {processor.py:186} INFO - Started process (PID=900) to work on /home/airflow/.local/lib/python3.12/site-packages/airflow/example_dags/tutorial_objectstorage.py
[2024-11-11T02:31:16.596+0000] {processor.py:914} INFO - Processing file /home/airflow/.local/lib/python3.12/site-packages/airflow/example_dags/tutorial_objectstorage.py for tasks to queue
[2024-11-11T02:31:16.597+0000] {logging_mixin.py:190} INFO - [2024-11-11T02:31:16.597+0000] {dagbag.py:588} INFO - Filling up the DagBag from /home/airflow/.local/lib/python3.12/site-packages/airflow/example_dags/tutorial_objectstorage.py
[2024-11-11T02:31:16.603+0000] {processor.py:925} INFO - DAG(s) 'tutorial_objectstorage' retrieved from /home/airflow/.local/lib/python3.12/site-packages/airflow/example_dags/tutorial_objectstorage.py
[2024-11-11T02:31:16.613+0000] {logging_mixin.py:190} INFO - [2024-11-11T02:31:16.612+0000] {dag.py:3239} INFO - Sync 1 DAGs
[2024-11-11T02:31:16.619+0000] {logging_mixin.py:190} INFO - [2024-11-11T02:31:16.619+0000] {dag.py:4180} INFO - Setting next_dagrun for tutorial_objectstorage to None, run_after=None
[2024-11-11T02:31:16.627+0000] {processor.py:208} INFO - Processing /home/airflow/.local/lib/python3.12/site-packages/airflow/example_dags/tutorial_objectstorage.py took 0.035 seconds
[2024-11-11T02:31:47.389+0000] {processor.py:186} INFO - Started process (PID=963) to work on /home/airflow/.local/lib/python3.12/site-packages/airflow/example_dags/tutorial_objectstorage.py
[2024-11-11T02:31:47.390+0000] {processor.py:914} INFO - Processing file /home/airflow/.local/lib/python3.12/site-packages/airflow/example_dags/tutorial_objectstorage.py for tasks to queue
[2024-11-11T02:31:47.391+0000] {logging_mixin.py:190} INFO - [2024-11-11T02:31:47.391+0000] {dagbag.py:588} INFO - Filling up the DagBag from /home/airflow/.local/lib/python3.12/site-packages/airflow/example_dags/tutorial_objectstorage.py
[2024-11-11T02:31:47.397+0000] {processor.py:925} INFO - DAG(s) 'tutorial_objectstorage' retrieved from /home/airflow/.local/lib/python3.12/site-packages/airflow/example_dags/tutorial_objectstorage.py
[2024-11-11T02:31:47.407+0000] {logging_mixin.py:190} INFO - [2024-11-11T02:31:47.407+0000] {dag.py:3239} INFO - Sync 1 DAGs
[2024-11-11T02:31:47.414+0000] {logging_mixin.py:190} INFO - [2024-11-11T02:31:47.414+0000] {dag.py:4180} INFO - Setting next_dagrun for tutorial_objectstorage to None, run_after=None
[2024-11-11T02:31:47.422+0000] {processor.py:208} INFO - Processing /home/airflow/.local/lib/python3.12/site-packages/airflow/example_dags/tutorial_objectstorage.py took 0.037 seconds
[2024-11-11T02:32:17.920+0000] {processor.py:186} INFO - Started process (PID=1025) to work on /home/airflow/.local/lib/python3.12/site-packages/airflow/example_dags/tutorial_objectstorage.py
[2024-11-11T02:32:17.921+0000] {processor.py:914} INFO - Processing file /home/airflow/.local/lib/python3.12/site-packages/airflow/example_dags/tutorial_objectstorage.py for tasks to queue
[2024-11-11T02:32:17.922+0000] {logging_mixin.py:190} INFO - [2024-11-11T02:32:17.922+0000] {dagbag.py:588} INFO - Filling up the DagBag from /home/airflow/.local/lib/python3.12/site-packages/airflow/example_dags/tutorial_objectstorage.py
[2024-11-11T02:32:17.928+0000] {processor.py:925} INFO - DAG(s) 'tutorial_objectstorage' retrieved from /home/airflow/.local/lib/python3.12/site-packages/airflow/example_dags/tutorial_objectstorage.py
[2024-11-11T02:32:17.938+0000] {logging_mixin.py:190} INFO - [2024-11-11T02:32:17.937+0000] {dag.py:3239} INFO - Sync 1 DAGs
[2024-11-11T02:32:17.944+0000] {logging_mixin.py:190} INFO - [2024-11-11T02:32:17.944+0000] {dag.py:4180} INFO - Setting next_dagrun for tutorial_objectstorage to None, run_after=None
[2024-11-11T02:32:17.952+0000] {processor.py:208} INFO - Processing /home/airflow/.local/lib/python3.12/site-packages/airflow/example_dags/tutorial_objectstorage.py took 0.035 seconds
[2024-11-11T02:32:48.633+0000] {processor.py:186} INFO - Started process (PID=1087) to work on /home/airflow/.local/lib/python3.12/site-packages/airflow/example_dags/tutorial_objectstorage.py
[2024-11-11T02:32:48.633+0000] {processor.py:914} INFO - Processing file /home/airflow/.local/lib/python3.12/site-packages/airflow/example_dags/tutorial_objectstorage.py for tasks to queue
[2024-11-11T02:32:48.635+0000] {logging_mixin.py:190} INFO - [2024-11-11T02:32:48.634+0000] {dagbag.py:588} INFO - Filling up the DagBag from /home/airflow/.local/lib/python3.12/site-packages/airflow/example_dags/tutorial_objectstorage.py
[2024-11-11T02:32:48.640+0000] {processor.py:925} INFO - DAG(s) 'tutorial_objectstorage' retrieved from /home/airflow/.local/lib/python3.12/site-packages/airflow/example_dags/tutorial_objectstorage.py
[2024-11-11T02:32:48.650+0000] {logging_mixin.py:190} INFO - [2024-11-11T02:32:48.650+0000] {dag.py:3239} INFO - Sync 1 DAGs
[2024-11-11T02:32:48.657+0000] {logging_mixin.py:190} INFO - [2024-11-11T02:32:48.656+0000] {dag.py:4180} INFO - Setting next_dagrun for tutorial_objectstorage to None, run_after=None
[2024-11-11T02:32:48.665+0000] {processor.py:208} INFO - Processing /home/airflow/.local/lib/python3.12/site-packages/airflow/example_dags/tutorial_objectstorage.py took 0.036 seconds
[2024-11-11T02:33:19.292+0000] {processor.py:186} INFO - Started process (PID=1150) to work on /home/airflow/.local/lib/python3.12/site-packages/airflow/example_dags/tutorial_objectstorage.py
[2024-11-11T02:33:19.293+0000] {processor.py:914} INFO - Processing file /home/airflow/.local/lib/python3.12/site-packages/airflow/example_dags/tutorial_objectstorage.py for tasks to queue
[2024-11-11T02:33:19.294+0000] {logging_mixin.py:190} INFO - [2024-11-11T02:33:19.294+0000] {dagbag.py:588} INFO - Filling up the DagBag from /home/airflow/.local/lib/python3.12/site-packages/airflow/example_dags/tutorial_objectstorage.py
[2024-11-11T02:33:19.300+0000] {processor.py:925} INFO - DAG(s) 'tutorial_objectstorage' retrieved from /home/airflow/.local/lib/python3.12/site-packages/airflow/example_dags/tutorial_objectstorage.py
[2024-11-11T02:33:19.309+0000] {logging_mixin.py:190} INFO - [2024-11-11T02:33:19.309+0000] {dag.py:3239} INFO - Sync 1 DAGs
[2024-11-11T02:33:19.316+0000] {logging_mixin.py:190} INFO - [2024-11-11T02:33:19.316+0000] {dag.py:4180} INFO - Setting next_dagrun for tutorial_objectstorage to None, run_after=None
[2024-11-11T02:33:19.324+0000] {processor.py:208} INFO - Processing /home/airflow/.local/lib/python3.12/site-packages/airflow/example_dags/tutorial_objectstorage.py took 0.036 seconds
[2024-11-11T02:33:50.074+0000] {processor.py:186} INFO - Started process (PID=1213) to work on /home/airflow/.local/lib/python3.12/site-packages/airflow/example_dags/tutorial_objectstorage.py
[2024-11-11T02:33:50.074+0000] {processor.py:914} INFO - Processing file /home/airflow/.local/lib/python3.12/site-packages/airflow/example_dags/tutorial_objectstorage.py for tasks to queue
[2024-11-11T02:33:50.076+0000] {logging_mixin.py:190} INFO - [2024-11-11T02:33:50.076+0000] {dagbag.py:588} INFO - Filling up the DagBag from /home/airflow/.local/lib/python3.12/site-packages/airflow/example_dags/tutorial_objectstorage.py
[2024-11-11T02:33:50.082+0000] {processor.py:925} INFO - DAG(s) 'tutorial_objectstorage' retrieved from /home/airflow/.local/lib/python3.12/site-packages/airflow/example_dags/tutorial_objectstorage.py
[2024-11-11T02:33:50.092+0000] {logging_mixin.py:190} INFO - [2024-11-11T02:33:50.091+0000] {dag.py:3239} INFO - Sync 1 DAGs
[2024-11-11T02:33:50.099+0000] {logging_mixin.py:190} INFO - [2024-11-11T02:33:50.098+0000] {dag.py:4180} INFO - Setting next_dagrun for tutorial_objectstorage to None, run_after=None
[2024-11-11T02:33:50.107+0000] {processor.py:208} INFO - Processing /home/airflow/.local/lib/python3.12/site-packages/airflow/example_dags/tutorial_objectstorage.py took 0.037 seconds
[2024-11-11T02:34:20.586+0000] {processor.py:186} INFO - Started process (PID=1276) to work on /home/airflow/.local/lib/python3.12/site-packages/airflow/example_dags/tutorial_objectstorage.py
[2024-11-11T02:34:20.586+0000] {processor.py:914} INFO - Processing file /home/airflow/.local/lib/python3.12/site-packages/airflow/example_dags/tutorial_objectstorage.py for tasks to queue
[2024-11-11T02:34:20.588+0000] {logging_mixin.py:190} INFO - [2024-11-11T02:34:20.588+0000] {dagbag.py:588} INFO - Filling up the DagBag from /home/airflow/.local/lib/python3.12/site-packages/airflow/example_dags/tutorial_objectstorage.py
[2024-11-11T02:34:20.593+0000] {processor.py:925} INFO - DAG(s) 'tutorial_objectstorage' retrieved from /home/airflow/.local/lib/python3.12/site-packages/airflow/example_dags/tutorial_objectstorage.py
[2024-11-11T02:34:20.604+0000] {logging_mixin.py:190} INFO - [2024-11-11T02:34:20.603+0000] {dag.py:3239} INFO - Sync 1 DAGs
[2024-11-11T02:34:20.611+0000] {logging_mixin.py:190} INFO - [2024-11-11T02:34:20.610+0000] {dag.py:4180} INFO - Setting next_dagrun for tutorial_objectstorage to None, run_after=None
[2024-11-11T02:34:20.619+0000] {processor.py:208} INFO - Processing /home/airflow/.local/lib/python3.12/site-packages/airflow/example_dags/tutorial_objectstorage.py took 0.037 seconds
[2024-11-11T02:34:51.450+0000] {processor.py:186} INFO - Started process (PID=1339) to work on /home/airflow/.local/lib/python3.12/site-packages/airflow/example_dags/tutorial_objectstorage.py
[2024-11-11T02:34:51.451+0000] {processor.py:914} INFO - Processing file /home/airflow/.local/lib/python3.12/site-packages/airflow/example_dags/tutorial_objectstorage.py for tasks to queue
[2024-11-11T02:34:51.454+0000] {logging_mixin.py:190} INFO - [2024-11-11T02:34:51.453+0000] {dagbag.py:588} INFO - Filling up the DagBag from /home/airflow/.local/lib/python3.12/site-packages/airflow/example_dags/tutorial_objectstorage.py
[2024-11-11T02:34:51.461+0000] {processor.py:925} INFO - DAG(s) 'tutorial_objectstorage' retrieved from /home/airflow/.local/lib/python3.12/site-packages/airflow/example_dags/tutorial_objectstorage.py
[2024-11-11T02:34:51.474+0000] {logging_mixin.py:190} INFO - [2024-11-11T02:34:51.474+0000] {dag.py:3239} INFO - Sync 1 DAGs
[2024-11-11T02:34:51.482+0000] {logging_mixin.py:190} INFO - [2024-11-11T02:34:51.482+0000] {dag.py:4180} INFO - Setting next_dagrun for tutorial_objectstorage to None, run_after=None
[2024-11-11T02:34:51.495+0000] {processor.py:208} INFO - Processing /home/airflow/.local/lib/python3.12/site-packages/airflow/example_dags/tutorial_objectstorage.py took 0.049 seconds
[2024-11-11T02:35:22.355+0000] {processor.py:186} INFO - Started process (PID=1402) to work on /home/airflow/.local/lib/python3.12/site-packages/airflow/example_dags/tutorial_objectstorage.py
[2024-11-11T02:35:22.356+0000] {processor.py:914} INFO - Processing file /home/airflow/.local/lib/python3.12/site-packages/airflow/example_dags/tutorial_objectstorage.py for tasks to queue
[2024-11-11T02:35:22.357+0000] {logging_mixin.py:190} INFO - [2024-11-11T02:35:22.357+0000] {dagbag.py:588} INFO - Filling up the DagBag from /home/airflow/.local/lib/python3.12/site-packages/airflow/example_dags/tutorial_objectstorage.py
[2024-11-11T02:35:22.364+0000] {processor.py:925} INFO - DAG(s) 'tutorial_objectstorage' retrieved from /home/airflow/.local/lib/python3.12/site-packages/airflow/example_dags/tutorial_objectstorage.py
[2024-11-11T02:35:22.379+0000] {logging_mixin.py:190} INFO - [2024-11-11T02:35:22.378+0000] {dag.py:3239} INFO - Sync 1 DAGs
[2024-11-11T02:35:22.387+0000] {logging_mixin.py:190} INFO - [2024-11-11T02:35:22.387+0000] {dag.py:4180} INFO - Setting next_dagrun for tutorial_objectstorage to None, run_after=None
[2024-11-11T02:35:22.397+0000] {processor.py:208} INFO - Processing /home/airflow/.local/lib/python3.12/site-packages/airflow/example_dags/tutorial_objectstorage.py took 0.046 seconds
[2024-11-11T02:35:53.021+0000] {processor.py:186} INFO - Started process (PID=1465) to work on /home/airflow/.local/lib/python3.12/site-packages/airflow/example_dags/tutorial_objectstorage.py
[2024-11-11T02:35:53.022+0000] {processor.py:914} INFO - Processing file /home/airflow/.local/lib/python3.12/site-packages/airflow/example_dags/tutorial_objectstorage.py for tasks to queue
[2024-11-11T02:35:53.024+0000] {logging_mixin.py:190} INFO - [2024-11-11T02:35:53.023+0000] {dagbag.py:588} INFO - Filling up the DagBag from /home/airflow/.local/lib/python3.12/site-packages/airflow/example_dags/tutorial_objectstorage.py
[2024-11-11T02:35:53.029+0000] {processor.py:925} INFO - DAG(s) 'tutorial_objectstorage' retrieved from /home/airflow/.local/lib/python3.12/site-packages/airflow/example_dags/tutorial_objectstorage.py
[2024-11-11T02:35:53.039+0000] {logging_mixin.py:190} INFO - [2024-11-11T02:35:53.039+0000] {dag.py:3239} INFO - Sync 1 DAGs
[2024-11-11T02:35:53.047+0000] {logging_mixin.py:190} INFO - [2024-11-11T02:35:53.046+0000] {dag.py:4180} INFO - Setting next_dagrun for tutorial_objectstorage to None, run_after=None
[2024-11-11T02:35:53.056+0000] {processor.py:208} INFO - Processing /home/airflow/.local/lib/python3.12/site-packages/airflow/example_dags/tutorial_objectstorage.py took 0.038 seconds
[2024-11-11T02:36:23.697+0000] {processor.py:186} INFO - Started process (PID=1534) to work on /home/airflow/.local/lib/python3.12/site-packages/airflow/example_dags/tutorial_objectstorage.py
[2024-11-11T02:36:23.698+0000] {processor.py:914} INFO - Processing file /home/airflow/.local/lib/python3.12/site-packages/airflow/example_dags/tutorial_objectstorage.py for tasks to queue
[2024-11-11T02:36:23.699+0000] {logging_mixin.py:190} INFO - [2024-11-11T02:36:23.699+0000] {dagbag.py:588} INFO - Filling up the DagBag from /home/airflow/.local/lib/python3.12/site-packages/airflow/example_dags/tutorial_objectstorage.py
[2024-11-11T02:36:23.705+0000] {processor.py:925} INFO - DAG(s) 'tutorial_objectstorage' retrieved from /home/airflow/.local/lib/python3.12/site-packages/airflow/example_dags/tutorial_objectstorage.py
[2024-11-11T02:36:23.715+0000] {logging_mixin.py:190} INFO - [2024-11-11T02:36:23.715+0000] {dag.py:3239} INFO - Sync 1 DAGs
[2024-11-11T02:36:23.722+0000] {logging_mixin.py:190} INFO - [2024-11-11T02:36:23.722+0000] {dag.py:4180} INFO - Setting next_dagrun for tutorial_objectstorage to None, run_after=None
[2024-11-11T02:36:23.731+0000] {processor.py:208} INFO - Processing /home/airflow/.local/lib/python3.12/site-packages/airflow/example_dags/tutorial_objectstorage.py took 0.038 seconds
[2024-11-11T02:36:54.398+0000] {processor.py:186} INFO - Started process (PID=1597) to work on /home/airflow/.local/lib/python3.12/site-packages/airflow/example_dags/tutorial_objectstorage.py
[2024-11-11T02:36:54.399+0000] {processor.py:914} INFO - Processing file /home/airflow/.local/lib/python3.12/site-packages/airflow/example_dags/tutorial_objectstorage.py for tasks to queue
[2024-11-11T02:36:54.400+0000] {logging_mixin.py:190} INFO - [2024-11-11T02:36:54.400+0000] {dagbag.py:588} INFO - Filling up the DagBag from /home/airflow/.local/lib/python3.12/site-packages/airflow/example_dags/tutorial_objectstorage.py
[2024-11-11T02:36:54.406+0000] {processor.py:925} INFO - DAG(s) 'tutorial_objectstorage' retrieved from /home/airflow/.local/lib/python3.12/site-packages/airflow/example_dags/tutorial_objectstorage.py
[2024-11-11T02:36:54.416+0000] {logging_mixin.py:190} INFO - [2024-11-11T02:36:54.416+0000] {dag.py:3239} INFO - Sync 1 DAGs
[2024-11-11T02:36:54.422+0000] {logging_mixin.py:190} INFO - [2024-11-11T02:36:54.422+0000] {dag.py:4180} INFO - Setting next_dagrun for tutorial_objectstorage to None, run_after=None
[2024-11-11T02:36:54.431+0000] {processor.py:208} INFO - Processing /home/airflow/.local/lib/python3.12/site-packages/airflow/example_dags/tutorial_objectstorage.py took 0.036 seconds
[2024-11-11T02:37:25.037+0000] {processor.py:186} INFO - Started process (PID=1660) to work on /home/airflow/.local/lib/python3.12/site-packages/airflow/example_dags/tutorial_objectstorage.py
[2024-11-11T02:37:25.037+0000] {processor.py:914} INFO - Processing file /home/airflow/.local/lib/python3.12/site-packages/airflow/example_dags/tutorial_objectstorage.py for tasks to queue
[2024-11-11T02:37:25.039+0000] {logging_mixin.py:190} INFO - [2024-11-11T02:37:25.039+0000] {dagbag.py:588} INFO - Filling up the DagBag from /home/airflow/.local/lib/python3.12/site-packages/airflow/example_dags/tutorial_objectstorage.py
[2024-11-11T02:37:25.044+0000] {processor.py:925} INFO - DAG(s) 'tutorial_objectstorage' retrieved from /home/airflow/.local/lib/python3.12/site-packages/airflow/example_dags/tutorial_objectstorage.py
[2024-11-11T02:37:25.054+0000] {logging_mixin.py:190} INFO - [2024-11-11T02:37:25.054+0000] {dag.py:3239} INFO - Sync 1 DAGs
[2024-11-11T02:37:25.060+0000] {logging_mixin.py:190} INFO - [2024-11-11T02:37:25.060+0000] {dag.py:4180} INFO - Setting next_dagrun for tutorial_objectstorage to None, run_after=None
[2024-11-11T02:37:25.069+0000] {processor.py:208} INFO - Processing /home/airflow/.local/lib/python3.12/site-packages/airflow/example_dags/tutorial_objectstorage.py took 0.035 seconds
[2024-11-11T02:37:55.679+0000] {processor.py:186} INFO - Started process (PID=1723) to work on /home/airflow/.local/lib/python3.12/site-packages/airflow/example_dags/tutorial_objectstorage.py
[2024-11-11T02:37:55.680+0000] {processor.py:914} INFO - Processing file /home/airflow/.local/lib/python3.12/site-packages/airflow/example_dags/tutorial_objectstorage.py for tasks to queue
[2024-11-11T02:37:55.681+0000] {logging_mixin.py:190} INFO - [2024-11-11T02:37:55.681+0000] {dagbag.py:588} INFO - Filling up the DagBag from /home/airflow/.local/lib/python3.12/site-packages/airflow/example_dags/tutorial_objectstorage.py
[2024-11-11T02:37:55.686+0000] {processor.py:925} INFO - DAG(s) 'tutorial_objectstorage' retrieved from /home/airflow/.local/lib/python3.12/site-packages/airflow/example_dags/tutorial_objectstorage.py
[2024-11-11T02:37:55.696+0000] {logging_mixin.py:190} INFO - [2024-11-11T02:37:55.696+0000] {dag.py:3239} INFO - Sync 1 DAGs
[2024-11-11T02:37:55.702+0000] {logging_mixin.py:190} INFO - [2024-11-11T02:37:55.702+0000] {dag.py:4180} INFO - Setting next_dagrun for tutorial_objectstorage to None, run_after=None
[2024-11-11T02:37:55.711+0000] {processor.py:208} INFO - Processing /home/airflow/.local/lib/python3.12/site-packages/airflow/example_dags/tutorial_objectstorage.py took 0.036 seconds
[2024-11-11T02:38:26.683+0000] {processor.py:186} INFO - Started process (PID=1786) to work on /home/airflow/.local/lib/python3.12/site-packages/airflow/example_dags/tutorial_objectstorage.py
[2024-11-11T02:38:26.683+0000] {processor.py:914} INFO - Processing file /home/airflow/.local/lib/python3.12/site-packages/airflow/example_dags/tutorial_objectstorage.py for tasks to queue
[2024-11-11T02:38:26.685+0000] {logging_mixin.py:190} INFO - [2024-11-11T02:38:26.685+0000] {dagbag.py:588} INFO - Filling up the DagBag from /home/airflow/.local/lib/python3.12/site-packages/airflow/example_dags/tutorial_objectstorage.py
[2024-11-11T02:38:26.690+0000] {processor.py:925} INFO - DAG(s) 'tutorial_objectstorage' retrieved from /home/airflow/.local/lib/python3.12/site-packages/airflow/example_dags/tutorial_objectstorage.py
[2024-11-11T02:38:26.700+0000] {logging_mixin.py:190} INFO - [2024-11-11T02:38:26.700+0000] {dag.py:3239} INFO - Sync 1 DAGs
[2024-11-11T02:38:26.708+0000] {logging_mixin.py:190} INFO - [2024-11-11T02:38:26.707+0000] {dag.py:4180} INFO - Setting next_dagrun for tutorial_objectstorage to None, run_after=None
[2024-11-11T02:38:26.720+0000] {processor.py:208} INFO - Processing /home/airflow/.local/lib/python3.12/site-packages/airflow/example_dags/tutorial_objectstorage.py took 0.041 seconds
[2024-11-11T02:38:57.319+0000] {processor.py:186} INFO - Started process (PID=1849) to work on /home/airflow/.local/lib/python3.12/site-packages/airflow/example_dags/tutorial_objectstorage.py
[2024-11-11T02:38:57.320+0000] {processor.py:914} INFO - Processing file /home/airflow/.local/lib/python3.12/site-packages/airflow/example_dags/tutorial_objectstorage.py for tasks to queue
[2024-11-11T02:38:57.321+0000] {logging_mixin.py:190} INFO - [2024-11-11T02:38:57.321+0000] {dagbag.py:588} INFO - Filling up the DagBag from /home/airflow/.local/lib/python3.12/site-packages/airflow/example_dags/tutorial_objectstorage.py
[2024-11-11T02:38:57.326+0000] {processor.py:925} INFO - DAG(s) 'tutorial_objectstorage' retrieved from /home/airflow/.local/lib/python3.12/site-packages/airflow/example_dags/tutorial_objectstorage.py
[2024-11-11T02:38:57.336+0000] {logging_mixin.py:190} INFO - [2024-11-11T02:38:57.336+0000] {dag.py:3239} INFO - Sync 1 DAGs
[2024-11-11T02:38:57.343+0000] {logging_mixin.py:190} INFO - [2024-11-11T02:38:57.343+0000] {dag.py:4180} INFO - Setting next_dagrun for tutorial_objectstorage to None, run_after=None
[2024-11-11T02:38:57.351+0000] {processor.py:208} INFO - Processing /home/airflow/.local/lib/python3.12/site-packages/airflow/example_dags/tutorial_objectstorage.py took 0.036 seconds
[2024-11-11T02:39:28.022+0000] {processor.py:186} INFO - Started process (PID=1912) to work on /home/airflow/.local/lib/python3.12/site-packages/airflow/example_dags/tutorial_objectstorage.py
[2024-11-11T02:39:28.023+0000] {processor.py:914} INFO - Processing file /home/airflow/.local/lib/python3.12/site-packages/airflow/example_dags/tutorial_objectstorage.py for tasks to queue
[2024-11-11T02:39:28.024+0000] {logging_mixin.py:190} INFO - [2024-11-11T02:39:28.024+0000] {dagbag.py:588} INFO - Filling up the DagBag from /home/airflow/.local/lib/python3.12/site-packages/airflow/example_dags/tutorial_objectstorage.py
[2024-11-11T02:39:28.030+0000] {processor.py:925} INFO - DAG(s) 'tutorial_objectstorage' retrieved from /home/airflow/.local/lib/python3.12/site-packages/airflow/example_dags/tutorial_objectstorage.py
[2024-11-11T02:39:28.040+0000] {logging_mixin.py:190} INFO - [2024-11-11T02:39:28.039+0000] {dag.py:3239} INFO - Sync 1 DAGs
[2024-11-11T02:39:28.046+0000] {logging_mixin.py:190} INFO - [2024-11-11T02:39:28.046+0000] {dag.py:4180} INFO - Setting next_dagrun for tutorial_objectstorage to None, run_after=None
[2024-11-11T02:39:28.054+0000] {processor.py:208} INFO - Processing /home/airflow/.local/lib/python3.12/site-packages/airflow/example_dags/tutorial_objectstorage.py took 0.036 seconds
[2024-11-11T02:39:58.853+0000] {processor.py:186} INFO - Started process (PID=1975) to work on /home/airflow/.local/lib/python3.12/site-packages/airflow/example_dags/tutorial_objectstorage.py
[2024-11-11T02:39:58.854+0000] {processor.py:914} INFO - Processing file /home/airflow/.local/lib/python3.12/site-packages/airflow/example_dags/tutorial_objectstorage.py for tasks to queue
[2024-11-11T02:39:58.855+0000] {logging_mixin.py:190} INFO - [2024-11-11T02:39:58.855+0000] {dagbag.py:588} INFO - Filling up the DagBag from /home/airflow/.local/lib/python3.12/site-packages/airflow/example_dags/tutorial_objectstorage.py
[2024-11-11T02:39:58.861+0000] {processor.py:925} INFO - DAG(s) 'tutorial_objectstorage' retrieved from /home/airflow/.local/lib/python3.12/site-packages/airflow/example_dags/tutorial_objectstorage.py
[2024-11-11T02:39:58.874+0000] {logging_mixin.py:190} INFO - [2024-11-11T02:39:58.874+0000] {dag.py:3239} INFO - Sync 1 DAGs
[2024-11-11T02:39:58.881+0000] {logging_mixin.py:190} INFO - [2024-11-11T02:39:58.881+0000] {dag.py:4180} INFO - Setting next_dagrun for tutorial_objectstorage to None, run_after=None
[2024-11-11T02:39:58.890+0000] {processor.py:208} INFO - Processing /home/airflow/.local/lib/python3.12/site-packages/airflow/example_dags/tutorial_objectstorage.py took 0.041 seconds
[2024-11-11T02:40:29.022+0000] {processor.py:186} INFO - Started process (PID=2038) to work on /home/airflow/.local/lib/python3.12/site-packages/airflow/example_dags/tutorial_objectstorage.py
[2024-11-11T02:40:29.023+0000] {processor.py:914} INFO - Processing file /home/airflow/.local/lib/python3.12/site-packages/airflow/example_dags/tutorial_objectstorage.py for tasks to queue
[2024-11-11T02:40:29.024+0000] {logging_mixin.py:190} INFO - [2024-11-11T02:40:29.024+0000] {dagbag.py:588} INFO - Filling up the DagBag from /home/airflow/.local/lib/python3.12/site-packages/airflow/example_dags/tutorial_objectstorage.py
[2024-11-11T02:40:29.031+0000] {processor.py:925} INFO - DAG(s) 'tutorial_objectstorage' retrieved from /home/airflow/.local/lib/python3.12/site-packages/airflow/example_dags/tutorial_objectstorage.py
[2024-11-11T02:40:29.043+0000] {logging_mixin.py:190} INFO - [2024-11-11T02:40:29.042+0000] {dag.py:3239} INFO - Sync 1 DAGs
[2024-11-11T02:40:29.052+0000] {logging_mixin.py:190} INFO - [2024-11-11T02:40:29.052+0000] {dag.py:4180} INFO - Setting next_dagrun for tutorial_objectstorage to None, run_after=None
[2024-11-11T02:40:29.062+0000] {processor.py:208} INFO - Processing /home/airflow/.local/lib/python3.12/site-packages/airflow/example_dags/tutorial_objectstorage.py took 0.044 seconds
[2024-11-11T02:40:59.735+0000] {processor.py:186} INFO - Started process (PID=2101) to work on /home/airflow/.local/lib/python3.12/site-packages/airflow/example_dags/tutorial_objectstorage.py
[2024-11-11T02:40:59.736+0000] {processor.py:914} INFO - Processing file /home/airflow/.local/lib/python3.12/site-packages/airflow/example_dags/tutorial_objectstorage.py for tasks to queue
[2024-11-11T02:40:59.737+0000] {logging_mixin.py:190} INFO - [2024-11-11T02:40:59.737+0000] {dagbag.py:588} INFO - Filling up the DagBag from /home/airflow/.local/lib/python3.12/site-packages/airflow/example_dags/tutorial_objectstorage.py
[2024-11-11T02:40:59.743+0000] {processor.py:925} INFO - DAG(s) 'tutorial_objectstorage' retrieved from /home/airflow/.local/lib/python3.12/site-packages/airflow/example_dags/tutorial_objectstorage.py
[2024-11-11T02:40:59.753+0000] {logging_mixin.py:190} INFO - [2024-11-11T02:40:59.753+0000] {dag.py:3239} INFO - Sync 1 DAGs
[2024-11-11T02:40:59.761+0000] {logging_mixin.py:190} INFO - [2024-11-11T02:40:59.760+0000] {dag.py:4180} INFO - Setting next_dagrun for tutorial_objectstorage to None, run_after=None
[2024-11-11T02:40:59.770+0000] {processor.py:208} INFO - Processing /home/airflow/.local/lib/python3.12/site-packages/airflow/example_dags/tutorial_objectstorage.py took 0.038 seconds
[2024-11-11T02:41:30.517+0000] {processor.py:186} INFO - Started process (PID=2164) to work on /home/airflow/.local/lib/python3.12/site-packages/airflow/example_dags/tutorial_objectstorage.py
[2024-11-11T02:41:30.518+0000] {processor.py:914} INFO - Processing file /home/airflow/.local/lib/python3.12/site-packages/airflow/example_dags/tutorial_objectstorage.py for tasks to queue
[2024-11-11T02:41:30.520+0000] {logging_mixin.py:190} INFO - [2024-11-11T02:41:30.520+0000] {dagbag.py:588} INFO - Filling up the DagBag from /home/airflow/.local/lib/python3.12/site-packages/airflow/example_dags/tutorial_objectstorage.py
[2024-11-11T02:41:30.526+0000] {processor.py:925} INFO - DAG(s) 'tutorial_objectstorage' retrieved from /home/airflow/.local/lib/python3.12/site-packages/airflow/example_dags/tutorial_objectstorage.py
[2024-11-11T02:41:30.538+0000] {logging_mixin.py:190} INFO - [2024-11-11T02:41:30.538+0000] {dag.py:3239} INFO - Sync 1 DAGs
[2024-11-11T02:41:30.547+0000] {logging_mixin.py:190} INFO - [2024-11-11T02:41:30.546+0000] {dag.py:4180} INFO - Setting next_dagrun for tutorial_objectstorage to None, run_after=None
[2024-11-11T02:41:30.556+0000] {processor.py:208} INFO - Processing /home/airflow/.local/lib/python3.12/site-packages/airflow/example_dags/tutorial_objectstorage.py took 0.043 seconds
[2024-11-11T02:42:01.178+0000] {processor.py:186} INFO - Started process (PID=2227) to work on /home/airflow/.local/lib/python3.12/site-packages/airflow/example_dags/tutorial_objectstorage.py
[2024-11-11T02:42:01.179+0000] {processor.py:914} INFO - Processing file /home/airflow/.local/lib/python3.12/site-packages/airflow/example_dags/tutorial_objectstorage.py for tasks to queue
[2024-11-11T02:42:01.180+0000] {logging_mixin.py:190} INFO - [2024-11-11T02:42:01.180+0000] {dagbag.py:588} INFO - Filling up the DagBag from /home/airflow/.local/lib/python3.12/site-packages/airflow/example_dags/tutorial_objectstorage.py
[2024-11-11T02:42:01.186+0000] {processor.py:925} INFO - DAG(s) 'tutorial_objectstorage' retrieved from /home/airflow/.local/lib/python3.12/site-packages/airflow/example_dags/tutorial_objectstorage.py
[2024-11-11T02:42:01.196+0000] {logging_mixin.py:190} INFO - [2024-11-11T02:42:01.196+0000] {dag.py:3239} INFO - Sync 1 DAGs
[2024-11-11T02:42:01.203+0000] {logging_mixin.py:190} INFO - [2024-11-11T02:42:01.203+0000] {dag.py:4180} INFO - Setting next_dagrun for tutorial_objectstorage to None, run_after=None
[2024-11-11T02:42:01.211+0000] {processor.py:208} INFO - Processing /home/airflow/.local/lib/python3.12/site-packages/airflow/example_dags/tutorial_objectstorage.py took 0.037 seconds
[2024-11-11T02:42:31.907+0000] {processor.py:186} INFO - Started process (PID=2290) to work on /home/airflow/.local/lib/python3.12/site-packages/airflow/example_dags/tutorial_objectstorage.py
[2024-11-11T02:42:31.908+0000] {processor.py:914} INFO - Processing file /home/airflow/.local/lib/python3.12/site-packages/airflow/example_dags/tutorial_objectstorage.py for tasks to queue
[2024-11-11T02:42:31.909+0000] {logging_mixin.py:190} INFO - [2024-11-11T02:42:31.909+0000] {dagbag.py:588} INFO - Filling up the DagBag from /home/airflow/.local/lib/python3.12/site-packages/airflow/example_dags/tutorial_objectstorage.py
[2024-11-11T02:42:31.915+0000] {processor.py:925} INFO - DAG(s) 'tutorial_objectstorage' retrieved from /home/airflow/.local/lib/python3.12/site-packages/airflow/example_dags/tutorial_objectstorage.py
[2024-11-11T02:42:31.925+0000] {logging_mixin.py:190} INFO - [2024-11-11T02:42:31.925+0000] {dag.py:3239} INFO - Sync 1 DAGs
[2024-11-11T02:42:31.932+0000] {logging_mixin.py:190} INFO - [2024-11-11T02:42:31.932+0000] {dag.py:4180} INFO - Setting next_dagrun for tutorial_objectstorage to None, run_after=None
[2024-11-11T02:42:31.940+0000] {processor.py:208} INFO - Processing /home/airflow/.local/lib/python3.12/site-packages/airflow/example_dags/tutorial_objectstorage.py took 0.037 seconds
[2024-11-11T02:43:02.558+0000] {processor.py:186} INFO - Started process (PID=2353) to work on /home/airflow/.local/lib/python3.12/site-packages/airflow/example_dags/tutorial_objectstorage.py
[2024-11-11T02:43:02.559+0000] {processor.py:914} INFO - Processing file /home/airflow/.local/lib/python3.12/site-packages/airflow/example_dags/tutorial_objectstorage.py for tasks to queue
[2024-11-11T02:43:02.560+0000] {logging_mixin.py:190} INFO - [2024-11-11T02:43:02.560+0000] {dagbag.py:588} INFO - Filling up the DagBag from /home/airflow/.local/lib/python3.12/site-packages/airflow/example_dags/tutorial_objectstorage.py
[2024-11-11T02:43:02.566+0000] {processor.py:925} INFO - DAG(s) 'tutorial_objectstorage' retrieved from /home/airflow/.local/lib/python3.12/site-packages/airflow/example_dags/tutorial_objectstorage.py
[2024-11-11T02:43:02.576+0000] {logging_mixin.py:190} INFO - [2024-11-11T02:43:02.576+0000] {dag.py:3239} INFO - Sync 1 DAGs
[2024-11-11T02:43:02.583+0000] {logging_mixin.py:190} INFO - [2024-11-11T02:43:02.583+0000] {dag.py:4180} INFO - Setting next_dagrun for tutorial_objectstorage to None, run_after=None
[2024-11-11T02:43:02.592+0000] {processor.py:208} INFO - Processing /home/airflow/.local/lib/python3.12/site-packages/airflow/example_dags/tutorial_objectstorage.py took 0.037 seconds
[2024-11-11T02:43:33.299+0000] {processor.py:186} INFO - Started process (PID=2416) to work on /home/airflow/.local/lib/python3.12/site-packages/airflow/example_dags/tutorial_objectstorage.py
[2024-11-11T02:43:33.300+0000] {processor.py:914} INFO - Processing file /home/airflow/.local/lib/python3.12/site-packages/airflow/example_dags/tutorial_objectstorage.py for tasks to queue
[2024-11-11T02:43:33.302+0000] {logging_mixin.py:190} INFO - [2024-11-11T02:43:33.302+0000] {dagbag.py:588} INFO - Filling up the DagBag from /home/airflow/.local/lib/python3.12/site-packages/airflow/example_dags/tutorial_objectstorage.py
[2024-11-11T02:43:33.311+0000] {processor.py:925} INFO - DAG(s) 'tutorial_objectstorage' retrieved from /home/airflow/.local/lib/python3.12/site-packages/airflow/example_dags/tutorial_objectstorage.py
[2024-11-11T02:43:33.327+0000] {logging_mixin.py:190} INFO - [2024-11-11T02:43:33.327+0000] {dag.py:3239} INFO - Sync 1 DAGs
[2024-11-11T02:43:33.336+0000] {logging_mixin.py:190} INFO - [2024-11-11T02:43:33.336+0000] {dag.py:4180} INFO - Setting next_dagrun for tutorial_objectstorage to None, run_after=None
[2024-11-11T02:43:33.348+0000] {processor.py:208} INFO - Processing /home/airflow/.local/lib/python3.12/site-packages/airflow/example_dags/tutorial_objectstorage.py took 0.053 seconds
[2024-11-11T02:44:04.082+0000] {processor.py:186} INFO - Started process (PID=2479) to work on /home/airflow/.local/lib/python3.12/site-packages/airflow/example_dags/tutorial_objectstorage.py
[2024-11-11T02:44:04.082+0000] {processor.py:914} INFO - Processing file /home/airflow/.local/lib/python3.12/site-packages/airflow/example_dags/tutorial_objectstorage.py for tasks to queue
[2024-11-11T02:44:04.084+0000] {logging_mixin.py:190} INFO - [2024-11-11T02:44:04.084+0000] {dagbag.py:588} INFO - Filling up the DagBag from /home/airflow/.local/lib/python3.12/site-packages/airflow/example_dags/tutorial_objectstorage.py
[2024-11-11T02:44:04.089+0000] {processor.py:925} INFO - DAG(s) 'tutorial_objectstorage' retrieved from /home/airflow/.local/lib/python3.12/site-packages/airflow/example_dags/tutorial_objectstorage.py
[2024-11-11T02:44:04.099+0000] {logging_mixin.py:190} INFO - [2024-11-11T02:44:04.099+0000] {dag.py:3239} INFO - Sync 1 DAGs
[2024-11-11T02:44:04.106+0000] {logging_mixin.py:190} INFO - [2024-11-11T02:44:04.106+0000] {dag.py:4180} INFO - Setting next_dagrun for tutorial_objectstorage to None, run_after=None
[2024-11-11T02:44:04.115+0000] {processor.py:208} INFO - Processing /home/airflow/.local/lib/python3.12/site-packages/airflow/example_dags/tutorial_objectstorage.py took 0.036 seconds
[2024-11-11T02:44:34.782+0000] {processor.py:186} INFO - Started process (PID=2542) to work on /home/airflow/.local/lib/python3.12/site-packages/airflow/example_dags/tutorial_objectstorage.py
[2024-11-11T02:44:34.782+0000] {processor.py:914} INFO - Processing file /home/airflow/.local/lib/python3.12/site-packages/airflow/example_dags/tutorial_objectstorage.py for tasks to queue
[2024-11-11T02:44:34.784+0000] {logging_mixin.py:190} INFO - [2024-11-11T02:44:34.783+0000] {dagbag.py:588} INFO - Filling up the DagBag from /home/airflow/.local/lib/python3.12/site-packages/airflow/example_dags/tutorial_objectstorage.py
[2024-11-11T02:44:34.789+0000] {processor.py:925} INFO - DAG(s) 'tutorial_objectstorage' retrieved from /home/airflow/.local/lib/python3.12/site-packages/airflow/example_dags/tutorial_objectstorage.py
[2024-11-11T02:44:34.799+0000] {logging_mixin.py:190} INFO - [2024-11-11T02:44:34.799+0000] {dag.py:3239} INFO - Sync 1 DAGs
[2024-11-11T02:44:34.806+0000] {logging_mixin.py:190} INFO - [2024-11-11T02:44:34.806+0000] {dag.py:4180} INFO - Setting next_dagrun for tutorial_objectstorage to None, run_after=None
[2024-11-11T02:44:34.815+0000] {processor.py:208} INFO - Processing /home/airflow/.local/lib/python3.12/site-packages/airflow/example_dags/tutorial_objectstorage.py took 0.036 seconds
[2024-11-11T02:45:05.335+0000] {processor.py:186} INFO - Started process (PID=2605) to work on /home/airflow/.local/lib/python3.12/site-packages/airflow/example_dags/tutorial_objectstorage.py
[2024-11-11T02:45:05.336+0000] {processor.py:914} INFO - Processing file /home/airflow/.local/lib/python3.12/site-packages/airflow/example_dags/tutorial_objectstorage.py for tasks to queue
[2024-11-11T02:45:05.337+0000] {logging_mixin.py:190} INFO - [2024-11-11T02:45:05.337+0000] {dagbag.py:588} INFO - Filling up the DagBag from /home/airflow/.local/lib/python3.12/site-packages/airflow/example_dags/tutorial_objectstorage.py
[2024-11-11T02:45:05.343+0000] {processor.py:925} INFO - DAG(s) 'tutorial_objectstorage' retrieved from /home/airflow/.local/lib/python3.12/site-packages/airflow/example_dags/tutorial_objectstorage.py
[2024-11-11T02:45:05.353+0000] {logging_mixin.py:190} INFO - [2024-11-11T02:45:05.353+0000] {dag.py:3239} INFO - Sync 1 DAGs
[2024-11-11T02:45:05.361+0000] {logging_mixin.py:190} INFO - [2024-11-11T02:45:05.361+0000] {dag.py:4180} INFO - Setting next_dagrun for tutorial_objectstorage to None, run_after=None
[2024-11-11T02:45:05.372+0000] {processor.py:208} INFO - Processing /home/airflow/.local/lib/python3.12/site-packages/airflow/example_dags/tutorial_objectstorage.py took 0.040 seconds
[2024-11-11T02:45:36.018+0000] {processor.py:186} INFO - Started process (PID=2668) to work on /home/airflow/.local/lib/python3.12/site-packages/airflow/example_dags/tutorial_objectstorage.py
[2024-11-11T02:45:36.018+0000] {processor.py:914} INFO - Processing file /home/airflow/.local/lib/python3.12/site-packages/airflow/example_dags/tutorial_objectstorage.py for tasks to queue
[2024-11-11T02:45:36.019+0000] {logging_mixin.py:190} INFO - [2024-11-11T02:45:36.019+0000] {dagbag.py:588} INFO - Filling up the DagBag from /home/airflow/.local/lib/python3.12/site-packages/airflow/example_dags/tutorial_objectstorage.py
[2024-11-11T02:45:36.025+0000] {processor.py:925} INFO - DAG(s) 'tutorial_objectstorage' retrieved from /home/airflow/.local/lib/python3.12/site-packages/airflow/example_dags/tutorial_objectstorage.py
[2024-11-11T02:45:36.035+0000] {logging_mixin.py:190} INFO - [2024-11-11T02:45:36.035+0000] {dag.py:3239} INFO - Sync 1 DAGs
[2024-11-11T02:45:36.042+0000] {logging_mixin.py:190} INFO - [2024-11-11T02:45:36.042+0000] {dag.py:4180} INFO - Setting next_dagrun for tutorial_objectstorage to None, run_after=None
[2024-11-11T02:45:36.051+0000] {processor.py:208} INFO - Processing /home/airflow/.local/lib/python3.12/site-packages/airflow/example_dags/tutorial_objectstorage.py took 0.036 seconds
[2024-11-11T02:46:06.649+0000] {processor.py:186} INFO - Started process (PID=2730) to work on /home/airflow/.local/lib/python3.12/site-packages/airflow/example_dags/tutorial_objectstorage.py
[2024-11-11T02:46:06.649+0000] {processor.py:914} INFO - Processing file /home/airflow/.local/lib/python3.12/site-packages/airflow/example_dags/tutorial_objectstorage.py for tasks to queue
[2024-11-11T02:46:06.651+0000] {logging_mixin.py:190} INFO - [2024-11-11T02:46:06.650+0000] {dagbag.py:588} INFO - Filling up the DagBag from /home/airflow/.local/lib/python3.12/site-packages/airflow/example_dags/tutorial_objectstorage.py
[2024-11-11T02:46:06.656+0000] {processor.py:925} INFO - DAG(s) 'tutorial_objectstorage' retrieved from /home/airflow/.local/lib/python3.12/site-packages/airflow/example_dags/tutorial_objectstorage.py
[2024-11-11T02:46:06.666+0000] {logging_mixin.py:190} INFO - [2024-11-11T02:46:06.666+0000] {dag.py:3239} INFO - Sync 1 DAGs
[2024-11-11T02:46:06.673+0000] {logging_mixin.py:190} INFO - [2024-11-11T02:46:06.673+0000] {dag.py:4180} INFO - Setting next_dagrun for tutorial_objectstorage to None, run_after=None
[2024-11-11T02:46:06.684+0000] {processor.py:208} INFO - Processing /home/airflow/.local/lib/python3.12/site-packages/airflow/example_dags/tutorial_objectstorage.py took 0.039 seconds
[2024-11-11T02:46:37.419+0000] {processor.py:186} INFO - Started process (PID=2793) to work on /home/airflow/.local/lib/python3.12/site-packages/airflow/example_dags/tutorial_objectstorage.py
[2024-11-11T02:46:37.420+0000] {processor.py:914} INFO - Processing file /home/airflow/.local/lib/python3.12/site-packages/airflow/example_dags/tutorial_objectstorage.py for tasks to queue
[2024-11-11T02:46:37.421+0000] {logging_mixin.py:190} INFO - [2024-11-11T02:46:37.421+0000] {dagbag.py:588} INFO - Filling up the DagBag from /home/airflow/.local/lib/python3.12/site-packages/airflow/example_dags/tutorial_objectstorage.py
[2024-11-11T02:46:37.427+0000] {processor.py:925} INFO - DAG(s) 'tutorial_objectstorage' retrieved from /home/airflow/.local/lib/python3.12/site-packages/airflow/example_dags/tutorial_objectstorage.py
[2024-11-11T02:46:37.437+0000] {logging_mixin.py:190} INFO - [2024-11-11T02:46:37.437+0000] {dag.py:3239} INFO - Sync 1 DAGs
[2024-11-11T02:46:37.444+0000] {logging_mixin.py:190} INFO - [2024-11-11T02:46:37.444+0000] {dag.py:4180} INFO - Setting next_dagrun for tutorial_objectstorage to None, run_after=None
[2024-11-11T02:46:37.452+0000] {processor.py:208} INFO - Processing /home/airflow/.local/lib/python3.12/site-packages/airflow/example_dags/tutorial_objectstorage.py took 0.037 seconds
[2024-11-11T02:47:07.990+0000] {processor.py:186} INFO - Started process (PID=2856) to work on /home/airflow/.local/lib/python3.12/site-packages/airflow/example_dags/tutorial_objectstorage.py
[2024-11-11T02:47:07.991+0000] {processor.py:914} INFO - Processing file /home/airflow/.local/lib/python3.12/site-packages/airflow/example_dags/tutorial_objectstorage.py for tasks to queue
[2024-11-11T02:47:07.992+0000] {logging_mixin.py:190} INFO - [2024-11-11T02:47:07.992+0000] {dagbag.py:588} INFO - Filling up the DagBag from /home/airflow/.local/lib/python3.12/site-packages/airflow/example_dags/tutorial_objectstorage.py
[2024-11-11T02:47:07.998+0000] {processor.py:925} INFO - DAG(s) 'tutorial_objectstorage' retrieved from /home/airflow/.local/lib/python3.12/site-packages/airflow/example_dags/tutorial_objectstorage.py
[2024-11-11T02:47:08.008+0000] {logging_mixin.py:190} INFO - [2024-11-11T02:47:08.008+0000] {dag.py:3239} INFO - Sync 1 DAGs
[2024-11-11T02:47:08.015+0000] {logging_mixin.py:190} INFO - [2024-11-11T02:47:08.015+0000] {dag.py:4180} INFO - Setting next_dagrun for tutorial_objectstorage to None, run_after=None
[2024-11-11T02:47:08.024+0000] {processor.py:208} INFO - Processing /home/airflow/.local/lib/python3.12/site-packages/airflow/example_dags/tutorial_objectstorage.py took 0.037 seconds
[2024-11-11T02:47:38.553+0000] {processor.py:186} INFO - Started process (PID=2919) to work on /home/airflow/.local/lib/python3.12/site-packages/airflow/example_dags/tutorial_objectstorage.py
[2024-11-11T02:47:38.553+0000] {processor.py:914} INFO - Processing file /home/airflow/.local/lib/python3.12/site-packages/airflow/example_dags/tutorial_objectstorage.py for tasks to queue
[2024-11-11T02:47:38.555+0000] {logging_mixin.py:190} INFO - [2024-11-11T02:47:38.555+0000] {dagbag.py:588} INFO - Filling up the DagBag from /home/airflow/.local/lib/python3.12/site-packages/airflow/example_dags/tutorial_objectstorage.py
[2024-11-11T02:47:38.560+0000] {processor.py:925} INFO - DAG(s) 'tutorial_objectstorage' retrieved from /home/airflow/.local/lib/python3.12/site-packages/airflow/example_dags/tutorial_objectstorage.py
[2024-11-11T02:47:38.570+0000] {logging_mixin.py:190} INFO - [2024-11-11T02:47:38.570+0000] {dag.py:3239} INFO - Sync 1 DAGs
[2024-11-11T02:47:38.578+0000] {logging_mixin.py:190} INFO - [2024-11-11T02:47:38.578+0000] {dag.py:4180} INFO - Setting next_dagrun for tutorial_objectstorage to None, run_after=None
[2024-11-11T02:47:38.587+0000] {processor.py:208} INFO - Processing /home/airflow/.local/lib/python3.12/site-packages/airflow/example_dags/tutorial_objectstorage.py took 0.037 seconds
[2024-11-11T02:48:09.166+0000] {processor.py:186} INFO - Started process (PID=2982) to work on /home/airflow/.local/lib/python3.12/site-packages/airflow/example_dags/tutorial_objectstorage.py
[2024-11-11T02:48:09.167+0000] {processor.py:914} INFO - Processing file /home/airflow/.local/lib/python3.12/site-packages/airflow/example_dags/tutorial_objectstorage.py for tasks to queue
[2024-11-11T02:48:09.168+0000] {logging_mixin.py:190} INFO - [2024-11-11T02:48:09.168+0000] {dagbag.py:588} INFO - Filling up the DagBag from /home/airflow/.local/lib/python3.12/site-packages/airflow/example_dags/tutorial_objectstorage.py
[2024-11-11T02:48:09.174+0000] {processor.py:925} INFO - DAG(s) 'tutorial_objectstorage' retrieved from /home/airflow/.local/lib/python3.12/site-packages/airflow/example_dags/tutorial_objectstorage.py
[2024-11-11T02:48:09.183+0000] {logging_mixin.py:190} INFO - [2024-11-11T02:48:09.183+0000] {dag.py:3239} INFO - Sync 1 DAGs
[2024-11-11T02:48:09.190+0000] {logging_mixin.py:190} INFO - [2024-11-11T02:48:09.190+0000] {dag.py:4180} INFO - Setting next_dagrun for tutorial_objectstorage to None, run_after=None
[2024-11-11T02:48:09.199+0000] {processor.py:208} INFO - Processing /home/airflow/.local/lib/python3.12/site-packages/airflow/example_dags/tutorial_objectstorage.py took 0.036 seconds
[2024-11-11T02:48:39.769+0000] {processor.py:186} INFO - Started process (PID=3045) to work on /home/airflow/.local/lib/python3.12/site-packages/airflow/example_dags/tutorial_objectstorage.py
[2024-11-11T02:48:39.770+0000] {processor.py:914} INFO - Processing file /home/airflow/.local/lib/python3.12/site-packages/airflow/example_dags/tutorial_objectstorage.py for tasks to queue
[2024-11-11T02:48:39.771+0000] {logging_mixin.py:190} INFO - [2024-11-11T02:48:39.771+0000] {dagbag.py:588} INFO - Filling up the DagBag from /home/airflow/.local/lib/python3.12/site-packages/airflow/example_dags/tutorial_objectstorage.py
[2024-11-11T02:48:39.777+0000] {processor.py:925} INFO - DAG(s) 'tutorial_objectstorage' retrieved from /home/airflow/.local/lib/python3.12/site-packages/airflow/example_dags/tutorial_objectstorage.py
[2024-11-11T02:48:39.787+0000] {logging_mixin.py:190} INFO - [2024-11-11T02:48:39.787+0000] {dag.py:3239} INFO - Sync 1 DAGs
[2024-11-11T02:48:39.794+0000] {logging_mixin.py:190} INFO - [2024-11-11T02:48:39.794+0000] {dag.py:4180} INFO - Setting next_dagrun for tutorial_objectstorage to None, run_after=None
[2024-11-11T02:48:39.803+0000] {processor.py:208} INFO - Processing /home/airflow/.local/lib/python3.12/site-packages/airflow/example_dags/tutorial_objectstorage.py took 0.038 seconds
[2024-11-11T02:49:10.329+0000] {processor.py:186} INFO - Started process (PID=3108) to work on /home/airflow/.local/lib/python3.12/site-packages/airflow/example_dags/tutorial_objectstorage.py
[2024-11-11T02:49:10.329+0000] {processor.py:914} INFO - Processing file /home/airflow/.local/lib/python3.12/site-packages/airflow/example_dags/tutorial_objectstorage.py for tasks to queue
[2024-11-11T02:49:10.331+0000] {logging_mixin.py:190} INFO - [2024-11-11T02:49:10.331+0000] {dagbag.py:588} INFO - Filling up the DagBag from /home/airflow/.local/lib/python3.12/site-packages/airflow/example_dags/tutorial_objectstorage.py
[2024-11-11T02:49:10.336+0000] {processor.py:925} INFO - DAG(s) 'tutorial_objectstorage' retrieved from /home/airflow/.local/lib/python3.12/site-packages/airflow/example_dags/tutorial_objectstorage.py
[2024-11-11T02:49:10.346+0000] {logging_mixin.py:190} INFO - [2024-11-11T02:49:10.346+0000] {dag.py:3239} INFO - Sync 1 DAGs
[2024-11-11T02:49:10.354+0000] {logging_mixin.py:190} INFO - [2024-11-11T02:49:10.353+0000] {dag.py:4180} INFO - Setting next_dagrun for tutorial_objectstorage to None, run_after=None
[2024-11-11T02:49:10.363+0000] {processor.py:208} INFO - Processing /home/airflow/.local/lib/python3.12/site-packages/airflow/example_dags/tutorial_objectstorage.py took 0.037 seconds
[2024-11-11T02:49:41.170+0000] {processor.py:186} INFO - Started process (PID=3171) to work on /home/airflow/.local/lib/python3.12/site-packages/airflow/example_dags/tutorial_objectstorage.py
[2024-11-11T02:49:41.170+0000] {processor.py:914} INFO - Processing file /home/airflow/.local/lib/python3.12/site-packages/airflow/example_dags/tutorial_objectstorage.py for tasks to queue
[2024-11-11T02:49:41.172+0000] {logging_mixin.py:190} INFO - [2024-11-11T02:49:41.172+0000] {dagbag.py:588} INFO - Filling up the DagBag from /home/airflow/.local/lib/python3.12/site-packages/airflow/example_dags/tutorial_objectstorage.py
[2024-11-11T02:49:41.177+0000] {processor.py:925} INFO - DAG(s) 'tutorial_objectstorage' retrieved from /home/airflow/.local/lib/python3.12/site-packages/airflow/example_dags/tutorial_objectstorage.py
[2024-11-11T02:49:41.187+0000] {logging_mixin.py:190} INFO - [2024-11-11T02:49:41.187+0000] {dag.py:3239} INFO - Sync 1 DAGs
[2024-11-11T02:49:41.194+0000] {logging_mixin.py:190} INFO - [2024-11-11T02:49:41.194+0000] {dag.py:4180} INFO - Setting next_dagrun for tutorial_objectstorage to None, run_after=None
[2024-11-11T02:49:41.204+0000] {processor.py:208} INFO - Processing /home/airflow/.local/lib/python3.12/site-packages/airflow/example_dags/tutorial_objectstorage.py took 0.038 seconds
[2024-11-11T02:50:12.077+0000] {processor.py:186} INFO - Started process (PID=3234) to work on /home/airflow/.local/lib/python3.12/site-packages/airflow/example_dags/tutorial_objectstorage.py
[2024-11-11T02:50:12.077+0000] {processor.py:914} INFO - Processing file /home/airflow/.local/lib/python3.12/site-packages/airflow/example_dags/tutorial_objectstorage.py for tasks to queue
[2024-11-11T02:50:12.079+0000] {logging_mixin.py:190} INFO - [2024-11-11T02:50:12.079+0000] {dagbag.py:588} INFO - Filling up the DagBag from /home/airflow/.local/lib/python3.12/site-packages/airflow/example_dags/tutorial_objectstorage.py
[2024-11-11T02:50:12.084+0000] {processor.py:925} INFO - DAG(s) 'tutorial_objectstorage' retrieved from /home/airflow/.local/lib/python3.12/site-packages/airflow/example_dags/tutorial_objectstorage.py
[2024-11-11T02:50:12.094+0000] {logging_mixin.py:190} INFO - [2024-11-11T02:50:12.094+0000] {dag.py:3239} INFO - Sync 1 DAGs
[2024-11-11T02:50:12.101+0000] {logging_mixin.py:190} INFO - [2024-11-11T02:50:12.101+0000] {dag.py:4180} INFO - Setting next_dagrun for tutorial_objectstorage to None, run_after=None
[2024-11-11T02:50:12.110+0000] {processor.py:208} INFO - Processing /home/airflow/.local/lib/python3.12/site-packages/airflow/example_dags/tutorial_objectstorage.py took 0.036 seconds
[2024-11-11T02:50:43.414+0000] {processor.py:186} INFO - Started process (PID=3297) to work on /home/airflow/.local/lib/python3.12/site-packages/airflow/example_dags/tutorial_objectstorage.py
[2024-11-11T02:50:43.414+0000] {processor.py:914} INFO - Processing file /home/airflow/.local/lib/python3.12/site-packages/airflow/example_dags/tutorial_objectstorage.py for tasks to queue
[2024-11-11T02:50:43.416+0000] {logging_mixin.py:190} INFO - [2024-11-11T02:50:43.416+0000] {dagbag.py:588} INFO - Filling up the DagBag from /home/airflow/.local/lib/python3.12/site-packages/airflow/example_dags/tutorial_objectstorage.py
[2024-11-11T02:50:43.421+0000] {processor.py:925} INFO - DAG(s) 'tutorial_objectstorage' retrieved from /home/airflow/.local/lib/python3.12/site-packages/airflow/example_dags/tutorial_objectstorage.py
[2024-11-11T02:50:43.431+0000] {logging_mixin.py:190} INFO - [2024-11-11T02:50:43.431+0000] {dag.py:3239} INFO - Sync 1 DAGs
[2024-11-11T02:50:43.438+0000] {logging_mixin.py:190} INFO - [2024-11-11T02:50:43.438+0000] {dag.py:4180} INFO - Setting next_dagrun for tutorial_objectstorage to None, run_after=None
[2024-11-11T02:50:43.447+0000] {processor.py:208} INFO - Processing /home/airflow/.local/lib/python3.12/site-packages/airflow/example_dags/tutorial_objectstorage.py took 0.036 seconds
[2024-11-11T02:51:13.531+0000] {processor.py:186} INFO - Started process (PID=3360) to work on /home/airflow/.local/lib/python3.12/site-packages/airflow/example_dags/tutorial_objectstorage.py
[2024-11-11T02:51:13.532+0000] {processor.py:914} INFO - Processing file /home/airflow/.local/lib/python3.12/site-packages/airflow/example_dags/tutorial_objectstorage.py for tasks to queue
[2024-11-11T02:51:13.533+0000] {logging_mixin.py:190} INFO - [2024-11-11T02:51:13.533+0000] {dagbag.py:588} INFO - Filling up the DagBag from /home/airflow/.local/lib/python3.12/site-packages/airflow/example_dags/tutorial_objectstorage.py
[2024-11-11T02:51:13.539+0000] {processor.py:925} INFO - DAG(s) 'tutorial_objectstorage' retrieved from /home/airflow/.local/lib/python3.12/site-packages/airflow/example_dags/tutorial_objectstorage.py
[2024-11-11T02:51:13.549+0000] {logging_mixin.py:190} INFO - [2024-11-11T02:51:13.549+0000] {dag.py:3239} INFO - Sync 1 DAGs
[2024-11-11T02:51:13.556+0000] {logging_mixin.py:190} INFO - [2024-11-11T02:51:13.556+0000] {dag.py:4180} INFO - Setting next_dagrun for tutorial_objectstorage to None, run_after=None
[2024-11-11T02:51:13.565+0000] {processor.py:208} INFO - Processing /home/airflow/.local/lib/python3.12/site-packages/airflow/example_dags/tutorial_objectstorage.py took 0.037 seconds
[2024-11-11T02:51:44.626+0000] {processor.py:186} INFO - Started process (PID=3423) to work on /home/airflow/.local/lib/python3.12/site-packages/airflow/example_dags/tutorial_objectstorage.py
[2024-11-11T02:51:44.627+0000] {processor.py:914} INFO - Processing file /home/airflow/.local/lib/python3.12/site-packages/airflow/example_dags/tutorial_objectstorage.py for tasks to queue
[2024-11-11T02:51:44.628+0000] {logging_mixin.py:190} INFO - [2024-11-11T02:51:44.628+0000] {dagbag.py:588} INFO - Filling up the DagBag from /home/airflow/.local/lib/python3.12/site-packages/airflow/example_dags/tutorial_objectstorage.py
[2024-11-11T02:51:44.634+0000] {processor.py:925} INFO - DAG(s) 'tutorial_objectstorage' retrieved from /home/airflow/.local/lib/python3.12/site-packages/airflow/example_dags/tutorial_objectstorage.py
[2024-11-11T02:51:44.645+0000] {logging_mixin.py:190} INFO - [2024-11-11T02:51:44.644+0000] {dag.py:3239} INFO - Sync 1 DAGs
[2024-11-11T02:51:44.652+0000] {logging_mixin.py:190} INFO - [2024-11-11T02:51:44.652+0000] {dag.py:4180} INFO - Setting next_dagrun for tutorial_objectstorage to None, run_after=None
[2024-11-11T02:51:44.660+0000] {processor.py:208} INFO - Processing /home/airflow/.local/lib/python3.12/site-packages/airflow/example_dags/tutorial_objectstorage.py took 0.037 seconds
[2024-11-11T02:52:17.141+0000] {processor.py:186} INFO - Started process (PID=3486) to work on /home/airflow/.local/lib/python3.12/site-packages/airflow/example_dags/tutorial_objectstorage.py
[2024-11-11T02:52:17.141+0000] {processor.py:914} INFO - Processing file /home/airflow/.local/lib/python3.12/site-packages/airflow/example_dags/tutorial_objectstorage.py for tasks to queue
[2024-11-11T02:52:17.143+0000] {logging_mixin.py:190} INFO - [2024-11-11T02:52:17.143+0000] {dagbag.py:588} INFO - Filling up the DagBag from /home/airflow/.local/lib/python3.12/site-packages/airflow/example_dags/tutorial_objectstorage.py
[2024-11-11T02:52:17.149+0000] {processor.py:925} INFO - DAG(s) 'tutorial_objectstorage' retrieved from /home/airflow/.local/lib/python3.12/site-packages/airflow/example_dags/tutorial_objectstorage.py
[2024-11-11T02:52:17.159+0000] {logging_mixin.py:190} INFO - [2024-11-11T02:52:17.159+0000] {dag.py:3239} INFO - Sync 1 DAGs
[2024-11-11T02:52:17.272+0000] {logging_mixin.py:190} INFO - [2024-11-11T02:52:17.272+0000] {dag.py:4180} INFO - Setting next_dagrun for tutorial_objectstorage to None, run_after=None
[2024-11-11T02:52:17.280+0000] {processor.py:208} INFO - Processing /home/airflow/.local/lib/python3.12/site-packages/airflow/example_dags/tutorial_objectstorage.py took 0.142 seconds
[2024-11-11T02:52:47.348+0000] {processor.py:186} INFO - Started process (PID=3549) to work on /home/airflow/.local/lib/python3.12/site-packages/airflow/example_dags/tutorial_objectstorage.py
[2024-11-11T02:52:47.349+0000] {processor.py:914} INFO - Processing file /home/airflow/.local/lib/python3.12/site-packages/airflow/example_dags/tutorial_objectstorage.py for tasks to queue
[2024-11-11T02:52:47.350+0000] {logging_mixin.py:190} INFO - [2024-11-11T02:52:47.350+0000] {dagbag.py:588} INFO - Filling up the DagBag from /home/airflow/.local/lib/python3.12/site-packages/airflow/example_dags/tutorial_objectstorage.py
[2024-11-11T02:52:47.355+0000] {processor.py:925} INFO - DAG(s) 'tutorial_objectstorage' retrieved from /home/airflow/.local/lib/python3.12/site-packages/airflow/example_dags/tutorial_objectstorage.py
[2024-11-11T02:52:47.365+0000] {logging_mixin.py:190} INFO - [2024-11-11T02:52:47.364+0000] {dag.py:3239} INFO - Sync 1 DAGs
[2024-11-11T02:52:47.371+0000] {logging_mixin.py:190} INFO - [2024-11-11T02:52:47.371+0000] {dag.py:4180} INFO - Setting next_dagrun for tutorial_objectstorage to None, run_after=None
[2024-11-11T02:52:47.470+0000] {processor.py:208} INFO - Processing /home/airflow/.local/lib/python3.12/site-packages/airflow/example_dags/tutorial_objectstorage.py took 0.126 seconds
[2024-11-11T02:53:18.293+0000] {processor.py:186} INFO - Started process (PID=3612) to work on /home/airflow/.local/lib/python3.12/site-packages/airflow/example_dags/tutorial_objectstorage.py
[2024-11-11T02:53:18.293+0000] {processor.py:914} INFO - Processing file /home/airflow/.local/lib/python3.12/site-packages/airflow/example_dags/tutorial_objectstorage.py for tasks to queue
[2024-11-11T02:53:18.295+0000] {logging_mixin.py:190} INFO - [2024-11-11T02:53:18.295+0000] {dagbag.py:588} INFO - Filling up the DagBag from /home/airflow/.local/lib/python3.12/site-packages/airflow/example_dags/tutorial_objectstorage.py
[2024-11-11T02:53:18.301+0000] {processor.py:925} INFO - DAG(s) 'tutorial_objectstorage' retrieved from /home/airflow/.local/lib/python3.12/site-packages/airflow/example_dags/tutorial_objectstorage.py
[2024-11-11T02:53:18.312+0000] {logging_mixin.py:190} INFO - [2024-11-11T02:53:18.312+0000] {dag.py:3239} INFO - Sync 1 DAGs
[2024-11-11T02:53:18.319+0000] {logging_mixin.py:190} INFO - [2024-11-11T02:53:18.319+0000] {dag.py:4180} INFO - Setting next_dagrun for tutorial_objectstorage to None, run_after=None
[2024-11-11T02:53:18.329+0000] {processor.py:208} INFO - Processing /home/airflow/.local/lib/python3.12/site-packages/airflow/example_dags/tutorial_objectstorage.py took 0.040 seconds
[2024-11-11T02:53:48.647+0000] {processor.py:186} INFO - Started process (PID=3675) to work on /home/airflow/.local/lib/python3.12/site-packages/airflow/example_dags/tutorial_objectstorage.py
[2024-11-11T02:53:48.648+0000] {processor.py:914} INFO - Processing file /home/airflow/.local/lib/python3.12/site-packages/airflow/example_dags/tutorial_objectstorage.py for tasks to queue
[2024-11-11T02:53:48.649+0000] {logging_mixin.py:190} INFO - [2024-11-11T02:53:48.649+0000] {dagbag.py:588} INFO - Filling up the DagBag from /home/airflow/.local/lib/python3.12/site-packages/airflow/example_dags/tutorial_objectstorage.py
[2024-11-11T02:53:48.655+0000] {processor.py:925} INFO - DAG(s) 'tutorial_objectstorage' retrieved from /home/airflow/.local/lib/python3.12/site-packages/airflow/example_dags/tutorial_objectstorage.py
[2024-11-11T02:53:48.665+0000] {logging_mixin.py:190} INFO - [2024-11-11T02:53:48.664+0000] {dag.py:3239} INFO - Sync 1 DAGs
[2024-11-11T02:53:48.671+0000] {logging_mixin.py:190} INFO - [2024-11-11T02:53:48.671+0000] {dag.py:4180} INFO - Setting next_dagrun for tutorial_objectstorage to None, run_after=None
[2024-11-11T02:53:48.679+0000] {processor.py:208} INFO - Processing /home/airflow/.local/lib/python3.12/site-packages/airflow/example_dags/tutorial_objectstorage.py took 0.036 seconds
[2024-11-11T02:54:19.128+0000] {processor.py:186} INFO - Started process (PID=3738) to work on /home/airflow/.local/lib/python3.12/site-packages/airflow/example_dags/tutorial_objectstorage.py
[2024-11-11T02:54:19.128+0000] {processor.py:914} INFO - Processing file /home/airflow/.local/lib/python3.12/site-packages/airflow/example_dags/tutorial_objectstorage.py for tasks to queue
[2024-11-11T02:54:19.129+0000] {logging_mixin.py:190} INFO - [2024-11-11T02:54:19.129+0000] {dagbag.py:588} INFO - Filling up the DagBag from /home/airflow/.local/lib/python3.12/site-packages/airflow/example_dags/tutorial_objectstorage.py
[2024-11-11T02:54:19.135+0000] {processor.py:925} INFO - DAG(s) 'tutorial_objectstorage' retrieved from /home/airflow/.local/lib/python3.12/site-packages/airflow/example_dags/tutorial_objectstorage.py
[2024-11-11T02:54:19.145+0000] {logging_mixin.py:190} INFO - [2024-11-11T02:54:19.145+0000] {dag.py:3239} INFO - Sync 1 DAGs
[2024-11-11T02:54:19.151+0000] {logging_mixin.py:190} INFO - [2024-11-11T02:54:19.151+0000] {dag.py:4180} INFO - Setting next_dagrun for tutorial_objectstorage to None, run_after=None
[2024-11-11T02:54:19.159+0000] {processor.py:208} INFO - Processing /home/airflow/.local/lib/python3.12/site-packages/airflow/example_dags/tutorial_objectstorage.py took 0.035 seconds
[2024-11-11T02:54:49.680+0000] {processor.py:186} INFO - Started process (PID=3801) to work on /home/airflow/.local/lib/python3.12/site-packages/airflow/example_dags/tutorial_objectstorage.py
[2024-11-11T02:54:49.681+0000] {processor.py:914} INFO - Processing file /home/airflow/.local/lib/python3.12/site-packages/airflow/example_dags/tutorial_objectstorage.py for tasks to queue
[2024-11-11T02:54:49.682+0000] {logging_mixin.py:190} INFO - [2024-11-11T02:54:49.682+0000] {dagbag.py:588} INFO - Filling up the DagBag from /home/airflow/.local/lib/python3.12/site-packages/airflow/example_dags/tutorial_objectstorage.py
[2024-11-11T02:54:49.689+0000] {processor.py:925} INFO - DAG(s) 'tutorial_objectstorage' retrieved from /home/airflow/.local/lib/python3.12/site-packages/airflow/example_dags/tutorial_objectstorage.py
[2024-11-11T02:54:49.702+0000] {logging_mixin.py:190} INFO - [2024-11-11T02:54:49.702+0000] {dag.py:3239} INFO - Sync 1 DAGs
[2024-11-11T02:54:49.709+0000] {logging_mixin.py:190} INFO - [2024-11-11T02:54:49.709+0000] {dag.py:4180} INFO - Setting next_dagrun for tutorial_objectstorage to None, run_after=None
[2024-11-11T02:54:49.718+0000] {processor.py:208} INFO - Processing /home/airflow/.local/lib/python3.12/site-packages/airflow/example_dags/tutorial_objectstorage.py took 0.042 seconds
[2024-11-11T02:55:20.104+0000] {processor.py:186} INFO - Started process (PID=3864) to work on /home/airflow/.local/lib/python3.12/site-packages/airflow/example_dags/tutorial_objectstorage.py
[2024-11-11T02:55:20.105+0000] {processor.py:914} INFO - Processing file /home/airflow/.local/lib/python3.12/site-packages/airflow/example_dags/tutorial_objectstorage.py for tasks to queue
[2024-11-11T02:55:20.107+0000] {logging_mixin.py:190} INFO - [2024-11-11T02:55:20.106+0000] {dagbag.py:588} INFO - Filling up the DagBag from /home/airflow/.local/lib/python3.12/site-packages/airflow/example_dags/tutorial_objectstorage.py
[2024-11-11T02:55:20.112+0000] {processor.py:925} INFO - DAG(s) 'tutorial_objectstorage' retrieved from /home/airflow/.local/lib/python3.12/site-packages/airflow/example_dags/tutorial_objectstorage.py
[2024-11-11T02:55:20.122+0000] {logging_mixin.py:190} INFO - [2024-11-11T02:55:20.122+0000] {dag.py:3239} INFO - Sync 1 DAGs
[2024-11-11T02:55:20.129+0000] {logging_mixin.py:190} INFO - [2024-11-11T02:55:20.129+0000] {dag.py:4180} INFO - Setting next_dagrun for tutorial_objectstorage to None, run_after=None
[2024-11-11T02:55:20.137+0000] {processor.py:208} INFO - Processing /home/airflow/.local/lib/python3.12/site-packages/airflow/example_dags/tutorial_objectstorage.py took 0.036 seconds
[2024-11-11T02:55:50.585+0000] {processor.py:186} INFO - Started process (PID=3927) to work on /home/airflow/.local/lib/python3.12/site-packages/airflow/example_dags/tutorial_objectstorage.py
[2024-11-11T02:55:50.585+0000] {processor.py:914} INFO - Processing file /home/airflow/.local/lib/python3.12/site-packages/airflow/example_dags/tutorial_objectstorage.py for tasks to queue
[2024-11-11T02:55:50.587+0000] {logging_mixin.py:190} INFO - [2024-11-11T02:55:50.587+0000] {dagbag.py:588} INFO - Filling up the DagBag from /home/airflow/.local/lib/python3.12/site-packages/airflow/example_dags/tutorial_objectstorage.py
[2024-11-11T02:55:50.592+0000] {processor.py:925} INFO - DAG(s) 'tutorial_objectstorage' retrieved from /home/airflow/.local/lib/python3.12/site-packages/airflow/example_dags/tutorial_objectstorage.py
[2024-11-11T02:55:50.602+0000] {logging_mixin.py:190} INFO - [2024-11-11T02:55:50.602+0000] {dag.py:3239} INFO - Sync 1 DAGs
[2024-11-11T02:55:50.609+0000] {logging_mixin.py:190} INFO - [2024-11-11T02:55:50.609+0000] {dag.py:4180} INFO - Setting next_dagrun for tutorial_objectstorage to None, run_after=None
[2024-11-11T02:55:50.617+0000] {processor.py:208} INFO - Processing /home/airflow/.local/lib/python3.12/site-packages/airflow/example_dags/tutorial_objectstorage.py took 0.036 seconds
[2024-11-11T02:56:21.164+0000] {processor.py:186} INFO - Started process (PID=3990) to work on /home/airflow/.local/lib/python3.12/site-packages/airflow/example_dags/tutorial_objectstorage.py
[2024-11-11T02:56:21.165+0000] {processor.py:914} INFO - Processing file /home/airflow/.local/lib/python3.12/site-packages/airflow/example_dags/tutorial_objectstorage.py for tasks to queue
[2024-11-11T02:56:21.167+0000] {logging_mixin.py:190} INFO - [2024-11-11T02:56:21.166+0000] {dagbag.py:588} INFO - Filling up the DagBag from /home/airflow/.local/lib/python3.12/site-packages/airflow/example_dags/tutorial_objectstorage.py
[2024-11-11T02:56:21.172+0000] {processor.py:925} INFO - DAG(s) 'tutorial_objectstorage' retrieved from /home/airflow/.local/lib/python3.12/site-packages/airflow/example_dags/tutorial_objectstorage.py
[2024-11-11T02:56:21.182+0000] {logging_mixin.py:190} INFO - [2024-11-11T02:56:21.182+0000] {dag.py:3239} INFO - Sync 1 DAGs
[2024-11-11T02:56:21.189+0000] {logging_mixin.py:190} INFO - [2024-11-11T02:56:21.189+0000] {dag.py:4180} INFO - Setting next_dagrun for tutorial_objectstorage to None, run_after=None
[2024-11-11T02:56:21.197+0000] {processor.py:208} INFO - Processing /home/airflow/.local/lib/python3.12/site-packages/airflow/example_dags/tutorial_objectstorage.py took 0.036 seconds
[2024-11-11T02:56:51.695+0000] {processor.py:186} INFO - Started process (PID=4053) to work on /home/airflow/.local/lib/python3.12/site-packages/airflow/example_dags/tutorial_objectstorage.py
[2024-11-11T02:56:51.696+0000] {processor.py:914} INFO - Processing file /home/airflow/.local/lib/python3.12/site-packages/airflow/example_dags/tutorial_objectstorage.py for tasks to queue
[2024-11-11T02:56:51.697+0000] {logging_mixin.py:190} INFO - [2024-11-11T02:56:51.697+0000] {dagbag.py:588} INFO - Filling up the DagBag from /home/airflow/.local/lib/python3.12/site-packages/airflow/example_dags/tutorial_objectstorage.py
[2024-11-11T02:56:51.703+0000] {processor.py:925} INFO - DAG(s) 'tutorial_objectstorage' retrieved from /home/airflow/.local/lib/python3.12/site-packages/airflow/example_dags/tutorial_objectstorage.py
[2024-11-11T02:56:51.713+0000] {logging_mixin.py:190} INFO - [2024-11-11T02:56:51.713+0000] {dag.py:3239} INFO - Sync 1 DAGs
[2024-11-11T02:56:51.720+0000] {logging_mixin.py:190} INFO - [2024-11-11T02:56:51.719+0000] {dag.py:4180} INFO - Setting next_dagrun for tutorial_objectstorage to None, run_after=None
[2024-11-11T02:56:51.728+0000] {processor.py:208} INFO - Processing /home/airflow/.local/lib/python3.12/site-packages/airflow/example_dags/tutorial_objectstorage.py took 0.036 seconds
[2024-11-11T02:57:22.223+0000] {processor.py:186} INFO - Started process (PID=4116) to work on /home/airflow/.local/lib/python3.12/site-packages/airflow/example_dags/tutorial_objectstorage.py
[2024-11-11T02:57:22.224+0000] {processor.py:914} INFO - Processing file /home/airflow/.local/lib/python3.12/site-packages/airflow/example_dags/tutorial_objectstorage.py for tasks to queue
[2024-11-11T02:57:22.225+0000] {logging_mixin.py:190} INFO - [2024-11-11T02:57:22.225+0000] {dagbag.py:588} INFO - Filling up the DagBag from /home/airflow/.local/lib/python3.12/site-packages/airflow/example_dags/tutorial_objectstorage.py
[2024-11-11T02:57:22.231+0000] {processor.py:925} INFO - DAG(s) 'tutorial_objectstorage' retrieved from /home/airflow/.local/lib/python3.12/site-packages/airflow/example_dags/tutorial_objectstorage.py
[2024-11-11T02:57:22.241+0000] {logging_mixin.py:190} INFO - [2024-11-11T02:57:22.241+0000] {dag.py:3239} INFO - Sync 1 DAGs
[2024-11-11T02:57:22.248+0000] {logging_mixin.py:190} INFO - [2024-11-11T02:57:22.248+0000] {dag.py:4180} INFO - Setting next_dagrun for tutorial_objectstorage to None, run_after=None
[2024-11-11T02:57:22.257+0000] {processor.py:208} INFO - Processing /home/airflow/.local/lib/python3.12/site-packages/airflow/example_dags/tutorial_objectstorage.py took 0.037 seconds
[2024-11-11T02:57:52.677+0000] {processor.py:186} INFO - Started process (PID=4179) to work on /home/airflow/.local/lib/python3.12/site-packages/airflow/example_dags/tutorial_objectstorage.py
[2024-11-11T02:57:52.678+0000] {processor.py:914} INFO - Processing file /home/airflow/.local/lib/python3.12/site-packages/airflow/example_dags/tutorial_objectstorage.py for tasks to queue
[2024-11-11T02:57:52.679+0000] {logging_mixin.py:190} INFO - [2024-11-11T02:57:52.679+0000] {dagbag.py:588} INFO - Filling up the DagBag from /home/airflow/.local/lib/python3.12/site-packages/airflow/example_dags/tutorial_objectstorage.py
[2024-11-11T02:57:52.685+0000] {processor.py:925} INFO - DAG(s) 'tutorial_objectstorage' retrieved from /home/airflow/.local/lib/python3.12/site-packages/airflow/example_dags/tutorial_objectstorage.py
[2024-11-11T02:57:52.694+0000] {logging_mixin.py:190} INFO - [2024-11-11T02:57:52.694+0000] {dag.py:3239} INFO - Sync 1 DAGs
[2024-11-11T02:57:52.700+0000] {logging_mixin.py:190} INFO - [2024-11-11T02:57:52.700+0000] {dag.py:4180} INFO - Setting next_dagrun for tutorial_objectstorage to None, run_after=None
[2024-11-11T02:57:52.708+0000] {processor.py:208} INFO - Processing /home/airflow/.local/lib/python3.12/site-packages/airflow/example_dags/tutorial_objectstorage.py took 0.033 seconds
[2024-11-11T02:58:23.145+0000] {processor.py:186} INFO - Started process (PID=4242) to work on /home/airflow/.local/lib/python3.12/site-packages/airflow/example_dags/tutorial_objectstorage.py
[2024-11-11T02:58:23.146+0000] {processor.py:914} INFO - Processing file /home/airflow/.local/lib/python3.12/site-packages/airflow/example_dags/tutorial_objectstorage.py for tasks to queue
[2024-11-11T02:58:23.147+0000] {logging_mixin.py:190} INFO - [2024-11-11T02:58:23.147+0000] {dagbag.py:588} INFO - Filling up the DagBag from /home/airflow/.local/lib/python3.12/site-packages/airflow/example_dags/tutorial_objectstorage.py
[2024-11-11T02:58:23.153+0000] {processor.py:925} INFO - DAG(s) 'tutorial_objectstorage' retrieved from /home/airflow/.local/lib/python3.12/site-packages/airflow/example_dags/tutorial_objectstorage.py
[2024-11-11T02:58:23.163+0000] {logging_mixin.py:190} INFO - [2024-11-11T02:58:23.163+0000] {dag.py:3239} INFO - Sync 1 DAGs
[2024-11-11T02:58:23.170+0000] {logging_mixin.py:190} INFO - [2024-11-11T02:58:23.170+0000] {dag.py:4180} INFO - Setting next_dagrun for tutorial_objectstorage to None, run_after=None
[2024-11-11T02:58:23.178+0000] {processor.py:208} INFO - Processing /home/airflow/.local/lib/python3.12/site-packages/airflow/example_dags/tutorial_objectstorage.py took 0.036 seconds
[2024-11-11T02:58:53.550+0000] {processor.py:186} INFO - Started process (PID=4305) to work on /home/airflow/.local/lib/python3.12/site-packages/airflow/example_dags/tutorial_objectstorage.py
[2024-11-11T02:58:53.550+0000] {processor.py:914} INFO - Processing file /home/airflow/.local/lib/python3.12/site-packages/airflow/example_dags/tutorial_objectstorage.py for tasks to queue
[2024-11-11T02:58:53.552+0000] {logging_mixin.py:190} INFO - [2024-11-11T02:58:53.551+0000] {dagbag.py:588} INFO - Filling up the DagBag from /home/airflow/.local/lib/python3.12/site-packages/airflow/example_dags/tutorial_objectstorage.py
[2024-11-11T02:58:53.557+0000] {processor.py:925} INFO - DAG(s) 'tutorial_objectstorage' retrieved from /home/airflow/.local/lib/python3.12/site-packages/airflow/example_dags/tutorial_objectstorage.py
[2024-11-11T02:58:53.568+0000] {logging_mixin.py:190} INFO - [2024-11-11T02:58:53.568+0000] {dag.py:3239} INFO - Sync 1 DAGs
[2024-11-11T02:58:53.576+0000] {logging_mixin.py:190} INFO - [2024-11-11T02:58:53.576+0000] {dag.py:4180} INFO - Setting next_dagrun for tutorial_objectstorage to None, run_after=None
[2024-11-11T02:58:53.586+0000] {processor.py:208} INFO - Processing /home/airflow/.local/lib/python3.12/site-packages/airflow/example_dags/tutorial_objectstorage.py took 0.040 seconds
[2024-11-11T02:59:24.054+0000] {processor.py:186} INFO - Started process (PID=4368) to work on /home/airflow/.local/lib/python3.12/site-packages/airflow/example_dags/tutorial_objectstorage.py
[2024-11-11T02:59:24.055+0000] {processor.py:914} INFO - Processing file /home/airflow/.local/lib/python3.12/site-packages/airflow/example_dags/tutorial_objectstorage.py for tasks to queue
[2024-11-11T02:59:24.057+0000] {logging_mixin.py:190} INFO - [2024-11-11T02:59:24.057+0000] {dagbag.py:588} INFO - Filling up the DagBag from /home/airflow/.local/lib/python3.12/site-packages/airflow/example_dags/tutorial_objectstorage.py
[2024-11-11T02:59:24.063+0000] {processor.py:925} INFO - DAG(s) 'tutorial_objectstorage' retrieved from /home/airflow/.local/lib/python3.12/site-packages/airflow/example_dags/tutorial_objectstorage.py
[2024-11-11T02:59:24.073+0000] {logging_mixin.py:190} INFO - [2024-11-11T02:59:24.073+0000] {dag.py:3239} INFO - Sync 1 DAGs
[2024-11-11T02:59:24.081+0000] {logging_mixin.py:190} INFO - [2024-11-11T02:59:24.081+0000] {dag.py:4180} INFO - Setting next_dagrun for tutorial_objectstorage to None, run_after=None
[2024-11-11T02:59:24.090+0000] {processor.py:208} INFO - Processing /home/airflow/.local/lib/python3.12/site-packages/airflow/example_dags/tutorial_objectstorage.py took 0.039 seconds
[2024-11-11T02:59:54.569+0000] {processor.py:186} INFO - Started process (PID=4431) to work on /home/airflow/.local/lib/python3.12/site-packages/airflow/example_dags/tutorial_objectstorage.py
[2024-11-11T02:59:54.570+0000] {processor.py:914} INFO - Processing file /home/airflow/.local/lib/python3.12/site-packages/airflow/example_dags/tutorial_objectstorage.py for tasks to queue
[2024-11-11T02:59:54.571+0000] {logging_mixin.py:190} INFO - [2024-11-11T02:59:54.571+0000] {dagbag.py:588} INFO - Filling up the DagBag from /home/airflow/.local/lib/python3.12/site-packages/airflow/example_dags/tutorial_objectstorage.py
[2024-11-11T02:59:54.577+0000] {processor.py:925} INFO - DAG(s) 'tutorial_objectstorage' retrieved from /home/airflow/.local/lib/python3.12/site-packages/airflow/example_dags/tutorial_objectstorage.py
[2024-11-11T02:59:54.587+0000] {logging_mixin.py:190} INFO - [2024-11-11T02:59:54.586+0000] {dag.py:3239} INFO - Sync 1 DAGs
[2024-11-11T02:59:54.593+0000] {logging_mixin.py:190} INFO - [2024-11-11T02:59:54.593+0000] {dag.py:4180} INFO - Setting next_dagrun for tutorial_objectstorage to None, run_after=None
[2024-11-11T02:59:54.602+0000] {processor.py:208} INFO - Processing /home/airflow/.local/lib/python3.12/site-packages/airflow/example_dags/tutorial_objectstorage.py took 0.036 seconds
[2024-11-11T03:00:25.081+0000] {processor.py:186} INFO - Started process (PID=4494) to work on /home/airflow/.local/lib/python3.12/site-packages/airflow/example_dags/tutorial_objectstorage.py
[2024-11-11T03:00:25.082+0000] {processor.py:914} INFO - Processing file /home/airflow/.local/lib/python3.12/site-packages/airflow/example_dags/tutorial_objectstorage.py for tasks to queue
[2024-11-11T03:00:25.083+0000] {logging_mixin.py:190} INFO - [2024-11-11T03:00:25.083+0000] {dagbag.py:588} INFO - Filling up the DagBag from /home/airflow/.local/lib/python3.12/site-packages/airflow/example_dags/tutorial_objectstorage.py
[2024-11-11T03:00:25.089+0000] {processor.py:925} INFO - DAG(s) 'tutorial_objectstorage' retrieved from /home/airflow/.local/lib/python3.12/site-packages/airflow/example_dags/tutorial_objectstorage.py
[2024-11-11T03:00:25.099+0000] {logging_mixin.py:190} INFO - [2024-11-11T03:00:25.099+0000] {dag.py:3239} INFO - Sync 1 DAGs
[2024-11-11T03:00:25.105+0000] {logging_mixin.py:190} INFO - [2024-11-11T03:00:25.105+0000] {dag.py:4180} INFO - Setting next_dagrun for tutorial_objectstorage to None, run_after=None
[2024-11-11T03:00:25.114+0000] {processor.py:208} INFO - Processing /home/airflow/.local/lib/python3.12/site-packages/airflow/example_dags/tutorial_objectstorage.py took 0.036 seconds
[2024-11-11T03:00:55.560+0000] {processor.py:186} INFO - Started process (PID=4557) to work on /home/airflow/.local/lib/python3.12/site-packages/airflow/example_dags/tutorial_objectstorage.py
[2024-11-11T03:00:55.561+0000] {processor.py:914} INFO - Processing file /home/airflow/.local/lib/python3.12/site-packages/airflow/example_dags/tutorial_objectstorage.py for tasks to queue
[2024-11-11T03:00:55.562+0000] {logging_mixin.py:190} INFO - [2024-11-11T03:00:55.562+0000] {dagbag.py:588} INFO - Filling up the DagBag from /home/airflow/.local/lib/python3.12/site-packages/airflow/example_dags/tutorial_objectstorage.py
[2024-11-11T03:00:55.568+0000] {processor.py:925} INFO - DAG(s) 'tutorial_objectstorage' retrieved from /home/airflow/.local/lib/python3.12/site-packages/airflow/example_dags/tutorial_objectstorage.py
[2024-11-11T03:00:55.578+0000] {logging_mixin.py:190} INFO - [2024-11-11T03:00:55.578+0000] {dag.py:3239} INFO - Sync 1 DAGs
[2024-11-11T03:00:55.585+0000] {logging_mixin.py:190} INFO - [2024-11-11T03:00:55.585+0000] {dag.py:4180} INFO - Setting next_dagrun for tutorial_objectstorage to None, run_after=None
[2024-11-11T03:00:55.593+0000] {processor.py:208} INFO - Processing /home/airflow/.local/lib/python3.12/site-packages/airflow/example_dags/tutorial_objectstorage.py took 0.036 seconds
[2024-11-11T03:01:26.023+0000] {processor.py:186} INFO - Started process (PID=4620) to work on /home/airflow/.local/lib/python3.12/site-packages/airflow/example_dags/tutorial_objectstorage.py
[2024-11-11T03:01:26.023+0000] {processor.py:914} INFO - Processing file /home/airflow/.local/lib/python3.12/site-packages/airflow/example_dags/tutorial_objectstorage.py for tasks to queue
[2024-11-11T03:01:26.025+0000] {logging_mixin.py:190} INFO - [2024-11-11T03:01:26.024+0000] {dagbag.py:588} INFO - Filling up the DagBag from /home/airflow/.local/lib/python3.12/site-packages/airflow/example_dags/tutorial_objectstorage.py
[2024-11-11T03:01:26.030+0000] {processor.py:925} INFO - DAG(s) 'tutorial_objectstorage' retrieved from /home/airflow/.local/lib/python3.12/site-packages/airflow/example_dags/tutorial_objectstorage.py
[2024-11-11T03:01:26.040+0000] {logging_mixin.py:190} INFO - [2024-11-11T03:01:26.039+0000] {dag.py:3239} INFO - Sync 1 DAGs
[2024-11-11T03:01:26.046+0000] {logging_mixin.py:190} INFO - [2024-11-11T03:01:26.046+0000] {dag.py:4180} INFO - Setting next_dagrun for tutorial_objectstorage to None, run_after=None
[2024-11-11T03:01:26.054+0000] {processor.py:208} INFO - Processing /home/airflow/.local/lib/python3.12/site-packages/airflow/example_dags/tutorial_objectstorage.py took 0.034 seconds
[2024-11-11T03:01:56.762+0000] {processor.py:186} INFO - Started process (PID=4689) to work on /home/airflow/.local/lib/python3.12/site-packages/airflow/example_dags/tutorial_objectstorage.py
[2024-11-11T03:01:56.762+0000] {processor.py:914} INFO - Processing file /home/airflow/.local/lib/python3.12/site-packages/airflow/example_dags/tutorial_objectstorage.py for tasks to queue
[2024-11-11T03:01:56.764+0000] {logging_mixin.py:190} INFO - [2024-11-11T03:01:56.763+0000] {dagbag.py:588} INFO - Filling up the DagBag from /home/airflow/.local/lib/python3.12/site-packages/airflow/example_dags/tutorial_objectstorage.py
[2024-11-11T03:01:56.769+0000] {processor.py:925} INFO - DAG(s) 'tutorial_objectstorage' retrieved from /home/airflow/.local/lib/python3.12/site-packages/airflow/example_dags/tutorial_objectstorage.py
[2024-11-11T03:01:56.779+0000] {logging_mixin.py:190} INFO - [2024-11-11T03:01:56.779+0000] {dag.py:3239} INFO - Sync 1 DAGs
[2024-11-11T03:01:56.786+0000] {logging_mixin.py:190} INFO - [2024-11-11T03:01:56.786+0000] {dag.py:4180} INFO - Setting next_dagrun for tutorial_objectstorage to None, run_after=None
[2024-11-11T03:01:56.794+0000] {processor.py:208} INFO - Processing /home/airflow/.local/lib/python3.12/site-packages/airflow/example_dags/tutorial_objectstorage.py took 0.036 seconds
[2024-11-11T03:03:16.395+0000] {processor.py:186} INFO - Started process (PID=4746) to work on /home/airflow/.local/lib/python3.12/site-packages/airflow/example_dags/tutorial_objectstorage.py
[2024-11-11T03:03:16.396+0000] {processor.py:914} INFO - Processing file /home/airflow/.local/lib/python3.12/site-packages/airflow/example_dags/tutorial_objectstorage.py for tasks to queue
[2024-11-11T03:03:16.397+0000] {logging_mixin.py:190} INFO - [2024-11-11T03:03:16.397+0000] {dagbag.py:588} INFO - Filling up the DagBag from /home/airflow/.local/lib/python3.12/site-packages/airflow/example_dags/tutorial_objectstorage.py
[2024-11-11T03:03:16.403+0000] {processor.py:925} INFO - DAG(s) 'tutorial_objectstorage' retrieved from /home/airflow/.local/lib/python3.12/site-packages/airflow/example_dags/tutorial_objectstorage.py
[2024-11-11T03:03:16.413+0000] {logging_mixin.py:190} INFO - [2024-11-11T03:03:16.413+0000] {dag.py:3239} INFO - Sync 1 DAGs
[2024-11-11T03:03:16.420+0000] {logging_mixin.py:190} INFO - [2024-11-11T03:03:16.420+0000] {dag.py:4180} INFO - Setting next_dagrun for tutorial_objectstorage to None, run_after=None
[2024-11-11T03:03:16.449+0000] {processor.py:208} INFO - Processing /home/airflow/.local/lib/python3.12/site-packages/airflow/example_dags/tutorial_objectstorage.py took 0.058 seconds
[2024-11-11T03:03:46.779+0000] {processor.py:186} INFO - Started process (PID=4809) to work on /home/airflow/.local/lib/python3.12/site-packages/airflow/example_dags/tutorial_objectstorage.py
[2024-11-11T03:03:46.779+0000] {processor.py:914} INFO - Processing file /home/airflow/.local/lib/python3.12/site-packages/airflow/example_dags/tutorial_objectstorage.py for tasks to queue
[2024-11-11T03:03:46.781+0000] {logging_mixin.py:190} INFO - [2024-11-11T03:03:46.780+0000] {dagbag.py:588} INFO - Filling up the DagBag from /home/airflow/.local/lib/python3.12/site-packages/airflow/example_dags/tutorial_objectstorage.py
[2024-11-11T03:03:46.786+0000] {processor.py:925} INFO - DAG(s) 'tutorial_objectstorage' retrieved from /home/airflow/.local/lib/python3.12/site-packages/airflow/example_dags/tutorial_objectstorage.py
[2024-11-11T03:03:46.796+0000] {logging_mixin.py:190} INFO - [2024-11-11T03:03:46.796+0000] {dag.py:3239} INFO - Sync 1 DAGs
[2024-11-11T03:03:46.803+0000] {logging_mixin.py:190} INFO - [2024-11-11T03:03:46.803+0000] {dag.py:4180} INFO - Setting next_dagrun for tutorial_objectstorage to None, run_after=None
[2024-11-11T03:03:46.812+0000] {processor.py:208} INFO - Processing /home/airflow/.local/lib/python3.12/site-packages/airflow/example_dags/tutorial_objectstorage.py took 0.037 seconds
[2024-11-11T03:04:17.310+0000] {processor.py:186} INFO - Started process (PID=4872) to work on /home/airflow/.local/lib/python3.12/site-packages/airflow/example_dags/tutorial_objectstorage.py
[2024-11-11T03:04:17.311+0000] {processor.py:914} INFO - Processing file /home/airflow/.local/lib/python3.12/site-packages/airflow/example_dags/tutorial_objectstorage.py for tasks to queue
[2024-11-11T03:04:17.312+0000] {logging_mixin.py:190} INFO - [2024-11-11T03:04:17.312+0000] {dagbag.py:588} INFO - Filling up the DagBag from /home/airflow/.local/lib/python3.12/site-packages/airflow/example_dags/tutorial_objectstorage.py
[2024-11-11T03:04:17.318+0000] {processor.py:925} INFO - DAG(s) 'tutorial_objectstorage' retrieved from /home/airflow/.local/lib/python3.12/site-packages/airflow/example_dags/tutorial_objectstorage.py
[2024-11-11T03:04:17.329+0000] {logging_mixin.py:190} INFO - [2024-11-11T03:04:17.329+0000] {dag.py:3239} INFO - Sync 1 DAGs
[2024-11-11T03:04:17.337+0000] {logging_mixin.py:190} INFO - [2024-11-11T03:04:17.337+0000] {dag.py:4180} INFO - Setting next_dagrun for tutorial_objectstorage to None, run_after=None
[2024-11-11T03:04:17.346+0000] {processor.py:208} INFO - Processing /home/airflow/.local/lib/python3.12/site-packages/airflow/example_dags/tutorial_objectstorage.py took 0.040 seconds
[2024-11-11T03:04:47.848+0000] {processor.py:186} INFO - Started process (PID=4935) to work on /home/airflow/.local/lib/python3.12/site-packages/airflow/example_dags/tutorial_objectstorage.py
[2024-11-11T03:04:47.848+0000] {processor.py:914} INFO - Processing file /home/airflow/.local/lib/python3.12/site-packages/airflow/example_dags/tutorial_objectstorage.py for tasks to queue
[2024-11-11T03:04:47.850+0000] {logging_mixin.py:190} INFO - [2024-11-11T03:04:47.850+0000] {dagbag.py:588} INFO - Filling up the DagBag from /home/airflow/.local/lib/python3.12/site-packages/airflow/example_dags/tutorial_objectstorage.py
[2024-11-11T03:04:47.856+0000] {processor.py:925} INFO - DAG(s) 'tutorial_objectstorage' retrieved from /home/airflow/.local/lib/python3.12/site-packages/airflow/example_dags/tutorial_objectstorage.py
[2024-11-11T03:04:47.866+0000] {logging_mixin.py:190} INFO - [2024-11-11T03:04:47.865+0000] {dag.py:3239} INFO - Sync 1 DAGs
[2024-11-11T03:04:47.873+0000] {logging_mixin.py:190} INFO - [2024-11-11T03:04:47.872+0000] {dag.py:4180} INFO - Setting next_dagrun for tutorial_objectstorage to None, run_after=None
[2024-11-11T03:04:47.881+0000] {processor.py:208} INFO - Processing /home/airflow/.local/lib/python3.12/site-packages/airflow/example_dags/tutorial_objectstorage.py took 0.037 seconds
[2024-11-11T03:05:18.242+0000] {processor.py:186} INFO - Started process (PID=4998) to work on /home/airflow/.local/lib/python3.12/site-packages/airflow/example_dags/tutorial_objectstorage.py
[2024-11-11T03:05:18.242+0000] {processor.py:914} INFO - Processing file /home/airflow/.local/lib/python3.12/site-packages/airflow/example_dags/tutorial_objectstorage.py for tasks to queue
[2024-11-11T03:05:18.244+0000] {logging_mixin.py:190} INFO - [2024-11-11T03:05:18.244+0000] {dagbag.py:588} INFO - Filling up the DagBag from /home/airflow/.local/lib/python3.12/site-packages/airflow/example_dags/tutorial_objectstorage.py
[2024-11-11T03:05:18.249+0000] {processor.py:925} INFO - DAG(s) 'tutorial_objectstorage' retrieved from /home/airflow/.local/lib/python3.12/site-packages/airflow/example_dags/tutorial_objectstorage.py
[2024-11-11T03:05:18.259+0000] {logging_mixin.py:190} INFO - [2024-11-11T03:05:18.259+0000] {dag.py:3239} INFO - Sync 1 DAGs
[2024-11-11T03:05:18.267+0000] {logging_mixin.py:190} INFO - [2024-11-11T03:05:18.267+0000] {dag.py:4180} INFO - Setting next_dagrun for tutorial_objectstorage to None, run_after=None
[2024-11-11T03:05:18.275+0000] {processor.py:208} INFO - Processing /home/airflow/.local/lib/python3.12/site-packages/airflow/example_dags/tutorial_objectstorage.py took 0.037 seconds
[2024-11-11T03:05:48.575+0000] {processor.py:186} INFO - Started process (PID=5061) to work on /home/airflow/.local/lib/python3.12/site-packages/airflow/example_dags/tutorial_objectstorage.py
[2024-11-11T03:05:48.575+0000] {processor.py:914} INFO - Processing file /home/airflow/.local/lib/python3.12/site-packages/airflow/example_dags/tutorial_objectstorage.py for tasks to queue
[2024-11-11T03:05:48.577+0000] {logging_mixin.py:190} INFO - [2024-11-11T03:05:48.577+0000] {dagbag.py:588} INFO - Filling up the DagBag from /home/airflow/.local/lib/python3.12/site-packages/airflow/example_dags/tutorial_objectstorage.py
[2024-11-11T03:05:48.582+0000] {processor.py:925} INFO - DAG(s) 'tutorial_objectstorage' retrieved from /home/airflow/.local/lib/python3.12/site-packages/airflow/example_dags/tutorial_objectstorage.py
[2024-11-11T03:05:48.593+0000] {logging_mixin.py:190} INFO - [2024-11-11T03:05:48.593+0000] {dag.py:3239} INFO - Sync 1 DAGs
[2024-11-11T03:05:48.600+0000] {logging_mixin.py:190} INFO - [2024-11-11T03:05:48.600+0000] {dag.py:4180} INFO - Setting next_dagrun for tutorial_objectstorage to None, run_after=None
[2024-11-11T03:05:48.609+0000] {processor.py:208} INFO - Processing /home/airflow/.local/lib/python3.12/site-packages/airflow/example_dags/tutorial_objectstorage.py took 0.037 seconds
[2024-11-11T03:06:18.902+0000] {processor.py:186} INFO - Started process (PID=5124) to work on /home/airflow/.local/lib/python3.12/site-packages/airflow/example_dags/tutorial_objectstorage.py
[2024-11-11T03:06:18.903+0000] {processor.py:914} INFO - Processing file /home/airflow/.local/lib/python3.12/site-packages/airflow/example_dags/tutorial_objectstorage.py for tasks to queue
[2024-11-11T03:06:18.904+0000] {logging_mixin.py:190} INFO - [2024-11-11T03:06:18.904+0000] {dagbag.py:588} INFO - Filling up the DagBag from /home/airflow/.local/lib/python3.12/site-packages/airflow/example_dags/tutorial_objectstorage.py
[2024-11-11T03:06:18.909+0000] {processor.py:925} INFO - DAG(s) 'tutorial_objectstorage' retrieved from /home/airflow/.local/lib/python3.12/site-packages/airflow/example_dags/tutorial_objectstorage.py
[2024-11-11T03:06:18.919+0000] {logging_mixin.py:190} INFO - [2024-11-11T03:06:18.919+0000] {dag.py:3239} INFO - Sync 1 DAGs
[2024-11-11T03:06:18.926+0000] {logging_mixin.py:190} INFO - [2024-11-11T03:06:18.926+0000] {dag.py:4180} INFO - Setting next_dagrun for tutorial_objectstorage to None, run_after=None
[2024-11-11T03:06:18.935+0000] {processor.py:208} INFO - Processing /home/airflow/.local/lib/python3.12/site-packages/airflow/example_dags/tutorial_objectstorage.py took 0.037 seconds
[2024-11-11T03:06:49.404+0000] {processor.py:186} INFO - Started process (PID=5187) to work on /home/airflow/.local/lib/python3.12/site-packages/airflow/example_dags/tutorial_objectstorage.py
[2024-11-11T03:06:49.404+0000] {processor.py:914} INFO - Processing file /home/airflow/.local/lib/python3.12/site-packages/airflow/example_dags/tutorial_objectstorage.py for tasks to queue
[2024-11-11T03:06:49.405+0000] {logging_mixin.py:190} INFO - [2024-11-11T03:06:49.405+0000] {dagbag.py:588} INFO - Filling up the DagBag from /home/airflow/.local/lib/python3.12/site-packages/airflow/example_dags/tutorial_objectstorage.py
[2024-11-11T03:06:49.411+0000] {processor.py:925} INFO - DAG(s) 'tutorial_objectstorage' retrieved from /home/airflow/.local/lib/python3.12/site-packages/airflow/example_dags/tutorial_objectstorage.py
[2024-11-11T03:06:49.421+0000] {logging_mixin.py:190} INFO - [2024-11-11T03:06:49.421+0000] {dag.py:3239} INFO - Sync 1 DAGs
[2024-11-11T03:06:49.427+0000] {logging_mixin.py:190} INFO - [2024-11-11T03:06:49.427+0000] {dag.py:4180} INFO - Setting next_dagrun for tutorial_objectstorage to None, run_after=None
[2024-11-11T03:06:49.436+0000] {processor.py:208} INFO - Processing /home/airflow/.local/lib/python3.12/site-packages/airflow/example_dags/tutorial_objectstorage.py took 0.035 seconds
[2024-11-11T03:07:19.921+0000] {processor.py:186} INFO - Started process (PID=5251) to work on /home/airflow/.local/lib/python3.12/site-packages/airflow/example_dags/tutorial_objectstorage.py
[2024-11-11T03:07:19.922+0000] {processor.py:914} INFO - Processing file /home/airflow/.local/lib/python3.12/site-packages/airflow/example_dags/tutorial_objectstorage.py for tasks to queue
[2024-11-11T03:07:19.924+0000] {logging_mixin.py:190} INFO - [2024-11-11T03:07:19.924+0000] {dagbag.py:588} INFO - Filling up the DagBag from /home/airflow/.local/lib/python3.12/site-packages/airflow/example_dags/tutorial_objectstorage.py
[2024-11-11T03:07:19.930+0000] {processor.py:925} INFO - DAG(s) 'tutorial_objectstorage' retrieved from /home/airflow/.local/lib/python3.12/site-packages/airflow/example_dags/tutorial_objectstorage.py
[2024-11-11T03:07:19.940+0000] {logging_mixin.py:190} INFO - [2024-11-11T03:07:19.940+0000] {dag.py:3239} INFO - Sync 1 DAGs
[2024-11-11T03:07:19.947+0000] {logging_mixin.py:190} INFO - [2024-11-11T03:07:19.947+0000] {dag.py:4180} INFO - Setting next_dagrun for tutorial_objectstorage to None, run_after=None
[2024-11-11T03:07:19.956+0000] {processor.py:208} INFO - Processing /home/airflow/.local/lib/python3.12/site-packages/airflow/example_dags/tutorial_objectstorage.py took 0.038 seconds
[2024-11-11T03:07:50.747+0000] {processor.py:186} INFO - Started process (PID=5314) to work on /home/airflow/.local/lib/python3.12/site-packages/airflow/example_dags/tutorial_objectstorage.py
[2024-11-11T03:07:50.748+0000] {processor.py:914} INFO - Processing file /home/airflow/.local/lib/python3.12/site-packages/airflow/example_dags/tutorial_objectstorage.py for tasks to queue
[2024-11-11T03:07:50.749+0000] {logging_mixin.py:190} INFO - [2024-11-11T03:07:50.749+0000] {dagbag.py:588} INFO - Filling up the DagBag from /home/airflow/.local/lib/python3.12/site-packages/airflow/example_dags/tutorial_objectstorage.py
[2024-11-11T03:07:50.755+0000] {processor.py:925} INFO - DAG(s) 'tutorial_objectstorage' retrieved from /home/airflow/.local/lib/python3.12/site-packages/airflow/example_dags/tutorial_objectstorage.py
[2024-11-11T03:07:50.765+0000] {logging_mixin.py:190} INFO - [2024-11-11T03:07:50.765+0000] {dag.py:3239} INFO - Sync 1 DAGs
[2024-11-11T03:07:50.772+0000] {logging_mixin.py:190} INFO - [2024-11-11T03:07:50.772+0000] {dag.py:4180} INFO - Setting next_dagrun for tutorial_objectstorage to None, run_after=None
[2024-11-11T03:07:50.780+0000] {processor.py:208} INFO - Processing /home/airflow/.local/lib/python3.12/site-packages/airflow/example_dags/tutorial_objectstorage.py took 0.036 seconds
[2024-11-11T03:08:21.262+0000] {processor.py:186} INFO - Started process (PID=5377) to work on /home/airflow/.local/lib/python3.12/site-packages/airflow/example_dags/tutorial_objectstorage.py
[2024-11-11T03:08:21.263+0000] {processor.py:914} INFO - Processing file /home/airflow/.local/lib/python3.12/site-packages/airflow/example_dags/tutorial_objectstorage.py for tasks to queue
[2024-11-11T03:08:21.265+0000] {logging_mixin.py:190} INFO - [2024-11-11T03:08:21.264+0000] {dagbag.py:588} INFO - Filling up the DagBag from /home/airflow/.local/lib/python3.12/site-packages/airflow/example_dags/tutorial_objectstorage.py
[2024-11-11T03:08:21.270+0000] {processor.py:925} INFO - DAG(s) 'tutorial_objectstorage' retrieved from /home/airflow/.local/lib/python3.12/site-packages/airflow/example_dags/tutorial_objectstorage.py
[2024-11-11T03:08:21.281+0000] {logging_mixin.py:190} INFO - [2024-11-11T03:08:21.281+0000] {dag.py:3239} INFO - Sync 1 DAGs
[2024-11-11T03:08:21.289+0000] {logging_mixin.py:190} INFO - [2024-11-11T03:08:21.289+0000] {dag.py:4180} INFO - Setting next_dagrun for tutorial_objectstorage to None, run_after=None
[2024-11-11T03:08:21.297+0000] {processor.py:208} INFO - Processing /home/airflow/.local/lib/python3.12/site-packages/airflow/example_dags/tutorial_objectstorage.py took 0.038 seconds
[2024-11-11T03:08:51.785+0000] {processor.py:186} INFO - Started process (PID=5440) to work on /home/airflow/.local/lib/python3.12/site-packages/airflow/example_dags/tutorial_objectstorage.py
[2024-11-11T03:08:51.786+0000] {processor.py:914} INFO - Processing file /home/airflow/.local/lib/python3.12/site-packages/airflow/example_dags/tutorial_objectstorage.py for tasks to queue
[2024-11-11T03:08:51.787+0000] {logging_mixin.py:190} INFO - [2024-11-11T03:08:51.787+0000] {dagbag.py:588} INFO - Filling up the DagBag from /home/airflow/.local/lib/python3.12/site-packages/airflow/example_dags/tutorial_objectstorage.py
[2024-11-11T03:08:51.793+0000] {processor.py:925} INFO - DAG(s) 'tutorial_objectstorage' retrieved from /home/airflow/.local/lib/python3.12/site-packages/airflow/example_dags/tutorial_objectstorage.py
[2024-11-11T03:08:51.803+0000] {logging_mixin.py:190} INFO - [2024-11-11T03:08:51.803+0000] {dag.py:3239} INFO - Sync 1 DAGs
[2024-11-11T03:08:51.810+0000] {logging_mixin.py:190} INFO - [2024-11-11T03:08:51.810+0000] {dag.py:4180} INFO - Setting next_dagrun for tutorial_objectstorage to None, run_after=None
[2024-11-11T03:08:51.819+0000] {processor.py:208} INFO - Processing /home/airflow/.local/lib/python3.12/site-packages/airflow/example_dags/tutorial_objectstorage.py took 0.037 seconds
[2024-11-11T03:09:22.257+0000] {processor.py:186} INFO - Started process (PID=5503) to work on /home/airflow/.local/lib/python3.12/site-packages/airflow/example_dags/tutorial_objectstorage.py
[2024-11-11T03:09:22.258+0000] {processor.py:914} INFO - Processing file /home/airflow/.local/lib/python3.12/site-packages/airflow/example_dags/tutorial_objectstorage.py for tasks to queue
[2024-11-11T03:09:22.260+0000] {logging_mixin.py:190} INFO - [2024-11-11T03:09:22.259+0000] {dagbag.py:588} INFO - Filling up the DagBag from /home/airflow/.local/lib/python3.12/site-packages/airflow/example_dags/tutorial_objectstorage.py
[2024-11-11T03:09:22.265+0000] {processor.py:925} INFO - DAG(s) 'tutorial_objectstorage' retrieved from /home/airflow/.local/lib/python3.12/site-packages/airflow/example_dags/tutorial_objectstorage.py
[2024-11-11T03:09:22.275+0000] {logging_mixin.py:190} INFO - [2024-11-11T03:09:22.275+0000] {dag.py:3239} INFO - Sync 1 DAGs
[2024-11-11T03:09:22.283+0000] {logging_mixin.py:190} INFO - [2024-11-11T03:09:22.282+0000] {dag.py:4180} INFO - Setting next_dagrun for tutorial_objectstorage to None, run_after=None
[2024-11-11T03:09:22.292+0000] {processor.py:208} INFO - Processing /home/airflow/.local/lib/python3.12/site-packages/airflow/example_dags/tutorial_objectstorage.py took 0.037 seconds
[2024-11-11T03:09:52.977+0000] {processor.py:186} INFO - Started process (PID=5566) to work on /home/airflow/.local/lib/python3.12/site-packages/airflow/example_dags/tutorial_objectstorage.py
[2024-11-11T03:09:52.978+0000] {processor.py:914} INFO - Processing file /home/airflow/.local/lib/python3.12/site-packages/airflow/example_dags/tutorial_objectstorage.py for tasks to queue
[2024-11-11T03:09:52.979+0000] {logging_mixin.py:190} INFO - [2024-11-11T03:09:52.979+0000] {dagbag.py:588} INFO - Filling up the DagBag from /home/airflow/.local/lib/python3.12/site-packages/airflow/example_dags/tutorial_objectstorage.py
[2024-11-11T03:09:52.985+0000] {processor.py:925} INFO - DAG(s) 'tutorial_objectstorage' retrieved from /home/airflow/.local/lib/python3.12/site-packages/airflow/example_dags/tutorial_objectstorage.py
[2024-11-11T03:09:52.995+0000] {logging_mixin.py:190} INFO - [2024-11-11T03:09:52.995+0000] {dag.py:3239} INFO - Sync 1 DAGs
[2024-11-11T03:09:53.003+0000] {logging_mixin.py:190} INFO - [2024-11-11T03:09:53.003+0000] {dag.py:4180} INFO - Setting next_dagrun for tutorial_objectstorage to None, run_after=None
[2024-11-11T03:09:53.011+0000] {processor.py:208} INFO - Processing /home/airflow/.local/lib/python3.12/site-packages/airflow/example_dags/tutorial_objectstorage.py took 0.037 seconds
[2024-11-11T03:10:23.636+0000] {processor.py:186} INFO - Started process (PID=5629) to work on /home/airflow/.local/lib/python3.12/site-packages/airflow/example_dags/tutorial_objectstorage.py
[2024-11-11T03:10:23.636+0000] {processor.py:914} INFO - Processing file /home/airflow/.local/lib/python3.12/site-packages/airflow/example_dags/tutorial_objectstorage.py for tasks to queue
[2024-11-11T03:10:23.638+0000] {logging_mixin.py:190} INFO - [2024-11-11T03:10:23.638+0000] {dagbag.py:588} INFO - Filling up the DagBag from /home/airflow/.local/lib/python3.12/site-packages/airflow/example_dags/tutorial_objectstorage.py
[2024-11-11T03:10:23.643+0000] {processor.py:925} INFO - DAG(s) 'tutorial_objectstorage' retrieved from /home/airflow/.local/lib/python3.12/site-packages/airflow/example_dags/tutorial_objectstorage.py
[2024-11-11T03:10:23.653+0000] {logging_mixin.py:190} INFO - [2024-11-11T03:10:23.653+0000] {dag.py:3239} INFO - Sync 1 DAGs
[2024-11-11T03:10:23.661+0000] {logging_mixin.py:190} INFO - [2024-11-11T03:10:23.660+0000] {dag.py:4180} INFO - Setting next_dagrun for tutorial_objectstorage to None, run_after=None
[2024-11-11T03:10:23.670+0000] {processor.py:208} INFO - Processing /home/airflow/.local/lib/python3.12/site-packages/airflow/example_dags/tutorial_objectstorage.py took 0.038 seconds
[2024-11-11T03:10:54.645+0000] {processor.py:186} INFO - Started process (PID=5692) to work on /home/airflow/.local/lib/python3.12/site-packages/airflow/example_dags/tutorial_objectstorage.py
[2024-11-11T03:10:54.646+0000] {processor.py:914} INFO - Processing file /home/airflow/.local/lib/python3.12/site-packages/airflow/example_dags/tutorial_objectstorage.py for tasks to queue
[2024-11-11T03:10:54.647+0000] {logging_mixin.py:190} INFO - [2024-11-11T03:10:54.647+0000] {dagbag.py:588} INFO - Filling up the DagBag from /home/airflow/.local/lib/python3.12/site-packages/airflow/example_dags/tutorial_objectstorage.py
[2024-11-11T03:10:54.653+0000] {processor.py:925} INFO - DAG(s) 'tutorial_objectstorage' retrieved from /home/airflow/.local/lib/python3.12/site-packages/airflow/example_dags/tutorial_objectstorage.py
[2024-11-11T03:10:54.663+0000] {logging_mixin.py:190} INFO - [2024-11-11T03:10:54.663+0000] {dag.py:3239} INFO - Sync 1 DAGs
[2024-11-11T03:10:54.671+0000] {logging_mixin.py:190} INFO - [2024-11-11T03:10:54.671+0000] {dag.py:4180} INFO - Setting next_dagrun for tutorial_objectstorage to None, run_after=None
[2024-11-11T03:10:54.679+0000] {processor.py:208} INFO - Processing /home/airflow/.local/lib/python3.12/site-packages/airflow/example_dags/tutorial_objectstorage.py took 0.037 seconds
[2024-11-11T03:22:06.233+0000] {processor.py:186} INFO - Started process (PID=5755) to work on /home/airflow/.local/lib/python3.12/site-packages/airflow/example_dags/tutorial_objectstorage.py
[2024-11-11T03:22:06.234+0000] {processor.py:914} INFO - Processing file /home/airflow/.local/lib/python3.12/site-packages/airflow/example_dags/tutorial_objectstorage.py for tasks to queue
[2024-11-11T03:22:06.235+0000] {logging_mixin.py:190} INFO - [2024-11-11T03:22:06.235+0000] {dagbag.py:588} INFO - Filling up the DagBag from /home/airflow/.local/lib/python3.12/site-packages/airflow/example_dags/tutorial_objectstorage.py
[2024-11-11T03:22:06.240+0000] {processor.py:925} INFO - DAG(s) 'tutorial_objectstorage' retrieved from /home/airflow/.local/lib/python3.12/site-packages/airflow/example_dags/tutorial_objectstorage.py
[2024-11-11T03:22:06.250+0000] {logging_mixin.py:190} INFO - [2024-11-11T03:22:06.250+0000] {dag.py:3239} INFO - Sync 1 DAGs
[2024-11-11T03:22:06.256+0000] {logging_mixin.py:190} INFO - [2024-11-11T03:22:06.256+0000] {dag.py:4180} INFO - Setting next_dagrun for tutorial_objectstorage to None, run_after=None
[2024-11-11T03:22:06.264+0000] {processor.py:208} INFO - Processing /home/airflow/.local/lib/python3.12/site-packages/airflow/example_dags/tutorial_objectstorage.py took 0.034 seconds
[2024-11-11T03:22:37.134+0000] {processor.py:186} INFO - Started process (PID=5818) to work on /home/airflow/.local/lib/python3.12/site-packages/airflow/example_dags/tutorial_objectstorage.py
[2024-11-11T03:22:37.134+0000] {processor.py:914} INFO - Processing file /home/airflow/.local/lib/python3.12/site-packages/airflow/example_dags/tutorial_objectstorage.py for tasks to queue
[2024-11-11T03:22:37.136+0000] {logging_mixin.py:190} INFO - [2024-11-11T03:22:37.136+0000] {dagbag.py:588} INFO - Filling up the DagBag from /home/airflow/.local/lib/python3.12/site-packages/airflow/example_dags/tutorial_objectstorage.py
[2024-11-11T03:22:37.142+0000] {processor.py:925} INFO - DAG(s) 'tutorial_objectstorage' retrieved from /home/airflow/.local/lib/python3.12/site-packages/airflow/example_dags/tutorial_objectstorage.py
[2024-11-11T03:22:37.155+0000] {logging_mixin.py:190} INFO - [2024-11-11T03:22:37.155+0000] {dag.py:3239} INFO - Sync 1 DAGs
[2024-11-11T03:22:37.164+0000] {logging_mixin.py:190} INFO - [2024-11-11T03:22:37.164+0000] {dag.py:4180} INFO - Setting next_dagrun for tutorial_objectstorage to None, run_after=None
[2024-11-11T03:22:37.176+0000] {processor.py:208} INFO - Processing /home/airflow/.local/lib/python3.12/site-packages/airflow/example_dags/tutorial_objectstorage.py took 0.047 seconds
[2024-11-11T03:23:08.307+0000] {processor.py:186} INFO - Started process (PID=5881) to work on /home/airflow/.local/lib/python3.12/site-packages/airflow/example_dags/tutorial_objectstorage.py
[2024-11-11T03:23:08.308+0000] {processor.py:914} INFO - Processing file /home/airflow/.local/lib/python3.12/site-packages/airflow/example_dags/tutorial_objectstorage.py for tasks to queue
[2024-11-11T03:23:08.309+0000] {logging_mixin.py:190} INFO - [2024-11-11T03:23:08.309+0000] {dagbag.py:588} INFO - Filling up the DagBag from /home/airflow/.local/lib/python3.12/site-packages/airflow/example_dags/tutorial_objectstorage.py
[2024-11-11T03:23:08.315+0000] {processor.py:925} INFO - DAG(s) 'tutorial_objectstorage' retrieved from /home/airflow/.local/lib/python3.12/site-packages/airflow/example_dags/tutorial_objectstorage.py
[2024-11-11T03:23:08.327+0000] {logging_mixin.py:190} INFO - [2024-11-11T03:23:08.326+0000] {dag.py:3239} INFO - Sync 1 DAGs
[2024-11-11T03:23:08.334+0000] {logging_mixin.py:190} INFO - [2024-11-11T03:23:08.334+0000] {dag.py:4180} INFO - Setting next_dagrun for tutorial_objectstorage to None, run_after=None
[2024-11-11T03:23:08.342+0000] {processor.py:208} INFO - Processing /home/airflow/.local/lib/python3.12/site-packages/airflow/example_dags/tutorial_objectstorage.py took 0.039 seconds
[2024-11-11T03:23:39.066+0000] {processor.py:186} INFO - Started process (PID=5944) to work on /home/airflow/.local/lib/python3.12/site-packages/airflow/example_dags/tutorial_objectstorage.py
[2024-11-11T03:23:39.066+0000] {processor.py:914} INFO - Processing file /home/airflow/.local/lib/python3.12/site-packages/airflow/example_dags/tutorial_objectstorage.py for tasks to queue
[2024-11-11T03:23:39.068+0000] {logging_mixin.py:190} INFO - [2024-11-11T03:23:39.067+0000] {dagbag.py:588} INFO - Filling up the DagBag from /home/airflow/.local/lib/python3.12/site-packages/airflow/example_dags/tutorial_objectstorage.py
[2024-11-11T03:23:39.073+0000] {processor.py:925} INFO - DAG(s) 'tutorial_objectstorage' retrieved from /home/airflow/.local/lib/python3.12/site-packages/airflow/example_dags/tutorial_objectstorage.py
[2024-11-11T03:23:39.083+0000] {logging_mixin.py:190} INFO - [2024-11-11T03:23:39.083+0000] {dag.py:3239} INFO - Sync 1 DAGs
[2024-11-11T03:23:39.091+0000] {logging_mixin.py:190} INFO - [2024-11-11T03:23:39.091+0000] {dag.py:4180} INFO - Setting next_dagrun for tutorial_objectstorage to None, run_after=None
[2024-11-11T03:23:39.099+0000] {processor.py:208} INFO - Processing /home/airflow/.local/lib/python3.12/site-packages/airflow/example_dags/tutorial_objectstorage.py took 0.037 seconds
[2024-11-11T03:24:10.028+0000] {processor.py:186} INFO - Started process (PID=6007) to work on /home/airflow/.local/lib/python3.12/site-packages/airflow/example_dags/tutorial_objectstorage.py
[2024-11-11T03:24:10.029+0000] {processor.py:914} INFO - Processing file /home/airflow/.local/lib/python3.12/site-packages/airflow/example_dags/tutorial_objectstorage.py for tasks to queue
[2024-11-11T03:24:10.030+0000] {logging_mixin.py:190} INFO - [2024-11-11T03:24:10.030+0000] {dagbag.py:588} INFO - Filling up the DagBag from /home/airflow/.local/lib/python3.12/site-packages/airflow/example_dags/tutorial_objectstorage.py
[2024-11-11T03:24:10.036+0000] {processor.py:925} INFO - DAG(s) 'tutorial_objectstorage' retrieved from /home/airflow/.local/lib/python3.12/site-packages/airflow/example_dags/tutorial_objectstorage.py
[2024-11-11T03:24:10.048+0000] {logging_mixin.py:190} INFO - [2024-11-11T03:24:10.048+0000] {dag.py:3239} INFO - Sync 1 DAGs
[2024-11-11T03:24:10.057+0000] {logging_mixin.py:190} INFO - [2024-11-11T03:24:10.057+0000] {dag.py:4180} INFO - Setting next_dagrun for tutorial_objectstorage to None, run_after=None
[2024-11-11T03:24:10.066+0000] {processor.py:208} INFO - Processing /home/airflow/.local/lib/python3.12/site-packages/airflow/example_dags/tutorial_objectstorage.py took 0.043 seconds
[2024-11-11T03:24:40.913+0000] {processor.py:186} INFO - Started process (PID=6069) to work on /home/airflow/.local/lib/python3.12/site-packages/airflow/example_dags/tutorial_objectstorage.py
[2024-11-11T03:24:40.913+0000] {processor.py:914} INFO - Processing file /home/airflow/.local/lib/python3.12/site-packages/airflow/example_dags/tutorial_objectstorage.py for tasks to queue
[2024-11-11T03:24:40.915+0000] {logging_mixin.py:190} INFO - [2024-11-11T03:24:40.915+0000] {dagbag.py:588} INFO - Filling up the DagBag from /home/airflow/.local/lib/python3.12/site-packages/airflow/example_dags/tutorial_objectstorage.py
[2024-11-11T03:24:40.921+0000] {processor.py:925} INFO - DAG(s) 'tutorial_objectstorage' retrieved from /home/airflow/.local/lib/python3.12/site-packages/airflow/example_dags/tutorial_objectstorage.py
[2024-11-11T03:24:40.933+0000] {logging_mixin.py:190} INFO - [2024-11-11T03:24:40.933+0000] {dag.py:3239} INFO - Sync 1 DAGs
[2024-11-11T03:24:40.941+0000] {logging_mixin.py:190} INFO - [2024-11-11T03:24:40.941+0000] {dag.py:4180} INFO - Setting next_dagrun for tutorial_objectstorage to None, run_after=None
[2024-11-11T03:24:40.950+0000] {processor.py:208} INFO - Processing /home/airflow/.local/lib/python3.12/site-packages/airflow/example_dags/tutorial_objectstorage.py took 0.041 seconds
[2024-11-11T03:25:11.612+0000] {processor.py:186} INFO - Started process (PID=6132) to work on /home/airflow/.local/lib/python3.12/site-packages/airflow/example_dags/tutorial_objectstorage.py
[2024-11-11T03:25:11.612+0000] {processor.py:914} INFO - Processing file /home/airflow/.local/lib/python3.12/site-packages/airflow/example_dags/tutorial_objectstorage.py for tasks to queue
[2024-11-11T03:25:11.614+0000] {logging_mixin.py:190} INFO - [2024-11-11T03:25:11.614+0000] {dagbag.py:588} INFO - Filling up the DagBag from /home/airflow/.local/lib/python3.12/site-packages/airflow/example_dags/tutorial_objectstorage.py
[2024-11-11T03:25:11.620+0000] {processor.py:925} INFO - DAG(s) 'tutorial_objectstorage' retrieved from /home/airflow/.local/lib/python3.12/site-packages/airflow/example_dags/tutorial_objectstorage.py
[2024-11-11T03:25:11.630+0000] {logging_mixin.py:190} INFO - [2024-11-11T03:25:11.630+0000] {dag.py:3239} INFO - Sync 1 DAGs
[2024-11-11T03:25:11.637+0000] {logging_mixin.py:190} INFO - [2024-11-11T03:25:11.637+0000] {dag.py:4180} INFO - Setting next_dagrun for tutorial_objectstorage to None, run_after=None
[2024-11-11T03:25:11.646+0000] {processor.py:208} INFO - Processing /home/airflow/.local/lib/python3.12/site-packages/airflow/example_dags/tutorial_objectstorage.py took 0.038 seconds
[2024-11-11T03:25:42.700+0000] {processor.py:186} INFO - Started process (PID=6195) to work on /home/airflow/.local/lib/python3.12/site-packages/airflow/example_dags/tutorial_objectstorage.py
[2024-11-11T03:25:42.701+0000] {processor.py:914} INFO - Processing file /home/airflow/.local/lib/python3.12/site-packages/airflow/example_dags/tutorial_objectstorage.py for tasks to queue
[2024-11-11T03:25:42.702+0000] {logging_mixin.py:190} INFO - [2024-11-11T03:25:42.702+0000] {dagbag.py:588} INFO - Filling up the DagBag from /home/airflow/.local/lib/python3.12/site-packages/airflow/example_dags/tutorial_objectstorage.py
[2024-11-11T03:25:42.708+0000] {processor.py:925} INFO - DAG(s) 'tutorial_objectstorage' retrieved from /home/airflow/.local/lib/python3.12/site-packages/airflow/example_dags/tutorial_objectstorage.py
[2024-11-11T03:25:42.719+0000] {logging_mixin.py:190} INFO - [2024-11-11T03:25:42.719+0000] {dag.py:3239} INFO - Sync 1 DAGs
[2024-11-11T03:25:42.727+0000] {logging_mixin.py:190} INFO - [2024-11-11T03:25:42.727+0000] {dag.py:4180} INFO - Setting next_dagrun for tutorial_objectstorage to None, run_after=None
[2024-11-11T03:25:42.737+0000] {processor.py:208} INFO - Processing /home/airflow/.local/lib/python3.12/site-packages/airflow/example_dags/tutorial_objectstorage.py took 0.041 seconds
[2024-11-11T03:26:13.445+0000] {processor.py:186} INFO - Started process (PID=6258) to work on /home/airflow/.local/lib/python3.12/site-packages/airflow/example_dags/tutorial_objectstorage.py
[2024-11-11T03:26:13.446+0000] {processor.py:914} INFO - Processing file /home/airflow/.local/lib/python3.12/site-packages/airflow/example_dags/tutorial_objectstorage.py for tasks to queue
[2024-11-11T03:26:13.448+0000] {logging_mixin.py:190} INFO - [2024-11-11T03:26:13.447+0000] {dagbag.py:588} INFO - Filling up the DagBag from /home/airflow/.local/lib/python3.12/site-packages/airflow/example_dags/tutorial_objectstorage.py
[2024-11-11T03:26:13.453+0000] {processor.py:925} INFO - DAG(s) 'tutorial_objectstorage' retrieved from /home/airflow/.local/lib/python3.12/site-packages/airflow/example_dags/tutorial_objectstorage.py
[2024-11-11T03:26:13.464+0000] {logging_mixin.py:190} INFO - [2024-11-11T03:26:13.464+0000] {dag.py:3239} INFO - Sync 1 DAGs
[2024-11-11T03:26:13.472+0000] {logging_mixin.py:190} INFO - [2024-11-11T03:26:13.472+0000] {dag.py:4180} INFO - Setting next_dagrun for tutorial_objectstorage to None, run_after=None
[2024-11-11T03:26:13.480+0000] {processor.py:208} INFO - Processing /home/airflow/.local/lib/python3.12/site-packages/airflow/example_dags/tutorial_objectstorage.py took 0.039 seconds
[2024-11-11T03:26:44.136+0000] {processor.py:186} INFO - Started process (PID=6321) to work on /home/airflow/.local/lib/python3.12/site-packages/airflow/example_dags/tutorial_objectstorage.py
[2024-11-11T03:26:44.136+0000] {processor.py:914} INFO - Processing file /home/airflow/.local/lib/python3.12/site-packages/airflow/example_dags/tutorial_objectstorage.py for tasks to queue
[2024-11-11T03:26:44.138+0000] {logging_mixin.py:190} INFO - [2024-11-11T03:26:44.138+0000] {dagbag.py:588} INFO - Filling up the DagBag from /home/airflow/.local/lib/python3.12/site-packages/airflow/example_dags/tutorial_objectstorage.py
[2024-11-11T03:26:44.143+0000] {processor.py:925} INFO - DAG(s) 'tutorial_objectstorage' retrieved from /home/airflow/.local/lib/python3.12/site-packages/airflow/example_dags/tutorial_objectstorage.py
[2024-11-11T03:26:44.154+0000] {logging_mixin.py:190} INFO - [2024-11-11T03:26:44.153+0000] {dag.py:3239} INFO - Sync 1 DAGs
[2024-11-11T03:26:44.164+0000] {logging_mixin.py:190} INFO - [2024-11-11T03:26:44.164+0000] {dag.py:4180} INFO - Setting next_dagrun for tutorial_objectstorage to None, run_after=None
[2024-11-11T03:26:44.173+0000] {processor.py:208} INFO - Processing /home/airflow/.local/lib/python3.12/site-packages/airflow/example_dags/tutorial_objectstorage.py took 0.041 seconds
[2024-11-11T03:27:15.076+0000] {processor.py:186} INFO - Started process (PID=6384) to work on /home/airflow/.local/lib/python3.12/site-packages/airflow/example_dags/tutorial_objectstorage.py
[2024-11-11T03:27:15.077+0000] {processor.py:914} INFO - Processing file /home/airflow/.local/lib/python3.12/site-packages/airflow/example_dags/tutorial_objectstorage.py for tasks to queue
[2024-11-11T03:27:15.078+0000] {logging_mixin.py:190} INFO - [2024-11-11T03:27:15.078+0000] {dagbag.py:588} INFO - Filling up the DagBag from /home/airflow/.local/lib/python3.12/site-packages/airflow/example_dags/tutorial_objectstorage.py
[2024-11-11T03:27:15.084+0000] {processor.py:925} INFO - DAG(s) 'tutorial_objectstorage' retrieved from /home/airflow/.local/lib/python3.12/site-packages/airflow/example_dags/tutorial_objectstorage.py
[2024-11-11T03:27:15.094+0000] {logging_mixin.py:190} INFO - [2024-11-11T03:27:15.094+0000] {dag.py:3239} INFO - Sync 1 DAGs
[2024-11-11T03:27:15.102+0000] {logging_mixin.py:190} INFO - [2024-11-11T03:27:15.101+0000] {dag.py:4180} INFO - Setting next_dagrun for tutorial_objectstorage to None, run_after=None
[2024-11-11T03:27:15.110+0000] {processor.py:208} INFO - Processing /home/airflow/.local/lib/python3.12/site-packages/airflow/example_dags/tutorial_objectstorage.py took 0.038 seconds
[2024-11-11T03:27:45.823+0000] {processor.py:186} INFO - Started process (PID=6447) to work on /home/airflow/.local/lib/python3.12/site-packages/airflow/example_dags/tutorial_objectstorage.py
[2024-11-11T03:27:45.824+0000] {processor.py:914} INFO - Processing file /home/airflow/.local/lib/python3.12/site-packages/airflow/example_dags/tutorial_objectstorage.py for tasks to queue
[2024-11-11T03:27:45.826+0000] {logging_mixin.py:190} INFO - [2024-11-11T03:27:45.825+0000] {dagbag.py:588} INFO - Filling up the DagBag from /home/airflow/.local/lib/python3.12/site-packages/airflow/example_dags/tutorial_objectstorage.py
[2024-11-11T03:27:45.832+0000] {processor.py:925} INFO - DAG(s) 'tutorial_objectstorage' retrieved from /home/airflow/.local/lib/python3.12/site-packages/airflow/example_dags/tutorial_objectstorage.py
[2024-11-11T03:27:45.843+0000] {logging_mixin.py:190} INFO - [2024-11-11T03:27:45.843+0000] {dag.py:3239} INFO - Sync 1 DAGs
[2024-11-11T03:27:45.851+0000] {logging_mixin.py:190} INFO - [2024-11-11T03:27:45.850+0000] {dag.py:4180} INFO - Setting next_dagrun for tutorial_objectstorage to None, run_after=None
[2024-11-11T03:27:45.861+0000] {processor.py:208} INFO - Processing /home/airflow/.local/lib/python3.12/site-packages/airflow/example_dags/tutorial_objectstorage.py took 0.042 seconds
[2024-11-11T03:28:16.603+0000] {processor.py:186} INFO - Started process (PID=6510) to work on /home/airflow/.local/lib/python3.12/site-packages/airflow/example_dags/tutorial_objectstorage.py
[2024-11-11T03:28:16.603+0000] {processor.py:914} INFO - Processing file /home/airflow/.local/lib/python3.12/site-packages/airflow/example_dags/tutorial_objectstorage.py for tasks to queue
[2024-11-11T03:28:16.605+0000] {logging_mixin.py:190} INFO - [2024-11-11T03:28:16.605+0000] {dagbag.py:588} INFO - Filling up the DagBag from /home/airflow/.local/lib/python3.12/site-packages/airflow/example_dags/tutorial_objectstorage.py
[2024-11-11T03:28:16.612+0000] {processor.py:925} INFO - DAG(s) 'tutorial_objectstorage' retrieved from /home/airflow/.local/lib/python3.12/site-packages/airflow/example_dags/tutorial_objectstorage.py
[2024-11-11T03:28:16.623+0000] {logging_mixin.py:190} INFO - [2024-11-11T03:28:16.623+0000] {dag.py:3239} INFO - Sync 1 DAGs
[2024-11-11T03:28:16.631+0000] {logging_mixin.py:190} INFO - [2024-11-11T03:28:16.631+0000] {dag.py:4180} INFO - Setting next_dagrun for tutorial_objectstorage to None, run_after=None
[2024-11-11T03:28:16.642+0000] {processor.py:208} INFO - Processing /home/airflow/.local/lib/python3.12/site-packages/airflow/example_dags/tutorial_objectstorage.py took 0.043 seconds
[2024-11-11T03:28:47.444+0000] {processor.py:186} INFO - Started process (PID=6573) to work on /home/airflow/.local/lib/python3.12/site-packages/airflow/example_dags/tutorial_objectstorage.py
[2024-11-11T03:28:47.444+0000] {processor.py:914} INFO - Processing file /home/airflow/.local/lib/python3.12/site-packages/airflow/example_dags/tutorial_objectstorage.py for tasks to queue
[2024-11-11T03:28:47.446+0000] {logging_mixin.py:190} INFO - [2024-11-11T03:28:47.445+0000] {dagbag.py:588} INFO - Filling up the DagBag from /home/airflow/.local/lib/python3.12/site-packages/airflow/example_dags/tutorial_objectstorage.py
[2024-11-11T03:28:47.451+0000] {processor.py:925} INFO - DAG(s) 'tutorial_objectstorage' retrieved from /home/airflow/.local/lib/python3.12/site-packages/airflow/example_dags/tutorial_objectstorage.py
[2024-11-11T03:28:47.461+0000] {logging_mixin.py:190} INFO - [2024-11-11T03:28:47.461+0000] {dag.py:3239} INFO - Sync 1 DAGs
[2024-11-11T03:28:47.467+0000] {logging_mixin.py:190} INFO - [2024-11-11T03:28:47.467+0000] {dag.py:4180} INFO - Setting next_dagrun for tutorial_objectstorage to None, run_after=None
[2024-11-11T03:28:47.475+0000] {processor.py:208} INFO - Processing /home/airflow/.local/lib/python3.12/site-packages/airflow/example_dags/tutorial_objectstorage.py took 0.034 seconds
[2024-11-11T03:29:18.165+0000] {processor.py:186} INFO - Started process (PID=6636) to work on /home/airflow/.local/lib/python3.12/site-packages/airflow/example_dags/tutorial_objectstorage.py
[2024-11-11T03:29:18.165+0000] {processor.py:914} INFO - Processing file /home/airflow/.local/lib/python3.12/site-packages/airflow/example_dags/tutorial_objectstorage.py for tasks to queue
[2024-11-11T03:29:18.167+0000] {logging_mixin.py:190} INFO - [2024-11-11T03:29:18.167+0000] {dagbag.py:588} INFO - Filling up the DagBag from /home/airflow/.local/lib/python3.12/site-packages/airflow/example_dags/tutorial_objectstorage.py
[2024-11-11T03:29:18.181+0000] {processor.py:925} INFO - DAG(s) 'tutorial_objectstorage' retrieved from /home/airflow/.local/lib/python3.12/site-packages/airflow/example_dags/tutorial_objectstorage.py
[2024-11-11T03:29:18.219+0000] {logging_mixin.py:190} INFO - [2024-11-11T03:29:18.219+0000] {dag.py:3239} INFO - Sync 1 DAGs
[2024-11-11T03:29:18.230+0000] {logging_mixin.py:190} INFO - [2024-11-11T03:29:18.230+0000] {dag.py:4180} INFO - Setting next_dagrun for tutorial_objectstorage to None, run_after=None
[2024-11-11T03:29:18.241+0000] {processor.py:208} INFO - Processing /home/airflow/.local/lib/python3.12/site-packages/airflow/example_dags/tutorial_objectstorage.py took 0.081 seconds
[2024-11-11T03:29:49.090+0000] {processor.py:186} INFO - Started process (PID=6698) to work on /home/airflow/.local/lib/python3.12/site-packages/airflow/example_dags/tutorial_objectstorage.py
[2024-11-11T03:29:49.091+0000] {processor.py:914} INFO - Processing file /home/airflow/.local/lib/python3.12/site-packages/airflow/example_dags/tutorial_objectstorage.py for tasks to queue
[2024-11-11T03:29:49.092+0000] {logging_mixin.py:190} INFO - [2024-11-11T03:29:49.092+0000] {dagbag.py:588} INFO - Filling up the DagBag from /home/airflow/.local/lib/python3.12/site-packages/airflow/example_dags/tutorial_objectstorage.py
[2024-11-11T03:29:49.100+0000] {processor.py:925} INFO - DAG(s) 'tutorial_objectstorage' retrieved from /home/airflow/.local/lib/python3.12/site-packages/airflow/example_dags/tutorial_objectstorage.py
[2024-11-11T03:29:49.116+0000] {logging_mixin.py:190} INFO - [2024-11-11T03:29:49.116+0000] {dag.py:3239} INFO - Sync 1 DAGs
[2024-11-11T03:29:49.124+0000] {logging_mixin.py:190} INFO - [2024-11-11T03:29:49.124+0000] {dag.py:4180} INFO - Setting next_dagrun for tutorial_objectstorage to None, run_after=None
[2024-11-11T03:29:49.136+0000] {processor.py:208} INFO - Processing /home/airflow/.local/lib/python3.12/site-packages/airflow/example_dags/tutorial_objectstorage.py took 0.050 seconds
[2024-11-11T03:30:20.142+0000] {processor.py:186} INFO - Started process (PID=6761) to work on /home/airflow/.local/lib/python3.12/site-packages/airflow/example_dags/tutorial_objectstorage.py
[2024-11-11T03:30:20.142+0000] {processor.py:914} INFO - Processing file /home/airflow/.local/lib/python3.12/site-packages/airflow/example_dags/tutorial_objectstorage.py for tasks to queue
[2024-11-11T03:30:20.144+0000] {logging_mixin.py:190} INFO - [2024-11-11T03:30:20.144+0000] {dagbag.py:588} INFO - Filling up the DagBag from /home/airflow/.local/lib/python3.12/site-packages/airflow/example_dags/tutorial_objectstorage.py
[2024-11-11T03:30:20.150+0000] {processor.py:925} INFO - DAG(s) 'tutorial_objectstorage' retrieved from /home/airflow/.local/lib/python3.12/site-packages/airflow/example_dags/tutorial_objectstorage.py
[2024-11-11T03:30:20.161+0000] {logging_mixin.py:190} INFO - [2024-11-11T03:30:20.161+0000] {dag.py:3239} INFO - Sync 1 DAGs
[2024-11-11T03:30:20.168+0000] {logging_mixin.py:190} INFO - [2024-11-11T03:30:20.168+0000] {dag.py:4180} INFO - Setting next_dagrun for tutorial_objectstorage to None, run_after=None
[2024-11-11T03:30:20.178+0000] {processor.py:208} INFO - Processing /home/airflow/.local/lib/python3.12/site-packages/airflow/example_dags/tutorial_objectstorage.py took 0.040 seconds
[2024-11-11T03:30:51.237+0000] {processor.py:186} INFO - Started process (PID=6824) to work on /home/airflow/.local/lib/python3.12/site-packages/airflow/example_dags/tutorial_objectstorage.py
[2024-11-11T03:30:51.238+0000] {processor.py:914} INFO - Processing file /home/airflow/.local/lib/python3.12/site-packages/airflow/example_dags/tutorial_objectstorage.py for tasks to queue
[2024-11-11T03:30:51.240+0000] {logging_mixin.py:190} INFO - [2024-11-11T03:30:51.239+0000] {dagbag.py:588} INFO - Filling up the DagBag from /home/airflow/.local/lib/python3.12/site-packages/airflow/example_dags/tutorial_objectstorage.py
[2024-11-11T03:30:51.246+0000] {processor.py:925} INFO - DAG(s) 'tutorial_objectstorage' retrieved from /home/airflow/.local/lib/python3.12/site-packages/airflow/example_dags/tutorial_objectstorage.py
[2024-11-11T03:30:51.256+0000] {logging_mixin.py:190} INFO - [2024-11-11T03:30:51.256+0000] {dag.py:3239} INFO - Sync 1 DAGs
[2024-11-11T03:30:51.268+0000] {logging_mixin.py:190} INFO - [2024-11-11T03:30:51.268+0000] {dag.py:4180} INFO - Setting next_dagrun for tutorial_objectstorage to None, run_after=None
[2024-11-11T03:30:51.298+0000] {processor.py:208} INFO - Processing /home/airflow/.local/lib/python3.12/site-packages/airflow/example_dags/tutorial_objectstorage.py took 0.064 seconds
[2024-11-11T03:31:22.224+0000] {processor.py:186} INFO - Started process (PID=6887) to work on /home/airflow/.local/lib/python3.12/site-packages/airflow/example_dags/tutorial_objectstorage.py
[2024-11-11T03:31:22.224+0000] {processor.py:914} INFO - Processing file /home/airflow/.local/lib/python3.12/site-packages/airflow/example_dags/tutorial_objectstorage.py for tasks to queue
[2024-11-11T03:31:22.226+0000] {logging_mixin.py:190} INFO - [2024-11-11T03:31:22.226+0000] {dagbag.py:588} INFO - Filling up the DagBag from /home/airflow/.local/lib/python3.12/site-packages/airflow/example_dags/tutorial_objectstorage.py
[2024-11-11T03:31:22.231+0000] {processor.py:925} INFO - DAG(s) 'tutorial_objectstorage' retrieved from /home/airflow/.local/lib/python3.12/site-packages/airflow/example_dags/tutorial_objectstorage.py
[2024-11-11T03:31:22.242+0000] {logging_mixin.py:190} INFO - [2024-11-11T03:31:22.242+0000] {dag.py:3239} INFO - Sync 1 DAGs
[2024-11-11T03:31:22.248+0000] {logging_mixin.py:190} INFO - [2024-11-11T03:31:22.248+0000] {dag.py:4180} INFO - Setting next_dagrun for tutorial_objectstorage to None, run_after=None
[2024-11-11T03:31:22.257+0000] {processor.py:208} INFO - Processing /home/airflow/.local/lib/python3.12/site-packages/airflow/example_dags/tutorial_objectstorage.py took 0.037 seconds
[2024-11-11T03:31:53.183+0000] {processor.py:186} INFO - Started process (PID=6950) to work on /home/airflow/.local/lib/python3.12/site-packages/airflow/example_dags/tutorial_objectstorage.py
[2024-11-11T03:31:53.183+0000] {processor.py:914} INFO - Processing file /home/airflow/.local/lib/python3.12/site-packages/airflow/example_dags/tutorial_objectstorage.py for tasks to queue
[2024-11-11T03:31:53.185+0000] {logging_mixin.py:190} INFO - [2024-11-11T03:31:53.185+0000] {dagbag.py:588} INFO - Filling up the DagBag from /home/airflow/.local/lib/python3.12/site-packages/airflow/example_dags/tutorial_objectstorage.py
[2024-11-11T03:31:53.191+0000] {processor.py:925} INFO - DAG(s) 'tutorial_objectstorage' retrieved from /home/airflow/.local/lib/python3.12/site-packages/airflow/example_dags/tutorial_objectstorage.py
[2024-11-11T03:31:53.204+0000] {logging_mixin.py:190} INFO - [2024-11-11T03:31:53.203+0000] {dag.py:3239} INFO - Sync 1 DAGs
[2024-11-11T03:31:53.216+0000] {logging_mixin.py:190} INFO - [2024-11-11T03:31:53.216+0000] {dag.py:4180} INFO - Setting next_dagrun for tutorial_objectstorage to None, run_after=None
[2024-11-11T03:31:53.234+0000] {processor.py:208} INFO - Processing /home/airflow/.local/lib/python3.12/site-packages/airflow/example_dags/tutorial_objectstorage.py took 0.055 seconds
[2024-11-11T03:32:24.574+0000] {processor.py:186} INFO - Started process (PID=7013) to work on /home/airflow/.local/lib/python3.12/site-packages/airflow/example_dags/tutorial_objectstorage.py
[2024-11-11T03:32:24.575+0000] {processor.py:914} INFO - Processing file /home/airflow/.local/lib/python3.12/site-packages/airflow/example_dags/tutorial_objectstorage.py for tasks to queue
[2024-11-11T03:32:24.577+0000] {logging_mixin.py:190} INFO - [2024-11-11T03:32:24.576+0000] {dagbag.py:588} INFO - Filling up the DagBag from /home/airflow/.local/lib/python3.12/site-packages/airflow/example_dags/tutorial_objectstorage.py
[2024-11-11T03:32:24.582+0000] {processor.py:925} INFO - DAG(s) 'tutorial_objectstorage' retrieved from /home/airflow/.local/lib/python3.12/site-packages/airflow/example_dags/tutorial_objectstorage.py
[2024-11-11T03:32:24.593+0000] {logging_mixin.py:190} INFO - [2024-11-11T03:32:24.593+0000] {dag.py:3239} INFO - Sync 1 DAGs
[2024-11-11T03:32:24.602+0000] {logging_mixin.py:190} INFO - [2024-11-11T03:32:24.601+0000] {dag.py:4180} INFO - Setting next_dagrun for tutorial_objectstorage to None, run_after=None
[2024-11-11T03:32:24.611+0000] {processor.py:208} INFO - Processing /home/airflow/.local/lib/python3.12/site-packages/airflow/example_dags/tutorial_objectstorage.py took 0.040 seconds
[2024-11-11T03:32:55.511+0000] {processor.py:186} INFO - Started process (PID=7077) to work on /home/airflow/.local/lib/python3.12/site-packages/airflow/example_dags/tutorial_objectstorage.py
[2024-11-11T03:32:55.511+0000] {processor.py:914} INFO - Processing file /home/airflow/.local/lib/python3.12/site-packages/airflow/example_dags/tutorial_objectstorage.py for tasks to queue
[2024-11-11T03:32:55.513+0000] {logging_mixin.py:190} INFO - [2024-11-11T03:32:55.513+0000] {dagbag.py:588} INFO - Filling up the DagBag from /home/airflow/.local/lib/python3.12/site-packages/airflow/example_dags/tutorial_objectstorage.py
[2024-11-11T03:32:55.519+0000] {processor.py:925} INFO - DAG(s) 'tutorial_objectstorage' retrieved from /home/airflow/.local/lib/python3.12/site-packages/airflow/example_dags/tutorial_objectstorage.py
[2024-11-11T03:32:55.529+0000] {logging_mixin.py:190} INFO - [2024-11-11T03:32:55.529+0000] {dag.py:3239} INFO - Sync 1 DAGs
[2024-11-11T03:32:55.536+0000] {logging_mixin.py:190} INFO - [2024-11-11T03:32:55.536+0000] {dag.py:4180} INFO - Setting next_dagrun for tutorial_objectstorage to None, run_after=None
[2024-11-11T03:32:55.544+0000] {processor.py:208} INFO - Processing /home/airflow/.local/lib/python3.12/site-packages/airflow/example_dags/tutorial_objectstorage.py took 0.037 seconds
[2024-11-11T03:33:26.291+0000] {processor.py:186} INFO - Started process (PID=7140) to work on /home/airflow/.local/lib/python3.12/site-packages/airflow/example_dags/tutorial_objectstorage.py
[2024-11-11T03:33:26.292+0000] {processor.py:914} INFO - Processing file /home/airflow/.local/lib/python3.12/site-packages/airflow/example_dags/tutorial_objectstorage.py for tasks to queue
[2024-11-11T03:33:26.293+0000] {logging_mixin.py:190} INFO - [2024-11-11T03:33:26.293+0000] {dagbag.py:588} INFO - Filling up the DagBag from /home/airflow/.local/lib/python3.12/site-packages/airflow/example_dags/tutorial_objectstorage.py
[2024-11-11T03:33:26.300+0000] {processor.py:925} INFO - DAG(s) 'tutorial_objectstorage' retrieved from /home/airflow/.local/lib/python3.12/site-packages/airflow/example_dags/tutorial_objectstorage.py
[2024-11-11T03:33:26.312+0000] {logging_mixin.py:190} INFO - [2024-11-11T03:33:26.312+0000] {dag.py:3239} INFO - Sync 1 DAGs
[2024-11-11T03:33:26.320+0000] {logging_mixin.py:190} INFO - [2024-11-11T03:33:26.320+0000] {dag.py:4180} INFO - Setting next_dagrun for tutorial_objectstorage to None, run_after=None
[2024-11-11T03:33:26.329+0000] {processor.py:208} INFO - Processing /home/airflow/.local/lib/python3.12/site-packages/airflow/example_dags/tutorial_objectstorage.py took 0.043 seconds
[2024-11-11T03:33:56.976+0000] {processor.py:186} INFO - Started process (PID=7203) to work on /home/airflow/.local/lib/python3.12/site-packages/airflow/example_dags/tutorial_objectstorage.py
[2024-11-11T03:33:56.977+0000] {processor.py:914} INFO - Processing file /home/airflow/.local/lib/python3.12/site-packages/airflow/example_dags/tutorial_objectstorage.py for tasks to queue
[2024-11-11T03:33:56.979+0000] {logging_mixin.py:190} INFO - [2024-11-11T03:33:56.979+0000] {dagbag.py:588} INFO - Filling up the DagBag from /home/airflow/.local/lib/python3.12/site-packages/airflow/example_dags/tutorial_objectstorage.py
[2024-11-11T03:33:56.987+0000] {processor.py:925} INFO - DAG(s) 'tutorial_objectstorage' retrieved from /home/airflow/.local/lib/python3.12/site-packages/airflow/example_dags/tutorial_objectstorage.py
[2024-11-11T03:33:56.999+0000] {logging_mixin.py:190} INFO - [2024-11-11T03:33:56.999+0000] {dag.py:3239} INFO - Sync 1 DAGs
[2024-11-11T03:33:57.006+0000] {logging_mixin.py:190} INFO - [2024-11-11T03:33:57.006+0000] {dag.py:4180} INFO - Setting next_dagrun for tutorial_objectstorage to None, run_after=None
[2024-11-11T03:33:57.016+0000] {processor.py:208} INFO - Processing /home/airflow/.local/lib/python3.12/site-packages/airflow/example_dags/tutorial_objectstorage.py took 0.045 seconds
[2024-11-11T03:34:27.776+0000] {processor.py:186} INFO - Started process (PID=7265) to work on /home/airflow/.local/lib/python3.12/site-packages/airflow/example_dags/tutorial_objectstorage.py
[2024-11-11T03:34:27.776+0000] {processor.py:914} INFO - Processing file /home/airflow/.local/lib/python3.12/site-packages/airflow/example_dags/tutorial_objectstorage.py for tasks to queue
[2024-11-11T03:34:27.778+0000] {logging_mixin.py:190} INFO - [2024-11-11T03:34:27.778+0000] {dagbag.py:588} INFO - Filling up the DagBag from /home/airflow/.local/lib/python3.12/site-packages/airflow/example_dags/tutorial_objectstorage.py
[2024-11-11T03:34:27.784+0000] {processor.py:925} INFO - DAG(s) 'tutorial_objectstorage' retrieved from /home/airflow/.local/lib/python3.12/site-packages/airflow/example_dags/tutorial_objectstorage.py
[2024-11-11T03:34:27.794+0000] {logging_mixin.py:190} INFO - [2024-11-11T03:34:27.794+0000] {dag.py:3239} INFO - Sync 1 DAGs
[2024-11-11T03:34:27.801+0000] {logging_mixin.py:190} INFO - [2024-11-11T03:34:27.801+0000] {dag.py:4180} INFO - Setting next_dagrun for tutorial_objectstorage to None, run_after=None
[2024-11-11T03:34:27.809+0000] {processor.py:208} INFO - Processing /home/airflow/.local/lib/python3.12/site-packages/airflow/example_dags/tutorial_objectstorage.py took 0.037 seconds
[2024-11-11T03:34:58.563+0000] {processor.py:186} INFO - Started process (PID=7328) to work on /home/airflow/.local/lib/python3.12/site-packages/airflow/example_dags/tutorial_objectstorage.py
[2024-11-11T03:34:58.563+0000] {processor.py:914} INFO - Processing file /home/airflow/.local/lib/python3.12/site-packages/airflow/example_dags/tutorial_objectstorage.py for tasks to queue
[2024-11-11T03:34:58.565+0000] {logging_mixin.py:190} INFO - [2024-11-11T03:34:58.565+0000] {dagbag.py:588} INFO - Filling up the DagBag from /home/airflow/.local/lib/python3.12/site-packages/airflow/example_dags/tutorial_objectstorage.py
[2024-11-11T03:34:58.571+0000] {processor.py:925} INFO - DAG(s) 'tutorial_objectstorage' retrieved from /home/airflow/.local/lib/python3.12/site-packages/airflow/example_dags/tutorial_objectstorage.py
[2024-11-11T03:34:58.581+0000] {logging_mixin.py:190} INFO - [2024-11-11T03:34:58.580+0000] {dag.py:3239} INFO - Sync 1 DAGs
[2024-11-11T03:34:58.588+0000] {logging_mixin.py:190} INFO - [2024-11-11T03:34:58.588+0000] {dag.py:4180} INFO - Setting next_dagrun for tutorial_objectstorage to None, run_after=None
[2024-11-11T03:34:58.596+0000] {processor.py:208} INFO - Processing /home/airflow/.local/lib/python3.12/site-packages/airflow/example_dags/tutorial_objectstorage.py took 0.037 seconds
[2024-11-11T03:35:29.282+0000] {processor.py:186} INFO - Started process (PID=7391) to work on /home/airflow/.local/lib/python3.12/site-packages/airflow/example_dags/tutorial_objectstorage.py
[2024-11-11T03:35:29.283+0000] {processor.py:914} INFO - Processing file /home/airflow/.local/lib/python3.12/site-packages/airflow/example_dags/tutorial_objectstorage.py for tasks to queue
[2024-11-11T03:35:29.284+0000] {logging_mixin.py:190} INFO - [2024-11-11T03:35:29.284+0000] {dagbag.py:588} INFO - Filling up the DagBag from /home/airflow/.local/lib/python3.12/site-packages/airflow/example_dags/tutorial_objectstorage.py
[2024-11-11T03:35:29.290+0000] {processor.py:925} INFO - DAG(s) 'tutorial_objectstorage' retrieved from /home/airflow/.local/lib/python3.12/site-packages/airflow/example_dags/tutorial_objectstorage.py
[2024-11-11T03:35:29.300+0000] {logging_mixin.py:190} INFO - [2024-11-11T03:35:29.300+0000] {dag.py:3239} INFO - Sync 1 DAGs
[2024-11-11T03:35:29.308+0000] {logging_mixin.py:190} INFO - [2024-11-11T03:35:29.307+0000] {dag.py:4180} INFO - Setting next_dagrun for tutorial_objectstorage to None, run_after=None
[2024-11-11T03:35:29.316+0000] {processor.py:208} INFO - Processing /home/airflow/.local/lib/python3.12/site-packages/airflow/example_dags/tutorial_objectstorage.py took 0.038 seconds
[2024-11-11T03:35:59.907+0000] {processor.py:186} INFO - Started process (PID=7453) to work on /home/airflow/.local/lib/python3.12/site-packages/airflow/example_dags/tutorial_objectstorage.py
[2024-11-11T03:35:59.908+0000] {processor.py:914} INFO - Processing file /home/airflow/.local/lib/python3.12/site-packages/airflow/example_dags/tutorial_objectstorage.py for tasks to queue
[2024-11-11T03:35:59.909+0000] {logging_mixin.py:190} INFO - [2024-11-11T03:35:59.909+0000] {dagbag.py:588} INFO - Filling up the DagBag from /home/airflow/.local/lib/python3.12/site-packages/airflow/example_dags/tutorial_objectstorage.py
[2024-11-11T03:35:59.915+0000] {processor.py:925} INFO - DAG(s) 'tutorial_objectstorage' retrieved from /home/airflow/.local/lib/python3.12/site-packages/airflow/example_dags/tutorial_objectstorage.py
[2024-11-11T03:35:59.926+0000] {logging_mixin.py:190} INFO - [2024-11-11T03:35:59.925+0000] {dag.py:3239} INFO - Sync 1 DAGs
[2024-11-11T03:35:59.933+0000] {logging_mixin.py:190} INFO - [2024-11-11T03:35:59.933+0000] {dag.py:4180} INFO - Setting next_dagrun for tutorial_objectstorage to None, run_after=None
[2024-11-11T03:35:59.941+0000] {processor.py:208} INFO - Processing /home/airflow/.local/lib/python3.12/site-packages/airflow/example_dags/tutorial_objectstorage.py took 0.038 seconds
[2024-11-11T03:36:30.525+0000] {processor.py:186} INFO - Started process (PID=7516) to work on /home/airflow/.local/lib/python3.12/site-packages/airflow/example_dags/tutorial_objectstorage.py
[2024-11-11T03:36:30.526+0000] {processor.py:914} INFO - Processing file /home/airflow/.local/lib/python3.12/site-packages/airflow/example_dags/tutorial_objectstorage.py for tasks to queue
[2024-11-11T03:36:30.527+0000] {logging_mixin.py:190} INFO - [2024-11-11T03:36:30.527+0000] {dagbag.py:588} INFO - Filling up the DagBag from /home/airflow/.local/lib/python3.12/site-packages/airflow/example_dags/tutorial_objectstorage.py
[2024-11-11T03:36:30.533+0000] {processor.py:925} INFO - DAG(s) 'tutorial_objectstorage' retrieved from /home/airflow/.local/lib/python3.12/site-packages/airflow/example_dags/tutorial_objectstorage.py
[2024-11-11T03:36:30.543+0000] {logging_mixin.py:190} INFO - [2024-11-11T03:36:30.543+0000] {dag.py:3239} INFO - Sync 1 DAGs
[2024-11-11T03:36:30.551+0000] {logging_mixin.py:190} INFO - [2024-11-11T03:36:30.550+0000] {dag.py:4180} INFO - Setting next_dagrun for tutorial_objectstorage to None, run_after=None
[2024-11-11T03:36:30.559+0000] {processor.py:208} INFO - Processing /home/airflow/.local/lib/python3.12/site-packages/airflow/example_dags/tutorial_objectstorage.py took 0.037 seconds
[2024-11-11T03:37:01.356+0000] {processor.py:186} INFO - Started process (PID=7585) to work on /home/airflow/.local/lib/python3.12/site-packages/airflow/example_dags/tutorial_objectstorage.py
[2024-11-11T03:37:01.356+0000] {processor.py:914} INFO - Processing file /home/airflow/.local/lib/python3.12/site-packages/airflow/example_dags/tutorial_objectstorage.py for tasks to queue
[2024-11-11T03:37:01.358+0000] {logging_mixin.py:190} INFO - [2024-11-11T03:37:01.358+0000] {dagbag.py:588} INFO - Filling up the DagBag from /home/airflow/.local/lib/python3.12/site-packages/airflow/example_dags/tutorial_objectstorage.py
[2024-11-11T03:37:01.364+0000] {processor.py:925} INFO - DAG(s) 'tutorial_objectstorage' retrieved from /home/airflow/.local/lib/python3.12/site-packages/airflow/example_dags/tutorial_objectstorage.py
[2024-11-11T03:37:01.375+0000] {logging_mixin.py:190} INFO - [2024-11-11T03:37:01.375+0000] {dag.py:3239} INFO - Sync 1 DAGs
[2024-11-11T03:37:01.384+0000] {logging_mixin.py:190} INFO - [2024-11-11T03:37:01.384+0000] {dag.py:4180} INFO - Setting next_dagrun for tutorial_objectstorage to None, run_after=None
[2024-11-11T03:37:01.394+0000] {processor.py:208} INFO - Processing /home/airflow/.local/lib/python3.12/site-packages/airflow/example_dags/tutorial_objectstorage.py took 0.041 seconds
[2024-11-11T03:37:31.880+0000] {processor.py:186} INFO - Started process (PID=7647) to work on /home/airflow/.local/lib/python3.12/site-packages/airflow/example_dags/tutorial_objectstorage.py
[2024-11-11T03:37:31.880+0000] {processor.py:914} INFO - Processing file /home/airflow/.local/lib/python3.12/site-packages/airflow/example_dags/tutorial_objectstorage.py for tasks to queue
[2024-11-11T03:37:31.882+0000] {logging_mixin.py:190} INFO - [2024-11-11T03:37:31.882+0000] {dagbag.py:588} INFO - Filling up the DagBag from /home/airflow/.local/lib/python3.12/site-packages/airflow/example_dags/tutorial_objectstorage.py
[2024-11-11T03:37:31.887+0000] {processor.py:925} INFO - DAG(s) 'tutorial_objectstorage' retrieved from /home/airflow/.local/lib/python3.12/site-packages/airflow/example_dags/tutorial_objectstorage.py
[2024-11-11T03:37:31.897+0000] {logging_mixin.py:190} INFO - [2024-11-11T03:37:31.897+0000] {dag.py:3239} INFO - Sync 1 DAGs
[2024-11-11T03:37:31.905+0000] {logging_mixin.py:190} INFO - [2024-11-11T03:37:31.905+0000] {dag.py:4180} INFO - Setting next_dagrun for tutorial_objectstorage to None, run_after=None
[2024-11-11T03:37:31.913+0000] {processor.py:208} INFO - Processing /home/airflow/.local/lib/python3.12/site-packages/airflow/example_dags/tutorial_objectstorage.py took 0.037 seconds
[2024-11-11T03:38:02.578+0000] {processor.py:186} INFO - Started process (PID=7709) to work on /home/airflow/.local/lib/python3.12/site-packages/airflow/example_dags/tutorial_objectstorage.py
[2024-11-11T03:38:02.579+0000] {processor.py:914} INFO - Processing file /home/airflow/.local/lib/python3.12/site-packages/airflow/example_dags/tutorial_objectstorage.py for tasks to queue
[2024-11-11T03:38:02.580+0000] {logging_mixin.py:190} INFO - [2024-11-11T03:38:02.580+0000] {dagbag.py:588} INFO - Filling up the DagBag from /home/airflow/.local/lib/python3.12/site-packages/airflow/example_dags/tutorial_objectstorage.py
[2024-11-11T03:38:02.586+0000] {processor.py:925} INFO - DAG(s) 'tutorial_objectstorage' retrieved from /home/airflow/.local/lib/python3.12/site-packages/airflow/example_dags/tutorial_objectstorage.py
[2024-11-11T03:38:02.596+0000] {logging_mixin.py:190} INFO - [2024-11-11T03:38:02.596+0000] {dag.py:3239} INFO - Sync 1 DAGs
[2024-11-11T03:38:02.603+0000] {logging_mixin.py:190} INFO - [2024-11-11T03:38:02.603+0000] {dag.py:4180} INFO - Setting next_dagrun for tutorial_objectstorage to None, run_after=None
[2024-11-11T03:38:02.612+0000] {processor.py:208} INFO - Processing /home/airflow/.local/lib/python3.12/site-packages/airflow/example_dags/tutorial_objectstorage.py took 0.037 seconds
[2024-11-11T03:38:33.118+0000] {processor.py:186} INFO - Started process (PID=7772) to work on /home/airflow/.local/lib/python3.12/site-packages/airflow/example_dags/tutorial_objectstorage.py
[2024-11-11T03:38:33.119+0000] {processor.py:914} INFO - Processing file /home/airflow/.local/lib/python3.12/site-packages/airflow/example_dags/tutorial_objectstorage.py for tasks to queue
[2024-11-11T03:38:33.120+0000] {logging_mixin.py:190} INFO - [2024-11-11T03:38:33.120+0000] {dagbag.py:588} INFO - Filling up the DagBag from /home/airflow/.local/lib/python3.12/site-packages/airflow/example_dags/tutorial_objectstorage.py
[2024-11-11T03:38:33.125+0000] {processor.py:925} INFO - DAG(s) 'tutorial_objectstorage' retrieved from /home/airflow/.local/lib/python3.12/site-packages/airflow/example_dags/tutorial_objectstorage.py
[2024-11-11T03:38:33.135+0000] {logging_mixin.py:190} INFO - [2024-11-11T03:38:33.135+0000] {dag.py:3239} INFO - Sync 1 DAGs
[2024-11-11T03:38:33.143+0000] {logging_mixin.py:190} INFO - [2024-11-11T03:38:33.143+0000] {dag.py:4180} INFO - Setting next_dagrun for tutorial_objectstorage to None, run_after=None
[2024-11-11T03:38:33.151+0000] {processor.py:208} INFO - Processing /home/airflow/.local/lib/python3.12/site-packages/airflow/example_dags/tutorial_objectstorage.py took 0.037 seconds
[2024-11-11T03:39:03.794+0000] {processor.py:186} INFO - Started process (PID=7835) to work on /home/airflow/.local/lib/python3.12/site-packages/airflow/example_dags/tutorial_objectstorage.py
[2024-11-11T03:39:03.795+0000] {processor.py:914} INFO - Processing file /home/airflow/.local/lib/python3.12/site-packages/airflow/example_dags/tutorial_objectstorage.py for tasks to queue
[2024-11-11T03:39:03.796+0000] {logging_mixin.py:190} INFO - [2024-11-11T03:39:03.796+0000] {dagbag.py:588} INFO - Filling up the DagBag from /home/airflow/.local/lib/python3.12/site-packages/airflow/example_dags/tutorial_objectstorage.py
[2024-11-11T03:39:03.803+0000] {processor.py:925} INFO - DAG(s) 'tutorial_objectstorage' retrieved from /home/airflow/.local/lib/python3.12/site-packages/airflow/example_dags/tutorial_objectstorage.py
[2024-11-11T03:39:03.815+0000] {logging_mixin.py:190} INFO - [2024-11-11T03:39:03.815+0000] {dag.py:3239} INFO - Sync 1 DAGs
[2024-11-11T03:39:03.823+0000] {logging_mixin.py:190} INFO - [2024-11-11T03:39:03.822+0000] {dag.py:4180} INFO - Setting next_dagrun for tutorial_objectstorage to None, run_after=None
[2024-11-11T03:39:03.832+0000] {processor.py:208} INFO - Processing /home/airflow/.local/lib/python3.12/site-packages/airflow/example_dags/tutorial_objectstorage.py took 0.041 seconds
[2024-11-11T03:39:34.528+0000] {processor.py:186} INFO - Started process (PID=7898) to work on /home/airflow/.local/lib/python3.12/site-packages/airflow/example_dags/tutorial_objectstorage.py
[2024-11-11T03:39:34.529+0000] {processor.py:914} INFO - Processing file /home/airflow/.local/lib/python3.12/site-packages/airflow/example_dags/tutorial_objectstorage.py for tasks to queue
[2024-11-11T03:39:34.530+0000] {logging_mixin.py:190} INFO - [2024-11-11T03:39:34.530+0000] {dagbag.py:588} INFO - Filling up the DagBag from /home/airflow/.local/lib/python3.12/site-packages/airflow/example_dags/tutorial_objectstorage.py
[2024-11-11T03:39:34.536+0000] {processor.py:925} INFO - DAG(s) 'tutorial_objectstorage' retrieved from /home/airflow/.local/lib/python3.12/site-packages/airflow/example_dags/tutorial_objectstorage.py
[2024-11-11T03:39:34.546+0000] {logging_mixin.py:190} INFO - [2024-11-11T03:39:34.546+0000] {dag.py:3239} INFO - Sync 1 DAGs
[2024-11-11T03:39:34.553+0000] {logging_mixin.py:190} INFO - [2024-11-11T03:39:34.553+0000] {dag.py:4180} INFO - Setting next_dagrun for tutorial_objectstorage to None, run_after=None
[2024-11-11T03:39:34.562+0000] {processor.py:208} INFO - Processing /home/airflow/.local/lib/python3.12/site-packages/airflow/example_dags/tutorial_objectstorage.py took 0.037 seconds
[2024-11-11T03:40:05.148+0000] {processor.py:186} INFO - Started process (PID=7961) to work on /home/airflow/.local/lib/python3.12/site-packages/airflow/example_dags/tutorial_objectstorage.py
[2024-11-11T03:40:05.149+0000] {processor.py:914} INFO - Processing file /home/airflow/.local/lib/python3.12/site-packages/airflow/example_dags/tutorial_objectstorage.py for tasks to queue
[2024-11-11T03:40:05.150+0000] {logging_mixin.py:190} INFO - [2024-11-11T03:40:05.150+0000] {dagbag.py:588} INFO - Filling up the DagBag from /home/airflow/.local/lib/python3.12/site-packages/airflow/example_dags/tutorial_objectstorage.py
[2024-11-11T03:40:05.156+0000] {processor.py:925} INFO - DAG(s) 'tutorial_objectstorage' retrieved from /home/airflow/.local/lib/python3.12/site-packages/airflow/example_dags/tutorial_objectstorage.py
[2024-11-11T03:40:05.166+0000] {logging_mixin.py:190} INFO - [2024-11-11T03:40:05.166+0000] {dag.py:3239} INFO - Sync 1 DAGs
[2024-11-11T03:40:05.173+0000] {logging_mixin.py:190} INFO - [2024-11-11T03:40:05.173+0000] {dag.py:4180} INFO - Setting next_dagrun for tutorial_objectstorage to None, run_after=None
[2024-11-11T03:40:05.182+0000] {processor.py:208} INFO - Processing /home/airflow/.local/lib/python3.12/site-packages/airflow/example_dags/tutorial_objectstorage.py took 0.037 seconds
[2024-11-11T03:40:36.064+0000] {processor.py:186} INFO - Started process (PID=8024) to work on /home/airflow/.local/lib/python3.12/site-packages/airflow/example_dags/tutorial_objectstorage.py
[2024-11-11T03:40:36.065+0000] {processor.py:914} INFO - Processing file /home/airflow/.local/lib/python3.12/site-packages/airflow/example_dags/tutorial_objectstorage.py for tasks to queue
[2024-11-11T03:40:36.066+0000] {logging_mixin.py:190} INFO - [2024-11-11T03:40:36.066+0000] {dagbag.py:588} INFO - Filling up the DagBag from /home/airflow/.local/lib/python3.12/site-packages/airflow/example_dags/tutorial_objectstorage.py
[2024-11-11T03:40:36.072+0000] {processor.py:925} INFO - DAG(s) 'tutorial_objectstorage' retrieved from /home/airflow/.local/lib/python3.12/site-packages/airflow/example_dags/tutorial_objectstorage.py
[2024-11-11T03:40:36.082+0000] {logging_mixin.py:190} INFO - [2024-11-11T03:40:36.082+0000] {dag.py:3239} INFO - Sync 1 DAGs
[2024-11-11T03:40:36.089+0000] {logging_mixin.py:190} INFO - [2024-11-11T03:40:36.088+0000] {dag.py:4180} INFO - Setting next_dagrun for tutorial_objectstorage to None, run_after=None
[2024-11-11T03:40:36.097+0000] {processor.py:208} INFO - Processing /home/airflow/.local/lib/python3.12/site-packages/airflow/example_dags/tutorial_objectstorage.py took 0.036 seconds
[2024-11-11T03:41:06.911+0000] {processor.py:186} INFO - Started process (PID=8087) to work on /home/airflow/.local/lib/python3.12/site-packages/airflow/example_dags/tutorial_objectstorage.py
[2024-11-11T03:41:06.912+0000] {processor.py:914} INFO - Processing file /home/airflow/.local/lib/python3.12/site-packages/airflow/example_dags/tutorial_objectstorage.py for tasks to queue
[2024-11-11T03:41:06.913+0000] {logging_mixin.py:190} INFO - [2024-11-11T03:41:06.913+0000] {dagbag.py:588} INFO - Filling up the DagBag from /home/airflow/.local/lib/python3.12/site-packages/airflow/example_dags/tutorial_objectstorage.py
[2024-11-11T03:41:06.919+0000] {processor.py:925} INFO - DAG(s) 'tutorial_objectstorage' retrieved from /home/airflow/.local/lib/python3.12/site-packages/airflow/example_dags/tutorial_objectstorage.py
[2024-11-11T03:41:06.929+0000] {logging_mixin.py:190} INFO - [2024-11-11T03:41:06.929+0000] {dag.py:3239} INFO - Sync 1 DAGs
[2024-11-11T03:41:06.936+0000] {logging_mixin.py:190} INFO - [2024-11-11T03:41:06.936+0000] {dag.py:4180} INFO - Setting next_dagrun for tutorial_objectstorage to None, run_after=None
[2024-11-11T03:41:06.944+0000] {processor.py:208} INFO - Processing /home/airflow/.local/lib/python3.12/site-packages/airflow/example_dags/tutorial_objectstorage.py took 0.037 seconds
[2024-11-11T03:41:37.619+0000] {processor.py:186} INFO - Started process (PID=8149) to work on /home/airflow/.local/lib/python3.12/site-packages/airflow/example_dags/tutorial_objectstorage.py
[2024-11-11T03:41:37.620+0000] {processor.py:914} INFO - Processing file /home/airflow/.local/lib/python3.12/site-packages/airflow/example_dags/tutorial_objectstorage.py for tasks to queue
[2024-11-11T03:41:37.622+0000] {logging_mixin.py:190} INFO - [2024-11-11T03:41:37.622+0000] {dagbag.py:588} INFO - Filling up the DagBag from /home/airflow/.local/lib/python3.12/site-packages/airflow/example_dags/tutorial_objectstorage.py
[2024-11-11T03:41:37.629+0000] {processor.py:925} INFO - DAG(s) 'tutorial_objectstorage' retrieved from /home/airflow/.local/lib/python3.12/site-packages/airflow/example_dags/tutorial_objectstorage.py
[2024-11-11T03:41:37.641+0000] {logging_mixin.py:190} INFO - [2024-11-11T03:41:37.640+0000] {dag.py:3239} INFO - Sync 1 DAGs
[2024-11-11T03:41:37.648+0000] {logging_mixin.py:190} INFO - [2024-11-11T03:41:37.648+0000] {dag.py:4180} INFO - Setting next_dagrun for tutorial_objectstorage to None, run_after=None
[2024-11-11T03:41:37.659+0000] {processor.py:208} INFO - Processing /home/airflow/.local/lib/python3.12/site-packages/airflow/example_dags/tutorial_objectstorage.py took 0.045 seconds
[2024-11-11T03:42:08.535+0000] {processor.py:186} INFO - Started process (PID=8212) to work on /home/airflow/.local/lib/python3.12/site-packages/airflow/example_dags/tutorial_objectstorage.py
[2024-11-11T03:42:08.536+0000] {processor.py:914} INFO - Processing file /home/airflow/.local/lib/python3.12/site-packages/airflow/example_dags/tutorial_objectstorage.py for tasks to queue
[2024-11-11T03:42:08.537+0000] {logging_mixin.py:190} INFO - [2024-11-11T03:42:08.537+0000] {dagbag.py:588} INFO - Filling up the DagBag from /home/airflow/.local/lib/python3.12/site-packages/airflow/example_dags/tutorial_objectstorage.py
[2024-11-11T03:42:08.543+0000] {processor.py:925} INFO - DAG(s) 'tutorial_objectstorage' retrieved from /home/airflow/.local/lib/python3.12/site-packages/airflow/example_dags/tutorial_objectstorage.py
[2024-11-11T03:42:08.553+0000] {logging_mixin.py:190} INFO - [2024-11-11T03:42:08.553+0000] {dag.py:3239} INFO - Sync 1 DAGs
[2024-11-11T03:42:08.560+0000] {logging_mixin.py:190} INFO - [2024-11-11T03:42:08.560+0000] {dag.py:4180} INFO - Setting next_dagrun for tutorial_objectstorage to None, run_after=None
[2024-11-11T03:42:08.568+0000] {processor.py:208} INFO - Processing /home/airflow/.local/lib/python3.12/site-packages/airflow/example_dags/tutorial_objectstorage.py took 0.036 seconds
[2024-11-11T03:42:39.124+0000] {processor.py:186} INFO - Started process (PID=8275) to work on /home/airflow/.local/lib/python3.12/site-packages/airflow/example_dags/tutorial_objectstorage.py
[2024-11-11T03:42:39.125+0000] {processor.py:914} INFO - Processing file /home/airflow/.local/lib/python3.12/site-packages/airflow/example_dags/tutorial_objectstorage.py for tasks to queue
[2024-11-11T03:42:39.126+0000] {logging_mixin.py:190} INFO - [2024-11-11T03:42:39.126+0000] {dagbag.py:588} INFO - Filling up the DagBag from /home/airflow/.local/lib/python3.12/site-packages/airflow/example_dags/tutorial_objectstorage.py
[2024-11-11T03:42:39.132+0000] {processor.py:925} INFO - DAG(s) 'tutorial_objectstorage' retrieved from /home/airflow/.local/lib/python3.12/site-packages/airflow/example_dags/tutorial_objectstorage.py
[2024-11-11T03:42:39.144+0000] {logging_mixin.py:190} INFO - [2024-11-11T03:42:39.144+0000] {dag.py:3239} INFO - Sync 1 DAGs
[2024-11-11T03:42:39.152+0000] {logging_mixin.py:190} INFO - [2024-11-11T03:42:39.152+0000] {dag.py:4180} INFO - Setting next_dagrun for tutorial_objectstorage to None, run_after=None
[2024-11-11T03:42:39.161+0000] {processor.py:208} INFO - Processing /home/airflow/.local/lib/python3.12/site-packages/airflow/example_dags/tutorial_objectstorage.py took 0.040 seconds
[2024-11-11T03:43:09.857+0000] {processor.py:186} INFO - Started process (PID=8338) to work on /home/airflow/.local/lib/python3.12/site-packages/airflow/example_dags/tutorial_objectstorage.py
[2024-11-11T03:43:09.858+0000] {processor.py:914} INFO - Processing file /home/airflow/.local/lib/python3.12/site-packages/airflow/example_dags/tutorial_objectstorage.py for tasks to queue
[2024-11-11T03:43:09.859+0000] {logging_mixin.py:190} INFO - [2024-11-11T03:43:09.859+0000] {dagbag.py:588} INFO - Filling up the DagBag from /home/airflow/.local/lib/python3.12/site-packages/airflow/example_dags/tutorial_objectstorage.py
[2024-11-11T03:43:09.865+0000] {processor.py:925} INFO - DAG(s) 'tutorial_objectstorage' retrieved from /home/airflow/.local/lib/python3.12/site-packages/airflow/example_dags/tutorial_objectstorage.py
[2024-11-11T03:43:09.875+0000] {logging_mixin.py:190} INFO - [2024-11-11T03:43:09.875+0000] {dag.py:3239} INFO - Sync 1 DAGs
[2024-11-11T03:43:09.882+0000] {logging_mixin.py:190} INFO - [2024-11-11T03:43:09.882+0000] {dag.py:4180} INFO - Setting next_dagrun for tutorial_objectstorage to None, run_after=None
[2024-11-11T03:43:09.891+0000] {processor.py:208} INFO - Processing /home/airflow/.local/lib/python3.12/site-packages/airflow/example_dags/tutorial_objectstorage.py took 0.037 seconds
[2024-11-11T03:43:40.389+0000] {processor.py:186} INFO - Started process (PID=8401) to work on /home/airflow/.local/lib/python3.12/site-packages/airflow/example_dags/tutorial_objectstorage.py
[2024-11-11T03:43:40.389+0000] {processor.py:914} INFO - Processing file /home/airflow/.local/lib/python3.12/site-packages/airflow/example_dags/tutorial_objectstorage.py for tasks to queue
[2024-11-11T03:43:40.391+0000] {logging_mixin.py:190} INFO - [2024-11-11T03:43:40.391+0000] {dagbag.py:588} INFO - Filling up the DagBag from /home/airflow/.local/lib/python3.12/site-packages/airflow/example_dags/tutorial_objectstorage.py
[2024-11-11T03:43:40.396+0000] {processor.py:925} INFO - DAG(s) 'tutorial_objectstorage' retrieved from /home/airflow/.local/lib/python3.12/site-packages/airflow/example_dags/tutorial_objectstorage.py
[2024-11-11T03:43:40.407+0000] {logging_mixin.py:190} INFO - [2024-11-11T03:43:40.406+0000] {dag.py:3239} INFO - Sync 1 DAGs
[2024-11-11T03:43:40.414+0000] {logging_mixin.py:190} INFO - [2024-11-11T03:43:40.414+0000] {dag.py:4180} INFO - Setting next_dagrun for tutorial_objectstorage to None, run_after=None
[2024-11-11T03:43:40.423+0000] {processor.py:208} INFO - Processing /home/airflow/.local/lib/python3.12/site-packages/airflow/example_dags/tutorial_objectstorage.py took 0.038 seconds
[2024-11-11T03:44:11.087+0000] {processor.py:186} INFO - Started process (PID=8464) to work on /home/airflow/.local/lib/python3.12/site-packages/airflow/example_dags/tutorial_objectstorage.py
[2024-11-11T03:44:11.088+0000] {processor.py:914} INFO - Processing file /home/airflow/.local/lib/python3.12/site-packages/airflow/example_dags/tutorial_objectstorage.py for tasks to queue
[2024-11-11T03:44:11.089+0000] {logging_mixin.py:190} INFO - [2024-11-11T03:44:11.089+0000] {dagbag.py:588} INFO - Filling up the DagBag from /home/airflow/.local/lib/python3.12/site-packages/airflow/example_dags/tutorial_objectstorage.py
[2024-11-11T03:44:11.095+0000] {processor.py:925} INFO - DAG(s) 'tutorial_objectstorage' retrieved from /home/airflow/.local/lib/python3.12/site-packages/airflow/example_dags/tutorial_objectstorage.py
[2024-11-11T03:44:11.105+0000] {logging_mixin.py:190} INFO - [2024-11-11T03:44:11.105+0000] {dag.py:3239} INFO - Sync 1 DAGs
[2024-11-11T03:44:11.113+0000] {logging_mixin.py:190} INFO - [2024-11-11T03:44:11.112+0000] {dag.py:4180} INFO - Setting next_dagrun for tutorial_objectstorage to None, run_after=None
[2024-11-11T03:44:11.121+0000] {processor.py:208} INFO - Processing /home/airflow/.local/lib/python3.12/site-packages/airflow/example_dags/tutorial_objectstorage.py took 0.038 seconds
[2024-11-11T03:44:41.780+0000] {processor.py:186} INFO - Started process (PID=8527) to work on /home/airflow/.local/lib/python3.12/site-packages/airflow/example_dags/tutorial_objectstorage.py
[2024-11-11T03:44:41.781+0000] {processor.py:914} INFO - Processing file /home/airflow/.local/lib/python3.12/site-packages/airflow/example_dags/tutorial_objectstorage.py for tasks to queue
[2024-11-11T03:44:41.782+0000] {logging_mixin.py:190} INFO - [2024-11-11T03:44:41.782+0000] {dagbag.py:588} INFO - Filling up the DagBag from /home/airflow/.local/lib/python3.12/site-packages/airflow/example_dags/tutorial_objectstorage.py
[2024-11-11T03:44:41.788+0000] {processor.py:925} INFO - DAG(s) 'tutorial_objectstorage' retrieved from /home/airflow/.local/lib/python3.12/site-packages/airflow/example_dags/tutorial_objectstorage.py
[2024-11-11T03:44:41.799+0000] {logging_mixin.py:190} INFO - [2024-11-11T03:44:41.798+0000] {dag.py:3239} INFO - Sync 1 DAGs
[2024-11-11T03:44:41.806+0000] {logging_mixin.py:190} INFO - [2024-11-11T03:44:41.806+0000] {dag.py:4180} INFO - Setting next_dagrun for tutorial_objectstorage to None, run_after=None
[2024-11-11T03:44:41.815+0000] {processor.py:208} INFO - Processing /home/airflow/.local/lib/python3.12/site-packages/airflow/example_dags/tutorial_objectstorage.py took 0.039 seconds
[2024-11-11T03:45:12.667+0000] {processor.py:186} INFO - Started process (PID=8590) to work on /home/airflow/.local/lib/python3.12/site-packages/airflow/example_dags/tutorial_objectstorage.py
[2024-11-11T03:45:12.668+0000] {processor.py:914} INFO - Processing file /home/airflow/.local/lib/python3.12/site-packages/airflow/example_dags/tutorial_objectstorage.py for tasks to queue
[2024-11-11T03:45:12.669+0000] {logging_mixin.py:190} INFO - [2024-11-11T03:45:12.669+0000] {dagbag.py:588} INFO - Filling up the DagBag from /home/airflow/.local/lib/python3.12/site-packages/airflow/example_dags/tutorial_objectstorage.py
[2024-11-11T03:45:12.675+0000] {processor.py:925} INFO - DAG(s) 'tutorial_objectstorage' retrieved from /home/airflow/.local/lib/python3.12/site-packages/airflow/example_dags/tutorial_objectstorage.py
[2024-11-11T03:45:12.686+0000] {logging_mixin.py:190} INFO - [2024-11-11T03:45:12.686+0000] {dag.py:3239} INFO - Sync 1 DAGs
[2024-11-11T03:45:12.693+0000] {logging_mixin.py:190} INFO - [2024-11-11T03:45:12.693+0000] {dag.py:4180} INFO - Setting next_dagrun for tutorial_objectstorage to None, run_after=None
[2024-11-11T03:45:12.701+0000] {processor.py:208} INFO - Processing /home/airflow/.local/lib/python3.12/site-packages/airflow/example_dags/tutorial_objectstorage.py took 0.038 seconds
[2024-11-11T03:45:43.114+0000] {processor.py:186} INFO - Started process (PID=8653) to work on /home/airflow/.local/lib/python3.12/site-packages/airflow/example_dags/tutorial_objectstorage.py
[2024-11-11T03:45:43.114+0000] {processor.py:914} INFO - Processing file /home/airflow/.local/lib/python3.12/site-packages/airflow/example_dags/tutorial_objectstorage.py for tasks to queue
[2024-11-11T03:45:43.116+0000] {logging_mixin.py:190} INFO - [2024-11-11T03:45:43.116+0000] {dagbag.py:588} INFO - Filling up the DagBag from /home/airflow/.local/lib/python3.12/site-packages/airflow/example_dags/tutorial_objectstorage.py
[2024-11-11T03:45:43.121+0000] {processor.py:925} INFO - DAG(s) 'tutorial_objectstorage' retrieved from /home/airflow/.local/lib/python3.12/site-packages/airflow/example_dags/tutorial_objectstorage.py
[2024-11-11T03:45:43.133+0000] {logging_mixin.py:190} INFO - [2024-11-11T03:45:43.133+0000] {dag.py:3239} INFO - Sync 1 DAGs
[2024-11-11T03:45:43.141+0000] {logging_mixin.py:190} INFO - [2024-11-11T03:45:43.141+0000] {dag.py:4180} INFO - Setting next_dagrun for tutorial_objectstorage to None, run_after=None
[2024-11-11T03:45:43.150+0000] {processor.py:208} INFO - Processing /home/airflow/.local/lib/python3.12/site-packages/airflow/example_dags/tutorial_objectstorage.py took 0.040 seconds
[2024-11-11T03:46:13.918+0000] {processor.py:186} INFO - Started process (PID=8716) to work on /home/airflow/.local/lib/python3.12/site-packages/airflow/example_dags/tutorial_objectstorage.py
[2024-11-11T03:46:13.919+0000] {processor.py:914} INFO - Processing file /home/airflow/.local/lib/python3.12/site-packages/airflow/example_dags/tutorial_objectstorage.py for tasks to queue
[2024-11-11T03:46:13.921+0000] {logging_mixin.py:190} INFO - [2024-11-11T03:46:13.920+0000] {dagbag.py:588} INFO - Filling up the DagBag from /home/airflow/.local/lib/python3.12/site-packages/airflow/example_dags/tutorial_objectstorage.py
[2024-11-11T03:46:13.926+0000] {processor.py:925} INFO - DAG(s) 'tutorial_objectstorage' retrieved from /home/airflow/.local/lib/python3.12/site-packages/airflow/example_dags/tutorial_objectstorage.py
[2024-11-11T03:46:13.936+0000] {logging_mixin.py:190} INFO - [2024-11-11T03:46:13.936+0000] {dag.py:3239} INFO - Sync 1 DAGs
[2024-11-11T03:46:13.943+0000] {logging_mixin.py:190} INFO - [2024-11-11T03:46:13.943+0000] {dag.py:4180} INFO - Setting next_dagrun for tutorial_objectstorage to None, run_after=None
[2024-11-11T03:46:13.951+0000] {processor.py:208} INFO - Processing /home/airflow/.local/lib/python3.12/site-packages/airflow/example_dags/tutorial_objectstorage.py took 0.037 seconds
[2024-11-11T03:46:44.386+0000] {processor.py:186} INFO - Started process (PID=8779) to work on /home/airflow/.local/lib/python3.12/site-packages/airflow/example_dags/tutorial_objectstorage.py
[2024-11-11T03:46:44.387+0000] {processor.py:914} INFO - Processing file /home/airflow/.local/lib/python3.12/site-packages/airflow/example_dags/tutorial_objectstorage.py for tasks to queue
[2024-11-11T03:46:44.388+0000] {logging_mixin.py:190} INFO - [2024-11-11T03:46:44.388+0000] {dagbag.py:588} INFO - Filling up the DagBag from /home/airflow/.local/lib/python3.12/site-packages/airflow/example_dags/tutorial_objectstorage.py
[2024-11-11T03:46:44.394+0000] {processor.py:925} INFO - DAG(s) 'tutorial_objectstorage' retrieved from /home/airflow/.local/lib/python3.12/site-packages/airflow/example_dags/tutorial_objectstorage.py
[2024-11-11T03:46:44.405+0000] {logging_mixin.py:190} INFO - [2024-11-11T03:46:44.404+0000] {dag.py:3239} INFO - Sync 1 DAGs
[2024-11-11T03:46:44.412+0000] {logging_mixin.py:190} INFO - [2024-11-11T03:46:44.412+0000] {dag.py:4180} INFO - Setting next_dagrun for tutorial_objectstorage to None, run_after=None
[2024-11-11T03:46:44.421+0000] {processor.py:208} INFO - Processing /home/airflow/.local/lib/python3.12/site-packages/airflow/example_dags/tutorial_objectstorage.py took 0.038 seconds
[2024-11-11T03:47:14.901+0000] {processor.py:186} INFO - Started process (PID=8842) to work on /home/airflow/.local/lib/python3.12/site-packages/airflow/example_dags/tutorial_objectstorage.py
[2024-11-11T03:47:14.901+0000] {processor.py:914} INFO - Processing file /home/airflow/.local/lib/python3.12/site-packages/airflow/example_dags/tutorial_objectstorage.py for tasks to queue
[2024-11-11T03:47:14.903+0000] {logging_mixin.py:190} INFO - [2024-11-11T03:47:14.902+0000] {dagbag.py:588} INFO - Filling up the DagBag from /home/airflow/.local/lib/python3.12/site-packages/airflow/example_dags/tutorial_objectstorage.py
[2024-11-11T03:47:14.908+0000] {processor.py:925} INFO - DAG(s) 'tutorial_objectstorage' retrieved from /home/airflow/.local/lib/python3.12/site-packages/airflow/example_dags/tutorial_objectstorage.py
[2024-11-11T03:47:14.918+0000] {logging_mixin.py:190} INFO - [2024-11-11T03:47:14.918+0000] {dag.py:3239} INFO - Sync 1 DAGs
[2024-11-11T03:47:14.925+0000] {logging_mixin.py:190} INFO - [2024-11-11T03:47:14.925+0000] {dag.py:4180} INFO - Setting next_dagrun for tutorial_objectstorage to None, run_after=None
[2024-11-11T03:47:14.933+0000] {processor.py:208} INFO - Processing /home/airflow/.local/lib/python3.12/site-packages/airflow/example_dags/tutorial_objectstorage.py took 0.036 seconds
[2024-11-11T03:47:45.433+0000] {processor.py:186} INFO - Started process (PID=8905) to work on /home/airflow/.local/lib/python3.12/site-packages/airflow/example_dags/tutorial_objectstorage.py
[2024-11-11T03:47:45.434+0000] {processor.py:914} INFO - Processing file /home/airflow/.local/lib/python3.12/site-packages/airflow/example_dags/tutorial_objectstorage.py for tasks to queue
[2024-11-11T03:47:45.435+0000] {logging_mixin.py:190} INFO - [2024-11-11T03:47:45.435+0000] {dagbag.py:588} INFO - Filling up the DagBag from /home/airflow/.local/lib/python3.12/site-packages/airflow/example_dags/tutorial_objectstorage.py
[2024-11-11T03:47:45.441+0000] {processor.py:925} INFO - DAG(s) 'tutorial_objectstorage' retrieved from /home/airflow/.local/lib/python3.12/site-packages/airflow/example_dags/tutorial_objectstorage.py
[2024-11-11T03:47:45.450+0000] {logging_mixin.py:190} INFO - [2024-11-11T03:47:45.450+0000] {dag.py:3239} INFO - Sync 1 DAGs
[2024-11-11T03:47:45.457+0000] {logging_mixin.py:190} INFO - [2024-11-11T03:47:45.457+0000] {dag.py:4180} INFO - Setting next_dagrun for tutorial_objectstorage to None, run_after=None
[2024-11-11T03:47:45.465+0000] {processor.py:208} INFO - Processing /home/airflow/.local/lib/python3.12/site-packages/airflow/example_dags/tutorial_objectstorage.py took 0.036 seconds
[2024-11-11T03:48:16.066+0000] {processor.py:186} INFO - Started process (PID=8968) to work on /home/airflow/.local/lib/python3.12/site-packages/airflow/example_dags/tutorial_objectstorage.py
[2024-11-11T03:48:16.067+0000] {processor.py:914} INFO - Processing file /home/airflow/.local/lib/python3.12/site-packages/airflow/example_dags/tutorial_objectstorage.py for tasks to queue
[2024-11-11T03:48:16.068+0000] {logging_mixin.py:190} INFO - [2024-11-11T03:48:16.068+0000] {dagbag.py:588} INFO - Filling up the DagBag from /home/airflow/.local/lib/python3.12/site-packages/airflow/example_dags/tutorial_objectstorage.py
[2024-11-11T03:48:16.074+0000] {processor.py:925} INFO - DAG(s) 'tutorial_objectstorage' retrieved from /home/airflow/.local/lib/python3.12/site-packages/airflow/example_dags/tutorial_objectstorage.py
[2024-11-11T03:48:16.084+0000] {logging_mixin.py:190} INFO - [2024-11-11T03:48:16.084+0000] {dag.py:3239} INFO - Sync 1 DAGs
[2024-11-11T03:48:16.091+0000] {logging_mixin.py:190} INFO - [2024-11-11T03:48:16.091+0000] {dag.py:4180} INFO - Setting next_dagrun for tutorial_objectstorage to None, run_after=None
[2024-11-11T03:48:16.100+0000] {processor.py:208} INFO - Processing /home/airflow/.local/lib/python3.12/site-packages/airflow/example_dags/tutorial_objectstorage.py took 0.037 seconds
[2024-11-11T03:48:46.905+0000] {processor.py:186} INFO - Started process (PID=9031) to work on /home/airflow/.local/lib/python3.12/site-packages/airflow/example_dags/tutorial_objectstorage.py
[2024-11-11T03:48:46.906+0000] {processor.py:914} INFO - Processing file /home/airflow/.local/lib/python3.12/site-packages/airflow/example_dags/tutorial_objectstorage.py for tasks to queue
[2024-11-11T03:48:46.907+0000] {logging_mixin.py:190} INFO - [2024-11-11T03:48:46.907+0000] {dagbag.py:588} INFO - Filling up the DagBag from /home/airflow/.local/lib/python3.12/site-packages/airflow/example_dags/tutorial_objectstorage.py
[2024-11-11T03:48:46.913+0000] {processor.py:925} INFO - DAG(s) 'tutorial_objectstorage' retrieved from /home/airflow/.local/lib/python3.12/site-packages/airflow/example_dags/tutorial_objectstorage.py
[2024-11-11T03:48:46.923+0000] {logging_mixin.py:190} INFO - [2024-11-11T03:48:46.923+0000] {dag.py:3239} INFO - Sync 1 DAGs
[2024-11-11T03:48:46.930+0000] {logging_mixin.py:190} INFO - [2024-11-11T03:48:46.929+0000] {dag.py:4180} INFO - Setting next_dagrun for tutorial_objectstorage to None, run_after=None
[2024-11-11T03:48:46.938+0000] {processor.py:208} INFO - Processing /home/airflow/.local/lib/python3.12/site-packages/airflow/example_dags/tutorial_objectstorage.py took 0.036 seconds
[2024-11-11T03:49:17.525+0000] {processor.py:186} INFO - Started process (PID=9094) to work on /home/airflow/.local/lib/python3.12/site-packages/airflow/example_dags/tutorial_objectstorage.py
[2024-11-11T03:49:17.526+0000] {processor.py:914} INFO - Processing file /home/airflow/.local/lib/python3.12/site-packages/airflow/example_dags/tutorial_objectstorage.py for tasks to queue
[2024-11-11T03:49:17.527+0000] {logging_mixin.py:190} INFO - [2024-11-11T03:49:17.527+0000] {dagbag.py:588} INFO - Filling up the DagBag from /home/airflow/.local/lib/python3.12/site-packages/airflow/example_dags/tutorial_objectstorage.py
[2024-11-11T03:49:17.533+0000] {processor.py:925} INFO - DAG(s) 'tutorial_objectstorage' retrieved from /home/airflow/.local/lib/python3.12/site-packages/airflow/example_dags/tutorial_objectstorage.py
[2024-11-11T03:49:17.543+0000] {logging_mixin.py:190} INFO - [2024-11-11T03:49:17.543+0000] {dag.py:3239} INFO - Sync 1 DAGs
[2024-11-11T03:49:17.550+0000] {logging_mixin.py:190} INFO - [2024-11-11T03:49:17.550+0000] {dag.py:4180} INFO - Setting next_dagrun for tutorial_objectstorage to None, run_after=None
[2024-11-11T03:49:17.559+0000] {processor.py:208} INFO - Processing /home/airflow/.local/lib/python3.12/site-packages/airflow/example_dags/tutorial_objectstorage.py took 0.038 seconds
[2024-11-11T03:59:43.116+0000] {processor.py:186} INFO - Started process (PID=9157) to work on /home/airflow/.local/lib/python3.12/site-packages/airflow/example_dags/tutorial_objectstorage.py
[2024-11-11T03:59:43.116+0000] {processor.py:914} INFO - Processing file /home/airflow/.local/lib/python3.12/site-packages/airflow/example_dags/tutorial_objectstorage.py for tasks to queue
[2024-11-11T03:59:43.118+0000] {logging_mixin.py:190} INFO - [2024-11-11T03:59:43.117+0000] {dagbag.py:588} INFO - Filling up the DagBag from /home/airflow/.local/lib/python3.12/site-packages/airflow/example_dags/tutorial_objectstorage.py
[2024-11-11T03:59:43.123+0000] {processor.py:925} INFO - DAG(s) 'tutorial_objectstorage' retrieved from /home/airflow/.local/lib/python3.12/site-packages/airflow/example_dags/tutorial_objectstorage.py
[2024-11-11T03:59:43.133+0000] {logging_mixin.py:190} INFO - [2024-11-11T03:59:43.133+0000] {dag.py:3239} INFO - Sync 1 DAGs
[2024-11-11T03:59:43.140+0000] {logging_mixin.py:190} INFO - [2024-11-11T03:59:43.139+0000] {dag.py:4180} INFO - Setting next_dagrun for tutorial_objectstorage to None, run_after=None
[2024-11-11T03:59:43.148+0000] {processor.py:208} INFO - Processing /home/airflow/.local/lib/python3.12/site-packages/airflow/example_dags/tutorial_objectstorage.py took 0.035 seconds
[2024-11-11T04:00:13.756+0000] {processor.py:186} INFO - Started process (PID=9220) to work on /home/airflow/.local/lib/python3.12/site-packages/airflow/example_dags/tutorial_objectstorage.py
[2024-11-11T04:00:13.757+0000] {processor.py:914} INFO - Processing file /home/airflow/.local/lib/python3.12/site-packages/airflow/example_dags/tutorial_objectstorage.py for tasks to queue
[2024-11-11T04:00:13.758+0000] {logging_mixin.py:190} INFO - [2024-11-11T04:00:13.758+0000] {dagbag.py:588} INFO - Filling up the DagBag from /home/airflow/.local/lib/python3.12/site-packages/airflow/example_dags/tutorial_objectstorage.py
[2024-11-11T04:00:13.764+0000] {processor.py:925} INFO - DAG(s) 'tutorial_objectstorage' retrieved from /home/airflow/.local/lib/python3.12/site-packages/airflow/example_dags/tutorial_objectstorage.py
[2024-11-11T04:00:13.774+0000] {logging_mixin.py:190} INFO - [2024-11-11T04:00:13.773+0000] {dag.py:3239} INFO - Sync 1 DAGs
[2024-11-11T04:00:13.781+0000] {logging_mixin.py:190} INFO - [2024-11-11T04:00:13.781+0000] {dag.py:4180} INFO - Setting next_dagrun for tutorial_objectstorage to None, run_after=None
[2024-11-11T04:00:13.790+0000] {processor.py:208} INFO - Processing /home/airflow/.local/lib/python3.12/site-packages/airflow/example_dags/tutorial_objectstorage.py took 0.037 seconds
[2024-11-11T04:00:44.618+0000] {processor.py:186} INFO - Started process (PID=9283) to work on /home/airflow/.local/lib/python3.12/site-packages/airflow/example_dags/tutorial_objectstorage.py
[2024-11-11T04:00:44.618+0000] {processor.py:914} INFO - Processing file /home/airflow/.local/lib/python3.12/site-packages/airflow/example_dags/tutorial_objectstorage.py for tasks to queue
[2024-11-11T04:00:44.620+0000] {logging_mixin.py:190} INFO - [2024-11-11T04:00:44.619+0000] {dagbag.py:588} INFO - Filling up the DagBag from /home/airflow/.local/lib/python3.12/site-packages/airflow/example_dags/tutorial_objectstorage.py
[2024-11-11T04:00:44.625+0000] {processor.py:925} INFO - DAG(s) 'tutorial_objectstorage' retrieved from /home/airflow/.local/lib/python3.12/site-packages/airflow/example_dags/tutorial_objectstorage.py
[2024-11-11T04:00:44.636+0000] {logging_mixin.py:190} INFO - [2024-11-11T04:00:44.636+0000] {dag.py:3239} INFO - Sync 1 DAGs
[2024-11-11T04:00:44.643+0000] {logging_mixin.py:190} INFO - [2024-11-11T04:00:44.643+0000] {dag.py:4180} INFO - Setting next_dagrun for tutorial_objectstorage to None, run_after=None
[2024-11-11T04:00:44.653+0000] {processor.py:208} INFO - Processing /home/airflow/.local/lib/python3.12/site-packages/airflow/example_dags/tutorial_objectstorage.py took 0.039 seconds
[2024-11-11T04:01:15.249+0000] {processor.py:186} INFO - Started process (PID=9346) to work on /home/airflow/.local/lib/python3.12/site-packages/airflow/example_dags/tutorial_objectstorage.py
[2024-11-11T04:01:15.249+0000] {processor.py:914} INFO - Processing file /home/airflow/.local/lib/python3.12/site-packages/airflow/example_dags/tutorial_objectstorage.py for tasks to queue
[2024-11-11T04:01:15.251+0000] {logging_mixin.py:190} INFO - [2024-11-11T04:01:15.251+0000] {dagbag.py:588} INFO - Filling up the DagBag from /home/airflow/.local/lib/python3.12/site-packages/airflow/example_dags/tutorial_objectstorage.py
[2024-11-11T04:01:15.257+0000] {processor.py:925} INFO - DAG(s) 'tutorial_objectstorage' retrieved from /home/airflow/.local/lib/python3.12/site-packages/airflow/example_dags/tutorial_objectstorage.py
[2024-11-11T04:01:15.267+0000] {logging_mixin.py:190} INFO - [2024-11-11T04:01:15.267+0000] {dag.py:3239} INFO - Sync 1 DAGs
[2024-11-11T04:01:15.274+0000] {logging_mixin.py:190} INFO - [2024-11-11T04:01:15.274+0000] {dag.py:4180} INFO - Setting next_dagrun for tutorial_objectstorage to None, run_after=None
[2024-11-11T04:01:15.283+0000] {processor.py:208} INFO - Processing /home/airflow/.local/lib/python3.12/site-packages/airflow/example_dags/tutorial_objectstorage.py took 0.038 seconds
[2024-11-11T04:01:46.147+0000] {processor.py:186} INFO - Started process (PID=9409) to work on /home/airflow/.local/lib/python3.12/site-packages/airflow/example_dags/tutorial_objectstorage.py
[2024-11-11T04:01:46.148+0000] {processor.py:914} INFO - Processing file /home/airflow/.local/lib/python3.12/site-packages/airflow/example_dags/tutorial_objectstorage.py for tasks to queue
[2024-11-11T04:01:46.149+0000] {logging_mixin.py:190} INFO - [2024-11-11T04:01:46.149+0000] {dagbag.py:588} INFO - Filling up the DagBag from /home/airflow/.local/lib/python3.12/site-packages/airflow/example_dags/tutorial_objectstorage.py
[2024-11-11T04:01:46.155+0000] {processor.py:925} INFO - DAG(s) 'tutorial_objectstorage' retrieved from /home/airflow/.local/lib/python3.12/site-packages/airflow/example_dags/tutorial_objectstorage.py
[2024-11-11T04:01:46.165+0000] {logging_mixin.py:190} INFO - [2024-11-11T04:01:46.165+0000] {dag.py:3239} INFO - Sync 1 DAGs
[2024-11-11T04:01:46.172+0000] {logging_mixin.py:190} INFO - [2024-11-11T04:01:46.172+0000] {dag.py:4180} INFO - Setting next_dagrun for tutorial_objectstorage to None, run_after=None
[2024-11-11T04:01:46.181+0000] {processor.py:208} INFO - Processing /home/airflow/.local/lib/python3.12/site-packages/airflow/example_dags/tutorial_objectstorage.py took 0.038 seconds
[2024-11-11T04:02:17.002+0000] {processor.py:186} INFO - Started process (PID=9472) to work on /home/airflow/.local/lib/python3.12/site-packages/airflow/example_dags/tutorial_objectstorage.py
[2024-11-11T04:02:17.002+0000] {processor.py:914} INFO - Processing file /home/airflow/.local/lib/python3.12/site-packages/airflow/example_dags/tutorial_objectstorage.py for tasks to queue
[2024-11-11T04:02:17.004+0000] {logging_mixin.py:190} INFO - [2024-11-11T04:02:17.004+0000] {dagbag.py:588} INFO - Filling up the DagBag from /home/airflow/.local/lib/python3.12/site-packages/airflow/example_dags/tutorial_objectstorage.py
[2024-11-11T04:02:17.010+0000] {processor.py:925} INFO - DAG(s) 'tutorial_objectstorage' retrieved from /home/airflow/.local/lib/python3.12/site-packages/airflow/example_dags/tutorial_objectstorage.py
[2024-11-11T04:02:17.020+0000] {logging_mixin.py:190} INFO - [2024-11-11T04:02:17.019+0000] {dag.py:3239} INFO - Sync 1 DAGs
[2024-11-11T04:02:17.027+0000] {logging_mixin.py:190} INFO - [2024-11-11T04:02:17.027+0000] {dag.py:4180} INFO - Setting next_dagrun for tutorial_objectstorage to None, run_after=None
[2024-11-11T04:02:17.036+0000] {processor.py:208} INFO - Processing /home/airflow/.local/lib/python3.12/site-packages/airflow/example_dags/tutorial_objectstorage.py took 0.038 seconds
[2024-11-11T04:02:47.687+0000] {processor.py:186} INFO - Started process (PID=9535) to work on /home/airflow/.local/lib/python3.12/site-packages/airflow/example_dags/tutorial_objectstorage.py
[2024-11-11T04:02:47.688+0000] {processor.py:914} INFO - Processing file /home/airflow/.local/lib/python3.12/site-packages/airflow/example_dags/tutorial_objectstorage.py for tasks to queue
[2024-11-11T04:02:47.689+0000] {logging_mixin.py:190} INFO - [2024-11-11T04:02:47.689+0000] {dagbag.py:588} INFO - Filling up the DagBag from /home/airflow/.local/lib/python3.12/site-packages/airflow/example_dags/tutorial_objectstorage.py
[2024-11-11T04:02:47.695+0000] {processor.py:925} INFO - DAG(s) 'tutorial_objectstorage' retrieved from /home/airflow/.local/lib/python3.12/site-packages/airflow/example_dags/tutorial_objectstorage.py
[2024-11-11T04:02:47.705+0000] {logging_mixin.py:190} INFO - [2024-11-11T04:02:47.705+0000] {dag.py:3239} INFO - Sync 1 DAGs
[2024-11-11T04:02:47.712+0000] {logging_mixin.py:190} INFO - [2024-11-11T04:02:47.711+0000] {dag.py:4180} INFO - Setting next_dagrun for tutorial_objectstorage to None, run_after=None
[2024-11-11T04:02:47.720+0000] {processor.py:208} INFO - Processing /home/airflow/.local/lib/python3.12/site-packages/airflow/example_dags/tutorial_objectstorage.py took 0.037 seconds
[2024-11-11T04:03:18.339+0000] {processor.py:186} INFO - Started process (PID=9598) to work on /home/airflow/.local/lib/python3.12/site-packages/airflow/example_dags/tutorial_objectstorage.py
[2024-11-11T04:03:18.340+0000] {processor.py:914} INFO - Processing file /home/airflow/.local/lib/python3.12/site-packages/airflow/example_dags/tutorial_objectstorage.py for tasks to queue
[2024-11-11T04:03:18.342+0000] {logging_mixin.py:190} INFO - [2024-11-11T04:03:18.341+0000] {dagbag.py:588} INFO - Filling up the DagBag from /home/airflow/.local/lib/python3.12/site-packages/airflow/example_dags/tutorial_objectstorage.py
[2024-11-11T04:03:18.347+0000] {processor.py:925} INFO - DAG(s) 'tutorial_objectstorage' retrieved from /home/airflow/.local/lib/python3.12/site-packages/airflow/example_dags/tutorial_objectstorage.py
[2024-11-11T04:03:18.358+0000] {logging_mixin.py:190} INFO - [2024-11-11T04:03:18.358+0000] {dag.py:3239} INFO - Sync 1 DAGs
[2024-11-11T04:03:18.365+0000] {logging_mixin.py:190} INFO - [2024-11-11T04:03:18.365+0000] {dag.py:4180} INFO - Setting next_dagrun for tutorial_objectstorage to None, run_after=None
[2024-11-11T04:03:18.374+0000] {processor.py:208} INFO - Processing /home/airflow/.local/lib/python3.12/site-packages/airflow/example_dags/tutorial_objectstorage.py took 0.038 seconds
[2024-11-11T04:03:49.289+0000] {processor.py:186} INFO - Started process (PID=9661) to work on /home/airflow/.local/lib/python3.12/site-packages/airflow/example_dags/tutorial_objectstorage.py
[2024-11-11T04:03:49.290+0000] {processor.py:914} INFO - Processing file /home/airflow/.local/lib/python3.12/site-packages/airflow/example_dags/tutorial_objectstorage.py for tasks to queue
[2024-11-11T04:03:49.291+0000] {logging_mixin.py:190} INFO - [2024-11-11T04:03:49.291+0000] {dagbag.py:588} INFO - Filling up the DagBag from /home/airflow/.local/lib/python3.12/site-packages/airflow/example_dags/tutorial_objectstorage.py
[2024-11-11T04:03:49.297+0000] {processor.py:925} INFO - DAG(s) 'tutorial_objectstorage' retrieved from /home/airflow/.local/lib/python3.12/site-packages/airflow/example_dags/tutorial_objectstorage.py
[2024-11-11T04:03:49.308+0000] {logging_mixin.py:190} INFO - [2024-11-11T04:03:49.307+0000] {dag.py:3239} INFO - Sync 1 DAGs
[2024-11-11T04:03:49.314+0000] {logging_mixin.py:190} INFO - [2024-11-11T04:03:49.314+0000] {dag.py:4180} INFO - Setting next_dagrun for tutorial_objectstorage to None, run_after=None
[2024-11-11T04:03:49.323+0000] {processor.py:208} INFO - Processing /home/airflow/.local/lib/python3.12/site-packages/airflow/example_dags/tutorial_objectstorage.py took 0.037 seconds
[2024-11-11T04:04:20.274+0000] {processor.py:186} INFO - Started process (PID=9724) to work on /home/airflow/.local/lib/python3.12/site-packages/airflow/example_dags/tutorial_objectstorage.py
[2024-11-11T04:04:20.275+0000] {processor.py:914} INFO - Processing file /home/airflow/.local/lib/python3.12/site-packages/airflow/example_dags/tutorial_objectstorage.py for tasks to queue
[2024-11-11T04:04:20.277+0000] {logging_mixin.py:190} INFO - [2024-11-11T04:04:20.276+0000] {dagbag.py:588} INFO - Filling up the DagBag from /home/airflow/.local/lib/python3.12/site-packages/airflow/example_dags/tutorial_objectstorage.py
[2024-11-11T04:04:20.283+0000] {processor.py:925} INFO - DAG(s) 'tutorial_objectstorage' retrieved from /home/airflow/.local/lib/python3.12/site-packages/airflow/example_dags/tutorial_objectstorage.py
[2024-11-11T04:04:20.294+0000] {logging_mixin.py:190} INFO - [2024-11-11T04:04:20.293+0000] {dag.py:3239} INFO - Sync 1 DAGs
[2024-11-11T04:04:20.301+0000] {logging_mixin.py:190} INFO - [2024-11-11T04:04:20.301+0000] {dag.py:4180} INFO - Setting next_dagrun for tutorial_objectstorage to None, run_after=None
[2024-11-11T04:04:20.310+0000] {processor.py:208} INFO - Processing /home/airflow/.local/lib/python3.12/site-packages/airflow/example_dags/tutorial_objectstorage.py took 0.039 seconds
[2024-11-11T04:04:51.190+0000] {processor.py:186} INFO - Started process (PID=9787) to work on /home/airflow/.local/lib/python3.12/site-packages/airflow/example_dags/tutorial_objectstorage.py
[2024-11-11T04:04:51.191+0000] {processor.py:914} INFO - Processing file /home/airflow/.local/lib/python3.12/site-packages/airflow/example_dags/tutorial_objectstorage.py for tasks to queue
[2024-11-11T04:04:51.193+0000] {logging_mixin.py:190} INFO - [2024-11-11T04:04:51.193+0000] {dagbag.py:588} INFO - Filling up the DagBag from /home/airflow/.local/lib/python3.12/site-packages/airflow/example_dags/tutorial_objectstorage.py
[2024-11-11T04:04:51.199+0000] {processor.py:925} INFO - DAG(s) 'tutorial_objectstorage' retrieved from /home/airflow/.local/lib/python3.12/site-packages/airflow/example_dags/tutorial_objectstorage.py
[2024-11-11T04:04:51.213+0000] {logging_mixin.py:190} INFO - [2024-11-11T04:04:51.212+0000] {dag.py:3239} INFO - Sync 1 DAGs
[2024-11-11T04:04:51.221+0000] {logging_mixin.py:190} INFO - [2024-11-11T04:04:51.221+0000] {dag.py:4180} INFO - Setting next_dagrun for tutorial_objectstorage to None, run_after=None
[2024-11-11T04:04:51.231+0000] {processor.py:208} INFO - Processing /home/airflow/.local/lib/python3.12/site-packages/airflow/example_dags/tutorial_objectstorage.py took 0.045 seconds
[2024-11-11T04:05:21.912+0000] {processor.py:186} INFO - Started process (PID=9850) to work on /home/airflow/.local/lib/python3.12/site-packages/airflow/example_dags/tutorial_objectstorage.py
[2024-11-11T04:05:21.913+0000] {processor.py:914} INFO - Processing file /home/airflow/.local/lib/python3.12/site-packages/airflow/example_dags/tutorial_objectstorage.py for tasks to queue
[2024-11-11T04:05:21.914+0000] {logging_mixin.py:190} INFO - [2024-11-11T04:05:21.914+0000] {dagbag.py:588} INFO - Filling up the DagBag from /home/airflow/.local/lib/python3.12/site-packages/airflow/example_dags/tutorial_objectstorage.py
[2024-11-11T04:05:21.920+0000] {processor.py:925} INFO - DAG(s) 'tutorial_objectstorage' retrieved from /home/airflow/.local/lib/python3.12/site-packages/airflow/example_dags/tutorial_objectstorage.py
[2024-11-11T04:05:21.930+0000] {logging_mixin.py:190} INFO - [2024-11-11T04:05:21.930+0000] {dag.py:3239} INFO - Sync 1 DAGs
[2024-11-11T04:05:21.938+0000] {logging_mixin.py:190} INFO - [2024-11-11T04:05:21.937+0000] {dag.py:4180} INFO - Setting next_dagrun for tutorial_objectstorage to None, run_after=None
[2024-11-11T04:05:21.947+0000] {processor.py:208} INFO - Processing /home/airflow/.local/lib/python3.12/site-packages/airflow/example_dags/tutorial_objectstorage.py took 0.038 seconds
[2024-11-11T04:05:52.544+0000] {processor.py:186} INFO - Started process (PID=9913) to work on /home/airflow/.local/lib/python3.12/site-packages/airflow/example_dags/tutorial_objectstorage.py
[2024-11-11T04:05:52.545+0000] {processor.py:914} INFO - Processing file /home/airflow/.local/lib/python3.12/site-packages/airflow/example_dags/tutorial_objectstorage.py for tasks to queue
[2024-11-11T04:05:52.546+0000] {logging_mixin.py:190} INFO - [2024-11-11T04:05:52.546+0000] {dagbag.py:588} INFO - Filling up the DagBag from /home/airflow/.local/lib/python3.12/site-packages/airflow/example_dags/tutorial_objectstorage.py
[2024-11-11T04:05:52.555+0000] {processor.py:925} INFO - DAG(s) 'tutorial_objectstorage' retrieved from /home/airflow/.local/lib/python3.12/site-packages/airflow/example_dags/tutorial_objectstorage.py
[2024-11-11T04:05:52.565+0000] {logging_mixin.py:190} INFO - [2024-11-11T04:05:52.565+0000] {dag.py:3239} INFO - Sync 1 DAGs
[2024-11-11T04:05:52.572+0000] {logging_mixin.py:190} INFO - [2024-11-11T04:05:52.572+0000] {dag.py:4180} INFO - Setting next_dagrun for tutorial_objectstorage to None, run_after=None
[2024-11-11T04:05:52.581+0000] {processor.py:208} INFO - Processing /home/airflow/.local/lib/python3.12/site-packages/airflow/example_dags/tutorial_objectstorage.py took 0.041 seconds
[2024-11-11T04:06:23.320+0000] {processor.py:186} INFO - Started process (PID=9976) to work on /home/airflow/.local/lib/python3.12/site-packages/airflow/example_dags/tutorial_objectstorage.py
[2024-11-11T04:06:23.320+0000] {processor.py:914} INFO - Processing file /home/airflow/.local/lib/python3.12/site-packages/airflow/example_dags/tutorial_objectstorage.py for tasks to queue
[2024-11-11T04:06:23.322+0000] {logging_mixin.py:190} INFO - [2024-11-11T04:06:23.322+0000] {dagbag.py:588} INFO - Filling up the DagBag from /home/airflow/.local/lib/python3.12/site-packages/airflow/example_dags/tutorial_objectstorage.py
[2024-11-11T04:06:23.328+0000] {processor.py:925} INFO - DAG(s) 'tutorial_objectstorage' retrieved from /home/airflow/.local/lib/python3.12/site-packages/airflow/example_dags/tutorial_objectstorage.py
[2024-11-11T04:06:23.338+0000] {logging_mixin.py:190} INFO - [2024-11-11T04:06:23.338+0000] {dag.py:3239} INFO - Sync 1 DAGs
[2024-11-11T04:06:23.346+0000] {logging_mixin.py:190} INFO - [2024-11-11T04:06:23.345+0000] {dag.py:4180} INFO - Setting next_dagrun for tutorial_objectstorage to None, run_after=None
[2024-11-11T04:06:23.354+0000] {processor.py:208} INFO - Processing /home/airflow/.local/lib/python3.12/site-packages/airflow/example_dags/tutorial_objectstorage.py took 0.038 seconds
[2024-11-11T04:06:54.131+0000] {processor.py:186} INFO - Started process (PID=10039) to work on /home/airflow/.local/lib/python3.12/site-packages/airflow/example_dags/tutorial_objectstorage.py
[2024-11-11T04:06:54.132+0000] {processor.py:914} INFO - Processing file /home/airflow/.local/lib/python3.12/site-packages/airflow/example_dags/tutorial_objectstorage.py for tasks to queue
[2024-11-11T04:06:54.133+0000] {logging_mixin.py:190} INFO - [2024-11-11T04:06:54.133+0000] {dagbag.py:588} INFO - Filling up the DagBag from /home/airflow/.local/lib/python3.12/site-packages/airflow/example_dags/tutorial_objectstorage.py
[2024-11-11T04:06:54.139+0000] {processor.py:925} INFO - DAG(s) 'tutorial_objectstorage' retrieved from /home/airflow/.local/lib/python3.12/site-packages/airflow/example_dags/tutorial_objectstorage.py
[2024-11-11T04:06:54.150+0000] {logging_mixin.py:190} INFO - [2024-11-11T04:06:54.150+0000] {dag.py:3239} INFO - Sync 1 DAGs
[2024-11-11T04:06:54.157+0000] {logging_mixin.py:190} INFO - [2024-11-11T04:06:54.157+0000] {dag.py:4180} INFO - Setting next_dagrun for tutorial_objectstorage to None, run_after=None
[2024-11-11T04:06:54.166+0000] {processor.py:208} INFO - Processing /home/airflow/.local/lib/python3.12/site-packages/airflow/example_dags/tutorial_objectstorage.py took 0.038 seconds
[2024-11-11T04:07:24.879+0000] {processor.py:186} INFO - Started process (PID=10102) to work on /home/airflow/.local/lib/python3.12/site-packages/airflow/example_dags/tutorial_objectstorage.py
[2024-11-11T04:07:24.880+0000] {processor.py:914} INFO - Processing file /home/airflow/.local/lib/python3.12/site-packages/airflow/example_dags/tutorial_objectstorage.py for tasks to queue
[2024-11-11T04:07:24.881+0000] {logging_mixin.py:190} INFO - [2024-11-11T04:07:24.881+0000] {dagbag.py:588} INFO - Filling up the DagBag from /home/airflow/.local/lib/python3.12/site-packages/airflow/example_dags/tutorial_objectstorage.py
[2024-11-11T04:07:24.887+0000] {processor.py:925} INFO - DAG(s) 'tutorial_objectstorage' retrieved from /home/airflow/.local/lib/python3.12/site-packages/airflow/example_dags/tutorial_objectstorage.py
[2024-11-11T04:07:24.898+0000] {logging_mixin.py:190} INFO - [2024-11-11T04:07:24.897+0000] {dag.py:3239} INFO - Sync 1 DAGs
[2024-11-11T04:07:24.905+0000] {logging_mixin.py:190} INFO - [2024-11-11T04:07:24.904+0000] {dag.py:4180} INFO - Setting next_dagrun for tutorial_objectstorage to None, run_after=None
[2024-11-11T04:07:24.913+0000] {processor.py:208} INFO - Processing /home/airflow/.local/lib/python3.12/site-packages/airflow/example_dags/tutorial_objectstorage.py took 0.038 seconds
[2024-11-11T04:07:55.735+0000] {processor.py:186} INFO - Started process (PID=10165) to work on /home/airflow/.local/lib/python3.12/site-packages/airflow/example_dags/tutorial_objectstorage.py
[2024-11-11T04:07:55.736+0000] {processor.py:914} INFO - Processing file /home/airflow/.local/lib/python3.12/site-packages/airflow/example_dags/tutorial_objectstorage.py for tasks to queue
[2024-11-11T04:07:55.737+0000] {logging_mixin.py:190} INFO - [2024-11-11T04:07:55.737+0000] {dagbag.py:588} INFO - Filling up the DagBag from /home/airflow/.local/lib/python3.12/site-packages/airflow/example_dags/tutorial_objectstorage.py
[2024-11-11T04:07:55.743+0000] {processor.py:925} INFO - DAG(s) 'tutorial_objectstorage' retrieved from /home/airflow/.local/lib/python3.12/site-packages/airflow/example_dags/tutorial_objectstorage.py
[2024-11-11T04:07:55.753+0000] {logging_mixin.py:190} INFO - [2024-11-11T04:07:55.753+0000] {dag.py:3239} INFO - Sync 1 DAGs
[2024-11-11T04:07:55.761+0000] {logging_mixin.py:190} INFO - [2024-11-11T04:07:55.761+0000] {dag.py:4180} INFO - Setting next_dagrun for tutorial_objectstorage to None, run_after=None
[2024-11-11T04:07:55.770+0000] {processor.py:208} INFO - Processing /home/airflow/.local/lib/python3.12/site-packages/airflow/example_dags/tutorial_objectstorage.py took 0.038 seconds
[2024-11-11T04:08:26.583+0000] {processor.py:186} INFO - Started process (PID=10228) to work on /home/airflow/.local/lib/python3.12/site-packages/airflow/example_dags/tutorial_objectstorage.py
[2024-11-11T04:08:26.584+0000] {processor.py:914} INFO - Processing file /home/airflow/.local/lib/python3.12/site-packages/airflow/example_dags/tutorial_objectstorage.py for tasks to queue
[2024-11-11T04:08:26.585+0000] {logging_mixin.py:190} INFO - [2024-11-11T04:08:26.585+0000] {dagbag.py:588} INFO - Filling up the DagBag from /home/airflow/.local/lib/python3.12/site-packages/airflow/example_dags/tutorial_objectstorage.py
[2024-11-11T04:08:26.591+0000] {processor.py:925} INFO - DAG(s) 'tutorial_objectstorage' retrieved from /home/airflow/.local/lib/python3.12/site-packages/airflow/example_dags/tutorial_objectstorage.py
[2024-11-11T04:08:26.601+0000] {logging_mixin.py:190} INFO - [2024-11-11T04:08:26.601+0000] {dag.py:3239} INFO - Sync 1 DAGs
[2024-11-11T04:08:26.608+0000] {logging_mixin.py:190} INFO - [2024-11-11T04:08:26.608+0000] {dag.py:4180} INFO - Setting next_dagrun for tutorial_objectstorage to None, run_after=None
[2024-11-11T04:08:26.616+0000] {processor.py:208} INFO - Processing /home/airflow/.local/lib/python3.12/site-packages/airflow/example_dags/tutorial_objectstorage.py took 0.036 seconds
[2024-11-11T04:08:57.174+0000] {processor.py:186} INFO - Started process (PID=10291) to work on /home/airflow/.local/lib/python3.12/site-packages/airflow/example_dags/tutorial_objectstorage.py
[2024-11-11T04:08:57.175+0000] {processor.py:914} INFO - Processing file /home/airflow/.local/lib/python3.12/site-packages/airflow/example_dags/tutorial_objectstorage.py for tasks to queue
[2024-11-11T04:08:57.177+0000] {logging_mixin.py:190} INFO - [2024-11-11T04:08:57.176+0000] {dagbag.py:588} INFO - Filling up the DagBag from /home/airflow/.local/lib/python3.12/site-packages/airflow/example_dags/tutorial_objectstorage.py
[2024-11-11T04:08:57.182+0000] {processor.py:925} INFO - DAG(s) 'tutorial_objectstorage' retrieved from /home/airflow/.local/lib/python3.12/site-packages/airflow/example_dags/tutorial_objectstorage.py
[2024-11-11T04:08:57.192+0000] {logging_mixin.py:190} INFO - [2024-11-11T04:08:57.192+0000] {dag.py:3239} INFO - Sync 1 DAGs
[2024-11-11T04:08:57.200+0000] {logging_mixin.py:190} INFO - [2024-11-11T04:08:57.200+0000] {dag.py:4180} INFO - Setting next_dagrun for tutorial_objectstorage to None, run_after=None
[2024-11-11T04:08:57.208+0000] {processor.py:208} INFO - Processing /home/airflow/.local/lib/python3.12/site-packages/airflow/example_dags/tutorial_objectstorage.py took 0.038 seconds
[2024-11-11T04:09:27.735+0000] {processor.py:186} INFO - Started process (PID=10354) to work on /home/airflow/.local/lib/python3.12/site-packages/airflow/example_dags/tutorial_objectstorage.py
[2024-11-11T04:09:27.736+0000] {processor.py:914} INFO - Processing file /home/airflow/.local/lib/python3.12/site-packages/airflow/example_dags/tutorial_objectstorage.py for tasks to queue
[2024-11-11T04:09:27.737+0000] {logging_mixin.py:190} INFO - [2024-11-11T04:09:27.737+0000] {dagbag.py:588} INFO - Filling up the DagBag from /home/airflow/.local/lib/python3.12/site-packages/airflow/example_dags/tutorial_objectstorage.py
[2024-11-11T04:09:27.742+0000] {processor.py:925} INFO - DAG(s) 'tutorial_objectstorage' retrieved from /home/airflow/.local/lib/python3.12/site-packages/airflow/example_dags/tutorial_objectstorage.py
[2024-11-11T04:09:27.752+0000] {logging_mixin.py:190} INFO - [2024-11-11T04:09:27.752+0000] {dag.py:3239} INFO - Sync 1 DAGs
[2024-11-11T04:09:27.759+0000] {logging_mixin.py:190} INFO - [2024-11-11T04:09:27.759+0000] {dag.py:4180} INFO - Setting next_dagrun for tutorial_objectstorage to None, run_after=None
[2024-11-11T04:09:27.768+0000] {processor.py:208} INFO - Processing /home/airflow/.local/lib/python3.12/site-packages/airflow/example_dags/tutorial_objectstorage.py took 0.037 seconds
[2024-11-11T04:09:59.241+0000] {processor.py:186} INFO - Started process (PID=10417) to work on /home/airflow/.local/lib/python3.12/site-packages/airflow/example_dags/tutorial_objectstorage.py
[2024-11-11T04:09:59.242+0000] {processor.py:914} INFO - Processing file /home/airflow/.local/lib/python3.12/site-packages/airflow/example_dags/tutorial_objectstorage.py for tasks to queue
[2024-11-11T04:09:59.244+0000] {logging_mixin.py:190} INFO - [2024-11-11T04:09:59.244+0000] {dagbag.py:588} INFO - Filling up the DagBag from /home/airflow/.local/lib/python3.12/site-packages/airflow/example_dags/tutorial_objectstorage.py
[2024-11-11T04:09:59.249+0000] {processor.py:925} INFO - DAG(s) 'tutorial_objectstorage' retrieved from /home/airflow/.local/lib/python3.12/site-packages/airflow/example_dags/tutorial_objectstorage.py
[2024-11-11T04:09:59.260+0000] {logging_mixin.py:190} INFO - [2024-11-11T04:09:59.260+0000] {dag.py:3239} INFO - Sync 1 DAGs
[2024-11-11T04:09:59.268+0000] {logging_mixin.py:190} INFO - [2024-11-11T04:09:59.267+0000] {dag.py:4180} INFO - Setting next_dagrun for tutorial_objectstorage to None, run_after=None
[2024-11-11T04:09:59.277+0000] {processor.py:208} INFO - Processing /home/airflow/.local/lib/python3.12/site-packages/airflow/example_dags/tutorial_objectstorage.py took 0.039 seconds
[2024-11-11T04:10:31.272+0000] {processor.py:186} INFO - Started process (PID=10480) to work on /home/airflow/.local/lib/python3.12/site-packages/airflow/example_dags/tutorial_objectstorage.py
[2024-11-11T04:10:31.273+0000] {processor.py:914} INFO - Processing file /home/airflow/.local/lib/python3.12/site-packages/airflow/example_dags/tutorial_objectstorage.py for tasks to queue
[2024-11-11T04:10:31.275+0000] {logging_mixin.py:190} INFO - [2024-11-11T04:10:31.274+0000] {dagbag.py:588} INFO - Filling up the DagBag from /home/airflow/.local/lib/python3.12/site-packages/airflow/example_dags/tutorial_objectstorage.py
[2024-11-11T04:10:31.280+0000] {processor.py:925} INFO - DAG(s) 'tutorial_objectstorage' retrieved from /home/airflow/.local/lib/python3.12/site-packages/airflow/example_dags/tutorial_objectstorage.py
[2024-11-11T04:10:31.290+0000] {logging_mixin.py:190} INFO - [2024-11-11T04:10:31.290+0000] {dag.py:3239} INFO - Sync 1 DAGs
[2024-11-11T04:10:31.297+0000] {logging_mixin.py:190} INFO - [2024-11-11T04:10:31.297+0000] {dag.py:4180} INFO - Setting next_dagrun for tutorial_objectstorage to None, run_after=None
[2024-11-11T04:10:31.408+0000] {processor.py:208} INFO - Processing /home/airflow/.local/lib/python3.12/site-packages/airflow/example_dags/tutorial_objectstorage.py took 0.140 seconds
[2024-11-11T04:11:02.120+0000] {processor.py:186} INFO - Started process (PID=10543) to work on /home/airflow/.local/lib/python3.12/site-packages/airflow/example_dags/tutorial_objectstorage.py
[2024-11-11T04:11:02.121+0000] {processor.py:914} INFO - Processing file /home/airflow/.local/lib/python3.12/site-packages/airflow/example_dags/tutorial_objectstorage.py for tasks to queue
[2024-11-11T04:11:02.122+0000] {logging_mixin.py:190} INFO - [2024-11-11T04:11:02.122+0000] {dagbag.py:588} INFO - Filling up the DagBag from /home/airflow/.local/lib/python3.12/site-packages/airflow/example_dags/tutorial_objectstorage.py
[2024-11-11T04:11:02.128+0000] {processor.py:925} INFO - DAG(s) 'tutorial_objectstorage' retrieved from /home/airflow/.local/lib/python3.12/site-packages/airflow/example_dags/tutorial_objectstorage.py
[2024-11-11T04:11:02.137+0000] {logging_mixin.py:190} INFO - [2024-11-11T04:11:02.137+0000] {dag.py:3239} INFO - Sync 1 DAGs
[2024-11-11T04:11:02.144+0000] {logging_mixin.py:190} INFO - [2024-11-11T04:11:02.143+0000] {dag.py:4180} INFO - Setting next_dagrun for tutorial_objectstorage to None, run_after=None
[2024-11-11T04:11:02.152+0000] {processor.py:208} INFO - Processing /home/airflow/.local/lib/python3.12/site-packages/airflow/example_dags/tutorial_objectstorage.py took 0.036 seconds
[2024-11-11T04:11:32.703+0000] {processor.py:186} INFO - Started process (PID=10606) to work on /home/airflow/.local/lib/python3.12/site-packages/airflow/example_dags/tutorial_objectstorage.py
[2024-11-11T04:11:32.704+0000] {processor.py:914} INFO - Processing file /home/airflow/.local/lib/python3.12/site-packages/airflow/example_dags/tutorial_objectstorage.py for tasks to queue
[2024-11-11T04:11:32.706+0000] {logging_mixin.py:190} INFO - [2024-11-11T04:11:32.705+0000] {dagbag.py:588} INFO - Filling up the DagBag from /home/airflow/.local/lib/python3.12/site-packages/airflow/example_dags/tutorial_objectstorage.py
[2024-11-11T04:11:32.711+0000] {processor.py:925} INFO - DAG(s) 'tutorial_objectstorage' retrieved from /home/airflow/.local/lib/python3.12/site-packages/airflow/example_dags/tutorial_objectstorage.py
[2024-11-11T04:11:32.722+0000] {logging_mixin.py:190} INFO - [2024-11-11T04:11:32.722+0000] {dag.py:3239} INFO - Sync 1 DAGs
[2024-11-11T04:11:32.729+0000] {logging_mixin.py:190} INFO - [2024-11-11T04:11:32.729+0000] {dag.py:4180} INFO - Setting next_dagrun for tutorial_objectstorage to None, run_after=None
[2024-11-11T04:11:32.737+0000] {processor.py:208} INFO - Processing /home/airflow/.local/lib/python3.12/site-packages/airflow/example_dags/tutorial_objectstorage.py took 0.037 seconds
[2024-11-11T04:12:03.601+0000] {processor.py:186} INFO - Started process (PID=10669) to work on /home/airflow/.local/lib/python3.12/site-packages/airflow/example_dags/tutorial_objectstorage.py
[2024-11-11T04:12:03.601+0000] {processor.py:914} INFO - Processing file /home/airflow/.local/lib/python3.12/site-packages/airflow/example_dags/tutorial_objectstorage.py for tasks to queue
[2024-11-11T04:12:03.603+0000] {logging_mixin.py:190} INFO - [2024-11-11T04:12:03.603+0000] {dagbag.py:588} INFO - Filling up the DagBag from /home/airflow/.local/lib/python3.12/site-packages/airflow/example_dags/tutorial_objectstorage.py
[2024-11-11T04:12:03.609+0000] {processor.py:925} INFO - DAG(s) 'tutorial_objectstorage' retrieved from /home/airflow/.local/lib/python3.12/site-packages/airflow/example_dags/tutorial_objectstorage.py
[2024-11-11T04:12:03.721+0000] {logging_mixin.py:190} INFO - [2024-11-11T04:12:03.721+0000] {dag.py:3239} INFO - Sync 1 DAGs
[2024-11-11T04:12:03.726+0000] {logging_mixin.py:190} INFO - [2024-11-11T04:12:03.726+0000] {dag.py:4180} INFO - Setting next_dagrun for tutorial_objectstorage to None, run_after=None
[2024-11-11T04:12:03.733+0000] {processor.py:208} INFO - Processing /home/airflow/.local/lib/python3.12/site-packages/airflow/example_dags/tutorial_objectstorage.py took 0.136 seconds
[2024-11-11T04:12:33.879+0000] {processor.py:186} INFO - Started process (PID=10732) to work on /home/airflow/.local/lib/python3.12/site-packages/airflow/example_dags/tutorial_objectstorage.py
[2024-11-11T04:12:33.880+0000] {processor.py:914} INFO - Processing file /home/airflow/.local/lib/python3.12/site-packages/airflow/example_dags/tutorial_objectstorage.py for tasks to queue
[2024-11-11T04:12:33.882+0000] {logging_mixin.py:190} INFO - [2024-11-11T04:12:33.881+0000] {dagbag.py:588} INFO - Filling up the DagBag from /home/airflow/.local/lib/python3.12/site-packages/airflow/example_dags/tutorial_objectstorage.py
[2024-11-11T04:12:33.887+0000] {processor.py:925} INFO - DAG(s) 'tutorial_objectstorage' retrieved from /home/airflow/.local/lib/python3.12/site-packages/airflow/example_dags/tutorial_objectstorage.py
[2024-11-11T04:12:33.897+0000] {logging_mixin.py:190} INFO - [2024-11-11T04:12:33.897+0000] {dag.py:3239} INFO - Sync 1 DAGs
[2024-11-11T04:12:33.905+0000] {logging_mixin.py:190} INFO - [2024-11-11T04:12:33.905+0000] {dag.py:4180} INFO - Setting next_dagrun for tutorial_objectstorage to None, run_after=None
[2024-11-11T04:12:33.913+0000] {processor.py:208} INFO - Processing /home/airflow/.local/lib/python3.12/site-packages/airflow/example_dags/tutorial_objectstorage.py took 0.038 seconds
[2024-11-11T04:13:04.337+0000] {processor.py:186} INFO - Started process (PID=10795) to work on /home/airflow/.local/lib/python3.12/site-packages/airflow/example_dags/tutorial_objectstorage.py
[2024-11-11T04:13:04.337+0000] {processor.py:914} INFO - Processing file /home/airflow/.local/lib/python3.12/site-packages/airflow/example_dags/tutorial_objectstorage.py for tasks to queue
[2024-11-11T04:13:04.339+0000] {logging_mixin.py:190} INFO - [2024-11-11T04:13:04.339+0000] {dagbag.py:588} INFO - Filling up the DagBag from /home/airflow/.local/lib/python3.12/site-packages/airflow/example_dags/tutorial_objectstorage.py
[2024-11-11T04:13:04.344+0000] {processor.py:925} INFO - DAG(s) 'tutorial_objectstorage' retrieved from /home/airflow/.local/lib/python3.12/site-packages/airflow/example_dags/tutorial_objectstorage.py
[2024-11-11T04:13:04.353+0000] {logging_mixin.py:190} INFO - [2024-11-11T04:13:04.353+0000] {dag.py:3239} INFO - Sync 1 DAGs
[2024-11-11T04:13:04.360+0000] {logging_mixin.py:190} INFO - [2024-11-11T04:13:04.359+0000] {dag.py:4180} INFO - Setting next_dagrun for tutorial_objectstorage to None, run_after=None
[2024-11-11T04:13:04.368+0000] {processor.py:208} INFO - Processing /home/airflow/.local/lib/python3.12/site-packages/airflow/example_dags/tutorial_objectstorage.py took 0.035 seconds
[2024-11-11T04:13:35.194+0000] {processor.py:186} INFO - Started process (PID=10858) to work on /home/airflow/.local/lib/python3.12/site-packages/airflow/example_dags/tutorial_objectstorage.py
[2024-11-11T04:13:35.195+0000] {processor.py:914} INFO - Processing file /home/airflow/.local/lib/python3.12/site-packages/airflow/example_dags/tutorial_objectstorage.py for tasks to queue
[2024-11-11T04:13:35.196+0000] {logging_mixin.py:190} INFO - [2024-11-11T04:13:35.196+0000] {dagbag.py:588} INFO - Filling up the DagBag from /home/airflow/.local/lib/python3.12/site-packages/airflow/example_dags/tutorial_objectstorage.py
[2024-11-11T04:13:35.202+0000] {processor.py:925} INFO - DAG(s) 'tutorial_objectstorage' retrieved from /home/airflow/.local/lib/python3.12/site-packages/airflow/example_dags/tutorial_objectstorage.py
[2024-11-11T04:13:35.212+0000] {logging_mixin.py:190} INFO - [2024-11-11T04:13:35.212+0000] {dag.py:3239} INFO - Sync 1 DAGs
[2024-11-11T04:13:35.219+0000] {logging_mixin.py:190} INFO - [2024-11-11T04:13:35.219+0000] {dag.py:4180} INFO - Setting next_dagrun for tutorial_objectstorage to None, run_after=None
[2024-11-11T04:13:35.226+0000] {processor.py:208} INFO - Processing /home/airflow/.local/lib/python3.12/site-packages/airflow/example_dags/tutorial_objectstorage.py took 0.035 seconds
[2024-11-11T04:47:36.632+0000] {processor.py:186} INFO - Started process (PID=10921) to work on /home/airflow/.local/lib/python3.12/site-packages/airflow/example_dags/tutorial_objectstorage.py
[2024-11-11T04:47:36.632+0000] {processor.py:914} INFO - Processing file /home/airflow/.local/lib/python3.12/site-packages/airflow/example_dags/tutorial_objectstorage.py for tasks to queue
[2024-11-11T04:47:36.634+0000] {logging_mixin.py:190} INFO - [2024-11-11T04:47:36.634+0000] {dagbag.py:588} INFO - Filling up the DagBag from /home/airflow/.local/lib/python3.12/site-packages/airflow/example_dags/tutorial_objectstorage.py
[2024-11-11T04:47:36.639+0000] {processor.py:925} INFO - DAG(s) 'tutorial_objectstorage' retrieved from /home/airflow/.local/lib/python3.12/site-packages/airflow/example_dags/tutorial_objectstorage.py
[2024-11-11T04:47:36.650+0000] {logging_mixin.py:190} INFO - [2024-11-11T04:47:36.649+0000] {dag.py:3239} INFO - Sync 1 DAGs
[2024-11-11T04:47:36.657+0000] {logging_mixin.py:190} INFO - [2024-11-11T04:47:36.657+0000] {dag.py:4180} INFO - Setting next_dagrun for tutorial_objectstorage to None, run_after=None
[2024-11-11T04:47:36.666+0000] {processor.py:208} INFO - Processing /home/airflow/.local/lib/python3.12/site-packages/airflow/example_dags/tutorial_objectstorage.py took 0.037 seconds
[2024-11-11T05:54:20.898+0000] {processor.py:186} INFO - Started process (PID=10983) to work on /home/airflow/.local/lib/python3.12/site-packages/airflow/example_dags/tutorial_objectstorage.py
[2024-11-11T05:54:20.898+0000] {processor.py:914} INFO - Processing file /home/airflow/.local/lib/python3.12/site-packages/airflow/example_dags/tutorial_objectstorage.py for tasks to queue
[2024-11-11T05:54:20.900+0000] {logging_mixin.py:190} INFO - [2024-11-11T05:54:20.900+0000] {dagbag.py:588} INFO - Filling up the DagBag from /home/airflow/.local/lib/python3.12/site-packages/airflow/example_dags/tutorial_objectstorage.py
[2024-11-11T05:54:20.906+0000] {processor.py:925} INFO - DAG(s) 'tutorial_objectstorage' retrieved from /home/airflow/.local/lib/python3.12/site-packages/airflow/example_dags/tutorial_objectstorage.py
[2024-11-11T05:54:20.916+0000] {logging_mixin.py:190} INFO - [2024-11-11T05:54:20.916+0000] {dag.py:3239} INFO - Sync 1 DAGs
[2024-11-11T05:54:20.923+0000] {logging_mixin.py:190} INFO - [2024-11-11T05:54:20.923+0000] {dag.py:4180} INFO - Setting next_dagrun for tutorial_objectstorage to None, run_after=None
[2024-11-11T05:54:20.931+0000] {processor.py:208} INFO - Processing /home/airflow/.local/lib/python3.12/site-packages/airflow/example_dags/tutorial_objectstorage.py took 0.037 seconds
[2024-11-11T05:54:51.228+0000] {processor.py:186} INFO - Started process (PID=11046) to work on /home/airflow/.local/lib/python3.12/site-packages/airflow/example_dags/tutorial_objectstorage.py
[2024-11-11T05:54:51.229+0000] {processor.py:914} INFO - Processing file /home/airflow/.local/lib/python3.12/site-packages/airflow/example_dags/tutorial_objectstorage.py for tasks to queue
[2024-11-11T05:54:51.230+0000] {logging_mixin.py:190} INFO - [2024-11-11T05:54:51.230+0000] {dagbag.py:588} INFO - Filling up the DagBag from /home/airflow/.local/lib/python3.12/site-packages/airflow/example_dags/tutorial_objectstorage.py
[2024-11-11T05:54:51.237+0000] {processor.py:925} INFO - DAG(s) 'tutorial_objectstorage' retrieved from /home/airflow/.local/lib/python3.12/site-packages/airflow/example_dags/tutorial_objectstorage.py
[2024-11-11T05:54:51.249+0000] {logging_mixin.py:190} INFO - [2024-11-11T05:54:51.249+0000] {dag.py:3239} INFO - Sync 1 DAGs
[2024-11-11T05:54:51.258+0000] {logging_mixin.py:190} INFO - [2024-11-11T05:54:51.258+0000] {dag.py:4180} INFO - Setting next_dagrun for tutorial_objectstorage to None, run_after=None
[2024-11-11T05:54:51.269+0000] {processor.py:208} INFO - Processing /home/airflow/.local/lib/python3.12/site-packages/airflow/example_dags/tutorial_objectstorage.py took 0.045 seconds
[2024-11-11T05:55:21.623+0000] {processor.py:186} INFO - Started process (PID=11109) to work on /home/airflow/.local/lib/python3.12/site-packages/airflow/example_dags/tutorial_objectstorage.py
[2024-11-11T05:55:21.624+0000] {processor.py:914} INFO - Processing file /home/airflow/.local/lib/python3.12/site-packages/airflow/example_dags/tutorial_objectstorage.py for tasks to queue
[2024-11-11T05:55:21.625+0000] {logging_mixin.py:190} INFO - [2024-11-11T05:55:21.625+0000] {dagbag.py:588} INFO - Filling up the DagBag from /home/airflow/.local/lib/python3.12/site-packages/airflow/example_dags/tutorial_objectstorage.py
[2024-11-11T05:55:21.631+0000] {processor.py:925} INFO - DAG(s) 'tutorial_objectstorage' retrieved from /home/airflow/.local/lib/python3.12/site-packages/airflow/example_dags/tutorial_objectstorage.py
[2024-11-11T05:55:21.641+0000] {logging_mixin.py:190} INFO - [2024-11-11T05:55:21.641+0000] {dag.py:3239} INFO - Sync 1 DAGs
[2024-11-11T05:55:21.648+0000] {logging_mixin.py:190} INFO - [2024-11-11T05:55:21.648+0000] {dag.py:4180} INFO - Setting next_dagrun for tutorial_objectstorage to None, run_after=None
[2024-11-11T05:55:21.657+0000] {processor.py:208} INFO - Processing /home/airflow/.local/lib/python3.12/site-packages/airflow/example_dags/tutorial_objectstorage.py took 0.037 seconds
[2024-11-11T05:55:52.268+0000] {processor.py:186} INFO - Started process (PID=11172) to work on /home/airflow/.local/lib/python3.12/site-packages/airflow/example_dags/tutorial_objectstorage.py
[2024-11-11T05:55:52.268+0000] {processor.py:914} INFO - Processing file /home/airflow/.local/lib/python3.12/site-packages/airflow/example_dags/tutorial_objectstorage.py for tasks to queue
[2024-11-11T05:55:52.270+0000] {logging_mixin.py:190} INFO - [2024-11-11T05:55:52.270+0000] {dagbag.py:588} INFO - Filling up the DagBag from /home/airflow/.local/lib/python3.12/site-packages/airflow/example_dags/tutorial_objectstorage.py
[2024-11-11T05:55:52.276+0000] {processor.py:925} INFO - DAG(s) 'tutorial_objectstorage' retrieved from /home/airflow/.local/lib/python3.12/site-packages/airflow/example_dags/tutorial_objectstorage.py
[2024-11-11T05:55:52.286+0000] {logging_mixin.py:190} INFO - [2024-11-11T05:55:52.286+0000] {dag.py:3239} INFO - Sync 1 DAGs
[2024-11-11T05:55:52.293+0000] {logging_mixin.py:190} INFO - [2024-11-11T05:55:52.293+0000] {dag.py:4180} INFO - Setting next_dagrun for tutorial_objectstorage to None, run_after=None
[2024-11-11T05:55:52.301+0000] {processor.py:208} INFO - Processing /home/airflow/.local/lib/python3.12/site-packages/airflow/example_dags/tutorial_objectstorage.py took 0.037 seconds
[2024-11-11T05:56:22.707+0000] {processor.py:186} INFO - Started process (PID=11235) to work on /home/airflow/.local/lib/python3.12/site-packages/airflow/example_dags/tutorial_objectstorage.py
[2024-11-11T05:56:22.708+0000] {processor.py:914} INFO - Processing file /home/airflow/.local/lib/python3.12/site-packages/airflow/example_dags/tutorial_objectstorage.py for tasks to queue
[2024-11-11T05:56:22.710+0000] {logging_mixin.py:190} INFO - [2024-11-11T05:56:22.710+0000] {dagbag.py:588} INFO - Filling up the DagBag from /home/airflow/.local/lib/python3.12/site-packages/airflow/example_dags/tutorial_objectstorage.py
[2024-11-11T05:56:22.715+0000] {processor.py:925} INFO - DAG(s) 'tutorial_objectstorage' retrieved from /home/airflow/.local/lib/python3.12/site-packages/airflow/example_dags/tutorial_objectstorage.py
[2024-11-11T05:56:22.726+0000] {logging_mixin.py:190} INFO - [2024-11-11T05:56:22.726+0000] {dag.py:3239} INFO - Sync 1 DAGs
[2024-11-11T05:56:22.732+0000] {logging_mixin.py:190} INFO - [2024-11-11T05:56:22.732+0000] {dag.py:4180} INFO - Setting next_dagrun for tutorial_objectstorage to None, run_after=None
[2024-11-11T05:56:22.741+0000] {processor.py:208} INFO - Processing /home/airflow/.local/lib/python3.12/site-packages/airflow/example_dags/tutorial_objectstorage.py took 0.037 seconds
[2024-11-11T05:56:53.006+0000] {processor.py:186} INFO - Started process (PID=11298) to work on /home/airflow/.local/lib/python3.12/site-packages/airflow/example_dags/tutorial_objectstorage.py
[2024-11-11T05:56:53.007+0000] {processor.py:914} INFO - Processing file /home/airflow/.local/lib/python3.12/site-packages/airflow/example_dags/tutorial_objectstorage.py for tasks to queue
[2024-11-11T05:56:53.009+0000] {logging_mixin.py:190} INFO - [2024-11-11T05:56:53.008+0000] {dagbag.py:588} INFO - Filling up the DagBag from /home/airflow/.local/lib/python3.12/site-packages/airflow/example_dags/tutorial_objectstorage.py
[2024-11-11T05:56:53.014+0000] {processor.py:925} INFO - DAG(s) 'tutorial_objectstorage' retrieved from /home/airflow/.local/lib/python3.12/site-packages/airflow/example_dags/tutorial_objectstorage.py
[2024-11-11T05:56:53.025+0000] {logging_mixin.py:190} INFO - [2024-11-11T05:56:53.025+0000] {dag.py:3239} INFO - Sync 1 DAGs
[2024-11-11T05:56:53.032+0000] {logging_mixin.py:190} INFO - [2024-11-11T05:56:53.032+0000] {dag.py:4180} INFO - Setting next_dagrun for tutorial_objectstorage to None, run_after=None
[2024-11-11T05:56:53.042+0000] {processor.py:208} INFO - Processing /home/airflow/.local/lib/python3.12/site-packages/airflow/example_dags/tutorial_objectstorage.py took 0.039 seconds
