[2024-11-11T02:24:39.779+0000] {processor.py:186} INFO - Started process (PID=91) to work on /home/airflow/.local/lib/python3.12/site-packages/airflow/example_dags/subdags/subdag.py
[2024-11-11T02:24:39.779+0000] {processor.py:914} INFO - Processing file /home/airflow/.local/lib/python3.12/site-packages/airflow/example_dags/subdags/subdag.py for tasks to queue
[2024-11-11T02:24:39.781+0000] {logging_mixin.py:190} INFO - [2024-11-11T02:24:39.781+0000] {dagbag.py:588} INFO - Filling up the DagBag from /home/airflow/.local/lib/python3.12/site-packages/airflow/example_dags/subdags/subdag.py
[2024-11-11T02:24:39.782+0000] {processor.py:927} WARNING - No viable dags retrieved from /home/airflow/.local/lib/python3.12/site-packages/airflow/example_dags/subdags/subdag.py
[2024-11-11T02:24:39.790+0000] {processor.py:208} INFO - Processing /home/airflow/.local/lib/python3.12/site-packages/airflow/example_dags/subdags/subdag.py took 0.015 seconds
[2024-11-11T02:25:10.591+0000] {processor.py:186} INFO - Started process (PID=154) to work on /home/airflow/.local/lib/python3.12/site-packages/airflow/example_dags/subdags/subdag.py
[2024-11-11T02:25:10.591+0000] {processor.py:914} INFO - Processing file /home/airflow/.local/lib/python3.12/site-packages/airflow/example_dags/subdags/subdag.py for tasks to queue
[2024-11-11T02:25:10.593+0000] {logging_mixin.py:190} INFO - [2024-11-11T02:25:10.592+0000] {dagbag.py:588} INFO - Filling up the DagBag from /home/airflow/.local/lib/python3.12/site-packages/airflow/example_dags/subdags/subdag.py
[2024-11-11T02:25:10.594+0000] {processor.py:927} WARNING - No viable dags retrieved from /home/airflow/.local/lib/python3.12/site-packages/airflow/example_dags/subdags/subdag.py
[2024-11-11T02:25:10.601+0000] {processor.py:208} INFO - Processing /home/airflow/.local/lib/python3.12/site-packages/airflow/example_dags/subdags/subdag.py took 0.014 seconds
[2024-11-11T02:25:41.378+0000] {processor.py:186} INFO - Started process (PID=217) to work on /home/airflow/.local/lib/python3.12/site-packages/airflow/example_dags/subdags/subdag.py
[2024-11-11T02:25:41.378+0000] {processor.py:914} INFO - Processing file /home/airflow/.local/lib/python3.12/site-packages/airflow/example_dags/subdags/subdag.py for tasks to queue
[2024-11-11T02:25:41.380+0000] {logging_mixin.py:190} INFO - [2024-11-11T02:25:41.379+0000] {dagbag.py:588} INFO - Filling up the DagBag from /home/airflow/.local/lib/python3.12/site-packages/airflow/example_dags/subdags/subdag.py
[2024-11-11T02:25:41.381+0000] {processor.py:927} WARNING - No viable dags retrieved from /home/airflow/.local/lib/python3.12/site-packages/airflow/example_dags/subdags/subdag.py
[2024-11-11T02:25:41.388+0000] {processor.py:208} INFO - Processing /home/airflow/.local/lib/python3.12/site-packages/airflow/example_dags/subdags/subdag.py took 0.013 seconds
[2024-11-11T02:26:11.987+0000] {processor.py:186} INFO - Started process (PID=280) to work on /home/airflow/.local/lib/python3.12/site-packages/airflow/example_dags/subdags/subdag.py
[2024-11-11T02:26:11.987+0000] {processor.py:914} INFO - Processing file /home/airflow/.local/lib/python3.12/site-packages/airflow/example_dags/subdags/subdag.py for tasks to queue
[2024-11-11T02:26:11.989+0000] {logging_mixin.py:190} INFO - [2024-11-11T02:26:11.988+0000] {dagbag.py:588} INFO - Filling up the DagBag from /home/airflow/.local/lib/python3.12/site-packages/airflow/example_dags/subdags/subdag.py
[2024-11-11T02:26:11.990+0000] {processor.py:927} WARNING - No viable dags retrieved from /home/airflow/.local/lib/python3.12/site-packages/airflow/example_dags/subdags/subdag.py
[2024-11-11T02:26:11.998+0000] {processor.py:208} INFO - Processing /home/airflow/.local/lib/python3.12/site-packages/airflow/example_dags/subdags/subdag.py took 0.015 seconds
[2024-11-11T02:26:42.616+0000] {processor.py:186} INFO - Started process (PID=343) to work on /home/airflow/.local/lib/python3.12/site-packages/airflow/example_dags/subdags/subdag.py
[2024-11-11T02:26:42.617+0000] {processor.py:914} INFO - Processing file /home/airflow/.local/lib/python3.12/site-packages/airflow/example_dags/subdags/subdag.py for tasks to queue
[2024-11-11T02:26:42.618+0000] {logging_mixin.py:190} INFO - [2024-11-11T02:26:42.618+0000] {dagbag.py:588} INFO - Filling up the DagBag from /home/airflow/.local/lib/python3.12/site-packages/airflow/example_dags/subdags/subdag.py
[2024-11-11T02:26:42.620+0000] {processor.py:927} WARNING - No viable dags retrieved from /home/airflow/.local/lib/python3.12/site-packages/airflow/example_dags/subdags/subdag.py
[2024-11-11T02:26:42.627+0000] {processor.py:208} INFO - Processing /home/airflow/.local/lib/python3.12/site-packages/airflow/example_dags/subdags/subdag.py took 0.014 seconds
[2024-11-11T02:27:13.229+0000] {processor.py:186} INFO - Started process (PID=406) to work on /home/airflow/.local/lib/python3.12/site-packages/airflow/example_dags/subdags/subdag.py
[2024-11-11T02:27:13.230+0000] {processor.py:914} INFO - Processing file /home/airflow/.local/lib/python3.12/site-packages/airflow/example_dags/subdags/subdag.py for tasks to queue
[2024-11-11T02:27:13.231+0000] {logging_mixin.py:190} INFO - [2024-11-11T02:27:13.231+0000] {dagbag.py:588} INFO - Filling up the DagBag from /home/airflow/.local/lib/python3.12/site-packages/airflow/example_dags/subdags/subdag.py
[2024-11-11T02:27:13.232+0000] {processor.py:927} WARNING - No viable dags retrieved from /home/airflow/.local/lib/python3.12/site-packages/airflow/example_dags/subdags/subdag.py
[2024-11-11T02:27:13.239+0000] {processor.py:208} INFO - Processing /home/airflow/.local/lib/python3.12/site-packages/airflow/example_dags/subdags/subdag.py took 0.013 seconds
[2024-11-11T02:27:43.779+0000] {processor.py:186} INFO - Started process (PID=469) to work on /home/airflow/.local/lib/python3.12/site-packages/airflow/example_dags/subdags/subdag.py
[2024-11-11T02:27:43.779+0000] {processor.py:914} INFO - Processing file /home/airflow/.local/lib/python3.12/site-packages/airflow/example_dags/subdags/subdag.py for tasks to queue
[2024-11-11T02:27:43.781+0000] {logging_mixin.py:190} INFO - [2024-11-11T02:27:43.781+0000] {dagbag.py:588} INFO - Filling up the DagBag from /home/airflow/.local/lib/python3.12/site-packages/airflow/example_dags/subdags/subdag.py
[2024-11-11T02:27:43.782+0000] {processor.py:927} WARNING - No viable dags retrieved from /home/airflow/.local/lib/python3.12/site-packages/airflow/example_dags/subdags/subdag.py
[2024-11-11T02:27:43.789+0000] {processor.py:208} INFO - Processing /home/airflow/.local/lib/python3.12/site-packages/airflow/example_dags/subdags/subdag.py took 0.013 seconds
[2024-11-11T02:28:14.539+0000] {processor.py:186} INFO - Started process (PID=532) to work on /home/airflow/.local/lib/python3.12/site-packages/airflow/example_dags/subdags/subdag.py
[2024-11-11T02:28:14.540+0000] {processor.py:914} INFO - Processing file /home/airflow/.local/lib/python3.12/site-packages/airflow/example_dags/subdags/subdag.py for tasks to queue
[2024-11-11T02:28:14.541+0000] {logging_mixin.py:190} INFO - [2024-11-11T02:28:14.541+0000] {dagbag.py:588} INFO - Filling up the DagBag from /home/airflow/.local/lib/python3.12/site-packages/airflow/example_dags/subdags/subdag.py
[2024-11-11T02:28:14.542+0000] {processor.py:927} WARNING - No viable dags retrieved from /home/airflow/.local/lib/python3.12/site-packages/airflow/example_dags/subdags/subdag.py
[2024-11-11T02:28:14.549+0000] {processor.py:208} INFO - Processing /home/airflow/.local/lib/python3.12/site-packages/airflow/example_dags/subdags/subdag.py took 0.014 seconds
[2024-11-11T02:28:45.128+0000] {processor.py:186} INFO - Started process (PID=595) to work on /home/airflow/.local/lib/python3.12/site-packages/airflow/example_dags/subdags/subdag.py
[2024-11-11T02:28:45.128+0000] {processor.py:914} INFO - Processing file /home/airflow/.local/lib/python3.12/site-packages/airflow/example_dags/subdags/subdag.py for tasks to queue
[2024-11-11T02:28:45.130+0000] {logging_mixin.py:190} INFO - [2024-11-11T02:28:45.129+0000] {dagbag.py:588} INFO - Filling up the DagBag from /home/airflow/.local/lib/python3.12/site-packages/airflow/example_dags/subdags/subdag.py
[2024-11-11T02:28:45.131+0000] {processor.py:927} WARNING - No viable dags retrieved from /home/airflow/.local/lib/python3.12/site-packages/airflow/example_dags/subdags/subdag.py
[2024-11-11T02:28:45.138+0000] {processor.py:208} INFO - Processing /home/airflow/.local/lib/python3.12/site-packages/airflow/example_dags/subdags/subdag.py took 0.014 seconds
[2024-11-11T02:29:15.764+0000] {processor.py:186} INFO - Started process (PID=658) to work on /home/airflow/.local/lib/python3.12/site-packages/airflow/example_dags/subdags/subdag.py
[2024-11-11T02:29:15.765+0000] {processor.py:914} INFO - Processing file /home/airflow/.local/lib/python3.12/site-packages/airflow/example_dags/subdags/subdag.py for tasks to queue
[2024-11-11T02:29:15.766+0000] {logging_mixin.py:190} INFO - [2024-11-11T02:29:15.766+0000] {dagbag.py:588} INFO - Filling up the DagBag from /home/airflow/.local/lib/python3.12/site-packages/airflow/example_dags/subdags/subdag.py
[2024-11-11T02:29:15.768+0000] {processor.py:927} WARNING - No viable dags retrieved from /home/airflow/.local/lib/python3.12/site-packages/airflow/example_dags/subdags/subdag.py
[2024-11-11T02:29:15.775+0000] {processor.py:208} INFO - Processing /home/airflow/.local/lib/python3.12/site-packages/airflow/example_dags/subdags/subdag.py took 0.014 seconds
[2024-11-11T02:29:46.598+0000] {processor.py:186} INFO - Started process (PID=721) to work on /home/airflow/.local/lib/python3.12/site-packages/airflow/example_dags/subdags/subdag.py
[2024-11-11T02:29:46.598+0000] {processor.py:914} INFO - Processing file /home/airflow/.local/lib/python3.12/site-packages/airflow/example_dags/subdags/subdag.py for tasks to queue
[2024-11-11T02:29:46.600+0000] {logging_mixin.py:190} INFO - [2024-11-11T02:29:46.600+0000] {dagbag.py:588} INFO - Filling up the DagBag from /home/airflow/.local/lib/python3.12/site-packages/airflow/example_dags/subdags/subdag.py
[2024-11-11T02:29:46.601+0000] {processor.py:927} WARNING - No viable dags retrieved from /home/airflow/.local/lib/python3.12/site-packages/airflow/example_dags/subdags/subdag.py
[2024-11-11T02:29:46.608+0000] {processor.py:208} INFO - Processing /home/airflow/.local/lib/python3.12/site-packages/airflow/example_dags/subdags/subdag.py took 0.013 seconds
[2024-11-11T02:30:17.135+0000] {processor.py:186} INFO - Started process (PID=783) to work on /home/airflow/.local/lib/python3.12/site-packages/airflow/example_dags/subdags/subdag.py
[2024-11-11T02:30:17.136+0000] {processor.py:914} INFO - Processing file /home/airflow/.local/lib/python3.12/site-packages/airflow/example_dags/subdags/subdag.py for tasks to queue
[2024-11-11T02:30:17.137+0000] {logging_mixin.py:190} INFO - [2024-11-11T02:30:17.137+0000] {dagbag.py:588} INFO - Filling up the DagBag from /home/airflow/.local/lib/python3.12/site-packages/airflow/example_dags/subdags/subdag.py
[2024-11-11T02:30:17.139+0000] {processor.py:927} WARNING - No viable dags retrieved from /home/airflow/.local/lib/python3.12/site-packages/airflow/example_dags/subdags/subdag.py
[2024-11-11T02:30:17.146+0000] {processor.py:208} INFO - Processing /home/airflow/.local/lib/python3.12/site-packages/airflow/example_dags/subdags/subdag.py took 0.014 seconds
[2024-11-11T02:30:47.966+0000] {processor.py:186} INFO - Started process (PID=846) to work on /home/airflow/.local/lib/python3.12/site-packages/airflow/example_dags/subdags/subdag.py
[2024-11-11T02:30:47.967+0000] {processor.py:914} INFO - Processing file /home/airflow/.local/lib/python3.12/site-packages/airflow/example_dags/subdags/subdag.py for tasks to queue
[2024-11-11T02:30:47.968+0000] {logging_mixin.py:190} INFO - [2024-11-11T02:30:47.968+0000] {dagbag.py:588} INFO - Filling up the DagBag from /home/airflow/.local/lib/python3.12/site-packages/airflow/example_dags/subdags/subdag.py
[2024-11-11T02:30:47.970+0000] {processor.py:927} WARNING - No viable dags retrieved from /home/airflow/.local/lib/python3.12/site-packages/airflow/example_dags/subdags/subdag.py
[2024-11-11T02:30:47.977+0000] {processor.py:208} INFO - Processing /home/airflow/.local/lib/python3.12/site-packages/airflow/example_dags/subdags/subdag.py took 0.014 seconds
[2024-11-11T02:31:18.394+0000] {processor.py:186} INFO - Started process (PID=918) to work on /home/airflow/.local/lib/python3.12/site-packages/airflow/example_dags/subdags/subdag.py
[2024-11-11T02:31:18.394+0000] {processor.py:914} INFO - Processing file /home/airflow/.local/lib/python3.12/site-packages/airflow/example_dags/subdags/subdag.py for tasks to queue
[2024-11-11T02:31:18.395+0000] {logging_mixin.py:190} INFO - [2024-11-11T02:31:18.395+0000] {dagbag.py:588} INFO - Filling up the DagBag from /home/airflow/.local/lib/python3.12/site-packages/airflow/example_dags/subdags/subdag.py
[2024-11-11T02:31:18.397+0000] {processor.py:927} WARNING - No viable dags retrieved from /home/airflow/.local/lib/python3.12/site-packages/airflow/example_dags/subdags/subdag.py
[2024-11-11T02:31:18.404+0000] {processor.py:208} INFO - Processing /home/airflow/.local/lib/python3.12/site-packages/airflow/example_dags/subdags/subdag.py took 0.013 seconds
[2024-11-11T02:31:49.150+0000] {processor.py:186} INFO - Started process (PID=981) to work on /home/airflow/.local/lib/python3.12/site-packages/airflow/example_dags/subdags/subdag.py
[2024-11-11T02:31:49.150+0000] {processor.py:914} INFO - Processing file /home/airflow/.local/lib/python3.12/site-packages/airflow/example_dags/subdags/subdag.py for tasks to queue
[2024-11-11T02:31:49.152+0000] {logging_mixin.py:190} INFO - [2024-11-11T02:31:49.151+0000] {dagbag.py:588} INFO - Filling up the DagBag from /home/airflow/.local/lib/python3.12/site-packages/airflow/example_dags/subdags/subdag.py
[2024-11-11T02:31:49.153+0000] {processor.py:927} WARNING - No viable dags retrieved from /home/airflow/.local/lib/python3.12/site-packages/airflow/example_dags/subdags/subdag.py
[2024-11-11T02:31:49.160+0000] {processor.py:208} INFO - Processing /home/airflow/.local/lib/python3.12/site-packages/airflow/example_dags/subdags/subdag.py took 0.013 seconds
[2024-11-11T02:32:19.710+0000] {processor.py:186} INFO - Started process (PID=1043) to work on /home/airflow/.local/lib/python3.12/site-packages/airflow/example_dags/subdags/subdag.py
[2024-11-11T02:32:19.711+0000] {processor.py:914} INFO - Processing file /home/airflow/.local/lib/python3.12/site-packages/airflow/example_dags/subdags/subdag.py for tasks to queue
[2024-11-11T02:32:19.712+0000] {logging_mixin.py:190} INFO - [2024-11-11T02:32:19.712+0000] {dagbag.py:588} INFO - Filling up the DagBag from /home/airflow/.local/lib/python3.12/site-packages/airflow/example_dags/subdags/subdag.py
[2024-11-11T02:32:19.714+0000] {processor.py:927} WARNING - No viable dags retrieved from /home/airflow/.local/lib/python3.12/site-packages/airflow/example_dags/subdags/subdag.py
[2024-11-11T02:32:19.721+0000] {processor.py:208} INFO - Processing /home/airflow/.local/lib/python3.12/site-packages/airflow/example_dags/subdags/subdag.py took 0.014 seconds
[2024-11-11T02:32:50.385+0000] {processor.py:186} INFO - Started process (PID=1105) to work on /home/airflow/.local/lib/python3.12/site-packages/airflow/example_dags/subdags/subdag.py
[2024-11-11T02:32:50.386+0000] {processor.py:914} INFO - Processing file /home/airflow/.local/lib/python3.12/site-packages/airflow/example_dags/subdags/subdag.py for tasks to queue
[2024-11-11T02:32:50.387+0000] {logging_mixin.py:190} INFO - [2024-11-11T02:32:50.387+0000] {dagbag.py:588} INFO - Filling up the DagBag from /home/airflow/.local/lib/python3.12/site-packages/airflow/example_dags/subdags/subdag.py
[2024-11-11T02:32:50.389+0000] {processor.py:927} WARNING - No viable dags retrieved from /home/airflow/.local/lib/python3.12/site-packages/airflow/example_dags/subdags/subdag.py
[2024-11-11T02:32:50.395+0000] {processor.py:208} INFO - Processing /home/airflow/.local/lib/python3.12/site-packages/airflow/example_dags/subdags/subdag.py took 0.014 seconds
[2024-11-11T02:33:21.121+0000] {processor.py:186} INFO - Started process (PID=1168) to work on /home/airflow/.local/lib/python3.12/site-packages/airflow/example_dags/subdags/subdag.py
[2024-11-11T02:33:21.121+0000] {processor.py:914} INFO - Processing file /home/airflow/.local/lib/python3.12/site-packages/airflow/example_dags/subdags/subdag.py for tasks to queue
[2024-11-11T02:33:21.123+0000] {logging_mixin.py:190} INFO - [2024-11-11T02:33:21.123+0000] {dagbag.py:588} INFO - Filling up the DagBag from /home/airflow/.local/lib/python3.12/site-packages/airflow/example_dags/subdags/subdag.py
[2024-11-11T02:33:21.124+0000] {processor.py:927} WARNING - No viable dags retrieved from /home/airflow/.local/lib/python3.12/site-packages/airflow/example_dags/subdags/subdag.py
[2024-11-11T02:33:21.131+0000] {processor.py:208} INFO - Processing /home/airflow/.local/lib/python3.12/site-packages/airflow/example_dags/subdags/subdag.py took 0.014 seconds
[2024-11-11T02:33:51.839+0000] {processor.py:186} INFO - Started process (PID=1231) to work on /home/airflow/.local/lib/python3.12/site-packages/airflow/example_dags/subdags/subdag.py
[2024-11-11T02:33:51.839+0000] {processor.py:914} INFO - Processing file /home/airflow/.local/lib/python3.12/site-packages/airflow/example_dags/subdags/subdag.py for tasks to queue
[2024-11-11T02:33:51.841+0000] {logging_mixin.py:190} INFO - [2024-11-11T02:33:51.840+0000] {dagbag.py:588} INFO - Filling up the DagBag from /home/airflow/.local/lib/python3.12/site-packages/airflow/example_dags/subdags/subdag.py
[2024-11-11T02:33:51.842+0000] {processor.py:927} WARNING - No viable dags retrieved from /home/airflow/.local/lib/python3.12/site-packages/airflow/example_dags/subdags/subdag.py
[2024-11-11T02:33:51.849+0000] {processor.py:208} INFO - Processing /home/airflow/.local/lib/python3.12/site-packages/airflow/example_dags/subdags/subdag.py took 0.013 seconds
[2024-11-11T02:34:22.389+0000] {processor.py:186} INFO - Started process (PID=1294) to work on /home/airflow/.local/lib/python3.12/site-packages/airflow/example_dags/subdags/subdag.py
[2024-11-11T02:34:22.390+0000] {processor.py:914} INFO - Processing file /home/airflow/.local/lib/python3.12/site-packages/airflow/example_dags/subdags/subdag.py for tasks to queue
[2024-11-11T02:34:22.391+0000] {logging_mixin.py:190} INFO - [2024-11-11T02:34:22.391+0000] {dagbag.py:588} INFO - Filling up the DagBag from /home/airflow/.local/lib/python3.12/site-packages/airflow/example_dags/subdags/subdag.py
[2024-11-11T02:34:22.393+0000] {processor.py:927} WARNING - No viable dags retrieved from /home/airflow/.local/lib/python3.12/site-packages/airflow/example_dags/subdags/subdag.py
[2024-11-11T02:34:22.399+0000] {processor.py:208} INFO - Processing /home/airflow/.local/lib/python3.12/site-packages/airflow/example_dags/subdags/subdag.py took 0.013 seconds
[2024-11-11T02:34:53.321+0000] {processor.py:186} INFO - Started process (PID=1357) to work on /home/airflow/.local/lib/python3.12/site-packages/airflow/example_dags/subdags/subdag.py
[2024-11-11T02:34:53.321+0000] {processor.py:914} INFO - Processing file /home/airflow/.local/lib/python3.12/site-packages/airflow/example_dags/subdags/subdag.py for tasks to queue
[2024-11-11T02:34:53.322+0000] {logging_mixin.py:190} INFO - [2024-11-11T02:34:53.322+0000] {dagbag.py:588} INFO - Filling up the DagBag from /home/airflow/.local/lib/python3.12/site-packages/airflow/example_dags/subdags/subdag.py
[2024-11-11T02:34:53.324+0000] {processor.py:927} WARNING - No viable dags retrieved from /home/airflow/.local/lib/python3.12/site-packages/airflow/example_dags/subdags/subdag.py
[2024-11-11T02:34:53.331+0000] {processor.py:208} INFO - Processing /home/airflow/.local/lib/python3.12/site-packages/airflow/example_dags/subdags/subdag.py took 0.014 seconds
[2024-11-11T02:35:24.131+0000] {processor.py:186} INFO - Started process (PID=1426) to work on /home/airflow/.local/lib/python3.12/site-packages/airflow/example_dags/subdags/subdag.py
[2024-11-11T02:35:24.132+0000] {processor.py:914} INFO - Processing file /home/airflow/.local/lib/python3.12/site-packages/airflow/example_dags/subdags/subdag.py for tasks to queue
[2024-11-11T02:35:24.133+0000] {logging_mixin.py:190} INFO - [2024-11-11T02:35:24.133+0000] {dagbag.py:588} INFO - Filling up the DagBag from /home/airflow/.local/lib/python3.12/site-packages/airflow/example_dags/subdags/subdag.py
[2024-11-11T02:35:24.134+0000] {processor.py:927} WARNING - No viable dags retrieved from /home/airflow/.local/lib/python3.12/site-packages/airflow/example_dags/subdags/subdag.py
[2024-11-11T02:35:24.142+0000] {processor.py:208} INFO - Processing /home/airflow/.local/lib/python3.12/site-packages/airflow/example_dags/subdags/subdag.py took 0.014 seconds
[2024-11-11T02:35:54.843+0000] {processor.py:186} INFO - Started process (PID=1489) to work on /home/airflow/.local/lib/python3.12/site-packages/airflow/example_dags/subdags/subdag.py
[2024-11-11T02:35:54.843+0000] {processor.py:914} INFO - Processing file /home/airflow/.local/lib/python3.12/site-packages/airflow/example_dags/subdags/subdag.py for tasks to queue
[2024-11-11T02:35:54.845+0000] {logging_mixin.py:190} INFO - [2024-11-11T02:35:54.844+0000] {dagbag.py:588} INFO - Filling up the DagBag from /home/airflow/.local/lib/python3.12/site-packages/airflow/example_dags/subdags/subdag.py
[2024-11-11T02:35:54.846+0000] {processor.py:927} WARNING - No viable dags retrieved from /home/airflow/.local/lib/python3.12/site-packages/airflow/example_dags/subdags/subdag.py
[2024-11-11T02:35:54.853+0000] {processor.py:208} INFO - Processing /home/airflow/.local/lib/python3.12/site-packages/airflow/example_dags/subdags/subdag.py took 0.014 seconds
[2024-11-11T02:36:25.556+0000] {processor.py:186} INFO - Started process (PID=1552) to work on /home/airflow/.local/lib/python3.12/site-packages/airflow/example_dags/subdags/subdag.py
[2024-11-11T02:36:25.556+0000] {processor.py:914} INFO - Processing file /home/airflow/.local/lib/python3.12/site-packages/airflow/example_dags/subdags/subdag.py for tasks to queue
[2024-11-11T02:36:25.557+0000] {logging_mixin.py:190} INFO - [2024-11-11T02:36:25.557+0000] {dagbag.py:588} INFO - Filling up the DagBag from /home/airflow/.local/lib/python3.12/site-packages/airflow/example_dags/subdags/subdag.py
[2024-11-11T02:36:25.559+0000] {processor.py:927} WARNING - No viable dags retrieved from /home/airflow/.local/lib/python3.12/site-packages/airflow/example_dags/subdags/subdag.py
[2024-11-11T02:36:25.566+0000] {processor.py:208} INFO - Processing /home/airflow/.local/lib/python3.12/site-packages/airflow/example_dags/subdags/subdag.py took 0.013 seconds
[2024-11-11T02:36:56.173+0000] {processor.py:186} INFO - Started process (PID=1615) to work on /home/airflow/.local/lib/python3.12/site-packages/airflow/example_dags/subdags/subdag.py
[2024-11-11T02:36:56.174+0000] {processor.py:914} INFO - Processing file /home/airflow/.local/lib/python3.12/site-packages/airflow/example_dags/subdags/subdag.py for tasks to queue
[2024-11-11T02:36:56.175+0000] {logging_mixin.py:190} INFO - [2024-11-11T02:36:56.175+0000] {dagbag.py:588} INFO - Filling up the DagBag from /home/airflow/.local/lib/python3.12/site-packages/airflow/example_dags/subdags/subdag.py
[2024-11-11T02:36:56.177+0000] {processor.py:927} WARNING - No viable dags retrieved from /home/airflow/.local/lib/python3.12/site-packages/airflow/example_dags/subdags/subdag.py
[2024-11-11T02:36:56.184+0000] {processor.py:208} INFO - Processing /home/airflow/.local/lib/python3.12/site-packages/airflow/example_dags/subdags/subdag.py took 0.014 seconds
[2024-11-11T02:37:26.801+0000] {processor.py:186} INFO - Started process (PID=1678) to work on /home/airflow/.local/lib/python3.12/site-packages/airflow/example_dags/subdags/subdag.py
[2024-11-11T02:37:26.802+0000] {processor.py:914} INFO - Processing file /home/airflow/.local/lib/python3.12/site-packages/airflow/example_dags/subdags/subdag.py for tasks to queue
[2024-11-11T02:37:26.803+0000] {logging_mixin.py:190} INFO - [2024-11-11T02:37:26.803+0000] {dagbag.py:588} INFO - Filling up the DagBag from /home/airflow/.local/lib/python3.12/site-packages/airflow/example_dags/subdags/subdag.py
[2024-11-11T02:37:26.804+0000] {processor.py:927} WARNING - No viable dags retrieved from /home/airflow/.local/lib/python3.12/site-packages/airflow/example_dags/subdags/subdag.py
[2024-11-11T02:37:26.811+0000] {processor.py:208} INFO - Processing /home/airflow/.local/lib/python3.12/site-packages/airflow/example_dags/subdags/subdag.py took 0.014 seconds
[2024-11-11T02:37:57.439+0000] {processor.py:186} INFO - Started process (PID=1741) to work on /home/airflow/.local/lib/python3.12/site-packages/airflow/example_dags/subdags/subdag.py
[2024-11-11T02:37:57.440+0000] {processor.py:914} INFO - Processing file /home/airflow/.local/lib/python3.12/site-packages/airflow/example_dags/subdags/subdag.py for tasks to queue
[2024-11-11T02:37:57.442+0000] {logging_mixin.py:190} INFO - [2024-11-11T02:37:57.441+0000] {dagbag.py:588} INFO - Filling up the DagBag from /home/airflow/.local/lib/python3.12/site-packages/airflow/example_dags/subdags/subdag.py
[2024-11-11T02:37:57.443+0000] {processor.py:927} WARNING - No viable dags retrieved from /home/airflow/.local/lib/python3.12/site-packages/airflow/example_dags/subdags/subdag.py
[2024-11-11T02:37:57.449+0000] {processor.py:208} INFO - Processing /home/airflow/.local/lib/python3.12/site-packages/airflow/example_dags/subdags/subdag.py took 0.013 seconds
[2024-11-11T02:38:28.505+0000] {processor.py:186} INFO - Started process (PID=1804) to work on /home/airflow/.local/lib/python3.12/site-packages/airflow/example_dags/subdags/subdag.py
[2024-11-11T02:38:28.505+0000] {processor.py:914} INFO - Processing file /home/airflow/.local/lib/python3.12/site-packages/airflow/example_dags/subdags/subdag.py for tasks to queue
[2024-11-11T02:38:28.507+0000] {logging_mixin.py:190} INFO - [2024-11-11T02:38:28.507+0000] {dagbag.py:588} INFO - Filling up the DagBag from /home/airflow/.local/lib/python3.12/site-packages/airflow/example_dags/subdags/subdag.py
[2024-11-11T02:38:28.508+0000] {processor.py:927} WARNING - No viable dags retrieved from /home/airflow/.local/lib/python3.12/site-packages/airflow/example_dags/subdags/subdag.py
[2024-11-11T02:38:28.515+0000] {processor.py:208} INFO - Processing /home/airflow/.local/lib/python3.12/site-packages/airflow/example_dags/subdags/subdag.py took 0.013 seconds
[2024-11-11T02:38:59.101+0000] {processor.py:186} INFO - Started process (PID=1867) to work on /home/airflow/.local/lib/python3.12/site-packages/airflow/example_dags/subdags/subdag.py
[2024-11-11T02:38:59.102+0000] {processor.py:914} INFO - Processing file /home/airflow/.local/lib/python3.12/site-packages/airflow/example_dags/subdags/subdag.py for tasks to queue
[2024-11-11T02:38:59.103+0000] {logging_mixin.py:190} INFO - [2024-11-11T02:38:59.103+0000] {dagbag.py:588} INFO - Filling up the DagBag from /home/airflow/.local/lib/python3.12/site-packages/airflow/example_dags/subdags/subdag.py
[2024-11-11T02:38:59.104+0000] {processor.py:927} WARNING - No viable dags retrieved from /home/airflow/.local/lib/python3.12/site-packages/airflow/example_dags/subdags/subdag.py
[2024-11-11T02:38:59.112+0000] {processor.py:208} INFO - Processing /home/airflow/.local/lib/python3.12/site-packages/airflow/example_dags/subdags/subdag.py took 0.014 seconds
[2024-11-11T02:39:29.764+0000] {processor.py:186} INFO - Started process (PID=1930) to work on /home/airflow/.local/lib/python3.12/site-packages/airflow/example_dags/subdags/subdag.py
[2024-11-11T02:39:29.765+0000] {processor.py:914} INFO - Processing file /home/airflow/.local/lib/python3.12/site-packages/airflow/example_dags/subdags/subdag.py for tasks to queue
[2024-11-11T02:39:29.766+0000] {logging_mixin.py:190} INFO - [2024-11-11T02:39:29.766+0000] {dagbag.py:588} INFO - Filling up the DagBag from /home/airflow/.local/lib/python3.12/site-packages/airflow/example_dags/subdags/subdag.py
[2024-11-11T02:39:29.767+0000] {processor.py:927} WARNING - No viable dags retrieved from /home/airflow/.local/lib/python3.12/site-packages/airflow/example_dags/subdags/subdag.py
[2024-11-11T02:39:29.775+0000] {processor.py:208} INFO - Processing /home/airflow/.local/lib/python3.12/site-packages/airflow/example_dags/subdags/subdag.py took 0.014 seconds
[2024-11-11T02:40:00.633+0000] {processor.py:186} INFO - Started process (PID=1993) to work on /home/airflow/.local/lib/python3.12/site-packages/airflow/example_dags/subdags/subdag.py
[2024-11-11T02:40:00.634+0000] {processor.py:914} INFO - Processing file /home/airflow/.local/lib/python3.12/site-packages/airflow/example_dags/subdags/subdag.py for tasks to queue
[2024-11-11T02:40:00.636+0000] {logging_mixin.py:190} INFO - [2024-11-11T02:40:00.636+0000] {dagbag.py:588} INFO - Filling up the DagBag from /home/airflow/.local/lib/python3.12/site-packages/airflow/example_dags/subdags/subdag.py
[2024-11-11T02:40:00.638+0000] {processor.py:927} WARNING - No viable dags retrieved from /home/airflow/.local/lib/python3.12/site-packages/airflow/example_dags/subdags/subdag.py
[2024-11-11T02:40:00.645+0000] {processor.py:208} INFO - Processing /home/airflow/.local/lib/python3.12/site-packages/airflow/example_dags/subdags/subdag.py took 0.015 seconds
[2024-11-11T02:40:31.874+0000] {processor.py:186} INFO - Started process (PID=2056) to work on /home/airflow/.local/lib/python3.12/site-packages/airflow/example_dags/subdags/subdag.py
[2024-11-11T02:40:31.874+0000] {processor.py:914} INFO - Processing file /home/airflow/.local/lib/python3.12/site-packages/airflow/example_dags/subdags/subdag.py for tasks to queue
[2024-11-11T02:40:31.876+0000] {logging_mixin.py:190} INFO - [2024-11-11T02:40:31.876+0000] {dagbag.py:588} INFO - Filling up the DagBag from /home/airflow/.local/lib/python3.12/site-packages/airflow/example_dags/subdags/subdag.py
[2024-11-11T02:40:31.877+0000] {processor.py:927} WARNING - No viable dags retrieved from /home/airflow/.local/lib/python3.12/site-packages/airflow/example_dags/subdags/subdag.py
[2024-11-11T02:40:31.884+0000] {processor.py:208} INFO - Processing /home/airflow/.local/lib/python3.12/site-packages/airflow/example_dags/subdags/subdag.py took 0.014 seconds
[2024-11-11T02:41:02.549+0000] {processor.py:186} INFO - Started process (PID=2119) to work on /home/airflow/.local/lib/python3.12/site-packages/airflow/example_dags/subdags/subdag.py
[2024-11-11T02:41:02.549+0000] {processor.py:914} INFO - Processing file /home/airflow/.local/lib/python3.12/site-packages/airflow/example_dags/subdags/subdag.py for tasks to queue
[2024-11-11T02:41:02.550+0000] {logging_mixin.py:190} INFO - [2024-11-11T02:41:02.550+0000] {dagbag.py:588} INFO - Filling up the DagBag from /home/airflow/.local/lib/python3.12/site-packages/airflow/example_dags/subdags/subdag.py
[2024-11-11T02:41:02.552+0000] {processor.py:927} WARNING - No viable dags retrieved from /home/airflow/.local/lib/python3.12/site-packages/airflow/example_dags/subdags/subdag.py
[2024-11-11T02:41:02.559+0000] {processor.py:208} INFO - Processing /home/airflow/.local/lib/python3.12/site-packages/airflow/example_dags/subdags/subdag.py took 0.014 seconds
[2024-11-11T02:41:33.368+0000] {processor.py:186} INFO - Started process (PID=2182) to work on /home/airflow/.local/lib/python3.12/site-packages/airflow/example_dags/subdags/subdag.py
[2024-11-11T02:41:33.369+0000] {processor.py:914} INFO - Processing file /home/airflow/.local/lib/python3.12/site-packages/airflow/example_dags/subdags/subdag.py for tasks to queue
[2024-11-11T02:41:33.371+0000] {logging_mixin.py:190} INFO - [2024-11-11T02:41:33.370+0000] {dagbag.py:588} INFO - Filling up the DagBag from /home/airflow/.local/lib/python3.12/site-packages/airflow/example_dags/subdags/subdag.py
[2024-11-11T02:41:33.372+0000] {processor.py:927} WARNING - No viable dags retrieved from /home/airflow/.local/lib/python3.12/site-packages/airflow/example_dags/subdags/subdag.py
[2024-11-11T02:41:33.380+0000] {processor.py:208} INFO - Processing /home/airflow/.local/lib/python3.12/site-packages/airflow/example_dags/subdags/subdag.py took 0.015 seconds
[2024-11-11T02:42:04.013+0000] {processor.py:186} INFO - Started process (PID=2245) to work on /home/airflow/.local/lib/python3.12/site-packages/airflow/example_dags/subdags/subdag.py
[2024-11-11T02:42:04.014+0000] {processor.py:914} INFO - Processing file /home/airflow/.local/lib/python3.12/site-packages/airflow/example_dags/subdags/subdag.py for tasks to queue
[2024-11-11T02:42:04.015+0000] {logging_mixin.py:190} INFO - [2024-11-11T02:42:04.015+0000] {dagbag.py:588} INFO - Filling up the DagBag from /home/airflow/.local/lib/python3.12/site-packages/airflow/example_dags/subdags/subdag.py
[2024-11-11T02:42:04.017+0000] {processor.py:927} WARNING - No viable dags retrieved from /home/airflow/.local/lib/python3.12/site-packages/airflow/example_dags/subdags/subdag.py
[2024-11-11T02:42:04.023+0000] {processor.py:208} INFO - Processing /home/airflow/.local/lib/python3.12/site-packages/airflow/example_dags/subdags/subdag.py took 0.013 seconds
[2024-11-11T02:42:34.677+0000] {processor.py:186} INFO - Started process (PID=2308) to work on /home/airflow/.local/lib/python3.12/site-packages/airflow/example_dags/subdags/subdag.py
[2024-11-11T02:42:34.677+0000] {processor.py:914} INFO - Processing file /home/airflow/.local/lib/python3.12/site-packages/airflow/example_dags/subdags/subdag.py for tasks to queue
[2024-11-11T02:42:34.678+0000] {logging_mixin.py:190} INFO - [2024-11-11T02:42:34.678+0000] {dagbag.py:588} INFO - Filling up the DagBag from /home/airflow/.local/lib/python3.12/site-packages/airflow/example_dags/subdags/subdag.py
[2024-11-11T02:42:34.680+0000] {processor.py:927} WARNING - No viable dags retrieved from /home/airflow/.local/lib/python3.12/site-packages/airflow/example_dags/subdags/subdag.py
[2024-11-11T02:42:34.687+0000] {processor.py:208} INFO - Processing /home/airflow/.local/lib/python3.12/site-packages/airflow/example_dags/subdags/subdag.py took 0.014 seconds
[2024-11-11T02:43:05.355+0000] {processor.py:186} INFO - Started process (PID=2371) to work on /home/airflow/.local/lib/python3.12/site-packages/airflow/example_dags/subdags/subdag.py
[2024-11-11T02:43:05.356+0000] {processor.py:914} INFO - Processing file /home/airflow/.local/lib/python3.12/site-packages/airflow/example_dags/subdags/subdag.py for tasks to queue
[2024-11-11T02:43:05.357+0000] {logging_mixin.py:190} INFO - [2024-11-11T02:43:05.357+0000] {dagbag.py:588} INFO - Filling up the DagBag from /home/airflow/.local/lib/python3.12/site-packages/airflow/example_dags/subdags/subdag.py
[2024-11-11T02:43:05.358+0000] {processor.py:927} WARNING - No viable dags retrieved from /home/airflow/.local/lib/python3.12/site-packages/airflow/example_dags/subdags/subdag.py
[2024-11-11T02:43:05.365+0000] {processor.py:208} INFO - Processing /home/airflow/.local/lib/python3.12/site-packages/airflow/example_dags/subdags/subdag.py took 0.013 seconds
[2024-11-11T02:43:36.210+0000] {processor.py:186} INFO - Started process (PID=2434) to work on /home/airflow/.local/lib/python3.12/site-packages/airflow/example_dags/subdags/subdag.py
[2024-11-11T02:43:36.211+0000] {processor.py:914} INFO - Processing file /home/airflow/.local/lib/python3.12/site-packages/airflow/example_dags/subdags/subdag.py for tasks to queue
[2024-11-11T02:43:36.212+0000] {logging_mixin.py:190} INFO - [2024-11-11T02:43:36.212+0000] {dagbag.py:588} INFO - Filling up the DagBag from /home/airflow/.local/lib/python3.12/site-packages/airflow/example_dags/subdags/subdag.py
[2024-11-11T02:43:36.213+0000] {processor.py:927} WARNING - No viable dags retrieved from /home/airflow/.local/lib/python3.12/site-packages/airflow/example_dags/subdags/subdag.py
[2024-11-11T02:43:36.220+0000] {processor.py:208} INFO - Processing /home/airflow/.local/lib/python3.12/site-packages/airflow/example_dags/subdags/subdag.py took 0.013 seconds
[2024-11-11T02:44:06.889+0000] {processor.py:186} INFO - Started process (PID=2497) to work on /home/airflow/.local/lib/python3.12/site-packages/airflow/example_dags/subdags/subdag.py
[2024-11-11T02:44:06.889+0000] {processor.py:914} INFO - Processing file /home/airflow/.local/lib/python3.12/site-packages/airflow/example_dags/subdags/subdag.py for tasks to queue
[2024-11-11T02:44:06.891+0000] {logging_mixin.py:190} INFO - [2024-11-11T02:44:06.890+0000] {dagbag.py:588} INFO - Filling up the DagBag from /home/airflow/.local/lib/python3.12/site-packages/airflow/example_dags/subdags/subdag.py
[2024-11-11T02:44:06.892+0000] {processor.py:927} WARNING - No viable dags retrieved from /home/airflow/.local/lib/python3.12/site-packages/airflow/example_dags/subdags/subdag.py
[2024-11-11T02:44:06.898+0000] {processor.py:208} INFO - Processing /home/airflow/.local/lib/python3.12/site-packages/airflow/example_dags/subdags/subdag.py took 0.013 seconds
[2024-11-11T02:44:37.582+0000] {processor.py:186} INFO - Started process (PID=2560) to work on /home/airflow/.local/lib/python3.12/site-packages/airflow/example_dags/subdags/subdag.py
[2024-11-11T02:44:37.583+0000] {processor.py:914} INFO - Processing file /home/airflow/.local/lib/python3.12/site-packages/airflow/example_dags/subdags/subdag.py for tasks to queue
[2024-11-11T02:44:37.584+0000] {logging_mixin.py:190} INFO - [2024-11-11T02:44:37.584+0000] {dagbag.py:588} INFO - Filling up the DagBag from /home/airflow/.local/lib/python3.12/site-packages/airflow/example_dags/subdags/subdag.py
[2024-11-11T02:44:37.585+0000] {processor.py:927} WARNING - No viable dags retrieved from /home/airflow/.local/lib/python3.12/site-packages/airflow/example_dags/subdags/subdag.py
[2024-11-11T02:44:37.592+0000] {processor.py:208} INFO - Processing /home/airflow/.local/lib/python3.12/site-packages/airflow/example_dags/subdags/subdag.py took 0.013 seconds
[2024-11-11T02:45:08.151+0000] {processor.py:186} INFO - Started process (PID=2623) to work on /home/airflow/.local/lib/python3.12/site-packages/airflow/example_dags/subdags/subdag.py
[2024-11-11T02:45:08.152+0000] {processor.py:914} INFO - Processing file /home/airflow/.local/lib/python3.12/site-packages/airflow/example_dags/subdags/subdag.py for tasks to queue
[2024-11-11T02:45:08.153+0000] {logging_mixin.py:190} INFO - [2024-11-11T02:45:08.153+0000] {dagbag.py:588} INFO - Filling up the DagBag from /home/airflow/.local/lib/python3.12/site-packages/airflow/example_dags/subdags/subdag.py
[2024-11-11T02:45:08.154+0000] {processor.py:927} WARNING - No viable dags retrieved from /home/airflow/.local/lib/python3.12/site-packages/airflow/example_dags/subdags/subdag.py
[2024-11-11T02:45:08.161+0000] {processor.py:208} INFO - Processing /home/airflow/.local/lib/python3.12/site-packages/airflow/example_dags/subdags/subdag.py took 0.013 seconds
[2024-11-11T02:45:38.808+0000] {processor.py:186} INFO - Started process (PID=2686) to work on /home/airflow/.local/lib/python3.12/site-packages/airflow/example_dags/subdags/subdag.py
[2024-11-11T02:45:38.808+0000] {processor.py:914} INFO - Processing file /home/airflow/.local/lib/python3.12/site-packages/airflow/example_dags/subdags/subdag.py for tasks to queue
[2024-11-11T02:45:38.810+0000] {logging_mixin.py:190} INFO - [2024-11-11T02:45:38.810+0000] {dagbag.py:588} INFO - Filling up the DagBag from /home/airflow/.local/lib/python3.12/site-packages/airflow/example_dags/subdags/subdag.py
[2024-11-11T02:45:38.811+0000] {processor.py:927} WARNING - No viable dags retrieved from /home/airflow/.local/lib/python3.12/site-packages/airflow/example_dags/subdags/subdag.py
[2024-11-11T02:45:38.817+0000] {processor.py:208} INFO - Processing /home/airflow/.local/lib/python3.12/site-packages/airflow/example_dags/subdags/subdag.py took 0.013 seconds
[2024-11-11T02:46:09.461+0000] {processor.py:186} INFO - Started process (PID=2748) to work on /home/airflow/.local/lib/python3.12/site-packages/airflow/example_dags/subdags/subdag.py
[2024-11-11T02:46:09.462+0000] {processor.py:914} INFO - Processing file /home/airflow/.local/lib/python3.12/site-packages/airflow/example_dags/subdags/subdag.py for tasks to queue
[2024-11-11T02:46:09.463+0000] {logging_mixin.py:190} INFO - [2024-11-11T02:46:09.463+0000] {dagbag.py:588} INFO - Filling up the DagBag from /home/airflow/.local/lib/python3.12/site-packages/airflow/example_dags/subdags/subdag.py
[2024-11-11T02:46:09.465+0000] {processor.py:927} WARNING - No viable dags retrieved from /home/airflow/.local/lib/python3.12/site-packages/airflow/example_dags/subdags/subdag.py
[2024-11-11T02:46:09.471+0000] {processor.py:208} INFO - Processing /home/airflow/.local/lib/python3.12/site-packages/airflow/example_dags/subdags/subdag.py took 0.012 seconds
[2024-11-11T02:46:40.190+0000] {processor.py:186} INFO - Started process (PID=2811) to work on /home/airflow/.local/lib/python3.12/site-packages/airflow/example_dags/subdags/subdag.py
[2024-11-11T02:46:40.190+0000] {processor.py:914} INFO - Processing file /home/airflow/.local/lib/python3.12/site-packages/airflow/example_dags/subdags/subdag.py for tasks to queue
[2024-11-11T02:46:40.191+0000] {logging_mixin.py:190} INFO - [2024-11-11T02:46:40.191+0000] {dagbag.py:588} INFO - Filling up the DagBag from /home/airflow/.local/lib/python3.12/site-packages/airflow/example_dags/subdags/subdag.py
[2024-11-11T02:46:40.193+0000] {processor.py:927} WARNING - No viable dags retrieved from /home/airflow/.local/lib/python3.12/site-packages/airflow/example_dags/subdags/subdag.py
[2024-11-11T02:46:40.199+0000] {processor.py:208} INFO - Processing /home/airflow/.local/lib/python3.12/site-packages/airflow/example_dags/subdags/subdag.py took 0.013 seconds
[2024-11-11T02:47:10.808+0000] {processor.py:186} INFO - Started process (PID=2874) to work on /home/airflow/.local/lib/python3.12/site-packages/airflow/example_dags/subdags/subdag.py
[2024-11-11T02:47:10.808+0000] {processor.py:914} INFO - Processing file /home/airflow/.local/lib/python3.12/site-packages/airflow/example_dags/subdags/subdag.py for tasks to queue
[2024-11-11T02:47:10.809+0000] {logging_mixin.py:190} INFO - [2024-11-11T02:47:10.809+0000] {dagbag.py:588} INFO - Filling up the DagBag from /home/airflow/.local/lib/python3.12/site-packages/airflow/example_dags/subdags/subdag.py
[2024-11-11T02:47:10.811+0000] {processor.py:927} WARNING - No viable dags retrieved from /home/airflow/.local/lib/python3.12/site-packages/airflow/example_dags/subdags/subdag.py
[2024-11-11T02:47:10.818+0000] {processor.py:208} INFO - Processing /home/airflow/.local/lib/python3.12/site-packages/airflow/example_dags/subdags/subdag.py took 0.013 seconds
[2024-11-11T02:47:41.368+0000] {processor.py:186} INFO - Started process (PID=2937) to work on /home/airflow/.local/lib/python3.12/site-packages/airflow/example_dags/subdags/subdag.py
[2024-11-11T02:47:41.369+0000] {processor.py:914} INFO - Processing file /home/airflow/.local/lib/python3.12/site-packages/airflow/example_dags/subdags/subdag.py for tasks to queue
[2024-11-11T02:47:41.370+0000] {logging_mixin.py:190} INFO - [2024-11-11T02:47:41.370+0000] {dagbag.py:588} INFO - Filling up the DagBag from /home/airflow/.local/lib/python3.12/site-packages/airflow/example_dags/subdags/subdag.py
[2024-11-11T02:47:41.371+0000] {processor.py:927} WARNING - No viable dags retrieved from /home/airflow/.local/lib/python3.12/site-packages/airflow/example_dags/subdags/subdag.py
[2024-11-11T02:47:41.378+0000] {processor.py:208} INFO - Processing /home/airflow/.local/lib/python3.12/site-packages/airflow/example_dags/subdags/subdag.py took 0.013 seconds
[2024-11-11T02:48:11.963+0000] {processor.py:186} INFO - Started process (PID=3000) to work on /home/airflow/.local/lib/python3.12/site-packages/airflow/example_dags/subdags/subdag.py
[2024-11-11T02:48:11.964+0000] {processor.py:914} INFO - Processing file /home/airflow/.local/lib/python3.12/site-packages/airflow/example_dags/subdags/subdag.py for tasks to queue
[2024-11-11T02:48:11.965+0000] {logging_mixin.py:190} INFO - [2024-11-11T02:48:11.965+0000] {dagbag.py:588} INFO - Filling up the DagBag from /home/airflow/.local/lib/python3.12/site-packages/airflow/example_dags/subdags/subdag.py
[2024-11-11T02:48:11.966+0000] {processor.py:927} WARNING - No viable dags retrieved from /home/airflow/.local/lib/python3.12/site-packages/airflow/example_dags/subdags/subdag.py
[2024-11-11T02:48:11.973+0000] {processor.py:208} INFO - Processing /home/airflow/.local/lib/python3.12/site-packages/airflow/example_dags/subdags/subdag.py took 0.013 seconds
[2024-11-11T02:48:42.582+0000] {processor.py:186} INFO - Started process (PID=3063) to work on /home/airflow/.local/lib/python3.12/site-packages/airflow/example_dags/subdags/subdag.py
[2024-11-11T02:48:42.582+0000] {processor.py:914} INFO - Processing file /home/airflow/.local/lib/python3.12/site-packages/airflow/example_dags/subdags/subdag.py for tasks to queue
[2024-11-11T02:48:42.584+0000] {logging_mixin.py:190} INFO - [2024-11-11T02:48:42.583+0000] {dagbag.py:588} INFO - Filling up the DagBag from /home/airflow/.local/lib/python3.12/site-packages/airflow/example_dags/subdags/subdag.py
[2024-11-11T02:48:42.585+0000] {processor.py:927} WARNING - No viable dags retrieved from /home/airflow/.local/lib/python3.12/site-packages/airflow/example_dags/subdags/subdag.py
[2024-11-11T02:48:42.592+0000] {processor.py:208} INFO - Processing /home/airflow/.local/lib/python3.12/site-packages/airflow/example_dags/subdags/subdag.py took 0.013 seconds
[2024-11-11T02:49:13.129+0000] {processor.py:186} INFO - Started process (PID=3126) to work on /home/airflow/.local/lib/python3.12/site-packages/airflow/example_dags/subdags/subdag.py
[2024-11-11T02:49:13.130+0000] {processor.py:914} INFO - Processing file /home/airflow/.local/lib/python3.12/site-packages/airflow/example_dags/subdags/subdag.py for tasks to queue
[2024-11-11T02:49:13.131+0000] {logging_mixin.py:190} INFO - [2024-11-11T02:49:13.131+0000] {dagbag.py:588} INFO - Filling up the DagBag from /home/airflow/.local/lib/python3.12/site-packages/airflow/example_dags/subdags/subdag.py
[2024-11-11T02:49:13.133+0000] {processor.py:927} WARNING - No viable dags retrieved from /home/airflow/.local/lib/python3.12/site-packages/airflow/example_dags/subdags/subdag.py
[2024-11-11T02:49:13.139+0000] {processor.py:208} INFO - Processing /home/airflow/.local/lib/python3.12/site-packages/airflow/example_dags/subdags/subdag.py took 0.013 seconds
[2024-11-11T02:49:43.986+0000] {processor.py:186} INFO - Started process (PID=3189) to work on /home/airflow/.local/lib/python3.12/site-packages/airflow/example_dags/subdags/subdag.py
[2024-11-11T02:49:43.987+0000] {processor.py:914} INFO - Processing file /home/airflow/.local/lib/python3.12/site-packages/airflow/example_dags/subdags/subdag.py for tasks to queue
[2024-11-11T02:49:43.988+0000] {logging_mixin.py:190} INFO - [2024-11-11T02:49:43.988+0000] {dagbag.py:588} INFO - Filling up the DagBag from /home/airflow/.local/lib/python3.12/site-packages/airflow/example_dags/subdags/subdag.py
[2024-11-11T02:49:43.989+0000] {processor.py:927} WARNING - No viable dags retrieved from /home/airflow/.local/lib/python3.12/site-packages/airflow/example_dags/subdags/subdag.py
[2024-11-11T02:49:43.996+0000] {processor.py:208} INFO - Processing /home/airflow/.local/lib/python3.12/site-packages/airflow/example_dags/subdags/subdag.py took 0.013 seconds
[2024-11-11T02:50:14.851+0000] {processor.py:186} INFO - Started process (PID=3252) to work on /home/airflow/.local/lib/python3.12/site-packages/airflow/example_dags/subdags/subdag.py
[2024-11-11T02:50:14.851+0000] {processor.py:914} INFO - Processing file /home/airflow/.local/lib/python3.12/site-packages/airflow/example_dags/subdags/subdag.py for tasks to queue
[2024-11-11T02:50:14.853+0000] {logging_mixin.py:190} INFO - [2024-11-11T02:50:14.852+0000] {dagbag.py:588} INFO - Filling up the DagBag from /home/airflow/.local/lib/python3.12/site-packages/airflow/example_dags/subdags/subdag.py
[2024-11-11T02:50:14.854+0000] {processor.py:927} WARNING - No viable dags retrieved from /home/airflow/.local/lib/python3.12/site-packages/airflow/example_dags/subdags/subdag.py
[2024-11-11T02:50:14.860+0000] {processor.py:208} INFO - Processing /home/airflow/.local/lib/python3.12/site-packages/airflow/example_dags/subdags/subdag.py took 0.013 seconds
[2024-11-11T02:50:45.644+0000] {processor.py:186} INFO - Started process (PID=3315) to work on /home/airflow/.local/lib/python3.12/site-packages/airflow/example_dags/subdags/subdag.py
[2024-11-11T02:50:45.644+0000] {processor.py:914} INFO - Processing file /home/airflow/.local/lib/python3.12/site-packages/airflow/example_dags/subdags/subdag.py for tasks to queue
[2024-11-11T02:50:45.646+0000] {logging_mixin.py:190} INFO - [2024-11-11T02:50:45.646+0000] {dagbag.py:588} INFO - Filling up the DagBag from /home/airflow/.local/lib/python3.12/site-packages/airflow/example_dags/subdags/subdag.py
[2024-11-11T02:50:45.647+0000] {processor.py:927} WARNING - No viable dags retrieved from /home/airflow/.local/lib/python3.12/site-packages/airflow/example_dags/subdags/subdag.py
[2024-11-11T02:50:45.653+0000] {processor.py:208} INFO - Processing /home/airflow/.local/lib/python3.12/site-packages/airflow/example_dags/subdags/subdag.py took 0.013 seconds
[2024-11-11T02:51:16.273+0000] {processor.py:186} INFO - Started process (PID=3378) to work on /home/airflow/.local/lib/python3.12/site-packages/airflow/example_dags/subdags/subdag.py
[2024-11-11T02:51:16.274+0000] {processor.py:914} INFO - Processing file /home/airflow/.local/lib/python3.12/site-packages/airflow/example_dags/subdags/subdag.py for tasks to queue
[2024-11-11T02:51:16.275+0000] {logging_mixin.py:190} INFO - [2024-11-11T02:51:16.275+0000] {dagbag.py:588} INFO - Filling up the DagBag from /home/airflow/.local/lib/python3.12/site-packages/airflow/example_dags/subdags/subdag.py
[2024-11-11T02:51:16.277+0000] {processor.py:927} WARNING - No viable dags retrieved from /home/airflow/.local/lib/python3.12/site-packages/airflow/example_dags/subdags/subdag.py
[2024-11-11T02:51:16.283+0000] {processor.py:208} INFO - Processing /home/airflow/.local/lib/python3.12/site-packages/airflow/example_dags/subdags/subdag.py took 0.013 seconds
[2024-11-11T02:51:47.409+0000] {processor.py:186} INFO - Started process (PID=3441) to work on /home/airflow/.local/lib/python3.12/site-packages/airflow/example_dags/subdags/subdag.py
[2024-11-11T02:51:47.409+0000] {processor.py:914} INFO - Processing file /home/airflow/.local/lib/python3.12/site-packages/airflow/example_dags/subdags/subdag.py for tasks to queue
[2024-11-11T02:51:47.411+0000] {logging_mixin.py:190} INFO - [2024-11-11T02:51:47.411+0000] {dagbag.py:588} INFO - Filling up the DagBag from /home/airflow/.local/lib/python3.12/site-packages/airflow/example_dags/subdags/subdag.py
[2024-11-11T02:51:47.412+0000] {processor.py:927} WARNING - No viable dags retrieved from /home/airflow/.local/lib/python3.12/site-packages/airflow/example_dags/subdags/subdag.py
[2024-11-11T02:51:47.419+0000] {processor.py:208} INFO - Processing /home/airflow/.local/lib/python3.12/site-packages/airflow/example_dags/subdags/subdag.py took 0.013 seconds
[2024-11-11T02:52:18.432+0000] {processor.py:186} INFO - Started process (PID=3504) to work on /home/airflow/.local/lib/python3.12/site-packages/airflow/example_dags/subdags/subdag.py
[2024-11-11T02:52:18.433+0000] {processor.py:914} INFO - Processing file /home/airflow/.local/lib/python3.12/site-packages/airflow/example_dags/subdags/subdag.py for tasks to queue
[2024-11-11T02:52:18.434+0000] {logging_mixin.py:190} INFO - [2024-11-11T02:52:18.434+0000] {dagbag.py:588} INFO - Filling up the DagBag from /home/airflow/.local/lib/python3.12/site-packages/airflow/example_dags/subdags/subdag.py
[2024-11-11T02:52:18.436+0000] {processor.py:927} WARNING - No viable dags retrieved from /home/airflow/.local/lib/python3.12/site-packages/airflow/example_dags/subdags/subdag.py
[2024-11-11T02:52:18.442+0000] {processor.py:208} INFO - Processing /home/airflow/.local/lib/python3.12/site-packages/airflow/example_dags/subdags/subdag.py took 0.014 seconds
[2024-11-11T02:52:49.866+0000] {processor.py:186} INFO - Started process (PID=3567) to work on /home/airflow/.local/lib/python3.12/site-packages/airflow/example_dags/subdags/subdag.py
[2024-11-11T02:52:49.867+0000] {processor.py:914} INFO - Processing file /home/airflow/.local/lib/python3.12/site-packages/airflow/example_dags/subdags/subdag.py for tasks to queue
[2024-11-11T02:52:49.868+0000] {logging_mixin.py:190} INFO - [2024-11-11T02:52:49.868+0000] {dagbag.py:588} INFO - Filling up the DagBag from /home/airflow/.local/lib/python3.12/site-packages/airflow/example_dags/subdags/subdag.py
[2024-11-11T02:52:49.870+0000] {processor.py:927} WARNING - No viable dags retrieved from /home/airflow/.local/lib/python3.12/site-packages/airflow/example_dags/subdags/subdag.py
[2024-11-11T02:52:49.880+0000] {processor.py:208} INFO - Processing /home/airflow/.local/lib/python3.12/site-packages/airflow/example_dags/subdags/subdag.py took 0.018 seconds
[2024-11-11T02:53:20.596+0000] {processor.py:186} INFO - Started process (PID=3630) to work on /home/airflow/.local/lib/python3.12/site-packages/airflow/example_dags/subdags/subdag.py
[2024-11-11T02:53:20.596+0000] {processor.py:914} INFO - Processing file /home/airflow/.local/lib/python3.12/site-packages/airflow/example_dags/subdags/subdag.py for tasks to queue
[2024-11-11T02:53:20.598+0000] {logging_mixin.py:190} INFO - [2024-11-11T02:53:20.597+0000] {dagbag.py:588} INFO - Filling up the DagBag from /home/airflow/.local/lib/python3.12/site-packages/airflow/example_dags/subdags/subdag.py
[2024-11-11T02:53:20.599+0000] {processor.py:927} WARNING - No viable dags retrieved from /home/airflow/.local/lib/python3.12/site-packages/airflow/example_dags/subdags/subdag.py
[2024-11-11T02:53:20.605+0000] {processor.py:208} INFO - Processing /home/airflow/.local/lib/python3.12/site-packages/airflow/example_dags/subdags/subdag.py took 0.013 seconds
[2024-11-11T02:53:51.342+0000] {processor.py:186} INFO - Started process (PID=3693) to work on /home/airflow/.local/lib/python3.12/site-packages/airflow/example_dags/subdags/subdag.py
[2024-11-11T02:53:51.342+0000] {processor.py:914} INFO - Processing file /home/airflow/.local/lib/python3.12/site-packages/airflow/example_dags/subdags/subdag.py for tasks to queue
[2024-11-11T02:53:51.343+0000] {logging_mixin.py:190} INFO - [2024-11-11T02:53:51.343+0000] {dagbag.py:588} INFO - Filling up the DagBag from /home/airflow/.local/lib/python3.12/site-packages/airflow/example_dags/subdags/subdag.py
[2024-11-11T02:53:51.345+0000] {processor.py:927} WARNING - No viable dags retrieved from /home/airflow/.local/lib/python3.12/site-packages/airflow/example_dags/subdags/subdag.py
[2024-11-11T02:53:51.351+0000] {processor.py:208} INFO - Processing /home/airflow/.local/lib/python3.12/site-packages/airflow/example_dags/subdags/subdag.py took 0.013 seconds
[2024-11-11T02:54:21.850+0000] {processor.py:186} INFO - Started process (PID=3756) to work on /home/airflow/.local/lib/python3.12/site-packages/airflow/example_dags/subdags/subdag.py
[2024-11-11T02:54:21.851+0000] {processor.py:914} INFO - Processing file /home/airflow/.local/lib/python3.12/site-packages/airflow/example_dags/subdags/subdag.py for tasks to queue
[2024-11-11T02:54:21.852+0000] {logging_mixin.py:190} INFO - [2024-11-11T02:54:21.852+0000] {dagbag.py:588} INFO - Filling up the DagBag from /home/airflow/.local/lib/python3.12/site-packages/airflow/example_dags/subdags/subdag.py
[2024-11-11T02:54:21.853+0000] {processor.py:927} WARNING - No viable dags retrieved from /home/airflow/.local/lib/python3.12/site-packages/airflow/example_dags/subdags/subdag.py
[2024-11-11T02:54:21.860+0000] {processor.py:208} INFO - Processing /home/airflow/.local/lib/python3.12/site-packages/airflow/example_dags/subdags/subdag.py took 0.013 seconds
[2024-11-11T02:54:52.393+0000] {processor.py:186} INFO - Started process (PID=3819) to work on /home/airflow/.local/lib/python3.12/site-packages/airflow/example_dags/subdags/subdag.py
[2024-11-11T02:54:52.394+0000] {processor.py:914} INFO - Processing file /home/airflow/.local/lib/python3.12/site-packages/airflow/example_dags/subdags/subdag.py for tasks to queue
[2024-11-11T02:54:52.395+0000] {logging_mixin.py:190} INFO - [2024-11-11T02:54:52.395+0000] {dagbag.py:588} INFO - Filling up the DagBag from /home/airflow/.local/lib/python3.12/site-packages/airflow/example_dags/subdags/subdag.py
[2024-11-11T02:54:52.396+0000] {processor.py:927} WARNING - No viable dags retrieved from /home/airflow/.local/lib/python3.12/site-packages/airflow/example_dags/subdags/subdag.py
[2024-11-11T02:54:52.404+0000] {processor.py:208} INFO - Processing /home/airflow/.local/lib/python3.12/site-packages/airflow/example_dags/subdags/subdag.py took 0.014 seconds
[2024-11-11T02:55:22.766+0000] {processor.py:186} INFO - Started process (PID=3882) to work on /home/airflow/.local/lib/python3.12/site-packages/airflow/example_dags/subdags/subdag.py
[2024-11-11T02:55:22.766+0000] {processor.py:914} INFO - Processing file /home/airflow/.local/lib/python3.12/site-packages/airflow/example_dags/subdags/subdag.py for tasks to queue
[2024-11-11T02:55:22.767+0000] {logging_mixin.py:190} INFO - [2024-11-11T02:55:22.767+0000] {dagbag.py:588} INFO - Filling up the DagBag from /home/airflow/.local/lib/python3.12/site-packages/airflow/example_dags/subdags/subdag.py
[2024-11-11T02:55:22.769+0000] {processor.py:927} WARNING - No viable dags retrieved from /home/airflow/.local/lib/python3.12/site-packages/airflow/example_dags/subdags/subdag.py
[2024-11-11T02:55:22.776+0000] {processor.py:208} INFO - Processing /home/airflow/.local/lib/python3.12/site-packages/airflow/example_dags/subdags/subdag.py took 0.013 seconds
[2024-11-11T02:55:53.296+0000] {processor.py:186} INFO - Started process (PID=3945) to work on /home/airflow/.local/lib/python3.12/site-packages/airflow/example_dags/subdags/subdag.py
[2024-11-11T02:55:53.296+0000] {processor.py:914} INFO - Processing file /home/airflow/.local/lib/python3.12/site-packages/airflow/example_dags/subdags/subdag.py for tasks to queue
[2024-11-11T02:55:53.299+0000] {logging_mixin.py:190} INFO - [2024-11-11T02:55:53.299+0000] {dagbag.py:588} INFO - Filling up the DagBag from /home/airflow/.local/lib/python3.12/site-packages/airflow/example_dags/subdags/subdag.py
[2024-11-11T02:55:53.302+0000] {processor.py:927} WARNING - No viable dags retrieved from /home/airflow/.local/lib/python3.12/site-packages/airflow/example_dags/subdags/subdag.py
[2024-11-11T02:55:53.312+0000] {processor.py:208} INFO - Processing /home/airflow/.local/lib/python3.12/site-packages/airflow/example_dags/subdags/subdag.py took 0.021 seconds
[2024-11-11T02:56:23.869+0000] {processor.py:186} INFO - Started process (PID=4008) to work on /home/airflow/.local/lib/python3.12/site-packages/airflow/example_dags/subdags/subdag.py
[2024-11-11T02:56:23.869+0000] {processor.py:914} INFO - Processing file /home/airflow/.local/lib/python3.12/site-packages/airflow/example_dags/subdags/subdag.py for tasks to queue
[2024-11-11T02:56:23.871+0000] {logging_mixin.py:190} INFO - [2024-11-11T02:56:23.870+0000] {dagbag.py:588} INFO - Filling up the DagBag from /home/airflow/.local/lib/python3.12/site-packages/airflow/example_dags/subdags/subdag.py
[2024-11-11T02:56:23.872+0000] {processor.py:927} WARNING - No viable dags retrieved from /home/airflow/.local/lib/python3.12/site-packages/airflow/example_dags/subdags/subdag.py
[2024-11-11T02:56:23.880+0000] {processor.py:208} INFO - Processing /home/airflow/.local/lib/python3.12/site-packages/airflow/example_dags/subdags/subdag.py took 0.014 seconds
[2024-11-11T02:56:54.357+0000] {processor.py:186} INFO - Started process (PID=4071) to work on /home/airflow/.local/lib/python3.12/site-packages/airflow/example_dags/subdags/subdag.py
[2024-11-11T02:56:54.358+0000] {processor.py:914} INFO - Processing file /home/airflow/.local/lib/python3.12/site-packages/airflow/example_dags/subdags/subdag.py for tasks to queue
[2024-11-11T02:56:54.359+0000] {logging_mixin.py:190} INFO - [2024-11-11T02:56:54.359+0000] {dagbag.py:588} INFO - Filling up the DagBag from /home/airflow/.local/lib/python3.12/site-packages/airflow/example_dags/subdags/subdag.py
[2024-11-11T02:56:54.361+0000] {processor.py:927} WARNING - No viable dags retrieved from /home/airflow/.local/lib/python3.12/site-packages/airflow/example_dags/subdags/subdag.py
[2024-11-11T02:56:54.368+0000] {processor.py:208} INFO - Processing /home/airflow/.local/lib/python3.12/site-packages/airflow/example_dags/subdags/subdag.py took 0.013 seconds
[2024-11-11T02:57:24.904+0000] {processor.py:186} INFO - Started process (PID=4134) to work on /home/airflow/.local/lib/python3.12/site-packages/airflow/example_dags/subdags/subdag.py
[2024-11-11T02:57:24.904+0000] {processor.py:914} INFO - Processing file /home/airflow/.local/lib/python3.12/site-packages/airflow/example_dags/subdags/subdag.py for tasks to queue
[2024-11-11T02:57:24.905+0000] {logging_mixin.py:190} INFO - [2024-11-11T02:57:24.905+0000] {dagbag.py:588} INFO - Filling up the DagBag from /home/airflow/.local/lib/python3.12/site-packages/airflow/example_dags/subdags/subdag.py
[2024-11-11T02:57:24.907+0000] {processor.py:927} WARNING - No viable dags retrieved from /home/airflow/.local/lib/python3.12/site-packages/airflow/example_dags/subdags/subdag.py
[2024-11-11T02:57:24.914+0000] {processor.py:208} INFO - Processing /home/airflow/.local/lib/python3.12/site-packages/airflow/example_dags/subdags/subdag.py took 0.015 seconds
[2024-11-11T02:57:55.374+0000] {processor.py:186} INFO - Started process (PID=4197) to work on /home/airflow/.local/lib/python3.12/site-packages/airflow/example_dags/subdags/subdag.py
[2024-11-11T02:57:55.375+0000] {processor.py:914} INFO - Processing file /home/airflow/.local/lib/python3.12/site-packages/airflow/example_dags/subdags/subdag.py for tasks to queue
[2024-11-11T02:57:55.376+0000] {logging_mixin.py:190} INFO - [2024-11-11T02:57:55.376+0000] {dagbag.py:588} INFO - Filling up the DagBag from /home/airflow/.local/lib/python3.12/site-packages/airflow/example_dags/subdags/subdag.py
[2024-11-11T02:57:55.378+0000] {processor.py:927} WARNING - No viable dags retrieved from /home/airflow/.local/lib/python3.12/site-packages/airflow/example_dags/subdags/subdag.py
[2024-11-11T02:57:55.385+0000] {processor.py:208} INFO - Processing /home/airflow/.local/lib/python3.12/site-packages/airflow/example_dags/subdags/subdag.py took 0.014 seconds
[2024-11-11T02:58:25.829+0000] {processor.py:186} INFO - Started process (PID=4260) to work on /home/airflow/.local/lib/python3.12/site-packages/airflow/example_dags/subdags/subdag.py
[2024-11-11T02:58:25.830+0000] {processor.py:914} INFO - Processing file /home/airflow/.local/lib/python3.12/site-packages/airflow/example_dags/subdags/subdag.py for tasks to queue
[2024-11-11T02:58:25.831+0000] {logging_mixin.py:190} INFO - [2024-11-11T02:58:25.831+0000] {dagbag.py:588} INFO - Filling up the DagBag from /home/airflow/.local/lib/python3.12/site-packages/airflow/example_dags/subdags/subdag.py
[2024-11-11T02:58:25.833+0000] {processor.py:927} WARNING - No viable dags retrieved from /home/airflow/.local/lib/python3.12/site-packages/airflow/example_dags/subdags/subdag.py
[2024-11-11T02:58:25.839+0000] {processor.py:208} INFO - Processing /home/airflow/.local/lib/python3.12/site-packages/airflow/example_dags/subdags/subdag.py took 0.013 seconds
[2024-11-11T02:58:56.294+0000] {processor.py:186} INFO - Started process (PID=4323) to work on /home/airflow/.local/lib/python3.12/site-packages/airflow/example_dags/subdags/subdag.py
[2024-11-11T02:58:56.294+0000] {processor.py:914} INFO - Processing file /home/airflow/.local/lib/python3.12/site-packages/airflow/example_dags/subdags/subdag.py for tasks to queue
[2024-11-11T02:58:56.296+0000] {logging_mixin.py:190} INFO - [2024-11-11T02:58:56.295+0000] {dagbag.py:588} INFO - Filling up the DagBag from /home/airflow/.local/lib/python3.12/site-packages/airflow/example_dags/subdags/subdag.py
[2024-11-11T02:58:56.297+0000] {processor.py:927} WARNING - No viable dags retrieved from /home/airflow/.local/lib/python3.12/site-packages/airflow/example_dags/subdags/subdag.py
[2024-11-11T02:58:56.304+0000] {processor.py:208} INFO - Processing /home/airflow/.local/lib/python3.12/site-packages/airflow/example_dags/subdags/subdag.py took 0.014 seconds
[2024-11-11T02:59:26.787+0000] {processor.py:186} INFO - Started process (PID=4392) to work on /home/airflow/.local/lib/python3.12/site-packages/airflow/example_dags/subdags/subdag.py
[2024-11-11T02:59:26.788+0000] {processor.py:914} INFO - Processing file /home/airflow/.local/lib/python3.12/site-packages/airflow/example_dags/subdags/subdag.py for tasks to queue
[2024-11-11T02:59:26.789+0000] {logging_mixin.py:190} INFO - [2024-11-11T02:59:26.789+0000] {dagbag.py:588} INFO - Filling up the DagBag from /home/airflow/.local/lib/python3.12/site-packages/airflow/example_dags/subdags/subdag.py
[2024-11-11T02:59:26.791+0000] {processor.py:927} WARNING - No viable dags retrieved from /home/airflow/.local/lib/python3.12/site-packages/airflow/example_dags/subdags/subdag.py
[2024-11-11T02:59:26.798+0000] {processor.py:208} INFO - Processing /home/airflow/.local/lib/python3.12/site-packages/airflow/example_dags/subdags/subdag.py took 0.014 seconds
[2024-11-11T02:59:57.289+0000] {processor.py:186} INFO - Started process (PID=4455) to work on /home/airflow/.local/lib/python3.12/site-packages/airflow/example_dags/subdags/subdag.py
[2024-11-11T02:59:57.289+0000] {processor.py:914} INFO - Processing file /home/airflow/.local/lib/python3.12/site-packages/airflow/example_dags/subdags/subdag.py for tasks to queue
[2024-11-11T02:59:57.291+0000] {logging_mixin.py:190} INFO - [2024-11-11T02:59:57.290+0000] {dagbag.py:588} INFO - Filling up the DagBag from /home/airflow/.local/lib/python3.12/site-packages/airflow/example_dags/subdags/subdag.py
[2024-11-11T02:59:57.292+0000] {processor.py:927} WARNING - No viable dags retrieved from /home/airflow/.local/lib/python3.12/site-packages/airflow/example_dags/subdags/subdag.py
[2024-11-11T02:59:57.299+0000] {processor.py:208} INFO - Processing /home/airflow/.local/lib/python3.12/site-packages/airflow/example_dags/subdags/subdag.py took 0.013 seconds
[2024-11-11T03:00:27.758+0000] {processor.py:186} INFO - Started process (PID=4518) to work on /home/airflow/.local/lib/python3.12/site-packages/airflow/example_dags/subdags/subdag.py
[2024-11-11T03:00:27.759+0000] {processor.py:914} INFO - Processing file /home/airflow/.local/lib/python3.12/site-packages/airflow/example_dags/subdags/subdag.py for tasks to queue
[2024-11-11T03:00:27.760+0000] {logging_mixin.py:190} INFO - [2024-11-11T03:00:27.760+0000] {dagbag.py:588} INFO - Filling up the DagBag from /home/airflow/.local/lib/python3.12/site-packages/airflow/example_dags/subdags/subdag.py
[2024-11-11T03:00:27.761+0000] {processor.py:927} WARNING - No viable dags retrieved from /home/airflow/.local/lib/python3.12/site-packages/airflow/example_dags/subdags/subdag.py
[2024-11-11T03:00:27.768+0000] {processor.py:208} INFO - Processing /home/airflow/.local/lib/python3.12/site-packages/airflow/example_dags/subdags/subdag.py took 0.014 seconds
[2024-11-11T03:00:58.270+0000] {processor.py:186} INFO - Started process (PID=4581) to work on /home/airflow/.local/lib/python3.12/site-packages/airflow/example_dags/subdags/subdag.py
[2024-11-11T03:00:58.271+0000] {processor.py:914} INFO - Processing file /home/airflow/.local/lib/python3.12/site-packages/airflow/example_dags/subdags/subdag.py for tasks to queue
[2024-11-11T03:00:58.272+0000] {logging_mixin.py:190} INFO - [2024-11-11T03:00:58.272+0000] {dagbag.py:588} INFO - Filling up the DagBag from /home/airflow/.local/lib/python3.12/site-packages/airflow/example_dags/subdags/subdag.py
[2024-11-11T03:00:58.274+0000] {processor.py:927} WARNING - No viable dags retrieved from /home/airflow/.local/lib/python3.12/site-packages/airflow/example_dags/subdags/subdag.py
[2024-11-11T03:00:58.281+0000] {processor.py:208} INFO - Processing /home/airflow/.local/lib/python3.12/site-packages/airflow/example_dags/subdags/subdag.py took 0.013 seconds
[2024-11-11T03:01:28.745+0000] {processor.py:186} INFO - Started process (PID=4644) to work on /home/airflow/.local/lib/python3.12/site-packages/airflow/example_dags/subdags/subdag.py
[2024-11-11T03:01:28.746+0000] {processor.py:914} INFO - Processing file /home/airflow/.local/lib/python3.12/site-packages/airflow/example_dags/subdags/subdag.py for tasks to queue
[2024-11-11T03:01:28.747+0000] {logging_mixin.py:190} INFO - [2024-11-11T03:01:28.747+0000] {dagbag.py:588} INFO - Filling up the DagBag from /home/airflow/.local/lib/python3.12/site-packages/airflow/example_dags/subdags/subdag.py
[2024-11-11T03:01:28.749+0000] {processor.py:927} WARNING - No viable dags retrieved from /home/airflow/.local/lib/python3.12/site-packages/airflow/example_dags/subdags/subdag.py
[2024-11-11T03:01:28.755+0000] {processor.py:208} INFO - Processing /home/airflow/.local/lib/python3.12/site-packages/airflow/example_dags/subdags/subdag.py took 0.013 seconds
[2024-11-11T03:01:59.480+0000] {processor.py:186} INFO - Started process (PID=4707) to work on /home/airflow/.local/lib/python3.12/site-packages/airflow/example_dags/subdags/subdag.py
[2024-11-11T03:01:59.481+0000] {processor.py:914} INFO - Processing file /home/airflow/.local/lib/python3.12/site-packages/airflow/example_dags/subdags/subdag.py for tasks to queue
[2024-11-11T03:01:59.482+0000] {logging_mixin.py:190} INFO - [2024-11-11T03:01:59.482+0000] {dagbag.py:588} INFO - Filling up the DagBag from /home/airflow/.local/lib/python3.12/site-packages/airflow/example_dags/subdags/subdag.py
[2024-11-11T03:01:59.484+0000] {processor.py:927} WARNING - No viable dags retrieved from /home/airflow/.local/lib/python3.12/site-packages/airflow/example_dags/subdags/subdag.py
[2024-11-11T03:01:59.491+0000] {processor.py:208} INFO - Processing /home/airflow/.local/lib/python3.12/site-packages/airflow/example_dags/subdags/subdag.py took 0.014 seconds
[2024-11-11T03:03:17.021+0000] {processor.py:186} INFO - Started process (PID=4764) to work on /home/airflow/.local/lib/python3.12/site-packages/airflow/example_dags/subdags/subdag.py
[2024-11-11T03:03:17.022+0000] {processor.py:914} INFO - Processing file /home/airflow/.local/lib/python3.12/site-packages/airflow/example_dags/subdags/subdag.py for tasks to queue
[2024-11-11T03:03:17.023+0000] {logging_mixin.py:190} INFO - [2024-11-11T03:03:17.023+0000] {dagbag.py:588} INFO - Filling up the DagBag from /home/airflow/.local/lib/python3.12/site-packages/airflow/example_dags/subdags/subdag.py
[2024-11-11T03:03:17.024+0000] {processor.py:927} WARNING - No viable dags retrieved from /home/airflow/.local/lib/python3.12/site-packages/airflow/example_dags/subdags/subdag.py
[2024-11-11T03:03:17.032+0000] {processor.py:208} INFO - Processing /home/airflow/.local/lib/python3.12/site-packages/airflow/example_dags/subdags/subdag.py took 0.015 seconds
[2024-11-11T03:03:47.499+0000] {processor.py:186} INFO - Started process (PID=4827) to work on /home/airflow/.local/lib/python3.12/site-packages/airflow/example_dags/subdags/subdag.py
[2024-11-11T03:03:47.500+0000] {processor.py:914} INFO - Processing file /home/airflow/.local/lib/python3.12/site-packages/airflow/example_dags/subdags/subdag.py for tasks to queue
[2024-11-11T03:03:47.502+0000] {logging_mixin.py:190} INFO - [2024-11-11T03:03:47.501+0000] {dagbag.py:588} INFO - Filling up the DagBag from /home/airflow/.local/lib/python3.12/site-packages/airflow/example_dags/subdags/subdag.py
[2024-11-11T03:03:47.503+0000] {processor.py:927} WARNING - No viable dags retrieved from /home/airflow/.local/lib/python3.12/site-packages/airflow/example_dags/subdags/subdag.py
[2024-11-11T03:03:47.510+0000] {processor.py:208} INFO - Processing /home/airflow/.local/lib/python3.12/site-packages/airflow/example_dags/subdags/subdag.py took 0.015 seconds
[2024-11-11T03:04:17.971+0000] {processor.py:186} INFO - Started process (PID=4890) to work on /home/airflow/.local/lib/python3.12/site-packages/airflow/example_dags/subdags/subdag.py
[2024-11-11T03:04:17.972+0000] {processor.py:914} INFO - Processing file /home/airflow/.local/lib/python3.12/site-packages/airflow/example_dags/subdags/subdag.py for tasks to queue
[2024-11-11T03:04:17.974+0000] {logging_mixin.py:190} INFO - [2024-11-11T03:04:17.973+0000] {dagbag.py:588} INFO - Filling up the DagBag from /home/airflow/.local/lib/python3.12/site-packages/airflow/example_dags/subdags/subdag.py
[2024-11-11T03:04:17.975+0000] {processor.py:927} WARNING - No viable dags retrieved from /home/airflow/.local/lib/python3.12/site-packages/airflow/example_dags/subdags/subdag.py
[2024-11-11T03:04:17.982+0000] {processor.py:208} INFO - Processing /home/airflow/.local/lib/python3.12/site-packages/airflow/example_dags/subdags/subdag.py took 0.014 seconds
[2024-11-11T03:04:48.498+0000] {processor.py:186} INFO - Started process (PID=4953) to work on /home/airflow/.local/lib/python3.12/site-packages/airflow/example_dags/subdags/subdag.py
[2024-11-11T03:04:48.499+0000] {processor.py:914} INFO - Processing file /home/airflow/.local/lib/python3.12/site-packages/airflow/example_dags/subdags/subdag.py for tasks to queue
[2024-11-11T03:04:48.501+0000] {logging_mixin.py:190} INFO - [2024-11-11T03:04:48.500+0000] {dagbag.py:588} INFO - Filling up the DagBag from /home/airflow/.local/lib/python3.12/site-packages/airflow/example_dags/subdags/subdag.py
[2024-11-11T03:04:48.502+0000] {processor.py:927} WARNING - No viable dags retrieved from /home/airflow/.local/lib/python3.12/site-packages/airflow/example_dags/subdags/subdag.py
[2024-11-11T03:04:48.511+0000] {processor.py:208} INFO - Processing /home/airflow/.local/lib/python3.12/site-packages/airflow/example_dags/subdags/subdag.py took 0.017 seconds
[2024-11-11T03:05:18.862+0000] {processor.py:186} INFO - Started process (PID=5016) to work on /home/airflow/.local/lib/python3.12/site-packages/airflow/example_dags/subdags/subdag.py
[2024-11-11T03:05:18.863+0000] {processor.py:914} INFO - Processing file /home/airflow/.local/lib/python3.12/site-packages/airflow/example_dags/subdags/subdag.py for tasks to queue
[2024-11-11T03:05:18.864+0000] {logging_mixin.py:190} INFO - [2024-11-11T03:05:18.864+0000] {dagbag.py:588} INFO - Filling up the DagBag from /home/airflow/.local/lib/python3.12/site-packages/airflow/example_dags/subdags/subdag.py
[2024-11-11T03:05:18.866+0000] {processor.py:927} WARNING - No viable dags retrieved from /home/airflow/.local/lib/python3.12/site-packages/airflow/example_dags/subdags/subdag.py
[2024-11-11T03:05:18.873+0000] {processor.py:208} INFO - Processing /home/airflow/.local/lib/python3.12/site-packages/airflow/example_dags/subdags/subdag.py took 0.013 seconds
[2024-11-11T03:05:49.132+0000] {processor.py:186} INFO - Started process (PID=5079) to work on /home/airflow/.local/lib/python3.12/site-packages/airflow/example_dags/subdags/subdag.py
[2024-11-11T03:05:49.132+0000] {processor.py:914} INFO - Processing file /home/airflow/.local/lib/python3.12/site-packages/airflow/example_dags/subdags/subdag.py for tasks to queue
[2024-11-11T03:05:49.134+0000] {logging_mixin.py:190} INFO - [2024-11-11T03:05:49.134+0000] {dagbag.py:588} INFO - Filling up the DagBag from /home/airflow/.local/lib/python3.12/site-packages/airflow/example_dags/subdags/subdag.py
[2024-11-11T03:05:49.135+0000] {processor.py:927} WARNING - No viable dags retrieved from /home/airflow/.local/lib/python3.12/site-packages/airflow/example_dags/subdags/subdag.py
[2024-11-11T03:05:49.142+0000] {processor.py:208} INFO - Processing /home/airflow/.local/lib/python3.12/site-packages/airflow/example_dags/subdags/subdag.py took 0.014 seconds
[2024-11-11T03:06:19.424+0000] {processor.py:186} INFO - Started process (PID=5141) to work on /home/airflow/.local/lib/python3.12/site-packages/airflow/example_dags/subdags/subdag.py
[2024-11-11T03:06:19.425+0000] {processor.py:914} INFO - Processing file /home/airflow/.local/lib/python3.12/site-packages/airflow/example_dags/subdags/subdag.py for tasks to queue
[2024-11-11T03:06:19.427+0000] {logging_mixin.py:190} INFO - [2024-11-11T03:06:19.426+0000] {dagbag.py:588} INFO - Filling up the DagBag from /home/airflow/.local/lib/python3.12/site-packages/airflow/example_dags/subdags/subdag.py
[2024-11-11T03:06:19.428+0000] {processor.py:927} WARNING - No viable dags retrieved from /home/airflow/.local/lib/python3.12/site-packages/airflow/example_dags/subdags/subdag.py
[2024-11-11T03:06:19.435+0000] {processor.py:208} INFO - Processing /home/airflow/.local/lib/python3.12/site-packages/airflow/example_dags/subdags/subdag.py took 0.014 seconds
[2024-11-11T03:06:50.172+0000] {processor.py:186} INFO - Started process (PID=5205) to work on /home/airflow/.local/lib/python3.12/site-packages/airflow/example_dags/subdags/subdag.py
[2024-11-11T03:06:50.173+0000] {processor.py:914} INFO - Processing file /home/airflow/.local/lib/python3.12/site-packages/airflow/example_dags/subdags/subdag.py for tasks to queue
[2024-11-11T03:06:50.174+0000] {logging_mixin.py:190} INFO - [2024-11-11T03:06:50.174+0000] {dagbag.py:588} INFO - Filling up the DagBag from /home/airflow/.local/lib/python3.12/site-packages/airflow/example_dags/subdags/subdag.py
[2024-11-11T03:06:50.176+0000] {processor.py:927} WARNING - No viable dags retrieved from /home/airflow/.local/lib/python3.12/site-packages/airflow/example_dags/subdags/subdag.py
[2024-11-11T03:06:50.183+0000] {processor.py:208} INFO - Processing /home/airflow/.local/lib/python3.12/site-packages/airflow/example_dags/subdags/subdag.py took 0.013 seconds
[2024-11-11T03:07:20.591+0000] {processor.py:186} INFO - Started process (PID=5269) to work on /home/airflow/.local/lib/python3.12/site-packages/airflow/example_dags/subdags/subdag.py
[2024-11-11T03:07:20.592+0000] {processor.py:914} INFO - Processing file /home/airflow/.local/lib/python3.12/site-packages/airflow/example_dags/subdags/subdag.py for tasks to queue
[2024-11-11T03:07:20.594+0000] {logging_mixin.py:190} INFO - [2024-11-11T03:07:20.594+0000] {dagbag.py:588} INFO - Filling up the DagBag from /home/airflow/.local/lib/python3.12/site-packages/airflow/example_dags/subdags/subdag.py
[2024-11-11T03:07:20.597+0000] {processor.py:927} WARNING - No viable dags retrieved from /home/airflow/.local/lib/python3.12/site-packages/airflow/example_dags/subdags/subdag.py
[2024-11-11T03:07:20.606+0000] {processor.py:208} INFO - Processing /home/airflow/.local/lib/python3.12/site-packages/airflow/example_dags/subdags/subdag.py took 0.021 seconds
[2024-11-11T03:07:51.357+0000] {processor.py:186} INFO - Started process (PID=5332) to work on /home/airflow/.local/lib/python3.12/site-packages/airflow/example_dags/subdags/subdag.py
[2024-11-11T03:07:51.358+0000] {processor.py:914} INFO - Processing file /home/airflow/.local/lib/python3.12/site-packages/airflow/example_dags/subdags/subdag.py for tasks to queue
[2024-11-11T03:07:51.359+0000] {logging_mixin.py:190} INFO - [2024-11-11T03:07:51.359+0000] {dagbag.py:588} INFO - Filling up the DagBag from /home/airflow/.local/lib/python3.12/site-packages/airflow/example_dags/subdags/subdag.py
[2024-11-11T03:07:51.361+0000] {processor.py:927} WARNING - No viable dags retrieved from /home/airflow/.local/lib/python3.12/site-packages/airflow/example_dags/subdags/subdag.py
[2024-11-11T03:07:51.368+0000] {processor.py:208} INFO - Processing /home/airflow/.local/lib/python3.12/site-packages/airflow/example_dags/subdags/subdag.py took 0.014 seconds
[2024-11-11T03:08:22.006+0000] {processor.py:186} INFO - Started process (PID=5395) to work on /home/airflow/.local/lib/python3.12/site-packages/airflow/example_dags/subdags/subdag.py
[2024-11-11T03:08:22.007+0000] {processor.py:914} INFO - Processing file /home/airflow/.local/lib/python3.12/site-packages/airflow/example_dags/subdags/subdag.py for tasks to queue
[2024-11-11T03:08:22.008+0000] {logging_mixin.py:190} INFO - [2024-11-11T03:08:22.008+0000] {dagbag.py:588} INFO - Filling up the DagBag from /home/airflow/.local/lib/python3.12/site-packages/airflow/example_dags/subdags/subdag.py
[2024-11-11T03:08:22.010+0000] {processor.py:927} WARNING - No viable dags retrieved from /home/airflow/.local/lib/python3.12/site-packages/airflow/example_dags/subdags/subdag.py
[2024-11-11T03:08:22.017+0000] {processor.py:208} INFO - Processing /home/airflow/.local/lib/python3.12/site-packages/airflow/example_dags/subdags/subdag.py took 0.014 seconds
[2024-11-11T03:08:52.517+0000] {processor.py:186} INFO - Started process (PID=5458) to work on /home/airflow/.local/lib/python3.12/site-packages/airflow/example_dags/subdags/subdag.py
[2024-11-11T03:08:52.517+0000] {processor.py:914} INFO - Processing file /home/airflow/.local/lib/python3.12/site-packages/airflow/example_dags/subdags/subdag.py for tasks to queue
[2024-11-11T03:08:52.519+0000] {logging_mixin.py:190} INFO - [2024-11-11T03:08:52.519+0000] {dagbag.py:588} INFO - Filling up the DagBag from /home/airflow/.local/lib/python3.12/site-packages/airflow/example_dags/subdags/subdag.py
[2024-11-11T03:08:52.520+0000] {processor.py:927} WARNING - No viable dags retrieved from /home/airflow/.local/lib/python3.12/site-packages/airflow/example_dags/subdags/subdag.py
[2024-11-11T03:08:52.527+0000] {processor.py:208} INFO - Processing /home/airflow/.local/lib/python3.12/site-packages/airflow/example_dags/subdags/subdag.py took 0.013 seconds
[2024-11-11T03:09:23.015+0000] {processor.py:186} INFO - Started process (PID=5521) to work on /home/airflow/.local/lib/python3.12/site-packages/airflow/example_dags/subdags/subdag.py
[2024-11-11T03:09:23.015+0000] {processor.py:914} INFO - Processing file /home/airflow/.local/lib/python3.12/site-packages/airflow/example_dags/subdags/subdag.py for tasks to queue
[2024-11-11T03:09:23.017+0000] {logging_mixin.py:190} INFO - [2024-11-11T03:09:23.016+0000] {dagbag.py:588} INFO - Filling up the DagBag from /home/airflow/.local/lib/python3.12/site-packages/airflow/example_dags/subdags/subdag.py
[2024-11-11T03:09:23.018+0000] {processor.py:927} WARNING - No viable dags retrieved from /home/airflow/.local/lib/python3.12/site-packages/airflow/example_dags/subdags/subdag.py
[2024-11-11T03:09:23.024+0000] {processor.py:208} INFO - Processing /home/airflow/.local/lib/python3.12/site-packages/airflow/example_dags/subdags/subdag.py took 0.013 seconds
[2024-11-11T03:09:53.735+0000] {processor.py:186} INFO - Started process (PID=5584) to work on /home/airflow/.local/lib/python3.12/site-packages/airflow/example_dags/subdags/subdag.py
[2024-11-11T03:09:53.735+0000] {processor.py:914} INFO - Processing file /home/airflow/.local/lib/python3.12/site-packages/airflow/example_dags/subdags/subdag.py for tasks to queue
[2024-11-11T03:09:53.737+0000] {logging_mixin.py:190} INFO - [2024-11-11T03:09:53.736+0000] {dagbag.py:588} INFO - Filling up the DagBag from /home/airflow/.local/lib/python3.12/site-packages/airflow/example_dags/subdags/subdag.py
[2024-11-11T03:09:53.738+0000] {processor.py:927} WARNING - No viable dags retrieved from /home/airflow/.local/lib/python3.12/site-packages/airflow/example_dags/subdags/subdag.py
[2024-11-11T03:09:53.745+0000] {processor.py:208} INFO - Processing /home/airflow/.local/lib/python3.12/site-packages/airflow/example_dags/subdags/subdag.py took 0.013 seconds
[2024-11-11T03:10:24.438+0000] {processor.py:186} INFO - Started process (PID=5647) to work on /home/airflow/.local/lib/python3.12/site-packages/airflow/example_dags/subdags/subdag.py
[2024-11-11T03:10:24.438+0000] {processor.py:914} INFO - Processing file /home/airflow/.local/lib/python3.12/site-packages/airflow/example_dags/subdags/subdag.py for tasks to queue
[2024-11-11T03:10:24.440+0000] {logging_mixin.py:190} INFO - [2024-11-11T03:10:24.440+0000] {dagbag.py:588} INFO - Filling up the DagBag from /home/airflow/.local/lib/python3.12/site-packages/airflow/example_dags/subdags/subdag.py
[2024-11-11T03:10:24.441+0000] {processor.py:927} WARNING - No viable dags retrieved from /home/airflow/.local/lib/python3.12/site-packages/airflow/example_dags/subdags/subdag.py
[2024-11-11T03:10:24.448+0000] {processor.py:208} INFO - Processing /home/airflow/.local/lib/python3.12/site-packages/airflow/example_dags/subdags/subdag.py took 0.013 seconds
[2024-11-11T03:10:55.386+0000] {processor.py:186} INFO - Started process (PID=5710) to work on /home/airflow/.local/lib/python3.12/site-packages/airflow/example_dags/subdags/subdag.py
[2024-11-11T03:10:55.387+0000] {processor.py:914} INFO - Processing file /home/airflow/.local/lib/python3.12/site-packages/airflow/example_dags/subdags/subdag.py for tasks to queue
[2024-11-11T03:10:55.388+0000] {logging_mixin.py:190} INFO - [2024-11-11T03:10:55.388+0000] {dagbag.py:588} INFO - Filling up the DagBag from /home/airflow/.local/lib/python3.12/site-packages/airflow/example_dags/subdags/subdag.py
[2024-11-11T03:10:55.389+0000] {processor.py:927} WARNING - No viable dags retrieved from /home/airflow/.local/lib/python3.12/site-packages/airflow/example_dags/subdags/subdag.py
[2024-11-11T03:10:55.397+0000] {processor.py:208} INFO - Processing /home/airflow/.local/lib/python3.12/site-packages/airflow/example_dags/subdags/subdag.py took 0.014 seconds
[2024-11-11T03:22:07.032+0000] {processor.py:186} INFO - Started process (PID=5773) to work on /home/airflow/.local/lib/python3.12/site-packages/airflow/example_dags/subdags/subdag.py
[2024-11-11T03:22:07.032+0000] {processor.py:914} INFO - Processing file /home/airflow/.local/lib/python3.12/site-packages/airflow/example_dags/subdags/subdag.py for tasks to queue
[2024-11-11T03:22:07.033+0000] {logging_mixin.py:190} INFO - [2024-11-11T03:22:07.033+0000] {dagbag.py:588} INFO - Filling up the DagBag from /home/airflow/.local/lib/python3.12/site-packages/airflow/example_dags/subdags/subdag.py
[2024-11-11T03:22:07.035+0000] {processor.py:927} WARNING - No viable dags retrieved from /home/airflow/.local/lib/python3.12/site-packages/airflow/example_dags/subdags/subdag.py
[2024-11-11T03:22:07.042+0000] {processor.py:208} INFO - Processing /home/airflow/.local/lib/python3.12/site-packages/airflow/example_dags/subdags/subdag.py took 0.013 seconds
[2024-11-11T03:22:38.223+0000] {processor.py:186} INFO - Started process (PID=5836) to work on /home/airflow/.local/lib/python3.12/site-packages/airflow/example_dags/subdags/subdag.py
[2024-11-11T03:22:38.224+0000] {processor.py:914} INFO - Processing file /home/airflow/.local/lib/python3.12/site-packages/airflow/example_dags/subdags/subdag.py for tasks to queue
[2024-11-11T03:22:38.225+0000] {logging_mixin.py:190} INFO - [2024-11-11T03:22:38.225+0000] {dagbag.py:588} INFO - Filling up the DagBag from /home/airflow/.local/lib/python3.12/site-packages/airflow/example_dags/subdags/subdag.py
[2024-11-11T03:22:38.226+0000] {processor.py:927} WARNING - No viable dags retrieved from /home/airflow/.local/lib/python3.12/site-packages/airflow/example_dags/subdags/subdag.py
[2024-11-11T03:22:38.233+0000] {processor.py:208} INFO - Processing /home/airflow/.local/lib/python3.12/site-packages/airflow/example_dags/subdags/subdag.py took 0.013 seconds
[2024-11-11T03:23:09.126+0000] {processor.py:186} INFO - Started process (PID=5899) to work on /home/airflow/.local/lib/python3.12/site-packages/airflow/example_dags/subdags/subdag.py
[2024-11-11T03:23:09.127+0000] {processor.py:914} INFO - Processing file /home/airflow/.local/lib/python3.12/site-packages/airflow/example_dags/subdags/subdag.py for tasks to queue
[2024-11-11T03:23:09.129+0000] {logging_mixin.py:190} INFO - [2024-11-11T03:23:09.129+0000] {dagbag.py:588} INFO - Filling up the DagBag from /home/airflow/.local/lib/python3.12/site-packages/airflow/example_dags/subdags/subdag.py
[2024-11-11T03:23:09.131+0000] {processor.py:927} WARNING - No viable dags retrieved from /home/airflow/.local/lib/python3.12/site-packages/airflow/example_dags/subdags/subdag.py
[2024-11-11T03:23:09.138+0000] {processor.py:208} INFO - Processing /home/airflow/.local/lib/python3.12/site-packages/airflow/example_dags/subdags/subdag.py took 0.015 seconds
[2024-11-11T03:23:40.173+0000] {processor.py:186} INFO - Started process (PID=5962) to work on /home/airflow/.local/lib/python3.12/site-packages/airflow/example_dags/subdags/subdag.py
[2024-11-11T03:23:40.174+0000] {processor.py:914} INFO - Processing file /home/airflow/.local/lib/python3.12/site-packages/airflow/example_dags/subdags/subdag.py for tasks to queue
[2024-11-11T03:23:40.175+0000] {logging_mixin.py:190} INFO - [2024-11-11T03:23:40.175+0000] {dagbag.py:588} INFO - Filling up the DagBag from /home/airflow/.local/lib/python3.12/site-packages/airflow/example_dags/subdags/subdag.py
[2024-11-11T03:23:40.177+0000] {processor.py:927} WARNING - No viable dags retrieved from /home/airflow/.local/lib/python3.12/site-packages/airflow/example_dags/subdags/subdag.py
[2024-11-11T03:23:40.185+0000] {processor.py:208} INFO - Processing /home/airflow/.local/lib/python3.12/site-packages/airflow/example_dags/subdags/subdag.py took 0.015 seconds
[2024-11-11T03:24:10.821+0000] {processor.py:186} INFO - Started process (PID=6025) to work on /home/airflow/.local/lib/python3.12/site-packages/airflow/example_dags/subdags/subdag.py
[2024-11-11T03:24:10.827+0000] {processor.py:914} INFO - Processing file /home/airflow/.local/lib/python3.12/site-packages/airflow/example_dags/subdags/subdag.py for tasks to queue
[2024-11-11T03:24:10.829+0000] {logging_mixin.py:190} INFO - [2024-11-11T03:24:10.829+0000] {dagbag.py:588} INFO - Filling up the DagBag from /home/airflow/.local/lib/python3.12/site-packages/airflow/example_dags/subdags/subdag.py
[2024-11-11T03:24:10.831+0000] {processor.py:927} WARNING - No viable dags retrieved from /home/airflow/.local/lib/python3.12/site-packages/airflow/example_dags/subdags/subdag.py
[2024-11-11T03:24:10.841+0000] {processor.py:208} INFO - Processing /home/airflow/.local/lib/python3.12/site-packages/airflow/example_dags/subdags/subdag.py took 0.024 seconds
[2024-11-11T03:24:41.710+0000] {processor.py:186} INFO - Started process (PID=6087) to work on /home/airflow/.local/lib/python3.12/site-packages/airflow/example_dags/subdags/subdag.py
[2024-11-11T03:24:41.710+0000] {processor.py:914} INFO - Processing file /home/airflow/.local/lib/python3.12/site-packages/airflow/example_dags/subdags/subdag.py for tasks to queue
[2024-11-11T03:24:41.712+0000] {logging_mixin.py:190} INFO - [2024-11-11T03:24:41.712+0000] {dagbag.py:588} INFO - Filling up the DagBag from /home/airflow/.local/lib/python3.12/site-packages/airflow/example_dags/subdags/subdag.py
[2024-11-11T03:24:41.713+0000] {processor.py:927} WARNING - No viable dags retrieved from /home/airflow/.local/lib/python3.12/site-packages/airflow/example_dags/subdags/subdag.py
[2024-11-11T03:24:41.720+0000] {processor.py:208} INFO - Processing /home/airflow/.local/lib/python3.12/site-packages/airflow/example_dags/subdags/subdag.py took 0.014 seconds
[2024-11-11T03:25:12.623+0000] {processor.py:186} INFO - Started process (PID=6150) to work on /home/airflow/.local/lib/python3.12/site-packages/airflow/example_dags/subdags/subdag.py
[2024-11-11T03:25:12.623+0000] {processor.py:914} INFO - Processing file /home/airflow/.local/lib/python3.12/site-packages/airflow/example_dags/subdags/subdag.py for tasks to queue
[2024-11-11T03:25:12.625+0000] {logging_mixin.py:190} INFO - [2024-11-11T03:25:12.625+0000] {dagbag.py:588} INFO - Filling up the DagBag from /home/airflow/.local/lib/python3.12/site-packages/airflow/example_dags/subdags/subdag.py
[2024-11-11T03:25:12.626+0000] {processor.py:927} WARNING - No viable dags retrieved from /home/airflow/.local/lib/python3.12/site-packages/airflow/example_dags/subdags/subdag.py
[2024-11-11T03:25:12.633+0000] {processor.py:208} INFO - Processing /home/airflow/.local/lib/python3.12/site-packages/airflow/example_dags/subdags/subdag.py took 0.014 seconds
[2024-11-11T03:25:43.481+0000] {processor.py:186} INFO - Started process (PID=6213) to work on /home/airflow/.local/lib/python3.12/site-packages/airflow/example_dags/subdags/subdag.py
[2024-11-11T03:25:43.482+0000] {processor.py:914} INFO - Processing file /home/airflow/.local/lib/python3.12/site-packages/airflow/example_dags/subdags/subdag.py for tasks to queue
[2024-11-11T03:25:43.483+0000] {logging_mixin.py:190} INFO - [2024-11-11T03:25:43.483+0000] {dagbag.py:588} INFO - Filling up the DagBag from /home/airflow/.local/lib/python3.12/site-packages/airflow/example_dags/subdags/subdag.py
[2024-11-11T03:25:43.485+0000] {processor.py:927} WARNING - No viable dags retrieved from /home/airflow/.local/lib/python3.12/site-packages/airflow/example_dags/subdags/subdag.py
[2024-11-11T03:25:43.492+0000] {processor.py:208} INFO - Processing /home/airflow/.local/lib/python3.12/site-packages/airflow/example_dags/subdags/subdag.py took 0.014 seconds
[2024-11-11T03:26:14.183+0000] {processor.py:186} INFO - Started process (PID=6276) to work on /home/airflow/.local/lib/python3.12/site-packages/airflow/example_dags/subdags/subdag.py
[2024-11-11T03:26:14.183+0000] {processor.py:914} INFO - Processing file /home/airflow/.local/lib/python3.12/site-packages/airflow/example_dags/subdags/subdag.py for tasks to queue
[2024-11-11T03:26:14.185+0000] {logging_mixin.py:190} INFO - [2024-11-11T03:26:14.185+0000] {dagbag.py:588} INFO - Filling up the DagBag from /home/airflow/.local/lib/python3.12/site-packages/airflow/example_dags/subdags/subdag.py
[2024-11-11T03:26:14.186+0000] {processor.py:927} WARNING - No viable dags retrieved from /home/airflow/.local/lib/python3.12/site-packages/airflow/example_dags/subdags/subdag.py
[2024-11-11T03:26:14.194+0000] {processor.py:208} INFO - Processing /home/airflow/.local/lib/python3.12/site-packages/airflow/example_dags/subdags/subdag.py took 0.014 seconds
[2024-11-11T03:26:45.010+0000] {processor.py:186} INFO - Started process (PID=6339) to work on /home/airflow/.local/lib/python3.12/site-packages/airflow/example_dags/subdags/subdag.py
[2024-11-11T03:26:45.011+0000] {processor.py:914} INFO - Processing file /home/airflow/.local/lib/python3.12/site-packages/airflow/example_dags/subdags/subdag.py for tasks to queue
[2024-11-11T03:26:45.013+0000] {logging_mixin.py:190} INFO - [2024-11-11T03:26:45.012+0000] {dagbag.py:588} INFO - Filling up the DagBag from /home/airflow/.local/lib/python3.12/site-packages/airflow/example_dags/subdags/subdag.py
[2024-11-11T03:26:45.014+0000] {processor.py:927} WARNING - No viable dags retrieved from /home/airflow/.local/lib/python3.12/site-packages/airflow/example_dags/subdags/subdag.py
[2024-11-11T03:26:45.021+0000] {processor.py:208} INFO - Processing /home/airflow/.local/lib/python3.12/site-packages/airflow/example_dags/subdags/subdag.py took 0.015 seconds
[2024-11-11T03:27:15.832+0000] {processor.py:186} INFO - Started process (PID=6402) to work on /home/airflow/.local/lib/python3.12/site-packages/airflow/example_dags/subdags/subdag.py
[2024-11-11T03:27:15.833+0000] {processor.py:914} INFO - Processing file /home/airflow/.local/lib/python3.12/site-packages/airflow/example_dags/subdags/subdag.py for tasks to queue
[2024-11-11T03:27:15.834+0000] {logging_mixin.py:190} INFO - [2024-11-11T03:27:15.834+0000] {dagbag.py:588} INFO - Filling up the DagBag from /home/airflow/.local/lib/python3.12/site-packages/airflow/example_dags/subdags/subdag.py
[2024-11-11T03:27:15.836+0000] {processor.py:927} WARNING - No viable dags retrieved from /home/airflow/.local/lib/python3.12/site-packages/airflow/example_dags/subdags/subdag.py
[2024-11-11T03:27:15.844+0000] {processor.py:208} INFO - Processing /home/airflow/.local/lib/python3.12/site-packages/airflow/example_dags/subdags/subdag.py took 0.015 seconds
[2024-11-11T03:27:46.713+0000] {processor.py:186} INFO - Started process (PID=6465) to work on /home/airflow/.local/lib/python3.12/site-packages/airflow/example_dags/subdags/subdag.py
[2024-11-11T03:27:46.714+0000] {processor.py:914} INFO - Processing file /home/airflow/.local/lib/python3.12/site-packages/airflow/example_dags/subdags/subdag.py for tasks to queue
[2024-11-11T03:27:46.716+0000] {logging_mixin.py:190} INFO - [2024-11-11T03:27:46.715+0000] {dagbag.py:588} INFO - Filling up the DagBag from /home/airflow/.local/lib/python3.12/site-packages/airflow/example_dags/subdags/subdag.py
[2024-11-11T03:27:46.717+0000] {processor.py:927} WARNING - No viable dags retrieved from /home/airflow/.local/lib/python3.12/site-packages/airflow/example_dags/subdags/subdag.py
[2024-11-11T03:27:46.725+0000] {processor.py:208} INFO - Processing /home/airflow/.local/lib/python3.12/site-packages/airflow/example_dags/subdags/subdag.py took 0.015 seconds
[2024-11-11T03:28:17.417+0000] {processor.py:186} INFO - Started process (PID=6528) to work on /home/airflow/.local/lib/python3.12/site-packages/airflow/example_dags/subdags/subdag.py
[2024-11-11T03:28:17.418+0000] {processor.py:914} INFO - Processing file /home/airflow/.local/lib/python3.12/site-packages/airflow/example_dags/subdags/subdag.py for tasks to queue
[2024-11-11T03:28:17.419+0000] {logging_mixin.py:190} INFO - [2024-11-11T03:28:17.419+0000] {dagbag.py:588} INFO - Filling up the DagBag from /home/airflow/.local/lib/python3.12/site-packages/airflow/example_dags/subdags/subdag.py
[2024-11-11T03:28:17.421+0000] {processor.py:927} WARNING - No viable dags retrieved from /home/airflow/.local/lib/python3.12/site-packages/airflow/example_dags/subdags/subdag.py
[2024-11-11T03:28:17.428+0000] {processor.py:208} INFO - Processing /home/airflow/.local/lib/python3.12/site-packages/airflow/example_dags/subdags/subdag.py took 0.014 seconds
[2024-11-11T03:28:48.076+0000] {processor.py:186} INFO - Started process (PID=6591) to work on /home/airflow/.local/lib/python3.12/site-packages/airflow/example_dags/subdags/subdag.py
[2024-11-11T03:28:48.077+0000] {processor.py:914} INFO - Processing file /home/airflow/.local/lib/python3.12/site-packages/airflow/example_dags/subdags/subdag.py for tasks to queue
[2024-11-11T03:28:48.078+0000] {logging_mixin.py:190} INFO - [2024-11-11T03:28:48.078+0000] {dagbag.py:588} INFO - Filling up the DagBag from /home/airflow/.local/lib/python3.12/site-packages/airflow/example_dags/subdags/subdag.py
[2024-11-11T03:28:48.080+0000] {processor.py:927} WARNING - No viable dags retrieved from /home/airflow/.local/lib/python3.12/site-packages/airflow/example_dags/subdags/subdag.py
[2024-11-11T03:28:48.087+0000] {processor.py:208} INFO - Processing /home/airflow/.local/lib/python3.12/site-packages/airflow/example_dags/subdags/subdag.py took 0.014 seconds
[2024-11-11T03:29:19.091+0000] {processor.py:186} INFO - Started process (PID=6654) to work on /home/airflow/.local/lib/python3.12/site-packages/airflow/example_dags/subdags/subdag.py
[2024-11-11T03:29:19.092+0000] {processor.py:914} INFO - Processing file /home/airflow/.local/lib/python3.12/site-packages/airflow/example_dags/subdags/subdag.py for tasks to queue
[2024-11-11T03:29:19.094+0000] {logging_mixin.py:190} INFO - [2024-11-11T03:29:19.094+0000] {dagbag.py:588} INFO - Filling up the DagBag from /home/airflow/.local/lib/python3.12/site-packages/airflow/example_dags/subdags/subdag.py
[2024-11-11T03:29:19.095+0000] {processor.py:927} WARNING - No viable dags retrieved from /home/airflow/.local/lib/python3.12/site-packages/airflow/example_dags/subdags/subdag.py
[2024-11-11T03:29:19.102+0000] {processor.py:208} INFO - Processing /home/airflow/.local/lib/python3.12/site-packages/airflow/example_dags/subdags/subdag.py took 0.015 seconds
[2024-11-11T03:29:50.054+0000] {processor.py:186} INFO - Started process (PID=6716) to work on /home/airflow/.local/lib/python3.12/site-packages/airflow/example_dags/subdags/subdag.py
[2024-11-11T03:29:50.055+0000] {processor.py:914} INFO - Processing file /home/airflow/.local/lib/python3.12/site-packages/airflow/example_dags/subdags/subdag.py for tasks to queue
[2024-11-11T03:29:50.057+0000] {logging_mixin.py:190} INFO - [2024-11-11T03:29:50.057+0000] {dagbag.py:588} INFO - Filling up the DagBag from /home/airflow/.local/lib/python3.12/site-packages/airflow/example_dags/subdags/subdag.py
[2024-11-11T03:29:50.058+0000] {processor.py:927} WARNING - No viable dags retrieved from /home/airflow/.local/lib/python3.12/site-packages/airflow/example_dags/subdags/subdag.py
[2024-11-11T03:29:50.066+0000] {processor.py:208} INFO - Processing /home/airflow/.local/lib/python3.12/site-packages/airflow/example_dags/subdags/subdag.py took 0.015 seconds
[2024-11-11T03:30:21.069+0000] {processor.py:186} INFO - Started process (PID=6779) to work on /home/airflow/.local/lib/python3.12/site-packages/airflow/example_dags/subdags/subdag.py
[2024-11-11T03:30:21.070+0000] {processor.py:914} INFO - Processing file /home/airflow/.local/lib/python3.12/site-packages/airflow/example_dags/subdags/subdag.py for tasks to queue
[2024-11-11T03:30:21.072+0000] {logging_mixin.py:190} INFO - [2024-11-11T03:30:21.072+0000] {dagbag.py:588} INFO - Filling up the DagBag from /home/airflow/.local/lib/python3.12/site-packages/airflow/example_dags/subdags/subdag.py
[2024-11-11T03:30:21.074+0000] {processor.py:927} WARNING - No viable dags retrieved from /home/airflow/.local/lib/python3.12/site-packages/airflow/example_dags/subdags/subdag.py
[2024-11-11T03:30:21.086+0000] {processor.py:208} INFO - Processing /home/airflow/.local/lib/python3.12/site-packages/airflow/example_dags/subdags/subdag.py took 0.021 seconds
[2024-11-11T03:30:52.111+0000] {processor.py:186} INFO - Started process (PID=6842) to work on /home/airflow/.local/lib/python3.12/site-packages/airflow/example_dags/subdags/subdag.py
[2024-11-11T03:30:52.111+0000] {processor.py:914} INFO - Processing file /home/airflow/.local/lib/python3.12/site-packages/airflow/example_dags/subdags/subdag.py for tasks to queue
[2024-11-11T03:30:52.113+0000] {logging_mixin.py:190} INFO - [2024-11-11T03:30:52.113+0000] {dagbag.py:588} INFO - Filling up the DagBag from /home/airflow/.local/lib/python3.12/site-packages/airflow/example_dags/subdags/subdag.py
[2024-11-11T03:30:52.114+0000] {processor.py:927} WARNING - No viable dags retrieved from /home/airflow/.local/lib/python3.12/site-packages/airflow/example_dags/subdags/subdag.py
[2024-11-11T03:30:52.123+0000] {processor.py:208} INFO - Processing /home/airflow/.local/lib/python3.12/site-packages/airflow/example_dags/subdags/subdag.py took 0.018 seconds
[2024-11-11T03:31:23.040+0000] {processor.py:186} INFO - Started process (PID=6905) to work on /home/airflow/.local/lib/python3.12/site-packages/airflow/example_dags/subdags/subdag.py
[2024-11-11T03:31:23.041+0000] {processor.py:914} INFO - Processing file /home/airflow/.local/lib/python3.12/site-packages/airflow/example_dags/subdags/subdag.py for tasks to queue
[2024-11-11T03:31:23.042+0000] {logging_mixin.py:190} INFO - [2024-11-11T03:31:23.042+0000] {dagbag.py:588} INFO - Filling up the DagBag from /home/airflow/.local/lib/python3.12/site-packages/airflow/example_dags/subdags/subdag.py
[2024-11-11T03:31:23.043+0000] {processor.py:927} WARNING - No viable dags retrieved from /home/airflow/.local/lib/python3.12/site-packages/airflow/example_dags/subdags/subdag.py
[2024-11-11T03:31:23.051+0000] {processor.py:208} INFO - Processing /home/airflow/.local/lib/python3.12/site-packages/airflow/example_dags/subdags/subdag.py took 0.014 seconds
[2024-11-11T03:31:54.183+0000] {processor.py:186} INFO - Started process (PID=6968) to work on /home/airflow/.local/lib/python3.12/site-packages/airflow/example_dags/subdags/subdag.py
[2024-11-11T03:31:54.184+0000] {processor.py:914} INFO - Processing file /home/airflow/.local/lib/python3.12/site-packages/airflow/example_dags/subdags/subdag.py for tasks to queue
[2024-11-11T03:31:54.185+0000] {logging_mixin.py:190} INFO - [2024-11-11T03:31:54.185+0000] {dagbag.py:588} INFO - Filling up the DagBag from /home/airflow/.local/lib/python3.12/site-packages/airflow/example_dags/subdags/subdag.py
[2024-11-11T03:31:54.187+0000] {processor.py:927} WARNING - No viable dags retrieved from /home/airflow/.local/lib/python3.12/site-packages/airflow/example_dags/subdags/subdag.py
[2024-11-11T03:31:54.197+0000] {processor.py:208} INFO - Processing /home/airflow/.local/lib/python3.12/site-packages/airflow/example_dags/subdags/subdag.py took 0.018 seconds
[2024-11-11T03:32:25.508+0000] {processor.py:186} INFO - Started process (PID=7031) to work on /home/airflow/.local/lib/python3.12/site-packages/airflow/example_dags/subdags/subdag.py
[2024-11-11T03:32:25.509+0000] {processor.py:914} INFO - Processing file /home/airflow/.local/lib/python3.12/site-packages/airflow/example_dags/subdags/subdag.py for tasks to queue
[2024-11-11T03:32:25.511+0000] {logging_mixin.py:190} INFO - [2024-11-11T03:32:25.511+0000] {dagbag.py:588} INFO - Filling up the DagBag from /home/airflow/.local/lib/python3.12/site-packages/airflow/example_dags/subdags/subdag.py
[2024-11-11T03:32:25.513+0000] {processor.py:927} WARNING - No viable dags retrieved from /home/airflow/.local/lib/python3.12/site-packages/airflow/example_dags/subdags/subdag.py
[2024-11-11T03:32:25.523+0000] {processor.py:208} INFO - Processing /home/airflow/.local/lib/python3.12/site-packages/airflow/example_dags/subdags/subdag.py took 0.020 seconds
[2024-11-11T03:32:56.355+0000] {processor.py:186} INFO - Started process (PID=7095) to work on /home/airflow/.local/lib/python3.12/site-packages/airflow/example_dags/subdags/subdag.py
[2024-11-11T03:32:56.356+0000] {processor.py:914} INFO - Processing file /home/airflow/.local/lib/python3.12/site-packages/airflow/example_dags/subdags/subdag.py for tasks to queue
[2024-11-11T03:32:56.358+0000] {logging_mixin.py:190} INFO - [2024-11-11T03:32:56.358+0000] {dagbag.py:588} INFO - Filling up the DagBag from /home/airflow/.local/lib/python3.12/site-packages/airflow/example_dags/subdags/subdag.py
[2024-11-11T03:32:56.361+0000] {processor.py:927} WARNING - No viable dags retrieved from /home/airflow/.local/lib/python3.12/site-packages/airflow/example_dags/subdags/subdag.py
[2024-11-11T03:32:56.368+0000] {processor.py:208} INFO - Processing /home/airflow/.local/lib/python3.12/site-packages/airflow/example_dags/subdags/subdag.py took 0.016 seconds
[2024-11-11T03:33:27.035+0000] {processor.py:186} INFO - Started process (PID=7158) to work on /home/airflow/.local/lib/python3.12/site-packages/airflow/example_dags/subdags/subdag.py
[2024-11-11T03:33:27.036+0000] {processor.py:914} INFO - Processing file /home/airflow/.local/lib/python3.12/site-packages/airflow/example_dags/subdags/subdag.py for tasks to queue
[2024-11-11T03:33:27.037+0000] {logging_mixin.py:190} INFO - [2024-11-11T03:33:27.037+0000] {dagbag.py:588} INFO - Filling up the DagBag from /home/airflow/.local/lib/python3.12/site-packages/airflow/example_dags/subdags/subdag.py
[2024-11-11T03:33:27.039+0000] {processor.py:927} WARNING - No viable dags retrieved from /home/airflow/.local/lib/python3.12/site-packages/airflow/example_dags/subdags/subdag.py
[2024-11-11T03:33:27.046+0000] {processor.py:208} INFO - Processing /home/airflow/.local/lib/python3.12/site-packages/airflow/example_dags/subdags/subdag.py took 0.014 seconds
[2024-11-11T03:33:57.781+0000] {processor.py:186} INFO - Started process (PID=7221) to work on /home/airflow/.local/lib/python3.12/site-packages/airflow/example_dags/subdags/subdag.py
[2024-11-11T03:33:57.782+0000] {processor.py:914} INFO - Processing file /home/airflow/.local/lib/python3.12/site-packages/airflow/example_dags/subdags/subdag.py for tasks to queue
[2024-11-11T03:33:57.783+0000] {logging_mixin.py:190} INFO - [2024-11-11T03:33:57.783+0000] {dagbag.py:588} INFO - Filling up the DagBag from /home/airflow/.local/lib/python3.12/site-packages/airflow/example_dags/subdags/subdag.py
[2024-11-11T03:33:57.785+0000] {processor.py:927} WARNING - No viable dags retrieved from /home/airflow/.local/lib/python3.12/site-packages/airflow/example_dags/subdags/subdag.py
[2024-11-11T03:33:57.791+0000] {processor.py:208} INFO - Processing /home/airflow/.local/lib/python3.12/site-packages/airflow/example_dags/subdags/subdag.py took 0.014 seconds
[2024-11-11T03:34:28.503+0000] {processor.py:186} INFO - Started process (PID=7283) to work on /home/airflow/.local/lib/python3.12/site-packages/airflow/example_dags/subdags/subdag.py
[2024-11-11T03:34:28.504+0000] {processor.py:914} INFO - Processing file /home/airflow/.local/lib/python3.12/site-packages/airflow/example_dags/subdags/subdag.py for tasks to queue
[2024-11-11T03:34:28.505+0000] {logging_mixin.py:190} INFO - [2024-11-11T03:34:28.505+0000] {dagbag.py:588} INFO - Filling up the DagBag from /home/airflow/.local/lib/python3.12/site-packages/airflow/example_dags/subdags/subdag.py
[2024-11-11T03:34:28.507+0000] {processor.py:927} WARNING - No viable dags retrieved from /home/airflow/.local/lib/python3.12/site-packages/airflow/example_dags/subdags/subdag.py
[2024-11-11T03:34:28.513+0000] {processor.py:208} INFO - Processing /home/airflow/.local/lib/python3.12/site-packages/airflow/example_dags/subdags/subdag.py took 0.013 seconds
[2024-11-11T03:34:59.287+0000] {processor.py:186} INFO - Started process (PID=7346) to work on /home/airflow/.local/lib/python3.12/site-packages/airflow/example_dags/subdags/subdag.py
[2024-11-11T03:34:59.288+0000] {processor.py:914} INFO - Processing file /home/airflow/.local/lib/python3.12/site-packages/airflow/example_dags/subdags/subdag.py for tasks to queue
[2024-11-11T03:34:59.289+0000] {logging_mixin.py:190} INFO - [2024-11-11T03:34:59.289+0000] {dagbag.py:588} INFO - Filling up the DagBag from /home/airflow/.local/lib/python3.12/site-packages/airflow/example_dags/subdags/subdag.py
[2024-11-11T03:34:59.290+0000] {processor.py:927} WARNING - No viable dags retrieved from /home/airflow/.local/lib/python3.12/site-packages/airflow/example_dags/subdags/subdag.py
[2024-11-11T03:34:59.297+0000] {processor.py:208} INFO - Processing /home/airflow/.local/lib/python3.12/site-packages/airflow/example_dags/subdags/subdag.py took 0.013 seconds
[2024-11-11T03:35:30.014+0000] {processor.py:186} INFO - Started process (PID=7409) to work on /home/airflow/.local/lib/python3.12/site-packages/airflow/example_dags/subdags/subdag.py
[2024-11-11T03:35:30.015+0000] {processor.py:914} INFO - Processing file /home/airflow/.local/lib/python3.12/site-packages/airflow/example_dags/subdags/subdag.py for tasks to queue
[2024-11-11T03:35:30.016+0000] {logging_mixin.py:190} INFO - [2024-11-11T03:35:30.016+0000] {dagbag.py:588} INFO - Filling up the DagBag from /home/airflow/.local/lib/python3.12/site-packages/airflow/example_dags/subdags/subdag.py
[2024-11-11T03:35:30.018+0000] {processor.py:927} WARNING - No viable dags retrieved from /home/airflow/.local/lib/python3.12/site-packages/airflow/example_dags/subdags/subdag.py
[2024-11-11T03:35:30.025+0000] {processor.py:208} INFO - Processing /home/airflow/.local/lib/python3.12/site-packages/airflow/example_dags/subdags/subdag.py took 0.015 seconds
[2024-11-11T03:36:00.668+0000] {processor.py:186} INFO - Started process (PID=7471) to work on /home/airflow/.local/lib/python3.12/site-packages/airflow/example_dags/subdags/subdag.py
[2024-11-11T03:36:00.668+0000] {processor.py:914} INFO - Processing file /home/airflow/.local/lib/python3.12/site-packages/airflow/example_dags/subdags/subdag.py for tasks to queue
[2024-11-11T03:36:00.670+0000] {logging_mixin.py:190} INFO - [2024-11-11T03:36:00.670+0000] {dagbag.py:588} INFO - Filling up the DagBag from /home/airflow/.local/lib/python3.12/site-packages/airflow/example_dags/subdags/subdag.py
[2024-11-11T03:36:00.671+0000] {processor.py:927} WARNING - No viable dags retrieved from /home/airflow/.local/lib/python3.12/site-packages/airflow/example_dags/subdags/subdag.py
[2024-11-11T03:36:00.678+0000] {processor.py:208} INFO - Processing /home/airflow/.local/lib/python3.12/site-packages/airflow/example_dags/subdags/subdag.py took 0.014 seconds
[2024-11-11T03:36:31.417+0000] {processor.py:186} INFO - Started process (PID=7540) to work on /home/airflow/.local/lib/python3.12/site-packages/airflow/example_dags/subdags/subdag.py
[2024-11-11T03:36:31.418+0000] {processor.py:914} INFO - Processing file /home/airflow/.local/lib/python3.12/site-packages/airflow/example_dags/subdags/subdag.py for tasks to queue
[2024-11-11T03:36:31.419+0000] {logging_mixin.py:190} INFO - [2024-11-11T03:36:31.419+0000] {dagbag.py:588} INFO - Filling up the DagBag from /home/airflow/.local/lib/python3.12/site-packages/airflow/example_dags/subdags/subdag.py
[2024-11-11T03:36:31.421+0000] {processor.py:927} WARNING - No viable dags retrieved from /home/airflow/.local/lib/python3.12/site-packages/airflow/example_dags/subdags/subdag.py
[2024-11-11T03:36:31.428+0000] {processor.py:208} INFO - Processing /home/airflow/.local/lib/python3.12/site-packages/airflow/example_dags/subdags/subdag.py took 0.014 seconds
[2024-11-11T03:37:02.017+0000] {processor.py:186} INFO - Started process (PID=7603) to work on /home/airflow/.local/lib/python3.12/site-packages/airflow/example_dags/subdags/subdag.py
[2024-11-11T03:37:02.018+0000] {processor.py:914} INFO - Processing file /home/airflow/.local/lib/python3.12/site-packages/airflow/example_dags/subdags/subdag.py for tasks to queue
[2024-11-11T03:37:02.019+0000] {logging_mixin.py:190} INFO - [2024-11-11T03:37:02.019+0000] {dagbag.py:588} INFO - Filling up the DagBag from /home/airflow/.local/lib/python3.12/site-packages/airflow/example_dags/subdags/subdag.py
[2024-11-11T03:37:02.021+0000] {processor.py:927} WARNING - No viable dags retrieved from /home/airflow/.local/lib/python3.12/site-packages/airflow/example_dags/subdags/subdag.py
[2024-11-11T03:37:02.028+0000] {processor.py:208} INFO - Processing /home/airflow/.local/lib/python3.12/site-packages/airflow/example_dags/subdags/subdag.py took 0.014 seconds
[2024-11-11T03:37:32.549+0000] {processor.py:186} INFO - Started process (PID=7665) to work on /home/airflow/.local/lib/python3.12/site-packages/airflow/example_dags/subdags/subdag.py
[2024-11-11T03:37:32.550+0000] {processor.py:914} INFO - Processing file /home/airflow/.local/lib/python3.12/site-packages/airflow/example_dags/subdags/subdag.py for tasks to queue
[2024-11-11T03:37:32.551+0000] {logging_mixin.py:190} INFO - [2024-11-11T03:37:32.551+0000] {dagbag.py:588} INFO - Filling up the DagBag from /home/airflow/.local/lib/python3.12/site-packages/airflow/example_dags/subdags/subdag.py
[2024-11-11T03:37:32.553+0000] {processor.py:927} WARNING - No viable dags retrieved from /home/airflow/.local/lib/python3.12/site-packages/airflow/example_dags/subdags/subdag.py
[2024-11-11T03:37:32.561+0000] {processor.py:208} INFO - Processing /home/airflow/.local/lib/python3.12/site-packages/airflow/example_dags/subdags/subdag.py took 0.016 seconds
[2024-11-11T03:38:03.346+0000] {processor.py:186} INFO - Started process (PID=7727) to work on /home/airflow/.local/lib/python3.12/site-packages/airflow/example_dags/subdags/subdag.py
[2024-11-11T03:38:03.346+0000] {processor.py:914} INFO - Processing file /home/airflow/.local/lib/python3.12/site-packages/airflow/example_dags/subdags/subdag.py for tasks to queue
[2024-11-11T03:38:03.348+0000] {logging_mixin.py:190} INFO - [2024-11-11T03:38:03.347+0000] {dagbag.py:588} INFO - Filling up the DagBag from /home/airflow/.local/lib/python3.12/site-packages/airflow/example_dags/subdags/subdag.py
[2024-11-11T03:38:03.349+0000] {processor.py:927} WARNING - No viable dags retrieved from /home/airflow/.local/lib/python3.12/site-packages/airflow/example_dags/subdags/subdag.py
[2024-11-11T03:38:03.356+0000] {processor.py:208} INFO - Processing /home/airflow/.local/lib/python3.12/site-packages/airflow/example_dags/subdags/subdag.py took 0.014 seconds
[2024-11-11T03:38:33.897+0000] {processor.py:186} INFO - Started process (PID=7790) to work on /home/airflow/.local/lib/python3.12/site-packages/airflow/example_dags/subdags/subdag.py
[2024-11-11T03:38:33.897+0000] {processor.py:914} INFO - Processing file /home/airflow/.local/lib/python3.12/site-packages/airflow/example_dags/subdags/subdag.py for tasks to queue
[2024-11-11T03:38:33.899+0000] {logging_mixin.py:190} INFO - [2024-11-11T03:38:33.898+0000] {dagbag.py:588} INFO - Filling up the DagBag from /home/airflow/.local/lib/python3.12/site-packages/airflow/example_dags/subdags/subdag.py
[2024-11-11T03:38:33.900+0000] {processor.py:927} WARNING - No viable dags retrieved from /home/airflow/.local/lib/python3.12/site-packages/airflow/example_dags/subdags/subdag.py
[2024-11-11T03:38:33.908+0000] {processor.py:208} INFO - Processing /home/airflow/.local/lib/python3.12/site-packages/airflow/example_dags/subdags/subdag.py took 0.014 seconds
[2024-11-11T03:39:04.624+0000] {processor.py:186} INFO - Started process (PID=7853) to work on /home/airflow/.local/lib/python3.12/site-packages/airflow/example_dags/subdags/subdag.py
[2024-11-11T03:39:04.624+0000] {processor.py:914} INFO - Processing file /home/airflow/.local/lib/python3.12/site-packages/airflow/example_dags/subdags/subdag.py for tasks to queue
[2024-11-11T03:39:04.626+0000] {logging_mixin.py:190} INFO - [2024-11-11T03:39:04.625+0000] {dagbag.py:588} INFO - Filling up the DagBag from /home/airflow/.local/lib/python3.12/site-packages/airflow/example_dags/subdags/subdag.py
[2024-11-11T03:39:04.627+0000] {processor.py:927} WARNING - No viable dags retrieved from /home/airflow/.local/lib/python3.12/site-packages/airflow/example_dags/subdags/subdag.py
[2024-11-11T03:39:04.634+0000] {processor.py:208} INFO - Processing /home/airflow/.local/lib/python3.12/site-packages/airflow/example_dags/subdags/subdag.py took 0.014 seconds
[2024-11-11T03:39:35.272+0000] {processor.py:186} INFO - Started process (PID=7916) to work on /home/airflow/.local/lib/python3.12/site-packages/airflow/example_dags/subdags/subdag.py
[2024-11-11T03:39:35.273+0000] {processor.py:914} INFO - Processing file /home/airflow/.local/lib/python3.12/site-packages/airflow/example_dags/subdags/subdag.py for tasks to queue
[2024-11-11T03:39:35.274+0000] {logging_mixin.py:190} INFO - [2024-11-11T03:39:35.274+0000] {dagbag.py:588} INFO - Filling up the DagBag from /home/airflow/.local/lib/python3.12/site-packages/airflow/example_dags/subdags/subdag.py
[2024-11-11T03:39:35.275+0000] {processor.py:927} WARNING - No viable dags retrieved from /home/airflow/.local/lib/python3.12/site-packages/airflow/example_dags/subdags/subdag.py
[2024-11-11T03:39:35.282+0000] {processor.py:208} INFO - Processing /home/airflow/.local/lib/python3.12/site-packages/airflow/example_dags/subdags/subdag.py took 0.013 seconds
[2024-11-11T03:40:06.043+0000] {processor.py:186} INFO - Started process (PID=7979) to work on /home/airflow/.local/lib/python3.12/site-packages/airflow/example_dags/subdags/subdag.py
[2024-11-11T03:40:06.044+0000] {processor.py:914} INFO - Processing file /home/airflow/.local/lib/python3.12/site-packages/airflow/example_dags/subdags/subdag.py for tasks to queue
[2024-11-11T03:40:06.045+0000] {logging_mixin.py:190} INFO - [2024-11-11T03:40:06.045+0000] {dagbag.py:588} INFO - Filling up the DagBag from /home/airflow/.local/lib/python3.12/site-packages/airflow/example_dags/subdags/subdag.py
[2024-11-11T03:40:06.047+0000] {processor.py:927} WARNING - No viable dags retrieved from /home/airflow/.local/lib/python3.12/site-packages/airflow/example_dags/subdags/subdag.py
[2024-11-11T03:40:06.054+0000] {processor.py:208} INFO - Processing /home/airflow/.local/lib/python3.12/site-packages/airflow/example_dags/subdags/subdag.py took 0.014 seconds
[2024-11-11T03:40:36.964+0000] {processor.py:186} INFO - Started process (PID=8042) to work on /home/airflow/.local/lib/python3.12/site-packages/airflow/example_dags/subdags/subdag.py
[2024-11-11T03:40:36.964+0000] {processor.py:914} INFO - Processing file /home/airflow/.local/lib/python3.12/site-packages/airflow/example_dags/subdags/subdag.py for tasks to queue
[2024-11-11T03:40:36.966+0000] {logging_mixin.py:190} INFO - [2024-11-11T03:40:36.966+0000] {dagbag.py:588} INFO - Filling up the DagBag from /home/airflow/.local/lib/python3.12/site-packages/airflow/example_dags/subdags/subdag.py
[2024-11-11T03:40:36.967+0000] {processor.py:927} WARNING - No viable dags retrieved from /home/airflow/.local/lib/python3.12/site-packages/airflow/example_dags/subdags/subdag.py
[2024-11-11T03:40:36.975+0000] {processor.py:208} INFO - Processing /home/airflow/.local/lib/python3.12/site-packages/airflow/example_dags/subdags/subdag.py took 0.014 seconds
[2024-11-11T03:41:07.652+0000] {processor.py:186} INFO - Started process (PID=8105) to work on /home/airflow/.local/lib/python3.12/site-packages/airflow/example_dags/subdags/subdag.py
[2024-11-11T03:41:07.653+0000] {processor.py:914} INFO - Processing file /home/airflow/.local/lib/python3.12/site-packages/airflow/example_dags/subdags/subdag.py for tasks to queue
[2024-11-11T03:41:07.654+0000] {logging_mixin.py:190} INFO - [2024-11-11T03:41:07.654+0000] {dagbag.py:588} INFO - Filling up the DagBag from /home/airflow/.local/lib/python3.12/site-packages/airflow/example_dags/subdags/subdag.py
[2024-11-11T03:41:07.656+0000] {processor.py:927} WARNING - No viable dags retrieved from /home/airflow/.local/lib/python3.12/site-packages/airflow/example_dags/subdags/subdag.py
[2024-11-11T03:41:07.663+0000] {processor.py:208} INFO - Processing /home/airflow/.local/lib/python3.12/site-packages/airflow/example_dags/subdags/subdag.py took 0.014 seconds
[2024-11-11T03:41:38.483+0000] {processor.py:186} INFO - Started process (PID=8167) to work on /home/airflow/.local/lib/python3.12/site-packages/airflow/example_dags/subdags/subdag.py
[2024-11-11T03:41:38.484+0000] {processor.py:914} INFO - Processing file /home/airflow/.local/lib/python3.12/site-packages/airflow/example_dags/subdags/subdag.py for tasks to queue
[2024-11-11T03:41:38.485+0000] {logging_mixin.py:190} INFO - [2024-11-11T03:41:38.485+0000] {dagbag.py:588} INFO - Filling up the DagBag from /home/airflow/.local/lib/python3.12/site-packages/airflow/example_dags/subdags/subdag.py
[2024-11-11T03:41:38.487+0000] {processor.py:927} WARNING - No viable dags retrieved from /home/airflow/.local/lib/python3.12/site-packages/airflow/example_dags/subdags/subdag.py
[2024-11-11T03:41:38.493+0000] {processor.py:208} INFO - Processing /home/airflow/.local/lib/python3.12/site-packages/airflow/example_dags/subdags/subdag.py took 0.013 seconds
[2024-11-11T03:42:09.274+0000] {processor.py:186} INFO - Started process (PID=8230) to work on /home/airflow/.local/lib/python3.12/site-packages/airflow/example_dags/subdags/subdag.py
[2024-11-11T03:42:09.275+0000] {processor.py:914} INFO - Processing file /home/airflow/.local/lib/python3.12/site-packages/airflow/example_dags/subdags/subdag.py for tasks to queue
[2024-11-11T03:42:09.276+0000] {logging_mixin.py:190} INFO - [2024-11-11T03:42:09.276+0000] {dagbag.py:588} INFO - Filling up the DagBag from /home/airflow/.local/lib/python3.12/site-packages/airflow/example_dags/subdags/subdag.py
[2024-11-11T03:42:09.278+0000] {processor.py:927} WARNING - No viable dags retrieved from /home/airflow/.local/lib/python3.12/site-packages/airflow/example_dags/subdags/subdag.py
[2024-11-11T03:42:09.284+0000] {processor.py:208} INFO - Processing /home/airflow/.local/lib/python3.12/site-packages/airflow/example_dags/subdags/subdag.py took 0.013 seconds
[2024-11-11T03:42:39.954+0000] {processor.py:186} INFO - Started process (PID=8293) to work on /home/airflow/.local/lib/python3.12/site-packages/airflow/example_dags/subdags/subdag.py
[2024-11-11T03:42:39.955+0000] {processor.py:914} INFO - Processing file /home/airflow/.local/lib/python3.12/site-packages/airflow/example_dags/subdags/subdag.py for tasks to queue
[2024-11-11T03:42:39.956+0000] {logging_mixin.py:190} INFO - [2024-11-11T03:42:39.956+0000] {dagbag.py:588} INFO - Filling up the DagBag from /home/airflow/.local/lib/python3.12/site-packages/airflow/example_dags/subdags/subdag.py
[2024-11-11T03:42:39.958+0000] {processor.py:927} WARNING - No viable dags retrieved from /home/airflow/.local/lib/python3.12/site-packages/airflow/example_dags/subdags/subdag.py
[2024-11-11T03:42:39.964+0000] {processor.py:208} INFO - Processing /home/airflow/.local/lib/python3.12/site-packages/airflow/example_dags/subdags/subdag.py took 0.013 seconds
[2024-11-11T03:43:10.604+0000] {processor.py:186} INFO - Started process (PID=8356) to work on /home/airflow/.local/lib/python3.12/site-packages/airflow/example_dags/subdags/subdag.py
[2024-11-11T03:43:10.605+0000] {processor.py:914} INFO - Processing file /home/airflow/.local/lib/python3.12/site-packages/airflow/example_dags/subdags/subdag.py for tasks to queue
[2024-11-11T03:43:10.606+0000] {logging_mixin.py:190} INFO - [2024-11-11T03:43:10.606+0000] {dagbag.py:588} INFO - Filling up the DagBag from /home/airflow/.local/lib/python3.12/site-packages/airflow/example_dags/subdags/subdag.py
[2024-11-11T03:43:10.607+0000] {processor.py:927} WARNING - No viable dags retrieved from /home/airflow/.local/lib/python3.12/site-packages/airflow/example_dags/subdags/subdag.py
[2024-11-11T03:43:10.615+0000] {processor.py:208} INFO - Processing /home/airflow/.local/lib/python3.12/site-packages/airflow/example_dags/subdags/subdag.py took 0.014 seconds
[2024-11-11T03:43:41.156+0000] {processor.py:186} INFO - Started process (PID=8419) to work on /home/airflow/.local/lib/python3.12/site-packages/airflow/example_dags/subdags/subdag.py
[2024-11-11T03:43:41.157+0000] {processor.py:914} INFO - Processing file /home/airflow/.local/lib/python3.12/site-packages/airflow/example_dags/subdags/subdag.py for tasks to queue
[2024-11-11T03:43:41.158+0000] {logging_mixin.py:190} INFO - [2024-11-11T03:43:41.158+0000] {dagbag.py:588} INFO - Filling up the DagBag from /home/airflow/.local/lib/python3.12/site-packages/airflow/example_dags/subdags/subdag.py
[2024-11-11T03:43:41.160+0000] {processor.py:927} WARNING - No viable dags retrieved from /home/airflow/.local/lib/python3.12/site-packages/airflow/example_dags/subdags/subdag.py
[2024-11-11T03:43:41.167+0000] {processor.py:208} INFO - Processing /home/airflow/.local/lib/python3.12/site-packages/airflow/example_dags/subdags/subdag.py took 0.013 seconds
[2024-11-11T03:44:11.838+0000] {processor.py:186} INFO - Started process (PID=8482) to work on /home/airflow/.local/lib/python3.12/site-packages/airflow/example_dags/subdags/subdag.py
[2024-11-11T03:44:11.839+0000] {processor.py:914} INFO - Processing file /home/airflow/.local/lib/python3.12/site-packages/airflow/example_dags/subdags/subdag.py for tasks to queue
[2024-11-11T03:44:11.840+0000] {logging_mixin.py:190} INFO - [2024-11-11T03:44:11.840+0000] {dagbag.py:588} INFO - Filling up the DagBag from /home/airflow/.local/lib/python3.12/site-packages/airflow/example_dags/subdags/subdag.py
[2024-11-11T03:44:11.841+0000] {processor.py:927} WARNING - No viable dags retrieved from /home/airflow/.local/lib/python3.12/site-packages/airflow/example_dags/subdags/subdag.py
[2024-11-11T03:44:11.848+0000] {processor.py:208} INFO - Processing /home/airflow/.local/lib/python3.12/site-packages/airflow/example_dags/subdags/subdag.py took 0.013 seconds
[2024-11-11T03:44:42.675+0000] {processor.py:186} INFO - Started process (PID=8545) to work on /home/airflow/.local/lib/python3.12/site-packages/airflow/example_dags/subdags/subdag.py
[2024-11-11T03:44:42.676+0000] {processor.py:914} INFO - Processing file /home/airflow/.local/lib/python3.12/site-packages/airflow/example_dags/subdags/subdag.py for tasks to queue
[2024-11-11T03:44:42.677+0000] {logging_mixin.py:190} INFO - [2024-11-11T03:44:42.677+0000] {dagbag.py:588} INFO - Filling up the DagBag from /home/airflow/.local/lib/python3.12/site-packages/airflow/example_dags/subdags/subdag.py
[2024-11-11T03:44:42.679+0000] {processor.py:927} WARNING - No viable dags retrieved from /home/airflow/.local/lib/python3.12/site-packages/airflow/example_dags/subdags/subdag.py
[2024-11-11T03:44:42.686+0000] {processor.py:208} INFO - Processing /home/airflow/.local/lib/python3.12/site-packages/airflow/example_dags/subdags/subdag.py took 0.014 seconds
[2024-11-11T03:45:13.260+0000] {processor.py:186} INFO - Started process (PID=8608) to work on /home/airflow/.local/lib/python3.12/site-packages/airflow/example_dags/subdags/subdag.py
[2024-11-11T03:45:13.260+0000] {processor.py:914} INFO - Processing file /home/airflow/.local/lib/python3.12/site-packages/airflow/example_dags/subdags/subdag.py for tasks to queue
[2024-11-11T03:45:13.262+0000] {logging_mixin.py:190} INFO - [2024-11-11T03:45:13.262+0000] {dagbag.py:588} INFO - Filling up the DagBag from /home/airflow/.local/lib/python3.12/site-packages/airflow/example_dags/subdags/subdag.py
[2024-11-11T03:45:13.263+0000] {processor.py:927} WARNING - No viable dags retrieved from /home/airflow/.local/lib/python3.12/site-packages/airflow/example_dags/subdags/subdag.py
[2024-11-11T03:45:13.271+0000] {processor.py:208} INFO - Processing /home/airflow/.local/lib/python3.12/site-packages/airflow/example_dags/subdags/subdag.py took 0.015 seconds
[2024-11-11T03:45:44.023+0000] {processor.py:186} INFO - Started process (PID=8671) to work on /home/airflow/.local/lib/python3.12/site-packages/airflow/example_dags/subdags/subdag.py
[2024-11-11T03:45:44.024+0000] {processor.py:914} INFO - Processing file /home/airflow/.local/lib/python3.12/site-packages/airflow/example_dags/subdags/subdag.py for tasks to queue
[2024-11-11T03:45:44.025+0000] {logging_mixin.py:190} INFO - [2024-11-11T03:45:44.025+0000] {dagbag.py:588} INFO - Filling up the DagBag from /home/airflow/.local/lib/python3.12/site-packages/airflow/example_dags/subdags/subdag.py
[2024-11-11T03:45:44.027+0000] {processor.py:927} WARNING - No viable dags retrieved from /home/airflow/.local/lib/python3.12/site-packages/airflow/example_dags/subdags/subdag.py
[2024-11-11T03:45:44.035+0000] {processor.py:208} INFO - Processing /home/airflow/.local/lib/python3.12/site-packages/airflow/example_dags/subdags/subdag.py took 0.016 seconds
[2024-11-11T03:46:14.483+0000] {processor.py:186} INFO - Started process (PID=8734) to work on /home/airflow/.local/lib/python3.12/site-packages/airflow/example_dags/subdags/subdag.py
[2024-11-11T03:46:14.483+0000] {processor.py:914} INFO - Processing file /home/airflow/.local/lib/python3.12/site-packages/airflow/example_dags/subdags/subdag.py for tasks to queue
[2024-11-11T03:46:14.484+0000] {logging_mixin.py:190} INFO - [2024-11-11T03:46:14.484+0000] {dagbag.py:588} INFO - Filling up the DagBag from /home/airflow/.local/lib/python3.12/site-packages/airflow/example_dags/subdags/subdag.py
[2024-11-11T03:46:14.486+0000] {processor.py:927} WARNING - No viable dags retrieved from /home/airflow/.local/lib/python3.12/site-packages/airflow/example_dags/subdags/subdag.py
[2024-11-11T03:46:14.493+0000] {processor.py:208} INFO - Processing /home/airflow/.local/lib/python3.12/site-packages/airflow/example_dags/subdags/subdag.py took 0.014 seconds
[2024-11-11T03:46:44.943+0000] {processor.py:186} INFO - Started process (PID=8796) to work on /home/airflow/.local/lib/python3.12/site-packages/airflow/example_dags/subdags/subdag.py
[2024-11-11T03:46:44.943+0000] {processor.py:914} INFO - Processing file /home/airflow/.local/lib/python3.12/site-packages/airflow/example_dags/subdags/subdag.py for tasks to queue
[2024-11-11T03:46:44.945+0000] {logging_mixin.py:190} INFO - [2024-11-11T03:46:44.944+0000] {dagbag.py:588} INFO - Filling up the DagBag from /home/airflow/.local/lib/python3.12/site-packages/airflow/example_dags/subdags/subdag.py
[2024-11-11T03:46:44.946+0000] {processor.py:927} WARNING - No viable dags retrieved from /home/airflow/.local/lib/python3.12/site-packages/airflow/example_dags/subdags/subdag.py
[2024-11-11T03:46:44.953+0000] {processor.py:208} INFO - Processing /home/airflow/.local/lib/python3.12/site-packages/airflow/example_dags/subdags/subdag.py took 0.014 seconds
[2024-11-11T03:47:15.417+0000] {processor.py:186} INFO - Started process (PID=8859) to work on /home/airflow/.local/lib/python3.12/site-packages/airflow/example_dags/subdags/subdag.py
[2024-11-11T03:47:15.418+0000] {processor.py:914} INFO - Processing file /home/airflow/.local/lib/python3.12/site-packages/airflow/example_dags/subdags/subdag.py for tasks to queue
[2024-11-11T03:47:15.420+0000] {logging_mixin.py:190} INFO - [2024-11-11T03:47:15.420+0000] {dagbag.py:588} INFO - Filling up the DagBag from /home/airflow/.local/lib/python3.12/site-packages/airflow/example_dags/subdags/subdag.py
[2024-11-11T03:47:15.421+0000] {processor.py:927} WARNING - No viable dags retrieved from /home/airflow/.local/lib/python3.12/site-packages/airflow/example_dags/subdags/subdag.py
[2024-11-11T03:47:15.428+0000] {processor.py:208} INFO - Processing /home/airflow/.local/lib/python3.12/site-packages/airflow/example_dags/subdags/subdag.py took 0.018 seconds
[2024-11-11T03:47:46.189+0000] {processor.py:186} INFO - Started process (PID=8923) to work on /home/airflow/.local/lib/python3.12/site-packages/airflow/example_dags/subdags/subdag.py
[2024-11-11T03:47:46.189+0000] {processor.py:914} INFO - Processing file /home/airflow/.local/lib/python3.12/site-packages/airflow/example_dags/subdags/subdag.py for tasks to queue
[2024-11-11T03:47:46.190+0000] {logging_mixin.py:190} INFO - [2024-11-11T03:47:46.190+0000] {dagbag.py:588} INFO - Filling up the DagBag from /home/airflow/.local/lib/python3.12/site-packages/airflow/example_dags/subdags/subdag.py
[2024-11-11T03:47:46.192+0000] {processor.py:927} WARNING - No viable dags retrieved from /home/airflow/.local/lib/python3.12/site-packages/airflow/example_dags/subdags/subdag.py
[2024-11-11T03:47:46.199+0000] {processor.py:208} INFO - Processing /home/airflow/.local/lib/python3.12/site-packages/airflow/example_dags/subdags/subdag.py took 0.014 seconds
[2024-11-11T03:48:16.932+0000] {processor.py:186} INFO - Started process (PID=8986) to work on /home/airflow/.local/lib/python3.12/site-packages/airflow/example_dags/subdags/subdag.py
[2024-11-11T03:48:16.932+0000] {processor.py:914} INFO - Processing file /home/airflow/.local/lib/python3.12/site-packages/airflow/example_dags/subdags/subdag.py for tasks to queue
[2024-11-11T03:48:16.933+0000] {logging_mixin.py:190} INFO - [2024-11-11T03:48:16.933+0000] {dagbag.py:588} INFO - Filling up the DagBag from /home/airflow/.local/lib/python3.12/site-packages/airflow/example_dags/subdags/subdag.py
[2024-11-11T03:48:16.935+0000] {processor.py:927} WARNING - No viable dags retrieved from /home/airflow/.local/lib/python3.12/site-packages/airflow/example_dags/subdags/subdag.py
[2024-11-11T03:48:16.942+0000] {processor.py:208} INFO - Processing /home/airflow/.local/lib/python3.12/site-packages/airflow/example_dags/subdags/subdag.py took 0.014 seconds
[2024-11-11T03:48:47.615+0000] {processor.py:186} INFO - Started process (PID=9049) to work on /home/airflow/.local/lib/python3.12/site-packages/airflow/example_dags/subdags/subdag.py
[2024-11-11T03:48:47.616+0000] {processor.py:914} INFO - Processing file /home/airflow/.local/lib/python3.12/site-packages/airflow/example_dags/subdags/subdag.py for tasks to queue
[2024-11-11T03:48:47.617+0000] {logging_mixin.py:190} INFO - [2024-11-11T03:48:47.617+0000] {dagbag.py:588} INFO - Filling up the DagBag from /home/airflow/.local/lib/python3.12/site-packages/airflow/example_dags/subdags/subdag.py
[2024-11-11T03:48:47.619+0000] {processor.py:927} WARNING - No viable dags retrieved from /home/airflow/.local/lib/python3.12/site-packages/airflow/example_dags/subdags/subdag.py
[2024-11-11T03:48:47.625+0000] {processor.py:208} INFO - Processing /home/airflow/.local/lib/python3.12/site-packages/airflow/example_dags/subdags/subdag.py took 0.013 seconds
[2024-11-11T03:49:18.403+0000] {processor.py:186} INFO - Started process (PID=9112) to work on /home/airflow/.local/lib/python3.12/site-packages/airflow/example_dags/subdags/subdag.py
[2024-11-11T03:49:18.404+0000] {processor.py:914} INFO - Processing file /home/airflow/.local/lib/python3.12/site-packages/airflow/example_dags/subdags/subdag.py for tasks to queue
[2024-11-11T03:49:18.405+0000] {logging_mixin.py:190} INFO - [2024-11-11T03:49:18.405+0000] {dagbag.py:588} INFO - Filling up the DagBag from /home/airflow/.local/lib/python3.12/site-packages/airflow/example_dags/subdags/subdag.py
[2024-11-11T03:49:18.407+0000] {processor.py:927} WARNING - No viable dags retrieved from /home/airflow/.local/lib/python3.12/site-packages/airflow/example_dags/subdags/subdag.py
[2024-11-11T03:49:18.414+0000] {processor.py:208} INFO - Processing /home/airflow/.local/lib/python3.12/site-packages/airflow/example_dags/subdags/subdag.py took 0.014 seconds
[2024-11-11T03:59:43.897+0000] {processor.py:186} INFO - Started process (PID=9175) to work on /home/airflow/.local/lib/python3.12/site-packages/airflow/example_dags/subdags/subdag.py
[2024-11-11T03:59:43.898+0000] {processor.py:914} INFO - Processing file /home/airflow/.local/lib/python3.12/site-packages/airflow/example_dags/subdags/subdag.py for tasks to queue
[2024-11-11T03:59:43.899+0000] {logging_mixin.py:190} INFO - [2024-11-11T03:59:43.899+0000] {dagbag.py:588} INFO - Filling up the DagBag from /home/airflow/.local/lib/python3.12/site-packages/airflow/example_dags/subdags/subdag.py
[2024-11-11T03:59:43.901+0000] {processor.py:927} WARNING - No viable dags retrieved from /home/airflow/.local/lib/python3.12/site-packages/airflow/example_dags/subdags/subdag.py
[2024-11-11T03:59:43.908+0000] {processor.py:208} INFO - Processing /home/airflow/.local/lib/python3.12/site-packages/airflow/example_dags/subdags/subdag.py took 0.014 seconds
[2024-11-11T04:00:14.557+0000] {processor.py:186} INFO - Started process (PID=9238) to work on /home/airflow/.local/lib/python3.12/site-packages/airflow/example_dags/subdags/subdag.py
[2024-11-11T04:00:14.558+0000] {processor.py:914} INFO - Processing file /home/airflow/.local/lib/python3.12/site-packages/airflow/example_dags/subdags/subdag.py for tasks to queue
[2024-11-11T04:00:14.559+0000] {logging_mixin.py:190} INFO - [2024-11-11T04:00:14.559+0000] {dagbag.py:588} INFO - Filling up the DagBag from /home/airflow/.local/lib/python3.12/site-packages/airflow/example_dags/subdags/subdag.py
[2024-11-11T04:00:14.561+0000] {processor.py:927} WARNING - No viable dags retrieved from /home/airflow/.local/lib/python3.12/site-packages/airflow/example_dags/subdags/subdag.py
[2024-11-11T04:00:14.568+0000] {processor.py:208} INFO - Processing /home/airflow/.local/lib/python3.12/site-packages/airflow/example_dags/subdags/subdag.py took 0.014 seconds
[2024-11-11T04:00:45.353+0000] {processor.py:186} INFO - Started process (PID=9301) to work on /home/airflow/.local/lib/python3.12/site-packages/airflow/example_dags/subdags/subdag.py
[2024-11-11T04:00:45.354+0000] {processor.py:914} INFO - Processing file /home/airflow/.local/lib/python3.12/site-packages/airflow/example_dags/subdags/subdag.py for tasks to queue
[2024-11-11T04:00:45.355+0000] {logging_mixin.py:190} INFO - [2024-11-11T04:00:45.355+0000] {dagbag.py:588} INFO - Filling up the DagBag from /home/airflow/.local/lib/python3.12/site-packages/airflow/example_dags/subdags/subdag.py
[2024-11-11T04:00:45.357+0000] {processor.py:927} WARNING - No viable dags retrieved from /home/airflow/.local/lib/python3.12/site-packages/airflow/example_dags/subdags/subdag.py
[2024-11-11T04:00:45.365+0000] {processor.py:208} INFO - Processing /home/airflow/.local/lib/python3.12/site-packages/airflow/example_dags/subdags/subdag.py took 0.015 seconds
[2024-11-11T04:01:16.121+0000] {processor.py:186} INFO - Started process (PID=9364) to work on /home/airflow/.local/lib/python3.12/site-packages/airflow/example_dags/subdags/subdag.py
[2024-11-11T04:01:16.122+0000] {processor.py:914} INFO - Processing file /home/airflow/.local/lib/python3.12/site-packages/airflow/example_dags/subdags/subdag.py for tasks to queue
[2024-11-11T04:01:16.124+0000] {logging_mixin.py:190} INFO - [2024-11-11T04:01:16.123+0000] {dagbag.py:588} INFO - Filling up the DagBag from /home/airflow/.local/lib/python3.12/site-packages/airflow/example_dags/subdags/subdag.py
[2024-11-11T04:01:16.126+0000] {processor.py:927} WARNING - No viable dags retrieved from /home/airflow/.local/lib/python3.12/site-packages/airflow/example_dags/subdags/subdag.py
[2024-11-11T04:01:16.137+0000] {processor.py:208} INFO - Processing /home/airflow/.local/lib/python3.12/site-packages/airflow/example_dags/subdags/subdag.py took 0.022 seconds
[2024-11-11T04:01:47.026+0000] {processor.py:186} INFO - Started process (PID=9427) to work on /home/airflow/.local/lib/python3.12/site-packages/airflow/example_dags/subdags/subdag.py
[2024-11-11T04:01:47.027+0000] {processor.py:914} INFO - Processing file /home/airflow/.local/lib/python3.12/site-packages/airflow/example_dags/subdags/subdag.py for tasks to queue
[2024-11-11T04:01:47.028+0000] {logging_mixin.py:190} INFO - [2024-11-11T04:01:47.028+0000] {dagbag.py:588} INFO - Filling up the DagBag from /home/airflow/.local/lib/python3.12/site-packages/airflow/example_dags/subdags/subdag.py
[2024-11-11T04:01:47.030+0000] {processor.py:927} WARNING - No viable dags retrieved from /home/airflow/.local/lib/python3.12/site-packages/airflow/example_dags/subdags/subdag.py
[2024-11-11T04:01:47.038+0000] {processor.py:208} INFO - Processing /home/airflow/.local/lib/python3.12/site-packages/airflow/example_dags/subdags/subdag.py took 0.016 seconds
[2024-11-11T04:02:17.762+0000] {processor.py:186} INFO - Started process (PID=9490) to work on /home/airflow/.local/lib/python3.12/site-packages/airflow/example_dags/subdags/subdag.py
[2024-11-11T04:02:17.762+0000] {processor.py:914} INFO - Processing file /home/airflow/.local/lib/python3.12/site-packages/airflow/example_dags/subdags/subdag.py for tasks to queue
[2024-11-11T04:02:17.764+0000] {logging_mixin.py:190} INFO - [2024-11-11T04:02:17.763+0000] {dagbag.py:588} INFO - Filling up the DagBag from /home/airflow/.local/lib/python3.12/site-packages/airflow/example_dags/subdags/subdag.py
[2024-11-11T04:02:17.765+0000] {processor.py:927} WARNING - No viable dags retrieved from /home/airflow/.local/lib/python3.12/site-packages/airflow/example_dags/subdags/subdag.py
[2024-11-11T04:02:17.772+0000] {processor.py:208} INFO - Processing /home/airflow/.local/lib/python3.12/site-packages/airflow/example_dags/subdags/subdag.py took 0.014 seconds
[2024-11-11T04:02:48.398+0000] {processor.py:186} INFO - Started process (PID=9553) to work on /home/airflow/.local/lib/python3.12/site-packages/airflow/example_dags/subdags/subdag.py
[2024-11-11T04:02:48.399+0000] {processor.py:914} INFO - Processing file /home/airflow/.local/lib/python3.12/site-packages/airflow/example_dags/subdags/subdag.py for tasks to queue
[2024-11-11T04:02:48.400+0000] {logging_mixin.py:190} INFO - [2024-11-11T04:02:48.400+0000] {dagbag.py:588} INFO - Filling up the DagBag from /home/airflow/.local/lib/python3.12/site-packages/airflow/example_dags/subdags/subdag.py
[2024-11-11T04:02:48.402+0000] {processor.py:927} WARNING - No viable dags retrieved from /home/airflow/.local/lib/python3.12/site-packages/airflow/example_dags/subdags/subdag.py
[2024-11-11T04:02:48.409+0000] {processor.py:208} INFO - Processing /home/airflow/.local/lib/python3.12/site-packages/airflow/example_dags/subdags/subdag.py took 0.014 seconds
[2024-11-11T04:03:19.177+0000] {processor.py:186} INFO - Started process (PID=9616) to work on /home/airflow/.local/lib/python3.12/site-packages/airflow/example_dags/subdags/subdag.py
[2024-11-11T04:03:19.177+0000] {processor.py:914} INFO - Processing file /home/airflow/.local/lib/python3.12/site-packages/airflow/example_dags/subdags/subdag.py for tasks to queue
[2024-11-11T04:03:19.179+0000] {logging_mixin.py:190} INFO - [2024-11-11T04:03:19.179+0000] {dagbag.py:588} INFO - Filling up the DagBag from /home/airflow/.local/lib/python3.12/site-packages/airflow/example_dags/subdags/subdag.py
[2024-11-11T04:03:19.180+0000] {processor.py:927} WARNING - No viable dags retrieved from /home/airflow/.local/lib/python3.12/site-packages/airflow/example_dags/subdags/subdag.py
[2024-11-11T04:03:19.187+0000] {processor.py:208} INFO - Processing /home/airflow/.local/lib/python3.12/site-packages/airflow/example_dags/subdags/subdag.py took 0.014 seconds
[2024-11-11T04:03:50.010+0000] {processor.py:186} INFO - Started process (PID=9679) to work on /home/airflow/.local/lib/python3.12/site-packages/airflow/example_dags/subdags/subdag.py
[2024-11-11T04:03:50.011+0000] {processor.py:914} INFO - Processing file /home/airflow/.local/lib/python3.12/site-packages/airflow/example_dags/subdags/subdag.py for tasks to queue
[2024-11-11T04:03:50.012+0000] {logging_mixin.py:190} INFO - [2024-11-11T04:03:50.012+0000] {dagbag.py:588} INFO - Filling up the DagBag from /home/airflow/.local/lib/python3.12/site-packages/airflow/example_dags/subdags/subdag.py
[2024-11-11T04:03:50.013+0000] {processor.py:927} WARNING - No viable dags retrieved from /home/airflow/.local/lib/python3.12/site-packages/airflow/example_dags/subdags/subdag.py
[2024-11-11T04:03:50.020+0000] {processor.py:208} INFO - Processing /home/airflow/.local/lib/python3.12/site-packages/airflow/example_dags/subdags/subdag.py took 0.013 seconds
[2024-11-11T04:04:21.054+0000] {processor.py:186} INFO - Started process (PID=9742) to work on /home/airflow/.local/lib/python3.12/site-packages/airflow/example_dags/subdags/subdag.py
[2024-11-11T04:04:21.055+0000] {processor.py:914} INFO - Processing file /home/airflow/.local/lib/python3.12/site-packages/airflow/example_dags/subdags/subdag.py for tasks to queue
[2024-11-11T04:04:21.056+0000] {logging_mixin.py:190} INFO - [2024-11-11T04:04:21.056+0000] {dagbag.py:588} INFO - Filling up the DagBag from /home/airflow/.local/lib/python3.12/site-packages/airflow/example_dags/subdags/subdag.py
[2024-11-11T04:04:21.058+0000] {processor.py:927} WARNING - No viable dags retrieved from /home/airflow/.local/lib/python3.12/site-packages/airflow/example_dags/subdags/subdag.py
[2024-11-11T04:04:21.065+0000] {processor.py:208} INFO - Processing /home/airflow/.local/lib/python3.12/site-packages/airflow/example_dags/subdags/subdag.py took 0.015 seconds
[2024-11-11T04:04:51.998+0000] {processor.py:186} INFO - Started process (PID=9805) to work on /home/airflow/.local/lib/python3.12/site-packages/airflow/example_dags/subdags/subdag.py
[2024-11-11T04:04:51.999+0000] {processor.py:914} INFO - Processing file /home/airflow/.local/lib/python3.12/site-packages/airflow/example_dags/subdags/subdag.py for tasks to queue
[2024-11-11T04:04:52.000+0000] {logging_mixin.py:190} INFO - [2024-11-11T04:04:52.000+0000] {dagbag.py:588} INFO - Filling up the DagBag from /home/airflow/.local/lib/python3.12/site-packages/airflow/example_dags/subdags/subdag.py
[2024-11-11T04:04:52.002+0000] {processor.py:927} WARNING - No viable dags retrieved from /home/airflow/.local/lib/python3.12/site-packages/airflow/example_dags/subdags/subdag.py
[2024-11-11T04:04:52.008+0000] {processor.py:208} INFO - Processing /home/airflow/.local/lib/python3.12/site-packages/airflow/example_dags/subdags/subdag.py took 0.013 seconds
[2024-11-11T04:05:22.669+0000] {processor.py:186} INFO - Started process (PID=9868) to work on /home/airflow/.local/lib/python3.12/site-packages/airflow/example_dags/subdags/subdag.py
[2024-11-11T04:05:22.669+0000] {processor.py:914} INFO - Processing file /home/airflow/.local/lib/python3.12/site-packages/airflow/example_dags/subdags/subdag.py for tasks to queue
[2024-11-11T04:05:22.671+0000] {logging_mixin.py:190} INFO - [2024-11-11T04:05:22.670+0000] {dagbag.py:588} INFO - Filling up the DagBag from /home/airflow/.local/lib/python3.12/site-packages/airflow/example_dags/subdags/subdag.py
[2024-11-11T04:05:22.672+0000] {processor.py:927} WARNING - No viable dags retrieved from /home/airflow/.local/lib/python3.12/site-packages/airflow/example_dags/subdags/subdag.py
[2024-11-11T04:05:22.679+0000] {processor.py:208} INFO - Processing /home/airflow/.local/lib/python3.12/site-packages/airflow/example_dags/subdags/subdag.py took 0.014 seconds
[2024-11-11T04:05:53.260+0000] {processor.py:186} INFO - Started process (PID=9931) to work on /home/airflow/.local/lib/python3.12/site-packages/airflow/example_dags/subdags/subdag.py
[2024-11-11T04:05:53.261+0000] {processor.py:914} INFO - Processing file /home/airflow/.local/lib/python3.12/site-packages/airflow/example_dags/subdags/subdag.py for tasks to queue
[2024-11-11T04:05:53.262+0000] {logging_mixin.py:190} INFO - [2024-11-11T04:05:53.262+0000] {dagbag.py:588} INFO - Filling up the DagBag from /home/airflow/.local/lib/python3.12/site-packages/airflow/example_dags/subdags/subdag.py
[2024-11-11T04:05:53.264+0000] {processor.py:927} WARNING - No viable dags retrieved from /home/airflow/.local/lib/python3.12/site-packages/airflow/example_dags/subdags/subdag.py
[2024-11-11T04:05:53.270+0000] {processor.py:208} INFO - Processing /home/airflow/.local/lib/python3.12/site-packages/airflow/example_dags/subdags/subdag.py took 0.013 seconds
[2024-11-11T04:06:24.055+0000] {processor.py:186} INFO - Started process (PID=9994) to work on /home/airflow/.local/lib/python3.12/site-packages/airflow/example_dags/subdags/subdag.py
[2024-11-11T04:06:24.056+0000] {processor.py:914} INFO - Processing file /home/airflow/.local/lib/python3.12/site-packages/airflow/example_dags/subdags/subdag.py for tasks to queue
[2024-11-11T04:06:24.057+0000] {logging_mixin.py:190} INFO - [2024-11-11T04:06:24.057+0000] {dagbag.py:588} INFO - Filling up the DagBag from /home/airflow/.local/lib/python3.12/site-packages/airflow/example_dags/subdags/subdag.py
[2024-11-11T04:06:24.059+0000] {processor.py:927} WARNING - No viable dags retrieved from /home/airflow/.local/lib/python3.12/site-packages/airflow/example_dags/subdags/subdag.py
[2024-11-11T04:06:24.065+0000] {processor.py:208} INFO - Processing /home/airflow/.local/lib/python3.12/site-packages/airflow/example_dags/subdags/subdag.py took 0.014 seconds
[2024-11-11T04:06:54.979+0000] {processor.py:186} INFO - Started process (PID=10057) to work on /home/airflow/.local/lib/python3.12/site-packages/airflow/example_dags/subdags/subdag.py
[2024-11-11T04:06:54.980+0000] {processor.py:914} INFO - Processing file /home/airflow/.local/lib/python3.12/site-packages/airflow/example_dags/subdags/subdag.py for tasks to queue
[2024-11-11T04:06:54.981+0000] {logging_mixin.py:190} INFO - [2024-11-11T04:06:54.981+0000] {dagbag.py:588} INFO - Filling up the DagBag from /home/airflow/.local/lib/python3.12/site-packages/airflow/example_dags/subdags/subdag.py
[2024-11-11T04:06:54.982+0000] {processor.py:927} WARNING - No viable dags retrieved from /home/airflow/.local/lib/python3.12/site-packages/airflow/example_dags/subdags/subdag.py
[2024-11-11T04:06:54.989+0000] {processor.py:208} INFO - Processing /home/airflow/.local/lib/python3.12/site-packages/airflow/example_dags/subdags/subdag.py took 0.014 seconds
[2024-11-11T04:07:25.733+0000] {processor.py:186} INFO - Started process (PID=10120) to work on /home/airflow/.local/lib/python3.12/site-packages/airflow/example_dags/subdags/subdag.py
[2024-11-11T04:07:25.734+0000] {processor.py:914} INFO - Processing file /home/airflow/.local/lib/python3.12/site-packages/airflow/example_dags/subdags/subdag.py for tasks to queue
[2024-11-11T04:07:25.736+0000] {logging_mixin.py:190} INFO - [2024-11-11T04:07:25.735+0000] {dagbag.py:588} INFO - Filling up the DagBag from /home/airflow/.local/lib/python3.12/site-packages/airflow/example_dags/subdags/subdag.py
[2024-11-11T04:07:25.737+0000] {processor.py:927} WARNING - No viable dags retrieved from /home/airflow/.local/lib/python3.12/site-packages/airflow/example_dags/subdags/subdag.py
[2024-11-11T04:07:25.746+0000] {processor.py:208} INFO - Processing /home/airflow/.local/lib/python3.12/site-packages/airflow/example_dags/subdags/subdag.py took 0.017 seconds
[2024-11-11T04:07:56.488+0000] {processor.py:186} INFO - Started process (PID=10183) to work on /home/airflow/.local/lib/python3.12/site-packages/airflow/example_dags/subdags/subdag.py
[2024-11-11T04:07:56.489+0000] {processor.py:914} INFO - Processing file /home/airflow/.local/lib/python3.12/site-packages/airflow/example_dags/subdags/subdag.py for tasks to queue
[2024-11-11T04:07:56.491+0000] {logging_mixin.py:190} INFO - [2024-11-11T04:07:56.490+0000] {dagbag.py:588} INFO - Filling up the DagBag from /home/airflow/.local/lib/python3.12/site-packages/airflow/example_dags/subdags/subdag.py
[2024-11-11T04:07:56.492+0000] {processor.py:927} WARNING - No viable dags retrieved from /home/airflow/.local/lib/python3.12/site-packages/airflow/example_dags/subdags/subdag.py
[2024-11-11T04:07:56.499+0000] {processor.py:208} INFO - Processing /home/airflow/.local/lib/python3.12/site-packages/airflow/example_dags/subdags/subdag.py took 0.014 seconds
[2024-11-11T04:08:27.321+0000] {processor.py:186} INFO - Started process (PID=10246) to work on /home/airflow/.local/lib/python3.12/site-packages/airflow/example_dags/subdags/subdag.py
[2024-11-11T04:08:27.322+0000] {processor.py:914} INFO - Processing file /home/airflow/.local/lib/python3.12/site-packages/airflow/example_dags/subdags/subdag.py for tasks to queue
[2024-11-11T04:08:27.323+0000] {logging_mixin.py:190} INFO - [2024-11-11T04:08:27.323+0000] {dagbag.py:588} INFO - Filling up the DagBag from /home/airflow/.local/lib/python3.12/site-packages/airflow/example_dags/subdags/subdag.py
[2024-11-11T04:08:27.325+0000] {processor.py:927} WARNING - No viable dags retrieved from /home/airflow/.local/lib/python3.12/site-packages/airflow/example_dags/subdags/subdag.py
[2024-11-11T04:08:27.332+0000] {processor.py:208} INFO - Processing /home/airflow/.local/lib/python3.12/site-packages/airflow/example_dags/subdags/subdag.py took 0.014 seconds
[2024-11-11T04:08:57.980+0000] {processor.py:186} INFO - Started process (PID=10309) to work on /home/airflow/.local/lib/python3.12/site-packages/airflow/example_dags/subdags/subdag.py
[2024-11-11T04:08:57.980+0000] {processor.py:914} INFO - Processing file /home/airflow/.local/lib/python3.12/site-packages/airflow/example_dags/subdags/subdag.py for tasks to queue
[2024-11-11T04:08:57.981+0000] {logging_mixin.py:190} INFO - [2024-11-11T04:08:57.981+0000] {dagbag.py:588} INFO - Filling up the DagBag from /home/airflow/.local/lib/python3.12/site-packages/airflow/example_dags/subdags/subdag.py
[2024-11-11T04:08:57.983+0000] {processor.py:927} WARNING - No viable dags retrieved from /home/airflow/.local/lib/python3.12/site-packages/airflow/example_dags/subdags/subdag.py
[2024-11-11T04:08:57.990+0000] {processor.py:208} INFO - Processing /home/airflow/.local/lib/python3.12/site-packages/airflow/example_dags/subdags/subdag.py took 0.014 seconds
[2024-11-11T04:09:28.467+0000] {processor.py:186} INFO - Started process (PID=10372) to work on /home/airflow/.local/lib/python3.12/site-packages/airflow/example_dags/subdags/subdag.py
[2024-11-11T04:09:28.468+0000] {processor.py:914} INFO - Processing file /home/airflow/.local/lib/python3.12/site-packages/airflow/example_dags/subdags/subdag.py for tasks to queue
[2024-11-11T04:09:28.469+0000] {logging_mixin.py:190} INFO - [2024-11-11T04:09:28.469+0000] {dagbag.py:588} INFO - Filling up the DagBag from /home/airflow/.local/lib/python3.12/site-packages/airflow/example_dags/subdags/subdag.py
[2024-11-11T04:09:28.470+0000] {processor.py:927} WARNING - No viable dags retrieved from /home/airflow/.local/lib/python3.12/site-packages/airflow/example_dags/subdags/subdag.py
[2024-11-11T04:09:28.477+0000] {processor.py:208} INFO - Processing /home/airflow/.local/lib/python3.12/site-packages/airflow/example_dags/subdags/subdag.py took 0.013 seconds
[2024-11-11T04:09:59.983+0000] {processor.py:186} INFO - Started process (PID=10435) to work on /home/airflow/.local/lib/python3.12/site-packages/airflow/example_dags/subdags/subdag.py
[2024-11-11T04:09:59.984+0000] {processor.py:914} INFO - Processing file /home/airflow/.local/lib/python3.12/site-packages/airflow/example_dags/subdags/subdag.py for tasks to queue
[2024-11-11T04:09:59.985+0000] {logging_mixin.py:190} INFO - [2024-11-11T04:09:59.985+0000] {dagbag.py:588} INFO - Filling up the DagBag from /home/airflow/.local/lib/python3.12/site-packages/airflow/example_dags/subdags/subdag.py
[2024-11-11T04:09:59.987+0000] {processor.py:927} WARNING - No viable dags retrieved from /home/airflow/.local/lib/python3.12/site-packages/airflow/example_dags/subdags/subdag.py
[2024-11-11T04:09:59.994+0000] {processor.py:208} INFO - Processing /home/airflow/.local/lib/python3.12/site-packages/airflow/example_dags/subdags/subdag.py took 0.015 seconds
[2024-11-11T04:10:32.931+0000] {processor.py:186} INFO - Started process (PID=10498) to work on /home/airflow/.local/lib/python3.12/site-packages/airflow/example_dags/subdags/subdag.py
[2024-11-11T04:10:32.931+0000] {processor.py:914} INFO - Processing file /home/airflow/.local/lib/python3.12/site-packages/airflow/example_dags/subdags/subdag.py for tasks to queue
[2024-11-11T04:10:32.933+0000] {logging_mixin.py:190} INFO - [2024-11-11T04:10:32.933+0000] {dagbag.py:588} INFO - Filling up the DagBag from /home/airflow/.local/lib/python3.12/site-packages/airflow/example_dags/subdags/subdag.py
[2024-11-11T04:10:32.934+0000] {processor.py:927} WARNING - No viable dags retrieved from /home/airflow/.local/lib/python3.12/site-packages/airflow/example_dags/subdags/subdag.py
[2024-11-11T04:10:32.941+0000] {processor.py:208} INFO - Processing /home/airflow/.local/lib/python3.12/site-packages/airflow/example_dags/subdags/subdag.py took 0.014 seconds
[2024-11-11T04:11:03.110+0000] {processor.py:186} INFO - Started process (PID=10561) to work on /home/airflow/.local/lib/python3.12/site-packages/airflow/example_dags/subdags/subdag.py
[2024-11-11T04:11:03.111+0000] {processor.py:914} INFO - Processing file /home/airflow/.local/lib/python3.12/site-packages/airflow/example_dags/subdags/subdag.py for tasks to queue
[2024-11-11T04:11:03.113+0000] {logging_mixin.py:190} INFO - [2024-11-11T04:11:03.112+0000] {dagbag.py:588} INFO - Filling up the DagBag from /home/airflow/.local/lib/python3.12/site-packages/airflow/example_dags/subdags/subdag.py
[2024-11-11T04:11:03.114+0000] {processor.py:927} WARNING - No viable dags retrieved from /home/airflow/.local/lib/python3.12/site-packages/airflow/example_dags/subdags/subdag.py
[2024-11-11T04:11:03.121+0000] {processor.py:208} INFO - Processing /home/airflow/.local/lib/python3.12/site-packages/airflow/example_dags/subdags/subdag.py took 0.014 seconds
[2024-11-11T04:11:33.433+0000] {processor.py:186} INFO - Started process (PID=10624) to work on /home/airflow/.local/lib/python3.12/site-packages/airflow/example_dags/subdags/subdag.py
[2024-11-11T04:11:33.433+0000] {processor.py:914} INFO - Processing file /home/airflow/.local/lib/python3.12/site-packages/airflow/example_dags/subdags/subdag.py for tasks to queue
[2024-11-11T04:11:33.435+0000] {logging_mixin.py:190} INFO - [2024-11-11T04:11:33.435+0000] {dagbag.py:588} INFO - Filling up the DagBag from /home/airflow/.local/lib/python3.12/site-packages/airflow/example_dags/subdags/subdag.py
[2024-11-11T04:11:33.436+0000] {processor.py:927} WARNING - No viable dags retrieved from /home/airflow/.local/lib/python3.12/site-packages/airflow/example_dags/subdags/subdag.py
[2024-11-11T04:11:33.443+0000] {processor.py:208} INFO - Processing /home/airflow/.local/lib/python3.12/site-packages/airflow/example_dags/subdags/subdag.py took 0.014 seconds
[2024-11-11T04:12:04.971+0000] {processor.py:186} INFO - Started process (PID=10687) to work on /home/airflow/.local/lib/python3.12/site-packages/airflow/example_dags/subdags/subdag.py
[2024-11-11T04:12:04.972+0000] {processor.py:914} INFO - Processing file /home/airflow/.local/lib/python3.12/site-packages/airflow/example_dags/subdags/subdag.py for tasks to queue
[2024-11-11T04:12:04.973+0000] {logging_mixin.py:190} INFO - [2024-11-11T04:12:04.973+0000] {dagbag.py:588} INFO - Filling up the DagBag from /home/airflow/.local/lib/python3.12/site-packages/airflow/example_dags/subdags/subdag.py
[2024-11-11T04:12:04.974+0000] {processor.py:927} WARNING - No viable dags retrieved from /home/airflow/.local/lib/python3.12/site-packages/airflow/example_dags/subdags/subdag.py
[2024-11-11T04:12:04.981+0000] {processor.py:208} INFO - Processing /home/airflow/.local/lib/python3.12/site-packages/airflow/example_dags/subdags/subdag.py took 0.013 seconds
[2024-11-11T04:12:35.539+0000] {processor.py:186} INFO - Started process (PID=10750) to work on /home/airflow/.local/lib/python3.12/site-packages/airflow/example_dags/subdags/subdag.py
[2024-11-11T04:12:35.539+0000] {processor.py:914} INFO - Processing file /home/airflow/.local/lib/python3.12/site-packages/airflow/example_dags/subdags/subdag.py for tasks to queue
[2024-11-11T04:12:35.541+0000] {logging_mixin.py:190} INFO - [2024-11-11T04:12:35.541+0000] {dagbag.py:588} INFO - Filling up the DagBag from /home/airflow/.local/lib/python3.12/site-packages/airflow/example_dags/subdags/subdag.py
[2024-11-11T04:12:35.542+0000] {processor.py:927} WARNING - No viable dags retrieved from /home/airflow/.local/lib/python3.12/site-packages/airflow/example_dags/subdags/subdag.py
[2024-11-11T04:12:35.549+0000] {processor.py:208} INFO - Processing /home/airflow/.local/lib/python3.12/site-packages/airflow/example_dags/subdags/subdag.py took 0.014 seconds
[2024-11-11T04:13:06.031+0000] {processor.py:186} INFO - Started process (PID=10813) to work on /home/airflow/.local/lib/python3.12/site-packages/airflow/example_dags/subdags/subdag.py
[2024-11-11T04:13:06.032+0000] {processor.py:914} INFO - Processing file /home/airflow/.local/lib/python3.12/site-packages/airflow/example_dags/subdags/subdag.py for tasks to queue
[2024-11-11T04:13:06.033+0000] {logging_mixin.py:190} INFO - [2024-11-11T04:13:06.033+0000] {dagbag.py:588} INFO - Filling up the DagBag from /home/airflow/.local/lib/python3.12/site-packages/airflow/example_dags/subdags/subdag.py
[2024-11-11T04:13:06.035+0000] {processor.py:927} WARNING - No viable dags retrieved from /home/airflow/.local/lib/python3.12/site-packages/airflow/example_dags/subdags/subdag.py
[2024-11-11T04:13:06.041+0000] {processor.py:208} INFO - Processing /home/airflow/.local/lib/python3.12/site-packages/airflow/example_dags/subdags/subdag.py took 0.014 seconds
[2024-11-11T04:13:36.875+0000] {processor.py:186} INFO - Started process (PID=10876) to work on /home/airflow/.local/lib/python3.12/site-packages/airflow/example_dags/subdags/subdag.py
[2024-11-11T04:13:36.875+0000] {processor.py:914} INFO - Processing file /home/airflow/.local/lib/python3.12/site-packages/airflow/example_dags/subdags/subdag.py for tasks to queue
[2024-11-11T04:13:36.877+0000] {logging_mixin.py:190} INFO - [2024-11-11T04:13:36.877+0000] {dagbag.py:588} INFO - Filling up the DagBag from /home/airflow/.local/lib/python3.12/site-packages/airflow/example_dags/subdags/subdag.py
[2024-11-11T04:13:36.879+0000] {processor.py:927} WARNING - No viable dags retrieved from /home/airflow/.local/lib/python3.12/site-packages/airflow/example_dags/subdags/subdag.py
[2024-11-11T04:13:36.886+0000] {processor.py:208} INFO - Processing /home/airflow/.local/lib/python3.12/site-packages/airflow/example_dags/subdags/subdag.py took 0.015 seconds
[2024-11-11T04:47:37.316+0000] {processor.py:186} INFO - Started process (PID=10939) to work on /home/airflow/.local/lib/python3.12/site-packages/airflow/example_dags/subdags/subdag.py
[2024-11-11T04:47:37.316+0000] {processor.py:914} INFO - Processing file /home/airflow/.local/lib/python3.12/site-packages/airflow/example_dags/subdags/subdag.py for tasks to queue
[2024-11-11T04:47:37.318+0000] {logging_mixin.py:190} INFO - [2024-11-11T04:47:37.318+0000] {dagbag.py:588} INFO - Filling up the DagBag from /home/airflow/.local/lib/python3.12/site-packages/airflow/example_dags/subdags/subdag.py
[2024-11-11T04:47:37.319+0000] {processor.py:927} WARNING - No viable dags retrieved from /home/airflow/.local/lib/python3.12/site-packages/airflow/example_dags/subdags/subdag.py
[2024-11-11T04:47:37.327+0000] {processor.py:208} INFO - Processing /home/airflow/.local/lib/python3.12/site-packages/airflow/example_dags/subdags/subdag.py took 0.015 seconds
[2024-11-11T05:54:21.514+0000] {processor.py:186} INFO - Started process (PID=11001) to work on /home/airflow/.local/lib/python3.12/site-packages/airflow/example_dags/subdags/subdag.py
[2024-11-11T05:54:21.515+0000] {processor.py:914} INFO - Processing file /home/airflow/.local/lib/python3.12/site-packages/airflow/example_dags/subdags/subdag.py for tasks to queue
[2024-11-11T05:54:21.516+0000] {logging_mixin.py:190} INFO - [2024-11-11T05:54:21.516+0000] {dagbag.py:588} INFO - Filling up the DagBag from /home/airflow/.local/lib/python3.12/site-packages/airflow/example_dags/subdags/subdag.py
[2024-11-11T05:54:21.517+0000] {processor.py:927} WARNING - No viable dags retrieved from /home/airflow/.local/lib/python3.12/site-packages/airflow/example_dags/subdags/subdag.py
[2024-11-11T05:54:21.524+0000] {processor.py:208} INFO - Processing /home/airflow/.local/lib/python3.12/site-packages/airflow/example_dags/subdags/subdag.py took 0.013 seconds
[2024-11-11T05:54:51.912+0000] {processor.py:186} INFO - Started process (PID=11064) to work on /home/airflow/.local/lib/python3.12/site-packages/airflow/example_dags/subdags/subdag.py
[2024-11-11T05:54:51.913+0000] {processor.py:914} INFO - Processing file /home/airflow/.local/lib/python3.12/site-packages/airflow/example_dags/subdags/subdag.py for tasks to queue
[2024-11-11T05:54:51.914+0000] {logging_mixin.py:190} INFO - [2024-11-11T05:54:51.914+0000] {dagbag.py:588} INFO - Filling up the DagBag from /home/airflow/.local/lib/python3.12/site-packages/airflow/example_dags/subdags/subdag.py
[2024-11-11T05:54:51.916+0000] {processor.py:927} WARNING - No viable dags retrieved from /home/airflow/.local/lib/python3.12/site-packages/airflow/example_dags/subdags/subdag.py
[2024-11-11T05:54:51.923+0000] {processor.py:208} INFO - Processing /home/airflow/.local/lib/python3.12/site-packages/airflow/example_dags/subdags/subdag.py took 0.014 seconds
[2024-11-11T05:55:22.353+0000] {processor.py:186} INFO - Started process (PID=11127) to work on /home/airflow/.local/lib/python3.12/site-packages/airflow/example_dags/subdags/subdag.py
[2024-11-11T05:55:22.354+0000] {processor.py:914} INFO - Processing file /home/airflow/.local/lib/python3.12/site-packages/airflow/example_dags/subdags/subdag.py for tasks to queue
[2024-11-11T05:55:22.355+0000] {logging_mixin.py:190} INFO - [2024-11-11T05:55:22.355+0000] {dagbag.py:588} INFO - Filling up the DagBag from /home/airflow/.local/lib/python3.12/site-packages/airflow/example_dags/subdags/subdag.py
[2024-11-11T05:55:22.357+0000] {processor.py:927} WARNING - No viable dags retrieved from /home/airflow/.local/lib/python3.12/site-packages/airflow/example_dags/subdags/subdag.py
[2024-11-11T05:55:22.364+0000] {processor.py:208} INFO - Processing /home/airflow/.local/lib/python3.12/site-packages/airflow/example_dags/subdags/subdag.py took 0.015 seconds
[2024-11-11T05:55:52.936+0000] {processor.py:186} INFO - Started process (PID=11190) to work on /home/airflow/.local/lib/python3.12/site-packages/airflow/example_dags/subdags/subdag.py
[2024-11-11T05:55:52.937+0000] {processor.py:914} INFO - Processing file /home/airflow/.local/lib/python3.12/site-packages/airflow/example_dags/subdags/subdag.py for tasks to queue
[2024-11-11T05:55:52.938+0000] {logging_mixin.py:190} INFO - [2024-11-11T05:55:52.938+0000] {dagbag.py:588} INFO - Filling up the DagBag from /home/airflow/.local/lib/python3.12/site-packages/airflow/example_dags/subdags/subdag.py
[2024-11-11T05:55:52.940+0000] {processor.py:927} WARNING - No viable dags retrieved from /home/airflow/.local/lib/python3.12/site-packages/airflow/example_dags/subdags/subdag.py
[2024-11-11T05:55:52.947+0000] {processor.py:208} INFO - Processing /home/airflow/.local/lib/python3.12/site-packages/airflow/example_dags/subdags/subdag.py took 0.014 seconds
[2024-11-11T05:56:23.336+0000] {processor.py:186} INFO - Started process (PID=11253) to work on /home/airflow/.local/lib/python3.12/site-packages/airflow/example_dags/subdags/subdag.py
[2024-11-11T05:56:23.336+0000] {processor.py:914} INFO - Processing file /home/airflow/.local/lib/python3.12/site-packages/airflow/example_dags/subdags/subdag.py for tasks to queue
[2024-11-11T05:56:23.338+0000] {logging_mixin.py:190} INFO - [2024-11-11T05:56:23.337+0000] {dagbag.py:588} INFO - Filling up the DagBag from /home/airflow/.local/lib/python3.12/site-packages/airflow/example_dags/subdags/subdag.py
[2024-11-11T05:56:23.339+0000] {processor.py:927} WARNING - No viable dags retrieved from /home/airflow/.local/lib/python3.12/site-packages/airflow/example_dags/subdags/subdag.py
[2024-11-11T05:56:23.348+0000] {processor.py:208} INFO - Processing /home/airflow/.local/lib/python3.12/site-packages/airflow/example_dags/subdags/subdag.py took 0.016 seconds
[2024-11-11T05:56:53.719+0000] {processor.py:186} INFO - Started process (PID=11316) to work on /home/airflow/.local/lib/python3.12/site-packages/airflow/example_dags/subdags/subdag.py
[2024-11-11T05:56:53.720+0000] {processor.py:914} INFO - Processing file /home/airflow/.local/lib/python3.12/site-packages/airflow/example_dags/subdags/subdag.py for tasks to queue
[2024-11-11T05:56:53.721+0000] {logging_mixin.py:190} INFO - [2024-11-11T05:56:53.721+0000] {dagbag.py:588} INFO - Filling up the DagBag from /home/airflow/.local/lib/python3.12/site-packages/airflow/example_dags/subdags/subdag.py
[2024-11-11T05:56:53.723+0000] {processor.py:927} WARNING - No viable dags retrieved from /home/airflow/.local/lib/python3.12/site-packages/airflow/example_dags/subdags/subdag.py
[2024-11-11T05:56:53.730+0000] {processor.py:208} INFO - Processing /home/airflow/.local/lib/python3.12/site-packages/airflow/example_dags/subdags/subdag.py took 0.015 seconds
